pair_id,source_id,genre,dim_target,perturbation,magnitude,score_H,score_T,score_R,score_S
classical_01::control::ctrl,classical_01,classical,control,control,0.0,1.000000,1.000000,1.000000,0.287844
classical_01::pitch_shift::-4st,classical_01,classical,H,pitch_shift,-4.0,0.862062,0.612549,0.992494,0.197062
classical_01::pitch_shift::-2st,classical_01,classical,H,pitch_shift,-2.0,0.824331,0.735423,0.983546,0.212361
classical_01::pitch_shift::-1st,classical_01,classical,H,pitch_shift,-1.0,0.795448,0.849356,0.996963,0.217077
classical_01::pitch_shift::+1st,classical_01,classical,H,pitch_shift,1.0,0.788337,0.819778,0.996755,0.211818
classical_01::pitch_shift::+2st,classical_01,classical,H,pitch_shift,2.0,0.840758,0.725842,0.983723,0.251941
classical_01::pitch_shift::+4st,classical_01,classical,H,pitch_shift,4.0,0.861297,0.637273,0.980190,0.248829
classical_01::time_stretch::-20pct,classical_01,classical,R,time_stretch,-20.0,0.996128,0.857819,0.914693,0.291742
classical_01::time_stretch::-10pct,classical_01,classical,R,time_stretch,-10.0,0.997444,0.898502,0.904769,0.301785
classical_01::time_stretch::-5pct,classical_01,classical,R,time_stretch,-5.0,0.998224,0.932719,0.907293,0.297749
classical_01::time_stretch::+5pct,classical_01,classical,R,time_stretch,5.0,0.997039,0.908418,0.932433,0.291969
classical_01::time_stretch::+10pct,classical_01,classical,R,time_stretch,10.0,0.995500,0.882854,0.913765,0.293632
classical_01::time_stretch::+20pct,classical_01,classical,R,time_stretch,20.0,0.994233,0.851098,0.887089,0.309662
classical_01::lowpass::lp8000,classical_01,classical,T,lowpass,8000.0,1.000000,0.818931,0.998947,0.291000
classical_01::lowpass::lp4000,classical_01,classical,T,lowpass,4000.0,0.999999,0.583820,0.984677,0.297269
classical_01::lowpass::lp2000,classical_01,classical,T,lowpass,2000.0,0.999966,0.484488,0.982548,0.283222
classical_01::distortion::drv4,classical_01,classical,T,distortion,4.0,0.999999,0.939766,0.999491,0.281883
classical_01::distortion::drv12,classical_01,classical,T,distortion,12.0,0.999808,0.741767,0.993548,0.280460
classical_01::distortion::drv32,classical_01,classical,T,distortion,32.0,0.997670,0.597950,0.984828,0.203295
classical_01::style_swap::swap_cross,classical_01,classical,S,style_swap,nan,0.756144,0.384217,0.934589,0.133455
classical_01::style_swap::swap_same,classical_01,classical,S,style_swap,nan,0.845911,0.516401,0.904930,0.227825
classical_02::control::ctrl,classical_02,classical,control,control,0.0,1.000000,1.000000,1.000000,0.313907
classical_02::pitch_shift::-4st,classical_02,classical,H,pitch_shift,-4.0,0.871717,0.518691,0.991982,0.245441
classical_02::pitch_shift::-2st,classical_02,classical,H,pitch_shift,-2.0,0.854366,0.672871,0.994172,0.246990
classical_02::pitch_shift::-1st,classical_02,classical,H,pitch_shift,-1.0,0.861364,0.784459,0.994915,0.263134
classical_02::pitch_shift::+1st,classical_02,classical,H,pitch_shift,1.0,0.858125,0.795764,0.993865,0.220389
classical_02::pitch_shift::+2st,classical_02,classical,H,pitch_shift,2.0,0.860851,0.690338,0.992833,0.262580
classical_02::pitch_shift::+4st,classical_02,classical,H,pitch_shift,4.0,0.872927,0.579022,0.990261,0.265782
classical_02::time_stretch::-20pct,classical_02,classical,R,time_stretch,-20.0,0.998827,0.794317,0.907132,0.311062
classical_02::time_stretch::-10pct,classical_02,classical,R,time_stretch,-10.0,0.999000,0.792003,0.916804,0.303760
classical_02::time_stretch::-5pct,classical_02,classical,R,time_stretch,-5.0,0.999121,0.832235,0.921918,0.298351
classical_02::time_stretch::+5pct,classical_02,classical,R,time_stretch,5.0,0.999806,0.896479,0.923776,0.296562
classical_02::time_stretch::+10pct,classical_02,classical,R,time_stretch,10.0,0.999391,0.888793,0.907349,0.282836
classical_02::time_stretch::+20pct,classical_02,classical,R,time_stretch,20.0,0.994538,0.863815,0.918092,0.269663
classical_02::lowpass::lp8000,classical_02,classical,T,lowpass,8000.0,1.000000,0.540419,0.998866,0.317789
classical_02::lowpass::lp4000,classical_02,classical,T,lowpass,4000.0,0.996767,0.498750,0.996442,0.312798
classical_02::lowpass::lp2000,classical_02,classical,T,lowpass,2000.0,0.999545,0.435651,0.992241,0.276123
classical_02::distortion::drv4,classical_02,classical,T,distortion,4.0,1.000000,0.971852,0.999929,0.303947
classical_02::distortion::drv12,classical_02,classical,T,distortion,12.0,0.999950,0.833633,0.998966,0.290114
classical_02::distortion::drv32,classical_02,classical,T,distortion,32.0,0.992631,0.649915,0.994843,0.307073
classical_02::style_swap::swap_cross,classical_02,classical,S,style_swap,nan,0.867470,0.357397,0.917487,0.140530
classical_02::style_swap::swap_same,classical_02,classical,S,style_swap,nan,0.942536,0.471133,0.900222,0.162271
classical_03::control::ctrl,classical_03,classical,control,control,0.0,1.000000,0.999997,1.000000,0.363799
classical_03::pitch_shift::-4st,classical_03,classical,H,pitch_shift,-4.0,0.763278,0.578650,0.889923,0.281268
classical_03::pitch_shift::-2st,classical_03,classical,H,pitch_shift,-2.0,0.782893,0.713880,0.874173,0.257917
classical_03::pitch_shift::-1st,classical_03,classical,H,pitch_shift,-1.0,0.697189,0.819816,0.924334,0.235004
classical_03::pitch_shift::+1st,classical_03,classical,H,pitch_shift,1.0,0.685872,0.811784,0.988392,0.249115
classical_03::pitch_shift::+2st,classical_03,classical,H,pitch_shift,2.0,0.784037,0.713773,0.879468,0.283738
classical_03::pitch_shift::+4st,classical_03,classical,H,pitch_shift,4.0,0.755407,0.595073,0.862042,0.222559
classical_03::time_stretch::-20pct,classical_03,classical,R,time_stretch,-20.0,0.988873,0.715888,0.829531,0.347212
classical_03::time_stretch::-10pct,classical_03,classical,R,time_stretch,-10.0,0.994096,0.828248,0.830914,0.373038
classical_03::time_stretch::-5pct,classical_03,classical,R,time_stretch,-5.0,0.998272,0.902038,0.858321,0.366550
classical_03::time_stretch::+5pct,classical_03,classical,R,time_stretch,5.0,0.997052,0.887516,0.796007,0.331769
classical_03::time_stretch::+10pct,classical_03,classical,R,time_stretch,10.0,0.995176,0.894040,0.781351,0.345988
classical_03::time_stretch::+20pct,classical_03,classical,R,time_stretch,20.0,0.986146,0.849383,0.769112,0.301259
classical_03::lowpass::lp8000,classical_03,classical,T,lowpass,8000.0,1.000000,0.987020,0.999866,0.363305
classical_03::lowpass::lp4000,classical_03,classical,T,lowpass,4000.0,1.000000,0.981225,0.999840,0.384530
classical_03::lowpass::lp2000,classical_03,classical,T,lowpass,2000.0,1.000000,0.956241,0.999435,0.387374
classical_03::distortion::drv4,classical_03,classical,T,distortion,4.0,1.000000,0.963298,0.998158,0.363305
classical_03::distortion::drv12,classical_03,classical,T,distortion,12.0,0.999997,0.820762,0.992398,0.364623
classical_03::distortion::drv32,classical_03,classical,T,distortion,32.0,0.999737,0.639981,0.892112,0.304680
classical_03::style_swap::swap_cross,classical_03,classical,S,style_swap,nan,0.876701,0.363710,0.767467,0.113244
classical_03::style_swap::swap_same,classical_03,classical,S,style_swap,nan,0.791802,0.405002,0.900867,0.110484
classical_04::control::ctrl,classical_04,classical,control,control,0.0,1.000000,1.000000,1.000000,0.257854
classical_04::pitch_shift::-4st,classical_04,classical,H,pitch_shift,-4.0,0.901489,0.521403,0.984482,0.255536
classical_04::pitch_shift::-2st,classical_04,classical,H,pitch_shift,-2.0,0.902143,0.678577,0.987468,0.227439
classical_04::pitch_shift::-1st,classical_04,classical,H,pitch_shift,-1.0,0.887219,0.788843,0.989224,0.293074
classical_04::pitch_shift::+1st,classical_04,classical,H,pitch_shift,1.0,0.877595,0.801290,0.986898,0.241950
classical_04::pitch_shift::+2st,classical_04,classical,H,pitch_shift,2.0,0.905721,0.680111,0.982468,0.282305
classical_04::pitch_shift::+4st,classical_04,classical,H,pitch_shift,4.0,0.908542,0.550581,0.974580,0.290087
classical_04::time_stretch::-20pct,classical_04,classical,R,time_stretch,-20.0,0.998670,0.886804,0.682280,0.239665
classical_04::time_stretch::-10pct,classical_04,classical,R,time_stretch,-10.0,0.999432,0.906711,0.743844,0.255095
classical_04::time_stretch::-5pct,classical_04,classical,R,time_stretch,-5.0,0.999685,0.907272,0.799026,0.253550
classical_04::time_stretch::+5pct,classical_04,classical,R,time_stretch,5.0,0.999197,0.887242,0.829843,0.246729
classical_04::time_stretch::+10pct,classical_04,classical,R,time_stretch,10.0,0.998760,0.879805,0.671739,0.222584
classical_04::time_stretch::+20pct,classical_04,classical,R,time_stretch,20.0,0.997952,0.873481,0.675817,0.241137
classical_04::lowpass::lp8000,classical_04,classical,T,lowpass,8000.0,0.999962,0.494824,0.956801,0.259869
classical_04::lowpass::lp4000,classical_04,classical,T,lowpass,4000.0,0.999988,0.451422,0.946613,0.254352
classical_04::lowpass::lp2000,classical_04,classical,T,lowpass,2000.0,0.999784,0.424381,0.776986,0.194338
classical_04::distortion::drv4,classical_04,classical,T,distortion,4.0,0.998683,0.915623,0.998689,0.256280
classical_04::distortion::drv12,classical_04,classical,T,distortion,12.0,0.999733,0.727059,0.990520,0.252899
classical_04::distortion::drv32,classical_04,classical,T,distortion,32.0,0.997847,0.596923,0.933518,0.222972
classical_04::style_swap::swap_cross,classical_04,classical,S,style_swap,nan,0.718854,0.437217,0.680686,0.228820
classical_04::style_swap::swap_same,classical_04,classical,S,style_swap,nan,0.865958,0.423247,0.690671,0.213099
classical_05::control::ctrl,classical_05,classical,control,control,0.0,1.000000,1.000000,1.000000,0.369980
classical_05::pitch_shift::-4st,classical_05,classical,H,pitch_shift,-4.0,0.821281,0.543714,0.987096,0.320527
classical_05::pitch_shift::-2st,classical_05,classical,H,pitch_shift,-2.0,0.930625,0.682357,0.991845,0.329579
classical_05::pitch_shift::-1st,classical_05,classical,H,pitch_shift,-1.0,0.779984,0.785097,0.993590,0.325586
classical_05::pitch_shift::+1st,classical_05,classical,H,pitch_shift,1.0,0.784711,0.799547,0.991536,0.301544
classical_05::pitch_shift::+2st,classical_05,classical,H,pitch_shift,2.0,0.917062,0.677257,0.987259,0.288736
classical_05::pitch_shift::+4st,classical_05,classical,H,pitch_shift,4.0,0.813794,0.558410,0.972983,0.325291
classical_05::time_stretch::-20pct,classical_05,classical,R,time_stretch,-20.0,0.994883,0.833714,0.518475,0.335162
classical_05::time_stretch::-10pct,classical_05,classical,R,time_stretch,-10.0,0.997262,0.893617,0.612751,0.335974
classical_05::time_stretch::-5pct,classical_05,classical,R,time_stretch,-5.0,0.998358,0.917155,0.697140,0.397784
classical_05::time_stretch::+5pct,classical_05,classical,R,time_stretch,5.0,0.997766,0.918096,0.699806,0.383876
classical_05::time_stretch::+10pct,classical_05,classical,R,time_stretch,10.0,0.997508,0.900887,0.634461,0.339872
classical_05::time_stretch::+20pct,classical_05,classical,R,time_stretch,20.0,0.995580,0.881636,0.540175,0.359130
classical_05::lowpass::lp8000,classical_05,classical,T,lowpass,8000.0,0.999994,0.555207,0.997365,0.366075
classical_05::lowpass::lp4000,classical_05,classical,T,lowpass,4000.0,0.999994,0.424309,0.988053,0.362869
classical_05::lowpass::lp2000,classical_05,classical,T,lowpass,2000.0,0.999981,0.420024,0.975184,0.346684
classical_05::distortion::drv4,classical_05,classical,T,distortion,4.0,0.999044,0.611597,0.988816,0.298363
classical_05::distortion::drv12,classical_05,classical,T,distortion,12.0,0.995044,0.453771,0.963500,0.210552
classical_05::distortion::drv32,classical_05,classical,T,distortion,32.0,0.992742,0.462087,0.937098,0.163050
classical_05::style_swap::swap_cross,classical_05,classical,S,style_swap,nan,0.834885,0.443612,0.697140,0.238583
classical_05::style_swap::swap_same,classical_05,classical,S,style_swap,nan,0.942535,0.470888,0.630490,0.266695
classical_06::control::ctrl,classical_06,classical,control,control,0.0,1.000000,1.000000,1.000000,0.326781
classical_06::pitch_shift::-4st,classical_06,classical,H,pitch_shift,-4.0,0.733397,0.711626,0.939725,0.263425
classical_06::pitch_shift::-2st,classical_06,classical,H,pitch_shift,-2.0,0.823548,0.805637,0.991601,0.279626
classical_06::pitch_shift::-1st,classical_06,classical,H,pitch_shift,-1.0,0.731105,0.846515,0.925951,0.236757
classical_06::pitch_shift::+1st,classical_06,classical,H,pitch_shift,1.0,0.770905,0.868857,0.992582,0.263740
classical_06::pitch_shift::+2st,classical_06,classical,H,pitch_shift,2.0,0.851748,0.789879,0.964994,0.252427
classical_06::pitch_shift::+4st,classical_06,classical,H,pitch_shift,4.0,0.755599,0.653797,0.962346,0.260639
classical_06::time_stretch::-20pct,classical_06,classical,R,time_stretch,-20.0,0.988113,0.686575,0.852273,0.261216
classical_06::time_stretch::-10pct,classical_06,classical,R,time_stretch,-10.0,0.993382,0.845399,0.902407,0.314269
classical_06::time_stretch::-5pct,classical_06,classical,R,time_stretch,-5.0,0.998471,0.879790,0.930706,0.321958
classical_06::time_stretch::+5pct,classical_06,classical,R,time_stretch,5.0,0.996704,0.870391,0.930276,0.316005
classical_06::time_stretch::+10pct,classical_06,classical,R,time_stretch,10.0,0.991961,0.896454,0.864233,0.295593
classical_06::time_stretch::+20pct,classical_06,classical,R,time_stretch,20.0,0.987380,0.842828,0.910583,0.285066
classical_06::lowpass::lp8000,classical_06,classical,T,lowpass,8000.0,0.999344,0.847287,0.999466,0.338678
classical_06::lowpass::lp4000,classical_06,classical,T,lowpass,4000.0,0.998589,0.628359,0.997548,0.298819
classical_06::lowpass::lp2000,classical_06,classical,T,lowpass,2000.0,0.999230,0.529815,0.993118,0.231569
classical_06::distortion::drv4,classical_06,classical,T,distortion,4.0,0.999532,0.849352,0.985212,0.285066
classical_06::distortion::drv12,classical_06,classical,T,distortion,12.0,0.994831,0.648840,0.949693,0.209505
classical_06::distortion::drv32,classical_06,classical,T,distortion,32.0,0.989607,0.587683,0.942812,0.146103
classical_06::style_swap::swap_cross,classical_06,classical,S,style_swap,nan,0.860518,0.472724,0.758397,0.100047
classical_06::style_swap::swap_same,classical_06,classical,S,style_swap,nan,0.818979,0.522514,0.856777,0.182245
classical_07::control::ctrl,classical_07,classical,control,control,0.0,1.000000,1.000000,1.000000,0.322891
classical_07::pitch_shift::-4st,classical_07,classical,H,pitch_shift,-4.0,0.757175,0.546959,0.992101,0.245284
classical_07::pitch_shift::-2st,classical_07,classical,H,pitch_shift,-2.0,0.520225,0.674968,0.997295,0.247943
classical_07::pitch_shift::-1st,classical_07,classical,H,pitch_shift,-1.0,0.613044,0.808133,0.998693,0.259653
classical_07::pitch_shift::+1st,classical_07,classical,H,pitch_shift,1.0,0.608593,0.789392,0.979729,0.253631
classical_07::pitch_shift::+2st,classical_07,classical,H,pitch_shift,2.0,0.502196,0.669624,0.975705,0.268919
classical_07::pitch_shift::+4st,classical_07,classical,H,pitch_shift,4.0,0.741980,0.536072,0.967433,0.258475
classical_07::time_stretch::-20pct,classical_07,classical,R,time_stretch,-20.0,0.988420,0.817409,0.735008,0.322090
classical_07::time_stretch::-10pct,classical_07,classical,R,time_stretch,-10.0,0.999356,0.893115,0.779965,0.314028
classical_07::time_stretch::-5pct,classical_07,classical,R,time_stretch,-5.0,0.999388,0.928266,0.796430,0.321720
classical_07::time_stretch::+5pct,classical_07,classical,R,time_stretch,5.0,0.998837,0.893304,0.819091,0.313212
classical_07::time_stretch::+10pct,classical_07,classical,R,time_stretch,10.0,0.997600,0.865128,0.775159,0.318244
classical_07::time_stretch::+20pct,classical_07,classical,R,time_stretch,20.0,0.994553,0.846890,0.725658,0.318244
classical_07::lowpass::lp8000,classical_07,classical,T,lowpass,8000.0,1.000000,0.887377,0.999931,0.315959
classical_07::lowpass::lp4000,classical_07,classical,T,lowpass,4000.0,0.999998,0.675770,0.999563,0.312593
classical_07::lowpass::lp2000,classical_07,classical,T,lowpass,2000.0,0.999805,0.529654,0.997893,0.308696
classical_07::distortion::drv4,classical_07,classical,T,distortion,4.0,0.999685,0.830664,0.999399,0.322891
classical_07::distortion::drv12,classical_07,classical,T,distortion,12.0,0.997603,0.688581,0.997957,0.298117
classical_07::distortion::drv32,classical_07,classical,T,distortion,32.0,0.991400,0.600470,0.995059,0.183405
classical_07::style_swap::swap_cross,classical_07,classical,S,style_swap,nan,0.561467,0.441637,0.729005,0.234273
classical_07::style_swap::swap_same,classical_07,classical,S,style_swap,nan,0.900928,0.479528,0.776503,0.248689
classical_08::control::ctrl,classical_08,classical,control,control,0.0,1.000000,1.000000,1.000000,0.300893
classical_08::pitch_shift::-4st,classical_08,classical,H,pitch_shift,-4.0,0.660460,0.515426,0.969699,0.279911
classical_08::pitch_shift::-2st,classical_08,classical,H,pitch_shift,-2.0,0.587729,0.626776,0.971708,0.272310
classical_08::pitch_shift::-1st,classical_08,classical,H,pitch_shift,-1.0,0.622255,0.743194,0.973409,0.301080
classical_08::pitch_shift::+1st,classical_08,classical,H,pitch_shift,1.0,0.638413,0.712939,0.992423,0.272961
classical_08::pitch_shift::+2st,classical_08,classical,H,pitch_shift,2.0,0.581312,0.619846,0.981159,0.264982
classical_08::pitch_shift::+4st,classical_08,classical,H,pitch_shift,4.0,0.646051,0.476190,0.978834,0.279129
classical_08::time_stretch::-20pct,classical_08,classical,R,time_stretch,-20.0,0.993109,0.817406,0.907803,0.304366
classical_08::time_stretch::-10pct,classical_08,classical,R,time_stretch,-10.0,0.998668,0.874913,0.909187,0.314006
classical_08::time_stretch::-5pct,classical_08,classical,R,time_stretch,-5.0,0.998693,0.835193,0.933775,0.325995
classical_08::time_stretch::+5pct,classical_08,classical,R,time_stretch,5.0,0.998583,0.864724,0.946350,0.296988
classical_08::time_stretch::+10pct,classical_08,classical,R,time_stretch,10.0,0.998933,0.888601,0.931891,0.304366
classical_08::time_stretch::+20pct,classical_08,classical,R,time_stretch,20.0,0.997636,0.866634,0.908052,0.290986
classical_08::lowpass::lp8000,classical_08,classical,T,lowpass,8000.0,0.999998,0.958807,0.999964,0.295314
classical_08::lowpass::lp4000,classical_08,classical,T,lowpass,4000.0,0.999966,0.949258,0.999725,0.298516
classical_08::lowpass::lp2000,classical_08,classical,T,lowpass,2000.0,0.999991,0.464655,0.978765,0.312578
classical_08::distortion::drv4,classical_08,classical,T,distortion,4.0,0.998720,0.573730,0.982073,0.253073
classical_08::distortion::drv12,classical_08,classical,T,distortion,12.0,0.984657,0.414515,0.972302,0.147417
classical_08::distortion::drv32,classical_08,classical,T,distortion,32.0,0.967876,0.408195,0.979023,0.109587
classical_08::style_swap::swap_cross,classical_08,classical,S,style_swap,nan,0.809106,0.416323,0.888808,0.205307
classical_08::style_swap::swap_same,classical_08,classical,S,style_swap,nan,0.809079,0.380344,0.901233,0.192435
classical_09::control::ctrl,classical_09,classical,control,control,0.0,1.000000,1.000000,1.000000,0.369515
classical_09::pitch_shift::-4st,classical_09,classical,H,pitch_shift,-4.0,0.847713,0.620719,0.993877,0.244819
classical_09::pitch_shift::-2st,classical_09,classical,H,pitch_shift,-2.0,0.849058,0.726510,0.998212,0.262763
classical_09::pitch_shift::-1st,classical_09,classical,H,pitch_shift,-1.0,0.806724,0.815524,0.999183,0.259462
classical_09::pitch_shift::+1st,classical_09,classical,H,pitch_shift,1.0,0.798944,0.796562,0.998335,0.272242
classical_09::pitch_shift::+2st,classical_09,classical,H,pitch_shift,2.0,0.834423,0.709868,0.985911,0.280490
classical_09::pitch_shift::+4st,classical_09,classical,H,pitch_shift,4.0,0.827298,0.589129,0.978968,0.267395
classical_09::time_stretch::-20pct,classical_09,classical,R,time_stretch,-20.0,0.990638,0.873388,0.830196,0.358137
classical_09::time_stretch::-10pct,classical_09,classical,R,time_stretch,-10.0,0.995782,0.889421,0.863167,0.386370
classical_09::time_stretch::-5pct,classical_09,classical,R,time_stretch,-5.0,0.998330,0.891746,0.810619,0.386481
classical_09::time_stretch::+5pct,classical_09,classical,R,time_stretch,5.0,0.999149,0.896342,0.883323,0.365295
classical_09::time_stretch::+10pct,classical_09,classical,R,time_stretch,10.0,0.998608,0.891156,0.860268,0.369177
classical_09::time_stretch::+20pct,classical_09,classical,R,time_stretch,20.0,0.995915,0.855669,0.832581,0.390230
classical_09::lowpass::lp8000,classical_09,classical,T,lowpass,8000.0,1.000000,0.849612,0.999888,0.375802
classical_09::lowpass::lp4000,classical_09,classical,T,lowpass,4000.0,0.999999,0.586038,0.988682,0.373141
classical_09::lowpass::lp2000,classical_09,classical,T,lowpass,2000.0,0.999940,0.479378,0.987621,0.376109
classical_09::distortion::drv4,classical_09,classical,T,distortion,4.0,0.999633,0.807796,0.999539,0.374944
classical_09::distortion::drv12,classical_09,classical,T,distortion,12.0,0.996819,0.633971,0.998562,0.322474
classical_09::distortion::drv32,classical_09,classical,T,distortion,32.0,0.991088,0.528820,0.996440,0.168356
classical_09::style_swap::swap_cross,classical_09,classical,S,style_swap,nan,0.897722,0.377306,0.883131,0.082149
classical_09::style_swap::swap_same,classical_09,classical,S,style_swap,nan,0.818171,0.530727,0.816501,0.290337
classical_10::control::ctrl,classical_10,classical,control,control,0.0,1.000000,1.000000,1.000000,0.440746
classical_10::pitch_shift::-4st,classical_10,classical,H,pitch_shift,-4.0,0.719206,0.613163,0.996574,0.267579
classical_10::pitch_shift::-2st,classical_10,classical,H,pitch_shift,-2.0,0.685272,0.751577,0.999045,0.288148
classical_10::pitch_shift::-1st,classical_10,classical,H,pitch_shift,-1.0,0.599706,0.837534,0.999695,0.298845
classical_10::pitch_shift::+1st,classical_10,classical,H,pitch_shift,1.0,0.594883,0.857373,0.999183,0.312286
classical_10::pitch_shift::+2st,classical_10,classical,H,pitch_shift,2.0,0.662733,0.773572,0.998030,0.379215
classical_10::pitch_shift::+4st,classical_10,classical,H,pitch_shift,4.0,0.728674,0.641806,0.994788,0.314773
classical_10::time_stretch::-20pct,classical_10,classical,R,time_stretch,-20.0,0.988434,0.828269,0.928726,0.440391
classical_10::time_stretch::-10pct,classical_10,classical,R,time_stretch,-10.0,0.995007,0.872862,0.919239,0.469762
classical_10::time_stretch::-5pct,classical_10,classical,R,time_stretch,-5.0,0.998621,0.921471,0.936839,0.440335
classical_10::time_stretch::+5pct,classical_10,classical,R,time_stretch,5.0,0.998283,0.933263,0.936183,0.421687
classical_10::time_stretch::+10pct,classical_10,classical,R,time_stretch,10.0,0.996293,0.896940,0.916669,0.396306
classical_10::time_stretch::+20pct,classical_10,classical,R,time_stretch,20.0,0.993261,0.850016,0.904104,0.357847
classical_10::lowpass::lp8000,classical_10,classical,T,lowpass,8000.0,1.000000,0.870783,0.999954,0.447654
classical_10::lowpass::lp4000,classical_10,classical,T,lowpass,4000.0,0.999993,0.652280,0.999774,0.421687
classical_10::lowpass::lp2000,classical_10,classical,T,lowpass,2000.0,0.999819,0.536521,0.999236,0.383039
classical_10::distortion::drv4,classical_10,classical,T,distortion,4.0,0.999561,0.723807,0.999312,0.422351
classical_10::distortion::drv12,classical_10,classical,T,distortion,12.0,0.994965,0.593012,0.998199,0.225853
classical_10::distortion::drv32,classical_10,classical,T,distortion,32.0,0.986273,0.550735,0.994871,0.125671
classical_10::style_swap::swap_cross,classical_10,classical,S,style_swap,nan,0.647722,0.481486,0.954542,0.209353
classical_10::style_swap::swap_same,classical_10,classical,S,style_swap,nan,0.904747,0.493142,0.904104,0.325870
classical_11::control::ctrl,classical_11,classical,control,control,0.0,1.000000,1.000000,1.000000,0.297662
classical_11::pitch_shift::-4st,classical_11,classical,H,pitch_shift,-4.0,0.644511,0.616850,0.957136,0.212915
classical_11::pitch_shift::-2st,classical_11,classical,H,pitch_shift,-2.0,0.657321,0.682686,0.975370,0.252637
classical_11::pitch_shift::-1st,classical_11,classical,H,pitch_shift,-1.0,0.608030,0.790021,0.994911,0.232910
classical_11::pitch_shift::+1st,classical_11,classical,H,pitch_shift,1.0,0.643258,0.773340,0.959968,0.229468
classical_11::pitch_shift::+2st,classical_11,classical,H,pitch_shift,2.0,0.649718,0.677095,0.958427,0.257402
classical_11::pitch_shift::+4st,classical_11,classical,H,pitch_shift,4.0,0.744317,0.585759,0.972270,0.246290
classical_11::time_stretch::-20pct,classical_11,classical,R,time_stretch,-20.0,0.994829,0.797909,0.855345,0.254838
classical_11::time_stretch::-10pct,classical_11,classical,R,time_stretch,-10.0,0.999187,0.868288,0.877872,0.303891
classical_11::time_stretch::-5pct,classical_11,classical,R,time_stretch,-5.0,0.998641,0.883020,0.877096,0.288131
classical_11::time_stretch::+5pct,classical_11,classical,R,time_stretch,5.0,0.999501,0.870562,0.875965,0.301720
classical_11::time_stretch::+10pct,classical_11,classical,R,time_stretch,10.0,0.999293,0.854816,0.845234,0.266668
classical_11::time_stretch::+20pct,classical_11,classical,R,time_stretch,20.0,0.994507,0.840781,0.814446,0.288489
classical_11::lowpass::lp8000,classical_11,classical,T,lowpass,8000.0,1.000000,0.994814,0.999996,0.298019
classical_11::lowpass::lp4000,classical_11,classical,T,lowpass,4000.0,1.000000,0.824766,0.999765,0.300583
classical_11::lowpass::lp2000,classical_11,classical,T,lowpass,2000.0,0.999993,0.595429,0.980281,0.298019
classical_11::distortion::drv4,classical_11,classical,T,distortion,4.0,0.999950,0.879139,0.981273,0.291068
classical_11::distortion::drv12,classical_11,classical,T,distortion,12.0,0.998639,0.680253,0.978224,0.285287
classical_11::distortion::drv32,classical_11,classical,T,distortion,32.0,0.992478,0.554524,0.975510,0.148443
classical_11::style_swap::swap_cross,classical_11,classical,S,style_swap,nan,0.885847,0.394578,0.790835,0.147471
classical_11::style_swap::swap_same,classical_11,classical,S,style_swap,nan,0.759333,0.423632,0.821259,0.124575
classical_12::control::ctrl,classical_12,classical,control,control,0.0,1.000000,1.000000,1.000000,0.290525
classical_12::pitch_shift::-4st,classical_12,classical,H,pitch_shift,-4.0,0.743455,0.572370,0.990987,0.259869
classical_12::pitch_shift::-2st,classical_12,classical,H,pitch_shift,-2.0,0.758042,0.700802,0.992392,0.270028
classical_12::pitch_shift::-1st,classical_12,classical,H,pitch_shift,-1.0,0.831630,0.763924,0.992558,0.256842
classical_12::pitch_shift::+1st,classical_12,classical,H,pitch_shift,1.0,0.824582,0.784720,0.980745,0.261414
classical_12::pitch_shift::+2st,classical_12,classical,H,pitch_shift,2.0,0.757663,0.701448,0.980585,0.260649
classical_12::pitch_shift::+4st,classical_12,classical,H,pitch_shift,4.0,0.732591,0.589121,0.991232,0.272953
classical_12::time_stretch::-20pct,classical_12,classical,R,time_stretch,-20.0,0.990562,0.797208,0.933233,0.300163
classical_12::time_stretch::-10pct,classical_12,classical,R,time_stretch,-10.0,0.998019,0.847277,0.931675,0.274599
classical_12::time_stretch::-5pct,classical_12,classical,R,time_stretch,-5.0,0.998018,0.823914,0.931651,0.296187
classical_12::time_stretch::+5pct,classical_12,classical,R,time_stretch,5.0,0.999421,0.817878,0.922750,0.276144
classical_12::time_stretch::+10pct,classical_12,classical,R,time_stretch,10.0,0.998317,0.853546,0.903186,0.295035
classical_12::time_stretch::+20pct,classical_12,classical,R,time_stretch,20.0,0.996667,0.842452,0.937447,0.311689
classical_12::lowpass::lp8000,classical_12,classical,T,lowpass,8000.0,1.000000,0.813923,0.999443,0.292995
classical_12::lowpass::lp4000,classical_12,classical,T,lowpass,4000.0,0.999999,0.509593,0.997705,0.299032
classical_12::lowpass::lp2000,classical_12,classical,T,lowpass,2000.0,0.999363,0.414133,0.982570,0.275051
classical_12::distortion::drv4,classical_12,classical,T,distortion,4.0,0.999485,0.911366,0.999450,0.284289
classical_12::distortion::drv12,classical_12,classical,T,distortion,12.0,0.997929,0.706351,0.994833,0.282288
classical_12::distortion::drv32,classical_12,classical,T,distortion,32.0,0.995035,0.553800,0.972473,0.247285
classical_12::style_swap::swap_cross,classical_12,classical,S,style_swap,nan,0.970511,0.410347,0.912900,0.233600
classical_12::style_swap::swap_same,classical_12,classical,S,style_swap,nan,0.654856,0.484040,0.888062,0.185956
classical_13::control::ctrl,classical_13,classical,control,control,0.0,1.000000,1.000000,1.000000,0.196452
classical_13::pitch_shift::-4st,classical_13,classical,H,pitch_shift,-4.0,0.841156,0.546658,0.959453,0.157361
classical_13::pitch_shift::-2st,classical_13,classical,H,pitch_shift,-2.0,0.862278,0.652012,0.941637,0.164009
classical_13::pitch_shift::-1st,classical_13,classical,H,pitch_shift,-1.0,0.825424,0.750878,0.968598,0.182158
classical_13::pitch_shift::+1st,classical_13,classical,H,pitch_shift,1.0,0.850371,0.743160,0.967456,0.167882
classical_13::pitch_shift::+2st,classical_13,classical,H,pitch_shift,2.0,0.878071,0.645527,0.964490,0.176165
classical_13::pitch_shift::+4st,classical_13,classical,H,pitch_shift,4.0,0.876440,0.520880,0.982057,0.174048
classical_13::time_stretch::-20pct,classical_13,classical,R,time_stretch,-20.0,0.987907,0.772055,0.823149,0.194652
classical_13::time_stretch::-10pct,classical_13,classical,R,time_stretch,-10.0,0.998938,0.803849,0.789457,0.202325
classical_13::time_stretch::-5pct,classical_13,classical,R,time_stretch,-5.0,0.997454,0.817455,0.875331,0.206289
classical_13::time_stretch::+5pct,classical_13,classical,R,time_stretch,5.0,0.999296,0.793227,0.845986,0.182158
classical_13::time_stretch::+10pct,classical_13,classical,R,time_stretch,10.0,0.993953,0.805061,0.846581,0.204096
classical_13::time_stretch::+20pct,classical_13,classical,R,time_stretch,20.0,0.994975,0.778020,0.803953,0.207034
classical_13::lowpass::lp8000,classical_13,classical,T,lowpass,8000.0,1.000000,0.803034,0.948103,0.200398
classical_13::lowpass::lp4000,classical_13,classical,T,lowpass,4000.0,0.999998,0.652772,0.947634,0.202077
classical_13::lowpass::lp2000,classical_13,classical,T,lowpass,2000.0,0.999967,0.484744,0.998230,0.194678
classical_13::distortion::drv4,classical_13,classical,T,distortion,4.0,0.999999,0.977888,0.948413,0.198295
classical_13::distortion::drv12,classical_13,classical,T,distortion,12.0,0.999983,0.874878,0.948076,0.201994
classical_13::distortion::drv32,classical_13,classical,T,distortion,32.0,0.999935,0.698620,0.946360,0.202237
classical_13::style_swap::swap_cross,classical_13,classical,S,style_swap,nan,0.938630,0.407658,0.735857,0.097778
classical_13::style_swap::swap_same,classical_13,classical,S,style_swap,nan,0.850502,0.408575,0.846581,0.183287
classical_14::control::ctrl,classical_14,classical,control,control,0.0,1.000000,1.000000,1.000000,0.296281
classical_14::pitch_shift::-4st,classical_14,classical,H,pitch_shift,-4.0,0.707828,0.578009,0.943716,0.265617
classical_14::pitch_shift::-2st,classical_14,classical,H,pitch_shift,-2.0,0.827862,0.711363,0.949087,0.248298
classical_14::pitch_shift::-1st,classical_14,classical,H,pitch_shift,-1.0,0.691517,0.815142,0.996563,0.273395
classical_14::pitch_shift::+1st,classical_14,classical,H,pitch_shift,1.0,0.706686,0.814737,0.970512,0.275772
classical_14::pitch_shift::+2st,classical_14,classical,H,pitch_shift,2.0,0.834355,0.714599,0.970265,0.326123
classical_14::pitch_shift::+4st,classical_14,classical,H,pitch_shift,4.0,0.717731,0.575861,0.965025,0.310178
classical_14::time_stretch::-20pct,classical_14,classical,R,time_stretch,-20.0,0.993480,0.818313,0.707226,0.298539
classical_14::time_stretch::-10pct,classical_14,classical,R,time_stretch,-10.0,0.997792,0.894334,0.770482,0.339343
classical_14::time_stretch::-5pct,classical_14,classical,R,time_stretch,-5.0,0.998505,0.904537,0.783240,0.289764
classical_14::time_stretch::+5pct,classical_14,classical,R,time_stretch,5.0,0.998342,0.887296,0.825731,0.312193
classical_14::time_stretch::+10pct,classical_14,classical,R,time_stretch,10.0,0.997140,0.894740,0.806057,0.341140
classical_14::time_stretch::+20pct,classical_14,classical,R,time_stretch,20.0,0.989512,0.837994,0.828852,0.331533
classical_14::lowpass::lp8000,classical_14,classical,T,lowpass,8000.0,1.000000,0.984898,0.999993,0.299553
classical_14::lowpass::lp4000,classical_14,classical,T,lowpass,4000.0,1.000000,0.941419,0.999910,0.306093
classical_14::lowpass::lp2000,classical_14,classical,T,lowpass,2000.0,0.999999,0.586041,0.998457,0.318645
classical_14::distortion::drv4,classical_14,classical,T,distortion,4.0,0.999914,0.742817,0.996099,0.269743
classical_14::distortion::drv12,classical_14,classical,T,distortion,12.0,0.998442,0.574651,0.988334,0.118868
classical_14::distortion::drv32,classical_14,classical,T,distortion,32.0,0.992250,0.502599,0.982553,0.077099
classical_14::style_swap::swap_cross,classical_14,classical,S,style_swap,nan,0.872103,0.345070,0.760395,0.175781
classical_14::style_swap::swap_same,classical_14,classical,S,style_swap,nan,0.825374,0.443807,0.748869,0.149177
classical_15::control::ctrl,classical_15,classical,control,control,0.0,1.000000,1.000000,1.000000,0.254057
classical_15::pitch_shift::-4st,classical_15,classical,H,pitch_shift,-4.0,0.956393,0.512275,0.985627,0.247466
classical_15::pitch_shift::-2st,classical_15,classical,H,pitch_shift,-2.0,0.968809,0.686446,0.996145,0.241259
classical_15::pitch_shift::-1st,classical_15,classical,H,pitch_shift,-1.0,0.985054,0.818368,0.986490,0.243274
classical_15::pitch_shift::+1st,classical_15,classical,H,pitch_shift,1.0,0.983004,0.815529,0.985582,0.241259
classical_15::pitch_shift::+2st,classical_15,classical,H,pitch_shift,2.0,0.974903,0.680341,0.994626,0.247466
classical_15::pitch_shift::+4st,classical_15,classical,H,pitch_shift,4.0,0.968333,0.545058,0.983762,0.245089
classical_15::time_stretch::-20pct,classical_15,classical,R,time_stretch,-20.0,0.998319,0.811425,0.943046,0.223943
classical_15::time_stretch::-10pct,classical_15,classical,R,time_stretch,-10.0,0.999528,0.825324,0.927275,0.237047
classical_15::time_stretch::-5pct,classical_15,classical,R,time_stretch,-5.0,0.999651,0.876580,0.939828,0.225853
classical_15::time_stretch::+5pct,classical_15,classical,R,time_stretch,5.0,0.998817,0.899563,0.941789,0.250124
classical_15::time_stretch::+10pct,classical_15,classical,R,time_stretch,10.0,0.997413,0.828615,0.931340,0.232259
classical_15::time_stretch::+20pct,classical_15,classical,R,time_stretch,20.0,0.996189,0.804427,0.930107,0.231935
classical_15::lowpass::lp8000,classical_15,classical,T,lowpass,8000.0,0.999872,0.638903,0.999001,0.248034
classical_15::lowpass::lp4000,classical_15,classical,T,lowpass,4000.0,0.999872,0.577799,0.984907,0.251864
classical_15::lowpass::lp2000,classical_15,classical,T,lowpass,2000.0,0.999224,0.476938,0.974413,0.247747
classical_15::distortion::drv4,classical_15,classical,T,distortion,4.0,0.999986,0.995864,0.999988,0.251773
classical_15::distortion::drv12,classical_15,classical,T,distortion,12.0,1.000000,0.946748,0.999811,0.260668
classical_15::distortion::drv32,classical_15,classical,T,distortion,32.0,0.999869,0.806057,0.998657,0.259185
classical_15::style_swap::swap_cross,classical_15,classical,S,style_swap,nan,0.982942,0.408907,0.931340,0.116643
classical_15::style_swap::swap_same,classical_15,classical,S,style_swap,nan,0.921747,0.440542,0.958623,0.169523
ambient_01::control::ctrl,ambient_01,ambient,control,control,0.0,1.000000,1.000000,1.000000,0.249115
ambient_01::pitch_shift::-4st,ambient_01,ambient,H,pitch_shift,-4.0,0.992258,0.535360,0.980833,0.209897
ambient_01::pitch_shift::-2st,ambient_01,ambient,H,pitch_shift,-2.0,0.994315,0.669690,0.983694,0.269211
ambient_01::pitch_shift::-1st,ambient_01,ambient,H,pitch_shift,-1.0,0.991005,0.792912,0.984659,0.245284
ambient_01::pitch_shift::+1st,ambient_01,ambient,H,pitch_shift,1.0,0.991134,0.797240,0.995513,0.285822
ambient_01::pitch_shift::+2st,ambient_01,ambient,H,pitch_shift,2.0,0.995023,0.701998,0.981942,0.278423
ambient_01::pitch_shift::+4st,ambient_01,ambient,H,pitch_shift,4.0,0.991531,0.599204,0.979406,0.237512
ambient_01::time_stretch::-20pct,ambient_01,ambient,R,time_stretch,-20.0,0.999752,0.828736,0.916876,0.228872
ambient_01::time_stretch::-10pct,ambient_01,ambient,R,time_stretch,-10.0,0.999647,0.870771,0.909157,0.231809
ambient_01::time_stretch::-5pct,ambient_01,ambient,R,time_stretch,-5.0,0.999419,0.877774,0.931209,0.259653
ambient_01::time_stretch::+5pct,ambient_01,ambient,R,time_stretch,5.0,0.999428,0.887332,0.915878,0.267395
ambient_01::time_stretch::+10pct,ambient_01,ambient,R,time_stretch,10.0,0.999130,0.892396,0.910840,0.239351
ambient_01::time_stretch::+20pct,ambient_01,ambient,R,time_stretch,20.0,0.998592,0.816225,0.910857,0.243092
ambient_01::lowpass::lp8000,ambient_01,ambient,T,lowpass,8000.0,0.999863,0.668602,0.953500,0.240528
ambient_01::lowpass::lp4000,ambient_01,ambient,T,lowpass,4000.0,0.999991,0.456822,0.956720,0.246922
ambient_01::lowpass::lp2000,ambient_01,ambient,T,lowpass,2000.0,0.999997,0.407643,0.946946,0.218849
ambient_01::distortion::drv4,ambient_01,ambient,T,distortion,4.0,0.999206,0.816485,0.997343,0.261983
ambient_01::distortion::drv12,ambient_01,ambient,T,distortion,12.0,0.999877,0.583774,0.954719,0.170891
ambient_01::distortion::drv32,ambient_01,ambient,T,distortion,32.0,0.999322,0.453171,0.946294,0.150674
ambient_01::style_swap::swap_cross,ambient_01,ambient,S,style_swap,nan,0.922525,0.383363,0.938745,0.172002
ambient_01::style_swap::swap_same,ambient_01,ambient,S,style_swap,nan,0.786444,0.436147,0.900649,0.174686
ambient_02::control::ctrl,ambient_02,ambient,control,control,0.0,1.000000,1.000000,1.000000,0.283931
ambient_02::pitch_shift::-4st,ambient_02,ambient,H,pitch_shift,-4.0,0.980323,0.674426,0.938547,0.315586
ambient_02::pitch_shift::-2st,ambient_02,ambient,H,pitch_shift,-2.0,0.980424,0.785000,0.954996,0.304041
ambient_02::pitch_shift::-1st,ambient_02,ambient,H,pitch_shift,-1.0,0.984497,0.848135,0.965034,0.293992
ambient_02::pitch_shift::+1st,ambient_02,ambient,H,pitch_shift,1.0,0.986951,0.844410,0.961130,0.264967
ambient_02::pitch_shift::+2st,ambient_02,ambient,H,pitch_shift,2.0,0.982582,0.782282,0.954430,0.293623
ambient_02::pitch_shift::+4st,ambient_02,ambient,H,pitch_shift,4.0,0.986783,0.681679,0.946592,0.308136
ambient_02::time_stretch::-20pct,ambient_02,ambient,R,time_stretch,-20.0,0.998218,0.850667,0.462415,0.277254
ambient_02::time_stretch::-10pct,ambient_02,ambient,R,time_stretch,-10.0,0.997818,0.864146,0.575244,0.275125
ambient_02::time_stretch::-5pct,ambient_02,ambient,R,time_stretch,-5.0,0.999204,0.885862,0.650862,0.260484
ambient_02::time_stretch::+5pct,ambient_02,ambient,R,time_stretch,5.0,0.999610,0.886728,0.692502,0.297572
ambient_02::time_stretch::+10pct,ambient_02,ambient,R,time_stretch,10.0,0.998716,0.869981,0.592299,0.277370
ambient_02::time_stretch::+20pct,ambient_02,ambient,R,time_stretch,20.0,0.997597,0.851944,0.499157,0.282310
ambient_02::lowpass::lp8000,ambient_02,ambient,T,lowpass,8000.0,0.996569,0.696463,0.997989,0.284876
ambient_02::lowpass::lp4000,ambient_02,ambient,T,lowpass,4000.0,0.999159,0.462093,0.985293,0.269161
ambient_02::lowpass::lp2000,ambient_02,ambient,T,lowpass,2000.0,0.999628,0.414113,0.949808,0.214881
ambient_02::distortion::drv4,ambient_02,ambient,T,distortion,4.0,0.999992,0.885198,0.979680,0.283464
ambient_02::distortion::drv12,ambient_02,ambient,T,distortion,12.0,0.998867,0.634103,0.934580,0.209972
ambient_02::distortion::drv32,ambient_02,ambient,T,distortion,32.0,0.999022,0.473899,0.902880,0.161158
ambient_02::style_swap::swap_cross,ambient_02,ambient,S,style_swap,nan,0.981542,0.450337,0.696749,0.168470
ambient_02::style_swap::swap_same,ambient_02,ambient,S,style_swap,nan,0.703100,0.438493,0.499157,0.186539
ambient_03::control::ctrl,ambient_03,ambient,control,control,0.0,1.000000,0.909740,0.999968,0.388365
ambient_03::pitch_shift::-4st,ambient_03,ambient,H,pitch_shift,-4.0,0.967706,0.442899,0.981223,0.220865
ambient_03::pitch_shift::-2st,ambient_03,ambient,H,pitch_shift,-2.0,0.967245,0.615032,0.994189,0.279749
ambient_03::pitch_shift::-1st,ambient_03,ambient,H,pitch_shift,-1.0,0.955971,0.735116,0.996533,0.279836
ambient_03::pitch_shift::+1st,ambient_03,ambient,H,pitch_shift,1.0,0.962826,0.885593,0.993496,0.269814
ambient_03::pitch_shift::+2st,ambient_03,ambient,H,pitch_shift,2.0,0.963699,0.803881,0.986747,0.323988
ambient_03::pitch_shift::+4st,ambient_03,ambient,H,pitch_shift,4.0,0.964306,0.719474,0.966330,0.269993
ambient_03::time_stretch::-20pct,ambient_03,ambient,R,time_stretch,-20.0,0.996471,0.888764,0.295881,0.260089
ambient_03::time_stretch::-10pct,ambient_03,ambient,R,time_stretch,-10.0,0.998134,0.907147,0.439812,0.283350
ambient_03::time_stretch::-5pct,ambient_03,ambient,R,time_stretch,-5.0,0.998928,0.938380,0.541637,0.351382
ambient_03::time_stretch::+5pct,ambient_03,ambient,R,time_stretch,5.0,0.999007,0.937431,0.534513,0.391466
ambient_03::time_stretch::+10pct,ambient_03,ambient,R,time_stretch,10.0,0.998988,0.905271,0.422457,0.337028
ambient_03::time_stretch::+20pct,ambient_03,ambient,R,time_stretch,20.0,0.998021,0.869225,0.318227,0.289956
ambient_03::lowpass::lp8000,ambient_03,ambient,T,lowpass,8000.0,1.000000,0.391500,0.995147,0.378504
ambient_03::lowpass::lp4000,ambient_03,ambient,T,lowpass,4000.0,0.999994,0.392753,0.981564,0.330664
ambient_03::lowpass::lp2000,ambient_03,ambient,T,lowpass,2000.0,0.999952,0.382287,0.939267,0.246985
ambient_03::distortion::drv4,ambient_03,ambient,T,distortion,4.0,0.999750,0.587877,0.994579,0.364760
ambient_03::distortion::drv12,ambient_03,ambient,T,distortion,12.0,0.999094,0.485067,0.974285,0.299281
ambient_03::distortion::drv32,ambient_03,ambient,T,distortion,32.0,0.998735,0.443486,0.922930,0.258097
ambient_03::style_swap::swap_cross,ambient_03,ambient,S,style_swap,nan,0.806611,0.376423,0.373746,0.169255
ambient_03::style_swap::swap_same,ambient_03,ambient,S,style_swap,nan,0.776063,0.358581,0.327914,0.211623
ambient_04::control::ctrl,ambient_04,ambient,control,control,0.0,1.000000,1.000000,1.000000,0.350518
ambient_04::pitch_shift::-4st,ambient_04,ambient,H,pitch_shift,-4.0,0.459223,0.515505,0.970616,0.236431
ambient_04::pitch_shift::-2st,ambient_04,ambient,H,pitch_shift,-2.0,0.606034,0.656257,0.972521,0.276094
ambient_04::pitch_shift::-1st,ambient_04,ambient,H,pitch_shift,-1.0,0.472828,0.778053,0.991253,0.274762
ambient_04::pitch_shift::+1st,ambient_04,ambient,H,pitch_shift,1.0,0.477004,0.745021,0.973410,0.280572
ambient_04::pitch_shift::+2st,ambient_04,ambient,H,pitch_shift,2.0,0.598214,0.608624,0.967539,0.292410
ambient_04::pitch_shift::+4st,ambient_04,ambient,H,pitch_shift,4.0,0.434180,0.501688,0.971505,0.290370
ambient_04::time_stretch::-20pct,ambient_04,ambient,R,time_stretch,-20.0,0.993377,0.754233,0.958320,0.345913
ambient_04::time_stretch::-10pct,ambient_04,ambient,R,time_stretch,-10.0,0.997670,0.803936,0.956292,0.331038
ambient_04::time_stretch::-5pct,ambient_04,ambient,R,time_stretch,-5.0,0.999517,0.862829,0.957900,0.353363
ambient_04::time_stretch::+5pct,ambient_04,ambient,R,time_stretch,5.0,0.998323,0.872901,0.959516,0.310435
ambient_04::time_stretch::+10pct,ambient_04,ambient,R,time_stretch,10.0,0.997586,0.867440,0.962529,0.318779
ambient_04::time_stretch::+20pct,ambient_04,ambient,R,time_stretch,20.0,0.996147,0.838871,0.961295,0.320208
ambient_04::lowpass::lp8000,ambient_04,ambient,T,lowpass,8000.0,0.999998,0.862722,0.999735,0.346675
ambient_04::lowpass::lp4000,ambient_04,ambient,T,lowpass,4000.0,0.999999,0.645434,0.998639,0.339369
ambient_04::lowpass::lp2000,ambient_04,ambient,T,lowpass,2000.0,0.999506,0.500317,0.997306,0.313297
ambient_04::distortion::drv4,ambient_04,ambient,T,distortion,4.0,0.999892,0.822714,0.995669,0.336711
ambient_04::distortion::drv12,ambient_04,ambient,T,distortion,12.0,0.994797,0.584906,0.970342,0.291409
ambient_04::distortion::drv32,ambient_04,ambient,T,distortion,32.0,0.974092,0.484068,0.965210,0.215952
ambient_04::style_swap::swap_cross,ambient_04,ambient,S,style_swap,nan,0.793058,0.388578,0.927492,0.213517
ambient_04::style_swap::swap_same,ambient_04,ambient,S,style_swap,nan,0.405134,0.449697,0.960799,0.246516
ambient_05::control::ctrl,ambient_05,ambient,control,control,0.0,1.000000,1.000000,1.000000,0.255208
ambient_05::pitch_shift::-4st,ambient_05,ambient,H,pitch_shift,-4.0,0.745785,0.558073,0.982263,0.200723
ambient_05::pitch_shift::-2st,ambient_05,ambient,H,pitch_shift,-2.0,0.675703,0.696504,0.985147,0.191224
ambient_05::pitch_shift::-1st,ambient_05,ambient,H,pitch_shift,-1.0,0.710089,0.771922,0.985251,0.197958
ambient_05::pitch_shift::+1st,ambient_05,ambient,H,pitch_shift,1.0,0.701993,0.743553,0.986949,0.175260
ambient_05::pitch_shift::+2st,ambient_05,ambient,H,pitch_shift,2.0,0.656682,0.691239,0.986070,0.252589
ambient_05::pitch_shift::+4st,ambient_05,ambient,H,pitch_shift,4.0,0.729949,0.576565,0.985852,0.246301
ambient_05::time_stretch::-20pct,ambient_05,ambient,R,time_stretch,-20.0,0.966328,0.791811,0.960019,0.240760
ambient_05::time_stretch::-10pct,ambient_05,ambient,R,time_stretch,-10.0,0.993749,0.793972,0.965629,0.246834
ambient_05::time_stretch::-5pct,ambient_05,ambient,R,time_stretch,-5.0,0.998396,0.780289,0.950060,0.253280
ambient_05::time_stretch::+5pct,ambient_05,ambient,R,time_stretch,5.0,0.997971,0.746495,0.951705,0.237767
ambient_05::time_stretch::+10pct,ambient_05,ambient,R,time_stretch,10.0,0.997040,0.799072,0.959307,0.250716
ambient_05::time_stretch::+20pct,ambient_05,ambient,R,time_stretch,20.0,0.993092,0.781641,0.957120,0.247300
ambient_05::lowpass::lp8000,ambient_05,ambient,T,lowpass,8000.0,0.999954,0.525608,0.991140,0.246385
ambient_05::lowpass::lp4000,ambient_05,ambient,T,lowpass,4000.0,0.999843,0.512959,0.989767,0.270049
ambient_05::lowpass::lp2000,ambient_05,ambient,T,lowpass,2000.0,0.999928,0.429033,0.986924,0.267579
ambient_05::distortion::drv4,ambient_05,ambient,T,distortion,4.0,0.999994,0.926163,0.999031,0.244902
ambient_05::distortion::drv12,ambient_05,ambient,T,distortion,12.0,0.999769,0.709542,0.981670,0.243161
ambient_05::distortion::drv32,ambient_05,ambient,T,distortion,32.0,0.995251,0.535242,0.956528,0.204235
ambient_05::style_swap::swap_cross,ambient_05,ambient,S,style_swap,nan,0.559526,0.437993,0.915069,0.235448
ambient_05::style_swap::swap_same,ambient_05,ambient,S,style_swap,nan,0.797992,0.443337,0.919335,0.145047
ambient_06::control::ctrl,ambient_06,ambient,control,control,0.0,1.000000,1.000000,1.000000,0.441064
ambient_06::pitch_shift::-4st,ambient_06,ambient,H,pitch_shift,-4.0,0.933675,0.609247,0.686214,0.221783
ambient_06::pitch_shift::-2st,ambient_06,ambient,H,pitch_shift,-2.0,0.902329,0.724404,0.694207,0.301792
ambient_06::pitch_shift::-1st,ambient_06,ambient,H,pitch_shift,-1.0,0.903998,0.831501,0.697669,0.301055
ambient_06::pitch_shift::+1st,ambient_06,ambient,H,pitch_shift,1.0,0.901655,0.786300,0.694405,0.273241
ambient_06::pitch_shift::+2st,ambient_06,ambient,H,pitch_shift,2.0,0.902507,0.667917,0.688236,0.363260
ambient_06::pitch_shift::+4st,ambient_06,ambient,H,pitch_shift,4.0,0.938176,0.567462,0.671855,0.360144
ambient_06::time_stretch::-20pct,ambient_06,ambient,R,time_stretch,-20.0,0.998234,0.821801,0.528688,0.333313
ambient_06::time_stretch::-10pct,ambient_06,ambient,R,time_stretch,-10.0,0.999555,0.847777,0.485237,0.340321
ambient_06::time_stretch::-5pct,ambient_06,ambient,R,time_stretch,-5.0,0.999630,0.885769,0.470404,0.410587
ambient_06::time_stretch::+5pct,ambient_06,ambient,R,time_stretch,5.0,0.999795,0.888206,0.511919,0.386915
ambient_06::time_stretch::+10pct,ambient_06,ambient,R,time_stretch,10.0,0.999554,0.848987,0.524802,0.354099
ambient_06::time_stretch::+20pct,ambient_06,ambient,R,time_stretch,20.0,0.998073,0.822309,0.603077,0.336439
ambient_06::lowpass::lp8000,ambient_06,ambient,T,lowpass,8000.0,1.000000,0.600507,0.997262,0.445036
ambient_06::lowpass::lp4000,ambient_06,ambient,T,lowpass,4000.0,0.999997,0.441231,0.989876,0.383646
ambient_06::lowpass::lp2000,ambient_06,ambient,T,lowpass,2000.0,0.999978,0.390320,0.975048,0.339707
ambient_06::distortion::drv4,ambient_06,ambient,T,distortion,4.0,0.999716,0.707646,0.959996,0.356960
ambient_06::distortion::drv12,ambient_06,ambient,T,distortion,12.0,0.997673,0.491608,0.748365,0.184380
ambient_06::distortion::drv32,ambient_06,ambient,T,distortion,32.0,0.996700,0.459338,0.831052,0.121738
ambient_06::style_swap::swap_cross,ambient_06,ambient,S,style_swap,nan,0.864388,0.470867,0.734756,0.195901
ambient_06::style_swap::swap_same,ambient_06,ambient,S,style_swap,nan,0.683269,0.453646,0.736086,0.181266
ambient_07::control::ctrl,ambient_07,ambient,control,control,0.0,1.000000,1.000000,1.000000,0.344096
ambient_07::pitch_shift::-4st,ambient_07,ambient,H,pitch_shift,-4.0,0.393679,0.604703,0.993247,0.273402
ambient_07::pitch_shift::-2st,ambient_07,ambient,H,pitch_shift,-2.0,0.689255,0.713976,0.997661,0.294346
ambient_07::pitch_shift::-1st,ambient_07,ambient,H,pitch_shift,-1.0,0.345517,0.810467,0.998633,0.306039
ambient_07::pitch_shift::+1st,ambient_07,ambient,H,pitch_shift,1.0,0.355638,0.800128,0.998048,0.298809
ambient_07::pitch_shift::+2st,ambient_07,ambient,H,pitch_shift,2.0,0.675781,0.725934,0.996368,0.283487
ambient_07::pitch_shift::+4st,ambient_07,ambient,H,pitch_shift,4.0,0.359361,0.607398,0.989967,0.282992
ambient_07::time_stretch::-20pct,ambient_07,ambient,R,time_stretch,-20.0,0.995255,0.839931,0.826812,0.352337
ambient_07::time_stretch::-10pct,ambient_07,ambient,R,time_stretch,-10.0,0.998026,0.887802,0.864749,0.355366
ambient_07::time_stretch::-5pct,ambient_07,ambient,R,time_stretch,-5.0,0.999378,0.889140,0.886771,0.340789
ambient_07::time_stretch::+5pct,ambient_07,ambient,R,time_stretch,5.0,0.999451,0.883646,0.896231,0.347955
ambient_07::time_stretch::+10pct,ambient_07,ambient,R,time_stretch,10.0,0.997695,0.857108,0.868288,0.348507
ambient_07::time_stretch::+20pct,ambient_07,ambient,R,time_stretch,20.0,0.995522,0.843600,0.856894,0.322260
ambient_07::lowpass::lp8000,ambient_07,ambient,T,lowpass,8000.0,0.999997,0.874025,0.999889,0.347955
ambient_07::lowpass::lp4000,ambient_07,ambient,T,lowpass,4000.0,0.999993,0.601988,0.999426,0.341068
ambient_07::lowpass::lp2000,ambient_07,ambient,T,lowpass,2000.0,0.999893,0.480554,0.998851,0.317114
ambient_07::distortion::drv4,ambient_07,ambient,T,distortion,4.0,0.999939,0.810032,0.999150,0.357837
ambient_07::distortion::drv12,ambient_07,ambient,T,distortion,12.0,0.998365,0.599668,0.994383,0.264725
ambient_07::distortion::drv32,ambient_07,ambient,T,distortion,32.0,0.990253,0.493914,0.988822,0.150586
ambient_07::style_swap::swap_cross,ambient_07,ambient,S,style_swap,nan,0.803303,0.448432,0.877081,0.205040
ambient_07::style_swap::swap_same,ambient_07,ambient,S,style_swap,nan,0.800924,0.441013,0.921674,0.189411
ambient_08::control::ctrl,ambient_08,ambient,control,control,0.0,1.000000,1.000000,1.000000,0.388521
ambient_08::pitch_shift::-4st,ambient_08,ambient,H,pitch_shift,-4.0,0.733100,0.514572,0.981406,0.280203
ambient_08::pitch_shift::-2st,ambient_08,ambient,H,pitch_shift,-2.0,0.604723,0.605077,0.985584,0.351071
ambient_08::pitch_shift::-1st,ambient_08,ambient,H,pitch_shift,-1.0,0.469325,0.735542,0.984724,0.277937
ambient_08::pitch_shift::+1st,ambient_08,ambient,H,pitch_shift,1.0,0.453891,0.705648,0.976476,0.332152
ambient_08::pitch_shift::+2st,ambient_08,ambient,H,pitch_shift,2.0,0.589068,0.617284,0.984975,0.285154
ambient_08::pitch_shift::+4st,ambient_08,ambient,H,pitch_shift,4.0,0.676096,0.536126,0.984236,0.319207
ambient_08::time_stretch::-20pct,ambient_08,ambient,R,time_stretch,-20.0,0.978806,0.772600,0.951402,0.383338
ambient_08::time_stretch::-10pct,ambient_08,ambient,R,time_stretch,-10.0,0.990518,0.788038,0.961923,0.432711
ambient_08::time_stretch::-5pct,ambient_08,ambient,R,time_stretch,-5.0,0.997707,0.835714,0.946913,0.393489
ambient_08::time_stretch::+5pct,ambient_08,ambient,R,time_stretch,5.0,0.995546,0.798928,0.953848,0.397601
ambient_08::time_stretch::+10pct,ambient_08,ambient,R,time_stretch,10.0,0.995721,0.792252,0.962518,0.384409
ambient_08::time_stretch::+20pct,ambient_08,ambient,R,time_stretch,20.0,0.966593,0.657604,0.946170,0.404636
ambient_08::lowpass::lp8000,ambient_08,ambient,T,lowpass,8000.0,0.999979,0.467328,0.997865,0.384409
ambient_08::lowpass::lp4000,ambient_08,ambient,T,lowpass,4000.0,0.999978,0.450038,0.996530,0.353182
ambient_08::lowpass::lp2000,ambient_08,ambient,T,lowpass,2000.0,0.999324,0.423371,0.994445,0.290617
ambient_08::distortion::drv4,ambient_08,ambient,T,distortion,4.0,0.999838,0.892702,0.997075,0.396804
ambient_08::distortion::drv12,ambient_08,ambient,T,distortion,12.0,0.995272,0.667039,0.986724,0.355931
ambient_08::distortion::drv32,ambient_08,ambient,T,distortion,32.0,0.982232,0.547024,0.977122,0.282331
ambient_08::style_swap::swap_cross,ambient_08,ambient,S,style_swap,nan,0.745865,0.415230,0.923419,0.254471
ambient_08::style_swap::swap_same,ambient_08,ambient,S,style_swap,nan,0.787097,0.417093,0.901420,0.128410
ambient_09::control::ctrl,ambient_09,ambient,control,control,0.0,1.000000,1.000000,1.000000,0.307426
ambient_09::pitch_shift::-4st,ambient_09,ambient,H,pitch_shift,-4.0,0.714328,0.505828,0.960777,0.207577
ambient_09::pitch_shift::-2st,ambient_09,ambient,H,pitch_shift,-2.0,0.874739,0.641422,0.968664,0.214462
ambient_09::pitch_shift::-1st,ambient_09,ambient,H,pitch_shift,-1.0,0.660771,0.731784,0.969192,0.229118
ambient_09::pitch_shift::+1st,ambient_09,ambient,H,pitch_shift,1.0,0.691620,0.818579,0.970283,0.251034
ambient_09::pitch_shift::+2st,ambient_09,ambient,H,pitch_shift,2.0,0.847080,0.744778,0.969422,0.286492
ambient_09::pitch_shift::+4st,ambient_09,ambient,H,pitch_shift,4.0,0.690873,0.636546,0.968510,0.257855
ambient_09::time_stretch::-20pct,ambient_09,ambient,R,time_stretch,-20.0,0.992965,0.824890,0.847907,0.301590
ambient_09::time_stretch::-10pct,ambient_09,ambient,R,time_stretch,-10.0,0.995878,0.853642,0.797284,0.303529
ambient_09::time_stretch::-5pct,ambient_09,ambient,R,time_stretch,-5.0,0.996091,0.866573,0.823608,0.303810
ambient_09::time_stretch::+5pct,ambient_09,ambient,R,time_stretch,5.0,0.997754,0.853102,0.804065,0.288589
ambient_09::time_stretch::+10pct,ambient_09,ambient,R,time_stretch,10.0,0.997904,0.839134,0.770492,0.294185
ambient_09::time_stretch::+20pct,ambient_09,ambient,R,time_stretch,20.0,0.992656,0.835374,0.724387,0.300912
ambient_09::lowpass::lp8000,ambient_09,ambient,T,lowpass,8000.0,0.998881,0.453000,0.992739,0.313895
ambient_09::lowpass::lp4000,ambient_09,ambient,T,lowpass,4000.0,0.999997,0.420715,0.987042,0.259118
ambient_09::lowpass::lp2000,ambient_09,ambient,T,lowpass,2000.0,0.998481,0.423547,0.980518,0.236440
ambient_09::distortion::drv4,ambient_09,ambient,T,distortion,4.0,0.999147,0.885405,0.995233,0.310178
ambient_09::distortion::drv12,ambient_09,ambient,T,distortion,12.0,0.999473,0.715357,0.973819,0.301433
ambient_09::distortion::drv32,ambient_09,ambient,T,distortion,32.0,0.996241,0.594114,0.942727,0.243514
ambient_09::style_swap::swap_cross,ambient_09,ambient,S,style_swap,nan,0.842045,0.480484,0.769402,0.271341
ambient_09::style_swap::swap_same,ambient_09,ambient,S,style_swap,nan,0.545857,0.412381,0.811315,0.224619
ambient_10::control::ctrl,ambient_10,ambient,control,control,0.0,1.000000,1.000000,1.000000,0.284323
ambient_10::pitch_shift::-4st,ambient_10,ambient,H,pitch_shift,-4.0,0.871555,0.464650,0.964268,0.275381
ambient_10::pitch_shift::-2st,ambient_10,ambient,H,pitch_shift,-2.0,0.921302,0.565918,0.978807,0.257322
ambient_10::pitch_shift::-1st,ambient_10,ambient,H,pitch_shift,-1.0,0.959260,0.692900,0.967693,0.245334
ambient_10::pitch_shift::+1st,ambient_10,ambient,H,pitch_shift,1.0,0.985337,0.689968,0.969615,0.258743
ambient_10::pitch_shift::+2st,ambient_10,ambient,H,pitch_shift,2.0,0.959231,0.578230,0.980678,0.280919
ambient_10::pitch_shift::+4st,ambient_10,ambient,H,pitch_shift,4.0,0.944969,0.451742,0.968545,0.273109
ambient_10::time_stretch::-20pct,ambient_10,ambient,R,time_stretch,-20.0,0.986184,0.726051,0.937203,0.258561
ambient_10::time_stretch::-10pct,ambient_10,ambient,R,time_stretch,-10.0,0.996962,0.765175,0.949816,0.251424
ambient_10::time_stretch::-5pct,ambient_10,ambient,R,time_stretch,-5.0,0.987818,0.762760,0.948426,0.254265
ambient_10::time_stretch::+5pct,ambient_10,ambient,R,time_stretch,5.0,0.997750,0.763643,0.947981,0.243231
ambient_10::time_stretch::+10pct,ambient_10,ambient,R,time_stretch,10.0,0.992429,0.752679,0.938817,0.260845
ambient_10::time_stretch::+20pct,ambient_10,ambient,R,time_stretch,20.0,0.995961,0.791948,0.936855,0.256923
ambient_10::lowpass::lp8000,ambient_10,ambient,T,lowpass,8000.0,1.000000,0.551172,0.999327,0.287642
ambient_10::lowpass::lp4000,ambient_10,ambient,T,lowpass,4000.0,0.999998,0.427674,0.997842,0.266255
ambient_10::lowpass::lp2000,ambient_10,ambient,T,lowpass,2000.0,0.999463,0.380097,0.995412,0.242912
ambient_10::distortion::drv4,ambient_10,ambient,T,distortion,4.0,0.999936,0.906380,0.997533,0.284705
ambient_10::distortion::drv12,ambient_10,ambient,T,distortion,12.0,0.999871,0.611584,0.954247,0.191320
ambient_10::distortion::drv32,ambient_10,ambient,T,distortion,32.0,0.999184,0.459027,0.942729,0.146643
ambient_10::style_swap::swap_cross,ambient_10,ambient,S,style_swap,nan,0.924343,0.396036,0.952957,0.149930
ambient_10::style_swap::swap_same,ambient_10,ambient,S,style_swap,nan,0.789284,0.401594,0.938746,0.199593
ambient_11::control::ctrl,ambient_11,ambient,control,control,0.0,0.999997,0.992369,0.999991,0.345830
ambient_11::pitch_shift::-4st,ambient_11,ambient,H,pitch_shift,-4.0,0.785119,0.512362,0.991954,0.273602
ambient_11::pitch_shift::-2st,ambient_11,ambient,H,pitch_shift,-2.0,0.868604,0.648725,0.995753,0.292658
ambient_11::pitch_shift::-1st,ambient_11,ambient,H,pitch_shift,-1.0,0.794166,0.753632,0.996801,0.290001
ambient_11::pitch_shift::+1st,ambient_11,ambient,H,pitch_shift,1.0,0.804879,0.759202,0.995456,0.259595
ambient_11::pitch_shift::+2st,ambient_11,ambient,H,pitch_shift,2.0,0.857167,0.637703,0.993970,0.275237
ambient_11::pitch_shift::+4st,ambient_11,ambient,H,pitch_shift,4.0,0.766488,0.529516,0.987112,0.277392
ambient_11::time_stretch::-20pct,ambient_11,ambient,R,time_stretch,-20.0,0.995272,0.857772,0.738817,0.300431
ambient_11::time_stretch::-10pct,ambient_11,ambient,R,time_stretch,-10.0,0.998184,0.879185,0.779856,0.304500
ambient_11::time_stretch::-5pct,ambient_11,ambient,R,time_stretch,-5.0,0.999147,0.895309,0.825442,0.316946
ambient_11::time_stretch::+5pct,ambient_11,ambient,R,time_stretch,5.0,0.999166,0.909910,0.823214,0.340140
ambient_11::time_stretch::+10pct,ambient_11,ambient,R,time_stretch,10.0,0.998282,0.871446,0.782966,0.325200
ambient_11::time_stretch::+20pct,ambient_11,ambient,R,time_stretch,20.0,0.997743,0.808788,0.761707,0.298401
ambient_11::lowpass::lp8000,ambient_11,ambient,T,lowpass,8000.0,0.999997,0.453637,0.997641,0.341925
ambient_11::lowpass::lp4000,ambient_11,ambient,T,lowpass,4000.0,0.999875,0.435715,0.837154,0.356215
ambient_11::lowpass::lp2000,ambient_11,ambient,T,lowpass,2000.0,0.994462,0.402551,0.821830,0.297927
ambient_11::distortion::drv4,ambient_11,ambient,T,distortion,4.0,0.999811,0.723193,0.998499,0.342187
ambient_11::distortion::drv12,ambient_11,ambient,T,distortion,12.0,0.997487,0.550874,0.992885,0.290177
ambient_11::distortion::drv32,ambient_11,ambient,T,distortion,32.0,0.992133,0.463777,0.819374,0.182703
ambient_11::style_swap::swap_cross,ambient_11,ambient,S,style_swap,nan,0.914370,0.374194,0.747802,0.228350
ambient_11::style_swap::swap_same,ambient_11,ambient,S,style_swap,nan,0.969948,0.474155,0.729045,0.217907
ambient_12::control::ctrl,ambient_12,ambient,control,control,0.0,1.000000,0.999998,1.000000,0.259880
ambient_12::pitch_shift::-4st,ambient_12,ambient,H,pitch_shift,-4.0,0.982408,0.438723,0.994452,0.237301
ambient_12::pitch_shift::-2st,ambient_12,ambient,H,pitch_shift,-2.0,0.991004,0.554906,0.988564,0.253280
ambient_12::pitch_shift::-1st,ambient_12,ambient,H,pitch_shift,-1.0,0.991636,0.700134,0.996541,0.255208
ambient_12::pitch_shift::+1st,ambient_12,ambient,H,pitch_shift,1.0,0.992536,0.721378,0.996236,0.255937
ambient_12::pitch_shift::+2st,ambient_12,ambient,H,pitch_shift,2.0,0.989723,0.610542,0.996312,0.244902
ambient_12::pitch_shift::+4st,ambient_12,ambient,H,pitch_shift,4.0,0.982607,0.511018,0.977558,0.253066
ambient_12::time_stretch::-20pct,ambient_12,ambient,R,time_stretch,-20.0,0.999624,0.858421,0.958659,0.262350
ambient_12::time_stretch::-10pct,ambient_12,ambient,R,time_stretch,-10.0,0.999520,0.886303,0.962486,0.257865
ambient_12::time_stretch::-5pct,ambient_12,ambient,R,time_stretch,-5.0,0.999350,0.872761,0.959116,0.264233
ambient_12::time_stretch::+5pct,ambient_12,ambient,R,time_stretch,5.0,0.999839,0.860532,0.958690,0.248339
ambient_12::time_stretch::+10pct,ambient_12,ambient,R,time_stretch,10.0,0.999601,0.900910,0.947215,0.240772
ambient_12::time_stretch::+20pct,ambient_12,ambient,R,time_stretch,20.0,0.999149,0.872297,0.970967,0.262607
ambient_12::lowpass::lp8000,ambient_12,ambient,T,lowpass,8000.0,0.999990,0.996663,0.999997,0.257865
ambient_12::lowpass::lp4000,ambient_12,ambient,T,lowpass,4000.0,0.999990,0.619340,0.999946,0.249952
ambient_12::lowpass::lp2000,ambient_12,ambient,T,lowpass,2000.0,0.999640,0.444726,0.999470,0.227579
ambient_12::distortion::drv4,ambient_12,ambient,T,distortion,4.0,0.999194,0.707435,0.992325,0.263777
ambient_12::distortion::drv12,ambient_12,ambient,T,distortion,12.0,0.999000,0.547498,0.989891,0.249811
ambient_12::distortion::drv32,ambient_12,ambient,T,distortion,32.0,0.999091,0.483179,0.988339,0.232013
ambient_12::style_swap::swap_cross,ambient_12,ambient,S,style_swap,nan,0.957063,0.351425,0.957997,0.165470
ambient_12::style_swap::swap_same,ambient_12,ambient,S,style_swap,nan,0.732430,0.441402,0.969138,0.192557
ambient_13::control::ctrl,ambient_13,ambient,control,control,0.0,1.000000,1.000000,1.000000,0.370249
ambient_13::pitch_shift::-4st,ambient_13,ambient,H,pitch_shift,-4.0,0.558973,0.600978,0.972786,0.276889
ambient_13::pitch_shift::-2st,ambient_13,ambient,H,pitch_shift,-2.0,0.750161,0.680204,0.975444,0.298589
ambient_13::pitch_shift::-1st,ambient_13,ambient,H,pitch_shift,-1.0,0.487982,0.793336,0.979198,0.293058
ambient_13::pitch_shift::+1st,ambient_13,ambient,H,pitch_shift,1.0,0.512898,0.815511,0.976416,0.295838
ambient_13::pitch_shift::+2st,ambient_13,ambient,H,pitch_shift,2.0,0.743390,0.697618,0.971499,0.305189
ambient_13::pitch_shift::+4st,ambient_13,ambient,H,pitch_shift,4.0,0.644138,0.618232,0.959237,0.315664
ambient_13::time_stretch::-20pct,ambient_13,ambient,R,time_stretch,-20.0,0.965790,0.797606,0.597845,0.395913
ambient_13::time_stretch::-10pct,ambient_13,ambient,R,time_stretch,-10.0,0.989202,0.785104,0.528232,0.387809
ambient_13::time_stretch::-5pct,ambient_13,ambient,R,time_stretch,-5.0,0.991404,0.815454,0.728115,0.389519
ambient_13::time_stretch::+5pct,ambient_13,ambient,R,time_stretch,5.0,0.995971,0.877803,0.734427,0.384016
ambient_13::time_stretch::+10pct,ambient_13,ambient,R,time_stretch,10.0,0.988559,0.833817,0.645178,0.370802
ambient_13::time_stretch::+20pct,ambient_13,ambient,R,time_stretch,20.0,0.978916,0.763767,0.651629,0.359561
ambient_13::lowpass::lp8000,ambient_13,ambient,T,lowpass,8000.0,1.000000,0.536139,0.984055,0.379225
ambient_13::lowpass::lp4000,ambient_13,ambient,T,lowpass,4000.0,1.000000,0.452412,0.956058,0.339893
ambient_13::lowpass::lp2000,ambient_13,ambient,T,lowpass,2000.0,0.999944,0.430353,0.926303,0.353735
ambient_13::distortion::drv4,ambient_13,ambient,T,distortion,4.0,0.999734,0.806215,0.986011,0.352802
ambient_13::distortion::drv12,ambient_13,ambient,T,distortion,12.0,0.993704,0.615944,0.944278,0.266086
ambient_13::distortion::drv32,ambient_13,ambient,T,distortion,32.0,0.983502,0.505243,0.884957,0.198276
ambient_13::style_swap::swap_cross,ambient_13,ambient,S,style_swap,nan,0.833886,0.386474,0.679409,0.244753
ambient_13::style_swap::swap_same,ambient_13,ambient,S,style_swap,nan,0.942991,0.463723,0.794527,0.265901
ambient_14::control::ctrl,ambient_14,ambient,control,control,0.0,1.000000,1.000000,1.000000,0.395650
ambient_14::pitch_shift::-4st,ambient_14,ambient,H,pitch_shift,-4.0,0.450231,0.510233,0.988206,0.304661
ambient_14::pitch_shift::-2st,ambient_14,ambient,H,pitch_shift,-2.0,0.601130,0.615471,0.981732,0.333269
ambient_14::pitch_shift::-1st,ambient_14,ambient,H,pitch_shift,-1.0,0.353993,0.718307,0.981020,0.270330
ambient_14::pitch_shift::+1st,ambient_14,ambient,H,pitch_shift,1.0,0.351022,0.737858,0.990344,0.331840
ambient_14::pitch_shift::+2st,ambient_14,ambient,H,pitch_shift,2.0,0.617746,0.619005,0.981803,0.329903
ambient_14::pitch_shift::+4st,ambient_14,ambient,H,pitch_shift,4.0,0.435289,0.520784,0.988427,0.315324
ambient_14::time_stretch::-20pct,ambient_14,ambient,R,time_stretch,-20.0,0.995341,0.823868,0.969272,0.413771
ambient_14::time_stretch::-10pct,ambient_14,ambient,R,time_stretch,-10.0,0.998562,0.829967,0.960603,0.438258
ambient_14::time_stretch::-5pct,ambient_14,ambient,R,time_stretch,-5.0,0.997925,0.854889,0.970082,0.402565
ambient_14::time_stretch::+5pct,ambient_14,ambient,R,time_stretch,5.0,0.996928,0.836660,0.961028,0.409588
ambient_14::time_stretch::+10pct,ambient_14,ambient,R,time_stretch,10.0,0.998432,0.832609,0.959623,0.434198
ambient_14::time_stretch::+20pct,ambient_14,ambient,R,time_stretch,20.0,0.998464,0.825264,0.960412,0.424007
ambient_14::lowpass::lp8000,ambient_14,ambient,T,lowpass,8000.0,1.000000,0.555157,0.991686,0.399199
ambient_14::lowpass::lp4000,ambient_14,ambient,T,lowpass,4000.0,0.999972,0.480145,0.990442,0.368211
ambient_14::lowpass::lp2000,ambient_14,ambient,T,lowpass,2000.0,0.999001,0.443293,0.996146,0.340539
ambient_14::distortion::drv4,ambient_14,ambient,T,distortion,4.0,0.999602,0.795468,0.979917,0.402715
ambient_14::distortion::drv12,ambient_14,ambient,T,distortion,12.0,0.989304,0.555726,0.969933,0.332536
ambient_14::distortion::drv32,ambient_14,ambient,T,distortion,32.0,0.967010,0.457764,0.964900,0.250798
ambient_14::style_swap::swap_cross,ambient_14,ambient,S,style_swap,nan,0.496949,0.400790,0.951010,0.265002
ambient_14::style_swap::swap_same,ambient_14,ambient,S,style_swap,nan,0.877742,0.346620,0.950541,0.188267
ambient_15::control::ctrl,ambient_15,ambient,control,control,0.0,1.000000,1.000000,1.000000,0.305478
ambient_15::pitch_shift::-4st,ambient_15,ambient,H,pitch_shift,-4.0,0.793501,0.396787,0.968513,0.284571
ambient_15::pitch_shift::-2st,ambient_15,ambient,H,pitch_shift,-2.0,0.902456,0.473862,0.976531,0.292901
ambient_15::pitch_shift::-1st,ambient_15,ambient,H,pitch_shift,-1.0,0.753359,0.596191,0.979445,0.318244
ambient_15::pitch_shift::+1st,ambient_15,ambient,H,pitch_shift,1.0,0.766285,0.570079,0.979786,0.321593
ambient_15::pitch_shift::+2st,ambient_15,ambient,H,pitch_shift,2.0,0.911686,0.458135,0.979855,0.318244
ambient_15::pitch_shift::+4st,ambient_15,ambient,H,pitch_shift,4.0,0.840115,0.413052,0.976093,0.302727
ambient_15::time_stretch::-20pct,ambient_15,ambient,R,time_stretch,-20.0,0.996796,0.819515,0.841459,0.292995
ambient_15::time_stretch::-10pct,ambient_15,ambient,R,time_stretch,-10.0,0.998583,0.831988,0.701910,0.308323
ambient_15::time_stretch::-5pct,ambient_15,ambient,R,time_stretch,-5.0,0.998127,0.851520,0.772537,0.309282
ambient_15::time_stretch::+5pct,ambient_15,ambient,R,time_stretch,5.0,0.998032,0.856094,0.773961,0.323209
ambient_15::time_stretch::+10pct,ambient_15,ambient,R,time_stretch,10.0,0.997323,0.829234,0.715832,0.319304
ambient_15::time_stretch::+20pct,ambient_15,ambient,R,time_stretch,20.0,0.994715,0.822843,0.652849,0.309376
ambient_15::lowpass::lp8000,ambient_15,ambient,T,lowpass,8000.0,1.000000,0.458807,0.994995,0.299441
ambient_15::lowpass::lp4000,ambient_15,ambient,T,lowpass,4000.0,1.000000,0.451133,0.977747,0.320726
ambient_15::lowpass::lp2000,ambient_15,ambient,T,lowpass,2000.0,0.999970,0.433478,0.962747,0.326260
ambient_15::distortion::drv4,ambient_15,ambient,T,distortion,4.0,0.999997,0.918728,0.996114,0.298217
ambient_15::distortion::drv12,ambient_15,ambient,T,distortion,12.0,0.999574,0.594689,0.985910,0.272655
ambient_15::distortion::drv32,ambient_15,ambient,T,distortion,32.0,0.996240,0.471304,0.978212,0.214893
ambient_15::style_swap::swap_cross,ambient_15,ambient,S,style_swap,nan,0.898710,0.398311,0.674609,0.181479
ambient_15::style_swap::swap_same,ambient_15,ambient,S,style_swap,nan,0.903423,0.342104,0.765262,0.146731
electronic_01::control::ctrl,electronic_01,electronic,control,control,0.0,1.000000,1.000000,1.000000,0.207520
electronic_01::pitch_shift::-4st,electronic_01,electronic,H,pitch_shift,-4.0,0.942103,0.422473,0.977407,0.194768
electronic_01::pitch_shift::-2st,electronic_01,electronic,H,pitch_shift,-2.0,0.941547,0.582735,0.985395,0.211550
electronic_01::pitch_shift::-1st,electronic_01,electronic,H,pitch_shift,-1.0,0.960997,0.733019,0.987153,0.217352
electronic_01::pitch_shift::+1st,electronic_01,electronic,H,pitch_shift,1.0,0.967131,0.794788,0.973107,0.201776
electronic_01::pitch_shift::+2st,electronic_01,electronic,H,pitch_shift,2.0,0.960610,0.689792,0.985945,0.219367
electronic_01::pitch_shift::+4st,electronic_01,electronic,H,pitch_shift,4.0,0.947104,0.574303,0.971274,0.225947
electronic_01::time_stretch::-20pct,electronic_01,electronic,R,time_stretch,-20.0,0.997149,0.805027,0.911120,0.210010
electronic_01::time_stretch::-10pct,electronic_01,electronic,R,time_stretch,-10.0,0.997349,0.839891,0.909726,0.209447
electronic_01::time_stretch::-5pct,electronic_01,electronic,R,time_stretch,-5.0,0.998340,0.863403,0.919787,0.215668
electronic_01::time_stretch::+5pct,electronic_01,electronic,R,time_stretch,5.0,0.996442,0.873048,0.934455,0.205805
electronic_01::time_stretch::+10pct,electronic_01,electronic,R,time_stretch,10.0,0.992149,0.877292,0.909638,0.200209
electronic_01::time_stretch::+20pct,electronic_01,electronic,R,time_stretch,20.0,0.998785,0.703600,0.920977,0.209448
electronic_01::lowpass::lp8000,electronic_01,electronic,T,lowpass,8000.0,0.999998,0.431203,0.999604,0.207520
electronic_01::lowpass::lp4000,electronic_01,electronic,T,lowpass,4000.0,0.999975,0.441031,0.998875,0.241027
electronic_01::lowpass::lp2000,electronic_01,electronic,T,lowpass,2000.0,0.999022,0.428174,0.994026,0.235682
electronic_01::distortion::drv4,electronic_01,electronic,T,distortion,4.0,0.999998,0.998934,0.999994,0.207520
electronic_01::distortion::drv12,electronic_01,electronic,T,distortion,12.0,0.997341,0.991984,0.999875,0.205505
electronic_01::distortion::drv32,electronic_01,electronic,T,distortion,32.0,0.999364,0.901259,0.997859,0.205505
electronic_01::style_swap::swap_cross,electronic_01,electronic,S,style_swap,nan,0.937976,0.349675,0.922401,0.156994
electronic_01::style_swap::swap_same,electronic_01,electronic,S,style_swap,nan,0.952056,0.384604,0.845880,0.168439
electronic_02::control::ctrl,electronic_02,electronic,control,control,0.0,1.000000,0.996412,0.999951,0.292129
electronic_02::pitch_shift::-4st,electronic_02,electronic,H,pitch_shift,-4.0,0.846467,0.357448,0.986372,0.233060
electronic_02::pitch_shift::-2st,electronic_02,electronic,H,pitch_shift,-2.0,0.930809,0.499901,0.991971,0.199370
electronic_02::pitch_shift::-1st,electronic_02,electronic,H,pitch_shift,-1.0,0.824533,0.671297,0.994503,0.261885
electronic_02::pitch_shift::+1st,electronic_02,electronic,H,pitch_shift,1.0,0.844516,0.825959,0.993235,0.247914
electronic_02::pitch_shift::+2st,electronic_02,electronic,H,pitch_shift,2.0,0.926179,0.745671,0.988947,0.243618
electronic_02::pitch_shift::+4st,electronic_02,electronic,H,pitch_shift,4.0,0.844940,0.632680,0.976495,0.259221
electronic_02::time_stretch::-20pct,electronic_02,electronic,R,time_stretch,-20.0,0.997230,0.801495,0.618846,0.266724
electronic_02::time_stretch::-10pct,electronic_02,electronic,R,time_stretch,-10.0,0.998548,0.832766,0.675697,0.287275
electronic_02::time_stretch::-5pct,electronic_02,electronic,R,time_stretch,-5.0,0.999544,0.858150,0.730265,0.313947
electronic_02::time_stretch::+5pct,electronic_02,electronic,R,time_stretch,5.0,0.999255,0.860330,0.754085,0.310118
electronic_02::time_stretch::+10pct,electronic_02,electronic,R,time_stretch,10.0,0.998670,0.839985,0.695556,0.299471
electronic_02::time_stretch::+20pct,electronic_02,electronic,R,time_stretch,20.0,0.998400,0.830685,0.598735,0.293020
electronic_02::lowpass::lp8000,electronic_02,electronic,T,lowpass,8000.0,0.999868,0.367913,0.999430,0.294973
electronic_02::lowpass::lp4000,electronic_02,electronic,T,lowpass,4000.0,0.999871,0.384484,0.998986,0.301477
electronic_02::lowpass::lp2000,electronic_02,electronic,T,lowpass,2000.0,0.999789,0.367604,0.997399,0.220960
electronic_02::distortion::drv4,electronic_02,electronic,T,distortion,4.0,0.999855,0.405606,0.980504,0.275876
electronic_02::distortion::drv12,electronic_02,electronic,T,distortion,12.0,0.998243,0.371171,0.961512,0.262663
electronic_02::distortion::drv32,electronic_02,electronic,T,distortion,32.0,0.996908,0.362562,0.952877,0.265040
electronic_02::style_swap::swap_cross,electronic_02,electronic,S,style_swap,nan,0.960120,0.354984,0.585917,0.101310
electronic_02::style_swap::swap_same,electronic_02,electronic,S,style_swap,nan,0.884276,0.331471,0.669026,0.101888
electronic_03::control::ctrl,electronic_03,electronic,control,control,0.0,1.000000,1.000000,1.000000,0.379269
electronic_03::pitch_shift::-4st,electronic_03,electronic,H,pitch_shift,-4.0,0.785432,0.519233,0.984395,0.265769
electronic_03::pitch_shift::-2st,electronic_03,electronic,H,pitch_shift,-2.0,0.896433,0.692794,0.993331,0.288580
electronic_03::pitch_shift::-1st,electronic_03,electronic,H,pitch_shift,-1.0,0.840616,0.818870,0.996125,0.324362
electronic_03::pitch_shift::+1st,electronic_03,electronic,H,pitch_shift,1.0,0.834654,0.835536,0.994657,0.289921
electronic_03::pitch_shift::+2st,electronic_03,electronic,H,pitch_shift,2.0,0.882816,0.749380,0.989909,0.315061
electronic_03::pitch_shift::+4st,electronic_03,electronic,H,pitch_shift,4.0,0.777918,0.608729,0.970949,0.306367
electronic_03::time_stretch::-20pct,electronic_03,electronic,R,time_stretch,-20.0,0.985783,0.880944,0.522000,0.316970
electronic_03::time_stretch::-10pct,electronic_03,electronic,R,time_stretch,-10.0,0.988180,0.913815,0.608955,0.337195
electronic_03::time_stretch::-5pct,electronic_03,electronic,R,time_stretch,-5.0,0.983750,0.926133,0.673620,0.358454
electronic_03::time_stretch::+5pct,electronic_03,electronic,R,time_stretch,5.0,0.978772,0.938974,0.671900,0.352914
electronic_03::time_stretch::+10pct,electronic_03,electronic,R,time_stretch,10.0,0.989451,0.901889,0.608261,0.332422
electronic_03::time_stretch::+20pct,electronic_03,electronic,R,time_stretch,20.0,0.968126,0.871577,0.529356,0.337101
electronic_03::lowpass::lp8000,electronic_03,electronic,T,lowpass,8000.0,0.999988,0.460280,0.997180,0.388982
electronic_03::lowpass::lp4000,electronic_03,electronic,T,lowpass,4000.0,0.999992,0.443416,0.987591,0.355851
electronic_03::lowpass::lp2000,electronic_03,electronic,T,lowpass,2000.0,0.999898,0.405602,0.973443,0.267792
electronic_03::distortion::drv4,electronic_03,electronic,T,distortion,4.0,0.999817,0.727611,0.997881,0.354464
electronic_03::distortion::drv12,electronic_03,electronic,T,distortion,12.0,0.998965,0.570449,0.989218,0.280468
electronic_03::distortion::drv32,electronic_03,electronic,T,distortion,32.0,0.997222,0.489519,0.970613,0.240850
electronic_03::style_swap::swap_cross,electronic_03,electronic,S,style_swap,nan,0.742728,0.422853,0.510899,0.172987
electronic_03::style_swap::swap_same,electronic_03,electronic,S,style_swap,nan,0.883613,0.535962,0.482211,0.197278
electronic_04::control::ctrl,electronic_04,electronic,control,control,0.0,1.000000,1.000000,1.000000,0.257855
electronic_04::pitch_shift::-4st,electronic_04,electronic,H,pitch_shift,-4.0,0.808126,0.456744,0.981929,0.265455
electronic_04::pitch_shift::-2st,electronic_04,electronic,H,pitch_shift,-2.0,0.892126,0.592253,0.989731,0.268019
electronic_04::pitch_shift::-1st,electronic_04,electronic,H,pitch_shift,-1.0,0.968309,0.761266,0.992991,0.272487
electronic_04::pitch_shift::+1st,electronic_04,electronic,H,pitch_shift,1.0,0.952683,0.872008,0.991355,0.254827
electronic_04::pitch_shift::+2st,electronic_04,electronic,H,pitch_shift,2.0,0.890444,0.783218,0.988628,0.262339
electronic_04::pitch_shift::+4st,electronic_04,electronic,H,pitch_shift,4.0,0.754311,0.667636,0.978199,0.267284
electronic_04::time_stretch::-20pct,electronic_04,electronic,R,time_stretch,-20.0,0.983819,0.907564,0.626503,0.228050
electronic_04::time_stretch::-10pct,electronic_04,electronic,R,time_stretch,-10.0,0.981774,0.915613,0.677187,0.239687
electronic_04::time_stretch::-5pct,electronic_04,electronic,R,time_stretch,-5.0,0.981159,0.938569,0.746520,0.259595
electronic_04::time_stretch::+5pct,electronic_04,electronic,R,time_stretch,5.0,0.961910,0.952585,0.746236,0.224822
electronic_04::time_stretch::+10pct,electronic_04,electronic,R,time_stretch,10.0,0.980156,0.945114,0.610677,0.249300
electronic_04::time_stretch::+20pct,electronic_04,electronic,R,time_stretch,20.0,0.977722,0.930157,0.672330,0.249755
electronic_04::lowpass::lp8000,electronic_04,electronic,T,lowpass,8000.0,0.998054,0.451174,0.997851,0.262339
electronic_04::lowpass::lp4000,electronic_04,electronic,T,lowpass,4000.0,0.983855,0.445069,0.988253,0.293811
electronic_04::lowpass::lp2000,electronic_04,electronic,T,lowpass,2000.0,0.998193,0.436671,0.966454,0.283206
electronic_04::distortion::drv4,electronic_04,electronic,T,distortion,4.0,0.988275,0.960242,0.999833,0.251528
electronic_04::distortion::drv12,electronic_04,electronic,T,distortion,12.0,0.984722,0.839189,0.998119,0.239127
electronic_04::distortion::drv32,electronic_04,electronic,T,distortion,32.0,0.984007,0.707193,0.992370,0.245721
electronic_04::style_swap::swap_cross,electronic_04,electronic,S,style_swap,nan,0.870442,0.476422,0.744885,0.286871
electronic_04::style_swap::swap_same,electronic_04,electronic,S,style_swap,nan,0.932752,0.410372,0.629456,0.099998
electronic_05::control::ctrl,electronic_05,electronic,control,control,0.0,1.000000,1.000000,1.000000,0.389636
electronic_05::pitch_shift::-4st,electronic_05,electronic,H,pitch_shift,-4.0,0.978697,0.503214,0.977026,0.366797
electronic_05::pitch_shift::-2st,electronic_05,electronic,H,pitch_shift,-2.0,0.988503,0.694190,0.990602,0.394411
electronic_05::pitch_shift::-1st,electronic_05,electronic,H,pitch_shift,-1.0,0.989289,0.820253,0.994977,0.370694
electronic_05::pitch_shift::+1st,electronic_05,electronic,H,pitch_shift,1.0,0.988240,0.871084,0.989447,0.321114
electronic_05::pitch_shift::+2st,electronic_05,electronic,H,pitch_shift,2.0,0.989375,0.809444,0.975170,0.349193
electronic_05::pitch_shift::+4st,electronic_05,electronic,H,pitch_shift,4.0,0.987474,0.747286,0.959466,0.356028
electronic_05::time_stretch::-20pct,electronic_05,electronic,R,time_stretch,-20.0,0.998988,0.844527,0.467838,0.274054
electronic_05::time_stretch::-10pct,electronic_05,electronic,R,time_stretch,-10.0,0.998787,0.899799,0.568522,0.346971
electronic_05::time_stretch::-5pct,electronic_05,electronic,R,time_stretch,-5.0,0.999112,0.910808,0.661764,0.329808
electronic_05::time_stretch::+5pct,electronic_05,electronic,R,time_stretch,5.0,0.999054,0.913224,0.658440,0.387147
electronic_05::time_stretch::+10pct,electronic_05,electronic,R,time_stretch,10.0,0.998966,0.897565,0.578117,0.376120
electronic_05::time_stretch::+20pct,electronic_05,electronic,R,time_stretch,20.0,0.998480,0.859635,0.467838,0.312531
electronic_05::lowpass::lp8000,electronic_05,electronic,T,lowpass,8000.0,0.999999,0.419915,0.998368,0.400554
electronic_05::lowpass::lp4000,electronic_05,electronic,T,lowpass,4000.0,0.999999,0.422606,0.995605,0.394692
electronic_05::lowpass::lp2000,electronic_05,electronic,T,lowpass,2000.0,0.999995,0.413037,0.991329,0.275134
electronic_05::distortion::drv4,electronic_05,electronic,T,distortion,4.0,0.999863,0.805368,0.972337,0.317415
electronic_05::distortion::drv12,electronic_05,electronic,T,distortion,12.0,0.999138,0.585290,0.927254,0.245333
electronic_05::distortion::drv32,electronic_05,electronic,T,distortion,32.0,0.998450,0.496781,0.891219,0.210165
electronic_05::style_swap::swap_cross,electronic_05,electronic,S,style_swap,nan,0.938175,0.387428,0.594592,0.152045
electronic_05::style_swap::swap_same,electronic_05,electronic,S,style_swap,nan,0.910941,0.397804,0.654683,0.076128
electronic_06::control::ctrl,electronic_06,electronic,control,control,0.0,1.000000,0.999940,1.000000,0.295073
electronic_06::pitch_shift::-4st,electronic_06,electronic,H,pitch_shift,-4.0,0.804418,0.536069,0.984786,0.310782
electronic_06::pitch_shift::-2st,electronic_06,electronic,H,pitch_shift,-2.0,0.888970,0.693956,0.991772,0.322192
electronic_06::pitch_shift::-1st,electronic_06,electronic,H,pitch_shift,-1.0,0.945645,0.818504,0.994252,0.309645
electronic_06::pitch_shift::+1st,electronic_06,electronic,H,pitch_shift,1.0,0.942882,0.809393,0.992610,0.295983
electronic_06::pitch_shift::+2st,electronic_06,electronic,H,pitch_shift,2.0,0.898346,0.695439,0.988879,0.297897
electronic_06::pitch_shift::+4st,electronic_06,electronic,H,pitch_shift,4.0,0.872200,0.600245,0.977047,0.306484
electronic_06::time_stretch::-20pct,electronic_06,electronic,R,time_stretch,-20.0,0.993384,0.871740,0.492592,0.254830
electronic_06::time_stretch::-10pct,electronic_06,electronic,R,time_stretch,-10.0,0.996719,0.867185,0.571162,0.271936
electronic_06::time_stretch::-5pct,electronic_06,electronic,R,time_stretch,-5.0,0.996760,0.911751,0.632944,0.293992
electronic_06::time_stretch::+5pct,electronic_06,electronic,R,time_stretch,5.0,0.990592,0.932376,0.663358,0.294891
electronic_06::time_stretch::+10pct,electronic_06,electronic,R,time_stretch,10.0,0.997908,0.895041,0.620404,0.311547
electronic_06::time_stretch::+20pct,electronic_06,electronic,R,time_stretch,20.0,0.994315,0.867923,0.492387,0.291707
electronic_06::lowpass::lp8000,electronic_06,electronic,T,lowpass,8000.0,0.999429,0.507961,0.996631,0.301542
electronic_06::lowpass::lp4000,electronic_06,electronic,T,lowpass,4000.0,0.999979,0.460765,0.985038,0.277758
electronic_06::lowpass::lp2000,electronic_06,electronic,T,lowpass,2000.0,0.999927,0.444382,0.898836,0.264148
electronic_06::distortion::drv4,electronic_06,electronic,T,distortion,4.0,0.998690,0.732641,0.990820,0.305740
electronic_06::distortion::drv12,electronic_06,electronic,T,distortion,12.0,0.997279,0.590027,0.968415,0.282565
electronic_06::distortion::drv32,electronic_06,electronic,T,distortion,32.0,0.995958,0.517626,0.932750,0.248451
electronic_06::style_swap::swap_cross,electronic_06,electronic,S,style_swap,nan,0.858565,0.373502,0.597205,0.106453
electronic_06::style_swap::swap_same,electronic_06,electronic,S,style_swap,nan,0.896237,0.424328,0.492387,0.237825
electronic_07::control::ctrl,electronic_07,electronic,control,control,0.0,1.000000,1.000000,1.000000,0.388386
electronic_07::pitch_shift::-4st,electronic_07,electronic,H,pitch_shift,-4.0,0.766562,0.362150,0.982782,0.330526
electronic_07::pitch_shift::-2st,electronic_07,electronic,H,pitch_shift,-2.0,0.818366,0.499343,0.993110,0.334731
electronic_07::pitch_shift::-1st,electronic_07,electronic,H,pitch_shift,-1.0,0.760846,0.684194,0.995994,0.315817
electronic_07::pitch_shift::+1st,electronic_07,electronic,H,pitch_shift,1.0,0.754592,0.822098,0.993963,0.370724
electronic_07::pitch_shift::+2st,electronic_07,electronic,H,pitch_shift,2.0,0.812698,0.722374,0.989009,0.328262
electronic_07::pitch_shift::+4st,electronic_07,electronic,H,pitch_shift,4.0,0.743983,0.606494,0.976464,0.297637
electronic_07::time_stretch::-20pct,electronic_07,electronic,R,time_stretch,-20.0,0.996408,0.872849,0.575376,0.347737
electronic_07::time_stretch::-10pct,electronic_07,electronic,R,time_stretch,-10.0,0.997467,0.898456,0.659441,0.366841
electronic_07::time_stretch::-5pct,electronic_07,electronic,R,time_stretch,-5.0,0.996844,0.940452,0.712757,0.399066
electronic_07::time_stretch::+5pct,electronic_07,electronic,R,time_stretch,5.0,0.995867,0.943528,0.738192,0.391443
electronic_07::time_stretch::+10pct,electronic_07,electronic,R,time_stretch,10.0,0.996091,0.916570,0.664796,0.363905
electronic_07::time_stretch::+20pct,electronic_07,electronic,R,time_stretch,20.0,0.995923,0.868506,0.599433,0.373661
electronic_07::lowpass::lp8000,electronic_07,electronic,T,lowpass,8000.0,1.000000,0.369149,0.998675,0.391376
electronic_07::lowpass::lp4000,electronic_07,electronic,T,lowpass,4000.0,0.999998,0.359384,0.992886,0.283759
electronic_07::lowpass::lp2000,electronic_07,electronic,T,lowpass,2000.0,0.999806,0.343797,0.974246,0.171461
electronic_07::distortion::drv4,electronic_07,electronic,T,distortion,4.0,0.999882,0.435335,0.988260,0.319210
electronic_07::distortion::drv12,electronic_07,electronic,T,distortion,12.0,0.998433,0.379037,0.962933,0.273602
electronic_07::distortion::drv32,electronic_07,electronic,T,distortion,32.0,0.996350,0.363467,0.944004,0.252188
electronic_07::style_swap::swap_cross,electronic_07,electronic,S,style_swap,nan,0.886094,0.417874,0.606970,0.147962
electronic_07::style_swap::swap_same,electronic_07,electronic,S,style_swap,nan,0.882658,0.376619,0.549731,0.122663
electronic_08::control::ctrl,electronic_08,electronic,control,control,0.0,1.000000,1.000000,1.000000,0.337576
electronic_08::pitch_shift::-4st,electronic_08,electronic,H,pitch_shift,-4.0,0.908522,0.543821,0.986558,0.322192
electronic_08::pitch_shift::-2st,electronic_08,electronic,H,pitch_shift,-2.0,0.915175,0.708606,0.991649,0.308210
electronic_08::pitch_shift::-1st,electronic_08,electronic,H,pitch_shift,-1.0,0.948520,0.831964,0.994110,0.349465
electronic_08::pitch_shift::+1st,electronic_08,electronic,H,pitch_shift,1.0,0.958275,0.831989,0.990914,0.322039
electronic_08::pitch_shift::+2st,electronic_08,electronic,H,pitch_shift,2.0,0.919678,0.718460,0.985232,0.329579
electronic_08::pitch_shift::+4st,electronic_08,electronic,H,pitch_shift,4.0,0.903487,0.597304,0.971426,0.324170
electronic_08::time_stretch::-20pct,electronic_08,electronic,R,time_stretch,-20.0,0.996541,0.878500,0.538606,0.248092
electronic_08::time_stretch::-10pct,electronic_08,electronic,R,time_stretch,-10.0,0.988208,0.875842,0.479271,0.272937
electronic_08::time_stretch::-5pct,electronic_08,electronic,R,time_stretch,-5.0,0.991683,0.930188,0.462448,0.265315
electronic_08::time_stretch::+5pct,electronic_08,electronic,R,time_stretch,5.0,0.993878,0.921473,0.652129,0.329579
electronic_08::time_stretch::+10pct,electronic_08,electronic,R,time_stretch,10.0,0.997429,0.883477,0.591651,0.310183
electronic_08::time_stretch::+20pct,electronic_08,electronic,R,time_stretch,20.0,0.992693,0.871431,0.606315,0.291724
electronic_08::lowpass::lp8000,electronic_08,electronic,T,lowpass,8000.0,0.998137,0.496135,0.997432,0.347889
electronic_08::lowpass::lp4000,electronic_08,electronic,T,lowpass,4000.0,0.999998,0.453050,0.989490,0.352493
electronic_08::lowpass::lp2000,electronic_08,electronic,T,lowpass,2000.0,0.996882,0.426175,0.953607,0.283742
electronic_08::distortion::drv4,electronic_08,electronic,T,distortion,4.0,0.999749,0.673292,0.984054,0.312198
electronic_08::distortion::drv12,electronic_08,electronic,T,distortion,12.0,0.986606,0.507479,0.962554,0.259836
electronic_08::distortion::drv32,electronic_08,electronic,T,distortion,32.0,0.995942,0.477746,0.930002,0.201547
electronic_08::style_swap::swap_cross,electronic_08,electronic,S,style_swap,nan,0.927107,0.453751,0.529207,0.176349
electronic_08::style_swap::swap_same,electronic_08,electronic,S,style_swap,nan,0.863319,0.469269,0.492175,0.183987
electronic_09::control::ctrl,electronic_09,electronic,control,control,0.0,1.000000,1.000000,1.000000,0.286478
electronic_09::pitch_shift::-4st,electronic_09,electronic,H,pitch_shift,-4.0,0.959409,0.475050,0.977902,0.261931
electronic_09::pitch_shift::-2st,electronic_09,electronic,H,pitch_shift,-2.0,0.963591,0.656302,0.988170,0.286876
electronic_09::pitch_shift::-1st,electronic_09,electronic,H,pitch_shift,-1.0,0.980598,0.826879,0.992775,0.277060
electronic_09::pitch_shift::+1st,electronic_09,electronic,H,pitch_shift,1.0,0.984398,0.882336,0.993075,0.281241
electronic_09::pitch_shift::+2st,electronic_09,electronic,H,pitch_shift,2.0,0.956294,0.795031,0.988688,0.279688
electronic_09::pitch_shift::+4st,electronic_09,electronic,H,pitch_shift,4.0,0.957647,0.674605,0.978896,0.267053
electronic_09::time_stretch::-20pct,electronic_09,electronic,R,time_stretch,-20.0,0.995786,0.897351,0.626185,0.270473
electronic_09::time_stretch::-10pct,electronic_09,electronic,R,time_stretch,-10.0,0.994738,0.924230,0.682118,0.269472
electronic_09::time_stretch::-5pct,electronic_09,electronic,R,time_stretch,-5.0,0.991339,0.942415,0.757467,0.283046
electronic_09::time_stretch::+5pct,electronic_09,electronic,R,time_stretch,5.0,0.993681,0.966391,0.793479,0.276182
electronic_09::time_stretch::+10pct,electronic_09,electronic,R,time_stretch,10.0,0.993391,0.944324,0.717924,0.248627
electronic_09::time_stretch::+20pct,electronic_09,electronic,R,time_stretch,20.0,0.994183,0.922112,0.658424,0.258231
electronic_09::lowpass::lp8000,electronic_09,electronic,T,lowpass,8000.0,0.999474,0.483836,0.998775,0.303854
electronic_09::lowpass::lp4000,electronic_09,electronic,T,lowpass,4000.0,0.999479,0.453752,0.784357,0.260564
electronic_09::lowpass::lp2000,electronic_09,electronic,T,lowpass,2000.0,0.999986,0.408429,0.765017,0.208968
electronic_09::distortion::drv4,electronic_09,electronic,T,distortion,4.0,0.999442,0.695070,0.992479,0.280576
electronic_09::distortion::drv12,electronic_09,electronic,T,distortion,12.0,0.999431,0.580273,0.976129,0.240947
electronic_09::distortion::drv32,electronic_09,electronic,T,distortion,32.0,0.999298,0.520337,0.954315,0.219360
electronic_09::style_swap::swap_cross,electronic_09,electronic,S,style_swap,nan,0.962967,0.540225,0.613662,0.211127
electronic_09::style_swap::swap_same,electronic_09,electronic,S,style_swap,nan,0.892172,0.449766,0.724892,0.215613
electronic_10::control::ctrl,electronic_10,electronic,control,control,0.0,1.000000,1.000000,1.000000,0.413333
electronic_10::pitch_shift::-4st,electronic_10,electronic,H,pitch_shift,-4.0,0.927037,0.636490,0.955138,0.302029
electronic_10::pitch_shift::-2st,electronic_10,electronic,H,pitch_shift,-2.0,0.934227,0.761208,0.965096,0.315722
electronic_10::pitch_shift::-1st,electronic_10,electronic,H,pitch_shift,-1.0,0.948845,0.854291,0.968949,0.339947
electronic_10::pitch_shift::+1st,electronic_10,electronic,H,pitch_shift,1.0,0.957321,0.877158,0.994434,0.357593
electronic_10::pitch_shift::+2st,electronic_10,electronic,H,pitch_shift,2.0,0.942156,0.799083,0.991552,0.301794
electronic_10::pitch_shift::+4st,electronic_10,electronic,H,pitch_shift,4.0,0.926106,0.701639,0.987228,0.317021
electronic_10::time_stretch::-20pct,electronic_10,electronic,R,time_stretch,-20.0,0.995521,0.872309,0.875370,0.361336
electronic_10::time_stretch::-10pct,electronic_10,electronic,R,time_stretch,-10.0,0.994197,0.889905,0.886615,0.410158
electronic_10::time_stretch::-5pct,electronic_10,electronic,R,time_stretch,-5.0,0.997108,0.917396,0.935756,0.393459
electronic_10::time_stretch::+5pct,electronic_10,electronic,R,time_stretch,5.0,0.996636,0.915546,0.935756,0.364541
electronic_10::time_stretch::+10pct,electronic_10,electronic,R,time_stretch,10.0,0.996679,0.890654,0.882200,0.345545
electronic_10::time_stretch::+20pct,electronic_10,electronic,R,time_stretch,20.0,0.994358,0.875533,0.865741,0.390346
electronic_10::lowpass::lp8000,electronic_10,electronic,T,lowpass,8000.0,0.999418,0.528164,0.998620,0.403123
electronic_10::lowpass::lp4000,electronic_10,electronic,T,lowpass,4000.0,0.999519,0.458573,0.995015,0.374674
electronic_10::lowpass::lp2000,electronic_10,electronic,T,lowpass,2000.0,0.999878,0.436361,0.971037,0.278101
electronic_10::distortion::drv4,electronic_10,electronic,T,distortion,4.0,0.998247,0.775004,0.992018,0.316759
electronic_10::distortion::drv12,electronic_10,electronic,T,distortion,12.0,0.997680,0.650700,0.967430,0.210634
electronic_10::distortion::drv32,electronic_10,electronic,T,distortion,32.0,0.997355,0.562191,0.917528,0.180212
electronic_10::style_swap::swap_cross,electronic_10,electronic,S,style_swap,nan,0.942699,0.416073,0.937445,0.139560
electronic_10::style_swap::swap_same,electronic_10,electronic,S,style_swap,nan,0.859537,0.468063,0.899709,0.195873
electronic_11::control::ctrl,electronic_11,electronic,control,control,0.0,1.000000,1.000000,1.000000,0.376796
electronic_11::pitch_shift::-4st,electronic_11,electronic,H,pitch_shift,-4.0,0.938685,0.513101,0.985868,0.360424
electronic_11::pitch_shift::-2st,electronic_11,electronic,H,pitch_shift,-2.0,0.948451,0.672160,0.947797,0.389250
electronic_11::pitch_shift::-1st,electronic_11,electronic,H,pitch_shift,-1.0,0.934442,0.804707,0.992252,0.378935
electronic_11::pitch_shift::+1st,electronic_11,electronic,H,pitch_shift,1.0,0.931792,0.869101,0.946374,0.421347
electronic_11::pitch_shift::+2st,electronic_11,electronic,H,pitch_shift,2.0,0.941306,0.795511,0.944927,0.377963
electronic_11::pitch_shift::+4st,electronic_11,electronic,H,pitch_shift,4.0,0.931312,0.665806,0.933890,0.379616
electronic_11::time_stretch::-20pct,electronic_11,electronic,R,time_stretch,-20.0,0.995049,0.841323,0.678262,0.462152
electronic_11::time_stretch::-10pct,electronic_11,electronic,R,time_stretch,-10.0,0.998182,0.889206,0.738501,0.418109
electronic_11::time_stretch::-5pct,electronic_11,electronic,R,time_stretch,-5.0,0.999267,0.925465,0.801050,0.431557
electronic_11::time_stretch::+5pct,electronic_11,electronic,R,time_stretch,5.0,0.998669,0.907761,0.760252,0.414097
electronic_11::time_stretch::+10pct,electronic_11,electronic,R,time_stretch,10.0,0.995713,0.891752,0.705064,0.384310
electronic_11::time_stretch::+20pct,electronic_11,electronic,R,time_stretch,20.0,0.994667,0.869275,0.674601,0.383044
electronic_11::lowpass::lp8000,electronic_11,electronic,T,lowpass,8000.0,0.999645,0.460656,0.952868,0.384098
electronic_11::lowpass::lp4000,electronic_11,electronic,T,lowpass,4000.0,0.999927,0.446934,0.936248,0.395234
electronic_11::lowpass::lp2000,electronic_11,electronic,T,lowpass,2000.0,0.999985,0.414799,0.775530,0.380716
electronic_11::distortion::drv4,electronic_11,electronic,T,distortion,4.0,0.999866,0.755976,0.946075,0.400055
electronic_11::distortion::drv12,electronic_11,electronic,T,distortion,12.0,0.999465,0.563732,0.804425,0.242443
electronic_11::distortion::drv32,electronic_11,electronic,T,distortion,32.0,0.998631,0.484526,0.758401,0.170811
electronic_11::style_swap::swap_cross,electronic_11,electronic,S,style_swap,nan,0.822051,0.442780,0.665823,0.273092
electronic_11::style_swap::swap_same,electronic_11,electronic,S,style_swap,nan,0.954572,0.520179,0.651857,0.230160
electronic_12::control::ctrl,electronic_12,electronic,control,control,0.0,1.000000,1.000000,1.000000,0.362539
electronic_12::pitch_shift::-4st,electronic_12,electronic,H,pitch_shift,-4.0,0.925351,0.609278,0.961158,0.278176
electronic_12::pitch_shift::-2st,electronic_12,electronic,H,pitch_shift,-2.0,0.980443,0.741232,0.989681,0.292410
electronic_12::pitch_shift::-1st,electronic_12,electronic,H,pitch_shift,-1.0,0.994124,0.839776,0.996851,0.325174
electronic_12::pitch_shift::+1st,electronic_12,electronic,H,pitch_shift,1.0,0.989993,0.849990,0.992541,0.289745
electronic_12::pitch_shift::+2st,electronic_12,electronic,H,pitch_shift,2.0,0.942581,0.718769,0.982626,0.345670
electronic_12::pitch_shift::+4st,electronic_12,electronic,H,pitch_shift,4.0,0.870986,0.580142,0.947041,0.332403
electronic_12::time_stretch::-20pct,electronic_12,electronic,R,time_stretch,-20.0,0.995486,0.893181,0.214705,0.275415
electronic_12::time_stretch::-10pct,electronic_12,electronic,R,time_stretch,-10.0,0.995077,0.905521,0.353968,0.318058
electronic_12::time_stretch::-5pct,electronic_12,electronic,R,time_stretch,-5.0,0.996150,0.933377,0.503291,0.327367
electronic_12::time_stretch::+5pct,electronic_12,electronic,R,time_stretch,5.0,0.996161,0.956473,0.497655,0.343536
electronic_12::time_stretch::+10pct,electronic_12,electronic,R,time_stretch,10.0,0.992855,0.930926,0.376862,0.334429
electronic_12::time_stretch::+20pct,electronic_12,electronic,R,time_stretch,20.0,0.995718,0.903473,0.218076,0.311528
electronic_12::lowpass::lp8000,electronic_12,electronic,T,lowpass,8000.0,1.000000,0.718590,0.999336,0.359881
electronic_12::lowpass::lp4000,electronic_12,electronic,T,lowpass,4000.0,0.999967,0.617784,0.996177,0.347517
electronic_12::lowpass::lp2000,electronic_12,electronic,T,lowpass,2000.0,0.999998,0.523638,0.990328,0.325938
electronic_12::distortion::drv4,electronic_12,electronic,T,distortion,4.0,0.998066,0.772342,0.994745,0.347050
electronic_12::distortion::drv12,electronic_12,electronic,T,distortion,12.0,0.996694,0.659341,0.979778,0.289410
electronic_12::distortion::drv32,electronic_12,electronic,T,distortion,32.0,0.996048,0.579753,0.949473,0.237854
electronic_12::style_swap::swap_cross,electronic_12,electronic,S,style_swap,nan,0.761492,0.406166,0.458720,0.144233
electronic_12::style_swap::swap_same,electronic_12,electronic,S,style_swap,nan,0.859537,0.468037,0.442778,0.184530
electronic_13::control::ctrl,electronic_13,electronic,control,control,0.0,1.000000,0.993659,0.999997,0.348509
electronic_13::pitch_shift::-4st,electronic_13,electronic,H,pitch_shift,-4.0,0.969528,0.625518,0.984902,0.302081
electronic_13::pitch_shift::-2st,electronic_13,electronic,H,pitch_shift,-2.0,0.975927,0.764546,0.952799,0.348972
electronic_13::pitch_shift::-1st,electronic_13,electronic,H,pitch_shift,-1.0,0.980124,0.865830,0.955277,0.241598
electronic_13::pitch_shift::+1st,electronic_13,electronic,H,pitch_shift,1.0,0.990400,0.872442,0.951772,0.294271
electronic_13::pitch_shift::+2st,electronic_13,electronic,H,pitch_shift,2.0,0.973172,0.776106,0.988098,0.316582
electronic_13::pitch_shift::+4st,electronic_13,electronic,H,pitch_shift,4.0,0.962658,0.680156,0.922109,0.282814
electronic_13::time_stretch::-20pct,electronic_13,electronic,R,time_stretch,-20.0,0.993593,0.887697,0.424245,0.279861
electronic_13::time_stretch::-10pct,electronic_13,electronic,R,time_stretch,-10.0,0.997230,0.912308,0.505190,0.295355
electronic_13::time_stretch::-5pct,electronic_13,electronic,R,time_stretch,-5.0,0.995355,0.940778,0.593908,0.371233
electronic_13::time_stretch::+5pct,electronic_13,electronic,R,time_stretch,5.0,0.994426,0.950774,0.652717,0.355018
electronic_13::time_stretch::+10pct,electronic_13,electronic,R,time_stretch,10.0,0.993618,0.932963,0.558868,0.327507
electronic_13::time_stretch::+20pct,electronic_13,electronic,R,time_stretch,20.0,0.996687,0.887836,0.481783,0.323883
electronic_13::lowpass::lp8000,electronic_13,electronic,T,lowpass,8000.0,0.999985,0.491318,0.998480,0.355018
electronic_13::lowpass::lp4000,electronic_13,electronic,T,lowpass,4000.0,0.999990,0.470791,0.995247,0.369536
electronic_13::lowpass::lp2000,electronic_13,electronic,T,lowpass,2000.0,0.999998,0.461128,0.985278,0.321040
electronic_13::distortion::drv4,electronic_13,electronic,T,distortion,4.0,0.999837,0.856340,0.993420,0.333289
electronic_13::distortion::drv12,electronic_13,electronic,T,distortion,12.0,0.999499,0.741137,0.977622,0.295267
electronic_13::distortion::drv32,electronic_13,electronic,T,distortion,32.0,0.999227,0.664535,0.955131,0.175960
electronic_13::style_swap::swap_cross,electronic_13,electronic,S,style_swap,nan,0.779592,0.418635,0.415680,0.186356
electronic_13::style_swap::swap_same,electronic_13,electronic,S,style_swap,nan,0.968089,0.528689,0.450717,0.093677
electronic_14::control::ctrl,electronic_14,electronic,control,control,0.0,1.000000,1.000000,1.000000,0.340307
electronic_14::pitch_shift::-4st,electronic_14,electronic,H,pitch_shift,-4.0,0.944088,0.604467,0.886371,0.328057
electronic_14::pitch_shift::-2st,electronic_14,electronic,H,pitch_shift,-2.0,0.947731,0.769855,0.944000,0.329766
electronic_14::pitch_shift::-1st,electronic_14,electronic,H,pitch_shift,-1.0,0.961905,0.868735,0.947186,0.319381
electronic_14::pitch_shift::+1st,electronic_14,electronic,H,pitch_shift,1.0,0.963249,0.878183,0.992765,0.353646
electronic_14::pitch_shift::+2st,electronic_14,electronic,H,pitch_shift,2.0,0.950868,0.797621,0.986050,0.370049
electronic_14::pitch_shift::+4st,electronic_14,electronic,H,pitch_shift,4.0,0.944287,0.708866,0.871025,0.334044
electronic_14::time_stretch::-20pct,electronic_14,electronic,R,time_stretch,-20.0,0.992999,0.903846,0.412351,0.283742
electronic_14::time_stretch::-10pct,electronic_14,electronic,R,time_stretch,-10.0,0.995971,0.894674,0.579551,0.299466
electronic_14::time_stretch::-5pct,electronic_14,electronic,R,time_stretch,-5.0,0.997720,0.932679,0.611064,0.342965
electronic_14::time_stretch::+5pct,electronic_14,electronic,R,time_stretch,5.0,0.994496,0.950972,0.644494,0.329766
electronic_14::time_stretch::+10pct,electronic_14,electronic,R,time_stretch,10.0,0.997219,0.935161,0.574181,0.273769
electronic_14::time_stretch::+20pct,electronic_14,electronic,R,time_stretch,20.0,0.996834,0.940751,0.434703,0.260151
electronic_14::lowpass::lp8000,electronic_14,electronic,T,lowpass,8000.0,0.999796,0.506671,0.993608,0.339060
electronic_14::lowpass::lp4000,electronic_14,electronic,T,lowpass,4000.0,0.999959,0.470805,0.888807,0.316465
electronic_14::lowpass::lp2000,electronic_14,electronic,T,lowpass,2000.0,0.999934,0.452129,0.874068,0.294205
electronic_14::distortion::drv4,electronic_14,electronic,T,distortion,4.0,0.999540,0.792163,0.985038,0.278096
electronic_14::distortion::drv12,electronic_14,electronic,T,distortion,12.0,0.998372,0.641792,0.859453,0.157059
electronic_14::distortion::drv32,electronic_14,electronic,T,distortion,32.0,0.997578,0.553050,0.575864,0.119440
electronic_14::style_swap::swap_cross,electronic_14,electronic,S,style_swap,nan,0.874988,0.389854,0.608194,0.240143
electronic_14::style_swap::swap_same,electronic_14,electronic,S,style_swap,nan,0.883613,0.535980,0.395106,0.150926
electronic_15::control::ctrl,electronic_15,electronic,control,control,0.0,1.000000,1.000000,1.000000,0.384448
electronic_15::pitch_shift::-4st,electronic_15,electronic,H,pitch_shift,-4.0,0.840943,0.453885,0.960622,0.259582
electronic_15::pitch_shift::-2st,electronic_15,electronic,H,pitch_shift,-2.0,0.896542,0.614272,0.974602,0.261769
electronic_15::pitch_shift::-1st,electronic_15,electronic,H,pitch_shift,-1.0,0.782124,0.679699,0.964412,0.262578
electronic_15::pitch_shift::+1st,electronic_15,electronic,H,pitch_shift,1.0,0.779700,0.737446,0.964919,0.270208
electronic_15::pitch_shift::+2st,electronic_15,electronic,H,pitch_shift,2.0,0.884341,0.628087,0.963924,0.265622
electronic_15::pitch_shift::+4st,electronic_15,electronic,H,pitch_shift,4.0,0.871583,0.518374,0.963308,0.280020
electronic_15::time_stretch::-20pct,electronic_15,electronic,R,time_stretch,-20.0,0.997531,0.753489,0.939694,0.391086
electronic_15::time_stretch::-10pct,electronic_15,electronic,R,time_stretch,-10.0,0.998574,0.791701,0.932166,0.328507
electronic_15::time_stretch::-5pct,electronic_15,electronic,R,time_stretch,-5.0,0.998306,0.796824,0.936356,0.347253
electronic_15::time_stretch::+5pct,electronic_15,electronic,R,time_stretch,5.0,0.999215,0.764778,0.929735,0.347294
electronic_15::time_stretch::+10pct,electronic_15,electronic,R,time_stretch,10.0,0.999031,0.797972,0.932326,0.336544
electronic_15::time_stretch::+20pct,electronic_15,electronic,R,time_stretch,20.0,0.998811,0.790278,0.956694,0.350113
electronic_15::lowpass::lp8000,electronic_15,electronic,T,lowpass,8000.0,1.000000,0.486819,0.998033,0.398429
electronic_15::lowpass::lp4000,electronic_15,electronic,T,lowpass,4000.0,0.999999,0.431043,0.973595,0.338295
electronic_15::lowpass::lp2000,electronic_15,electronic,T,lowpass,2000.0,0.999959,0.396597,0.971245,0.284265
electronic_15::distortion::drv4,electronic_15,electronic,T,distortion,4.0,0.999999,0.955684,0.972045,0.387293
electronic_15::distortion::drv12,electronic_15,electronic,T,distortion,12.0,0.999742,0.778311,0.975551,0.342310
electronic_15::distortion::drv32,electronic_15,electronic,T,distortion,32.0,0.996745,0.595470,0.967717,0.276272
electronic_15::style_swap::swap_cross,electronic_15,electronic,S,style_swap,nan,0.942812,0.412285,0.947201,0.191604
electronic_15::style_swap::swap_same,electronic_15,electronic,S,style_swap,nan,0.875010,0.397523,0.917864,0.067780
folk_01::control::ctrl,folk_01,folk,control,control,0.0,1.000000,1.000000,1.000000,0.338374
folk_01::pitch_shift::-4st,folk_01,folk,H,pitch_shift,-4.0,0.878283,0.512452,0.986858,0.239665
folk_01::pitch_shift::-2st,folk_01,folk,H,pitch_shift,-2.0,0.910474,0.645751,0.994751,0.283805
folk_01::pitch_shift::-1st,folk_01,folk,H,pitch_shift,-1.0,0.852995,0.779787,0.996618,0.277153
folk_01::pitch_shift::+1st,folk_01,folk,H,pitch_shift,1.0,0.811005,0.785732,0.994595,0.261294
folk_01::pitch_shift::+2st,folk_01,folk,H,pitch_shift,2.0,0.914739,0.648749,0.988924,0.267270
folk_01::pitch_shift::+4st,folk_01,folk,H,pitch_shift,4.0,0.850880,0.526821,0.974069,0.275864
folk_01::time_stretch::-20pct,folk_01,folk,R,time_stretch,-20.0,0.995576,0.864157,0.496007,0.288173
folk_01::time_stretch::-10pct,folk_01,folk,R,time_stretch,-10.0,0.998741,0.893672,0.598147,0.322039
folk_01::time_stretch::-5pct,folk_01,folk,R,time_stretch,-5.0,0.999482,0.923512,0.646632,0.339059
folk_01::time_stretch::+5pct,folk_01,folk,R,time_stretch,5.0,0.998548,0.940892,0.664799,0.328526
folk_01::time_stretch::+10pct,folk_01,folk,R,time_stretch,10.0,0.994638,0.905240,0.590092,0.332330
folk_01::time_stretch::+20pct,folk_01,folk,R,time_stretch,20.0,0.994740,0.804261,0.521485,0.319141
folk_01::lowpass::lp8000,folk_01,folk,T,lowpass,8000.0,0.999954,0.501764,0.999435,0.342016
folk_01::lowpass::lp4000,folk_01,folk,T,lowpass,4000.0,0.999555,0.436560,0.997014,0.310484
folk_01::lowpass::lp2000,folk_01,folk,T,lowpass,2000.0,0.998372,0.442274,0.991835,0.282792
folk_01::distortion::drv4,folk_01,folk,T,distortion,4.0,0.999769,0.677715,0.997098,0.345715
folk_01::distortion::drv12,folk_01,folk,T,distortion,12.0,0.993428,0.489176,0.988871,0.294533
folk_01::distortion::drv32,folk_01,folk,T,distortion,32.0,0.996681,0.423966,0.967467,0.216395
folk_01::style_swap::swap_cross,folk_01,folk,S,style_swap,nan,0.906383,0.349768,0.465617,0.068067
folk_01::style_swap::swap_same,folk_01,folk,S,style_swap,nan,0.649426,0.385260,0.531447,0.166265
folk_02::control::ctrl,folk_02,folk,control,control,0.0,1.000000,1.000000,1.000000,0.403607
folk_02::pitch_shift::-4st,folk_02,folk,H,pitch_shift,-4.0,0.795790,0.561908,0.968751,0.349314
folk_02::pitch_shift::-2st,folk_02,folk,H,pitch_shift,-2.0,0.726504,0.685723,0.989176,0.348787
folk_02::pitch_shift::-1st,folk_02,folk,H,pitch_shift,-1.0,0.837720,0.796936,0.990462,0.392869
folk_02::pitch_shift::+1st,folk_02,folk,H,pitch_shift,1.0,0.805730,0.790353,0.973029,0.370572
folk_02::pitch_shift::+2st,folk_02,folk,H,pitch_shift,2.0,0.717197,0.673620,0.988302,0.370622
folk_02::pitch_shift::+4st,folk_02,folk,H,pitch_shift,4.0,0.784144,0.586191,0.969324,0.349449
folk_02::time_stretch::-20pct,folk_02,folk,R,time_stretch,-20.0,0.997082,0.836732,0.839746,0.387302
folk_02::time_stretch::-10pct,folk_02,folk,R,time_stretch,-10.0,0.993775,0.852342,0.854260,0.345671
folk_02::time_stretch::-5pct,folk_02,folk,R,time_stretch,-5.0,0.997667,0.883533,0.871756,0.419426
folk_02::time_stretch::+5pct,folk_02,folk,R,time_stretch,5.0,0.994668,0.859647,0.881080,0.392869
folk_02::time_stretch::+10pct,folk_02,folk,R,time_stretch,10.0,0.994877,0.880931,0.854579,0.370572
folk_02::time_stretch::+20pct,folk_02,folk,R,time_stretch,20.0,0.996011,0.844646,0.822836,0.405375
folk_02::lowpass::lp8000,folk_02,folk,T,lowpass,8000.0,0.999994,0.667875,0.999496,0.407436
folk_02::lowpass::lp4000,folk_02,folk,T,lowpass,4000.0,0.998544,0.476050,0.995762,0.396698
folk_02::lowpass::lp2000,folk_02,folk,T,lowpass,2000.0,0.999954,0.429862,0.989002,0.346270
folk_02::distortion::drv4,folk_02,folk,T,distortion,4.0,0.996031,0.690976,0.930826,0.361709
folk_02::distortion::drv12,folk_02,folk,T,distortion,12.0,0.987800,0.481315,0.912690,0.263779
folk_02::distortion::drv32,folk_02,folk,T,distortion,32.0,0.984613,0.456286,0.893513,0.135634
folk_02::style_swap::swap_cross,folk_02,folk,S,style_swap,nan,0.890880,0.407892,0.801770,0.285555
folk_02::style_swap::swap_same,folk_02,folk,S,style_swap,nan,0.821751,0.435787,0.841288,0.250627
folk_03::control::ctrl,folk_03,folk,control,control,0.0,1.000000,1.000000,1.000000,0.344092
folk_03::pitch_shift::-4st,folk_03,folk,H,pitch_shift,-4.0,0.818910,0.673368,0.991218,0.311045
folk_03::pitch_shift::-2st,folk_03,folk,H,pitch_shift,-2.0,0.806482,0.801302,0.995688,0.297275
folk_03::pitch_shift::-1st,folk_03,folk,H,pitch_shift,-1.0,0.889411,0.876651,0.997764,0.328116
folk_03::pitch_shift::+1st,folk_03,folk,H,pitch_shift,1.0,0.926669,0.871384,0.973889,0.307140
folk_03::pitch_shift::+2st,folk_03,folk,H,pitch_shift,2.0,0.826011,0.780384,0.994554,0.313591
folk_03::pitch_shift::+4st,folk_03,folk,H,pitch_shift,4.0,0.817970,0.642399,0.964130,0.313567
folk_03::time_stretch::-20pct,folk_03,folk,R,time_stretch,-20.0,0.991558,0.887336,0.736883,0.355373
folk_03::time_stretch::-10pct,folk_03,folk,R,time_stretch,-10.0,0.993192,0.935953,0.818374,0.367147
folk_03::time_stretch::-5pct,folk_03,folk,R,time_stretch,-5.0,0.992738,0.948462,0.865759,0.367743
folk_03::time_stretch::+5pct,folk_03,folk,R,time_stretch,5.0,0.989697,0.925641,0.826593,0.350580
folk_03::time_stretch::+10pct,folk_03,folk,R,time_stretch,10.0,0.990863,0.909039,0.818869,0.360923
folk_03::time_stretch::+20pct,folk_03,folk,R,time_stretch,20.0,0.987468,0.900167,0.773870,0.338203
folk_03::lowpass::lp8000,folk_03,folk,T,lowpass,8000.0,0.994476,0.675563,0.998619,0.358176
folk_03::lowpass::lp4000,folk_03,folk,T,lowpass,4000.0,0.995525,0.591141,0.993953,0.352007
folk_03::lowpass::lp2000,folk_03,folk,T,lowpass,2000.0,0.995449,0.498634,0.986788,0.336520
folk_03::distortion::drv4,folk_03,folk,T,distortion,4.0,0.994939,0.813659,0.998427,0.332021
folk_03::distortion::drv12,folk_03,folk,T,distortion,12.0,0.994688,0.642654,0.971034,0.324554
folk_03::distortion::drv32,folk_03,folk,T,distortion,32.0,0.993130,0.559313,0.964637,0.246114
folk_03::style_swap::swap_cross,folk_03,folk,S,style_swap,nan,0.802467,0.464467,0.791240,0.132397
folk_03::style_swap::swap_same,folk_03,folk,S,style_swap,nan,0.838325,0.510036,0.864919,0.326745
folk_04::control::ctrl,folk_04,folk,control,control,0.0,1.000000,1.000000,1.000000,0.411892
folk_04::pitch_shift::-4st,folk_04,folk,H,pitch_shift,-4.0,0.847736,0.601474,0.990731,0.365477
folk_04::pitch_shift::-2st,folk_04,folk,H,pitch_shift,-2.0,0.854301,0.752888,0.994280,0.396861
folk_04::pitch_shift::-1st,folk_04,folk,H,pitch_shift,-1.0,0.840002,0.862555,0.995805,0.384405
folk_04::pitch_shift::+1st,folk_04,folk,H,pitch_shift,1.0,0.849374,0.852991,0.994468,0.397902
folk_04::pitch_shift::+2st,folk_04,folk,H,pitch_shift,2.0,0.850427,0.740910,0.991388,0.431163
folk_04::pitch_shift::+4st,folk_04,folk,H,pitch_shift,4.0,0.844710,0.631192,0.985375,0.389075
folk_04::time_stretch::-20pct,folk_04,folk,R,time_stretch,-20.0,0.996647,0.864388,0.762383,0.459307
folk_04::time_stretch::-10pct,folk_04,folk,R,time_stretch,-10.0,0.999284,0.910771,0.801553,0.440441
folk_04::time_stretch::-5pct,folk_04,folk,R,time_stretch,-5.0,0.998406,0.932391,0.848898,0.415344
folk_04::time_stretch::+5pct,folk_04,folk,R,time_stretch,5.0,0.998557,0.943118,0.845804,0.447006
folk_04::time_stretch::+10pct,folk_04,folk,R,time_stretch,10.0,0.997020,0.922936,0.820057,0.455052
folk_04::time_stretch::+20pct,folk_04,folk,R,time_stretch,20.0,0.995873,0.893722,0.778709,0.503879
folk_04::lowpass::lp8000,folk_04,folk,T,lowpass,8000.0,0.999999,0.560813,0.997609,0.417879
folk_04::lowpass::lp4000,folk_04,folk,T,lowpass,4000.0,0.999999,0.507935,0.990416,0.456928
folk_04::lowpass::lp2000,folk_04,folk,T,lowpass,2000.0,0.999972,0.424061,0.975807,0.438744
folk_04::distortion::drv4,folk_04,folk,T,distortion,4.0,0.999622,0.842631,0.995711,0.448867
folk_04::distortion::drv12,folk_04,folk,T,distortion,12.0,0.996128,0.669891,0.984405,0.404997
folk_04::distortion::drv32,folk_04,folk,T,distortion,32.0,0.991641,0.570901,0.973388,0.305463
folk_04::style_swap::swap_cross,folk_04,folk,S,style_swap,nan,0.750422,0.397437,0.869202,0.294244
folk_04::style_swap::swap_same,folk_04,folk,S,style_swap,nan,0.700553,0.469813,0.894759,0.278995
folk_05::control::ctrl,folk_05,folk,control,control,0.0,1.000000,1.000000,1.000000,0.287783
folk_05::pitch_shift::-4st,folk_05,folk,H,pitch_shift,-4.0,0.669109,0.618011,0.975200,0.235204
folk_05::pitch_shift::-2st,folk_05,folk,H,pitch_shift,-2.0,0.608549,0.749106,0.979225,0.251415
folk_05::pitch_shift::-1st,folk_05,folk,H,pitch_shift,-1.0,0.578449,0.773226,0.981014,0.234628
folk_05::pitch_shift::+1st,folk_05,folk,H,pitch_shift,1.0,0.582867,0.748130,0.992849,0.221613
folk_05::pitch_shift::+2st,folk_05,folk,H,pitch_shift,2.0,0.612532,0.732405,0.978642,0.258279
folk_05::pitch_shift::+4st,folk_05,folk,H,pitch_shift,4.0,0.706870,0.590455,0.989918,0.237127
folk_05::time_stretch::-20pct,folk_05,folk,R,time_stretch,-20.0,0.990330,0.786007,0.923406,0.244385
folk_05::time_stretch::-10pct,folk_05,folk,R,time_stretch,-10.0,0.998108,0.806291,0.950248,0.238197
folk_05::time_stretch::-5pct,folk_05,folk,R,time_stretch,-5.0,0.999441,0.764857,0.944617,0.257202
folk_05::time_stretch::+5pct,folk_05,folk,R,time_stretch,5.0,0.998390,0.768592,0.898975,0.266634
folk_05::time_stretch::+10pct,folk_05,folk,R,time_stretch,10.0,0.997342,0.787184,0.904006,0.264064
folk_05::time_stretch::+20pct,folk_05,folk,R,time_stretch,20.0,0.991051,0.749819,0.925591,0.255357
folk_05::lowpass::lp8000,folk_05,folk,T,lowpass,8000.0,0.999984,0.931768,0.999961,0.287783
folk_05::lowpass::lp4000,folk_05,folk,T,lowpass,4000.0,0.999898,0.564107,0.999644,0.293270
folk_05::lowpass::lp2000,folk_05,folk,T,lowpass,2000.0,0.999961,0.452369,0.998639,0.277228
folk_05::distortion::drv4,folk_05,folk,T,distortion,4.0,0.999944,0.853610,0.998292,0.262774
folk_05::distortion::drv12,folk_05,folk,T,distortion,12.0,0.997911,0.643827,0.977717,0.249244
folk_05::distortion::drv32,folk_05,folk,T,distortion,32.0,0.990057,0.508045,0.916280,0.178043
folk_05::style_swap::swap_cross,folk_05,folk,S,style_swap,nan,0.914382,0.465521,0.921075,0.196363
folk_05::style_swap::swap_same,folk_05,folk,S,style_swap,nan,0.622665,0.467365,0.874674,0.227067
folk_06::control::ctrl,folk_06,folk,control,control,0.0,1.000000,1.000000,1.000000,0.323765
folk_06::pitch_shift::-4st,folk_06,folk,H,pitch_shift,-4.0,0.500311,0.404109,0.975960,0.243336
folk_06::pitch_shift::-2st,folk_06,folk,H,pitch_shift,-2.0,0.479379,0.536206,0.995752,0.273866
folk_06::pitch_shift::-1st,folk_06,folk,H,pitch_shift,-1.0,0.594461,0.696802,0.997566,0.264471
folk_06::pitch_shift::+1st,folk_06,folk,H,pitch_shift,1.0,0.496503,0.767478,0.960527,0.230992
folk_06::pitch_shift::+2st,folk_06,folk,H,pitch_shift,2.0,0.504675,0.653127,0.958851,0.324104
folk_06::pitch_shift::+4st,folk_06,folk,H,pitch_shift,4.0,0.510852,0.523710,0.991714,0.234457
folk_06::time_stretch::-20pct,folk_06,folk,R,time_stretch,-20.0,0.992793,0.826043,0.857109,0.288422
folk_06::time_stretch::-10pct,folk_06,folk,R,time_stretch,-10.0,0.998459,0.902841,0.935378,0.313141
folk_06::time_stretch::-5pct,folk_06,folk,R,time_stretch,-5.0,0.998643,0.922306,0.906693,0.324741
folk_06::time_stretch::+5pct,folk_06,folk,R,time_stretch,5.0,0.998311,0.923108,0.919805,0.333444
folk_06::time_stretch::+10pct,folk_06,folk,R,time_stretch,10.0,0.996359,0.892869,0.919506,0.320480
folk_06::time_stretch::+20pct,folk_06,folk,R,time_stretch,20.0,0.985199,0.879807,0.851655,0.287392
folk_06::lowpass::lp8000,folk_06,folk,T,lowpass,8000.0,1.000000,0.427535,0.998836,0.330599
folk_06::lowpass::lp4000,folk_06,folk,T,lowpass,4000.0,0.999977,0.443911,0.997363,0.321785
folk_06::lowpass::lp2000,folk_06,folk,T,lowpass,2000.0,0.984626,0.370865,0.996223,0.254557
folk_06::distortion::drv4,folk_06,folk,T,distortion,4.0,0.999937,0.590138,0.959201,0.339149
folk_06::distortion::drv12,folk_06,folk,T,distortion,12.0,0.998352,0.447169,0.954707,0.295928
folk_06::distortion::drv32,folk_06,folk,T,distortion,32.0,0.993986,0.401387,0.941683,0.235712
folk_06::style_swap::swap_cross,folk_06,folk,S,style_swap,nan,0.744829,0.361779,0.864779,0.173100
folk_06::style_swap::swap_same,folk_06,folk,S,style_swap,nan,0.912357,0.367504,0.921461,0.294589
folk_07::control::ctrl,folk_07,folk,control,control,0.0,1.000000,1.000000,1.000000,0.391473
folk_07::pitch_shift::-4st,folk_07,folk,H,pitch_shift,-4.0,0.796968,0.485182,0.989702,0.329196
folk_07::pitch_shift::-2st,folk_07,folk,H,pitch_shift,-2.0,0.757619,0.632054,0.994944,0.340614
folk_07::pitch_shift::-1st,folk_07,folk,H,pitch_shift,-1.0,0.842584,0.759281,0.997153,0.362432
folk_07::pitch_shift::+1st,folk_07,folk,H,pitch_shift,1.0,0.848528,0.825588,0.996127,0.388628
folk_07::pitch_shift::+2st,folk_07,folk,H,pitch_shift,2.0,0.750725,0.728953,0.993741,0.406942
folk_07::pitch_shift::+4st,folk_07,folk,H,pitch_shift,4.0,0.772923,0.604835,0.988649,0.365623
folk_07::time_stretch::-20pct,folk_07,folk,R,time_stretch,-20.0,0.995357,0.876624,0.839984,0.403993
folk_07::time_stretch::-10pct,folk_07,folk,R,time_stretch,-10.0,0.997135,0.895737,0.858419,0.397359
folk_07::time_stretch::-5pct,folk_07,folk,R,time_stretch,-5.0,0.996855,0.924252,0.900683,0.392488
folk_07::time_stretch::+5pct,folk_07,folk,R,time_stretch,5.0,0.996207,0.941659,0.882771,0.396370
folk_07::time_stretch::+10pct,folk_07,folk,R,time_stretch,10.0,0.996562,0.904148,0.858755,0.351427
folk_07::time_stretch::+20pct,folk_07,folk,R,time_stretch,20.0,0.992535,0.864864,0.831519,0.399850
folk_07::lowpass::lp8000,folk_07,folk,T,lowpass,8000.0,0.999943,0.448054,0.998557,0.402695
folk_07::lowpass::lp4000,folk_07,folk,T,lowpass,4000.0,0.999932,0.422538,0.995446,0.377521
folk_07::lowpass::lp2000,folk_07,folk,T,lowpass,2000.0,0.999720,0.408585,0.990009,0.292838
folk_07::distortion::drv4,folk_07,folk,T,distortion,4.0,0.999439,0.821782,0.999053,0.395356
folk_07::distortion::drv12,folk_07,folk,T,distortion,12.0,0.995280,0.668085,0.994791,0.305803
folk_07::distortion::drv32,folk_07,folk,T,distortion,32.0,0.989306,0.542109,0.986895,0.227597
folk_07::style_swap::swap_cross,folk_07,folk,S,style_swap,nan,0.848329,0.457508,0.836980,0.087538
folk_07::style_swap::swap_same,folk_07,folk,S,style_swap,nan,0.754787,0.436250,0.891110,0.256313
folk_08::control::ctrl,folk_08,folk,control,control,0.0,1.000000,1.000000,1.000000,0.451147
folk_08::pitch_shift::-4st,folk_08,folk,H,pitch_shift,-4.0,0.811519,0.608798,0.984192,0.375772
folk_08::pitch_shift::-2st,folk_08,folk,H,pitch_shift,-2.0,0.779549,0.769229,0.989685,0.416330
folk_08::pitch_shift::-1st,folk_08,folk,H,pitch_shift,-1.0,0.738431,0.866369,0.992819,0.427067
folk_08::pitch_shift::+1st,folk_08,folk,H,pitch_shift,1.0,0.759673,0.871636,0.991858,0.408889
folk_08::pitch_shift::+2st,folk_08,folk,H,pitch_shift,2.0,0.788093,0.787837,0.987970,0.462654
folk_08::pitch_shift::+4st,folk_08,folk,H,pitch_shift,4.0,0.797853,0.662573,0.979784,0.423793
folk_08::time_stretch::-20pct,folk_08,folk,R,time_stretch,-20.0,0.996396,0.880568,0.652570,0.411719
folk_08::time_stretch::-10pct,folk_08,folk,R,time_stretch,-10.0,0.998267,0.892486,0.714182,0.484633
folk_08::time_stretch::-5pct,folk_08,folk,R,time_stretch,-5.0,0.999230,0.919156,0.777100,0.481430
folk_08::time_stretch::+5pct,folk_08,folk,R,time_stretch,5.0,0.998500,0.916741,0.774555,0.470882
folk_08::time_stretch::+10pct,folk_08,folk,R,time_stretch,10.0,0.996703,0.893832,0.724311,0.478572
folk_08::time_stretch::+20pct,folk_08,folk,R,time_stretch,20.0,0.995654,0.866634,0.676709,0.461296
folk_08::lowpass::lp8000,folk_08,folk,T,lowpass,8000.0,0.999987,0.483058,0.993999,0.461262
folk_08::lowpass::lp4000,folk_08,folk,T,lowpass,4000.0,0.999998,0.464628,0.983184,0.480547
folk_08::lowpass::lp2000,folk_08,folk,T,lowpass,2000.0,0.999908,0.432986,0.931780,0.442295
folk_08::distortion::drv4,folk_08,folk,T,distortion,4.0,0.999216,0.766025,0.989841,0.459652
folk_08::distortion::drv12,folk_08,folk,T,distortion,12.0,0.994358,0.597912,0.972681,0.374355
folk_08::distortion::drv32,folk_08,folk,T,distortion,32.0,0.992595,0.522198,0.945810,0.322531
folk_08::style_swap::swap_cross,folk_08,folk,S,style_swap,nan,0.824456,0.540516,0.746492,0.254926
folk_08::style_swap::swap_same,folk_08,folk,S,style_swap,nan,0.869323,0.538745,0.808248,0.316250
folk_09::control::ctrl,folk_09,folk,control,control,0.0,1.000000,1.000000,1.000000,0.374820
folk_09::pitch_shift::-4st,folk_09,folk,H,pitch_shift,-4.0,0.860672,0.554144,0.985194,0.231294
folk_09::pitch_shift::-2st,folk_09,folk,H,pitch_shift,-2.0,0.940819,0.725730,0.993781,0.377834
folk_09::pitch_shift::-1st,folk_09,folk,H,pitch_shift,-1.0,0.953136,0.837137,0.995900,0.300651
folk_09::pitch_shift::+1st,folk_09,folk,H,pitch_shift,1.0,0.952469,0.870368,0.994372,0.284190
folk_09::pitch_shift::+2st,folk_09,folk,H,pitch_shift,2.0,0.937555,0.778269,0.990568,0.369815
folk_09::pitch_shift::+4st,folk_09,folk,H,pitch_shift,4.0,0.862675,0.654368,0.981869,0.356762
folk_09::time_stretch::-20pct,folk_09,folk,R,time_stretch,-20.0,0.990104,0.888592,0.658617,0.371534
folk_09::time_stretch::-10pct,folk_09,folk,R,time_stretch,-10.0,0.997053,0.899616,0.711724,0.412486
folk_09::time_stretch::-5pct,folk_09,folk,R,time_stretch,-5.0,0.994906,0.918413,0.777414,0.398967
folk_09::time_stretch::+5pct,folk_09,folk,R,time_stretch,5.0,0.994964,0.930842,0.783213,0.364754
folk_09::time_stretch::+10pct,folk_09,folk,R,time_stretch,10.0,0.996206,0.905211,0.728431,0.378680
folk_09::time_stretch::+20pct,folk_09,folk,R,time_stretch,20.0,0.992138,0.898712,0.712104,0.357518
folk_09::lowpass::lp8000,folk_09,folk,T,lowpass,8000.0,0.999992,0.470127,0.996938,0.374820
folk_09::lowpass::lp4000,folk_09,folk,T,lowpass,4000.0,0.999984,0.451317,0.989423,0.362126
folk_09::lowpass::lp2000,folk_09,folk,T,lowpass,2000.0,0.999990,0.432733,0.979228,0.331778
folk_09::distortion::drv4,folk_09,folk,T,distortion,4.0,0.998810,0.756620,0.990994,0.341293
folk_09::distortion::drv12,folk_09,folk,T,distortion,12.0,0.995673,0.575161,0.971065,0.252300
folk_09::distortion::drv32,folk_09,folk,T,distortion,32.0,0.994280,0.493401,0.944556,0.221563
folk_09::style_swap::swap_cross,folk_09,folk,S,style_swap,nan,0.930703,0.480277,0.718031,0.218505
folk_09::style_swap::swap_same,folk_09,folk,S,style_swap,nan,0.861831,0.432369,0.746361,0.318258
folk_10::control::ctrl,folk_10,folk,control,control,0.0,1.000000,1.000000,1.000000,0.448746
folk_10::pitch_shift::-4st,folk_10,folk,H,pitch_shift,-4.0,0.936492,0.588548,0.967853,0.391510
folk_10::pitch_shift::-2st,folk_10,folk,H,pitch_shift,-2.0,0.932444,0.752688,0.971258,0.431333
folk_10::pitch_shift::-1st,folk_10,folk,H,pitch_shift,-1.0,0.950759,0.868747,0.996632,0.417465
folk_10::pitch_shift::+1st,folk_10,folk,H,pitch_shift,1.0,0.952071,0.869891,0.994559,0.430348
folk_10::pitch_shift::+2st,folk_10,folk,H,pitch_shift,2.0,0.927582,0.776800,0.990506,0.438937
folk_10::pitch_shift::+4st,folk_10,folk,H,pitch_shift,4.0,0.918894,0.640411,0.959584,0.436806
folk_10::time_stretch::-20pct,folk_10,folk,R,time_stretch,-20.0,0.997930,0.884090,0.687605,0.431333
folk_10::time_stretch::-10pct,folk_10,folk,R,time_stretch,-10.0,0.998633,0.918427,0.728112,0.469325
folk_10::time_stretch::-5pct,folk_10,folk,R,time_stretch,-5.0,0.999350,0.933182,0.807367,0.472246
folk_10::time_stretch::+5pct,folk_10,folk,R,time_stretch,5.0,0.999237,0.960268,0.797689,0.428738
folk_10::time_stretch::+10pct,folk_10,folk,R,time_stretch,10.0,0.998621,0.933421,0.763216,0.419496
folk_10::time_stretch::+20pct,folk_10,folk,R,time_stretch,20.0,0.995365,0.906378,0.721385,0.447862
folk_10::lowpass::lp8000,folk_10,folk,T,lowpass,8000.0,0.999222,0.505129,0.997304,0.456480
folk_10::lowpass::lp4000,folk_10,folk,T,lowpass,4000.0,1.000000,0.490194,0.987515,0.473842
folk_10::lowpass::lp2000,folk_10,folk,T,lowpass,2000.0,0.999894,0.446114,0.966547,0.453435
folk_10::distortion::drv4,folk_10,folk,T,distortion,4.0,0.999536,0.766818,0.994307,0.426100
folk_10::distortion::drv12,folk_10,folk,T,distortion,12.0,0.998239,0.615445,0.960896,0.363114
folk_10::distortion::drv32,folk_10,folk,T,distortion,32.0,0.997095,0.535203,0.950798,0.326755
folk_10::style_swap::swap_cross,folk_10,folk,S,style_swap,nan,0.960052,0.507955,0.706732,0.123475
folk_10::style_swap::swap_same,folk_10,folk,S,style_swap,nan,0.830953,0.557990,0.737053,0.315629
folk_11::control::ctrl,folk_11,folk,control,control,0.0,1.000000,1.000000,1.000000,0.430756
folk_11::pitch_shift::-4st,folk_11,folk,H,pitch_shift,-4.0,0.822396,0.605726,0.995807,0.352616
folk_11::pitch_shift::-2st,folk_11,folk,H,pitch_shift,-2.0,0.786404,0.756097,0.997486,0.427632
folk_11::pitch_shift::-1st,folk_11,folk,H,pitch_shift,-1.0,0.756954,0.850170,0.998112,0.389520
folk_11::pitch_shift::+1st,folk_11,folk,H,pitch_shift,1.0,0.761826,0.848903,0.997555,0.324780
folk_11::pitch_shift::+2st,folk_11,folk,H,pitch_shift,2.0,0.773342,0.753426,0.996524,0.422352
folk_11::pitch_shift::+4st,folk_11,folk,H,pitch_shift,4.0,0.821725,0.650424,0.993773,0.417880
folk_11::time_stretch::-20pct,folk_11,folk,R,time_stretch,-20.0,0.979773,0.825280,0.943456,0.434477
folk_11::time_stretch::-10pct,folk_11,folk,R,time_stretch,-10.0,0.990834,0.898223,0.916638,0.406743
folk_11::time_stretch::-5pct,folk_11,folk,R,time_stretch,-5.0,0.991440,0.911049,0.928680,0.441127
folk_11::time_stretch::+5pct,folk_11,folk,R,time_stretch,5.0,0.992846,0.891408,0.934210,0.456409
folk_11::time_stretch::+10pct,folk_11,folk,R,time_stretch,10.0,0.994118,0.886708,0.924703,0.481870
folk_11::time_stretch::+20pct,folk_11,folk,R,time_stretch,20.0,0.986270,0.861463,0.953649,0.454908
folk_11::lowpass::lp8000,folk_11,folk,T,lowpass,8000.0,0.999987,0.531837,0.998616,0.441206
folk_11::lowpass::lp4000,folk_11,folk,T,lowpass,4000.0,0.999987,0.479082,0.984700,0.437842
folk_11::lowpass::lp2000,folk_11,folk,T,lowpass,2000.0,0.999960,0.422928,0.977393,0.421835
folk_11::distortion::drv4,folk_11,folk,T,distortion,4.0,0.999940,0.907840,0.999472,0.451726
folk_11::distortion::drv12,folk_11,folk,T,distortion,12.0,0.997168,0.707003,0.997050,0.390561
folk_11::distortion::drv32,folk_11,folk,T,distortion,32.0,0.990868,0.568637,0.993101,0.290013
folk_11::style_swap::swap_cross,folk_11,folk,S,style_swap,nan,0.896859,0.524589,0.925202,0.299211
folk_11::style_swap::swap_same,folk_11,folk,S,style_swap,nan,0.761931,0.544451,0.916638,0.291829
folk_12::control::ctrl,folk_12,folk,control,control,0.0,1.000000,1.000000,1.000000,0.254685
folk_12::pitch_shift::-4st,folk_12,folk,H,pitch_shift,-4.0,0.507855,0.636153,0.913266,0.237047
folk_12::pitch_shift::-2st,folk_12,folk,H,pitch_shift,-2.0,0.383013,0.782725,0.993539,0.246669
folk_12::pitch_shift::-1st,folk_12,folk,H,pitch_shift,-1.0,0.543272,0.859560,0.996085,0.229219
folk_12::pitch_shift::+1st,folk_12,folk,H,pitch_shift,1.0,0.593946,0.794277,0.970434,0.238197
folk_12::pitch_shift::+2st,folk_12,folk,H,pitch_shift,2.0,0.426350,0.692017,0.836215,0.227663
folk_12::pitch_shift::+4st,folk_12,folk,H,pitch_shift,4.0,0.522021,0.605853,0.979241,0.220176
folk_12::time_stretch::-20pct,folk_12,folk,R,time_stretch,-20.0,0.980165,0.859966,0.715311,0.246993
folk_12::time_stretch::-10pct,folk_12,folk,R,time_stretch,-10.0,0.995400,0.907093,0.694797,0.266635
folk_12::time_stretch::-5pct,folk_12,folk,R,time_stretch,-5.0,0.998026,0.899755,0.709196,0.256375
folk_12::time_stretch::+5pct,folk_12,folk,R,time_stretch,5.0,0.997275,0.905409,0.813369,0.255356
folk_12::time_stretch::+10pct,folk_12,folk,R,time_stretch,10.0,0.996826,0.895358,0.704136,0.253163
folk_12::time_stretch::+20pct,folk_12,folk,R,time_stretch,20.0,0.995028,0.870568,0.718700,0.262307
folk_12::lowpass::lp8000,folk_12,folk,T,lowpass,8000.0,1.000000,0.796596,0.999485,0.253163
folk_12::lowpass::lp4000,folk_12,folk,T,lowpass,4000.0,0.999996,0.761860,0.998278,0.256008
folk_12::lowpass::lp2000,folk_12,folk,T,lowpass,2000.0,0.999943,0.728126,0.867799,0.239855
folk_12::distortion::drv4,folk_12,folk,T,distortion,4.0,0.999955,0.840240,0.998997,0.256008
folk_12::distortion::drv12,folk_12,folk,T,distortion,12.0,0.999053,0.681044,0.859129,0.197651
folk_12::distortion::drv32,folk_12,folk,T,distortion,32.0,0.996445,0.576462,0.885341,0.166732
folk_12::style_swap::swap_cross,folk_12,folk,S,style_swap,nan,0.577813,0.391724,0.738924,0.147606
folk_12::style_swap::swap_same,folk_12,folk,S,style_swap,nan,0.667599,0.518016,0.864849,0.197429
folk_13::control::ctrl,folk_13,folk,control,control,0.0,1.000000,1.000000,1.000000,0.337743
folk_13::pitch_shift::-4st,folk_13,folk,H,pitch_shift,-4.0,0.736122,0.454096,0.972623,0.329766
folk_13::pitch_shift::-2st,folk_13,folk,H,pitch_shift,-2.0,0.689308,0.589219,0.975904,0.267640
folk_13::pitch_shift::-1st,folk_13,folk,H,pitch_shift,-1.0,0.650297,0.703933,0.981583,0.239316
folk_13::pitch_shift::+1st,folk_13,folk,H,pitch_shift,1.0,0.694375,0.740847,0.983062,0.303176
folk_13::pitch_shift::+2st,folk_13,folk,H,pitch_shift,2.0,0.682166,0.594476,0.989774,0.302234
folk_13::pitch_shift::+4st,folk_13,folk,H,pitch_shift,4.0,0.748467,0.512482,0.980554,0.298838
folk_13::time_stretch::-20pct,folk_13,folk,R,time_stretch,-20.0,0.994577,0.740254,0.963606,0.314382
folk_13::time_stretch::-10pct,folk_13,folk,R,time_stretch,-10.0,0.991782,0.748866,0.964306,0.319604
folk_13::time_stretch::-5pct,folk_13,folk,R,time_stretch,-5.0,0.997018,0.816445,0.965730,0.320527
folk_13::time_stretch::+5pct,folk_13,folk,R,time_stretch,5.0,0.995093,0.791274,0.971121,0.304501
folk_13::time_stretch::+10pct,folk_13,folk,R,time_stretch,10.0,0.996676,0.763930,0.972509,0.312741
folk_13::time_stretch::+20pct,folk_13,folk,R,time_stretch,20.0,0.997570,0.741038,0.959893,0.303529
folk_13::lowpass::lp8000,folk_13,folk,T,lowpass,8000.0,0.999938,0.423217,0.991998,0.343170
folk_13::lowpass::lp4000,folk_13,folk,T,lowpass,4000.0,0.999997,0.391271,0.997481,0.310485
folk_13::lowpass::lp2000,folk_13,folk,T,lowpass,2000.0,0.999466,0.383959,0.984035,0.301749
folk_13::distortion::drv4,folk_13,folk,T,distortion,4.0,0.999262,0.762219,0.984867,0.290659
folk_13::distortion::drv12,folk_13,folk,T,distortion,12.0,0.984757,0.473816,0.974343,0.223638
folk_13::distortion::drv32,folk_13,folk,T,distortion,32.0,0.982427,0.446027,0.978675,0.206870
folk_13::style_swap::swap_cross,folk_13,folk,S,style_swap,nan,0.746740,0.344509,0.944919,0.089199
folk_13::style_swap::swap_same,folk_13,folk,S,style_swap,nan,0.797704,0.450208,0.942582,0.129601
folk_14::control::ctrl,folk_14,folk,control,control,0.0,1.000000,1.000000,1.000000,0.357561
folk_14::pitch_shift::-4st,folk_14,folk,H,pitch_shift,-4.0,0.475844,0.589478,0.994615,0.271440
folk_14::pitch_shift::-2st,folk_14,folk,H,pitch_shift,-2.0,0.475276,0.727732,0.997732,0.348509
folk_14::pitch_shift::-1st,folk_14,folk,H,pitch_shift,-1.0,0.539004,0.813373,0.998752,0.357837
folk_14::pitch_shift::+1st,folk_14,folk,H,pitch_shift,1.0,0.563854,0.833446,0.998017,0.347307
folk_14::pitch_shift::+2st,folk_14,folk,H,pitch_shift,2.0,0.465713,0.706130,0.996653,0.342085
folk_14::pitch_shift::+4st,folk_14,folk,H,pitch_shift,4.0,0.460114,0.555251,0.992500,0.322857
folk_14::time_stretch::-20pct,folk_14,folk,R,time_stretch,-20.0,0.989518,0.879598,0.849865,0.398159
folk_14::time_stretch::-10pct,folk_14,folk,R,time_stretch,-10.0,0.996792,0.900433,0.893042,0.368211
folk_14::time_stretch::-5pct,folk_14,folk,R,time_stretch,-5.0,0.997661,0.909796,0.881001,0.368481
folk_14::time_stretch::+5pct,folk_14,folk,R,time_stretch,5.0,0.998859,0.912614,0.908071,0.391588
folk_14::time_stretch::+10pct,folk_14,folk,R,time_stretch,10.0,0.993667,0.861007,0.881840,0.366131
folk_14::time_stretch::+20pct,folk_14,folk,R,time_stretch,20.0,0.996762,0.833352,0.853267,0.348509
folk_14::lowpass::lp8000,folk_14,folk,T,lowpass,8000.0,0.999745,0.820258,0.999847,0.374754
folk_14::lowpass::lp4000,folk_14,folk,T,lowpass,4000.0,0.999620,0.700201,0.979266,0.372274
folk_14::lowpass::lp2000,folk_14,folk,T,lowpass,2000.0,0.999659,0.582963,0.995243,0.348755
folk_14::distortion::drv4,folk_14,folk,T,distortion,4.0,0.998710,0.725618,0.999146,0.370606
folk_14::distortion::drv12,folk_14,folk,T,distortion,12.0,0.995172,0.547153,0.977459,0.342921
folk_14::distortion::drv32,folk_14,folk,T,distortion,32.0,0.983385,0.470636,0.973060,0.177645
folk_14::style_swap::swap_cross,folk_14,folk,S,style_swap,nan,0.776983,0.426403,0.880538,0.245926
folk_14::style_swap::swap_same,folk_14,folk,S,style_swap,nan,0.748645,0.365049,0.855415,0.154627
folk_15::control::ctrl,folk_15,folk,control,control,0.0,1.000000,1.000000,1.000000,0.385413
folk_15::pitch_shift::-4st,folk_15,folk,H,pitch_shift,-4.0,0.895364,0.607408,0.995677,0.333098
folk_15::pitch_shift::-2st,folk_15,folk,H,pitch_shift,-2.0,0.931904,0.731273,0.997597,0.369880
folk_15::pitch_shift::-1st,folk_15,folk,H,pitch_shift,-1.0,0.915349,0.841736,0.997780,0.392991
folk_15::pitch_shift::+1st,folk_15,folk,H,pitch_shift,1.0,0.914275,0.826322,0.996553,0.381620
folk_15::pitch_shift::+2st,folk_15,folk,H,pitch_shift,2.0,0.909214,0.721576,0.992881,0.406115
folk_15::pitch_shift::+4st,folk_15,folk,H,pitch_shift,4.0,0.898590,0.614887,0.986374,0.349588
folk_15::time_stretch::-20pct,folk_15,folk,R,time_stretch,-20.0,0.987536,0.815378,0.736625,0.333269
folk_15::time_stretch::-10pct,folk_15,folk,R,time_stretch,-10.0,0.995838,0.887949,0.791499,0.357960
folk_15::time_stretch::-5pct,folk_15,folk,R,time_stretch,-5.0,0.993998,0.928747,0.817101,0.365365
folk_15::time_stretch::+5pct,folk_15,folk,R,time_stretch,5.0,0.998203,0.934682,0.814124,0.412419
folk_15::time_stretch::+10pct,folk_15,folk,R,time_stretch,10.0,0.994215,0.926386,0.788537,0.372907
folk_15::time_stretch::+20pct,folk_15,folk,R,time_stretch,20.0,0.985261,0.830191,0.742585,0.410923
folk_15::lowpass::lp8000,folk_15,folk,T,lowpass,8000.0,1.000000,0.745446,0.998443,0.392991
folk_15::lowpass::lp4000,folk_15,folk,T,lowpass,4000.0,0.994992,0.631605,0.970868,0.376024
folk_15::lowpass::lp2000,folk_15,folk,T,lowpass,2000.0,0.999971,0.535185,0.967161,0.355981
folk_15::distortion::drv4,folk_15,folk,T,distortion,4.0,0.999989,0.865085,0.999384,0.392364
folk_15::distortion::drv12,folk_15,folk,T,distortion,12.0,0.999413,0.710202,0.996390,0.358024
folk_15::distortion::drv32,folk_15,folk,T,distortion,32.0,0.997231,0.615183,0.991534,0.302655
folk_15::style_swap::swap_cross,folk_15,folk,S,style_swap,nan,0.878508,0.462212,0.747206,0.238258
folk_15::style_swap::swap_same,folk_15,folk,S,style_swap,nan,0.563210,0.448488,0.890076,0.232817
jazz_01::control::ctrl,jazz_01,jazz,control,control,0.0,1.000000,1.000000,1.000000,0.351599
jazz_01::pitch_shift::-4st,jazz_01,jazz,H,pitch_shift,-4.0,0.974858,0.543352,0.985202,0.279779
jazz_01::pitch_shift::-2st,jazz_01,jazz,H,pitch_shift,-2.0,0.986855,0.693006,0.992318,0.306030
jazz_01::pitch_shift::-1st,jazz_01,jazz,H,pitch_shift,-1.0,0.992826,0.812687,0.995077,0.294322
jazz_01::pitch_shift::+1st,jazz_01,jazz,H,pitch_shift,1.0,0.992729,0.847076,0.992086,0.289276
jazz_01::pitch_shift::+2st,jazz_01,jazz,H,pitch_shift,2.0,0.985518,0.764198,0.987622,0.322675
jazz_01::pitch_shift::+4st,jazz_01,jazz,H,pitch_shift,4.0,0.979606,0.635717,0.974517,0.284129
jazz_01::time_stretch::-20pct,jazz_01,jazz,R,time_stretch,-20.0,0.999408,0.889529,0.520486,0.274369
jazz_01::time_stretch::-10pct,jazz_01,jazz,R,time_stretch,-10.0,0.998858,0.895286,0.590474,0.285163
jazz_01::time_stretch::-5pct,jazz_01,jazz,R,time_stretch,-5.0,0.999234,0.910675,0.662588,0.301827
jazz_01::time_stretch::+5pct,jazz_01,jazz,R,time_stretch,5.0,0.999135,0.930227,0.682922,0.332091
jazz_01::time_stretch::+10pct,jazz_01,jazz,R,time_stretch,10.0,0.999321,0.889303,0.615508,0.296500
jazz_01::time_stretch::+20pct,jazz_01,jazz,R,time_stretch,20.0,0.998795,0.915841,0.533953,0.271124
jazz_01::lowpass::lp8000,jazz_01,jazz,T,lowpass,8000.0,0.999995,0.456928,0.988913,0.361476
jazz_01::lowpass::lp4000,jazz_01,jazz,T,lowpass,4000.0,0.999992,0.426408,0.660273,0.361476
jazz_01::lowpass::lp2000,jazz_01,jazz,T,lowpass,2000.0,0.999948,0.404169,0.628172,0.272434
jazz_01::distortion::drv4,jazz_01,jazz,T,distortion,4.0,0.999865,0.851955,0.995791,0.368621
jazz_01::distortion::drv12,jazz_01,jazz,T,distortion,12.0,0.999282,0.669559,0.984332,0.322199
jazz_01::distortion::drv32,jazz_01,jazz,T,distortion,32.0,0.999557,0.537850,0.661424,0.258410
jazz_01::style_swap::swap_cross,jazz_01,jazz,S,style_swap,nan,0.973340,0.473619,0.479680,0.275450
jazz_01::style_swap::swap_same,jazz_01,jazz,S,style_swap,nan,0.937352,0.470715,0.682922,0.201117
jazz_02::control::ctrl,jazz_02,jazz,control,control,0.0,1.000000,0.999849,1.000000,0.340770
jazz_02::pitch_shift::-4st,jazz_02,jazz,H,pitch_shift,-4.0,0.973596,0.621051,0.812409,0.296170
jazz_02::pitch_shift::-2st,jazz_02,jazz,H,pitch_shift,-2.0,0.980281,0.767235,0.817183,0.336865
jazz_02::pitch_shift::-1st,jazz_02,jazz,H,pitch_shift,-1.0,0.979590,0.860854,0.818498,0.287802
jazz_02::pitch_shift::+1st,jazz_02,jazz,H,pitch_shift,1.0,0.976996,0.859703,0.817124,0.288957
jazz_02::pitch_shift::+2st,jazz_02,jazz,H,pitch_shift,2.0,0.982889,0.779828,0.813769,0.326035
jazz_02::pitch_shift::+4st,jazz_02,jazz,H,pitch_shift,4.0,0.974448,0.678521,0.805918,0.274023
jazz_02::time_stretch::-20pct,jazz_02,jazz,R,time_stretch,-20.0,0.998501,0.865128,0.733362,0.304277
jazz_02::time_stretch::-10pct,jazz_02,jazz,R,time_stretch,-10.0,0.998890,0.888447,0.695835,0.288658
jazz_02::time_stretch::-5pct,jazz_02,jazz,R,time_stretch,-5.0,0.999290,0.922872,0.788977,0.333690
jazz_02::time_stretch::+5pct,jazz_02,jazz,R,time_stretch,5.0,0.999133,0.930977,0.700330,0.352745
jazz_02::time_stretch::+10pct,jazz_02,jazz,R,time_stretch,10.0,0.999555,0.912241,0.710508,0.316918
jazz_02::time_stretch::+20pct,jazz_02,jazz,R,time_stretch,20.0,0.998527,0.886902,0.766737,0.312531
jazz_02::lowpass::lp8000,jazz_02,jazz,T,lowpass,8000.0,1.000000,0.498445,0.995507,0.337717
jazz_02::lowpass::lp4000,jazz_02,jazz,T,lowpass,4000.0,1.000000,0.458514,0.987944,0.354743
jazz_02::lowpass::lp2000,jazz_02,jazz,T,lowpass,2000.0,0.999951,0.438284,0.981574,0.322392
jazz_02::distortion::drv4,jazz_02,jazz,T,distortion,4.0,0.999079,0.765838,0.963128,0.316246
jazz_02::distortion::drv12,jazz_02,jazz,T,distortion,12.0,0.997639,0.622632,0.950938,0.250188
jazz_02::distortion::drv32,jazz_02,jazz,T,distortion,32.0,0.996706,0.538404,0.928819,0.193146
jazz_02::style_swap::swap_cross,jazz_02,jazz,S,style_swap,nan,0.909782,0.483636,0.771211,0.230535
jazz_02::style_swap::swap_same,jazz_02,jazz,S,style_swap,nan,0.932449,0.491929,0.687630,0.151656
jazz_03::control::ctrl,jazz_03,jazz,control,control,0.0,1.000000,1.000000,1.000000,0.379226
jazz_03::pitch_shift::-4st,jazz_03,jazz,H,pitch_shift,-4.0,0.972198,0.554783,0.986812,0.305449
jazz_03::pitch_shift::-2st,jazz_03,jazz,H,pitch_shift,-2.0,0.936474,0.724895,0.991885,0.293765
jazz_03::pitch_shift::-1st,jazz_03,jazz,H,pitch_shift,-1.0,0.952702,0.832016,0.994084,0.315784
jazz_03::pitch_shift::+1st,jazz_03,jazz,H,pitch_shift,1.0,0.959638,0.864857,0.992093,0.316752
jazz_03::pitch_shift::+2st,jazz_03,jazz,H,pitch_shift,2.0,0.938256,0.781060,0.986725,0.295684
jazz_03::pitch_shift::+4st,jazz_03,jazz,H,pitch_shift,4.0,0.966654,0.700538,0.976990,0.287546
jazz_03::time_stretch::-20pct,jazz_03,jazz,R,time_stretch,-20.0,0.998218,0.880220,0.563007,0.269928
jazz_03::time_stretch::-10pct,jazz_03,jazz,R,time_stretch,-10.0,0.999395,0.916006,0.625293,0.296516
jazz_03::time_stretch::-5pct,jazz_03,jazz,R,time_stretch,-5.0,0.999514,0.938512,0.691143,0.355438
jazz_03::time_stretch::+5pct,jazz_03,jazz,R,time_stretch,5.0,0.999869,0.957443,0.718085,0.339981
jazz_03::time_stretch::+10pct,jazz_03,jazz,R,time_stretch,10.0,0.999508,0.942597,0.657857,0.303912
jazz_03::time_stretch::+20pct,jazz_03,jazz,R,time_stretch,20.0,0.998530,0.912805,0.577205,0.301809
jazz_03::lowpass::lp8000,jazz_03,jazz,T,lowpass,8000.0,0.999942,0.493363,0.997350,0.374916
jazz_03::lowpass::lp4000,jazz_03,jazz,T,lowpass,4000.0,0.999999,0.481010,0.987403,0.350838
jazz_03::lowpass::lp2000,jazz_03,jazz,T,lowpass,2000.0,0.999993,0.464726,0.961541,0.326035
jazz_03::distortion::drv4,jazz_03,jazz,T,distortion,4.0,0.998592,0.783133,0.994045,0.331574
jazz_03::distortion::drv12,jazz_03,jazz,T,distortion,12.0,0.997305,0.621797,0.980863,0.247251
jazz_03::distortion::drv32,jazz_03,jazz,T,distortion,32.0,0.996960,0.549119,0.959238,0.155639
jazz_03::style_swap::swap_cross,jazz_03,jazz,S,style_swap,nan,0.827302,0.406029,0.796100,0.279517
jazz_03::style_swap::swap_same,jazz_03,jazz,S,style_swap,nan,0.967540,0.447431,0.558308,0.136658
jazz_04::control::ctrl,jazz_04,jazz,control,control,0.0,1.000000,1.000000,1.000000,0.351283
jazz_04::pitch_shift::-4st,jazz_04,jazz,H,pitch_shift,-4.0,0.833361,0.601970,0.986410,0.232476
jazz_04::pitch_shift::-2st,jazz_04,jazz,H,pitch_shift,-2.0,0.872333,0.720746,0.994583,0.308997
jazz_04::pitch_shift::-1st,jazz_04,jazz,H,pitch_shift,-1.0,0.834568,0.843618,0.997925,0.295291
jazz_04::pitch_shift::+1st,jazz_04,jazz,H,pitch_shift,1.0,0.839820,0.837620,0.995620,0.267396
jazz_04::pitch_shift::+2st,jazz_04,jazz,H,pitch_shift,2.0,0.875169,0.732879,0.991030,0.293546
jazz_04::pitch_shift::+4st,jazz_04,jazz,H,pitch_shift,4.0,0.837966,0.613495,0.975102,0.307092
jazz_04::time_stretch::-20pct,jazz_04,jazz,R,time_stretch,-20.0,0.985618,0.846032,0.569945,0.336380
jazz_04::time_stretch::-10pct,jazz_04,jazz,R,time_stretch,-10.0,0.990255,0.864604,0.652638,0.343091
jazz_04::time_stretch::-5pct,jazz_04,jazz,R,time_stretch,-5.0,0.985818,0.894939,0.712546,0.355033
jazz_04::time_stretch::+5pct,jazz_04,jazz,R,time_stretch,5.0,0.985667,0.930872,0.736868,0.371535
jazz_04::time_stretch::+10pct,jazz_04,jazz,R,time_stretch,10.0,0.982005,0.917130,0.660658,0.350544
jazz_04::time_stretch::+20pct,jazz_04,jazz,R,time_stretch,20.0,0.977806,0.885337,0.594168,0.351283
jazz_04::lowpass::lp8000,jazz_04,jazz,T,lowpass,8000.0,1.000000,0.731289,0.994781,0.371534
jazz_04::lowpass::lp4000,jazz_04,jazz,T,lowpass,4000.0,0.999960,0.665035,0.984009,0.344327
jazz_04::lowpass::lp2000,jazz_04,jazz,T,lowpass,2000.0,0.999991,0.579879,0.974123,0.308346
jazz_04::distortion::drv4,jazz_04,jazz,T,distortion,4.0,0.999820,0.791880,0.995591,0.332554
jazz_04::distortion::drv12,jazz_04,jazz,T,distortion,12.0,0.997467,0.658752,0.982594,0.175029
jazz_04::distortion::drv32,jazz_04,jazz,T,distortion,32.0,0.992587,0.587680,0.707646,0.072050
jazz_04::style_swap::swap_cross,jazz_04,jazz,S,style_swap,nan,0.917358,0.424875,0.538176,0.091295
jazz_04::style_swap::swap_same,jazz_04,jazz,S,style_swap,nan,0.895585,0.514792,0.736868,0.163934
jazz_05::control::ctrl,jazz_05,jazz,control,control,0.0,1.000000,1.000000,1.000000,0.308866
jazz_05::pitch_shift::-4st,jazz_05,jazz,H,pitch_shift,-4.0,0.957993,0.652013,0.991951,0.306280
jazz_05::pitch_shift::-2st,jazz_05,jazz,H,pitch_shift,-2.0,0.970820,0.761393,0.995711,0.310717
jazz_05::pitch_shift::-1st,jazz_05,jazz,H,pitch_shift,-1.0,0.978728,0.856756,0.997059,0.310275
jazz_05::pitch_shift::+1st,jazz_05,jazz,H,pitch_shift,1.0,0.985536,0.848576,0.996574,0.306114
jazz_05::pitch_shift::+2st,jazz_05,jazz,H,pitch_shift,2.0,0.975176,0.753031,0.994658,0.318783
jazz_05::pitch_shift::+4st,jazz_05,jazz,H,pitch_shift,4.0,0.958809,0.663576,0.989694,0.314457
jazz_05::time_stretch::-20pct,jazz_05,jazz,R,time_stretch,-20.0,0.995630,0.807551,0.787335,0.319843
jazz_05::time_stretch::-10pct,jazz_05,jazz,R,time_stretch,-10.0,0.996621,0.854422,0.822477,0.349322
jazz_05::time_stretch::-5pct,jazz_05,jazz,R,time_stretch,-5.0,0.999027,0.930575,0.857266,0.317186
jazz_05::time_stretch::+5pct,jazz_05,jazz,R,time_stretch,5.0,0.997841,0.903918,0.856971,0.309995
jazz_05::time_stretch::+10pct,jazz_05,jazz,R,time_stretch,10.0,0.994727,0.875185,0.832511,0.342964
jazz_05::time_stretch::+20pct,jazz_05,jazz,R,time_stretch,20.0,0.991630,0.823410,0.792965,0.338211
jazz_05::lowpass::lp8000,jazz_05,jazz,T,lowpass,8000.0,0.997646,0.876396,0.999817,0.314996
jazz_05::lowpass::lp4000,jazz_05,jazz,T,lowpass,4000.0,0.999587,0.714402,0.998929,0.308247
jazz_05::lowpass::lp2000,jazz_05,jazz,T,lowpass,2000.0,0.999317,0.626045,0.997340,0.318959
jazz_05::distortion::drv4,jazz_05,jazz,T,distortion,4.0,0.992547,0.819238,0.999260,0.324274
jazz_05::distortion::drv12,jazz_05,jazz,T,distortion,12.0,0.990125,0.683215,0.997736,0.319491
jazz_05::distortion::drv32,jazz_05,jazz,T,distortion,32.0,0.990099,0.632073,0.995908,0.306090
jazz_05::style_swap::swap_cross,jazz_05,jazz,S,style_swap,nan,0.975000,0.388541,0.851228,0.082883
jazz_05::style_swap::swap_same,jazz_05,jazz,S,style_swap,nan,0.958225,0.410725,0.832755,0.197250
jazz_06::control::ctrl,jazz_06,jazz,control,control,0.0,1.000000,1.000000,1.000000,0.298628
jazz_06::pitch_shift::-4st,jazz_06,jazz,H,pitch_shift,-4.0,0.860231,0.585557,0.955724,0.261763
jazz_06::pitch_shift::-2st,jazz_06,jazz,H,pitch_shift,-2.0,0.892296,0.730481,0.995966,0.290450
jazz_06::pitch_shift::-1st,jazz_06,jazz,H,pitch_shift,-1.0,0.888508,0.841532,0.998243,0.254420
jazz_06::pitch_shift::+1st,jazz_06,jazz,H,pitch_shift,1.0,0.896617,0.837510,0.997364,0.261776
jazz_06::pitch_shift::+2st,jazz_06,jazz,H,pitch_shift,2.0,0.896201,0.748972,0.960378,0.251766
jazz_06::pitch_shift::+4st,jazz_06,jazz,H,pitch_shift,4.0,0.871637,0.650229,0.952088,0.260339
jazz_06::time_stretch::-20pct,jazz_06,jazz,R,time_stretch,-20.0,0.996271,0.885504,0.660544,0.260325
jazz_06::time_stretch::-10pct,jazz_06,jazz,R,time_stretch,-10.0,0.997603,0.914662,0.711212,0.279361
jazz_06::time_stretch::-5pct,jazz_06,jazz,R,time_stretch,-5.0,0.998416,0.938632,0.772755,0.287164
jazz_06::time_stretch::+5pct,jazz_06,jazz,R,time_stretch,5.0,0.997706,0.953350,0.744180,0.284320
jazz_06::time_stretch::+10pct,jazz_06,jazz,R,time_stretch,10.0,0.996074,0.933568,0.708287,0.255899
jazz_06::time_stretch::+20pct,jazz_06,jazz,R,time_stretch,20.0,0.997230,0.903132,0.649790,0.247600
jazz_06::lowpass::lp8000,jazz_06,jazz,T,lowpass,8000.0,1.000000,0.572906,0.995881,0.298628
jazz_06::lowpass::lp4000,jazz_06,jazz,T,lowpass,4000.0,1.000000,0.549055,0.982300,0.294746
jazz_06::lowpass::lp2000,jazz_06,jazz,T,lowpass,2000.0,0.999995,0.477267,0.972237,0.280020
jazz_06::distortion::drv4,jazz_06,jazz,T,distortion,4.0,0.999972,0.911932,0.999435,0.277811
jazz_06::distortion::drv12,jazz_06,jazz,T,distortion,12.0,0.999497,0.787180,0.996933,0.275332
jazz_06::distortion::drv32,jazz_06,jazz,T,distortion,32.0,0.997570,0.672992,0.988852,0.197707
jazz_06::style_swap::swap_cross,jazz_06,jazz,S,style_swap,nan,0.824651,0.459862,0.640989,0.215511
jazz_06::style_swap::swap_same,jazz_06,jazz,S,style_swap,nan,0.937220,0.413917,0.644435,0.212358
jazz_07::control::ctrl,jazz_07,jazz,control,control,0.0,1.000000,1.000000,1.000000,0.345527
jazz_07::pitch_shift::-4st,jazz_07,jazz,H,pitch_shift,-4.0,0.972921,0.600006,0.982341,0.318811
jazz_07::pitch_shift::-2st,jazz_07,jazz,H,pitch_shift,-2.0,0.977336,0.743010,0.990932,0.354631
jazz_07::pitch_shift::-1st,jazz_07,jazz,H,pitch_shift,-1.0,0.967395,0.837053,0.994084,0.312721
jazz_07::pitch_shift::+1st,jazz_07,jazz,H,pitch_shift,1.0,0.963218,0.822405,0.992153,0.329413
jazz_07::pitch_shift::+2st,jazz_07,jazz,H,pitch_shift,2.0,0.978903,0.723577,0.989417,0.361282
jazz_07::pitch_shift::+4st,jazz_07,jazz,H,pitch_shift,4.0,0.968090,0.617172,0.981032,0.337351
jazz_07::time_stretch::-20pct,jazz_07,jazz,R,time_stretch,-20.0,0.998992,0.836325,0.631958,0.275150
jazz_07::time_stretch::-10pct,jazz_07,jazz,R,time_stretch,-10.0,0.999124,0.870202,0.697584,0.285097
jazz_07::time_stretch::-5pct,jazz_07,jazz,R,time_stretch,-5.0,0.999602,0.909865,0.763350,0.321611
jazz_07::time_stretch::+5pct,jazz_07,jazz,R,time_stretch,5.0,0.999197,0.926238,0.777920,0.365292
jazz_07::time_stretch::+10pct,jazz_07,jazz,R,time_stretch,10.0,0.999188,0.905069,0.716093,0.341289
jazz_07::time_stretch::+20pct,jazz_07,jazz,R,time_stretch,20.0,0.999443,0.895225,0.662874,0.310753
jazz_07::lowpass::lp8000,jazz_07,jazz,T,lowpass,8000.0,0.999979,0.495395,0.779294,0.371193
jazz_07::lowpass::lp4000,jazz_07,jazz,T,lowpass,4000.0,0.999996,0.466442,0.764294,0.351270
jazz_07::lowpass::lp2000,jazz_07,jazz,T,lowpass,2000.0,0.999994,0.443111,0.747705,0.316302
jazz_07::distortion::drv4,jazz_07,jazz,T,distortion,4.0,0.999955,0.831467,0.783639,0.330740
jazz_07::distortion::drv12,jazz_07,jazz,T,distortion,12.0,0.999672,0.672901,0.766822,0.206022
jazz_07::distortion::drv32,jazz_07,jazz,T,distortion,32.0,0.997719,0.591190,0.745969,0.132978
jazz_07::style_swap::swap_cross,jazz_07,jazz,S,style_swap,nan,0.974894,0.421153,0.624288,0.174640
jazz_07::style_swap::swap_same,jazz_07,jazz,S,style_swap,nan,0.979577,0.567352,0.684561,0.294353
jazz_08::control::ctrl,jazz_08,jazz,control,control,0.0,1.000000,1.000000,1.000000,0.281013
jazz_08::pitch_shift::-4st,jazz_08,jazz,H,pitch_shift,-4.0,0.897769,0.598900,0.989343,0.300299
jazz_08::pitch_shift::-2st,jazz_08,jazz,H,pitch_shift,-2.0,0.878719,0.722232,0.975700,0.289746
jazz_08::pitch_shift::-1st,jazz_08,jazz,H,pitch_shift,-1.0,0.904520,0.839108,0.997267,0.303585
jazz_08::pitch_shift::+1st,jazz_08,jazz,H,pitch_shift,1.0,0.908518,0.838669,0.996327,0.302525
jazz_08::pitch_shift::+2st,jazz_08,jazz,H,pitch_shift,2.0,0.887608,0.732907,0.972295,0.309236
jazz_08::pitch_shift::+4st,jazz_08,jazz,H,pitch_shift,4.0,0.895828,0.625715,0.965482,0.284999
jazz_08::time_stretch::-20pct,jazz_08,jazz,R,time_stretch,-20.0,0.990844,0.836712,0.756731,0.291450
jazz_08::time_stretch::-10pct,jazz_08,jazz,R,time_stretch,-10.0,0.995209,0.911011,0.814644,0.272592
jazz_08::time_stretch::-5pct,jazz_08,jazz,R,time_stretch,-5.0,0.995933,0.937430,0.836929,0.306430
jazz_08::time_stretch::+5pct,jazz_08,jazz,R,time_stretch,5.0,0.994405,0.953834,0.833367,0.289149
jazz_08::time_stretch::+10pct,jazz_08,jazz,R,time_stretch,10.0,0.991379,0.935039,0.795431,0.276351
jazz_08::time_stretch::+20pct,jazz_08,jazz,R,time_stretch,20.0,0.987524,0.903079,0.762428,0.272492
jazz_08::lowpass::lp8000,jazz_08,jazz,T,lowpass,8000.0,1.000000,0.652147,0.998614,0.286543
jazz_08::lowpass::lp4000,jazz_08,jazz,T,lowpass,4000.0,1.000000,0.590163,0.972762,0.319978
jazz_08::lowpass::lp2000,jazz_08,jazz,T,lowpass,2000.0,0.999983,0.544811,0.833877,0.274695
jazz_08::distortion::drv4,jazz_08,jazz,T,distortion,4.0,0.999986,0.941801,0.999773,0.277810
jazz_08::distortion::drv12,jazz_08,jazz,T,distortion,12.0,0.999778,0.778938,0.997141,0.284999
jazz_08::distortion::drv32,jazz_08,jazz,T,distortion,32.0,0.998000,0.650928,0.991095,0.229327
jazz_08::style_swap::swap_cross,jazz_08,jazz,S,style_swap,nan,0.933218,0.452913,0.754467,0.190213
jazz_08::style_swap::swap_same,jazz_08,jazz,S,style_swap,nan,0.894906,0.483703,0.749487,0.242566
jazz_09::control::ctrl,jazz_09,jazz,control,control,0.0,1.000000,1.000000,1.000000,0.277858
jazz_09::pitch_shift::-4st,jazz_09,jazz,H,pitch_shift,-4.0,0.993584,0.520334,0.985295,0.297704
jazz_09::pitch_shift::-2st,jazz_09,jazz,H,pitch_shift,-2.0,0.993845,0.668260,0.995466,0.291535
jazz_09::pitch_shift::-1st,jazz_09,jazz,H,pitch_shift,-1.0,0.994509,0.797509,0.987305,0.274240
jazz_09::pitch_shift::+1st,jazz_09,jazz,H,pitch_shift,1.0,0.994988,0.872111,0.986779,0.273961
jazz_09::pitch_shift::+2st,jazz_09,jazz,H,pitch_shift,2.0,0.992944,0.778236,0.994882,0.281934
jazz_09::pitch_shift::+4st,jazz_09,jazz,H,pitch_shift,4.0,0.993704,0.680063,0.993510,0.294379
jazz_09::time_stretch::-20pct,jazz_09,jazz,R,time_stretch,-20.0,0.999838,0.874100,0.929122,0.284311
jazz_09::time_stretch::-10pct,jazz_09,jazz,R,time_stretch,-10.0,0.999756,0.887672,0.925160,0.300212
jazz_09::time_stretch::-5pct,jazz_09,jazz,R,time_stretch,-5.0,0.999760,0.934595,0.936289,0.290424
jazz_09::time_stretch::+5pct,jazz_09,jazz,R,time_stretch,5.0,0.999829,0.907638,0.950918,0.297704
jazz_09::time_stretch::+10pct,jazz_09,jazz,R,time_stretch,10.0,0.999653,0.883696,0.937995,0.293817
jazz_09::time_stretch::+20pct,jazz_09,jazz,R,time_stretch,20.0,0.999401,0.893079,0.924442,0.277858
jazz_09::lowpass::lp8000,jazz_09,jazz,T,lowpass,8000.0,1.000000,0.394304,0.991235,0.285015
jazz_09::lowpass::lp4000,jazz_09,jazz,T,lowpass,4000.0,0.999786,0.401189,0.985243,0.275588
jazz_09::lowpass::lp2000,jazz_09,jazz,T,lowpass,2000.0,0.999513,0.369264,0.983942,0.251029
jazz_09::distortion::drv4,jazz_09,jazz,T,distortion,4.0,0.999959,0.945587,0.999863,0.296569
jazz_09::distortion::drv12,jazz_09,jazz,T,distortion,12.0,0.999751,0.626862,0.989583,0.267005
jazz_09::distortion::drv32,jazz_09,jazz,T,distortion,32.0,0.999888,0.458302,0.984396,0.254260
jazz_09::style_swap::swap_cross,jazz_09,jazz,S,style_swap,nan,0.952617,0.472840,0.906479,0.253261
jazz_09::style_swap::swap_same,jazz_09,jazz,S,style_swap,nan,0.973990,0.516828,0.950124,0.211737
jazz_10::control::ctrl,jazz_10,jazz,control,control,0.0,1.000000,1.000000,1.000000,0.363138
jazz_10::pitch_shift::-4st,jazz_10,jazz,H,pitch_shift,-4.0,0.991669,0.604374,0.988523,0.308004
jazz_10::pitch_shift::-2st,jazz_10,jazz,H,pitch_shift,-2.0,0.994542,0.789217,0.994306,0.294850
jazz_10::pitch_shift::-1st,jazz_10,jazz,H,pitch_shift,-1.0,0.993901,0.890315,0.996255,0.317198
jazz_10::pitch_shift::+1st,jazz_10,jazz,H,pitch_shift,1.0,0.994183,0.918462,0.994879,0.319365
jazz_10::pitch_shift::+2st,jazz_10,jazz,H,pitch_shift,2.0,0.990314,0.860741,0.992262,0.337015
jazz_10::pitch_shift::+4st,jazz_10,jazz,H,pitch_shift,4.0,0.979486,0.780678,0.983654,0.299361
jazz_10::time_stretch::-20pct,jazz_10,jazz,R,time_stretch,-20.0,0.998611,0.896049,0.699548,0.270565
jazz_10::time_stretch::-10pct,jazz_10,jazz,R,time_stretch,-10.0,0.999012,0.914031,0.747864,0.310933
jazz_10::time_stretch::-5pct,jazz_10,jazz,R,time_stretch,-5.0,0.999176,0.941274,0.789484,0.333166
jazz_10::time_stretch::+5pct,jazz_10,jazz,R,time_stretch,5.0,0.999464,0.947284,0.786308,0.387136
jazz_10::time_stretch::+10pct,jazz_10,jazz,R,time_stretch,10.0,0.998967,0.930550,0.764732,0.360480
jazz_10::time_stretch::+20pct,jazz_10,jazz,R,time_stretch,20.0,0.998482,0.921307,0.702560,0.353917
jazz_10::lowpass::lp8000,jazz_10,jazz,T,lowpass,8000.0,0.999996,0.475037,0.994423,0.370873
jazz_10::lowpass::lp4000,jazz_10,jazz,T,lowpass,4000.0,0.999996,0.465638,0.986251,0.384226
jazz_10::lowpass::lp2000,jazz_10,jazz,T,lowpass,2000.0,0.999998,0.445785,0.981971,0.356650
jazz_10::distortion::drv4,jazz_10,jazz,T,distortion,4.0,0.999712,0.871568,0.993246,0.342397
jazz_10::distortion::drv12,jazz_10,jazz,T,distortion,12.0,0.998882,0.708573,0.949376,0.290741
jazz_10::distortion::drv32,jazz_10,jazz,T,distortion,32.0,0.998055,0.590036,0.947198,0.222402
jazz_10::style_swap::swap_cross,jazz_10,jazz,S,style_swap,nan,0.924891,0.411552,0.674367,0.146614
jazz_10::style_swap::swap_same,jazz_10,jazz,S,style_swap,nan,0.976866,0.544370,0.789484,0.211432
jazz_11::control::ctrl,jazz_11,jazz,control,control,0.0,1.000000,1.000000,1.000000,0.317512
jazz_11::pitch_shift::-4st,jazz_11,jazz,H,pitch_shift,-4.0,0.947244,0.524850,0.990842,0.236421
jazz_11::pitch_shift::-2st,jazz_11,jazz,H,pitch_shift,-2.0,0.973787,0.687445,0.995179,0.281328
jazz_11::pitch_shift::-1st,jazz_11,jazz,H,pitch_shift,-1.0,0.956299,0.822674,0.996630,0.259079
jazz_11::pitch_shift::+1st,jazz_11,jazz,H,pitch_shift,1.0,0.961908,0.874756,0.994828,0.256535
jazz_11::pitch_shift::+2st,jazz_11,jazz,H,pitch_shift,2.0,0.971474,0.774948,0.992127,0.305811
jazz_11::pitch_shift::+4st,jazz_11,jazz,H,pitch_shift,4.0,0.943951,0.677111,0.983714,0.285186
jazz_11::time_stretch::-20pct,jazz_11,jazz,R,time_stretch,-20.0,0.998424,0.875785,0.618537,0.323315
jazz_11::time_stretch::-10pct,jazz_11,jazz,R,time_stretch,-10.0,0.998522,0.895161,0.694953,0.306338
jazz_11::time_stretch::-5pct,jazz_11,jazz,R,time_stretch,-5.0,0.998886,0.927578,0.735504,0.330657
jazz_11::time_stretch::+5pct,jazz_11,jazz,R,time_stretch,5.0,0.999272,0.937048,0.755659,0.317728
jazz_11::time_stretch::+10pct,jazz_11,jazz,R,time_stretch,10.0,0.998291,0.920859,0.698560,0.333056
jazz_11::time_stretch::+20pct,jazz_11,jazz,R,time_stretch,20.0,0.996398,0.877369,0.647095,0.325508
jazz_11::lowpass::lp8000,jazz_11,jazz,T,lowpass,8000.0,1.000000,0.457968,0.993689,0.311489
jazz_11::lowpass::lp4000,jazz_11,jazz,T,lowpass,4000.0,1.000000,0.451550,0.979650,0.336219
jazz_11::lowpass::lp2000,jazz_11,jazz,T,lowpass,2000.0,0.999991,0.440529,0.959965,0.291392
jazz_11::distortion::drv4,jazz_11,jazz,T,distortion,4.0,0.999738,0.654194,0.988778,0.280681
jazz_11::distortion::drv12,jazz_11,jazz,T,distortion,12.0,0.998933,0.520993,0.972786,0.252161
jazz_11::distortion::drv32,jazz_11,jazz,T,distortion,32.0,0.998474,0.460108,0.949900,0.236278
jazz_11::style_swap::swap_cross,jazz_11,jazz,S,style_swap,nan,0.957214,0.528654,0.786424,0.280731
jazz_11::style_swap::swap_same,jazz_11,jazz,S,style_swap,nan,0.978943,0.571893,0.644919,0.279178
jazz_12::control::ctrl,jazz_12,jazz,control,control,0.0,1.000000,1.000000,1.000000,0.349322
jazz_12::pitch_shift::-4st,jazz_12,jazz,H,pitch_shift,-4.0,0.930824,0.556450,0.984024,0.284027
jazz_12::pitch_shift::-2st,jazz_12,jazz,H,pitch_shift,-2.0,0.952902,0.698436,0.991839,0.300711
jazz_12::pitch_shift::-1st,jazz_12,jazz,H,pitch_shift,-1.0,0.961212,0.823336,0.995201,0.308694
jazz_12::pitch_shift::+1st,jazz_12,jazz,H,pitch_shift,1.0,0.957574,0.833769,0.992788,0.302475
jazz_12::pitch_shift::+2st,jazz_12,jazz,H,pitch_shift,2.0,0.945027,0.728359,0.985959,0.359695
jazz_12::pitch_shift::+4st,jazz_12,jazz,H,pitch_shift,4.0,0.927212,0.638955,0.969436,0.325043
jazz_12::time_stretch::-20pct,jazz_12,jazz,R,time_stretch,-20.0,0.990260,0.753253,0.435620,0.259957
jazz_12::time_stretch::-10pct,jazz_12,jazz,R,time_stretch,-10.0,0.995469,0.889317,0.563049,0.307517
jazz_12::time_stretch::-5pct,jazz_12,jazz,R,time_stretch,-5.0,0.993000,0.932176,0.619823,0.323066
jazz_12::time_stretch::+5pct,jazz_12,jazz,R,time_stretch,5.0,0.995684,0.936975,0.614296,0.319045
jazz_12::time_stretch::+10pct,jazz_12,jazz,R,time_stretch,10.0,0.995311,0.906536,0.524673,0.328179
jazz_12::time_stretch::+20pct,jazz_12,jazz,R,time_stretch,20.0,0.993478,0.846854,0.451194,0.281251
jazz_12::lowpass::lp8000,jazz_12,jazz,T,lowpass,8000.0,0.999807,0.517995,0.996044,0.353115
jazz_12::lowpass::lp4000,jazz_12,jazz,T,lowpass,4000.0,0.999978,0.490035,0.983789,0.320806
jazz_12::lowpass::lp2000,jazz_12,jazz,T,lowpass,2000.0,0.998510,0.474519,0.620515,0.314382
jazz_12::distortion::drv4,jazz_12,jazz,T,distortion,4.0,0.999785,0.795270,0.994876,0.328091
jazz_12::distortion::drv12,jazz_12,jazz,T,distortion,12.0,0.995536,0.640309,0.978926,0.230557
jazz_12::distortion::drv32,jazz_12,jazz,T,distortion,32.0,0.995451,0.555792,0.950169,0.140987
jazz_12::style_swap::swap_cross,jazz_12,jazz,S,style_swap,nan,0.906809,0.485037,0.395582,0.242453
jazz_12::style_swap::swap_same,jazz_12,jazz,S,style_swap,nan,0.968208,0.469720,0.467118,0.108531
jazz_13::control::ctrl,jazz_13,jazz,control,control,0.0,1.000000,1.000000,1.000000,0.318500
jazz_13::pitch_shift::-4st,jazz_13,jazz,H,pitch_shift,-4.0,0.857157,0.628575,0.990606,0.278516
jazz_13::pitch_shift::-2st,jazz_13,jazz,H,pitch_shift,-2.0,0.918786,0.766421,0.994031,0.300959
jazz_13::pitch_shift::-1st,jazz_13,jazz,H,pitch_shift,-1.0,0.965609,0.870787,0.996039,0.294974
jazz_13::pitch_shift::+1st,jazz_13,jazz,H,pitch_shift,1.0,0.965989,0.889366,0.992753,0.282282
jazz_13::pitch_shift::+2st,jazz_13,jazz,H,pitch_shift,2.0,0.907409,0.812854,0.986246,0.323656
jazz_13::pitch_shift::+4st,jazz_13,jazz,H,pitch_shift,4.0,0.840885,0.704617,0.978284,0.321371
jazz_13::time_stretch::-20pct,jazz_13,jazz,R,time_stretch,-20.0,0.998527,0.848472,0.556853,0.250198
jazz_13::time_stretch::-10pct,jazz_13,jazz,R,time_stretch,-10.0,0.998880,0.879729,0.623756,0.266362
jazz_13::time_stretch::-5pct,jazz_13,jazz,R,time_stretch,-5.0,0.998961,0.926213,0.719010,0.302223
jazz_13::time_stretch::+5pct,jazz_13,jazz,R,time_stretch,5.0,0.998978,0.925813,0.684768,0.322756
jazz_13::time_stretch::+10pct,jazz_13,jazz,R,time_stretch,10.0,0.997666,0.899730,0.632258,0.312544
jazz_13::time_stretch::+20pct,jazz_13,jazz,R,time_stretch,20.0,0.994750,0.871949,0.568804,0.284122
jazz_13::lowpass::lp8000,jazz_13,jazz,T,lowpass,8000.0,1.000000,0.614482,0.997160,0.322756
jazz_13::lowpass::lp4000,jazz_13,jazz,T,lowpass,4000.0,1.000000,0.541464,0.990086,0.334395
jazz_13::lowpass::lp2000,jazz_13,jazz,T,lowpass,2000.0,0.999995,0.474856,0.939470,0.301944
jazz_13::distortion::drv4,jazz_13,jazz,T,distortion,4.0,0.999466,0.794882,0.994470,0.303243
jazz_13::distortion::drv12,jazz_13,jazz,T,distortion,12.0,0.995084,0.653927,0.978025,0.229197
jazz_13::distortion::drv32,jazz_13,jazz,T,distortion,32.0,0.991993,0.567285,0.955914,0.140601
jazz_13::style_swap::swap_cross,jazz_13,jazz,S,style_swap,nan,0.808750,0.501906,0.514836,0.084953
jazz_13::style_swap::swap_same,jazz_13,jazz,S,style_swap,nan,0.930396,0.449679,0.595873,0.126101
jazz_14::control::ctrl,jazz_14,jazz,control,control,0.0,1.000000,1.000000,1.000000,0.373892
jazz_14::pitch_shift::-4st,jazz_14,jazz,H,pitch_shift,-4.0,0.933915,0.590701,0.964245,0.257356
jazz_14::pitch_shift::-2st,jazz_14,jazz,H,pitch_shift,-2.0,0.937529,0.695664,0.971491,0.291488
jazz_14::pitch_shift::-1st,jazz_14,jazz,H,pitch_shift,-1.0,0.962787,0.821173,0.998017,0.280378
jazz_14::pitch_shift::+1st,jazz_14,jazz,H,pitch_shift,1.0,0.966039,0.801514,0.971776,0.277941
jazz_14::pitch_shift::+2st,jazz_14,jazz,H,pitch_shift,2.0,0.949169,0.698654,0.968443,0.314118
jazz_14::pitch_shift::+4st,jazz_14,jazz,H,pitch_shift,4.0,0.932713,0.585970,0.957434,0.273125
jazz_14::time_stretch::-20pct,jazz_14,jazz,R,time_stretch,-20.0,0.997752,0.858124,0.727825,0.304296
jazz_14::time_stretch::-10pct,jazz_14,jazz,R,time_stretch,-10.0,0.998975,0.890727,0.779534,0.326913
jazz_14::time_stretch::-5pct,jazz_14,jazz,R,time_stretch,-5.0,0.997459,0.932674,0.818321,0.358640
jazz_14::time_stretch::+5pct,jazz_14,jazz,R,time_stretch,5.0,0.997984,0.947918,0.719260,0.335340
jazz_14::time_stretch::+10pct,jazz_14,jazz,R,time_stretch,10.0,0.998670,0.927762,0.722298,0.326621
jazz_14::time_stretch::+20pct,jazz_14,jazz,R,time_stretch,20.0,0.998893,0.913798,0.744742,0.310077
jazz_14::lowpass::lp8000,jazz_14,jazz,T,lowpass,8000.0,0.999982,0.686754,0.998291,0.381007
jazz_14::lowpass::lp4000,jazz_14,jazz,T,lowpass,4000.0,0.999909,0.527779,0.992664,0.361337
jazz_14::lowpass::lp2000,jazz_14,jazz,T,lowpass,2000.0,0.999956,0.452628,0.986559,0.351192
jazz_14::distortion::drv4,jazz_14,jazz,T,distortion,4.0,0.999706,0.712523,0.969466,0.312847
jazz_14::distortion::drv12,jazz_14,jazz,T,distortion,12.0,0.998455,0.571102,0.955522,0.167973
jazz_14::distortion::drv32,jazz_14,jazz,T,distortion,32.0,0.996809,0.513077,0.961260,0.119921
jazz_14::style_swap::swap_cross,jazz_14,jazz,S,style_swap,nan,0.920173,0.460066,0.773476,0.197400
jazz_14::style_swap::swap_same,jazz_14,jazz,S,style_swap,nan,0.961866,0.467382,0.815302,0.256735
jazz_15::control::ctrl,jazz_15,jazz,control,control,0.0,1.000000,1.000000,1.000000,0.369177
jazz_15::pitch_shift::-4st,jazz_15,jazz,H,pitch_shift,-4.0,0.820339,0.553332,0.993068,0.292350
jazz_15::pitch_shift::-2st,jazz_15,jazz,H,pitch_shift,-2.0,0.909927,0.659108,0.994307,0.301402
jazz_15::pitch_shift::-1st,jazz_15,jazz,H,pitch_shift,-1.0,0.785600,0.768366,0.995505,0.277463
jazz_15::pitch_shift::+1st,jazz_15,jazz,H,pitch_shift,1.0,0.779683,0.774167,0.995931,0.310275
jazz_15::pitch_shift::+2st,jazz_15,jazz,H,pitch_shift,2.0,0.885780,0.681081,0.994477,0.348467
jazz_15::pitch_shift::+4st,jazz_15,jazz,H,pitch_shift,4.0,0.794101,0.551112,0.992303,0.284665
jazz_15::time_stretch::-20pct,jazz_15,jazz,R,time_stretch,-20.0,0.997850,0.753567,0.754556,0.380042
jazz_15::time_stretch::-10pct,jazz_15,jazz,R,time_stretch,-10.0,0.997344,0.839050,0.805238,0.327837
jazz_15::time_stretch::-5pct,jazz_15,jazz,R,time_stretch,-5.0,0.998597,0.873798,0.844847,0.362249
jazz_15::time_stretch::+5pct,jazz_15,jazz,R,time_stretch,5.0,0.999443,0.864574,0.847523,0.379673
jazz_15::time_stretch::+10pct,jazz_15,jazz,R,time_stretch,10.0,0.998463,0.871353,0.825396,0.383503
jazz_15::time_stretch::+20pct,jazz_15,jazz,R,time_stretch,20.0,0.997100,0.856363,0.772911,0.386449
jazz_15::lowpass::lp8000,jazz_15,jazz,T,lowpass,8000.0,0.999998,0.965446,0.999997,0.372114
jazz_15::lowpass::lp4000,jazz_15,jazz,T,lowpass,4000.0,0.999989,0.777753,0.999673,0.362249
jazz_15::lowpass::lp2000,jazz_15,jazz,T,lowpass,2000.0,0.999987,0.507678,0.998792,0.358367
jazz_15::distortion::drv4,jazz_15,jazz,T,distortion,4.0,0.999636,0.730561,0.998351,0.352048
jazz_15::distortion::drv12,jazz_15,jazz,T,distortion,12.0,0.996427,0.507365,0.965091,0.275337
jazz_15::distortion::drv32,jazz_15,jazz,T,distortion,32.0,0.991463,0.454300,0.959982,0.205747
jazz_15::style_swap::swap_cross,jazz_15,jazz,S,style_swap,nan,0.921302,0.394224,0.805238,0.215969
jazz_15::style_swap::swap_same,jazz_15,jazz,S,style_swap,nan,0.888360,0.390540,0.782155,0.208534
rock_01::control::ctrl,rock_01,rock,control,control,0.0,1.000000,0.999942,1.000000,0.351580
rock_01::pitch_shift::-4st,rock_01,rock,H,pitch_shift,-4.0,0.813833,0.557216,0.979701,0.296322
rock_01::pitch_shift::-2st,rock_01,rock,H,pitch_shift,-2.0,0.879642,0.679588,0.990183,0.280550
rock_01::pitch_shift::-1st,rock_01,rock,H,pitch_shift,-1.0,0.838643,0.812859,0.992820,0.279030
rock_01::pitch_shift::+1st,rock_01,rock,H,pitch_shift,1.0,0.848026,0.843843,0.991541,0.299836
rock_01::pitch_shift::+2st,rock_01,rock,H,pitch_shift,2.0,0.881178,0.759704,0.988635,0.283916
rock_01::pitch_shift::+4st,rock_01,rock,H,pitch_shift,4.0,0.816739,0.645763,0.977506,0.273494
rock_01::time_stretch::-20pct,rock_01,rock,R,time_stretch,-20.0,0.994147,0.882204,0.577890,0.282631
rock_01::time_stretch::-10pct,rock_01,rock,R,time_stretch,-10.0,0.998970,0.902000,0.643533,0.302401
rock_01::time_stretch::-5pct,rock_01,rock,R,time_stretch,-5.0,0.998823,0.915492,0.706095,0.337294
rock_01::time_stretch::+5pct,rock_01,rock,R,time_stretch,5.0,0.999098,0.914686,0.701311,0.337013
rock_01::time_stretch::+10pct,rock_01,rock,R,time_stretch,10.0,0.997581,0.882312,0.651366,0.331020
rock_01::time_stretch::+20pct,rock_01,rock,R,time_stretch,20.0,0.995819,0.822715,0.584485,0.309516
rock_01::lowpass::lp8000,rock_01,rock,T,lowpass,8000.0,1.000000,0.474364,0.991089,0.355372
rock_01::lowpass::lp4000,rock_01,rock,T,lowpass,4000.0,0.999999,0.425397,0.878785,0.348735
rock_01::lowpass::lp2000,rock_01,rock,T,lowpass,2000.0,0.999956,0.398225,0.840811,0.272441
rock_01::distortion::drv4,rock_01,rock,T,distortion,4.0,0.999287,0.774377,0.981845,0.311538
rock_01::distortion::drv12,rock_01,rock,T,distortion,12.0,0.996281,0.570771,0.947007,0.240964
rock_01::distortion::drv32,rock_01,rock,T,distortion,32.0,0.994382,0.488409,0.854443,0.210933
rock_01::style_swap::swap_cross,rock_01,rock,S,style_swap,nan,0.902871,0.438940,0.634166,0.169132
rock_01::style_swap::swap_same,rock_01,rock,S,style_swap,nan,0.945281,0.401226,0.731973,0.193280
rock_02::control::ctrl,rock_02,rock,control,control,0.0,1.000000,1.000000,1.000000,0.448968
rock_02::pitch_shift::-4st,rock_02,rock,H,pitch_shift,-4.0,0.925931,0.434769,0.749235,0.398244
rock_02::pitch_shift::-2st,rock_02,rock,H,pitch_shift,-2.0,0.967372,0.592148,0.979024,0.374410
rock_02::pitch_shift::-1st,rock_02,rock,H,pitch_shift,-1.0,0.976893,0.749597,0.983371,0.383801
rock_02::pitch_shift::+1st,rock_02,rock,H,pitch_shift,1.0,0.981755,0.800876,0.984115,0.412167
rock_02::pitch_shift::+2st,rock_02,rock,H,pitch_shift,2.0,0.975692,0.730319,0.978986,0.459892
rock_02::pitch_shift::+4st,rock_02,rock,H,pitch_shift,4.0,0.929742,0.635438,0.976935,0.401197
rock_02::time_stretch::-20pct,rock_02,rock,R,time_stretch,-20.0,0.998551,0.855249,0.756893,0.409219
rock_02::time_stretch::-10pct,rock_02,rock,R,time_stretch,-10.0,0.998651,0.859320,0.650501,0.439699
rock_02::time_stretch::-5pct,rock_02,rock,R,time_stretch,-5.0,0.999315,0.877984,0.752447,0.477422
rock_02::time_stretch::+5pct,rock_02,rock,R,time_stretch,5.0,0.998863,0.858080,0.748891,0.473615
rock_02::time_stretch::+10pct,rock_02,rock,R,time_stretch,10.0,0.999028,0.863816,0.707762,0.473188
rock_02::time_stretch::+20pct,rock_02,rock,R,time_stretch,20.0,0.996639,0.858657,0.650501,0.445549
rock_02::lowpass::lp8000,rock_02,rock,T,lowpass,8000.0,1.000000,0.421983,0.775742,0.456311
rock_02::lowpass::lp4000,rock_02,rock,T,lowpass,4000.0,0.999968,0.435369,0.768712,0.459084
rock_02::lowpass::lp2000,rock_02,rock,T,lowpass,2000.0,0.999983,0.408411,0.756543,0.445108
rock_02::distortion::drv4,rock_02,rock,T,distortion,4.0,0.999895,0.597362,0.774171,0.471027
rock_02::distortion::drv12,rock_02,rock,T,distortion,12.0,0.999632,0.461474,0.722792,0.446923
rock_02::distortion::drv32,rock_02,rock,T,distortion,32.0,0.999400,0.427758,0.661058,0.443041
rock_02::style_swap::swap_cross,rock_02,rock,S,style_swap,nan,0.929088,0.524234,0.636276,0.124198
rock_02::style_swap::swap_same,rock_02,rock,S,style_swap,nan,0.990037,0.517629,0.690209,0.256120
rock_03::control::ctrl,rock_03,rock,control,control,0.0,0.999823,0.943625,0.999858,0.463878
rock_03::pitch_shift::-4st,rock_03,rock,H,pitch_shift,-4.0,0.949724,0.602721,0.989028,0.440971
rock_03::pitch_shift::-2st,rock_03,rock,H,pitch_shift,-2.0,0.977116,0.765816,0.993807,0.444071
rock_03::pitch_shift::-1st,rock_03,rock,H,pitch_shift,-1.0,0.986346,0.863648,0.995650,0.414698
rock_03::pitch_shift::+1st,rock_03,rock,H,pitch_shift,1.0,0.987725,0.868074,0.993055,0.367197
rock_03::pitch_shift::+2st,rock_03,rock,H,pitch_shift,2.0,0.977977,0.770150,0.987473,0.456793
rock_03::pitch_shift::+4st,rock_03,rock,H,pitch_shift,4.0,0.957036,0.645562,0.974400,0.399590
rock_03::time_stretch::-20pct,rock_03,rock,R,time_stretch,-20.0,0.998615,0.870737,0.530380,0.390347
rock_03::time_stretch::-10pct,rock_03,rock,R,time_stretch,-10.0,0.999768,0.880826,0.614639,0.448548
rock_03::time_stretch::-5pct,rock_03,rock,R,time_stretch,-5.0,0.998701,0.914959,0.685591,0.424645
rock_03::time_stretch::+5pct,rock_03,rock,R,time_stretch,5.0,0.999500,0.924344,0.678665,0.468867
rock_03::time_stretch::+10pct,rock_03,rock,R,time_stretch,10.0,0.999411,0.883936,0.614164,0.468274
rock_03::time_stretch::+20pct,rock_03,rock,R,time_stretch,20.0,0.999580,0.864175,0.549795,0.455295
rock_03::lowpass::lp8000,rock_03,rock,T,lowpass,8000.0,0.998735,0.455113,0.998741,0.485566
rock_03::lowpass::lp4000,rock_03,rock,T,lowpass,4000.0,0.999979,0.437897,0.994185,0.460676
rock_03::lowpass::lp2000,rock_03,rock,T,lowpass,2000.0,0.999748,0.432030,0.691917,0.416730
rock_03::distortion::drv4,rock_03,rock,T,distortion,4.0,0.999644,0.666804,0.990538,0.446547
rock_03::distortion::drv12,rock_03,rock,T,distortion,12.0,0.999471,0.549200,0.676983,0.441078
rock_03::distortion::drv32,rock_03,rock,T,distortion,32.0,0.999376,0.507933,0.629428,0.415178
rock_03::style_swap::swap_cross,rock_03,rock,S,style_swap,nan,0.965684,0.456104,0.585605,0.205666
rock_03::style_swap::swap_same,rock_03,rock,S,style_swap,nan,0.984031,0.447872,0.653550,0.320739
rock_04::control::ctrl,rock_04,rock,control,control,0.0,1.000000,1.000000,1.000000,0.387759
rock_04::pitch_shift::-4st,rock_04,rock,H,pitch_shift,-4.0,0.993308,0.532255,0.974972,0.290238
rock_04::pitch_shift::-2st,rock_04,rock,H,pitch_shift,-2.0,0.993437,0.699460,0.983079,0.364020
rock_04::pitch_shift::-1st,rock_04,rock,H,pitch_shift,-1.0,0.994962,0.807215,0.985566,0.320277
rock_04::pitch_shift::+1st,rock_04,rock,H,pitch_shift,1.0,0.995817,0.847557,0.984539,0.346903
rock_04::pitch_shift::+2st,rock_04,rock,H,pitch_shift,2.0,0.993026,0.760707,0.979706,0.360480
rock_04::pitch_shift::+4st,rock_04,rock,H,pitch_shift,4.0,0.993258,0.632999,0.966859,0.331037
rock_04::time_stretch::-20pct,rock_04,rock,R,time_stretch,-20.0,0.999515,0.830355,0.561869,0.338163
rock_04::time_stretch::-10pct,rock_04,rock,R,time_stretch,-10.0,0.999477,0.856248,0.641402,0.348696
rock_04::time_stretch::-5pct,rock_04,rock,R,time_stretch,-5.0,0.999656,0.884215,0.705147,0.354291
rock_04::time_stretch::+5pct,rock_04,rock,R,time_stretch,5.0,0.999886,0.887352,0.530131,0.381978
rock_04::time_stretch::+10pct,rock_04,rock,R,time_stretch,10.0,0.999043,0.896665,0.542417,0.337430
rock_04::time_stretch::+20pct,rock_04,rock,R,time_stretch,20.0,0.999860,0.890977,0.568112,0.347457
rock_04::lowpass::lp8000,rock_04,rock,T,lowpass,8000.0,0.999999,0.422854,0.988926,0.384822
rock_04::lowpass::lp4000,rock_04,rock,T,lowpass,4000.0,0.999998,0.412050,0.916593,0.353534
rock_04::lowpass::lp2000,rock_04,rock,T,lowpass,2000.0,0.999971,0.411064,0.897510,0.311596
rock_04::distortion::drv4,rock_04,rock,T,distortion,4.0,0.999974,0.744737,0.705210,0.364317
rock_04::distortion::drv12,rock_04,rock,T,distortion,12.0,0.999856,0.522079,0.613956,0.298819
rock_04::distortion::drv32,rock_04,rock,T,distortion,32.0,0.999745,0.471436,0.589953,0.257270
rock_04::style_swap::swap_cross,rock_04,rock,S,style_swap,nan,0.964222,0.453161,0.534822,0.161265
rock_04::style_swap::swap_same,rock_04,rock,S,style_swap,nan,0.980173,0.524115,0.533974,0.325245
rock_05::control::ctrl,rock_05,rock,control,control,0.0,1.000000,1.000000,1.000000,0.334432
rock_05::pitch_shift::-4st,rock_05,rock,H,pitch_shift,-4.0,0.863550,0.509731,0.971146,0.342180
rock_05::pitch_shift::-2st,rock_05,rock,H,pitch_shift,-2.0,0.909335,0.649299,0.985501,0.343777
rock_05::pitch_shift::-1st,rock_05,rock,H,pitch_shift,-1.0,0.951570,0.800259,0.991201,0.381440
rock_05::pitch_shift::+1st,rock_05,rock,H,pitch_shift,1.0,0.964085,0.810858,0.988272,0.358123
rock_05::pitch_shift::+2st,rock_05,rock,H,pitch_shift,2.0,0.916303,0.697245,0.983853,0.361150
rock_05::pitch_shift::+4st,rock_05,rock,H,pitch_shift,4.0,0.876657,0.573219,0.962706,0.364850
rock_05::time_stretch::-20pct,rock_05,rock,R,time_stretch,-20.0,0.998700,0.864856,0.424745,0.325417
rock_05::time_stretch::-10pct,rock_05,rock,R,time_stretch,-10.0,0.997697,0.887121,0.525284,0.348630
rock_05::time_stretch::-5pct,rock_05,rock,R,time_stretch,-5.0,0.997982,0.928636,0.585699,0.344837
rock_05::time_stretch::+5pct,rock_05,rock,R,time_stretch,5.0,0.999398,0.943844,0.621215,0.361953
rock_05::time_stretch::+10pct,rock_05,rock,R,time_stretch,10.0,0.998213,0.918891,0.574654,0.360968
rock_05::time_stretch::+20pct,rock_05,rock,R,time_stretch,20.0,0.998722,0.890370,0.456249,0.344837
rock_05::lowpass::lp8000,rock_05,rock,T,lowpass,8000.0,0.999536,0.509873,0.984144,0.337027
rock_05::lowpass::lp4000,rock_05,rock,T,lowpass,4000.0,0.999417,0.438412,0.944909,0.347589
rock_05::lowpass::lp2000,rock_05,rock,T,lowpass,2000.0,0.999939,0.409549,0.923085,0.300416
rock_05::distortion::drv4,rock_05,rock,T,distortion,4.0,0.996810,0.704477,0.977950,0.339428
rock_05::distortion::drv12,rock_05,rock,T,distortion,12.0,0.993765,0.532240,0.937684,0.294250
rock_05::distortion::drv32,rock_05,rock,T,distortion,32.0,0.992450,0.470004,0.862427,0.261148
rock_05::style_swap::swap_cross,rock_05,rock,S,style_swap,nan,0.884864,0.394601,0.513749,0.154490
rock_05::style_swap::swap_same,rock_05,rock,S,style_swap,nan,0.920233,0.446908,0.474134,0.325401
rock_06::control::ctrl,rock_06,rock,control,control,0.0,1.000000,1.000000,1.000000,0.349691
rock_06::pitch_shift::-4st,rock_06,rock,H,pitch_shift,-4.0,0.938169,0.521115,0.982013,0.298638
rock_06::pitch_shift::-2st,rock_06,rock,H,pitch_shift,-2.0,0.931284,0.707105,0.990296,0.336476
rock_06::pitch_shift::-1st,rock_06,rock,H,pitch_shift,-1.0,0.948093,0.808971,0.993092,0.290799
rock_06::pitch_shift::+1st,rock_06,rock,H,pitch_shift,1.0,0.947738,0.831831,0.989724,0.278353
rock_06::pitch_shift::+2st,rock_06,rock,H,pitch_shift,2.0,0.930150,0.775342,0.984504,0.332616
rock_06::pitch_shift::+4st,rock_06,rock,H,pitch_shift,4.0,0.949607,0.677082,0.970006,0.310010
rock_06::time_stretch::-20pct,rock_06,rock,R,time_stretch,-20.0,0.998430,0.828538,0.494202,0.309450
rock_06::time_stretch::-10pct,rock_06,rock,R,time_stretch,-10.0,0.999561,0.847482,0.599483,0.271620
rock_06::time_stretch::-5pct,rock_06,rock,R,time_stretch,-5.0,0.999366,0.862797,0.679969,0.319001
rock_06::time_stretch::+5pct,rock_06,rock,R,time_stretch,5.0,0.999392,0.890315,0.679505,0.353390
rock_06::time_stretch::+10pct,rock_06,rock,R,time_stretch,10.0,0.997144,0.861088,0.589361,0.337607
rock_06::time_stretch::+20pct,rock_06,rock,R,time_stretch,20.0,0.999165,0.879936,0.512217,0.317421
rock_06::lowpass::lp8000,rock_06,rock,T,lowpass,8000.0,0.999997,0.424493,0.996572,0.346405
rock_06::lowpass::lp4000,rock_06,rock,T,lowpass,4000.0,0.999986,0.439439,0.992414,0.363715
rock_06::lowpass::lp2000,rock_06,rock,T,lowpass,2000.0,0.998553,0.415651,0.985587,0.310654
rock_06::distortion::drv4,rock_06,rock,T,distortion,4.0,0.999869,0.784771,0.992653,0.333725
rock_06::distortion::drv12,rock_06,rock,T,distortion,12.0,0.999664,0.533638,0.956995,0.336476
rock_06::distortion::drv32,rock_06,rock,T,distortion,32.0,0.999508,0.461691,0.891710,0.316469
rock_06::style_swap::swap_cross,rock_06,rock,S,style_swap,nan,0.887546,0.403980,0.553223,0.115392
rock_06::style_swap::swap_same,rock_06,rock,S,style_swap,nan,0.951376,0.484016,0.599483,0.218217
rock_07::control::ctrl,rock_07,rock,control,control,0.0,1.000000,1.000000,1.000000,0.461580
rock_07::pitch_shift::-4st,rock_07,rock,H,pitch_shift,-4.0,0.735964,0.632630,0.975588,0.321820
rock_07::pitch_shift::-2st,rock_07,rock,H,pitch_shift,-2.0,0.811080,0.756119,0.986826,0.391579
rock_07::pitch_shift::-1st,rock_07,rock,H,pitch_shift,-1.0,0.705207,0.853910,0.992301,0.291211
rock_07::pitch_shift::+1st,rock_07,rock,H,pitch_shift,1.0,0.703882,0.864309,0.989597,0.311560
rock_07::pitch_shift::+2st,rock_07,rock,H,pitch_shift,2.0,0.798246,0.761986,0.983227,0.446012
rock_07::pitch_shift::+4st,rock_07,rock,H,pitch_shift,4.0,0.729550,0.627638,0.973757,0.368046
rock_07::time_stretch::-20pct,rock_07,rock,R,time_stretch,-20.0,0.992079,0.731594,0.567383,0.455253
rock_07::time_stretch::-10pct,rock_07,rock,R,time_stretch,-10.0,0.997448,0.826538,0.648579,0.451449
rock_07::time_stretch::-5pct,rock_07,rock,R,time_stretch,-5.0,0.998955,0.882843,0.705755,0.477184
rock_07::time_stretch::+5pct,rock_07,rock,R,time_stretch,5.0,0.997778,0.898955,0.731184,0.465477
rock_07::time_stretch::+10pct,rock_07,rock,R,time_stretch,10.0,0.994625,0.892475,0.663449,0.455346
rock_07::time_stretch::+20pct,rock_07,rock,R,time_stretch,20.0,0.987317,0.842336,0.596081,0.444752
rock_07::lowpass::lp8000,rock_07,rock,T,lowpass,8000.0,0.999997,0.537304,0.993655,0.454356
rock_07::lowpass::lp4000,rock_07,rock,T,lowpass,4000.0,0.999994,0.506100,0.982593,0.447736
rock_07::lowpass::lp2000,rock_07,rock,T,lowpass,2000.0,0.999926,0.466434,0.972303,0.324442
rock_07::distortion::drv4,rock_07,rock,T,distortion,4.0,0.999884,0.787652,0.982693,0.431832
rock_07::distortion::drv12,rock_07,rock,T,distortion,12.0,0.996426,0.659981,0.949425,0.292612
rock_07::distortion::drv32,rock_07,rock,T,distortion,32.0,0.990829,0.567385,0.753447,0.216379
rock_07::style_swap::swap_cross,rock_07,rock,S,style_swap,nan,0.795693,0.476206,0.582684,0.172873
rock_07::style_swap::swap_same,rock_07,rock,S,style_swap,nan,0.851624,0.535156,0.731079,0.201950
rock_08::control::ctrl,rock_08,rock,control,control,0.0,1.000000,1.000000,1.000000,0.411119
rock_08::pitch_shift::-4st,rock_08,rock,H,pitch_shift,-4.0,0.962647,0.424162,0.962221,0.393994
rock_08::pitch_shift::-2st,rock_08,rock,H,pitch_shift,-2.0,0.967163,0.603592,0.970556,0.404525
rock_08::pitch_shift::-1st,rock_08,rock,H,pitch_shift,-1.0,0.957176,0.770797,0.976175,0.397342
rock_08::pitch_shift::+1st,rock_08,rock,H,pitch_shift,1.0,0.960892,0.804370,0.975471,0.417421
rock_08::pitch_shift::+2st,rock_08,rock,H,pitch_shift,2.0,0.958667,0.730797,0.969525,0.400627
rock_08::pitch_shift::+4st,rock_08,rock,H,pitch_shift,4.0,0.967969,0.614177,0.964967,0.408889
rock_08::time_stretch::-20pct,rock_08,rock,R,time_stretch,-20.0,0.997700,0.830463,0.703569,0.329320
rock_08::time_stretch::-10pct,rock_08,rock,R,time_stretch,-10.0,0.998554,0.837736,0.693826,0.366944
rock_08::time_stretch::-5pct,rock_08,rock,R,time_stretch,-5.0,0.998161,0.858111,0.775470,0.411973
rock_08::time_stretch::+5pct,rock_08,rock,R,time_stretch,5.0,0.999628,0.860650,0.770773,0.425947
rock_08::time_stretch::+10pct,rock_08,rock,R,time_stretch,10.0,0.997256,0.819834,0.682278,0.376141
rock_08::time_stretch::+20pct,rock_08,rock,R,time_stretch,20.0,0.994061,0.821964,0.643363,0.384479
rock_08::lowpass::lp8000,rock_08,rock,T,lowpass,8000.0,1.000000,0.398632,0.985534,0.411738
rock_08::lowpass::lp4000,rock_08,rock,T,lowpass,4000.0,0.999998,0.405805,0.966190,0.407369
rock_08::lowpass::lp2000,rock_08,rock,T,lowpass,2000.0,0.998148,0.387533,0.949042,0.356663
rock_08::distortion::drv4,rock_08,rock,T,distortion,4.0,0.999589,0.555807,0.985506,0.398339
rock_08::distortion::drv12,rock_08,rock,T,distortion,12.0,0.999499,0.418826,0.950344,0.377195
rock_08::distortion::drv32,rock_08,rock,T,distortion,32.0,0.999133,0.395945,0.915010,0.368401
rock_08::style_swap::swap_cross,rock_08,rock,S,style_swap,nan,0.766064,0.416942,0.711322,0.196081
rock_08::style_swap::swap_same,rock_08,rock,S,style_swap,nan,0.928717,0.484023,0.790245,0.205342
rock_09::control::ctrl,rock_09,rock,control,control,0.0,1.000000,1.000000,1.000000,0.394927
rock_09::pitch_shift::-4st,rock_09,rock,H,pitch_shift,-4.0,0.970896,0.535053,0.991098,0.286724
rock_09::pitch_shift::-2st,rock_09,rock,H,pitch_shift,-2.0,0.981876,0.687841,0.995246,0.341939
rock_09::pitch_shift::-1st,rock_09,rock,H,pitch_shift,-1.0,0.973112,0.809441,0.996438,0.350876
rock_09::pitch_shift::+1st,rock_09,rock,H,pitch_shift,1.0,0.975986,0.835457,0.996031,0.309392
rock_09::pitch_shift::+2st,rock_09,rock,H,pitch_shift,2.0,0.982703,0.741207,0.994194,0.364310
rock_09::pitch_shift::+4st,rock_09,rock,H,pitch_shift,4.0,0.974613,0.639299,0.990202,0.308432
rock_09::time_stretch::-20pct,rock_09,rock,R,time_stretch,-20.0,0.997323,0.856981,0.875536,0.350876
rock_09::time_stretch::-10pct,rock_09,rock,R,time_stretch,-10.0,0.998288,0.865867,0.885962,0.358679
rock_09::time_stretch::-5pct,rock_09,rock,R,time_stretch,-5.0,0.998910,0.896966,0.901117,0.369794
rock_09::time_stretch::+5pct,rock_09,rock,R,time_stretch,5.0,0.999402,0.882233,0.909823,0.416349
rock_09::time_stretch::+10pct,rock_09,rock,R,time_stretch,10.0,0.999302,0.856784,0.890861,0.413396
rock_09::time_stretch::+20pct,rock_09,rock,R,time_stretch,20.0,0.998284,0.849038,0.883299,0.378080
rock_09::lowpass::lp8000,rock_09,rock,T,lowpass,8000.0,0.999475,0.439360,0.997746,0.395849
rock_09::lowpass::lp4000,rock_09,rock,T,lowpass,4000.0,0.999667,0.424054,0.991899,0.371484
rock_09::lowpass::lp2000,rock_09,rock,T,lowpass,2000.0,0.999496,0.422581,0.984204,0.271367
rock_09::distortion::drv4,rock_09,rock,T,distortion,4.0,0.999784,0.910738,0.996652,0.371446
rock_09::distortion::drv12,rock_09,rock,T,distortion,12.0,0.998742,0.662598,0.987667,0.333838
rock_09::distortion::drv32,rock_09,rock,T,distortion,32.0,0.998787,0.503514,0.959489,0.164821
rock_09::style_swap::swap_cross,rock_09,rock,S,style_swap,nan,0.891277,0.421292,0.901117,0.097207
rock_09::style_swap::swap_same,rock_09,rock,S,style_swap,nan,0.956709,0.488897,0.912413,0.288262
rock_10::control::ctrl,rock_10,rock,control,control,0.0,1.000000,1.000000,1.000000,0.477181
rock_10::pitch_shift::-4st,rock_10,rock,H,pitch_shift,-4.0,0.824539,0.601241,0.957999,0.440766
rock_10::pitch_shift::-2st,rock_10,rock,H,pitch_shift,-2.0,0.870811,0.745049,0.991559,0.422333
rock_10::pitch_shift::-1st,rock_10,rock,H,pitch_shift,-1.0,0.937895,0.845088,0.834671,0.412687
rock_10::pitch_shift::+1st,rock_10,rock,H,pitch_shift,1.0,0.939978,0.879705,0.967620,0.457188
rock_10::pitch_shift::+2st,rock_10,rock,H,pitch_shift,2.0,0.864891,0.787447,0.831159,0.438014
rock_10::pitch_shift::+4st,rock_10,rock,H,pitch_shift,4.0,0.808760,0.651624,0.958937,0.470916
rock_10::time_stretch::-20pct,rock_10,rock,R,time_stretch,-20.0,0.996102,0.844591,0.733444,0.419425
rock_10::time_stretch::-10pct,rock_10,rock,R,time_stretch,-10.0,0.994756,0.877497,0.705710,0.447770
rock_10::time_stretch::-5pct,rock_10,rock,R,time_stretch,-5.0,0.998186,0.911081,0.852409,0.433424
rock_10::time_stretch::+5pct,rock_10,rock,R,time_stretch,5.0,0.997527,0.921226,0.726414,0.460179
rock_10::time_stretch::+10pct,rock_10,rock,R,time_stretch,10.0,0.997108,0.888297,0.743546,0.426973
rock_10::time_stretch::+20pct,rock_10,rock,R,time_stretch,20.0,0.997989,0.879193,0.780766,0.445818
rock_10::lowpass::lp8000,rock_10,rock,T,lowpass,8000.0,1.000000,0.493460,0.836706,0.465405
rock_10::lowpass::lp4000,rock_10,rock,T,lowpass,4000.0,0.999973,0.435017,0.829036,0.461823
rock_10::lowpass::lp2000,rock_10,rock,T,lowpass,2000.0,0.999896,0.429675,0.820860,0.412631
rock_10::distortion::drv4,rock_10,rock,T,distortion,4.0,0.999914,0.843263,0.969730,0.433424
rock_10::distortion::drv12,rock_10,rock,T,distortion,12.0,0.998999,0.623722,0.931258,0.389757
rock_10::distortion::drv32,rock_10,rock,T,distortion,32.0,0.997845,0.526536,0.887411,0.382765
rock_10::style_swap::swap_cross,rock_10,rock,S,style_swap,nan,0.883339,0.513896,0.712531,0.149423
rock_10::style_swap::swap_same,rock_10,rock,S,style_swap,nan,0.915243,0.479050,0.813656,0.323297
rock_11::control::ctrl,rock_11,rock,control,control,0.0,1.000000,0.999225,0.999997,0.350087
rock_11::pitch_shift::-4st,rock_11,rock,H,pitch_shift,-4.0,0.954260,0.482414,0.939170,0.318275
rock_11::pitch_shift::-2st,rock_11,rock,H,pitch_shift,-2.0,0.960748,0.612815,0.942562,0.325906
rock_11::pitch_shift::-1st,rock_11,rock,H,pitch_shift,-1.0,0.971009,0.770174,0.994310,0.332076
rock_11::pitch_shift::+1st,rock_11,rock,H,pitch_shift,1.0,0.967677,0.849975,0.941387,0.344462
rock_11::pitch_shift::+2st,rock_11,rock,H,pitch_shift,2.0,0.954275,0.780699,0.936998,0.359117
rock_11::pitch_shift::+4st,rock_11,rock,H,pitch_shift,4.0,0.953920,0.686174,0.928238,0.318817
rock_11::time_stretch::-20pct,rock_11,rock,R,time_stretch,-20.0,0.998454,0.868247,0.737084,0.293585
rock_11::time_stretch::-10pct,rock_11,rock,R,time_stretch,-10.0,0.997800,0.863344,0.584534,0.331219
rock_11::time_stretch::-5pct,rock_11,rock,R,time_stretch,-5.0,0.999340,0.885440,0.657780,0.330497
rock_11::time_stretch::+5pct,rock_11,rock,R,time_stretch,5.0,0.996552,0.900690,0.688403,0.319729
rock_11::time_stretch::+10pct,rock_11,rock,R,time_stretch,10.0,0.996253,0.888260,0.652365,0.332835
rock_11::time_stretch::+20pct,rock_11,rock,R,time_stretch,20.0,0.997360,0.885588,0.548148,0.340509
rock_11::lowpass::lp8000,rock_11,rock,T,lowpass,8000.0,1.000000,0.413096,0.941118,0.343944
rock_11::lowpass::lp4000,rock_11,rock,T,lowpass,4000.0,0.999480,0.396448,0.973901,0.343944
rock_11::lowpass::lp2000,rock_11,rock,T,lowpass,2000.0,0.999272,0.379263,0.956172,0.274530
rock_11::distortion::drv4,rock_11,rock,T,distortion,4.0,0.997132,0.798399,0.987904,0.345842
rock_11::distortion::drv12,rock_11,rock,T,distortion,12.0,0.997661,0.613843,0.972928,0.261112
rock_11::distortion::drv32,rock_11,rock,T,distortion,32.0,0.994355,0.502742,0.898798,0.247281
rock_11::style_swap::swap_cross,rock_11,rock,S,style_swap,nan,0.950473,0.381667,0.568047,0.101880
rock_11::style_swap::swap_same,rock_11,rock,S,style_swap,nan,0.879670,0.479887,0.606101,0.277884
rock_12::control::ctrl,rock_12,rock,control,control,0.0,1.000000,1.000000,1.000000,0.422892
rock_12::pitch_shift::-4st,rock_12,rock,H,pitch_shift,-4.0,0.957684,0.538872,0.976001,0.349996
rock_12::pitch_shift::-2st,rock_12,rock,H,pitch_shift,-2.0,0.977490,0.719660,0.984559,0.363792
rock_12::pitch_shift::-1st,rock_12,rock,H,pitch_shift,-1.0,0.952926,0.843101,0.987377,0.353698
rock_12::pitch_shift::+1st,rock_12,rock,H,pitch_shift,1.0,0.949585,0.837653,0.985259,0.343852
rock_12::pitch_shift::+2st,rock_12,rock,H,pitch_shift,2.0,0.980688,0.739759,0.981244,0.420790
rock_12::pitch_shift::+4st,rock_12,rock,H,pitch_shift,4.0,0.958547,0.636386,0.972820,0.414322
rock_12::time_stretch::-20pct,rock_12,rock,R,time_stretch,-20.0,0.998488,0.852531,0.573730,0.376787
rock_12::time_stretch::-10pct,rock_12,rock,R,time_stretch,-10.0,0.999341,0.882881,0.653732,0.404173
rock_12::time_stretch::-5pct,rock_12,rock,R,time_stretch,-5.0,0.999559,0.914093,0.715227,0.413733
rock_12::time_stretch::+5pct,rock_12,rock,R,time_stretch,5.0,0.999520,0.930938,0.714588,0.447652
rock_12::time_stretch::+10pct,rock_12,rock,R,time_stretch,10.0,0.998331,0.898505,0.643004,0.415545
rock_12::time_stretch::+20pct,rock_12,rock,R,time_stretch,20.0,0.997924,0.895842,0.578576,0.431779
rock_12::lowpass::lp8000,rock_12,rock,T,lowpass,8000.0,0.999996,0.447894,0.989066,0.415237
rock_12::lowpass::lp4000,rock_12,rock,T,lowpass,4000.0,0.999993,0.453522,0.969855,0.388139
rock_12::lowpass::lp2000,rock_12,rock,T,lowpass,2000.0,0.999950,0.422382,0.957701,0.388345
rock_12::distortion::drv4,rock_12,rock,T,distortion,4.0,0.999550,0.687981,0.967129,0.413454
rock_12::distortion::drv12,rock_12,rock,T,distortion,12.0,0.999561,0.527825,0.926237,0.401860
rock_12::distortion::drv32,rock_12,rock,T,distortion,32.0,0.998772,0.467803,0.881015,0.374288
rock_12::style_swap::swap_cross,rock_12,rock,S,style_swap,nan,0.890166,0.465892,0.557822,0.175939
rock_12::style_swap::swap_same,rock_12,rock,S,style_swap,nan,0.940486,0.523235,0.564462,0.229129
rock_13::control::ctrl,rock_13,rock,control,control,0.0,1.000000,1.000000,1.000000,0.346285
rock_13::pitch_shift::-4st,rock_13,rock,H,pitch_shift,-4.0,0.722858,0.541628,0.988771,0.152266
rock_13::pitch_shift::-2st,rock_13,rock,H,pitch_shift,-2.0,0.790048,0.728321,0.993141,0.221505
rock_13::pitch_shift::-1st,rock_13,rock,H,pitch_shift,-1.0,0.768880,0.865015,0.995036,0.280904
rock_13::pitch_shift::+1st,rock_13,rock,H,pitch_shift,1.0,0.764595,0.868245,0.973114,0.226717
rock_13::pitch_shift::+2st,rock_13,rock,H,pitch_shift,2.0,0.796989,0.800782,0.971039,0.278167
rock_13::pitch_shift::+4st,rock_13,rock,H,pitch_shift,4.0,0.741850,0.682340,0.988322,0.323135
rock_13::time_stretch::-20pct,rock_13,rock,R,time_stretch,-20.0,0.995446,0.877025,0.814343,0.363936
rock_13::time_stretch::-10pct,rock_13,rock,R,time_stretch,-10.0,0.995874,0.916918,0.843618,0.343908
rock_13::time_stretch::-5pct,rock_13,rock,R,time_stretch,-5.0,0.997673,0.927859,0.870866,0.324237
rock_13::time_stretch::+5pct,rock_13,rock,R,time_stretch,5.0,0.998080,0.935811,0.867559,0.365955
rock_13::time_stretch::+10pct,rock_13,rock,R,time_stretch,10.0,0.997801,0.921247,0.837879,0.349072
rock_13::time_stretch::+20pct,rock_13,rock,R,time_stretch,20.0,0.997524,0.892615,0.810672,0.367741
rock_13::lowpass::lp8000,rock_13,rock,T,lowpass,8000.0,1.000000,0.421876,0.972141,0.343908
rock_13::lowpass::lp4000,rock_13,rock,T,lowpass,4000.0,0.999999,0.437112,0.963333,0.342364
rock_13::lowpass::lp2000,rock_13,rock,T,lowpass,2000.0,0.999980,0.419893,0.956224,0.316018
rock_13::distortion::drv4,rock_13,rock,T,distortion,4.0,0.999880,0.798469,0.997065,0.331652
rock_13::distortion::drv12,rock_13,rock,T,distortion,12.0,0.998655,0.571119,0.987258,0.298757
rock_13::distortion::drv32,rock_13,rock,T,distortion,32.0,0.996824,0.470678,0.943338,0.286522
rock_13::style_swap::swap_cross,rock_13,rock,S,style_swap,nan,0.752659,0.431010,0.830133,0.188702
rock_13::style_swap::swap_same,rock_13,rock,S,style_swap,nan,0.917936,0.477961,0.841512,0.257663
rock_14::control::ctrl,rock_14,rock,control,control,0.0,0.999329,0.997552,0.999911,0.358173
rock_14::pitch_shift::-4st,rock_14,rock,H,pitch_shift,-4.0,0.945596,0.395900,0.966086,0.284155
rock_14::pitch_shift::-2st,rock_14,rock,H,pitch_shift,-2.0,0.976873,0.547051,0.973301,0.301196
rock_14::pitch_shift::-1st,rock_14,rock,H,pitch_shift,-1.0,0.963472,0.705600,0.974933,0.262481
rock_14::pitch_shift::+1st,rock_14,rock,H,pitch_shift,1.0,0.954229,0.804121,0.978779,0.243103
rock_14::pitch_shift::+2st,rock_14,rock,H,pitch_shift,2.0,0.972613,0.721457,0.975359,0.311490
rock_14::pitch_shift::+4st,rock_14,rock,H,pitch_shift,4.0,0.950329,0.600073,0.969096,0.296719
rock_14::time_stretch::-20pct,rock_14,rock,R,time_stretch,-20.0,0.996719,0.809451,0.704601,0.282414
rock_14::time_stretch::-10pct,rock_14,rock,R,time_stretch,-10.0,0.998630,0.818585,0.760667,0.346349
rock_14::time_stretch::-5pct,rock_14,rock,R,time_stretch,-5.0,0.999019,0.834690,0.784272,0.313867
rock_14::time_stretch::+5pct,rock_14,rock,R,time_stretch,5.0,0.999607,0.834016,0.804827,0.347735
rock_14::time_stretch::+10pct,rock_14,rock,R,time_stretch,10.0,0.998695,0.818410,0.760823,0.307741
rock_14::time_stretch::+20pct,rock_14,rock,R,time_stretch,20.0,0.997312,0.805679,0.768527,0.349353
rock_14::lowpass::lp8000,rock_14,rock,T,lowpass,8000.0,1.000000,0.364058,0.989706,0.358542
rock_14::lowpass::lp4000,rock_14,rock,T,lowpass,4000.0,0.998873,0.365912,0.976584,0.332023
rock_14::lowpass::lp2000,rock_14,rock,T,lowpass,2000.0,0.998139,0.347400,0.905453,0.273344
rock_14::distortion::drv4,rock_14,rock,T,distortion,4.0,0.999057,0.399021,0.966573,0.332847
rock_14::distortion::drv12,rock_14,rock,T,distortion,12.0,0.999098,0.362068,0.927672,0.308869
rock_14::distortion::drv32,rock_14,rock,T,distortion,32.0,0.999030,0.354624,0.909399,0.285543
rock_14::style_swap::swap_cross,rock_14,rock,S,style_swap,nan,0.969653,0.359990,0.816761,0.218953
rock_14::style_swap::swap_same,rock_14,rock,S,style_swap,nan,0.978102,0.390265,0.846669,0.299207
rock_15::control::ctrl,rock_15,rock,control,control,0.0,1.000000,1.000000,1.000000,0.442893
rock_15::pitch_shift::-4st,rock_15,rock,H,pitch_shift,-4.0,0.925026,0.538059,0.990163,0.377271
rock_15::pitch_shift::-2st,rock_15,rock,H,pitch_shift,-2.0,0.950790,0.685859,0.992759,0.407063
rock_15::pitch_shift::-1st,rock_15,rock,H,pitch_shift,-1.0,0.951743,0.811349,0.994852,0.333597
rock_15::pitch_shift::+1st,rock_15,rock,H,pitch_shift,1.0,0.950268,0.848243,0.989379,0.374870
rock_15::pitch_shift::+2st,rock_15,rock,H,pitch_shift,2.0,0.949688,0.731007,0.983077,0.379906
rock_15::pitch_shift::+4st,rock_15,rock,H,pitch_shift,4.0,0.925200,0.583494,0.971056,0.376024
rock_15::time_stretch::-20pct,rock_15,rock,R,time_stretch,-20.0,0.995194,0.888057,0.768667,0.446723
rock_15::time_stretch::-10pct,rock_15,rock,R,time_stretch,-10.0,0.996448,0.912358,0.759850,0.461024
rock_15::time_stretch::-5pct,rock_15,rock,R,time_stretch,-5.0,0.996755,0.932232,0.813890,0.461024
rock_15::time_stretch::+5pct,rock_15,rock,R,time_stretch,5.0,0.997181,0.925458,0.732319,0.456753
rock_15::time_stretch::+10pct,rock_15,rock,R,time_stretch,10.0,0.995220,0.901740,0.762258,0.427763
rock_15::time_stretch::+20pct,rock_15,rock,R,time_stretch,20.0,0.994067,0.879632,0.838339,0.443508
rock_15::lowpass::lp8000,rock_15,rock,T,lowpass,8000.0,1.000000,0.541276,0.998599,0.460396
rock_15::lowpass::lp4000,rock_15,rock,T,lowpass,4000.0,0.999999,0.452586,0.994498,0.439245
rock_15::lowpass::lp2000,rock_15,rock,T,lowpass,2000.0,0.999971,0.392923,0.958542,0.404713
rock_15::distortion::drv4,rock_15,rock,T,distortion,4.0,0.999861,0.853633,0.996121,0.443105
rock_15::distortion::drv12,rock_15,rock,T,distortion,12.0,0.998976,0.607725,0.982636,0.354660
rock_15::distortion::drv32,rock_15,rock,T,distortion,32.0,0.997351,0.502678,0.965817,0.272488
rock_15::style_swap::swap_cross,rock_15,rock,S,style_swap,nan,0.928120,0.432940,0.690423,0.173631
rock_15::style_swap::swap_same,rock_15,rock,S,style_swap,nan,0.863999,0.491131,0.763358,0.205166
