pair_id,source_id,genre,perturbation,magnitude,magnitude_unit,audiobox_ce_a,audiobox_ce_b,audiobox_ce_cat,audiobox_ce_rel,audiobox_cu_a,audiobox_cu_b,audiobox_cu_cat,audiobox_cu_rel,audiobox_pc_a,audiobox_pc_b,audiobox_pc_cat,audiobox_pc_rel,audiobox_pq_a,audiobox_pq_b,audiobox_pq_cat,audiobox_pq_rel
classical_01::control::ctrl,classical_01,classical,control,0.0,none,6.838204383850098,6.838204383850098,6.8279523849487305,-0.010251998901367188,7.392916679382324,7.392916679382324,7.476964473724365,0.08404779434204102,5.436895370483398,5.436895370483398,5.5053300857543945,0.0684347152709961,7.271548271179199,7.271548271179199,7.311564922332764,0.04001665115356445
classical_01::pitch_shift::-4st,classical_01,classical,pitch_shift,-4.0,semitones,6.838204383850098,7.142222881317139,7.075313568115234,0.08509993553161621,7.392916679382324,7.545650482177734,7.549360752105713,0.0800771713256836,5.436895370483398,5.4556474685668945,5.56628942489624,0.12001800537109375,7.271548271179199,7.237612724304199,7.297994613647461,0.04341411590576172
classical_01::pitch_shift::-2st,classical_01,classical,pitch_shift,-2.0,semitones,6.838204383850098,7.328223705291748,7.141637802124023,0.058423757553100586,7.392916679382324,7.702859401702881,7.576022148132324,0.02813410758972168,5.436895370483398,5.669030666351318,5.648867607116699,0.09590458869934082,7.271548271179199,7.549169540405273,7.430793285369873,0.02043437957763672
classical_01::pitch_shift::-1st,classical_01,classical,pitch_shift,-1.0,semitones,6.838204383850098,6.975833892822266,6.981059551239014,0.07404041290283203,7.392916679382324,7.457713603973389,7.467360496520996,0.04204535484313965,5.436895370483398,5.553506374359131,5.555670738220215,0.060469865798950195,7.271548271179199,7.481932640075684,7.3931884765625,0.016448020935058594
classical_01::pitch_shift::+1st,classical_01,classical,pitch_shift,1.0,semitones,6.838204383850098,7.294228553771973,7.110594272613525,0.044377803802490234,7.392916679382324,7.852305889129639,7.749587535858154,0.12697625160217285,5.436895370483398,5.655977249145508,5.65142297744751,0.10498666763305664,7.271548271179199,7.872243881225586,7.6538004875183105,0.08190441131591797
classical_01::pitch_shift::+2st,classical_01,classical,pitch_shift,2.0,semitones,6.838204383850098,7.370303153991699,7.207126617431641,0.10287284851074219,7.392916679382324,7.902946472167969,7.783907413482666,0.13597583770751953,5.436895370483398,5.5906243324279785,5.608372211456299,0.09461236000061035,7.271548271179199,7.827944755554199,7.683475017547607,0.1337285041809082
classical_01::pitch_shift::+4st,classical_01,classical,pitch_shift,4.0,semitones,6.838204383850098,7.3596296310424805,7.151939868927002,0.05302286148071289,7.392916679382324,7.573757171630859,7.570981025695801,0.08764410018920898,5.436895370483398,5.669539451599121,5.564181327819824,0.010963916778564453,7.271548271179199,7.453227519989014,7.454718112945557,0.0923302173614502
classical_01::time_stretch::-20pct,classical_01,classical,time_stretch,-20.0,percent_tempo,6.838204383850098,6.848830699920654,6.8738484382629395,0.030330896377563477,7.392916679382324,7.518553256988525,7.537851333618164,0.08211636543273926,5.436895370483398,4.885979652404785,5.216543197631836,0.05510568618774414,7.271548271179199,7.333648681640625,7.298979759216309,-0.0036187171936035156
classical_01::time_stretch::-10pct,classical_01,classical,time_stretch,-10.0,percent_tempo,6.838204383850098,7.003167152404785,6.95305871963501,0.03237295150756836,7.392916679382324,7.660179138183594,7.625116348266602,0.09856843948364258,5.436895370483398,5.256832122802734,5.383788585662842,0.03692483901977539,7.271548271179199,7.583584785461426,7.490664005279541,0.06309747695922852
classical_01::time_stretch::-5pct,classical_01,classical,time_stretch,-5.0,percent_tempo,6.838204383850098,7.0894317626953125,6.989590167999268,0.0257720947265625,7.392916679382324,7.844862461090088,7.708282470703125,0.08939290046691895,5.436895370483398,5.347282409667969,5.43966817855835,0.047579288482666016,7.271548271179199,7.8978166580200195,7.624281406402588,0.039598941802978516
classical_01::time_stretch::+5pct,classical_01,classical,time_stretch,5.0,percent_tempo,6.838204383850098,7.089930534362793,7.021485328674316,0.057417869567871094,7.392916679382324,7.6385064125061035,7.6487956047058105,0.13308405876159668,5.436895370483398,5.570107460021973,5.567389965057373,0.0638885498046875,7.271548271179199,7.743410587310791,7.571763038635254,0.06428360939025879
classical_01::time_stretch::+10pct,classical_01,classical,time_stretch,10.0,percent_tempo,6.838204383850098,7.333767890930176,7.1692328453063965,0.08324670791625977,7.392916679382324,7.68709135055542,7.665937900543213,0.12593388557434082,5.436895370483398,5.648197650909424,5.649005889892578,0.10645937919616699,7.271548271179199,7.567722320556641,7.465380668640137,0.0457453727722168
classical_01::time_stretch::+20pct,classical_01,classical,time_stretch,20.0,percent_tempo,6.838204383850098,7.47514533996582,7.190648078918457,0.03397321701049805,7.392916679382324,7.65376091003418,7.6250224113464355,0.1016836166381836,5.436895370483398,5.710497856140137,5.617621898651123,0.04392528533935547,7.271548271179199,7.431617259979248,7.401422500610352,0.04983973503112793
classical_01::lowpass::lp8000,classical_01,classical,lowpass,8000.0,hz_cutoff,6.838204383850098,6.744324684143066,6.794185638427734,0.0029211044311523438,7.392916679382324,7.299632549285889,7.441030025482178,0.09475541114807129,5.436895370483398,5.367828369140625,5.465836048126221,0.06347417831420898,7.271548271179199,7.145053863525391,7.27432107925415,0.06602001190185547
classical_01::lowpass::lp4000,classical_01,classical,lowpass,4000.0,hz_cutoff,6.838204383850098,6.535802841186523,6.753904819488525,0.06690120697021484,7.392916679382324,6.99697208404541,7.193118572235107,-0.0018258094787597656,5.436895370483398,4.961394309997559,5.3790106773376465,0.17986583709716797,7.271548271179199,6.350614547729492,6.9089813232421875,0.0978999137878418
classical_01::lowpass::lp2000,classical_01,classical,lowpass,2000.0,hz_cutoff,6.838204383850098,6.187849044799805,6.5088629722595215,-0.0041637420654296875,7.392916679382324,6.691840648651123,7.152040958404541,0.10966229438781738,5.436895370483398,4.392336845397949,4.980753421783447,0.06613731384277344,7.271548271179199,5.637817859649658,6.8324503898620605,0.37776732444763184
classical_01::distortion::drv4,classical_01,classical,distortion,4.0,tanh_drive,6.838204383850098,6.842524528503418,6.842550277709961,0.002185821533203125,7.392916679382324,7.424141883850098,7.496679782867432,0.0881505012512207,5.436895370483398,5.440911769866943,5.504121780395508,0.06521821022033691,7.271548271179199,7.243831634521484,7.289721488952637,0.03203153610229492
classical_01::distortion::drv12,classical_01,classical,distortion,12.0,tanh_drive,6.838204383850098,6.409523010253906,6.5685529708862305,-0.055310726165771484,7.392916679382324,7.196502685546875,7.325088977813721,0.030379295349121094,5.436895370483398,5.39492130279541,5.513742923736572,0.09783458709716797,7.271548271179199,6.351251602172852,6.790099143981934,-0.021300792694091797
classical_01::distortion::drv32,classical_01,classical,distortion,32.0,tanh_drive,6.838204383850098,4.945330619812012,5.819152355194092,-0.07261514663696289,7.392916679382324,6.357200622558594,6.8910441398620605,0.015985488891601562,5.436895370483398,5.259609222412109,5.595202445983887,0.2469501495361328,7.271548271179199,5.264451026916504,6.316140174865723,0.048140525817871094
classical_01::style_swap::swap_cross,classical_01,classical,style_swap,nan,cross_genre,6.838204383850098,3.8477139472961426,5.450354099273682,0.10739493370056152,7.392916679382324,5.174671173095703,6.348083972930908,0.06429004669189453,5.436895370483398,4.427298069000244,5.268892288208008,0.3367955684661865,7.271548271179199,5.639720916748047,6.4786696434021,0.023035049438476562
classical_01::style_swap::swap_same,classical_01,classical,style_swap,nan,same_genre,6.838204383850098,7.9923601150512695,7.402707099914551,-0.012575149536132812,7.392916679382324,8.307844161987305,7.906897068023682,0.05651664733886719,5.436895370483398,5.971280097961426,5.860146522521973,0.15605878829956055,7.271548271179199,8.09069538116455,7.7294135093688965,0.048291683197021484
classical_02::control::ctrl,classical_02,classical,control,0.0,none,7.986363887786865,7.986363887786865,7.963870525360107,-0.022493362426757812,8.297707557678223,8.297707557678223,8.335192680358887,0.03748512268066406,5.951089382171631,5.951089382171631,5.950323581695557,-0.0007658004760742188,8.0954008102417,8.0954008102417,8.197513580322266,0.1021127700805664
classical_02::pitch_shift::-4st,classical_02,classical,pitch_shift,-4.0,semitones,7.986363887786865,8.060262680053711,8.024482727050781,0.001169443130493164,8.297707557678223,8.295806884765625,8.327595710754395,0.030838489532470703,5.951089382171631,5.878766059875488,5.899410247802734,-0.015517473220825195,8.0954008102417,8.090768814086914,8.187105178833008,0.09402036666870117
classical_02::pitch_shift::-2st,classical_02,classical,pitch_shift,-2.0,semitones,7.986363887786865,7.997959136962891,7.976321220397949,-0.01584029197692871,8.297707557678223,8.281452178955078,8.320807456970215,0.031227588653564453,5.951089382171631,5.979396820068359,5.964061737060547,-0.0011813640594482422,8.0954008102417,8.058870315551758,8.166152954101562,0.08901739120483398
classical_02::pitch_shift::-1st,classical_02,classical,pitch_shift,-1.0,semitones,7.986363887786865,7.989737510681152,7.978816986083984,-0.009233713150024414,8.297707557678223,8.286784172058105,8.3299560546875,0.03771018981933594,5.951089382171631,6.026453495025635,5.9913411140441895,0.0025696754455566406,8.0954008102417,8.090730667114258,8.184943199157715,0.09187746047973633
classical_02::pitch_shift::+1st,classical_02,classical,pitch_shift,1.0,semitones,7.986363887786865,8.02479362487793,7.9923295974731445,-0.01324915885925293,8.297707557678223,8.291261672973633,8.333962440490723,0.03947782516479492,5.951089382171631,6.002231597900391,5.981146812438965,0.0044863224029541016,8.0954008102417,8.146101951599121,8.214303016662598,0.0935516357421875
classical_02::pitch_shift::+2st,classical_02,classical,pitch_shift,2.0,semitones,7.986363887786865,8.00572681427002,7.983361721038818,-0.012683629989624023,8.297707557678223,8.31532096862793,8.336519241333008,0.03000497817993164,5.951089382171631,5.972386360168457,5.964512825012207,0.002774953842163086,8.0954008102417,8.13308334350586,8.211856842041016,0.09761476516723633
classical_02::pitch_shift::+4st,classical_02,classical,pitch_shift,4.0,semitones,7.986363887786865,7.824530124664307,7.932769298553467,0.02732229232788086,8.297707557678223,8.233264923095703,8.310091018676758,0.04460477828979492,5.951089382171631,5.818636894226074,5.916550636291504,0.03168749809265137,8.0954008102417,8.26262378692627,8.265409469604492,0.08639717102050781
classical_02::time_stretch::-20pct,classical_02,classical,time_stretch,-20.0,percent_tempo,7.986363887786865,7.960813522338867,7.944640159606934,-0.028948545455932617,8.297707557678223,8.059346199035645,8.237485885620117,0.058959007263183594,5.951089382171631,5.719143867492676,5.880748271942139,0.04563164710998535,8.0954008102417,7.807732105255127,8.070804595947266,0.11923813819885254
classical_02::time_stretch::-10pct,classical_02,classical,time_stretch,-10.0,percent_tempo,7.986363887786865,7.977725982666016,7.947109699249268,-0.03493523597717285,8.297707557678223,8.171649932861328,8.280500411987305,0.0458216667175293,5.951089382171631,5.808673858642578,5.8885498046875,0.008668184280395508,8.0954008102417,7.951022148132324,8.1279296875,0.10471820831298828
classical_02::time_stretch::-5pct,classical_02,classical,time_stretch,-5.0,percent_tempo,7.986363887786865,7.883794784545898,7.911735534667969,-0.023343801498413086,8.297707557678223,8.152490615844727,8.272088050842285,0.04698896408081055,5.951089382171631,5.7195329666137695,5.8444061279296875,0.009094953536987305,8.0954008102417,7.8897247314453125,8.096200942993164,0.1036381721496582
classical_02::time_stretch::+5pct,classical_02,classical,time_stretch,5.0,percent_tempo,7.986363887786865,7.9820661544799805,7.962475299835205,-0.021739721298217773,8.297707557678223,8.238347053527832,8.314990043640137,0.046962738037109375,5.951089382171631,6.011722564697266,5.974739074707031,-0.006666898727416992,8.0954008102417,8.071107864379883,8.191398620605469,0.10814428329467773
classical_02::time_stretch::+10pct,classical_02,classical,time_stretch,10.0,percent_tempo,7.986363887786865,8.034965515136719,7.985228061676025,-0.0254366397857666,8.297707557678223,8.250724792480469,8.314319610595703,0.04010343551635742,5.951089382171631,6.009683132171631,5.9593119621276855,-0.021074295043945312,8.0954008102417,8.063167572021484,8.175302505493164,0.09601831436157227
classical_02::time_stretch::+20pct,classical_02,classical,time_stretch,20.0,percent_tempo,7.986363887786865,8.029443740844727,8.000204086303711,-0.007699728012084961,8.297707557678223,8.293769836425781,8.332942008972168,0.037203311920166016,5.951089382171631,6.063348770141602,5.995414733886719,-0.011804342269897461,8.0954008102417,8.172301292419434,8.230416297912598,0.09656524658203125
classical_02::lowpass::lp8000,classical_02,classical,lowpass,8000.0,hz_cutoff,7.986363887786865,7.95170259475708,7.950390338897705,-0.018642902374267578,8.297707557678223,8.29062271118164,8.332221031188965,0.0380558967590332,5.951089382171631,5.876588344573975,5.910876750946045,-0.0029621124267578125,8.0954008102417,8.050858497619629,8.179978370666504,0.10684871673583984
classical_02::lowpass::lp4000,classical_02,classical,lowpass,4000.0,hz_cutoff,7.986363887786865,7.89186429977417,7.944303512573242,0.005189418792724609,8.297707557678223,8.13354778289795,8.26460075378418,0.04897308349609375,5.951089382171631,5.675345420837402,5.888952732086182,0.07573533058166504,8.0954008102417,7.81995964050293,8.103808403015137,0.14612817764282227
classical_02::lowpass::lp2000,classical_02,classical,lowpass,2000.0,hz_cutoff,7.986363887786865,7.387487411499023,7.708090782165527,0.021165132522583008,8.297707557678223,7.548157691955566,7.995896816253662,0.07296419143676758,5.951089382171631,5.2556657791137695,5.688921928405762,0.08554434776306152,8.0954008102417,7.121567249298096,7.818456172943115,0.20997214317321777
classical_02::distortion::drv4,classical_02,classical,distortion,4.0,tanh_drive,7.986363887786865,7.982464790344238,7.9618821144104,-0.022532224655151367,8.297707557678223,8.297524452209473,8.334667205810547,0.03705120086669922,5.951089382171631,5.9493632316589355,5.948756694793701,-0.0014696121215820312,8.0954008102417,8.084277153015137,8.192923545837402,0.10308456420898438
classical_02::distortion::drv12,classical_02,classical,distortion,12.0,tanh_drive,7.986363887786865,7.975123405456543,7.9509806632995605,-0.029762983322143555,8.297707557678223,8.281232833862305,8.322693824768066,0.033223628997802734,5.951089382171631,6.030226707458496,5.982607364654541,-0.008050680160522461,8.0954008102417,8.020516395568848,8.158761978149414,0.10080337524414062
classical_02::distortion::drv32,classical_02,classical,distortion,32.0,tanh_drive,7.986363887786865,7.749843120574951,7.824942588806152,-0.04316091537475586,8.297707557678223,8.012890815734863,8.205751419067383,0.050452232360839844,5.951089382171631,6.136693477630615,6.042856216430664,-0.0010352134704589844,8.0954008102417,7.468181610107422,7.91936731338501,0.13757610321044922
classical_02::style_swap::swap_cross,classical_02,classical,style_swap,nan,cross_genre,7.986363887786865,5.572587966918945,6.7788166999816895,-0.0006592273712158203,8.297707557678223,6.662470817565918,7.580435276031494,0.10034608840942383,5.951089382171631,3.2983174324035645,4.679448127746582,0.054744720458984375,8.0954008102417,6.818135738372803,7.548043727874756,0.09127545356750488
classical_02::style_swap::swap_same,classical_02,classical,style_swap,nan,same_genre,7.986363887786865,6.10486364364624,7.081576824188232,0.03596305847167969,8.297707557678223,7.402225017547607,7.923954963684082,0.07398867607116699,5.951089382171631,5.338289260864258,5.669053077697754,0.02436375617980957,8.0954008102417,6.732330799102783,7.51405143737793,0.10018563270568848
classical_03::control::ctrl,classical_03,classical,control,0.0,none,7.189311504364014,7.189311504364014,7.202463626861572,0.013152122497558594,8.041643142700195,8.041643142700195,8.063713073730469,0.022069931030273438,2.9994771480560303,2.9994771480560303,3.0234122276306152,0.02393507957458496,7.072698593139648,7.072698593139648,7.105435371398926,0.032736778259277344
classical_03::pitch_shift::-4st,classical_03,classical,pitch_shift,-4.0,semitones,7.189311504364014,6.3381500244140625,6.847694396972656,0.08396363258361816,8.041643142700195,7.809679985046387,7.970922946929932,0.045261383056640625,2.9994771480560303,2.7701213359832764,3.0320119857788086,0.14721274375915527,7.072698593139648,6.32159423828125,6.769274711608887,0.0721282958984375
classical_03::pitch_shift::-2st,classical_03,classical,pitch_shift,-2.0,semitones,7.189311504364014,6.818642616271973,7.060491561889648,0.05651450157165527,8.041643142700195,7.9179582595825195,8.043660163879395,0.06385946273803711,2.9994771480560303,2.9094042778015137,2.955681800842285,0.0012410879135131836,7.072698593139648,6.731083869934082,7.051973342895508,0.15008211135864258
classical_03::pitch_shift::-1st,classical_03,classical,pitch_shift,-1.0,semitones,7.189311504364014,6.902873992919922,7.113970756530762,0.06787800788879395,8.041643142700195,7.955838203430176,8.043624877929688,0.04488420486450195,2.9994771480560303,2.982487916946411,3.0466349124908447,0.05565237998962402,7.072698593139648,6.788196086883545,6.998129367828369,0.06768202781677246
classical_03::pitch_shift::+1st,classical_03,classical,pitch_shift,1.0,semitones,7.189311504364014,6.937873840332031,7.159078121185303,0.09548544883728027,8.041643142700195,7.8466291427612305,8.001336097717285,0.057199954986572266,2.9994771480560303,3.2084884643554688,3.182798385620117,0.07881557941436768,7.072698593139648,6.383249282836914,6.821281909942627,0.0933079719543457
classical_03::pitch_shift::+2st,classical_03,classical,pitch_shift,2.0,semitones,7.189311504364014,6.935727119445801,7.161317348480225,0.09879803657531738,8.041643142700195,7.92901611328125,8.035843849182129,0.05051422119140625,2.9994771480560303,3.2156505584716797,3.239647626876831,0.13208377361297607,7.072698593139648,6.738927841186523,6.974861145019531,0.06904792785644531
classical_03::pitch_shift::+4st,classical_03,classical,pitch_shift,4.0,semitones,7.189311504364014,6.857877254486084,7.051137924194336,0.02754354476928711,8.041643142700195,7.579323768615723,7.873316287994385,0.06283283233642578,2.9994771480560303,3.559687376022339,3.2650375366210938,-0.01454472541809082,7.072698593139648,6.832675457000732,6.939929962158203,-0.012757062911987305
classical_03::time_stretch::-20pct,classical_03,classical,time_stretch,-20.0,percent_tempo,7.189311504364014,6.6196136474609375,7.000550270080566,0.09608769416809082,8.041643142700195,7.654858112335205,7.901158809661865,0.05290818214416504,2.9994771480560303,3.630181312561035,3.3565921783447266,0.04176294803619385,7.072698593139648,6.196600914001465,6.664633750915527,0.029983997344970703
classical_03::time_stretch::-10pct,classical_03,classical,time_stretch,-10.0,percent_tempo,7.189311504364014,6.346151351928711,6.956188201904297,0.18845677375793457,8.041643142700195,7.511067867279053,7.86647891998291,0.09012341499328613,2.9994771480560303,3.1528334617614746,3.142031192779541,0.06587588787078857,7.072698593139648,6.027299880981445,6.583691596984863,0.033692359924316406
classical_03::time_stretch::-5pct,classical_03,classical,time_stretch,-5.0,percent_tempo,7.189311504364014,6.959160327911377,7.162563323974609,0.08832740783691406,8.041643142700195,7.867061614990234,8.011591911315918,0.057239532470703125,2.9994771480560303,3.167585611343384,3.147273302078247,0.06374192237854004,7.072698593139648,6.526984691619873,6.903811454772949,0.10396981239318848
classical_03::time_stretch::+5pct,classical_03,classical,time_stretch,5.0,percent_tempo,7.189311504364014,6.899659156799316,7.105948448181152,0.061463117599487305,8.041643142700195,7.817096710205078,8.017069816589355,0.08769989013671875,2.9994771480560303,3.156602382659912,3.093066930770874,0.015027165412902832,7.072698593139648,6.4080281257629395,6.900050163269043,0.15968680381774902
classical_03::time_stretch::+10pct,classical_03,classical,time_stretch,10.0,percent_tempo,7.189311504364014,6.82550048828125,7.069246292114258,0.06184029579162598,8.041643142700195,7.831515789031982,7.984652519226074,0.04807305335998535,2.9994771480560303,3.1086671352386475,3.087311029434204,0.033238887786865234,7.072698593139648,6.14003849029541,6.698298454284668,0.09192991256713867
classical_03::time_stretch::+20pct,classical_03,classical,time_stretch,20.0,percent_tempo,7.189311504364014,6.167268753051758,6.8093085289001465,0.13101840019226074,8.041643142700195,7.564919471740723,7.880354404449463,0.0770730972290039,2.9994771480560303,2.844933032989502,2.978684902191162,0.056479811668395996,7.072698593139648,5.915846347808838,6.489090919494629,-0.005181550979614258
classical_03::lowpass::lp8000,classical_03,classical,lowpass,8000.0,hz_cutoff,7.189311504364014,7.217531204223633,7.21142578125,0.008004426956176758,8.041643142700195,8.036903381347656,8.058053970336914,0.01878070831298828,2.9994771480560303,3.0950889587402344,3.0686488151550293,0.021365761756896973,7.072698593139648,7.090510845184326,7.097677230834961,0.016072511672973633
classical_03::lowpass::lp4000,classical_03,classical,lowpass,4000.0,hz_cutoff,7.189311504364014,7.227743148803711,7.216236591339111,0.0077092647552490234,8.041643142700195,8.013263702392578,8.04743766784668,0.01998424530029297,2.9994771480560303,3.0725674629211426,3.049633264541626,0.01361095905303955,7.072698593139648,7.028231620788574,7.067471504211426,0.017006397247314453
classical_03::lowpass::lp2000,classical_03,classical,lowpass,2000.0,hz_cutoff,7.189311504364014,7.241726875305176,7.2231011390686035,0.007581949234008789,8.041643142700195,8.049152374267578,8.059951782226562,0.014554023742675781,2.9994771480560303,2.9416310787200928,3.005279779434204,0.03472566604614258,7.072698593139648,7.139390468597412,7.140008449554443,0.033963918685913086
classical_03::distortion::drv4,classical_03,classical,distortion,4.0,tanh_drive,7.189311504364014,7.194463729858398,7.20543909072876,0.013551473617553711,8.041643142700195,8.043930053710938,8.065563201904297,0.02277660369873047,2.9994771480560303,2.9942479133605957,3.021314859390259,0.0244523286819458,7.072698593139648,7.085413932800293,7.112190246582031,0.03313398361206055
classical_03::distortion::drv12,classical_03,classical,distortion,12.0,tanh_drive,7.189311504364014,7.137087345123291,7.198238372802734,0.03503894805908203,8.041643142700195,7.946351051330566,8.037699699401855,0.04370260238647461,2.9994771480560303,3.197838306427002,3.1031365394592285,0.004478812217712402,7.072698593139648,6.90714693069458,7.0551862716674805,0.06526350975036621
classical_03::distortion::drv32,classical_03,classical,distortion,32.0,tanh_drive,7.189311504364014,6.575772285461426,6.924076557159424,0.0415346622467041,8.041643142700195,7.588076591491699,7.900650501251221,0.08579063415527344,2.9994771480560303,3.3680057525634766,3.2219369411468506,0.03819549083709717,7.072698593139648,6.100466728210449,6.643812656402588,0.05722999572753906
classical_03::style_swap::swap_cross,classical_03,classical,style_swap,nan,cross_genre,7.189311504364014,5.998993396759033,7.047597885131836,0.4534454345703125,8.041643142700195,6.636495113372803,7.527806282043457,0.188737154006958,2.9994771480560303,6.254149436950684,6.002378940582275,1.3755656480789185,7.072698593139648,6.6198296546936035,7.426880836486816,0.5806167125701904
classical_03::style_swap::swap_same,classical_03,classical,style_swap,nan,same_genre,7.189311504364014,7.5569305419921875,7.200801849365234,-0.1723191738128662,8.041643142700195,7.96008825302124,7.899981498718262,-0.10088419914245605,2.9994771480560303,6.37424898147583,5.63209342956543,0.9452303647994995,7.072698593139648,7.609323978424072,7.498169422149658,0.15715813636779785
classical_04::control::ctrl,classical_04,classical,control,0.0,none,7.747683048248291,7.747683048248291,7.718010902404785,-0.02967214584350586,8.130369186401367,8.130369186401367,8.217901229858398,0.08753204345703125,6.463343620300293,6.463343620300293,6.422330856323242,-0.04101276397705078,7.365444183349609,7.365444183349609,7.4658379554748535,0.10039377212524414
classical_04::pitch_shift::-4st,classical_04,classical,pitch_shift,-4.0,semitones,7.747683048248291,7.768991470336914,7.744422912597656,-0.013914346694946289,8.130369186401367,8.24794864654541,8.234151840209961,0.044992923736572266,6.463343620300293,6.55363130569458,6.563459873199463,0.05497241020202637,7.365444183349609,7.428846836090088,7.5739240646362305,0.17677855491638184
classical_04::pitch_shift::-2st,classical_04,classical,pitch_shift,-2.0,semitones,7.747683048248291,7.802070140838623,7.736642837524414,-0.03823375701904297,8.130369186401367,8.01441478729248,8.159234046936035,0.08684206008911133,6.463343620300293,6.3279218673706055,6.397555828094482,0.0019230842590332031,7.365444183349609,7.191318988800049,7.467147350311279,0.1887657642364502
classical_04::pitch_shift::-1st,classical_04,classical,pitch_shift,-1.0,semitones,7.747683048248291,7.759345054626465,7.694462776184082,-0.0590512752532959,8.130369186401367,8.063799858093262,8.195823669433594,0.0987391471862793,6.463343620300293,6.273679256439209,6.366384983062744,-0.002126455307006836,7.365444183349609,7.106027126312256,7.332706451416016,0.09697079658508301
classical_04::pitch_shift::+1st,classical_04,classical,pitch_shift,1.0,semitones,7.747683048248291,7.756814956665039,7.69394588470459,-0.058303117752075195,8.130369186401367,7.953692436218262,8.049586296081543,0.007555484771728516,6.463343620300293,6.191370010375977,6.302165985107422,-0.02519083023071289,7.365444183349609,7.272208213806152,7.376916408538818,0.0580902099609375
classical_04::pitch_shift::+2st,classical_04,classical,pitch_shift,2.0,semitones,7.747683048248291,7.08306360244751,7.455160140991211,0.03978681564331055,8.130369186401367,7.042198657989502,7.633447647094727,0.04716372489929199,6.463343620300293,5.825462341308594,6.177957534790039,0.0335545539855957,7.365444183349609,6.632714748382568,7.193519115447998,0.19443964958190918
classical_04::pitch_shift::+4st,classical_04,classical,pitch_shift,4.0,semitones,7.747683048248291,7.233736991882324,7.446030616760254,-0.04467940330505371,8.130369186401367,7.763233661651611,7.8809404373168945,-0.06586098670959473,6.463343620300293,5.878475189208984,6.116121768951416,-0.054787635803222656,7.365444183349609,7.252079963684082,7.431281566619873,0.12251949310302734
classical_04::time_stretch::-20pct,classical_04,classical,time_stretch,-20.0,percent_tempo,7.747683048248291,7.404908657073975,7.519545078277588,-0.05675077438354492,8.130369186401367,6.465737342834473,7.389631748199463,0.09157848358154297,6.463343620300293,6.0814409255981445,6.186275482177734,-0.08611679077148438,7.365444183349609,6.346163272857666,6.913153648376465,0.05734992027282715
classical_04::time_stretch::-10pct,classical_04,classical,time_stretch,-10.0,percent_tempo,7.747683048248291,7.755151271820068,7.696966171264648,-0.05445098876953125,8.130369186401367,7.97813606262207,8.088321685791016,0.034069061279296875,6.463343620300293,6.133294105529785,6.289178848266602,-0.0091400146484375,7.365444183349609,7.04752779006958,7.287712097167969,0.08122611045837402
classical_04::time_stretch::-5pct,classical_04,classical,time_stretch,-5.0,percent_tempo,7.747683048248291,7.711987495422363,7.695293426513672,-0.03454184532165527,8.130369186401367,7.916065216064453,8.030478477478027,0.0072612762451171875,6.463343620300293,6.199979305267334,6.3009233474731445,-0.030738115310668945,7.365444183349609,7.006940841674805,7.211777210235596,0.025584697723388672
classical_04::time_stretch::+5pct,classical_04,classical,time_stretch,5.0,percent_tempo,7.747683048248291,7.762546539306641,7.703031063079834,-0.052083730697631836,8.130369186401367,8.09987735748291,8.207893371582031,0.09277009963989258,6.463343620300293,6.208708763122559,6.343076229095459,0.007050037384033203,7.365444183349609,7.123845100402832,7.352375507354736,0.10773086547851562
classical_04::time_stretch::+10pct,classical_04,classical,time_stretch,10.0,percent_tempo,7.747683048248291,7.767850875854492,7.698202133178711,-0.059564828872680664,8.130369186401367,7.941280364990234,8.092310905456543,0.05648612976074219,6.463343620300293,6.339861869812012,6.375340461730957,-0.026262283325195312,7.365444183349609,7.096940994262695,7.332533359527588,0.10134077072143555
classical_04::time_stretch::+20pct,classical_04,classical,time_stretch,20.0,percent_tempo,7.747683048248291,7.687221527099609,7.643673419952393,-0.07377886772155762,8.130369186401367,8.083843231201172,8.142112731933594,0.03500652313232422,6.463343620300293,6.240052700042725,6.301277160644531,-0.05042099952697754,7.365444183349609,7.298005104064941,7.385714054107666,0.053989410400390625
classical_04::lowpass::lp8000,classical_04,classical,lowpass,8000.0,hz_cutoff,7.747683048248291,7.734166145324707,7.701896667480469,-0.03902792930603027,8.130369186401367,8.060376167297363,8.186040878295898,0.0906682014465332,6.463343620300293,6.419429302215576,6.3965559005737305,-0.0448305606842041,7.365444183349609,7.137559413909912,7.382940292358398,0.1314384937286377
classical_04::lowpass::lp4000,classical_04,classical,lowpass,4000.0,hz_cutoff,7.747683048248291,7.345941543579102,7.56175422668457,0.014941930770874023,8.130369186401367,6.905557632446289,7.661001682281494,0.14303827285766602,6.463343620300293,5.955126762390137,6.198030948638916,-0.011204242706298828,7.365444183349609,5.730154037475586,6.846975803375244,0.2991766929626465
classical_04::lowpass::lp2000,classical_04,classical,lowpass,2000.0,hz_cutoff,7.747683048248291,6.496522903442383,7.212761878967285,0.09065890312194824,8.130369186401367,6.483598232269287,7.5065460205078125,0.19956231117248535,6.463343620300293,5.496088981628418,6.025521278381348,0.04580497741699219,7.365444183349609,5.145129680633545,6.702428340911865,0.4471414089202881
classical_04::distortion::drv4,classical_04,classical,distortion,4.0,tanh_drive,7.747683048248291,7.768492698669434,7.728432655334473,-0.02965521812438965,8.130369186401367,8.161603927612305,8.232665061950684,0.08667850494384766,6.463343620300293,6.5331130027771,6.456866264343262,-0.04136204719543457,7.365444183349609,7.340665340423584,7.457604885101318,0.10455012321472168
classical_04::distortion::drv12,classical_04,classical,distortion,12.0,tanh_drive,7.747683048248291,7.618922710418701,7.660810470581055,-0.022492408752441406,8.130369186401367,7.891760349273682,8.121688842773438,0.11062407493591309,6.463343620300293,6.543631076812744,6.486388683319092,-0.017098665237426758,7.365444183349609,6.533556938171387,7.228421211242676,0.27892065048217773
classical_04::distortion::drv32,classical_04,classical,distortion,32.0,tanh_drive,7.747683048248291,5.713709354400635,6.425565242767334,-0.3051309585571289,8.130369186401367,3.0007824897766113,6.094317436218262,0.5287415981292725,6.463343620300293,6.422755241394043,6.442992210388184,-5.7220458984375e-05,7.365444183349609,4.284030437469482,6.33248233795166,0.5077450275421143
classical_04::style_swap::swap_cross,classical_04,classical,style_swap,nan,cross_genre,7.747683048248291,7.361908912658691,7.60643196105957,0.0516359806060791,8.130369186401367,7.806534290313721,8.071981430053711,0.10352969169616699,6.463343620300293,4.809616565704346,5.736623287200928,0.1001431941986084,7.365444183349609,7.681028366088867,7.725347518920898,0.20211124420166016
classical_04::style_swap::swap_same,classical_04,classical,style_swap,nan,same_genre,7.747683048248291,7.583102703094482,7.702152729034424,0.03675985336303711,8.130369186401367,7.221792697906494,7.647566795349121,-0.02851414680480957,6.463343620300293,5.0686211585998535,5.913395404815674,0.14741301536560059,7.365444183349609,7.017041206359863,7.520054817199707,0.3288121223449707
classical_05::control::ctrl,classical_05,classical,control,0.0,none,6.420605659484863,6.420605659484863,6.326432704925537,-0.09417295455932617,7.341551780700684,7.341551780700684,7.40144157409668,0.059889793395996094,4.598783493041992,4.598783493041992,4.575581073760986,-0.02320241928100586,6.261898994445801,6.261898994445801,6.22642183303833,-0.0354771614074707
classical_05::pitch_shift::-4st,classical_05,classical,pitch_shift,-4.0,semitones,6.420605659484863,6.130364418029785,6.254844665527344,-0.02064037322998047,7.341551780700684,7.288172721862793,7.371460914611816,0.056598663330078125,4.598783493041992,4.426968574523926,4.5642900466918945,0.05141401290893555,6.261898994445801,6.047646522521973,6.198620796203613,0.04384803771972656
classical_05::pitch_shift::-2st,classical_05,classical,pitch_shift,-2.0,semitones,6.420605659484863,6.445613861083984,6.374815464019775,-0.05829429626464844,7.341551780700684,7.43359375,7.386014461517334,-0.0015583038330078125,4.598783493041992,4.5857648849487305,4.555270671844482,-0.037003517150878906,6.261898994445801,6.0155720710754395,6.1649980545043945,0.026262521743774414
classical_05::pitch_shift::-1st,classical_05,classical,pitch_shift,-1.0,semitones,6.420605659484863,6.042296886444092,6.191656112670898,-0.0397951602935791,7.341551780700684,6.885774612426758,7.144726753234863,0.031063556671142578,4.598783493041992,4.287562370300293,4.387587070465088,-0.05558586120605469,6.261898994445801,6.052522659301758,6.158267498016357,0.001056671142578125
classical_05::pitch_shift::+1st,classical_05,classical,pitch_shift,1.0,semitones,6.420605659484863,6.4779839515686035,6.383098602294922,-0.06619620323181152,7.341551780700684,7.282602787017822,7.333941459655762,0.02186417579650879,4.598783493041992,4.190135955810547,4.4046478271484375,0.010188102722167969,6.261898994445801,6.146998882293701,6.155534267425537,-0.04891467094421387
classical_05::pitch_shift::+2st,classical_05,classical,pitch_shift,2.0,semitones,6.420605659484863,6.647889137268066,6.575685977935791,0.04143857955932617,7.341551780700684,7.478096008300781,7.55789852142334,0.14807462692260742,4.598783493041992,4.639158725738525,4.619152069091797,0.00018095970153808594,6.261898994445801,6.524946689605713,6.404675483703613,0.011252641677856445
classical_05::pitch_shift::+4st,classical_05,classical,pitch_shift,4.0,semitones,6.420605659484863,6.195603370666504,6.328784942626953,0.02068042755126953,7.341551780700684,7.4390549659729,7.5383758544921875,0.1480724811553955,4.598783493041992,4.6810302734375,4.757707118988037,0.11780023574829102,6.261898994445801,6.599814414978027,6.5245537757873535,0.09369707107543945
classical_05::time_stretch::-20pct,classical_05,classical,time_stretch,-20.0,percent_tempo,6.420605659484863,5.604228973388672,5.997086048126221,-0.015331268310546875,7.341551780700684,6.621076583862305,7.005986213684082,0.02467203140258789,4.598783493041992,4.270683288574219,4.419595241546631,-0.01513814926147461,6.261898994445801,6.176826477050781,6.248281002044678,0.02891826629638672
classical_05::time_stretch::-10pct,classical_05,classical,time_stretch,-10.0,percent_tempo,6.420605659484863,6.33896541595459,6.36322546005249,-0.016560077667236328,7.341551780700684,6.951854705810547,7.181085586547852,0.03438234329223633,4.598783493041992,4.294877052307129,4.458410739898682,0.011580467224121094,6.261898994445801,6.137470722198486,6.175360679626465,-0.02432417869567871
classical_05::time_stretch::-5pct,classical_05,classical,time_stretch,-5.0,percent_tempo,6.420605659484863,6.573011875152588,6.390313148498535,-0.10649561882019043,7.341551780700684,7.2469706535339355,7.330100059509277,0.03583884239196777,4.598783493041992,4.2975873947143555,4.379411220550537,-0.06877422332763672,6.261898994445801,6.042004585266113,6.170680999755859,0.018729209899902344
classical_05::time_stretch::+5pct,classical_05,classical,time_stretch,5.0,percent_tempo,6.420605659484863,6.413309574127197,6.386427879333496,-0.03052973747253418,7.341551780700684,7.301513671875,7.369939804077148,0.04840707778930664,4.598783493041992,4.2051591873168945,4.415977478027344,0.01400613784790039,6.261898994445801,6.279578685760498,6.263974189758301,-0.006764650344848633
classical_05::time_stretch::+10pct,classical_05,classical,time_stretch,10.0,percent_tempo,6.420605659484863,6.615416526794434,6.508669853210449,-0.009341239929199219,7.341551780700684,7.532520771026611,7.521973609924316,0.08493733406066895,4.598783493041992,4.090710163116455,4.338184833526611,-0.006561994552612305,6.261898994445801,6.482664108276367,6.374878406524658,0.0025968551635742188
classical_05::time_stretch::+20pct,classical_05,classical,time_stretch,20.0,percent_tempo,6.420605659484863,6.6011576652526855,6.546920299530029,0.03603863716125488,7.341551780700684,7.6590728759765625,7.627603530883789,0.12729120254516602,4.598783493041992,4.553973197937012,4.55137300491333,-0.025005340576171875,6.261898994445801,6.758058071136475,6.549877643585205,0.03989911079406738
classical_05::lowpass::lp8000,classical_05,classical,lowpass,8000.0,hz_cutoff,6.420605659484863,6.430334568023682,6.335247039794922,-0.09022307395935059,7.341551780700684,7.302765846252441,7.361717224121094,0.03955841064453125,4.598783493041992,4.4933319091796875,4.526642799377441,-0.019414901733398438,6.261898994445801,6.1213226318359375,6.16170072555542,-0.02991008758544922
classical_05::lowpass::lp4000,classical_05,classical,lowpass,4000.0,hz_cutoff,6.420605659484863,5.878081321716309,6.373215675354004,0.22387218475341797,7.341551780700684,6.392077922821045,7.091041088104248,0.2242262363433838,4.598783493041992,4.410890579223633,4.50692892074585,0.0020918846130371094,6.261898994445801,4.823032379150391,5.757922172546387,0.21545648574829102
classical_05::lowpass::lp2000,classical_05,classical,lowpass,2000.0,hz_cutoff,6.420605659484863,6.434936046600342,6.69551944732666,0.2677485942840576,7.341551780700684,6.786370754241943,7.3401570320129395,0.276195764541626,4.598783493041992,4.2747111320495605,4.478957653045654,0.04221034049987793,6.261898994445801,5.283096790313721,6.1618499755859375,0.38935208320617676
classical_05::distortion::drv4,classical_05,classical,distortion,4.0,tanh_drive,6.420605659484863,4.048111915588379,5.1875762939453125,-0.046782493591308594,7.341551780700684,5.6526665687561035,6.5764079093933105,0.07929873466491699,4.598783493041992,4.739589691162109,4.709184646606445,0.03999805450439453,6.261898994445801,4.385642051696777,5.322947025299072,-0.0008234977722167969
classical_05::distortion::drv12,classical_05,classical,distortion,12.0,tanh_drive,6.420605659484863,2.968346118927002,4.553850173950195,-0.1406257152557373,7.341551780700684,4.0659565925598145,6.01576042175293,0.31200623512268066,4.598783493041992,4.4022321701049805,4.636086940765381,0.13557910919189453,6.261898994445801,4.02488899230957,5.384416103363037,0.24102210998535156
classical_05::distortion::drv32,classical_05,classical,distortion,32.0,tanh_drive,6.420605659484863,2.313608407974243,4.175276279449463,-0.19183075428009033,7.341551780700684,2.4558162689208984,5.223045825958252,0.32436180114746094,4.598783493041992,4.123797416687012,4.586371898651123,0.2250814437866211,6.261898994445801,3.5585105419158936,5.199084758758545,0.28887999057769775
classical_05::style_swap::swap_cross,classical_05,classical,style_swap,nan,cross_genre,6.420605659484863,6.553854465484619,6.3775410652160645,-0.10968899726867676,7.341551780700684,7.0351481437683105,7.116630554199219,-0.07171940803527832,4.598783493041992,6.928754806518555,6.585839748382568,0.8220705986022949,6.261898994445801,6.904377460479736,6.488728046417236,-0.09441018104553223
classical_05::style_swap::swap_same,classical_05,classical,style_swap,nan,same_genre,6.420605659484863,7.943259239196777,7.346893787384033,0.1649613380432129,7.341551780700684,8.306316375732422,8.094765663146973,0.2708315849304199,4.598783493041992,5.931994438171387,5.609388828277588,0.34399986267089844,6.261898994445801,7.9540486335754395,7.5608015060424805,0.45282769203186035
classical_06::control::ctrl,classical_06,classical,control,0.0,none,5.549405574798584,5.549405574798584,5.366702079772949,-0.18270349502563477,7.877971649169922,7.877971649169922,7.795865058898926,-0.0821065902709961,3.165879011154175,3.165879011154175,3.435025453567505,0.2691464424133301,6.848700046539307,6.848700046539307,6.9225873947143555,0.07388734817504883
classical_06::pitch_shift::-4st,classical_06,classical,pitch_shift,-4.0,semitones,5.549405574798584,4.900787353515625,5.35239315032959,0.12729668617248535,7.877971649169922,7.839398384094238,7.84553861618042,-0.013146400451660156,3.165879011154175,3.9168992042541504,3.82446551322937,0.2830764055252075,6.848700046539307,6.264321327209473,6.803849697113037,0.24733901023864746
classical_06::pitch_shift::-2st,classical_06,classical,pitch_shift,-2.0,semitones,5.549405574798584,5.415741920471191,5.388108730316162,-0.09446501731872559,7.877971649169922,7.903639793395996,7.766294479370117,-0.1245112419128418,3.165879011154175,3.786200523376465,3.583486318588257,0.10744655132293701,6.848700046539307,6.458262920379639,6.736944675445557,0.08346319198608398
classical_06::pitch_shift::-1st,classical_06,classical,pitch_shift,-1.0,semitones,5.549405574798584,4.91619873046875,5.257272243499756,0.024470090866088867,7.877971649169922,7.7042765617370605,7.739448547363281,-0.05167555809020996,3.165879011154175,3.316929817199707,3.503310203552246,0.2619057893753052,6.848700046539307,6.107989311218262,6.609536170959473,0.13119149208068848
classical_06::pitch_shift::+1st,classical_06,classical,pitch_shift,1.0,semitones,5.549405574798584,6.072113037109375,5.765649318695068,-0.04510998725891113,7.877971649169922,7.962347030639648,7.8553056716918945,-0.06485366821289062,3.165879011154175,3.719043493270874,3.730217933654785,0.28775668144226074,6.848700046539307,6.9559006690979,6.890554904937744,-0.011745452880859375
classical_06::pitch_shift::+2st,classical_06,classical,pitch_shift,2.0,semitones,5.549405574798584,5.928206920623779,6.017648696899414,0.2788424491882324,7.877971649169922,7.839738845825195,7.868409633636475,0.009554386138916016,3.165879011154175,3.7118031978607178,3.918242931365967,0.4794018268585205,6.848700046539307,7.122392654418945,7.205410003662109,0.2198636531829834
classical_06::pitch_shift::+4st,classical_06,classical,pitch_shift,4.0,semitones,5.549405574798584,5.601451873779297,6.083697319030762,0.5082685947418213,7.877971649169922,7.913241386413574,7.954527854919434,0.05892133712768555,3.165879011154175,3.4609856605529785,3.8811352252960205,0.5677028894424438,6.848700046539307,6.953461170196533,7.169816493988037,0.2687358856201172
classical_06::time_stretch::-20pct,classical_06,classical,time_stretch,-20.0,percent_tempo,5.549405574798584,5.357263088226318,5.477568626403809,0.024234294891357422,7.877971649169922,7.186500549316406,7.4442338943481445,-0.08800220489501953,3.165879011154175,4.110989570617676,3.8244829177856445,0.18604862689971924,6.848700046539307,6.29721736907959,6.834441184997559,0.26148247718811035
classical_06::time_stretch::-10pct,classical_06,classical,time_stretch,-10.0,percent_tempo,5.549405574798584,5.071355819702148,5.218608856201172,-0.09177184104919434,7.877971649169922,7.52145528793335,7.483365535736084,-0.21634793281555176,3.165879011154175,3.3389666080474854,3.5270073413848877,0.2745845317840576,6.848700046539307,6.357006549835205,6.620641231536865,0.017787933349609375
classical_06::time_stretch::-5pct,classical_06,classical,time_stretch,-5.0,percent_tempo,5.549405574798584,5.2440948486328125,5.254723072052002,-0.1420271396636963,7.877971649169922,7.708662033081055,7.598807334899902,-0.19450950622558594,3.165879011154175,3.4129395484924316,3.552194356918335,0.26278507709503174,6.848700046539307,6.522002220153809,6.631590843200684,-0.05376029014587402
classical_06::time_stretch::+5pct,classical_06,classical,time_stretch,5.0,percent_tempo,5.549405574798584,5.538023471832275,5.562440872192383,0.018726348876953125,7.877971649169922,7.938961982727051,7.851537704467773,-0.05692911148071289,3.165879011154175,3.4558210372924805,3.5131428241729736,0.202292799949646,6.848700046539307,6.530473709106445,6.903369903564453,0.21378302574157715
classical_06::time_stretch::+10pct,classical_06,classical,time_stretch,10.0,percent_tempo,5.549405574798584,6.060224533081055,5.618073463439941,-0.18674159049987793,7.877971649169922,8.022677421569824,7.842204570770264,-0.10811996459960938,3.165879011154175,3.4517312049865723,3.514221429824829,0.20541632175445557,6.848700046539307,7.0598530769348145,6.974301815032959,0.020025253295898438
classical_06::time_stretch::+20pct,classical_06,classical,time_stretch,20.0,percent_tempo,5.549405574798584,6.500054359436035,5.670956134796143,-0.353773832321167,7.877971649169922,8.113415718078613,7.775625228881836,-0.22006845474243164,3.165879011154175,3.305060625076294,3.4730656147003174,0.237595796585083,6.848700046539307,7.2095842361450195,6.840315341949463,-0.1888267993927002
classical_06::lowpass::lp8000,classical_06,classical,lowpass,8000.0,hz_cutoff,5.549405574798584,5.583477973937988,5.257627487182617,-0.30881428718566895,7.877971649169922,7.890801429748535,7.757852077484131,-0.12653446197509766,3.165879011154175,3.113524913787842,3.3673503398895264,0.22764837741851807,6.848700046539307,6.817135810852051,6.806952476501465,-0.025965452194213867
classical_06::lowpass::lp4000,classical_06,classical,lowpass,4000.0,hz_cutoff,5.549405574798584,5.602388858795166,5.39010763168335,-0.1857895851135254,7.877971649169922,7.747433185577393,7.683427333831787,-0.12927508354187012,3.165879011154175,2.976057291030884,3.408597707748413,0.3376295566558838,6.848700046539307,6.617211818695068,6.830153942108154,0.0971980094909668
classical_06::lowpass::lp2000,classical_06,classical,lowpass,2000.0,hz_cutoff,5.549405574798584,5.739265441894531,5.892818450927734,0.24848294258117676,7.877971649169922,6.639744758605957,7.468937873840332,0.21007966995239258,3.165879011154175,3.4070637226104736,3.589190721511841,0.3027193546295166,6.848700046539307,5.510461330413818,6.718028545379639,0.5384478569030762
classical_06::distortion::drv4,classical_06,classical,distortion,4.0,tanh_drive,5.549405574798584,3.756351947784424,4.702555179595947,0.04967641830444336,7.877971649169922,7.1821064949035645,7.465466499328613,-0.06457257270812988,3.165879011154175,2.957879066467285,3.477323055267334,0.415444016456604,6.848700046539307,5.618059158325195,6.340784072875977,0.10740447044372559
classical_06::distortion::drv12,classical_06,classical,distortion,12.0,tanh_drive,5.549405574798584,2.3113293647766113,4.216634273529053,0.2862668037414551,7.877971649169922,3.832444906234741,6.090554237365723,0.2353459596633911,3.165879011154175,2.673214912414551,3.383491277694702,0.46394431591033936,6.848700046539307,4.6670637130737305,5.986223220825195,0.22834134101867676
classical_06::distortion::drv32,classical_06,classical,distortion,32.0,tanh_drive,5.549405574798584,1.9416732788085938,4.075584888458252,0.3300454616546631,7.877971649169922,3.084850549697876,5.900007724761963,0.41859662532806396,3.165879011154175,2.5734355449676514,3.495461940765381,0.6258046627044678,6.848700046539307,4.3392133712768555,5.7990498542785645,0.2050931453704834
classical_06::style_swap::swap_cross,classical_06,classical,style_swap,nan,cross_genre,5.549405574798584,7.627153396606445,7.18881368637085,0.600534200668335,7.877971649169922,8.156407356262207,7.99881649017334,-0.01837301254272461,3.165879011154175,5.849330902099609,5.294920921325684,0.7873159646987915,6.848700046539307,7.948169231414795,7.796336650848389,0.3979020118713379
classical_06::style_swap::swap_same,classical_06,classical,style_swap,nan,same_genre,5.549405574798584,7.134994983673096,6.65446662902832,0.31226634979248047,7.877971649169922,7.402934551239014,7.535748481750488,-0.10470461845397949,3.165879011154175,5.437051773071289,4.634923458099365,0.3334580659866333,6.848700046539307,7.30320405960083,7.30613374710083,0.23018169403076172
classical_07::control::ctrl,classical_07,classical,control,0.0,none,6.895821571350098,6.895821571350098,6.763617515563965,-0.1322040557861328,7.716008186340332,7.716008186340332,7.7133636474609375,-0.0026445388793945312,2.576305866241455,2.576305866241455,2.593714952468872,0.017409086227416992,8.134662628173828,8.134662628173828,8.113550186157227,-0.021112442016601562
classical_07::pitch_shift::-4st,classical_07,classical,pitch_shift,-4.0,semitones,6.895821571350098,7.271730422973633,7.050477504730225,-0.033298492431640625,7.716008186340332,7.911778450012207,7.770836353302002,-0.04305696487426758,2.576305866241455,2.827704906463623,2.8206801414489746,0.11867475509643555,8.134662628173828,8.146531105041504,8.06562328338623,-0.07497358322143555
classical_07::pitch_shift::-2st,classical_07,classical,pitch_shift,-2.0,semitones,6.895821571350098,7.196111679077148,6.976412296295166,-0.06955432891845703,7.716008186340332,7.948193550109863,7.822609901428223,-0.009490966796875,2.576305866241455,2.842087507247925,2.734909772872925,0.025713086128234863,8.134662628173828,8.142523765563965,8.072309494018555,-0.0662837028503418
classical_07::pitch_shift::-1st,classical_07,classical,pitch_shift,-1.0,semitones,6.895821571350098,7.127739906311035,6.943099021911621,-0.06868171691894531,7.716008186340332,7.88060188293457,7.791466236114502,-0.006838798522949219,2.576305866241455,2.766867160797119,2.7044272422790527,0.032840728759765625,8.134662628173828,8.138236045837402,8.080053329467773,-0.0563960075378418
classical_07::pitch_shift::+1st,classical_07,classical,pitch_shift,1.0,semitones,6.895821571350098,7.040657997131348,6.859619617462158,-0.10862016677856445,7.716008186340332,7.886073112487793,7.786316394805908,-0.014724254608154297,2.576305866241455,2.848848581314087,2.720289707183838,0.0077124834060668945,8.134662628173828,8.114663124084473,8.079619407653809,-0.0450434684753418
classical_07::pitch_shift::+2st,classical_07,classical,pitch_shift,2.0,semitones,6.895821571350098,7.069647789001465,6.9014573097229,-0.08127737045288086,7.716008186340332,7.930285453796387,7.8102264404296875,-0.012920379638671875,2.576305866241455,3.050098180770874,2.84380841255188,0.030606389045715332,8.134662628173828,8.13171672821045,8.089803695678711,-0.043385982513427734
classical_07::pitch_shift::+4st,classical_07,classical,pitch_shift,4.0,semitones,6.895821571350098,6.629295349121094,6.743159770965576,-0.01939868927001953,7.716008186340332,7.818005561828613,7.788233757019043,0.021226882934570312,2.576305866241455,2.602243661880493,2.655266761779785,0.06599199771881104,8.134662628173828,8.069753646850586,8.08934497833252,-0.0128631591796875
classical_07::time_stretch::-20pct,classical_07,classical,time_stretch,-20.0,percent_tempo,6.895821571350098,6.799890995025635,6.812878608703613,-0.03497767448425293,7.716008186340332,7.74268102645874,7.7284979820251465,-0.0008466243743896484,2.576305866241455,2.8147506713867188,2.7508602142333984,0.05533194541931152,8.134662628173828,7.959320545196533,8.055259704589844,0.008268117904663086
classical_07::time_stretch::-10pct,classical_07,classical,time_stretch,-10.0,percent_tempo,6.895821571350098,7.010411739349365,6.86661958694458,-0.08649706840515137,7.716008186340332,7.843850612640381,7.780664443969727,0.0007350444793701172,2.576305866241455,2.6952779293060303,2.707056999206543,0.07126510143280029,8.134662628173828,8.09235954284668,8.091160774230957,-0.022350311279296875
classical_07::time_stretch::-5pct,classical_07,classical,time_stretch,-5.0,percent_tempo,6.895821571350098,7.110781192779541,6.902669906616211,-0.1006314754486084,7.716008186340332,7.833263397216797,7.7366838455200195,-0.03795194625854492,2.576305866241455,2.726473093032837,2.7284772396087646,0.07708775997161865,8.134662628173828,8.000856399536133,8.021844863891602,-0.045914649963378906
classical_07::time_stretch::+5pct,classical_07,classical,time_stretch,5.0,percent_tempo,6.895821571350098,7.044355392456055,6.8849358558654785,-0.08515262603759766,7.716008186340332,7.907843112945557,7.801651477813721,-0.010274171829223633,2.576305866241455,2.6633992195129395,2.6486120223999023,0.028759479522705078,8.134662628173828,8.11706829071045,8.078710556030273,-0.047154903411865234
classical_07::time_stretch::+10pct,classical_07,classical,time_stretch,10.0,percent_tempo,6.895821571350098,7.152727127075195,6.955662250518799,-0.06861209869384766,7.716008186340332,7.806875228881836,7.771636009216309,0.01019430160522461,2.576305866241455,2.899467706680298,2.786080837249756,0.048194050788879395,8.134662628173828,7.969254970550537,8.0396728515625,-0.012285947799682617
classical_07::time_stretch::+20pct,classical_07,classical,time_stretch,20.0,percent_tempo,6.895821571350098,7.059196949005127,6.875420570373535,-0.10208868980407715,7.716008186340332,7.773725986480713,7.7430739402771,-0.0017931461334228516,2.576305866241455,2.9436604976654053,2.774388313293457,0.014405131340026855,8.134662628173828,7.738266944885254,7.954418659210205,0.017953872680664062
classical_07::lowpass::lp8000,classical_07,classical,lowpass,8000.0,hz_cutoff,6.895821571350098,6.890099048614502,6.757188320159912,-0.1357719898223877,7.716008186340332,7.685484409332275,7.681510925292969,-0.01923537254333496,2.576305866241455,2.612067222595215,2.609260082244873,0.015073537826538086,8.134662628173828,8.102380752563477,8.08898639678955,-0.029535293579101562
classical_07::lowpass::lp4000,classical_07,classical,lowpass,4000.0,hz_cutoff,6.895821571350098,6.913476467132568,6.821500778198242,-0.08314824104309082,7.716008186340332,7.586949348449707,7.62337064743042,-0.02810811996459961,2.576305866241455,2.587273597717285,2.6509294509887695,0.06913971900939941,8.134662628173828,7.910727024078369,7.9832892417907715,-0.03940558433532715
classical_07::lowpass::lp2000,classical_07,classical,lowpass,2000.0,hz_cutoff,6.895821571350098,7.07418155670166,6.9583024978637695,-0.026699066162109375,7.716008186340332,7.623607635498047,7.711760520935059,0.04195261001586914,2.576305866241455,2.7454307079315186,2.7040560245513916,0.043187737464904785,8.134662628173828,7.278661251068115,7.779056549072266,0.07239460945129395
classical_07::distortion::drv4,classical_07,classical,distortion,4.0,tanh_drive,6.895821571350098,6.642906188964844,6.648617744445801,-0.12074613571166992,7.716008186340332,7.675955772399902,7.697452068328857,0.0014700889587402344,2.576305866241455,2.577444076538086,2.5836946964263916,0.006819725036621094,8.134662628173828,8.11693286895752,8.10190200805664,-0.023895740509033203
classical_07::distortion::drv12,classical_07,classical,distortion,12.0,tanh_drive,6.895821571350098,6.119403839111328,6.41934871673584,-0.08826398849487305,7.716008186340332,7.4900994300842285,7.628803253173828,0.02574944496154785,2.576305866241455,2.8418490886688232,2.694758176803589,-0.014319300651550293,8.134662628173828,7.941835880279541,8.018675804138184,-0.019573450088500977
classical_07::distortion::drv32,classical_07,classical,distortion,32.0,tanh_drive,6.895821571350098,4.299049377441406,5.546806812286377,-0.050628662109375,7.716008186340332,7.0862908363342285,7.450425148010254,0.04927563667297363,2.576305866241455,3.022156000137329,2.80073881149292,0.001507878303527832,8.134662628173828,7.236924648284912,7.723966121673584,0.03817248344421387
classical_07::style_swap::swap_cross,classical_07,classical,style_swap,nan,cross_genre,6.895821571350098,6.923837184906006,6.699467658996582,-0.21036171913146973,7.716008186340332,6.61207389831543,7.119527339935303,-0.044513702392578125,2.576305866241455,4.504644870758057,3.615959405899048,0.07548403739929199,8.134662628173828,7.0405120849609375,7.675691604614258,0.088104248046875
classical_07::style_swap::swap_same,classical_07,classical,style_swap,nan,same_genre,6.895821571350098,7.969926357269287,7.435887813568115,0.0030138492584228516,7.716008186340332,8.312220573425293,8.112175941467285,0.09806156158447266,2.576305866241455,5.957779407501221,4.624904632568359,0.3578619956970215,8.134662628173828,8.02086067199707,8.158496856689453,0.0807352066040039
classical_08::control::ctrl,classical_08,classical,control,0.0,none,7.245876312255859,7.245876312255859,7.091294288635254,-0.15458202362060547,7.558984756469727,7.558984756469727,7.534432888031006,-0.024551868438720703,3.9136717319488525,3.9136717319488525,3.7705438137054443,-0.1431279182434082,7.009068489074707,7.009068489074707,6.897059917449951,-0.11200857162475586
classical_08::pitch_shift::-4st,classical_08,classical,pitch_shift,-4.0,semitones,7.245876312255859,7.410857200622559,7.19235897064209,-0.13600778579711914,7.558984756469727,7.65397834777832,7.562483310699463,-0.04399824142456055,3.9136717319488525,3.486912488937378,3.6082327365875244,-0.09205937385559082,7.009068489074707,6.999239444732666,6.895266056060791,-0.10888791084289551
classical_08::pitch_shift::-2st,classical_08,classical,pitch_shift,-2.0,semitones,7.245876312255859,7.388386249542236,7.16984748840332,-0.14728379249572754,7.558984756469727,7.662933349609375,7.570271015167236,-0.04068803787231445,3.9136717319488525,3.6775777339935303,3.6634790897369385,-0.13214564323425293,7.009068489074707,6.998753070831299,6.873205661773682,-0.1307051181793213
classical_08::pitch_shift::-1st,classical_08,classical,pitch_shift,-1.0,semitones,7.245876312255859,7.285099983215332,7.103715419769287,-0.1617727279663086,7.558984756469727,7.673742294311523,7.564809322357178,-0.051554203033447266,3.9136717319488525,3.6844377517700195,3.6864218711853027,-0.1126328706741333,7.009068489074707,7.058758735656738,6.914984703063965,-0.11892890930175781
classical_08::pitch_shift::+1st,classical_08,classical,pitch_shift,1.0,semitones,7.245876312255859,7.342309951782227,7.136582374572754,-0.15751075744628906,7.558984756469727,7.583386421203613,7.528128623962402,-0.04305696487426758,3.9136717319488525,3.673027515411377,3.7064919471740723,-0.08685767650604248,7.009068489074707,6.851921081542969,6.819320201873779,-0.1111745834350586
classical_08::pitch_shift::+2st,classical_08,classical,pitch_shift,2.0,semitones,7.245876312255859,7.316441535949707,7.1573896408081055,-0.12376928329467773,7.558984756469727,7.538019180297852,7.550716400146484,0.0022144317626953125,3.9136717319488525,3.7399697303771973,3.7170183658599854,-0.10980236530303955,7.009068489074707,6.858121871948242,6.86683988571167,-0.06675529479980469
classical_08::pitch_shift::+4st,classical_08,classical,pitch_shift,4.0,semitones,7.245876312255859,7.346583366394043,7.175748348236084,-0.12048149108886719,7.558984756469727,7.465256214141846,7.50982141494751,-0.002299070358276367,3.9136717319488525,3.8556363582611084,3.800884485244751,-0.08376955986022949,7.009068489074707,6.967296600341797,6.916593551635742,-0.07158899307250977
classical_08::time_stretch::-20pct,classical_08,classical,time_stretch,-20.0,percent_tempo,7.245876312255859,7.232623100280762,7.06085729598999,-0.1783924102783203,7.558984756469727,7.532712936401367,7.497750759124756,-0.048098087310791016,3.9136717319488525,3.4915266036987305,3.644977331161499,-0.05762183666229248,7.009068489074707,7.0394392013549805,6.900048732757568,-0.12420511245727539
classical_08::time_stretch::-10pct,classical_08,classical,time_stretch,-10.0,percent_tempo,7.245876312255859,7.364206314086914,7.16157341003418,-0.14346790313720703,7.558984756469727,7.660429954528809,7.580784797668457,-0.028922557830810547,3.9136717319488525,3.7988760471343994,3.7687160968780518,-0.08755779266357422,7.009068489074707,7.082797050476074,6.946688175201416,-0.09924459457397461
classical_08::time_stretch::-5pct,classical_08,classical,time_stretch,-5.0,percent_tempo,7.245876312255859,7.297658443450928,7.123249053955078,-0.14851832389831543,7.558984756469727,7.560736656188965,7.539734363555908,-0.0201263427734375,3.9136717319488525,3.89978289604187,3.8259639739990234,-0.08076333999633789,7.009068489074707,7.099505424499512,6.962227821350098,-0.09205913543701172
classical_08::time_stretch::+5pct,classical_08,classical,time_stretch,5.0,percent_tempo,7.245876312255859,7.480256080627441,7.199417591094971,-0.1636486053466797,7.558984756469727,7.737398147583008,7.60304594039917,-0.045145511627197266,3.9136717319488525,3.6780788898468018,3.6723716259002686,-0.1235036849975586,7.009068489074707,7.151992321014404,6.9605207443237305,-0.1200096607208252
classical_08::time_stretch::+10pct,classical_08,classical,time_stretch,10.0,percent_tempo,7.245876312255859,7.226805686950684,7.087946891784668,-0.14839410781860352,7.558984756469727,7.5361857414245605,7.515984058380127,-0.0316011905670166,3.9136717319488525,3.7497522830963135,3.7219033241271973,-0.10980868339538574,7.009068489074707,6.933159351348877,6.875209808349609,-0.09590411186218262
classical_08::time_stretch::+20pct,classical_08,classical,time_stretch,20.0,percent_tempo,7.245876312255859,7.261056423187256,7.083923816680908,-0.16954255104064941,7.558984756469727,7.511681079864502,7.490346431732178,-0.04498648643493652,3.9136717319488525,3.6800220012664795,3.652240514755249,-0.144606351852417,7.009068489074707,6.94027042388916,6.86966609954834,-0.10500335693359375
classical_08::lowpass::lp8000,classical_08,classical,lowpass,8000.0,hz_cutoff,7.245876312255859,7.251403331756592,7.113672733306885,-0.13496708869934082,7.558984756469727,7.576008319854736,7.558858394622803,-0.008638143539428711,3.9136717319488525,3.936068058013916,3.75822114944458,-0.1666487455368042,7.009068489074707,6.990838050842285,6.895580291748047,-0.10437297821044922
classical_08::lowpass::lp4000,classical_08,classical,lowpass,4000.0,hz_cutoff,7.245876312255859,7.317518711090088,7.135937213897705,-0.14576029777526855,7.558984756469727,7.640876293182373,7.5877814292907715,-0.01214909553527832,3.9136717319488525,3.873225212097168,3.759711742401123,-0.1337367296218872,7.009068489074707,7.045990943908691,6.926079750061035,-0.10144996643066406
classical_08::lowpass::lp2000,classical_08,classical,lowpass,2000.0,hz_cutoff,7.245876312255859,7.293899059295654,7.0922532081604,-0.17763447761535645,7.558984756469727,7.66139030456543,7.575875759124756,-0.034311771392822266,3.9136717319488525,4.029818534851074,3.852684736251831,-0.11906039714813232,7.009068489074707,6.916459083557129,6.839634418487549,-0.12312936782836914
classical_08::distortion::drv4,classical_08,classical,distortion,4.0,tanh_drive,7.245876312255859,6.447237491607666,6.695211887359619,-0.15134501457214355,7.558984756469727,7.192089080810547,7.3353753089904785,-0.0401616096496582,3.9136717319488525,3.7821671962738037,3.7176191806793213,-0.13030028343200684,7.009068489074707,6.314035415649414,6.575311660766602,-0.08624029159545898
classical_08::distortion::drv12,classical_08,classical,distortion,12.0,tanh_drive,7.245876312255859,3.6202940940856934,5.301968097686768,-0.1311171054840088,7.558984756469727,5.359280109405518,6.415282249450684,-0.04385018348693848,3.9136717319488525,3.115513801574707,3.568887233734131,0.054294466972351074,7.009068489074707,4.95949649810791,5.829010009765625,-0.1552724838256836
classical_08::distortion::drv32,classical_08,classical,distortion,32.0,tanh_drive,7.245876312255859,3.2234690189361572,4.97467565536499,-0.25999701023101807,7.558984756469727,5.442506790161133,6.540597438812256,0.03985166549682617,3.9136717319488525,3.576596260070801,3.736898183822632,-0.008235812187194824,7.009068489074707,5.020254611968994,5.992648601531982,-0.022012948989868164
classical_08::style_swap::swap_cross,classical_08,classical,style_swap,nan,cross_genre,7.245876312255859,7.560052871704102,7.162336826324463,-0.24062776565551758,7.558984756469727,7.955400466918945,7.708868980407715,-0.048323631286621094,3.9136717319488525,5.856056213378906,5.485019683837891,0.6001557111740112,7.009068489074707,7.720652103424072,7.420799732208252,0.055939435958862305
classical_08::style_swap::swap_same,classical_08,classical,style_swap,nan,same_genre,7.245876312255859,7.700209140777588,7.035892486572266,-0.437150239944458,7.558984756469727,8.158882141113281,7.825733184814453,-0.03320026397705078,3.9136717319488525,6.421684741973877,5.624864101409912,0.45718586444854736,7.009068489074707,7.18625020980835,7.361567974090576,0.26390862464904785
classical_09::control::ctrl,classical_09,classical,control,0.0,none,7.092626571655273,7.092626571655273,6.934898376464844,-0.1577281951904297,7.866316795349121,7.866316795349121,7.87561559677124,0.00929880142211914,2.4710469245910645,2.4710469245910645,2.361262798309326,-0.10978412628173828,8.224194526672363,8.224194526672363,8.254069328308105,0.029874801635742188
classical_09::pitch_shift::-4st,classical_09,classical,pitch_shift,-4.0,semitones,7.092626571655273,7.335465431213379,7.123290538787842,-0.09075546264648438,7.866316795349121,7.8419599533081055,7.8956780433654785,0.041539669036865234,2.4710469245910645,2.6796975135803223,2.4674246311187744,-0.10794758796691895,8.224194526672363,8.16457462310791,8.241793632507324,0.0474090576171875
classical_09::pitch_shift::-2st,classical_09,classical,pitch_shift,-2.0,semitones,7.092626571655273,7.368745803833008,7.070829391479492,-0.15985679626464844,7.866316795349121,7.882638454437256,7.895036220550537,0.020558595657348633,2.4710469245910645,2.690826416015625,2.450056791305542,-0.13087987899780273,8.224194526672363,8.163288116455078,8.232677459716797,0.03893613815307617
classical_09::pitch_shift::-1st,classical_09,classical,pitch_shift,-1.0,semitones,7.092626571655273,7.205033302307129,7.023163318634033,-0.12566661834716797,7.866316795349121,7.855875015258789,7.883992671966553,0.022896766662597656,2.4710469245910645,2.4861502647399902,2.3802316188812256,-0.09836697578430176,8.224194526672363,8.165506362915039,8.232969284057617,0.038118839263916016
classical_09::pitch_shift::+1st,classical_09,classical,pitch_shift,1.0,semitones,7.092626571655273,7.288913249969482,7.074020862579346,-0.11674904823303223,7.866316795349121,7.912290573120117,7.911661624908447,0.022357940673828125,2.4710469245910645,2.5365054607391357,2.409921646118164,-0.09385454654693604,8.224194526672363,8.241888999938965,8.270596504211426,0.03755474090576172
classical_09::pitch_shift::+2st,classical_09,classical,pitch_shift,2.0,semitones,7.092626571655273,7.3724446296691895,7.152339935302734,-0.08019566535949707,7.866316795349121,7.978610515594482,7.962686061859131,0.0402224063873291,2.4710469245910645,2.5301637649536133,2.4103455543518066,-0.09025979042053223,8.224194526672363,8.321307182312012,8.316410064697266,0.043659210205078125
classical_09::pitch_shift::+4st,classical_09,classical,pitch_shift,4.0,semitones,7.092626571655273,6.994642734527588,6.9749836921691895,-0.06865096092224121,7.866316795349121,7.881106853485107,7.916549205780029,0.04283738136291504,2.4710469245910645,2.7338521480560303,2.5435028076171875,-0.05894672870635986,8.224194526672363,8.19186782836914,8.248258590698242,0.040227413177490234
classical_09::time_stretch::-20pct,classical_09,classical,time_stretch,-20.0,percent_tempo,7.092626571655273,6.953548908233643,6.892923831939697,-0.13016390800476074,7.866316795349121,7.780473232269287,7.861215114593506,0.03782010078430176,2.4710469245910645,2.395653247833252,2.3363900184631348,-0.09696006774902344,8.224194526672363,8.147149085998535,8.241216659545898,0.05554485321044922
classical_09::time_stretch::-10pct,classical_09,classical,time_stretch,-10.0,percent_tempo,7.092626571655273,7.083501815795898,6.937887668609619,-0.1501765251159668,7.866316795349121,7.837366580963135,7.870439052581787,0.01859736442565918,2.4710469245910645,2.5554051399230957,2.39411997795105,-0.11910605430603027,8.224194526672363,8.17854118347168,8.241883277893066,0.04051542282104492
classical_09::time_stretch::-5pct,classical_09,classical,time_stretch,-5.0,percent_tempo,7.092626571655273,7.023581027984619,6.915998935699463,-0.1421048641204834,7.866316795349121,7.9563984870910645,7.909969806671143,-0.0013878345489501953,2.4710469245910645,2.434136390686035,2.3608577251434326,-0.09173393249511719,8.224194526672363,8.237540245056152,8.254247665405273,0.023380279541015625
classical_09::time_stretch::+5pct,classical_09,classical,time_stretch,5.0,percent_tempo,7.092626571655273,7.052781581878662,6.882996082305908,-0.18970799446105957,7.866316795349121,7.953819751739502,7.907968044281006,-0.002100229263305664,2.4710469245910645,2.4407730102539062,2.341909408569336,-0.11400055885314941,8.224194526672363,8.22613525390625,8.246442794799805,0.021277904510498047
classical_09::time_stretch::+10pct,classical_09,classical,time_stretch,10.0,percent_tempo,7.092626571655273,7.146221160888672,6.931753635406494,-0.18767023086547852,7.866316795349121,7.918488502502441,7.891731262207031,-0.00067138671875,2.4710469245910645,2.511300802230835,2.371358871459961,-0.11981499195098877,8.224194526672363,8.256072998046875,8.260930061340332,0.02079629898071289
classical_09::time_stretch::+20pct,classical_09,classical,time_stretch,20.0,percent_tempo,7.092626571655273,7.138731956481934,6.9604291915893555,-0.15525007247924805,7.866316795349121,7.938413143157959,7.920162677764893,0.01779770851135254,2.4710469245910645,2.4782116413116455,2.3847954273223877,-0.08983385562896729,8.224194526672363,8.243446350097656,8.26223087310791,0.02841043472290039
classical_09::lowpass::lp8000,classical_09,classical,lowpass,8000.0,hz_cutoff,7.092626571655273,7.0603346824646,6.937658786773682,-0.13882184028625488,7.866316795349121,7.842609405517578,7.868656635284424,0.014193534851074219,2.4710469245910645,2.4619956016540527,2.3625552654266357,-0.10396599769592285,8.224194526672363,8.221294403076172,8.253366470336914,0.030622005462646484
classical_09::lowpass::lp4000,classical_09,classical,lowpass,4000.0,hz_cutoff,7.092626571655273,7.207612991333008,7.014941215515137,-0.1351785659790039,7.866316795349121,7.675293445587158,7.79193639755249,0.021131277084350586,2.4710469245910645,2.46968412399292,2.3781440258026123,-0.09222149848937988,8.224194526672363,8.004931449890137,8.132094383239746,0.017531394958496094
classical_09::lowpass::lp2000,classical_09,classical,lowpass,2000.0,hz_cutoff,7.092626571655273,7.311875343322754,7.122833728790283,-0.07941722869873047,7.866316795349121,7.777841567993164,7.881106376647949,0.05902719497680664,2.4710469245910645,2.511899948120117,2.414367437362671,-0.07710599899291992,8.224194526672363,7.5220746994018555,7.945551872253418,0.0724172592163086
classical_09::distortion::drv4,classical_09,classical,distortion,4.0,tanh_drive,7.092626571655273,6.891441345214844,6.846826553344727,-0.14520740509033203,7.866316795349121,7.827651023864746,7.856815338134766,0.009831428527832031,2.4710469245910645,2.5265703201293945,2.3682727813720703,-0.13053584098815918,8.224194526672363,8.08505630493164,8.183472633361816,0.028847217559814453
classical_09::distortion::drv12,classical_09,classical,distortion,12.0,tanh_drive,7.092626571655273,6.202642440795898,6.575955390930176,-0.07167911529541016,7.866316795349121,7.664658546447754,7.773479461669922,0.007991790771484375,2.4710469245910645,2.566941261291504,2.4249675273895264,-0.09402656555175781,8.224194526672363,7.654958724975586,7.935389041900635,-0.004187583923339844
classical_09::distortion::drv32,classical_09,classical,distortion,32.0,tanh_drive,7.092626571655273,5.334619998931885,6.243103981018066,0.029480695724487305,7.866316795349121,7.160231590270996,7.5798020362854,0.0665278434753418,2.4710469245910645,2.652324914932251,2.5073578357696533,-0.054328083992004395,8.224194526672363,6.891203880310059,7.615116596221924,0.05741739273071289
classical_09::style_swap::swap_cross,classical_09,classical,style_swap,nan,cross_genre,7.092626571655273,4.7748026847839355,6.213545322418213,0.2798306941986084,7.866316795349121,5.614022731781006,6.8978352546691895,0.15766549110412598,2.4710469245910645,6.074988842010498,4.576686382293701,0.3036684989929199,8.224194526672363,5.160858154296875,7.020530700683594,0.3280043601989746
classical_09::style_swap::swap_same,classical_09,classical,style_swap,nan,same_genre,7.092626571655273,7.60575008392334,7.3146653175354,-0.03452301025390625,7.866316795349121,7.903792381286621,8.010519981384277,0.12546539306640625,2.4710469245910645,3.551694393157959,2.9270811080932617,-0.08428955078125,8.224194526672363,7.501461029052734,7.939350605010986,0.0765228271484375
classical_10::control::ctrl,classical_10,classical,control,0.0,none,7.0680742263793945,7.0680742263793945,6.963714122772217,-0.10436010360717773,8.132354736328125,8.132354736328125,8.148720741271973,0.016366004943847656,2.551206111907959,2.551206111907959,2.5085012912750244,-0.04270482063293457,8.279571533203125,8.279571533203125,8.290421485900879,0.010849952697753906
classical_10::pitch_shift::-4st,classical_10,classical,pitch_shift,-4.0,semitones,7.0680742263793945,7.043486595153809,7.102844715118408,0.04706430435180664,8.132354736328125,8.215292930603027,8.225716590881348,0.051892757415771484,2.551206111907959,2.705939769744873,2.6889989376068115,0.06042599678039551,8.279571533203125,8.279013633728027,8.31592845916748,0.0366358757019043
classical_10::pitch_shift::-2st,classical_10,classical,pitch_shift,-2.0,semitones,7.0680742263793945,6.914941787719727,6.978804111480713,-0.012703895568847656,8.132354736328125,8.179022789001465,8.189567565917969,0.03387880325317383,2.551206111907959,2.6315066814422607,2.6224827766418457,0.03112637996673584,8.279571533203125,8.246891021728516,8.28669548034668,0.023464202880859375
classical_10::pitch_shift::-1st,classical_10,classical,pitch_shift,-1.0,semitones,7.0680742263793945,6.917334079742432,6.949128150939941,-0.04357600212097168,8.132354736328125,8.158286094665527,8.178926467895508,0.03360605239868164,2.551206111907959,2.513906717300415,2.524904251098633,-0.007652163505554199,8.279571533203125,8.250465393066406,8.279726028442383,0.014707565307617188
classical_10::pitch_shift::+1st,classical_10,classical,pitch_shift,1.0,semitones,7.0680742263793945,6.815065860748291,6.889413356781006,-0.052156686782836914,8.132354736328125,8.137359619140625,8.165234565734863,0.03037738800048828,2.551206111907959,2.5784006118774414,2.529067039489746,-0.0357363224029541,8.279571533203125,8.230476379394531,8.26516342163086,0.01013946533203125
classical_10::pitch_shift::+2st,classical_10,classical,pitch_shift,2.0,semitones,7.0680742263793945,6.894631385803223,6.925268650054932,-0.05608415603637695,8.132354736328125,8.131019592285156,8.171675682067871,0.03998851776123047,2.551206111907959,2.660229206085205,2.565462350845337,-0.04025530815124512,8.279571533203125,8.234227180480957,8.278148651123047,0.02124929428100586
classical_10::pitch_shift::+4st,classical_10,classical,pitch_shift,4.0,semitones,7.0680742263793945,6.922664165496826,7.0161919593811035,0.020822763442993164,8.132354736328125,8.002225875854492,8.131710052490234,0.06441974639892578,2.551206111907959,2.7199182510375977,2.644864559173584,0.009302377700805664,8.279571533203125,8.01093864440918,8.20030403137207,0.05504894256591797
classical_10::time_stretch::-20pct,classical_10,classical,time_stretch,-20.0,percent_tempo,7.0680742263793945,6.768460750579834,6.899955749511719,-0.018311738967895508,8.132354736328125,8.081404685974121,8.128668785095215,0.021789073944091797,2.551206111907959,2.6115939617156982,2.5585129261016846,-0.022887110710144043,8.279571533203125,8.17783260345459,8.217357635498047,-0.011344432830810547
classical_10::time_stretch::-10pct,classical_10,classical,time_stretch,-10.0,percent_tempo,7.0680742263793945,7.000796794891357,7.016546726226807,-0.017888784408569336,8.132354736328125,8.126700401306152,8.15809440612793,0.028566837310791016,2.551206111907959,2.637080430984497,2.578160285949707,-0.015982985496520996,8.279571533203125,8.221586227416992,8.259547233581543,0.008968353271484375
classical_10::time_stretch::-5pct,classical_10,classical,time_stretch,-5.0,percent_tempo,7.0680742263793945,7.079380512237549,7.00299072265625,-0.07073664665222168,8.132354736328125,8.118358612060547,8.146162033081055,0.02080535888671875,2.551206111907959,2.6330554485321045,2.5560829639434814,-0.03604781627655029,8.279571533203125,8.205146789550781,8.241618156433105,-0.0007410049438476562
classical_10::time_stretch::+5pct,classical_10,classical,time_stretch,5.0,percent_tempo,7.0680742263793945,6.893482685089111,6.914865970611572,-0.06591248512268066,8.132354736328125,8.129576683044434,8.160634994506836,0.02966928482055664,2.551206111907959,2.6676342487335205,2.5909125804901123,-0.01850759983062744,8.279571533203125,8.231184005737305,8.2728271484375,0.017449378967285156
classical_10::time_stretch::+10pct,classical_10,classical,time_stretch,10.0,percent_tempo,7.0680742263793945,6.910364151000977,6.958905220031738,-0.030313968658447266,8.132354736328125,8.177177429199219,8.195947647094727,0.04118156433105469,2.551206111907959,2.6011393070220947,2.5525717735290527,-0.02360093593597412,8.279571533203125,8.228541374206543,8.280221939086914,0.026165485382080078
classical_10::time_stretch::+20pct,classical_10,classical,time_stretch,20.0,percent_tempo,7.0680742263793945,6.826742649078369,6.9371137619018555,-0.010294675827026367,8.132354736328125,8.225506782531738,8.214522361755371,0.03559160232543945,2.551206111907959,2.722865581512451,2.6243534088134766,-0.012682437896728516,8.279571533203125,8.317551612854004,8.335044860839844,0.0364832878112793
classical_10::lowpass::lp8000,classical_10,classical,lowpass,8000.0,hz_cutoff,7.0680742263793945,7.026566028594971,6.937264442443848,-0.11005568504333496,8.132354736328125,8.113454818725586,8.137690544128418,0.0147857666015625,2.551206111907959,2.5593183040618896,2.5102078914642334,-0.04505431652069092,8.279571533203125,8.258768081665039,8.280550003051758,0.011380195617675781
classical_10::lowpass::lp4000,classical_10,classical,lowpass,4000.0,hz_cutoff,7.0680742263793945,7.102419853210449,7.075727462768555,-0.009519577026367188,8.132354736328125,7.990719795227051,8.084486961364746,0.022949695587158203,2.551206111907959,2.627481698989868,2.6167824268341064,0.02743852138519287,8.279571533203125,8.156593322753906,8.232949256896973,0.014866828918457031
classical_10::lowpass::lp2000,classical_10,classical,lowpass,2000.0,hz_cutoff,7.0680742263793945,7.084532260894775,7.197421550750732,0.12111830711364746,8.132354736328125,7.92060661315918,8.063081741333008,0.03660106658935547,2.551206111907959,2.764423131942749,2.7838969230651855,0.12608230113983154,8.279571533203125,7.384067058563232,7.874839782714844,0.04302048683166504
classical_10::distortion::drv4,classical_10,classical,distortion,4.0,tanh_drive,7.0680742263793945,6.588263034820557,6.686131954193115,-0.14203667640686035,8.132354736328125,8.030930519104004,8.097200393676758,0.01555776596069336,2.551206111907959,2.4350340366363525,2.472926139831543,-0.020193934440612793,8.279571533203125,8.12828540802002,8.227898597717285,0.02397012710571289
classical_10::distortion::drv12,classical_10,classical,distortion,12.0,tanh_drive,7.0680742263793945,5.764164924621582,6.2109150886535645,-0.20520448684692383,8.132354736328125,7.660398960113525,7.894937515258789,-0.0014393329620361328,2.551206111907959,2.66510009765625,2.643571376800537,0.03541827201843262,8.279571533203125,7.627806186676025,7.986001014709473,0.03231215476989746
classical_10::distortion::drv32,classical_10,classical,distortion,32.0,tanh_drive,7.0680742263793945,4.5833916664123535,5.594114780426025,-0.23161816596984863,8.132354736328125,7.225978374481201,7.623504161834717,-0.05566239356994629,2.551206111907959,3.0924079418182373,2.8282854557037354,0.006478428840637207,8.279571533203125,6.747122287750244,7.530889987945557,0.01754307746887207
classical_10::style_swap::swap_cross,classical_10,classical,style_swap,nan,cross_genre,7.0680742263793945,6.820796012878418,6.727004528045654,-0.21743059158325195,8.132354736328125,6.4904937744140625,7.326915264129639,0.015491008758544922,2.551206111907959,4.41085147857666,3.4326894283294678,-0.0483393669128418,8.279571533203125,6.998047828674316,7.771024703979492,0.13221502304077148
classical_10::style_swap::swap_same,classical_10,classical,style_swap,nan,same_genre,7.0680742263793945,7.082454681396484,7.038027286529541,-0.03723716735839844,8.132354736328125,7.860898971557617,8.027427673339844,0.030800819396972656,2.551206111907959,2.4737210273742676,2.535856008529663,0.023392438888549805,8.279571533203125,8.220033645629883,8.301149368286133,0.051346778869628906
classical_11::control::ctrl,classical_11,classical,control,0.0,none,7.7158122062683105,7.7158122062683105,7.650771141052246,-0.06504106521606445,8.005995750427246,8.005995750427246,8.01971435546875,0.013718605041503906,3.6606404781341553,3.6606404781341553,3.4467852115631104,-0.21385526657104492,7.713461399078369,7.713461399078369,7.613033294677734,-0.10042810440063477
classical_11::pitch_shift::-4st,classical_11,classical,pitch_shift,-4.0,semitones,7.7158122062683105,7.700397968292236,7.695757865905762,-0.012347221374511719,8.005995750427246,7.857029914855957,7.9897871017456055,0.058274269104003906,3.6606404781341553,4.24688196182251,3.7160305976867676,-0.23773062229156494,7.713461399078369,7.017261505126953,7.391800403594971,0.02643895149230957
classical_11::pitch_shift::-2st,classical_11,classical,pitch_shift,-2.0,semitones,7.7158122062683105,7.4587273597717285,7.59052848815918,0.0032587051391601562,8.005995750427246,7.59634256362915,7.882996559143066,0.08182740211486816,3.6606404781341553,3.618417739868164,3.414194345474243,-0.2253347635269165,7.713461399078369,6.833370208740234,7.3271284103393555,0.05371260643005371
classical_11::pitch_shift::-1st,classical_11,classical,pitch_shift,-1.0,semitones,7.7158122062683105,7.627683162689209,7.629541873931885,-0.042205810546875,8.005995750427246,7.756263732910156,7.91375732421875,0.03262758255004883,3.6606404781341553,3.9858338832855225,3.556494951248169,-0.2667422294616699,7.713461399078369,7.353329181671143,7.483139991760254,-0.05025529861450195
classical_11::pitch_shift::+1st,classical_11,classical,pitch_shift,1.0,semitones,7.7158122062683105,7.569106101989746,7.574235916137695,-0.06822323799133301,8.005995750427246,7.725971221923828,7.901895046234131,0.03591156005859375,3.6606404781341553,3.5404345989227295,3.408370018005371,-0.1921675205230713,7.713461399078369,7.281871795654297,7.441638469696045,-0.056028127670288086
classical_11::pitch_shift::+2st,classical_11,classical,pitch_shift,2.0,semitones,7.7158122062683105,7.374505519866943,7.5149688720703125,-0.030189990997314453,8.005995750427246,7.252685546875,7.726981163024902,0.0976405143737793,3.6606404781341553,3.573458194732666,3.3694703578948975,-0.24757897853851318,7.713461399078369,7.125341892242432,7.412876605987549,-0.0065250396728515625
classical_11::pitch_shift::+4st,classical_11,classical,pitch_shift,4.0,semitones,7.7158122062683105,7.572531700134277,7.60858678817749,-0.03558516502380371,8.005995750427246,7.802175998687744,7.945239543914795,0.041153669357299805,3.6606404781341553,3.8016490936279297,3.4840784072875977,-0.24706637859344482,7.713461399078369,7.200791835784912,7.435375690460205,-0.021750926971435547
classical_11::time_stretch::-20pct,classical_11,classical,time_stretch,-20.0,percent_tempo,7.7158122062683105,7.310908317565918,7.510446071624756,-0.0029141902923583984,8.005995750427246,7.495527744293213,7.856832027435303,0.10607028007507324,3.6606404781341553,3.273983955383301,3.3072352409362793,-0.16007697582244873,7.713461399078369,6.875408172607422,7.285580158233643,-0.00885462760925293
classical_11::time_stretch::-10pct,classical_11,classical,time_stretch,-10.0,percent_tempo,7.7158122062683105,7.450650215148926,7.553842067718506,-0.029389142990112305,8.005995750427246,7.638021469116211,7.896360397338867,0.07435178756713867,3.6606404781341553,3.2685964107513428,3.3052427768707275,-0.15937566757202148,7.713461399078369,7.134854316711426,7.39536714553833,-0.028790712356567383
classical_11::time_stretch::-5pct,classical_11,classical,time_stretch,-5.0,percent_tempo,7.7158122062683105,7.527317523956299,7.576428413391113,-0.045136451721191406,8.005995750427246,7.741760730743408,7.905756950378418,0.03187870979309082,3.6606404781341553,3.30924916267395,3.3261489868164062,-0.15879583358764648,7.713461399078369,7.271356582641602,7.43023681640625,-0.06217217445373535
classical_11::time_stretch::+5pct,classical_11,classical,time_stretch,5.0,percent_tempo,7.7158122062683105,7.676119327545166,7.628779411315918,-0.06718635559082031,8.005995750427246,7.851558208465576,7.948099136352539,0.01932215690612793,3.6606404781341553,3.6927735805511475,3.4799647331237793,-0.19674229621887207,7.713461399078369,7.346624851226807,7.486807346343994,-0.04323577880859375
classical_11::time_stretch::+10pct,classical_11,classical,time_stretch,10.0,percent_tempo,7.7158122062683105,7.489058494567871,7.568937301635742,-0.03349804878234863,8.005995750427246,7.4919328689575195,7.826676368713379,0.0777120590209961,3.6606404781341553,3.7902462482452393,3.497424840927124,-0.22801852226257324,7.713461399078369,7.25316047668457,7.486982822418213,0.003671884536743164
classical_11::time_stretch::+20pct,classical_11,classical,time_stretch,20.0,percent_tempo,7.7158122062683105,7.424745082855225,7.574021339416504,0.003742694854736328,8.005995750427246,7.462194442749023,7.831701278686523,0.09760618209838867,3.6606404781341553,3.41365909576416,3.3340048789978027,-0.20314490795135498,7.713461399078369,7.043673992156982,7.3407206535339355,-0.037847042083740234
classical_11::lowpass::lp8000,classical_11,classical,lowpass,8000.0,hz_cutoff,7.7158122062683105,7.722487449645996,7.650287628173828,-0.0688621997833252,8.005995750427246,8.02508544921875,8.023231506347656,0.007690906524658203,3.6606404781341553,3.6369738578796387,3.443772315979004,-0.20503485202789307,7.713461399078369,7.7355523109436035,7.623053073883057,-0.10145378112792969
classical_11::lowpass::lp4000,classical_11,classical,lowpass,4000.0,hz_cutoff,7.7158122062683105,7.73007345199585,7.653287887573242,-0.06965494155883789,8.005995750427246,8.036468505859375,8.030884742736816,0.00965261459350586,3.6606404781341553,3.6901376247406006,3.454867362976074,-0.2205216884613037,7.713461399078369,7.763828754425049,7.637152671813965,-0.10149240493774414
classical_11::lowpass::lp2000,classical_11,classical,lowpass,2000.0,hz_cutoff,7.7158122062683105,7.6170878410339355,7.597936630249023,-0.06851339340209961,8.005995750427246,8.058126449584961,8.012242317199707,-0.019818782806396484,3.6606404781341553,3.798203945159912,3.418895959854126,-0.3105262517929077,7.713461399078369,7.561651229858398,7.52766227722168,-0.1098940372467041
classical_11::distortion::drv4,classical_11,classical,distortion,4.0,tanh_drive,7.7158122062683105,7.694042205810547,7.638915538787842,-0.06601166725158691,8.005995750427246,7.996421813964844,8.011474609375,0.010265827178955078,3.6606404781341553,3.7282822132110596,3.4758927822113037,-0.2185685634613037,7.713461399078369,7.6656293869018555,7.593719005584717,-0.09582638740539551
classical_11::distortion::drv12,classical_11,classical,distortion,12.0,tanh_drive,7.7158122062683105,7.276134014129639,7.448444843292236,-0.04752826690673828,8.005995750427246,7.71735143661499,7.887495040893555,0.025821447372436523,3.6606404781341553,3.6832902431488037,3.476114273071289,-0.19585108757019043,7.713461399078369,6.732975959777832,7.220365524291992,-0.0028531551361083984
classical_11::distortion::drv32,classical_11,classical,distortion,32.0,tanh_drive,7.7158122062683105,5.7399702072143555,6.734111785888672,0.006220579147338867,8.005995750427246,6.964148044586182,7.510900974273682,0.025829076766967773,3.6606404781341553,3.612025737762451,3.422856569290161,-0.2134765386581421,7.713461399078369,6.20414924621582,6.948243141174316,-0.01056218147277832
classical_11::style_swap::swap_cross,classical_11,classical,style_swap,nan,cross_genre,7.7158122062683105,5.03904914855957,6.5474677085876465,0.17003703117370605,8.005995750427246,6.095047950744629,7.16042423248291,0.10990238189697266,3.6606404781341553,6.986753463745117,5.885329723358154,0.5616327524185181,7.713461399078369,6.514464378356934,7.322636604309082,0.20867371559143066
classical_11::style_swap::swap_same,classical_11,classical,style_swap,nan,same_genre,7.7158122062683105,5.114638328552246,6.574945449829102,0.15972018241882324,8.005995750427246,6.1007184982299805,7.3129754066467285,0.25961828231811523,3.6606404781341553,4.160174369812012,4.175762176513672,0.2653547525405884,7.713461399078369,6.2865800857543945,7.23139762878418,0.23137688636779785
classical_12::control::ctrl,classical_12,classical,control,0.0,none,7.567934989929199,7.567934989929199,7.535823345184326,-0.03211164474487305,7.176791191101074,7.176791191101074,7.393932819366455,0.21714162826538086,5.097828388214111,5.097828388214111,5.124686241149902,0.026857852935791016,6.994361400604248,6.994361400604248,7.208582878112793,0.21422147750854492
classical_12::pitch_shift::-4st,classical_12,classical,pitch_shift,-4.0,semitones,7.567934989929199,7.529273986816406,7.681164264678955,0.13255977630615234,7.176791191101074,7.612854957580566,7.807157039642334,0.41233396530151367,5.097828388214111,5.684083461761475,5.530218124389648,0.13926219940185547,6.994361400604248,7.114881992340088,7.434253692626953,0.37963199615478516
classical_12::pitch_shift::-2st,classical_12,classical,pitch_shift,-2.0,semitones,7.567934989929199,7.706559658050537,7.6529927253723145,0.01574540138244629,7.176791191101074,7.135078430175781,7.475978374481201,0.32004356384277344,5.097828388214111,5.354119300842285,5.347866058349609,0.12189221382141113,6.994361400604248,6.70301628112793,7.1017985343933105,0.2531096935272217
classical_12::pitch_shift::-1st,classical_12,classical,pitch_shift,-1.0,semitones,7.567934989929199,7.524855136871338,7.576998233795166,0.03060317039489746,7.176791191101074,6.873461723327637,7.392081260681152,0.3669548034667969,5.097828388214111,5.329778671264648,5.2612762451171875,0.04747271537780762,6.994361400604248,6.736478328704834,7.137653827667236,0.2722339630126953
classical_12::pitch_shift::+1st,classical_12,classical,pitch_shift,1.0,semitones,7.567934989929199,7.642723083496094,7.623287200927734,0.01795816421508789,7.176791191101074,7.433402061462402,7.646542072296143,0.3414454460144043,5.097828388214111,5.166530132293701,5.174827575683594,0.0426483154296875,6.994361400604248,7.250615119934082,7.37183141708374,0.2493431568145752
classical_12::pitch_shift::+2st,classical_12,classical,pitch_shift,2.0,semitones,7.567934989929199,7.80234432220459,7.729157447814941,0.044017791748046875,7.176791191101074,7.761714935302734,7.8070969581604,0.3378438949584961,5.097828388214111,5.3570027351379395,5.295566082000732,0.06815052032470703,6.994361400604248,7.373009204864502,7.464390277862549,0.28070497512817383
classical_12::pitch_shift::+4st,classical_12,classical,pitch_shift,4.0,semitones,7.567934989929199,7.509097576141357,7.637698173522949,0.0991818904876709,7.176791191101074,6.909998416900635,7.46205472946167,0.41865992546081543,5.097828388214111,5.186787128448486,5.260255813598633,0.11794805526733398,6.994361400604248,6.947655200958252,7.388461589813232,0.4174532890319824
classical_12::time_stretch::-20pct,classical_12,classical,time_stretch,-20.0,percent_tempo,7.567934989929199,7.822587013244629,7.67671012878418,-0.018550872802734375,7.176791191101074,7.374765396118164,7.556756973266602,0.2809786796569824,5.097828388214111,5.533292770385742,5.324587821960449,0.009027242660522461,6.994361400604248,7.217097282409668,7.311083793640137,0.2053544521331787
classical_12::time_stretch::-10pct,classical_12,classical,time_stretch,-10.0,percent_tempo,7.567934989929199,7.615735054016113,7.56065559387207,-0.031179428100585938,7.176791191101074,7.407021522521973,7.516802787780762,0.22489643096923828,5.097828388214111,5.282172679901123,5.213292598724365,0.023292064666748047,6.994361400604248,7.1181230545043945,7.256707191467285,0.20046496391296387
classical_12::time_stretch::-5pct,classical_12,classical,time_stretch,-5.0,percent_tempo,7.567934989929199,7.526846885681152,7.533573627471924,-0.013817310333251953,7.176791191101074,7.281099319458008,7.538320541381836,0.3093752861022949,5.097828388214111,5.280041217803955,5.203019142150879,0.014084339141845703,6.994361400604248,7.143077373504639,7.268985271453857,0.20026588439941406
classical_12::time_stretch::+5pct,classical_12,classical,time_stretch,5.0,percent_tempo,7.567934989929199,7.78830623626709,7.67232608795166,-0.005794525146484375,7.176791191101074,7.601449966430664,7.703425407409668,0.31430482864379883,5.097828388214111,5.300378322601318,5.220940589904785,0.021837234497070312,6.994361400604248,7.339202880859375,7.411481857299805,0.24469971656799316
classical_12::time_stretch::+10pct,classical_12,classical,time_stretch,10.0,percent_tempo,7.567934989929199,7.76921272277832,7.671801567077637,0.003227710723876953,7.176791191101074,7.620605945587158,7.668394088745117,0.269695520401001,5.097828388214111,5.370913505554199,5.261579990386963,0.027209043502807617,6.994361400604248,7.31343936920166,7.3863983154296875,0.2324979305267334
classical_12::time_stretch::+20pct,classical_12,classical,time_stretch,20.0,percent_tempo,7.567934989929199,7.783084869384766,7.7248382568359375,0.04932832717895508,7.176791191101074,7.374704360961914,7.6171088218688965,0.34136104583740234,5.097828388214111,5.185791015625,5.198205947875977,0.0563962459564209,6.994361400604248,7.235182285308838,7.426045894622803,0.31127405166625977
classical_12::lowpass::lp8000,classical_12,classical,lowpass,8000.0,hz_cutoff,7.567934989929199,7.533255100250244,7.5135955810546875,-0.03699946403503418,7.176791191101074,7.1322174072265625,7.3470258712768555,0.1925215721130371,5.097828388214111,5.111907482147217,5.115511894226074,0.010643959045410156,6.994361400604248,6.890630722045898,7.141007423400879,0.19851136207580566
classical_12::lowpass::lp4000,classical_12,classical,lowpass,4000.0,hz_cutoff,7.567934989929199,7.319232940673828,7.428192615509033,-0.015391349792480469,7.176791191101074,6.255193710327148,6.8914289474487305,0.17543649673461914,5.097828388214111,4.998790740966797,5.094019889831543,0.04571032524108887,6.994361400604248,5.9380035400390625,6.7413458824157715,0.2751634120941162
classical_12::lowpass::lp2000,classical_12,classical,lowpass,2000.0,hz_cutoff,7.567934989929199,6.620543956756592,7.214296817779541,0.12005734443664551,7.176791191101074,5.834314346313477,6.847420692443848,0.34186792373657227,5.097828388214111,4.769758701324463,5.090217113494873,0.15642356872558594,6.994361400604248,5.025043964385986,6.456589221954346,0.4468865394592285
classical_12::distortion::drv4,classical_12,classical,distortion,4.0,tanh_drive,7.567934989929199,7.512154579162598,7.509324550628662,-0.030720233917236328,7.176791191101074,7.090019702911377,7.3544535636901855,0.22104811668395996,5.097828388214111,5.100517272949219,5.1222710609436035,0.023098230361938477,6.994361400604248,6.885934352874756,7.1582255363464355,0.2180776596069336
classical_12::distortion::drv12,classical_12,classical,distortion,12.0,tanh_drive,7.567934989929199,6.949292182922363,7.265560626983643,0.006947040557861328,7.176791191101074,6.326494216918945,7.017200469970703,0.26555776596069336,5.097828388214111,5.081200122833252,5.143881320953369,0.0543670654296875,6.994361400604248,6.032175540924072,6.797060012817383,0.28379154205322266
classical_12::distortion::drv32,classical_12,classical,distortion,32.0,tanh_drive,7.567934989929199,4.762075424194336,6.391363143920898,0.22635793685913086,7.176791191101074,3.982649326324463,6.0729851722717285,0.49326491355895996,5.097828388214111,5.100795745849609,5.347442150115967,0.24813008308410645,6.994361400604248,4.568325042724609,6.207858562469482,0.4265153408050537
classical_12::style_swap::swap_cross,classical_12,classical,style_swap,nan,cross_genre,7.567934989929199,6.605388641357422,6.820521354675293,-0.2661404609680176,7.176791191101074,6.721287727355957,7.028324604034424,0.0792851448059082,5.097828388214111,6.899265766143799,6.593508243560791,0.5949611663818359,6.994361400604248,6.651899337768555,7.052679538726807,0.22954916954040527
classical_12::style_swap::swap_same,classical_12,classical,style_swap,nan,same_genre,7.567934989929199,6.997954368591309,7.280689716339111,-0.002254962921142578,7.176791191101074,7.786254405975342,7.694153308868408,0.2126305103302002,5.097828388214111,2.50464129447937,4.390275001525879,0.5890401601791382,6.994361400604248,8.204954147338867,7.758800029754639,0.15914225578308105
classical_13::control::ctrl,classical_13,classical,control,0.0,none,6.127621650695801,6.127621650695801,6.137937545776367,0.010315895080566406,7.195889472961426,7.195889472961426,7.231766223907471,0.03587675094604492,3.9566752910614014,3.9566752910614014,3.9551141262054443,-0.0015611648559570312,7.466575622558594,7.466575622558594,7.5021796226501465,0.035604000091552734
classical_13::pitch_shift::-4st,classical_13,classical,pitch_shift,-4.0,semitones,6.127621650695801,6.097573757171631,6.051217079162598,-0.061380624771118164,7.195889472961426,6.808720588684082,6.987387180328369,-0.014917850494384766,3.9566752910614014,4.451934337615967,4.080801963806152,-0.12350285053253174,7.466575622558594,7.082986831665039,7.270486354827881,-0.004294872283935547
classical_13::pitch_shift::-2st,classical_13,classical,pitch_shift,-2.0,semitones,6.127621650695801,5.9586100578308105,5.9086833000183105,-0.13443255424499512,7.195889472961426,6.6359148025512695,6.919675350189209,0.003773212432861328,3.9566752910614014,3.814112901687622,3.8686106204986572,-0.016783475875854492,7.466575622558594,6.814122200012207,7.188299179077148,0.04795026779174805
classical_13::pitch_shift::-1st,classical_13,classical,pitch_shift,-1.0,semitones,6.127621650695801,5.455968856811523,5.814363479614258,0.022568225860595703,7.195889472961426,6.463378429412842,6.867562294006348,0.03792834281921387,3.9566752910614014,3.6430344581604004,3.85847806930542,0.05862319469451904,7.466575622558594,6.734585285186768,7.168959140777588,0.06837868690490723
classical_13::pitch_shift::+1st,classical_13,classical,pitch_shift,1.0,semitones,6.127621650695801,5.600807189941406,5.879464149475098,0.01524972915649414,7.195889472961426,6.470771789550781,6.829230308532715,-0.004100322723388672,3.9566752910614014,3.6425695419311523,3.883922576904297,0.08430016040802002,7.466575622558594,6.583096981048584,7.064821720123291,0.03998541831970215
classical_13::pitch_shift::+2st,classical_13,classical,pitch_shift,2.0,semitones,6.127621650695801,5.9954328536987305,6.1032586097717285,0.04173135757446289,7.195889472961426,6.9294233322143555,7.10375452041626,0.04109811782836914,3.9566752910614014,4.0891828536987305,4.030332565307617,0.0074034929275512695,7.466575622558594,7.041723251342773,7.358067989349365,0.10391855239868164
classical_13::pitch_shift::+4st,classical_13,classical,pitch_shift,4.0,semitones,6.127621650695801,5.453732967376709,5.920238494873047,0.129561185836792,7.195889472961426,6.3556928634643555,6.821008205413818,0.045217037200927734,3.9566752910614014,4.208818435668945,4.127871036529541,0.045124173164367676,7.466575622558594,6.688582420349121,7.134539604187012,0.0569605827331543
classical_13::time_stretch::-20pct,classical_13,classical,time_stretch,-20.0,percent_tempo,6.127621650695801,6.090092182159424,6.104159355163574,-0.004697561264038086,7.195889472961426,6.982254505157471,7.106470108032227,0.01739811897277832,3.9566752910614014,3.69814133644104,3.8837454319000244,0.05633711814880371,7.466575622558594,7.105879306793213,7.328572750091553,0.042345285415649414
classical_13::time_stretch::-10pct,classical_13,classical,time_stretch,-10.0,percent_tempo,6.127621650695801,5.878314971923828,5.987426280975342,-0.015542030334472656,7.195889472961426,6.844107627868652,7.083284854888916,0.06328630447387695,3.9566752910614014,3.7291626930236816,3.8432822227478027,0.00036323070526123047,7.466575622558594,7.156519412994385,7.376483917236328,0.06493639945983887
classical_13::time_stretch::-5pct,classical_13,classical,time_stretch,-5.0,percent_tempo,6.127621650695801,6.1268157958984375,6.055805206298828,-0.07141351699829102,7.195889472961426,7.005071640014648,7.129012584686279,0.028532028198242188,3.9566752910614014,3.9014058113098145,3.8874669075012207,-0.04157364368438721,7.466575622558594,7.186011791229248,7.370407581329346,0.044113874435424805
classical_13::time_stretch::+5pct,classical_13,classical,time_stretch,5.0,percent_tempo,6.127621650695801,6.129295349121094,6.11242151260376,-0.0160369873046875,7.195889472961426,7.093458652496338,7.1307501792907715,-0.013923883438110352,3.9566752910614014,4.000742435455322,4.038649082183838,0.059940218925476074,7.466575622558594,7.347500801086426,7.42047119140625,0.013432979583740234
classical_13::time_stretch::+10pct,classical_13,classical,time_stretch,10.0,percent_tempo,6.127621650695801,5.673520565032959,5.882923126220703,-0.017647981643676758,7.195889472961426,6.56027364730835,6.9037885665893555,0.025707006454467773,3.9566752910614014,3.928010940551758,3.954256772994995,0.011913657188415527,7.466575622558594,6.6551313400268555,7.100284576416016,0.039431095123291016
classical_13::time_stretch::+20pct,classical_13,classical,time_stretch,20.0,percent_tempo,6.127621650695801,5.094264030456543,5.62372350692749,0.01278066635131836,7.195889472961426,6.318303108215332,6.797910213470459,0.04081392288208008,3.9566752910614014,4.3671722412109375,4.115139961242676,-0.04678380489349365,7.466575622558594,6.548382759094238,7.0500168800354,0.042537689208984375
classical_13::lowpass::lp8000,classical_13,classical,lowpass,8000.0,hz_cutoff,6.127621650695801,6.052468776702881,6.133458137512207,0.04341292381286621,7.195889472961426,7.114176273345947,7.209773063659668,0.054740190505981445,3.9566752910614014,3.983396291732788,3.9886367321014404,0.018600940704345703,7.466575622558594,7.375010013580322,7.471309185028076,0.050516366958618164
classical_13::lowpass::lp4000,classical_13,classical,lowpass,4000.0,hz_cutoff,6.127621650695801,6.231475830078125,6.221224308013916,0.041675567626953125,7.195889472961426,7.142457962036133,7.191963195800781,0.022789478302001953,3.9566752910614014,4.016531944274902,4.030826568603516,0.04422295093536377,7.466575622558594,7.416151523590088,7.496155261993408,0.05479168891906738
classical_13::lowpass::lp2000,classical_13,classical,lowpass,2000.0,hz_cutoff,6.127621650695801,6.330495834350586,6.35454797744751,0.1254892349243164,7.195889472961426,7.047541618347168,7.191344261169434,0.06962871551513672,3.9566752910614014,3.7793705463409424,3.985213041305542,0.11719012260437012,7.466575622558594,7.352166175842285,7.548916339874268,0.13954544067382812
classical_13::distortion::drv4,classical_13,classical,distortion,4.0,tanh_drive,6.127621650695801,6.132867813110352,6.145325660705566,0.015080928802490234,7.195889472961426,7.195136547088623,7.237247943878174,0.041734933853149414,3.9566752910614014,3.986969470977783,3.9745311737060547,0.0027087926864624023,7.466575622558594,7.46620512008667,7.509295463562012,0.04290509223937988
classical_13::distortion::drv12,classical_13,classical,distortion,12.0,tanh_drive,6.127621650695801,5.921079635620117,6.057472229003906,0.033121585845947266,7.195889472961426,7.058536529541016,7.1819257736206055,0.054712772369384766,3.9566752910614014,4.055873870849609,4.009673595428467,0.0033990144729614258,7.466575622558594,7.324706077575684,7.451770782470703,0.05612993240356445
classical_13::distortion::drv32,classical_13,classical,distortion,32.0,tanh_drive,6.127621650695801,5.4249186515808105,5.783127307891846,0.006857156753540039,7.195889472961426,6.45216178894043,6.852067470550537,0.028041839599609375,3.9566752910614014,4.318057060241699,4.135371685028076,-0.001994490623474121,7.466575622558594,6.822643280029297,7.139317989349365,-0.005291461944580078
classical_13::style_swap::swap_cross,classical_13,classical,style_swap,nan,cross_genre,6.127621650695801,6.087486267089844,6.241122245788574,0.13356828689575195,7.195889472961426,6.612194538116455,6.950041770935059,0.045999765396118164,3.9566752910614014,6.296848773956299,5.522869110107422,0.3961070775985718,7.466575622558594,6.583556652069092,7.193293571472168,0.1682274341583252
classical_13::style_swap::swap_same,classical_13,classical,style_swap,nan,same_genre,6.127621650695801,7.6721343994140625,6.878054141998291,-0.021823883056640625,7.195889472961426,7.9460554122924805,7.668744087219238,0.09777164459228516,3.9566752910614014,4.397449493408203,4.301159858703613,0.12409746646881104,7.466575622558594,8.12012767791748,7.934635162353516,0.14128351211547852
classical_14::control::ctrl,classical_14,classical,control,0.0,none,7.4789581298828125,7.4789581298828125,7.437901496887207,-0.04105663299560547,7.881994724273682,7.881994724273682,7.872331142425537,-0.009663581848144531,3.352543354034424,3.352543354034424,3.33840012550354,-0.014143228530883789,7.491574764251709,7.491574764251709,7.420413970947266,-0.07116079330444336
classical_14::pitch_shift::-4st,classical_14,classical,pitch_shift,-4.0,semitones,7.4789581298828125,7.365274429321289,7.393313884735107,-0.02880239486694336,7.881994724273682,7.875241756439209,7.85225772857666,-0.026360511779785156,3.352543354034424,3.2685389518737793,3.2945666313171387,-0.01597452163696289,7.491574764251709,7.071582794189453,7.1977410316467285,-0.08383774757385254
classical_14::pitch_shift::-2st,classical_14,classical,pitch_shift,-2.0,semitones,7.4789581298828125,7.2958502769470215,7.3724822998046875,-0.014921903610229492,7.881994724273682,7.8975443840026855,7.889427661895752,-0.0003418922424316406,3.352543354034424,3.1174635887145996,3.2440953254699707,0.009091854095458984,7.491574764251709,7.092874526977539,7.246896743774414,-0.04532790184020996
classical_14::pitch_shift::-1st,classical_14,classical,pitch_shift,-1.0,semitones,7.4789581298828125,7.454916000366211,7.433196544647217,-0.03374052047729492,7.881994724273682,7.9095025062561035,7.891749382019043,-0.003999233245849609,3.352543354034424,3.322889566421509,3.3166284561157227,-0.021088004112243652,7.491574764251709,7.33645486831665,7.355147838592529,-0.05886697769165039
classical_14::pitch_shift::+1st,classical_14,classical,pitch_shift,1.0,semitones,7.4789581298828125,7.43771505355835,7.420956134796143,-0.03738045692443848,7.881994724273682,7.871614456176758,7.8647541999816895,-0.012050390243530273,3.352543354034424,3.3387844562530518,3.307995080947876,-0.037668824195861816,7.491574764251709,7.4205546379089355,7.385605812072754,-0.07045888900756836
classical_14::pitch_shift::+2st,classical_14,classical,pitch_shift,2.0,semitones,7.4789581298828125,7.303314208984375,7.3653669357299805,-0.02576923370361328,7.881994724273682,7.823314189910889,7.8401408195495605,-0.01251363754272461,3.352543354034424,3.2613372802734375,3.2744195461273193,-0.03252077102661133,7.491574764251709,7.251440048217773,7.32350492477417,-0.04800248146057129
classical_14::pitch_shift::+4st,classical_14,classical,pitch_shift,4.0,semitones,7.4789581298828125,7.1755475997924805,7.339956760406494,0.012703895568847656,7.881994724273682,7.742722511291504,7.811976432800293,-0.0003821849822998047,3.352543354034424,3.4199678897857666,3.3764517307281494,-0.0098038911819458,7.491574764251709,7.190604209899902,7.304055690765381,-0.037033796310424805
classical_14::time_stretch::-20pct,classical_14,classical,time_stretch,-20.0,percent_tempo,7.4789581298828125,7.505092620849609,7.453286647796631,-0.03873872756958008,7.881994724273682,7.826213359832764,7.842986106872559,-0.011117935180664062,3.352543354034424,3.6337480545043945,3.453512668609619,-0.03963303565979004,7.491574764251709,7.387733459472656,7.350458145141602,-0.08919596672058105
classical_14::time_stretch::-10pct,classical_14,classical,time_stretch,-10.0,percent_tempo,7.4789581298828125,7.553599834442139,7.475571155548096,-0.04070782661437988,7.881994724273682,7.935690879821777,7.901128768920898,-0.007714033126831055,3.352543354034424,3.554851770401001,3.420450448989868,-0.03324711322784424,7.491574764251709,7.5984883308410645,7.458700180053711,-0.08633136749267578
classical_14::time_stretch::-5pct,classical_14,classical,time_stretch,-5.0,percent_tempo,7.4789581298828125,7.487271308898926,7.434885025024414,-0.04822969436645508,7.881994724273682,7.905318260192871,7.8820390701293945,-0.011617422103881836,3.352543354034424,3.589232921600342,3.409775495529175,-0.06111264228820801,7.491574764251709,7.505006790161133,7.403872966766357,-0.09441781044006348
classical_14::time_stretch::+5pct,classical_14,classical,time_stretch,5.0,percent_tempo,7.4789581298828125,7.561445236206055,7.4951171875,-0.025084495544433594,7.881994724273682,7.911888122558594,7.8926568031311035,-0.00428462028503418,3.352543354034424,3.5928523540496826,3.4383206367492676,-0.034377217292785645,7.491574764251709,7.494071006774902,7.443081378936768,-0.049741506576538086
classical_14::time_stretch::+10pct,classical_14,classical,time_stretch,10.0,percent_tempo,7.4789581298828125,7.549383163452148,7.481080055236816,-0.03309059143066406,7.881994724273682,7.9087347984313965,7.880772113800049,-0.014592647552490234,3.352543354034424,3.416593074798584,3.406961679458618,0.022393465042114258,7.491574764251709,7.507212162017822,7.427971363067627,-0.07142210006713867
classical_14::time_stretch::+20pct,classical_14,classical,time_stretch,20.0,percent_tempo,7.4789581298828125,7.58443546295166,7.496244430541992,-0.03545236587524414,7.881994724273682,7.915251731872559,7.882045269012451,-0.016577959060668945,3.352543354034424,3.507885217666626,3.4609968662261963,0.030782580375671387,7.491574764251709,7.547274589538574,7.431979656219482,-0.08744502067565918
classical_14::lowpass::lp8000,classical_14,classical,lowpass,8000.0,hz_cutoff,7.4789581298828125,7.4891743659973145,7.447545528411865,-0.03652071952819824,7.881994724273682,7.894264221191406,7.870131015777588,-0.017998456954956055,3.352543354034424,3.324460983276367,3.313901424407959,-0.024600744247436523,7.491574764251709,7.494972229003906,7.40299654006958,-0.09027695655822754
classical_14::lowpass::lp4000,classical_14,classical,lowpass,4000.0,hz_cutoff,7.4789581298828125,7.495209693908691,7.445561408996582,-0.04152250289916992,7.881994724273682,7.894484519958496,7.864808082580566,-0.02343153953552246,3.352543354034424,3.3886032104492188,3.344388246536255,-0.026185035705566406,7.491574764251709,7.4984235763549805,7.406735897064209,-0.08826327323913574
classical_14::lowpass::lp2000,classical_14,classical,lowpass,2000.0,hz_cutoff,7.4789581298828125,7.386749267578125,7.407418251037598,-0.025435447692871094,7.881994724273682,7.774026870727539,7.812190055847168,-0.015820741653442383,3.352543354034424,3.491191864013672,3.44245982170105,0.020592212677001953,7.491574764251709,7.124262809753418,7.238974094390869,-0.06894469261169434
classical_14::distortion::drv4,classical_14,classical,distortion,4.0,tanh_drive,7.4789581298828125,7.164320468902588,7.253162860870361,-0.06847643852233887,7.881994724273682,7.707164764404297,7.762888431549072,-0.03169131278991699,3.352543354034424,3.8146159648895264,3.496852159500122,-0.08672749996185303,7.491574764251709,7.166079998016357,7.19734525680542,-0.13148212432861328
classical_14::distortion::drv12,classical_14,classical,distortion,12.0,tanh_drive,7.4789581298828125,5.790789604187012,6.54221248626709,-0.09266138076782227,7.881994724273682,6.998249053955078,7.370662689208984,-0.06945919990539551,3.352543354034424,3.9686124324798584,3.811491012573242,0.15091311931610107,7.491574764251709,6.230230808258057,6.726552963256836,-0.13434982299804688
classical_14::distortion::drv32,classical_14,classical,distortion,32.0,tanh_drive,7.4789581298828125,4.099820137023926,5.8263983726501465,0.037009239196777344,7.881994724273682,6.309601783752441,7.069112777709961,-0.026685476303100586,3.352543354034424,3.8821065425872803,4.146979331970215,0.5296543836593628,7.491574764251709,5.484349250793457,6.479390621185303,-0.008571386337280273
classical_14::style_swap::swap_cross,classical_14,classical,style_swap,nan,cross_genre,7.4789581298828125,5.809095859527588,6.704104900360107,0.06007790565490723,7.881994724273682,6.659851551055908,7.373991966247559,0.10306882858276367,3.352543354034424,3.374270439147949,4.211896896362305,0.8484899997711182,7.491574764251709,6.935240745544434,7.472807884216309,0.2594001293182373
classical_14::style_swap::swap_same,classical_14,classical,style_swap,nan,same_genre,7.4789581298828125,5.114603042602539,6.532182693481445,0.23540210723876953,7.881994724273682,6.100657939910889,7.229447364807129,0.23812103271484375,3.352543354034424,4.160192012786865,4.329404830932617,0.5730371475219727,7.491574764251709,6.286527633666992,7.286176681518555,0.3971254825592041
classical_15::control::ctrl,classical_15,classical,control,0.0,none,5.88605260848999,5.88605260848999,5.774282455444336,-0.1117701530456543,5.386019706726074,5.386019706726074,5.40447998046875,0.01846027374267578,1.6528184413909912,1.6528184413909912,1.6888885498046875,0.03607010841369629,7.016153812408447,7.016153812408447,7.13537073135376,0.1192169189453125
classical_15::pitch_shift::-4st,classical_15,classical,pitch_shift,-4.0,semitones,5.88605260848999,4.3137664794921875,5.4136152267456055,0.3137056827545166,5.386019706726074,4.78579568862915,5.051429748535156,-0.034477949142456055,1.6528184413909912,1.702134132385254,1.8395198583602905,0.16204357147216797,7.016153812408447,6.206953048706055,6.741716384887695,0.13016295433044434
classical_15::pitch_shift::-2st,classical_15,classical,pitch_shift,-2.0,semitones,5.88605260848999,5.888365268707275,5.931069374084473,0.043860435485839844,5.386019706726074,5.325301647186279,5.231654644012451,-0.12400603294372559,1.6528184413909912,1.5586271286010742,1.7086371183395386,0.10291433334350586,7.016153812408447,6.90321683883667,7.003012180328369,0.04332685470581055
classical_15::pitch_shift::-1st,classical_15,classical,pitch_shift,-1.0,semitones,5.88605260848999,5.980813026428223,5.937654495239258,0.004221677780151367,5.386019706726074,5.64774227142334,5.411475658416748,-0.10540533065795898,1.6528184413909912,1.5784376859664917,1.6935734748840332,0.07794541120529175,7.016153812408447,7.014965534210205,7.075399398803711,0.059839725494384766
classical_15::pitch_shift::+1st,classical_15,classical,pitch_shift,1.0,semitones,5.88605260848999,5.8982319831848145,5.805853843688965,-0.0862884521484375,5.386019706726074,5.088807106018066,5.184444904327393,-0.052968502044677734,1.6528184413909912,1.7628734111785889,1.7673025131225586,0.059456586837768555,7.016153812408447,6.388281345367432,6.7578864097595215,0.05566883087158203
classical_15::pitch_shift::+2st,classical_15,classical,pitch_shift,2.0,semitones,5.88605260848999,5.82227897644043,5.84552001953125,-0.008645772933959961,5.386019706726074,5.065469264984131,5.20129919052124,-0.024445295333862305,1.6528184413909912,1.7074706554412842,1.7307690382003784,0.05062448978424072,7.016153812408447,6.435410976409912,6.808827877044678,0.08304548263549805
classical_15::pitch_shift::+4st,classical_15,classical,pitch_shift,4.0,semitones,5.88605260848999,6.019896984100342,5.799984455108643,-0.15299034118652344,5.386019706726074,5.410511016845703,5.327154636383057,-0.07111072540283203,1.6528184413909912,1.9840108156204224,1.9039617776870728,0.08554714918136597,7.016153812408447,6.6281538009643555,6.938324451446533,0.11617064476013184
classical_15::time_stretch::-20pct,classical_15,classical,time_stretch,-20.0,percent_tempo,5.88605260848999,6.06994104385376,5.964080333709717,-0.013916492462158203,5.386019706726074,5.183701038360596,5.26527738571167,-0.01958298683166504,1.6528184413909912,1.8133066892623901,1.8269500732421875,0.09388750791549683,7.016153812408447,6.461485385894775,6.9161272048950195,0.1773076057434082
classical_15::time_stretch::-10pct,classical_15,classical,time_stretch,-10.0,percent_tempo,5.88605260848999,6.298995018005371,6.198566913604736,0.10604310035705566,5.386019706726074,5.300108909606934,5.362730503082275,0.019666194915771484,1.6528184413909912,1.8133842945098877,1.7798560857772827,0.04675471782684326,7.016153812408447,6.821036338806152,7.069941997528076,0.15134692192077637
classical_15::time_stretch::-5pct,classical_15,classical,time_stretch,-5.0,percent_tempo,5.88605260848999,6.213991165161133,6.104625225067139,0.05460333824157715,5.386019706726074,5.468221664428711,5.460851669311523,0.03373098373413086,1.6528184413909912,1.7239434719085693,1.7344118356704712,0.04603087902069092,7.016153812408447,6.840545654296875,7.114977836608887,0.18662810325622559
classical_15::time_stretch::+5pct,classical_15,classical,time_stretch,5.0,percent_tempo,5.88605260848999,5.790674209594727,5.804348945617676,-0.03401446342468262,5.386019706726074,5.0249247550964355,5.256959438323975,0.05148720741271973,1.6528184413909912,1.6440742015838623,1.690398931503296,0.04195261001586914,7.016153812408447,6.4436445236206055,6.918093681335449,0.18819451332092285
classical_15::time_stretch::+10pct,classical_15,classical,time_stretch,10.0,percent_tempo,5.88605260848999,6.152044296264648,5.957908630371094,-0.061139822006225586,5.386019706726074,4.83984375,5.163660049438477,0.05072832107543945,1.6528184413909912,1.7920159101486206,1.7420709133148193,0.019653737545013428,7.016153812408447,6.213766098022461,6.859930992126465,0.24497103691101074
classical_15::time_stretch::+20pct,classical_15,classical,time_stretch,20.0,percent_tempo,5.88605260848999,5.763075351715088,5.7929911613464355,-0.031572818756103516,5.386019706726074,4.351165294647217,4.951557636260986,0.08296513557434082,1.6528184413909912,1.7925435304641724,1.7468558549880981,0.024174869060516357,7.016153812408447,5.571426868438721,6.563648700714111,0.26985836029052734
classical_15::lowpass::lp8000,classical_15,classical,lowpass,8000.0,hz_cutoff,5.88605260848999,5.822057247161865,5.735879421234131,-0.11817550659179688,5.386019706726074,5.330832481384277,5.395847797393799,0.03742170333862305,1.6528184413909912,1.6424078941345215,1.688569188117981,0.04095602035522461,7.016153812408447,6.954339027404785,7.110189437866211,0.12494301795959473
classical_15::lowpass::lp4000,classical_15,classical,lowpass,4000.0,hz_cutoff,5.88605260848999,6.088428974151611,5.8366851806640625,-0.15055561065673828,5.386019706726074,5.52017879486084,5.476556301116943,0.023457050323486328,1.6528184413909912,1.6008802652359009,1.6822911500930786,0.05544179677963257,7.016153812408447,6.808172225952148,7.099940776824951,0.18777775764465332
classical_15::lowpass::lp2000,classical_15,classical,lowpass,2000.0,hz_cutoff,5.88605260848999,5.611104488372803,5.604804515838623,-0.14377403259277344,5.386019706726074,5.088350772857666,5.313680171966553,0.07649493217468262,1.6528184413909912,1.6102356910705566,1.6567516326904297,0.02522456645965576,7.016153812408447,6.509435653686523,6.942010402679443,0.179215669631958
classical_15::distortion::drv4,classical_15,classical,distortion,4.0,tanh_drive,5.88605260848999,5.885234355926514,5.774899005889893,-0.11074447631835938,5.386019706726074,5.383436679840088,5.403886318206787,0.019158124923706055,1.6528184413909912,1.6539047956466675,1.689611554145813,0.03624993562698364,7.016153812408447,7.014889240264893,7.13444185256958,0.11892032623291016
classical_15::distortion::drv12,classical_15,classical,distortion,12.0,tanh_drive,5.88605260848999,5.872029781341553,5.77742338180542,-0.10161781311035156,5.386019706726074,5.383665084838867,5.408436298370361,0.023593902587890625,1.6528184413909912,1.6642934083938599,1.6934291124343872,0.03487318754196167,7.016153812408447,7.012446403503418,7.133047103881836,0.11874699592590332
classical_15::distortion::drv32,classical_15,classical,distortion,32.0,tanh_drive,5.88605260848999,5.752106666564941,5.73394775390625,-0.08513188362121582,5.386019706726074,5.217442035675049,5.341944694519043,0.040213823318481445,1.6528184413909912,1.7292119264602661,1.7190560102462769,0.028040826320648193,7.016153812408447,6.886523723602295,7.055322647094727,0.10398387908935547
classical_15::style_swap::swap_cross,classical_15,classical,style_swap,nan,cross_genre,5.88605260848999,3.438992500305176,4.821074962615967,0.1585524082183838,5.386019706726074,5.1767730712890625,5.162970542907715,-0.11842584609985352,1.6528184413909912,3.5034141540527344,2.7660608291625977,0.18794453144073486,7.016153812408447,6.333012580871582,6.638063430786133,-0.036519765853881836
classical_15::style_swap::swap_same,classical_15,classical,style_swap,nan,same_genre,5.88605260848999,6.206943511962891,6.425363063812256,0.37886500358581543,5.386019706726074,7.273056983947754,6.74485445022583,0.415316104888916,1.6528184413909912,3.8841590881347656,3.7169456481933594,0.948456883430481,7.016153812408447,7.5970964431762695,7.650775909423828,0.3441507816314697
ambient_01::control::ctrl,ambient_01,ambient,control,0.0,none,3.2791237831115723,3.2791237831115723,3.2227256298065186,-0.05639815330505371,3.88564395904541,3.88564395904541,3.7912440299987793,-0.09439992904663086,4.671854019165039,4.671854019165039,4.585253715515137,-0.08660030364990234,5.2127909660339355,5.2127909660339355,5.163012981414795,-0.049777984619140625
ambient_01::pitch_shift::-4st,ambient_01,ambient,pitch_shift,-4.0,semitones,3.2791237831115723,3.074326276779175,3.101162910461426,-0.07556211948394775,3.88564395904541,4.028344631195068,3.829646110534668,-0.1273481845855713,4.671854019165039,4.244678020477295,4.571540832519531,0.11327481269836426,5.2127909660339355,5.219437599182129,5.091353893280029,-0.12476038932800293
ambient_01::pitch_shift::-2st,ambient_01,ambient,pitch_shift,-2.0,semitones,3.2791237831115723,2.8697612285614014,2.9915895462036133,-0.08285295963287354,3.88564395904541,3.389862060546875,3.4942567348480225,-0.14349627494812012,4.671854019165039,5.044353485107422,4.82650089263916,-0.03160285949707031,5.2127909660339355,4.6992340087890625,4.8553924560546875,-0.10062003135681152
ambient_01::pitch_shift::-1st,ambient_01,ambient,pitch_shift,-1.0,semitones,3.2791237831115723,2.815995693206787,2.9780259132385254,-0.0695338249206543,3.88564395904541,3.381364583969116,3.5821893215179443,-0.05131494998931885,4.671854019165039,5.181382179260254,4.805569171905518,-0.1210489273071289,5.2127909660339355,4.657872200012207,4.899057865142822,-0.03627371788024902
ambient_01::pitch_shift::+1st,ambient_01,ambient,pitch_shift,1.0,semitones,3.2791237831115723,2.7718141078948975,2.942802667617798,-0.08266627788543701,3.88564395904541,3.345574378967285,3.502925157546997,-0.11268401145935059,4.671854019165039,5.883042335510254,5.1171112060546875,-0.16033697128295898,5.2127909660339355,4.415541172027588,4.736623764038086,-0.07754230499267578
ambient_01::pitch_shift::+2st,ambient_01,ambient,pitch_shift,2.0,semitones,3.2791237831115723,2.790510416030884,2.9476327896118164,-0.08718430995941162,3.88564395904541,2.9831998348236084,3.2607245445251465,-0.1736973524093628,4.671854019165039,5.793070316314697,5.111100196838379,-0.12136197090148926,5.2127909660339355,4.309335708618164,4.61538028717041,-0.14568305015563965
ambient_01::pitch_shift::+4st,ambient_01,ambient,pitch_shift,4.0,semitones,3.2791237831115723,2.906137704849243,2.9898741245269775,-0.10275661945343018,3.88564395904541,3.229562282562256,3.4057469367980957,-0.1518561840057373,4.671854019165039,5.329111099243164,4.997454643249512,-0.0030279159545898438,5.2127909660339355,4.505974292755127,4.735360622406006,-0.12402200698852539
ambient_01::time_stretch::-20pct,ambient_01,ambient,time_stretch,-20.0,percent_tempo,3.2791237831115723,2.963517904281616,3.0876624584198,-0.033658385276794434,3.88564395904541,3.4740946292877197,3.593872308731079,-0.08599698543548584,4.671854019165039,4.787292957305908,4.612538814544678,-0.1170346736907959,5.2127909660339355,4.908306121826172,5.01792049407959,-0.04262804985046387
ambient_01::time_stretch::-10pct,ambient_01,ambient,time_stretch,-10.0,percent_tempo,3.2791237831115723,3.0053584575653076,3.0874650478363037,-0.05477607250213623,3.88564395904541,3.488349676132202,3.6484375,-0.03855931758880615,4.671854019165039,5.846295356750488,5.072480201721191,-0.18659448623657227,5.2127909660339355,4.696932792663574,4.898273468017578,-0.05658841133117676
ambient_01::time_stretch::-5pct,ambient_01,ambient,time_stretch,-5.0,percent_tempo,3.2791237831115723,2.8218750953674316,2.9779441356658936,-0.0725553035736084,3.88564395904541,3.150068759918213,3.469064474105835,-0.04879188537597656,4.671854019165039,5.595982551574707,4.9896721839904785,-0.14424610137939453,5.2127909660339355,4.482134819030762,4.788269519805908,-0.05919337272644043
ambient_01::time_stretch::+5pct,ambient_01,ambient,time_stretch,5.0,percent_tempo,3.2791237831115723,2.972287893295288,3.0363705158233643,-0.08933532238006592,3.88564395904541,3.2581660747528076,3.4812023639678955,-0.09070265293121338,4.671854019165039,5.491933822631836,4.937982559204102,-0.14391136169433594,5.2127909660339355,4.661651611328125,4.866921424865723,-0.07029986381530762
ambient_01::time_stretch::+10pct,ambient_01,ambient,time_stretch,10.0,percent_tempo,3.2791237831115723,3.018781900405884,3.0785582065582275,-0.07039463520050049,3.88564395904541,3.531982660293579,3.659698247909546,-0.04911506175994873,4.671854019165039,5.421093463897705,4.824672222137451,-0.2218015193939209,5.2127909660339355,4.899970054626465,4.999965667724609,-0.05641484260559082
ambient_01::time_stretch::+20pct,ambient_01,ambient,time_stretch,20.0,percent_tempo,3.2791237831115723,2.7776050567626953,2.9632556438446045,-0.0651087760925293,3.88564395904541,2.9955451488494873,3.3781559467315674,-0.06243860721588135,4.671854019165039,5.404985427856445,4.729473114013672,-0.3089466094970703,5.2127909660339355,4.387328147888184,4.769680976867676,-0.03037858009338379
ambient_01::lowpass::lp8000,ambient_01,ambient,lowpass,8000.0,hz_cutoff,3.2791237831115723,3.1770782470703125,3.167935371398926,-0.0601656436920166,3.88564395904541,3.6824705600738525,3.6963613033294678,-0.08769595623016357,4.671854019165039,4.499332904815674,4.539611339569092,-0.04598212242126465,5.2127909660339355,5.062189102172852,5.069342613220215,-0.06814742088317871
ambient_01::lowpass::lp4000,ambient_01,ambient,lowpass,4000.0,hz_cutoff,3.2791237831115723,2.9796338081359863,3.127040147781372,-0.0023386478424072266,3.88564395904541,3.268235683441162,3.6774885654449463,0.10054874420166016,4.671854019165039,4.433399200439453,4.536193370819092,-0.016433238983154297,5.2127909660339355,4.696732997894287,5.035424709320068,0.08066272735595703
ambient_01::lowpass::lp2000,ambient_01,ambient,lowpass,2000.0,hz_cutoff,3.2791237831115723,2.6675925254821777,2.968130111694336,-0.0052280426025390625,3.88564395904541,3.0087504386901855,3.534503221511841,0.08730602264404297,4.671854019165039,3.9968392848968506,4.225070476531982,-0.1092761754989624,5.2127909660339355,4.443109035491943,4.91457986831665,0.08662986755371094
ambient_01::distortion::drv4,ambient_01,ambient,distortion,4.0,tanh_drive,3.2791237831115723,2.8447136878967285,2.997499942779541,-0.06441879272460938,3.88564395904541,2.882344961166382,3.2448840141296387,-0.13911044597625732,4.671854019165039,4.502148628234863,4.570886135101318,-0.016115188598632812,5.2127909660339355,4.255249977111816,4.660164833068848,-0.07385563850402832
ambient_01::distortion::drv12,ambient_01,ambient,distortion,12.0,tanh_drive,3.2791237831115723,1.8563138246536255,2.5142359733581543,-0.05348283052444458,3.88564395904541,2.4911532402038574,2.9074671268463135,-0.2809314727783203,4.671854019165039,3.256382942199707,3.9227848052978516,-0.041333675384521484,5.2127909660339355,3.6684467792510986,4.344167709350586,-0.09645116329193115
ambient_01::distortion::drv32,ambient_01,ambient,distortion,32.0,tanh_drive,3.2791237831115723,1.3958461284637451,2.3361175060272217,-0.0013674497604370117,3.88564395904541,2.4091415405273438,2.9007298946380615,-0.24666285514831543,4.671854019165039,3.1847450733184814,4.00354528427124,0.07524573802947998,5.2127909660339355,3.3379695415496826,4.225413799285889,-0.04996645450592041
ambient_01::style_swap::swap_cross,ambient_01,ambient,style_swap,nan,cross_genre,3.2791237831115723,7.638339996337891,4.953897476196289,-0.5048344135284424,3.88564395904541,7.577621936798096,5.201446056365967,-0.5301868915557861,4.671854019165039,6.119891166687012,5.787353515625,0.3914809226989746,5.2127909660339355,7.219018936157227,5.864304542541504,-0.35160040855407715
ambient_01::style_swap::swap_same,ambient_01,ambient,style_swap,nan,same_genre,3.2791237831115723,5.5662617683410645,4.19896936416626,-0.2237234115600586,3.88564395904541,6.9377241134643555,5.204588890075684,-0.20709514617919922,4.671854019165039,4.475956439971924,4.6977667808532715,0.12386155128479004,5.2127909660339355,7.169271469116211,6.157668590545654,-0.033362627029418945
ambient_02::control::ctrl,ambient_02,ambient,control,0.0,none,3.3522071838378906,3.3522071838378906,3.2128591537475586,-0.13934803009033203,4.954855442047119,4.954855442047119,4.867347240447998,-0.0875082015991211,4.964177131652832,4.964177131652832,5.0386881828308105,0.07451105117797852,5.661196231842041,5.661196231842041,5.616315841674805,-0.04488039016723633
ambient_02::pitch_shift::-4st,ambient_02,ambient,pitch_shift,-4.0,semitones,3.3522071838378906,3.47037410736084,3.2583634853363037,-0.15292716026306152,4.954855442047119,4.673341274261475,4.785626411437988,-0.028471946716308594,4.964177131652832,4.616521835327148,4.718266487121582,-0.0720829963684082,5.661196231842041,5.24716329574585,5.395310878753662,-0.0588688850402832
ambient_02::pitch_shift::-2st,ambient_02,ambient,pitch_shift,-2.0,semitones,3.3522071838378906,3.09763765335083,3.070643186569214,-0.15427923202514648,4.954855442047119,4.398118019104004,4.633857250213623,-0.04262948036193848,4.964177131652832,4.962737560272217,4.945491313934326,-0.017966032028198242,5.661196231842041,4.9382195472717285,5.228224754333496,-0.07148313522338867
ambient_02::pitch_shift::-1st,ambient_02,ambient,pitch_shift,-1.0,semitones,3.3522071838378906,3.473496198654175,3.2590460777282715,-0.15380561351776123,4.954855442047119,4.625147819519043,4.765435218811035,-0.0245664119720459,4.964177131652832,5.468177318572998,5.1724090576171875,-0.04376816749572754,5.661196231842041,5.2211785316467285,5.383650779724121,-0.05753660202026367
ambient_02::pitch_shift::+1st,ambient_02,ambient,pitch_shift,1.0,semitones,3.3522071838378906,3.335714101791382,3.1601576805114746,-0.18380296230316162,4.954855442047119,4.651994228363037,4.728219509124756,-0.07520532608032227,4.964177131652832,5.5292840003967285,5.143919944763184,-0.10281062126159668,5.661196231842041,5.178877830505371,5.326096057891846,-0.09394097328186035
ambient_02::pitch_shift::+2st,ambient_02,ambient,pitch_shift,2.0,semitones,3.3522071838378906,3.253889560699463,3.161320209503174,-0.14172816276550293,4.954855442047119,4.393674373626709,4.5930280685424805,-0.0812368392944336,4.964177131652832,5.2115960121154785,4.991329193115234,-0.0965573787689209,5.661196231842041,4.982608318328857,5.2578325271606445,-0.06406974792480469
ambient_02::pitch_shift::+4st,ambient_02,ambient,pitch_shift,4.0,semitones,3.3522071838378906,3.5408411026000977,3.295151710510254,-0.15137243270874023,4.954855442047119,4.622387409210205,4.73354959487915,-0.05507183074951172,4.964177131652832,5.084897041320801,4.993261337280273,-0.03127574920654297,5.661196231842041,5.13920259475708,5.385429382324219,-0.014770030975341797
ambient_02::time_stretch::-20pct,ambient_02,ambient,time_stretch,-20.0,percent_tempo,3.3522071838378906,3.470081329345703,3.2131059169769287,-0.19803833961486816,4.954855442047119,4.5506486892700195,4.6257100105285645,-0.12704205513000488,4.964177131652832,5.14974308013916,5.013818264007568,-0.043141841888427734,5.661196231842041,5.255908966064453,5.364834785461426,-0.09371781349182129
ambient_02::time_stretch::-10pct,ambient_02,ambient,time_stretch,-10.0,percent_tempo,3.3522071838378906,3.399214029312134,3.226778745651245,-0.1489318609237671,4.954855442047119,4.641926288604736,4.7362284660339355,-0.06216239929199219,4.964177131652832,5.5280609130859375,5.089229106903076,-0.1568899154663086,5.661196231842041,5.264358997344971,5.40436315536499,-0.058414459228515625
ambient_02::time_stretch::-5pct,ambient_02,ambient,time_stretch,-5.0,percent_tempo,3.3522071838378906,3.5261378288269043,3.270740509033203,-0.16843199729919434,4.954855442047119,4.858361721038818,4.883607864379883,-0.023000717163085938,4.964177131652832,5.424901962280273,5.12038516998291,-0.07415437698364258,5.661196231842041,5.332304000854492,5.434708118438721,-0.0620419979095459
ambient_02::time_stretch::+5pct,ambient_02,ambient,time_stretch,5.0,percent_tempo,3.3522071838378906,3.5071444511413574,3.2921531200408936,-0.13752269744873047,4.954855442047119,4.850836277008057,4.879297256469727,-0.023548603057861328,4.964177131652832,5.274346351623535,5.048389434814453,-0.07087230682373047,5.661196231842041,5.446712493896484,5.500271797180176,-0.053682565689086914
ambient_02::time_stretch::+10pct,ambient_02,ambient,time_stretch,10.0,percent_tempo,3.3522071838378906,3.2216439247131348,3.174683094024658,-0.11224246025085449,4.954855442047119,4.603695869445801,4.759357929229736,-0.019917726516723633,4.964177131652832,5.072419166564941,4.946287155151367,-0.07201099395751953,5.661196231842041,5.1891069412231445,5.383294582366943,-0.041857004165649414
ambient_02::time_stretch::+20pct,ambient_02,ambient,time_stretch,20.0,percent_tempo,3.3522071838378906,3.2547607421875,3.1436922550201416,-0.1597917079925537,4.954855442047119,4.702476501464844,4.784119606018066,-0.04454636573791504,4.964177131652832,4.908031940460205,4.783761501312256,-0.1523430347442627,5.661196231842041,5.340929985046387,5.43538236618042,-0.06568074226379395
ambient_02::lowpass::lp8000,ambient_02,ambient,lowpass,8000.0,hz_cutoff,3.3522071838378906,3.336414337158203,3.2056984901428223,-0.1386122703552246,4.954855442047119,4.921250343322754,4.859642505645752,-0.07841038703918457,4.964177131652832,5.026374340057373,5.043355464935303,0.048079729080200195,5.661196231842041,5.651122093200684,5.603273868560791,-0.05288529396057129
ambient_02::lowpass::lp4000,ambient_02,ambient,lowpass,4000.0,hz_cutoff,3.3522071838378906,2.7985920906066895,3.025341510772705,-0.05005812644958496,4.954855442047119,4.662694931030273,4.782436847686768,-0.02633833885192871,4.964177131652832,4.16792106628418,4.692384243011475,0.12633514404296875,5.661196231842041,5.001105785369873,5.3519182205200195,0.0207672119140625
ambient_02::lowpass::lp2000,ambient_02,ambient,lowpass,2000.0,hz_cutoff,3.3522071838378906,2.701772928237915,3.0264365673065186,-0.0005534887313842773,4.954855442047119,4.267253398895264,4.713522911071777,0.10246849060058594,4.964177131652832,2.644394636154175,3.900775909423828,0.09649002552032471,5.661196231842041,4.907880783081055,5.355214595794678,0.07067608833312988
ambient_02::distortion::drv4,ambient_02,ambient,distortion,4.0,tanh_drive,3.3522071838378906,2.775722026824951,2.9341564178466797,-0.1298081874847412,4.954855442047119,4.101999282836914,4.451886177062988,-0.07654118537902832,4.964177131652832,4.849420547485352,4.883897304534912,-0.022901535034179688,5.661196231842041,4.858804225921631,5.16069221496582,-0.09930801391601562
ambient_02::distortion::drv12,ambient_02,ambient,distortion,12.0,tanh_drive,3.3522071838378906,1.7146613597869873,2.5270869731903076,-0.006347298622131348,4.954855442047119,2.5496909618377686,3.850541353225708,0.09826815128326416,4.964177131652832,3.367262840270996,4.053719520568848,-0.1120004653930664,5.661196231842041,3.698472023010254,4.696678638458252,0.016844511032104492
ambient_02::distortion::drv32,ambient_02,ambient,distortion,32.0,tanh_drive,3.3522071838378906,1.3842554092407227,2.3795008659362793,0.011269569396972656,4.954855442047119,2.347320079803467,3.754690647125244,0.10360288619995117,4.964177131652832,2.726273536682129,3.7641658782958984,-0.08105945587158203,5.661196231842041,3.3066961765289307,4.5615234375,0.07757723331451416
ambient_02::style_swap::swap_cross,ambient_02,ambient,style_swap,nan,cross_genre,3.3522071838378906,7.6202392578125,5.1346564292907715,-0.35156679153442383,4.954855442047119,8.15005874633789,6.4754438400268555,-0.07701325416564941,4.964177131652832,5.855332374572754,5.803569316864014,0.3938145637512207,5.661196231842041,7.906928539276123,6.7314887046813965,-0.05257368087768555
ambient_02::style_swap::swap_same,ambient_02,ambient,style_swap,nan,same_genre,3.3522071838378906,7.439777851104736,5.097822189331055,-0.2981703281402588,4.954855442047119,8.04503059387207,6.476048469543457,-0.023894548416137695,4.964177131652832,4.287417411804199,4.8850297927856445,0.2592325210571289,5.661196231842041,8.083179473876953,6.820736408233643,-0.05145144462585449
ambient_03::control::ctrl,ambient_03,ambient,control,0.0,none,7.110215187072754,7.126124382019043,6.981412410736084,-0.13675737380981445,7.583134651184082,7.604405403137207,7.587271213531494,-0.006498813629150391,5.987785816192627,5.9835405349731445,5.937631607055664,-0.04803156852722168,7.111914157867432,7.183664321899414,7.163334369659424,0.015545129776000977
ambient_03::pitch_shift::-4st,ambient_03,ambient,pitch_shift,-4.0,semitones,7.110215187072754,7.082712173461914,7.086248397827148,-0.010215282440185547,7.583134651184082,7.723200798034668,7.726804733276367,0.07363700866699219,5.987785816192627,6.053100109100342,6.022751808166504,0.0023088455200195312,7.111914157867432,7.645073413848877,7.549404621124268,0.17091083526611328
ambient_03::pitch_shift::-2st,ambient_03,ambient,pitch_shift,-2.0,semitones,7.110215187072754,7.0080885887146,7.033401966094971,-0.025749921798706055,7.583134651184082,7.608113765716553,7.654605865478516,0.05898165702819824,5.987785816192627,6.065237045288086,6.048393726348877,0.021882295608520508,7.111914157867432,7.4365458488464355,7.4406633377075195,0.16643333435058594
ambient_03::pitch_shift::-1st,ambient_03,ambient,pitch_shift,-1.0,semitones,7.110215187072754,7.312485694885254,7.165562629699707,-0.045787811279296875,7.583134651184082,7.8223652839660645,7.745721817016602,0.04297184944152832,5.987785816192627,6.194018840789795,6.071437835693359,-0.019464492797851562,7.111914157867432,7.706454277038574,7.521230220794678,0.1120460033416748
ambient_03::pitch_shift::+1st,ambient_03,ambient,pitch_shift,1.0,semitones,7.110215187072754,7.302017688751221,7.1655192375183105,-0.04059720039367676,7.583134651184082,7.811867713928223,7.73018741607666,0.03268623352050781,5.987785816192627,6.023275375366211,5.988104820251465,-0.0174257755279541,7.111914157867432,7.605867385864258,7.45239782333374,0.09350705146789551
ambient_03::pitch_shift::+2st,ambient_03,ambient,pitch_shift,2.0,semitones,7.110215187072754,7.2588653564453125,7.112674713134766,-0.07186555862426758,7.583134651184082,7.71522855758667,7.6797404289245605,0.03055882453918457,5.987785816192627,6.055322170257568,5.995718955993652,-0.025835037231445312,7.111914157867432,7.5053629875183105,7.4242730140686035,0.11563444137573242
ambient_03::pitch_shift::+4st,ambient_03,ambient,pitch_shift,4.0,semitones,7.110215187072754,6.880436420440674,6.966136455535889,-0.029189348220825195,7.583134651184082,7.364718437194824,7.542862415313721,0.06893587112426758,5.987785816192627,5.723730087280273,5.876700401306152,0.02094244956970215,7.111914157867432,6.982000350952148,7.23956298828125,0.19260573387145996
ambient_03::time_stretch::-20pct,ambient_03,ambient,time_stretch,-20.0,percent_tempo,7.110215187072754,7.099030494689941,7.029496192932129,-0.07512664794921875,7.583134651184082,7.570525169372559,7.6128339767456055,0.036004066467285156,5.987785816192627,6.050414562225342,6.009585380554199,-0.009514808654785156,7.111914157867432,7.410915374755859,7.378713607788086,0.11729884147644043
ambient_03::time_stretch::-10pct,ambient_03,ambient,time_stretch,-10.0,percent_tempo,7.110215187072754,7.328832626342773,7.140115737915039,-0.07940816879272461,7.583134651184082,7.858325958251953,7.748472213745117,0.02774190902709961,5.987785816192627,5.989279270172119,5.96236515045166,-0.02616739273071289,7.111914157867432,7.7353081703186035,7.499105453491211,0.07549428939819336
ambient_03::time_stretch::-5pct,ambient_03,ambient,time_stretch,-5.0,percent_tempo,7.110215187072754,7.3660430908203125,7.162878513336182,-0.07525062561035156,7.583134651184082,7.875338554382324,7.749495983123779,0.020259380340576172,5.987785816192627,6.001275062561035,5.989953994750977,-0.004576444625854492,7.111914157867432,7.619366645812988,7.437830448150635,0.0721900463104248
ambient_03::time_stretch::+5pct,ambient_03,ambient,time_stretch,5.0,percent_tempo,7.110215187072754,7.2371826171875,7.110030174255371,-0.06366872787475586,7.583134651184082,7.784435272216797,7.700372219085693,0.016587257385253906,5.987785816192627,6.035097122192383,5.9827656745910645,-0.02867579460144043,7.111914157867432,7.603969097137451,7.428589820861816,0.070648193359375
ambient_03::time_stretch::+10pct,ambient_03,ambient,time_stretch,10.0,percent_tempo,7.110215187072754,7.167040824890137,7.062360763549805,-0.07626724243164062,7.583134651184082,7.835046768188477,7.711407661437988,0.0023169517517089844,5.987785816192627,6.069133758544922,6.019514560699463,-0.008945226669311523,7.111914157867432,7.729849338531494,7.463196754455566,0.042315006256103516
ambient_03::time_stretch::+20pct,ambient_03,ambient,time_stretch,20.0,percent_tempo,7.110215187072754,7.279810905456543,7.137767314910889,-0.057245731353759766,7.583134651184082,7.895064830780029,7.778127193450928,0.03902745246887207,5.987785816192627,6.044673919677734,5.999226093292236,-0.017003774642944336,7.111914157867432,7.9045209884643555,7.612368583679199,0.10415101051330566
ambient_03::lowpass::lp8000,ambient_03,ambient,lowpass,8000.0,hz_cutoff,7.110215187072754,7.135224342346191,6.993568420410156,-0.1291513442993164,7.583134651184082,7.6106390953063965,7.595738410949707,-0.0011484622955322266,5.987785816192627,5.9462103843688965,5.919719219207764,-0.04727888107299805,7.111914157867432,7.169445037841797,7.1752095222473145,0.034529924392700195
ambient_03::lowpass::lp4000,ambient_03,ambient,lowpass,4000.0,hz_cutoff,7.110215187072754,6.383872032165527,6.750337600708008,0.0032939910888671875,7.583134651184082,6.912043571472168,7.359728813171387,0.11213970184326172,5.987785816192627,5.343844413757324,5.683928489685059,0.018113374710083008,7.111914157867432,5.885402679443359,6.708867073059082,0.21020865440368652
ambient_03::lowpass::lp2000,ambient_03,ambient,lowpass,2000.0,hz_cutoff,7.110215187072754,5.748652935028076,6.54197359085083,0.11253952980041504,7.583134651184082,6.367829322814941,7.227983474731445,0.2525014877319336,5.987785816192627,5.116934299468994,5.514213562011719,-0.0381464958190918,7.111914157867432,5.35675048828125,6.590694904327393,0.35636258125305176
ambient_03::distortion::drv4,ambient_03,ambient,distortion,4.0,tanh_drive,7.110215187072754,4.580056667327881,5.8375349044799805,-0.007601022720336914,7.583134651184082,4.234506607055664,6.025262355804443,0.11644172668457031,5.987785816192627,6.1750311851501465,6.062337875366211,-0.01907062530517578,7.111914157867432,4.267491340637207,5.837100028991699,0.14739727973937988
ambient_03::distortion::drv12,ambient_03,ambient,distortion,12.0,tanh_drive,7.110215187072754,2.69858455657959,4.863946914672852,-0.04045295715332031,7.583134651184082,2.2912120819091797,5.150725364685059,0.21355199813842773,5.987785816192627,5.62748908996582,5.8921051025390625,0.08446764945983887,7.111914157867432,3.424635171890259,5.261180877685547,-0.00709378719329834
ambient_03::distortion::drv32,ambient_03,ambient,distortion,32.0,tanh_drive,7.110215187072754,2.5511159896850586,4.7528581619262695,-0.07780742645263672,7.583134651184082,2.3025574684143066,5.088338851928711,0.1454927921295166,5.987785816192627,5.234488010406494,5.729450702667236,0.11831378936767578,7.111914157867432,3.5373780727386475,5.223230361938477,-0.10141575336456299
ambient_03::style_swap::swap_cross,ambient_03,ambient,style_swap,nan,cross_genre,7.110215187072754,5.858950138092041,6.419153690338135,-0.0654289722442627,7.583134651184082,6.6437883377075195,7.170089244842529,0.056627750396728516,5.987785816192627,3.401637077331543,4.91987419128418,0.22516274452209473,7.111914157867432,6.969308376312256,7.186718463897705,0.14610719680786133
ambient_03::style_swap::swap_same,ambient_03,ambient,style_swap,nan,same_genre,7.110215187072754,6.820705413818359,6.49366569519043,-0.47179460525512695,7.583134651184082,6.490433692932129,6.900485515594482,-0.13629865646362305,5.987785816192627,4.410856246948242,5.1366705894470215,-0.06265044212341309,7.111914157867432,6.998022079467773,7.023173809051514,-0.03179430961608887
ambient_04::control::ctrl,ambient_04,ambient,control,0.0,none,6.947514533996582,6.947514533996582,6.705911159515381,-0.24160337448120117,6.6528472900390625,6.6528472900390625,6.742897033691406,0.09004974365234375,4.522496223449707,4.522496223449707,4.109846591949463,-0.41264963150024414,7.030232906341553,7.030232906341553,7.117860317230225,0.08762741088867188
ambient_04::pitch_shift::-4st,ambient_04,ambient,pitch_shift,-4.0,semitones,6.947514533996582,6.568819046020508,6.647131443023682,-0.11103534698486328,6.6528472900390625,6.455585479736328,6.499710559844971,-0.05450582504272461,4.522496223449707,4.9190874099731445,4.859042644500732,0.13825082778930664,7.030232906341553,6.695765018463135,6.925808429718018,0.06280946731567383
ambient_04::pitch_shift::-2st,ambient_04,ambient,pitch_shift,-2.0,semitones,6.947514533996582,6.864004135131836,6.799581050872803,-0.10617828369140625,6.6528472900390625,6.352625370025635,6.567640781402588,0.06490445137023926,4.522496223449707,4.600492477416992,4.461984634399414,-0.09950971603393555,7.030232906341553,6.986519813537598,7.073940277099609,0.06556391716003418
ambient_04::pitch_shift::-1st,ambient_04,ambient,pitch_shift,-1.0,semitones,6.947514533996582,6.60519552230835,6.5379958152771,-0.2383592128753662,6.6528472900390625,6.048285484313965,6.381062030792236,0.030495643615722656,4.522496223449707,3.853703498840332,3.9155521392822266,-0.27254772186279297,7.030232906341553,6.873908996582031,6.95794153213501,0.0058705806732177734
ambient_04::pitch_shift::+1st,ambient_04,ambient,pitch_shift,1.0,semitones,6.947514533996582,7.01251220703125,6.88462495803833,-0.09538841247558594,6.6528472900390625,6.737203121185303,6.7151360511779785,0.0201108455657959,4.522496223449707,5.03049373626709,4.662156105041504,-0.11433887481689453,7.030232906341553,7.127838134765625,7.0585126876831055,-0.0205228328704834
ambient_04::pitch_shift::+2st,ambient_04,ambient,pitch_shift,2.0,semitones,6.947514533996582,6.757397174835205,6.500229835510254,-0.35222601890563965,6.6528472900390625,6.4387736320495605,6.562925815582275,0.017115354537963867,4.522496223449707,4.674129962921143,4.5475873947143555,-0.050725698471069336,7.030232906341553,6.761096477508545,6.945494174957275,0.04982948303222656
ambient_04::pitch_shift::+4st,ambient_04,ambient,pitch_shift,4.0,semitones,6.947514533996582,6.5647406578063965,6.465393543243408,-0.29073405265808105,6.6528472900390625,6.369755744934082,6.494441032409668,-0.016860485076904297,4.522496223449707,3.9524590969085693,4.575530529022217,0.3380528688430786,7.030232906341553,6.717618465423584,6.950197696685791,0.07627201080322266
ambient_04::time_stretch::-20pct,ambient_04,ambient,time_stretch,-20.0,percent_tempo,6.947514533996582,6.919928073883057,6.933884143829346,0.0001628398895263672,6.6528472900390625,6.595353603363037,6.729782581329346,0.1056821346282959,4.522496223449707,4.038920879364014,4.329100131988525,0.04839158058166504,7.030232906341553,6.690863132476807,6.994263172149658,0.13371515274047852
ambient_04::time_stretch::-10pct,ambient_04,ambient,time_stretch,-10.0,percent_tempo,6.947514533996582,7.142312049865723,7.00213098526001,-0.04278230667114258,6.6528472900390625,6.8878397941589355,6.882233142852783,0.11188960075378418,4.522496223449707,3.7148263454437256,3.9844517707824707,-0.1342095136642456,7.030232906341553,7.182912349700928,7.233283996582031,0.12671136856079102
ambient_04::time_stretch::-5pct,ambient_04,ambient,time_stretch,-5.0,percent_tempo,6.947514533996582,7.038968563079834,6.775256633758545,-0.21798491477966309,6.6528472900390625,6.622493743896484,6.71836519241333,0.08069467544555664,4.522496223449707,4.743521690368652,4.372466564178467,-0.2605423927307129,7.030232906341553,7.093124866485596,7.178410053253174,0.11673116683959961
ambient_04::time_stretch::+5pct,ambient_04,ambient,time_stretch,5.0,percent_tempo,6.947514533996582,7.278954982757568,6.98177433013916,-0.13146042823791504,6.6528472900390625,6.692788124084473,6.746005058288574,0.07318735122680664,4.522496223449707,4.351626396179199,4.205451011657715,-0.23161029815673828,7.030232906341553,7.324845790863037,7.2206339836120605,0.043094635009765625
ambient_04::time_stretch::+10pct,ambient_04,ambient,time_stretch,10.0,percent_tempo,6.947514533996582,7.046273231506348,6.765292644500732,-0.23160123825073242,6.6528472900390625,6.451760292053223,6.680358409881592,0.12805461883544922,4.522496223449707,4.331231117248535,4.043623447418213,-0.3832402229309082,7.030232906341553,6.939301013946533,7.059237480163574,0.07447052001953125
ambient_04::time_stretch::+20pct,ambient_04,ambient,time_stretch,20.0,percent_tempo,6.947514533996582,6.790748596191406,6.698902130126953,-0.17022943496704102,6.6528472900390625,6.081262111663818,6.502811908721924,0.1357572078704834,4.522496223449707,4.332058906555176,4.312829971313477,-0.11444759368896484,7.030232906341553,6.766031742095947,6.868220329284668,-0.02991199493408203
ambient_04::lowpass::lp8000,ambient_04,ambient,lowpass,8000.0,hz_cutoff,6.947514533996582,6.827387809753418,6.649024963378906,-0.23842620849609375,6.6528472900390625,6.47290563583374,6.63261604309082,0.06973958015441895,4.522496223449707,4.4740447998046875,4.113163471221924,-0.38510704040527344,7.030232906341553,6.936652183532715,7.054040431976318,0.07059788703918457
ambient_04::lowpass::lp4000,ambient_04,ambient,lowpass,4000.0,hz_cutoff,6.947514533996582,6.525387287139893,6.46803092956543,-0.2684199810028076,6.6528472900390625,6.054784774780273,6.487147331237793,0.133331298828125,4.522496223449707,3.9524219036102295,3.9227969646453857,-0.3146620988845825,7.030232906341553,6.569394588470459,6.85670280456543,0.05688905715942383
ambient_04::lowpass::lp2000,ambient_04,ambient,lowpass,2000.0,hz_cutoff,6.947514533996582,4.080105781555176,5.685728549957275,0.17191839218139648,6.6528472900390625,6.122441291809082,6.568129062652588,0.18048477172851562,4.522496223449707,2.218965768814087,3.789302110671997,0.4185711145401001,7.030232906341553,6.22133731842041,6.776139736175537,0.15035462379455566
ambient_04::distortion::drv4,ambient_04,ambient,distortion,4.0,tanh_drive,6.947514533996582,6.905932426452637,6.69407320022583,-0.2326502799987793,6.6528472900390625,6.615993499755859,6.705664157867432,0.0712437629699707,4.522496223449707,4.478105545043945,4.123624324798584,-0.3766765594482422,7.030232906341553,7.0215277671813965,7.105681419372559,0.07980108261108398
ambient_04::distortion::drv12,ambient_04,ambient,distortion,12.0,tanh_drive,6.947514533996582,5.015023708343506,5.861639499664307,-0.1196296215057373,6.6528472900390625,5.177746295928955,6.085042953491211,0.16974616050720215,4.522496223449707,3.8301191329956055,3.920334577560425,-0.25597310066223145,7.030232906341553,6.226827621459961,6.6579365730285645,0.029406309127807617
ambient_04::distortion::drv32,ambient_04,ambient,distortion,32.0,tanh_drive,6.947514533996582,2.3649585247039795,4.658216953277588,0.001980423927307129,6.6528472900390625,4.554941177368164,5.7979044914245605,0.19401025772094727,4.522496223449707,2.509291648864746,3.6241867542266846,0.10829281806945801,7.030232906341553,6.257228374481201,6.541303634643555,-0.10242700576782227
ambient_04::style_swap::swap_cross,ambient_04,ambient,style_swap,nan,cross_genre,6.947514533996582,7.6277642250061035,7.51038122177124,0.22274184226989746,6.6528472900390625,8.045613288879395,7.453646659851074,0.1044163703918457,4.522496223449707,5.844873905181885,5.9799628257751465,0.7962777614593506,7.030232906341553,7.929353713989258,7.56239128112793,0.08259797096252441
ambient_04::style_swap::swap_same,ambient_04,ambient,style_swap,nan,same_genre,6.947514533996582,7.36346435546875,7.183237552642822,0.02774810791015625,6.6528472900390625,7.80891227722168,7.438302516937256,0.20742273330688477,4.522496223449707,4.8191070556640625,5.086663246154785,0.4158616065979004,7.030232906341553,7.684404373168945,7.605505466461182,0.24818682670593262
ambient_05::control::ctrl,ambient_05,ambient,control,0.0,none,5.933413028717041,5.933413028717041,5.9845194816589355,0.05110645294189453,7.3975725173950195,7.3975725173950195,7.502259254455566,0.10468673706054688,4.508718013763428,4.508718013763428,4.394739151000977,-0.11397886276245117,7.4179277420043945,7.4179277420043945,7.487992286682129,0.07006454467773438
ambient_05::pitch_shift::-4st,ambient_05,ambient,pitch_shift,-4.0,semitones,5.933413028717041,5.353687763214111,5.73504114151001,0.0914907455444336,7.3975725173950195,7.110011577606201,7.3567891120910645,0.1029970645904541,4.508718013763428,4.825459957122803,4.590975761413574,-0.07611322402954102,7.4179277420043945,6.880112648010254,7.203075885772705,0.05405569076538086
ambient_05::pitch_shift::-2st,ambient_05,ambient,pitch_shift,-2.0,semitones,5.933413028717041,5.479865550994873,5.76704216003418,0.060402870178222656,7.3975725173950195,7.023908615112305,7.322102069854736,0.11136150360107422,4.508718013763428,4.915830612182617,4.575343608856201,-0.1369307041168213,7.4179277420043945,6.887875080108643,7.231640338897705,0.07873892784118652
ambient_05::pitch_shift::-1st,ambient_05,ambient,pitch_shift,-1.0,semitones,5.933413028717041,5.404703140258789,5.786816120147705,0.11775803565979004,7.3975725173950195,7.099046230316162,7.396725654602051,0.14841628074645996,4.508718013763428,4.562042713165283,4.404243469238281,-0.13113689422607422,7.4179277420043945,6.995763778686523,7.337557315826416,0.13071155548095703
ambient_05::pitch_shift::+1st,ambient_05,ambient,pitch_shift,1.0,semitones,5.933413028717041,6.090622901916504,6.085542678833008,0.07352471351623535,7.3975725173950195,7.497472763061523,7.550417900085449,0.10289525985717773,4.508718013763428,4.651880264282227,4.471968173980713,-0.10833096504211426,7.4179277420043945,7.4253435134887695,7.480137348175049,0.0585017204284668
ambient_05::pitch_shift::+2st,ambient_05,ambient,pitch_shift,2.0,semitones,5.933413028717041,5.510196208953857,5.878471851348877,0.15666723251342773,7.3975725173950195,7.256453514099121,7.482708930969238,0.15569591522216797,4.508718013763428,4.8140034675598145,4.558644771575928,-0.10271596908569336,7.4179277420043945,7.080351829528809,7.353888511657715,0.10474872589111328
ambient_05::pitch_shift::+4st,ambient_05,ambient,pitch_shift,4.0,semitones,5.933413028717041,5.105487823486328,5.678302764892578,0.15885233879089355,7.3975725173950195,6.921374320983887,7.341958999633789,0.18248558044433594,4.508718013763428,4.898525238037109,4.587218284606934,-0.11640334129333496,7.4179277420043945,6.6718621253967285,7.186708450317383,0.1418135166168213
ambient_05::time_stretch::-20pct,ambient_05,ambient,time_stretch,-20.0,percent_tempo,5.933413028717041,5.327439308166504,5.730972766876221,0.10054659843444824,7.3975725173950195,6.864582061767578,7.265291690826416,0.1342144012451172,4.508718013763428,4.409822463989258,4.4145283699035645,-0.04474186897277832,7.4179277420043945,6.547987937927246,7.065006732940674,0.08204889297485352
ambient_05::time_stretch::-10pct,ambient_05,ambient,time_stretch,-10.0,percent_tempo,5.933413028717041,5.5056891441345215,5.827297687530518,0.10774660110473633,7.3975725173950195,7.187935829162598,7.405180931091309,0.1124267578125,4.508718013763428,4.4737548828125,4.410212993621826,-0.0810234546661377,7.4179277420043945,6.948282718658447,7.264053821563721,0.0809485912322998
ambient_05::time_stretch::-5pct,ambient_05,ambient,time_stretch,-5.0,percent_tempo,5.933413028717041,5.975229263305664,6.077523231506348,0.12320208549499512,7.3975725173950195,7.354745388031006,7.493005275726318,0.11684632301330566,4.508718013763428,4.853841781616211,4.572142601013184,-0.10913729667663574,7.4179277420043945,7.2119622230529785,7.404831886291504,0.08988690376281738
ambient_05::time_stretch::+5pct,ambient_05,ambient,time_stretch,5.0,percent_tempo,5.933413028717041,5.611546993255615,5.884145736694336,0.11166572570800781,7.3975725173950195,7.220466613769531,7.423766613006592,0.1147470474243164,4.508718013763428,4.561447620391846,4.4594807624816895,-0.07560205459594727,7.4179277420043945,7.183659076690674,7.385633945465088,0.08484053611755371
ambient_05::time_stretch::+10pct,ambient_05,ambient,time_stretch,10.0,percent_tempo,5.933413028717041,5.593919277191162,5.855285167694092,0.09161901473999023,7.3975725173950195,7.265013217926025,7.451061725616455,0.11976885795593262,4.508718013763428,4.461141586303711,4.38215446472168,-0.10277533531188965,7.4179277420043945,7.159088611602783,7.370146751403809,0.08163857460021973
ambient_05::time_stretch::+20pct,ambient_05,ambient,time_stretch,20.0,percent_tempo,5.933413028717041,6.335837364196777,6.181203842163086,0.04657864570617676,7.3975725173950195,7.589221954345703,7.556947231292725,0.06354999542236328,4.508718013763428,4.792020797729492,4.532353401184082,-0.11801600456237793,7.4179277420043945,7.531139850616455,7.500372409820557,0.025838613510131836
ambient_05::lowpass::lp8000,ambient_05,ambient,lowpass,8000.0,hz_cutoff,5.933413028717041,5.936357498168945,5.967194080352783,0.03230881690979004,7.3975725173950195,7.421628952026367,7.4986252784729,0.08902454376220703,4.508718013763428,4.590485572814941,4.426495552062988,-0.12310624122619629,7.4179277420043945,7.395506858825684,7.460688591003418,0.053971290588378906
ambient_05::lowpass::lp4000,ambient_05,ambient,lowpass,4000.0,hz_cutoff,5.933413028717041,5.802919864654541,5.948165416717529,0.07999897003173828,7.3975725173950195,7.208461284637451,7.452165126800537,0.14914822578430176,4.508718013763428,4.40254545211792,4.377823829650879,-0.07780790328979492,7.4179277420043945,7.044788360595703,7.342473983764648,0.11111593246459961
ambient_05::lowpass::lp2000,ambient_05,ambient,lowpass,2000.0,hz_cutoff,5.933413028717041,5.969322681427002,5.849898338317871,-0.10146951675415039,7.3975725173950195,6.899179935455322,7.295513153076172,0.14713692665100098,4.508718013763428,4.152727127075195,4.261308670043945,-0.06941390037536621,7.4179277420043945,6.37722110748291,6.993083953857422,0.09550952911376953
ambient_05::distortion::drv4,ambient_05,ambient,distortion,4.0,tanh_drive,5.933413028717041,5.964206218719482,6.002140045166016,0.053330421447753906,7.3975725173950195,7.409359931945801,7.508396625518799,0.10493040084838867,4.508718013763428,4.544482707977295,4.403402328491211,-0.12319803237915039,7.4179277420043945,7.440029144287109,7.493191719055176,0.06421327590942383
ambient_05::distortion::drv12,ambient_05,ambient,distortion,12.0,tanh_drive,5.933413028717041,5.129208087921143,5.495266914367676,-0.036043643951416016,7.3975725173950195,7.01331901550293,7.338870525360107,0.1334247589111328,4.508718013763428,4.65388822555542,4.504151344299316,-0.07715177536010742,7.4179277420043945,6.861637115478516,7.234943389892578,0.09516096115112305
ambient_05::distortion::drv32,ambient_05,ambient,distortion,32.0,tanh_drive,5.933413028717041,2.7005257606506348,4.131953239440918,-0.18501615524291992,7.3975725173950195,3.593695640563965,5.873447895050049,0.37781381607055664,4.508718013763428,4.172496318817139,4.348634243011475,0.008027076721191406,7.4179277420043945,4.494468688964844,6.135709285736084,0.17951107025146484
ambient_05::style_swap::swap_cross,ambient_05,ambient,style_swap,nan,cross_genre,5.933413028717041,7.459287643432617,6.901503562927246,0.205153226852417,7.3975725173950195,7.682449817657471,7.4871506690979,-0.05286049842834473,4.508718013763428,4.203488349914551,5.1109619140625,0.7548587322235107,7.4179277420043945,7.5761871337890625,7.733938217163086,0.23688077926635742
ambient_05::style_swap::swap_same,ambient_05,ambient,style_swap,nan,same_genre,5.933413028717041,3.574164390563965,4.50096321105957,-0.2528254985809326,7.3975725173950195,5.451645851135254,6.404903888702393,-0.01970529556274414,4.508718013763428,5.045956134796143,4.888692378997803,0.11135530471801758,7.4179277420043945,6.178474426269531,6.703799724578857,-0.09440135955810547
ambient_06::control::ctrl,ambient_06,ambient,control,0.0,none,5.943716049194336,5.943716049194336,5.749405860900879,-0.19431018829345703,5.797035217285156,5.797035217285156,6.046065330505371,0.24903011322021484,5.199113845825195,5.199113845825195,5.137004852294922,-0.06210899353027344,6.418178081512451,6.418178081512451,6.485847473144531,0.06766939163208008
ambient_06::pitch_shift::-4st,ambient_06,ambient,pitch_shift,-4.0,semitones,5.943716049194336,6.6599016189575195,6.2584357261657715,-0.04337310791015625,5.797035217285156,7.200353622436523,6.7567219734191895,0.2580275535583496,5.199113845825195,5.2841901779174805,5.3183979988098145,0.07674598693847656,6.418178081512451,6.892520904541016,6.714585781097412,0.05923628807067871
ambient_06::pitch_shift::-2st,ambient_06,ambient,pitch_shift,-2.0,semitones,5.943716049194336,6.539662837982178,6.258602142333984,0.01691269874572754,5.797035217285156,6.72407341003418,6.571341037750244,0.31078672409057617,5.199113845825195,5.229516983032227,5.256036281585693,0.04172086715698242,6.418178081512451,6.600743293762207,6.6317925453186035,0.12233185768127441
ambient_06::pitch_shift::-1st,ambient_06,ambient,pitch_shift,-1.0,semitones,5.943716049194336,6.295746326446533,6.001267910003662,-0.11846327781677246,5.797035217285156,6.338481903076172,6.231472015380859,0.1637134552001953,5.199113845825195,5.080790042877197,5.121244430541992,-0.0187075138092041,6.418178081512451,6.319692611694336,6.43324089050293,0.06430554389953613
ambient_06::pitch_shift::+1st,ambient_06,ambient,pitch_shift,1.0,semitones,5.943716049194336,6.706678867340088,6.232812881469727,-0.09238457679748535,5.797035217285156,6.87595796585083,6.518861770629883,0.18236517906188965,5.199113845825195,5.185064792633057,5.167720317840576,-0.024369001388549805,6.418178081512451,6.835303783416748,6.651948928833008,0.025207996368408203
ambient_06::pitch_shift::+2st,ambient_06,ambient,pitch_shift,2.0,semitones,5.943716049194336,6.641428470611572,6.3048505783081055,0.012278318405151367,5.797035217285156,7.1656293869018555,6.593293190002441,0.11196088790893555,5.199113845825195,5.275511741638184,5.274816036224365,0.03750324249267578,6.418178081512451,7.107341766357422,6.74920129776001,-0.013558626174926758
ambient_06::pitch_shift::+4st,ambient_06,ambient,pitch_shift,4.0,semitones,5.943716049194336,6.537831783294678,6.167699813842773,-0.0730741024017334,5.797035217285156,7.300589561462402,6.624258518218994,0.07544612884521484,5.199113845825195,5.119729995727539,5.24080753326416,0.08138561248779297,6.418178081512451,7.087588310241699,6.745937347412109,-0.00694584846496582
ambient_06::time_stretch::-20pct,ambient_06,ambient,time_stretch,-20.0,percent_tempo,5.943716049194336,6.640791416168213,6.112912178039551,-0.17934155464172363,5.797035217285156,6.363192558288574,6.078829765319824,-0.0012841224670410156,5.199113845825195,4.86626672744751,5.0154242515563965,-0.017266035079956055,6.418178081512451,6.788568019866943,6.528709411621094,-0.07466363906860352
ambient_06::time_stretch::-10pct,ambient_06,ambient,time_stretch,-10.0,percent_tempo,5.943716049194336,6.192571640014648,5.902857780456543,-0.16528606414794922,5.797035217285156,6.050262928009033,6.042961597442627,0.11931252479553223,5.199113845825195,5.011970520019531,5.0770769119262695,-0.02846527099609375,6.418178081512451,6.638899326324463,6.534602642059326,0.006063938140869141
ambient_06::time_stretch::-5pct,ambient_06,ambient,time_stretch,-5.0,percent_tempo,5.943716049194336,6.557360649108887,6.152323246002197,-0.09821510314941406,5.797035217285156,5.970301151275635,6.1851959228515625,0.301527738571167,5.199113845825195,5.2780561447143555,5.19381856918335,-0.04476642608642578,6.418178081512451,6.653613567352295,6.618971824645996,0.08307600021362305
ambient_06::time_stretch::+5pct,ambient_06,ambient,time_stretch,5.0,percent_tempo,5.943716049194336,6.459481239318848,6.030659198760986,-0.17093944549560547,5.797035217285156,6.069052696228027,6.116962432861328,0.18391847610473633,5.199113845825195,5.2105865478515625,5.149016857147217,-0.05583333969116211,6.418178081512451,6.591625213623047,6.525057315826416,0.020155668258666992
ambient_06::time_stretch::+10pct,ambient_06,ambient,time_stretch,10.0,percent_tempo,5.943716049194336,6.842284202575684,6.238181114196777,-0.15481901168823242,5.797035217285156,6.427154064178467,6.237452983856201,0.12535834312438965,5.199113845825195,5.2321977615356445,5.1797661781311035,-0.035889625549316406,6.418178081512451,6.849579334259033,6.673649787902832,0.039771080017089844
ambient_06::time_stretch::+20pct,ambient_06,ambient,time_stretch,20.0,percent_tempo,5.943716049194336,6.778807640075684,6.157956600189209,-0.20330524444580078,5.797035217285156,6.893945693969727,6.414083480834961,0.06859302520751953,5.199113845825195,5.254909992218018,5.194216251373291,-0.03279566764831543,6.418178081512451,6.9411115646362305,6.6701507568359375,-0.00949406623840332
ambient_06::lowpass::lp8000,ambient_06,ambient,lowpass,8000.0,hz_cutoff,5.943716049194336,5.743957042694092,5.648900985717773,-0.19493556022644043,5.797035217285156,5.385469913482666,5.821066379547119,0.229813814163208,5.199113845825195,5.216064929962158,5.144897937774658,-0.06269145011901855,6.418178081512451,6.235776424407959,6.395327568054199,0.06835031509399414
ambient_06::lowpass::lp4000,ambient_06,ambient,lowpass,4000.0,hz_cutoff,5.943716049194336,5.246333599090576,5.426900386810303,-0.16812443733215332,5.797035217285156,5.037784099578857,5.5065999031066895,0.08919024467468262,5.199113845825195,4.799715995788574,4.95094108581543,-0.04847383499145508,6.418178081512451,5.458122253417969,5.981861591339111,0.04371142387390137
ambient_06::lowpass::lp2000,ambient_06,ambient,lowpass,2000.0,hz_cutoff,5.943716049194336,4.057190895080566,4.825628757476807,-0.17482471466064453,5.797035217285156,4.612707138061523,5.473255634307861,0.2683844566345215,5.199113845825195,4.420574188232422,4.78391170501709,-0.02593231201171875,6.418178081512451,4.878086090087891,5.84661340713501,0.19848132133483887
ambient_06::distortion::drv4,ambient_06,ambient,distortion,4.0,tanh_drive,5.943716049194336,2.819628953933716,4.194154262542725,-0.18751823902130127,5.797035217285156,2.6916000843048096,4.139224052429199,-0.10509359836578369,5.199113845825195,5.022415637969971,5.172396659851074,0.06163191795349121,6.418178081512451,4.256765365600586,5.330014705657959,-0.00745701789855957
ambient_06::distortion::drv12,ambient_06,ambient,distortion,12.0,tanh_drive,5.943716049194336,1.8624513149261475,3.6901299953460693,-0.21295368671417236,5.797035217285156,2.23462176322937,3.835942029953003,-0.17988646030426025,5.199113845825195,4.28176212310791,4.883713245391846,0.14327526092529297,6.418178081512451,3.584578275680542,4.972707271575928,-0.028670907020568848
ambient_06::distortion::drv32,ambient_06,ambient,distortion,32.0,tanh_drive,5.943716049194336,1.8291528224945068,3.440171957015991,-0.4462624788284302,5.797035217285156,2.2509095668792725,3.510864734649658,-0.5131076574325562,5.199113845825195,3.2025551795959473,4.4107232093811035,0.20988869667053223,6.418178081512451,3.5094809532165527,4.7547993659973145,-0.2090301513671875
ambient_06::style_swap::swap_cross,ambient_06,ambient,style_swap,nan,cross_genre,5.943716049194336,7.570251941680908,6.599644660949707,-0.15733933448791504,5.797035217285156,7.298781394958496,6.74210786819458,0.1941995620727539,5.199113845825195,4.903028964996338,5.410353660583496,0.3592822551727295,6.418178081512451,6.990621566772461,6.957404136657715,0.2530043125152588
ambient_06::style_swap::swap_same,ambient_06,ambient,style_swap,nan,same_genre,5.943716049194336,6.749914169311523,6.334906101226807,-0.011909008026123047,5.797035217285156,7.727847099304199,7.319290637969971,0.556849479675293,5.199113845825195,4.851473331451416,5.175619125366211,0.15032553672790527,6.418178081512451,7.7329206466674805,7.344870567321777,0.2693212032318115
ambient_07::control::ctrl,ambient_07,ambient,control,0.0,none,7.508019924163818,7.508019924163818,7.4527201652526855,-0.05529975891113281,8.062445640563965,8.062445640563965,8.0985689163208,0.03612327575683594,4.319516181945801,4.319516181945801,4.189682483673096,-0.12983369827270508,8.119025230407715,8.119025230407715,8.121986389160156,0.0029611587524414062
ambient_07::pitch_shift::-4st,ambient_07,ambient,pitch_shift,-4.0,semitones,7.508019924163818,7.6110429763793945,7.507537364959717,-0.05199408531188965,8.062445640563965,8.090799331665039,8.101408958435059,0.02478647232055664,4.319516181945801,4.866514205932617,4.50261926651001,-0.09039592742919922,8.119025230407715,8.17446231842041,8.15837287902832,0.011629104614257812
ambient_07::pitch_shift::-2st,ambient_07,ambient,pitch_shift,-2.0,semitones,7.508019924163818,7.581431865692139,7.518507957458496,-0.026217937469482422,8.062445640563965,8.077634811401367,8.118720054626465,0.04867982864379883,4.319516181945801,4.594269275665283,4.337857246398926,-0.11903548240661621,8.119025230407715,8.132902145385742,8.136826515197754,0.01086282730102539
ambient_07::pitch_shift::-1st,ambient_07,ambient,pitch_shift,-1.0,semitones,7.508019924163818,7.553159713745117,7.512992858886719,-0.017596960067749023,8.062445640563965,8.09364128112793,8.121664047241211,0.04362058639526367,4.319516181945801,4.444414138793945,4.28265380859375,-0.09931135177612305,8.119025230407715,8.13831901550293,8.14069652557373,0.012024402618408203
ambient_07::pitch_shift::+1st,ambient_07,ambient,pitch_shift,1.0,semitones,7.508019924163818,7.434928894042969,7.421330451965332,-0.05014395713806152,8.062445640563965,8.064144134521484,8.09804630279541,0.03475141525268555,4.319516181945801,3.9103496074676514,4.026645183563232,-0.08828771114349365,8.119025230407715,8.047491073608398,8.086318969726562,0.0030608177185058594
ambient_07::pitch_shift::+2st,ambient_07,ambient,pitch_shift,2.0,semitones,7.508019924163818,7.299091339111328,7.3129048347473145,-0.09065079689025879,8.062445640563965,7.921361923217773,8.013470649719238,0.02156686782836914,4.319516181945801,3.665618896484375,3.8489089012145996,-0.14365863800048828,8.119025230407715,7.912628650665283,7.999872207641602,-0.01595473289489746
ambient_07::pitch_shift::+4st,ambient_07,ambient,pitch_shift,4.0,semitones,7.508019924163818,7.136922359466553,7.248122215270996,-0.07434892654418945,8.062445640563965,7.886905670166016,8.039846420288086,0.0651707649230957,4.319516181945801,3.457209348678589,3.714479446411133,-0.173883318901062,8.119025230407715,7.824065208435059,7.997352123260498,0.025806903839111328
ambient_07::time_stretch::-20pct,ambient_07,ambient,time_stretch,-20.0,percent_tempo,7.508019924163818,7.459852695465088,7.44010591506958,-0.04383039474487305,8.062445640563965,8.069794654846191,8.096250534057617,0.030130386352539062,4.319516181945801,3.8945279121398926,4.05055046081543,-0.05647158622741699,8.119025230407715,8.107643127441406,8.1143217086792,0.0009875297546386719
ambient_07::time_stretch::-10pct,ambient_07,ambient,time_stretch,-10.0,percent_tempo,7.508019924163818,7.5578532218933105,7.483034133911133,-0.04990243911743164,8.062445640563965,8.133953094482422,8.125091552734375,0.02689218521118164,4.319516181945801,4.1325578689575195,4.0989155769348145,-0.1271214485168457,8.119025230407715,8.065092086791992,8.095261573791504,0.0032029151916503906
ambient_07::time_stretch::-5pct,ambient_07,ambient,time_stretch,-5.0,percent_tempo,7.508019924163818,7.599261283874512,7.510183334350586,-0.0434572696685791,8.062445640563965,8.192964553833008,8.15200138092041,0.024296283721923828,4.319516181945801,4.203326225280762,4.161179542541504,-0.10024166107177734,8.119025230407715,8.145777702331543,8.130620956420898,-0.0017805099487304688
ambient_07::time_stretch::+5pct,ambient_07,ambient,time_stretch,5.0,percent_tempo,7.508019924163818,7.399065017700195,7.407163619995117,-0.04637885093688965,8.062445640563965,8.047521591186523,8.088543891906738,0.03356027603149414,4.319516181945801,4.03925895690918,4.054379463195801,-0.12500810623168945,8.119025230407715,8.103263854980469,8.122496604919434,0.011352062225341797
ambient_07::time_stretch::+10pct,ambient_07,ambient,time_stretch,10.0,percent_tempo,7.508019924163818,7.523133277893066,7.481786727905273,-0.033789873123168945,8.062445640563965,8.1641263961792,8.14030647277832,0.02702045440673828,4.319516181945801,4.145607948303223,4.147006511688232,-0.0855555534362793,8.119025230407715,8.125367164611816,8.132155418395996,0.009959220886230469
ambient_07::time_stretch::+20pct,ambient_07,ambient,time_stretch,20.0,percent_tempo,7.508019924163818,7.556229114532471,7.477647304534912,-0.05447721481323242,8.062445640563965,8.161561012268066,8.131763458251953,0.0197601318359375,4.319516181945801,4.372194290161133,4.220367908477783,-0.1254873275756836,8.119025230407715,8.162747383117676,8.135039329528809,-0.005846977233886719
ambient_07::lowpass::lp8000,ambient_07,ambient,lowpass,8000.0,hz_cutoff,7.508019924163818,7.496025562286377,7.4482293128967285,-0.05379343032836914,8.062445640563965,8.048227310180664,8.090937614440918,0.035601139068603516,4.319516181945801,4.296525955200195,4.168874740600586,-0.1391463279724121,8.119025230407715,8.108062744140625,8.120221138000488,0.006677150726318359
ambient_07::lowpass::lp4000,ambient_07,ambient,lowpass,4000.0,hz_cutoff,7.508019924163818,7.413601398468018,7.408412933349609,-0.052397727966308594,8.062445640563965,7.862400531768799,8.000630378723145,0.038207292556762695,4.319516181945801,3.8385214805603027,3.9786534309387207,-0.10036540031433105,8.119025230407715,7.932717323303223,8.037118911743164,0.011247634887695312
ambient_07::lowpass::lp2000,ambient_07,ambient,lowpass,2000.0,hz_cutoff,7.508019924163818,7.212166786193848,7.304368495941162,-0.0557248592376709,8.062445640563965,7.721049785614014,7.930241584777832,0.03849387168884277,4.319516181945801,3.5377979278564453,3.853957176208496,-0.07469987869262695,8.119025230407715,7.492339134216309,7.798920631408691,-0.0067615509033203125
ambient_07::distortion::drv4,ambient_07,ambient,distortion,4.0,tanh_drive,7.508019924163818,7.413830757141113,7.402459144592285,-0.058466196060180664,8.062445640563965,8.010703086853027,8.077754974365234,0.04118061065673828,4.319516181945801,4.178561687469482,4.118465900421143,-0.13057303428649902,8.119025230407715,8.0386962890625,8.08493709564209,0.006076335906982422
ambient_07::distortion::drv12,ambient_07,ambient,distortion,12.0,tanh_drive,7.508019924163818,6.301347732543945,6.865744590759277,-0.03893923759460449,8.062445640563965,7.387099266052246,7.810914993286133,0.08614253997802734,4.319516181945801,3.3706161975860596,3.764725685119629,-0.08034050464630127,8.119025230407715,7.274997711181641,7.783855438232422,0.08684396743774414
ambient_07::distortion::drv32,ambient_07,ambient,distortion,32.0,tanh_drive,7.508019924163818,4.6653900146484375,6.003312110900879,-0.08339285850524902,8.062445640563965,6.999176025390625,7.587860584259033,0.05704975128173828,4.319516181945801,3.129561424255371,3.602916955947876,-0.12162184715270996,8.119025230407715,6.639761924743652,7.506667613983154,0.1272740364074707
ambient_07::style_swap::swap_cross,ambient_07,ambient,style_swap,nan,cross_genre,7.508019924163818,5.1146016120910645,6.433053016662598,0.12174224853515625,8.062445640563965,6.100651741027832,7.235905647277832,0.1543569564819336,4.319516181945801,4.160191535949707,4.432611465454102,0.19275760650634766,8.119025230407715,6.286520481109619,7.349510192871094,0.14673733711242676
ambient_07::style_swap::swap_same,ambient_07,ambient,style_swap,nan,same_genre,7.508019924163818,5.616747856140137,6.644947528839111,0.08256363868713379,8.062445640563965,6.0997233390808105,7.342972278594971,0.261887788772583,4.319516181945801,5.241120338439941,4.959667205810547,0.17934894561767578,8.119025230407715,6.494750499725342,7.467636585235596,0.16074872016906738
ambient_08::control::ctrl,ambient_08,ambient,control,0.0,none,6.8348188400268555,6.8348188400268555,6.641907215118408,-0.19291162490844727,7.780813694000244,7.780813694000244,7.753538131713867,-0.027275562286376953,4.851701736450195,4.851701736450195,4.816927909851074,-0.034773826599121094,7.837986946105957,7.837986946105957,7.7956061363220215,-0.04238080978393555
ambient_08::pitch_shift::-4st,ambient_08,ambient,pitch_shift,-4.0,semitones,6.8348188400268555,6.6904754638671875,6.596226215362549,-0.16642093658447266,7.780813694000244,7.704493999481201,7.717824935913086,-0.02482891082763672,4.851701736450195,5.200348854064941,5.066106796264648,0.04008150100708008,7.837986946105957,7.7115936279296875,7.73321008682251,-0.0415802001953125
ambient_08::pitch_shift::-2st,ambient_08,ambient,pitch_shift,-2.0,semitones,6.8348188400268555,6.767321586608887,6.711483955383301,-0.08958625793457031,7.780813694000244,7.742013454437256,7.749104976654053,-0.012308597564697266,4.851701736450195,5.541407585144043,5.2922234535217285,0.09566879272460938,7.837986946105957,7.715771198272705,7.740616798400879,-0.03626227378845215
ambient_08::pitch_shift::-1st,ambient_08,ambient,pitch_shift,-1.0,semitones,6.8348188400268555,6.816158771514893,6.718900203704834,-0.10658860206604004,7.780813694000244,7.732920169830322,7.740755558013916,-0.016111373901367188,4.851701736450195,5.414729118347168,5.149100303649902,0.015884876251220703,7.837986946105957,7.749099254608154,7.752562522888184,-0.04098057746887207
ambient_08::pitch_shift::+1st,ambient_08,ambient,pitch_shift,1.0,semitones,6.8348188400268555,6.4316935539245605,6.5249762535095215,-0.10827994346618652,7.780813694000244,7.6613359451293945,7.724133491516113,0.0030586719512939453,4.851701736450195,4.686523914337158,4.774946689605713,0.005833864212036133,7.837986946105957,7.7813239097595215,7.785284519195557,-0.024370908737182617
ambient_08::pitch_shift::+2st,ambient_08,ambient,pitch_shift,2.0,semitones,6.8348188400268555,6.614603519439697,6.538443565368652,-0.18626761436462402,7.780813694000244,7.637176036834717,7.710883617401123,0.0018887519836425781,4.851701736450195,5.268160820007324,5.029568195343018,-0.030363082885742188,7.837986946105957,7.7299017906188965,7.767302989959717,-0.01664137840270996
ambient_08::pitch_shift::+4st,ambient_08,ambient,pitch_shift,4.0,semitones,6.8348188400268555,6.18082332611084,6.409384727478027,-0.09843635559082031,7.780813694000244,7.5682573318481445,7.6866044998168945,0.012068986892700195,4.851701736450195,5.071682929992676,4.970224857330322,0.008532524108886719,7.837986946105957,7.65564489364624,7.741373538970947,-0.005442380905151367
ambient_08::time_stretch::-20pct,ambient_08,ambient,time_stretch,-20.0,percent_tempo,6.8348188400268555,6.4673991203308105,6.552688121795654,-0.09842085838317871,7.780813694000244,7.758316516876221,7.764721393585205,-0.004843711853027344,4.851701736450195,4.538224697113037,4.750598907470703,0.055635690689086914,7.837986946105957,7.768876075744629,7.775561332702637,-0.02787017822265625
ambient_08::time_stretch::-10pct,ambient_08,ambient,time_stretch,-10.0,percent_tempo,6.8348188400268555,6.772957801818848,6.706596851348877,-0.09729146957397461,7.780813694000244,7.7848219871521,7.785153865814209,0.0023360252380371094,4.851701736450195,5.067070484161377,4.95643424987793,-0.0029518604278564453,7.837986946105957,7.76507568359375,7.786162853240967,-0.015368461608886719
ambient_08::time_stretch::-5pct,ambient_08,ambient,time_stretch,-5.0,percent_tempo,6.8348188400268555,6.635288715362549,6.598435401916504,-0.13661837577819824,7.780813694000244,7.786794185638428,7.76860237121582,-0.015201568603515625,4.851701736450195,4.783674240112305,4.790395259857178,-0.027292728424072266,7.837986946105957,7.8173441886901855,7.793209075927734,-0.034456491470336914
ambient_08::time_stretch::+5pct,ambient_08,ambient,time_stretch,5.0,percent_tempo,6.8348188400268555,6.774620532989502,6.647052764892578,-0.15766692161560059,7.780813694000244,7.756077766418457,7.742291450500488,-0.026154279708862305,4.851701736450195,5.333027362823486,5.064611911773682,-0.02775263786315918,7.837986946105957,7.750158786773682,7.764684677124023,-0.0293881893157959
ambient_08::time_stretch::+10pct,ambient_08,ambient,time_stretch,10.0,percent_tempo,6.8348188400268555,6.646261692047119,6.564707279205322,-0.17583298683166504,7.780813694000244,7.6922149658203125,7.713289737701416,-0.023224592208862305,4.851701736450195,5.293984889984131,5.04134464263916,-0.03149867057800293,7.837986946105957,7.742926597595215,7.739780426025391,-0.05067634582519531
ambient_08::time_stretch::+20pct,ambient_08,ambient,time_stretch,20.0,percent_tempo,6.8348188400268555,6.244871139526367,6.419093132019043,-0.12075185775756836,7.780813694000244,7.650510787963867,7.713332176208496,-0.0023300647735595703,4.851701736450195,4.969597816467285,4.972781658172607,0.06213188171386719,7.837986946105957,7.697287082672119,7.726454734802246,-0.04118227958679199
ambient_08::lowpass::lp8000,ambient_08,ambient,lowpass,8000.0,hz_cutoff,6.8348188400268555,6.787237644195557,6.619733810424805,-0.19129443168640137,7.780813694000244,7.766539573669434,7.746603488922119,-0.027073144912719727,4.851701736450195,4.838020324707031,4.822800636291504,-0.022060394287109375,7.837986946105957,7.799156188964844,7.775435447692871,-0.0431361198425293
ambient_08::lowpass::lp4000,ambient_08,ambient,lowpass,4000.0,hz_cutoff,6.8348188400268555,6.486568927764893,6.537266731262207,-0.12342715263366699,7.780813694000244,7.6150007247924805,7.666070461273193,-0.031836748123168945,4.851701736450195,4.504732608795166,4.7394208908081055,0.061203718185424805,7.837986946105957,7.570520401000977,7.697469234466553,-0.0067844390869140625
ambient_08::lowpass::lp2000,ambient_08,ambient,lowpass,2000.0,hz_cutoff,6.8348188400268555,6.077710151672363,6.354053020477295,-0.10221147537231445,7.780813694000244,7.406743049621582,7.604855060577393,0.011076688766479492,4.851701736450195,3.6141135692596436,4.010811805725098,-0.22209584712982178,7.837986946105957,7.4317402839660645,7.723885536193848,0.08902192115783691
ambient_08::distortion::drv4,ambient_08,ambient,distortion,4.0,tanh_drive,6.8348188400268555,6.704643249511719,6.620013236999512,-0.1497178077697754,7.780813694000244,7.699417591094971,7.724196434020996,-0.015919208526611328,4.851701736450195,4.898552417755127,4.8335041999816895,-0.04162287712097168,7.837986946105957,7.749509334564209,7.754172325134277,-0.039575815200805664
ambient_08::distortion::drv12,ambient_08,ambient,distortion,12.0,tanh_drive,6.8348188400268555,4.882620334625244,5.762954235076904,-0.09576535224914551,7.780813694000244,6.997526168823242,7.402381896972656,0.013211965560913086,4.851701736450195,4.6842942237854,4.9521002769470215,0.18410229682922363,7.837986946105957,6.892691135406494,7.35133171081543,-0.014007329940795898
ambient_08::distortion::drv32,ambient_08,ambient,distortion,32.0,tanh_drive,6.8348188400268555,3.659106492996216,5.182342529296875,-0.06462013721466064,7.780813694000244,5.769333362579346,7.029446601867676,0.25437307357788086,4.851701736450195,4.482030391693115,4.911872863769531,0.24500679969787598,7.837986946105957,5.799133777618408,6.974015712738037,0.1554553508758545
ambient_08::style_swap::swap_cross,ambient_08,ambient,style_swap,nan,cross_genre,6.8348188400268555,6.043877124786377,6.3441033363342285,-0.0952446460723877,7.780813694000244,5.929908275604248,6.99956750869751,0.14420652389526367,4.851701736450195,4.015673637390137,4.88100004196167,0.4473123550415039,7.837986946105957,5.783838748931885,7.046055793762207,0.23514294624328613
ambient_08::style_swap::swap_same,ambient_08,ambient,style_swap,nan,same_genre,6.8348188400268555,5.270514011383057,6.073645114898682,0.020978689193725586,7.780813694000244,5.820432662963867,6.928028583526611,0.12740540504455566,4.851701736450195,4.239329814910889,4.903968334197998,0.35845255851745605,7.837986946105957,6.295177459716797,7.212648391723633,0.14606618881225586
ambient_09::control::ctrl,ambient_09,ambient,control,0.0,none,5.176995277404785,5.176995277404785,5.031083106994629,-0.14591217041015625,7.110298156738281,7.110298156738281,7.057535171508789,-0.05276298522949219,4.63582706451416,4.63582706451416,4.4592437744140625,-0.17658329010009766,6.948678970336914,6.948678970336914,6.958961486816406,0.010282516479492188
ambient_09::pitch_shift::-4st,ambient_09,ambient,pitch_shift,-4.0,semitones,5.176995277404785,5.287924766540527,5.075820446014404,-0.15663957595825195,7.110298156738281,6.892340660095215,6.972850322723389,-0.028469085693359375,4.63582706451416,5.161710739135742,4.736004829406738,-0.1627640724182129,6.948678970336914,6.816740036010742,6.888186454772949,0.005476951599121094
ambient_09::pitch_shift::-2st,ambient_09,ambient,pitch_shift,-2.0,semitones,5.176995277404785,5.450084209442139,5.123440265655518,-0.19009947776794434,7.110298156738281,7.067337512969971,7.0648016929626465,-0.024016141891479492,4.63582706451416,4.848950386047363,4.4726386070251465,-0.26975011825561523,6.948678970336914,7.030052661895752,7.000312805175781,0.010946989059448242
ambient_09::pitch_shift::-1st,ambient_09,ambient,pitch_shift,-1.0,semitones,5.176995277404785,5.665410041809082,5.231958866119385,-0.18924379348754883,7.110298156738281,7.137143611907959,7.091981410980225,-0.03173947334289551,4.63582706451416,4.9564290046691895,4.748237609863281,-0.047890424728393555,6.948678970336914,7.071535587310791,7.033698558807373,0.023591279983520508
ambient_09::pitch_shift::+1st,ambient_09,ambient,pitch_shift,1.0,semitones,5.176995277404785,5.596983909606934,5.30642557144165,-0.08056402206420898,7.110298156738281,7.046878814697266,7.066355228424072,-0.012233257293701172,4.63582706451416,4.90875244140625,4.756478786468506,-0.01581096649169922,6.948678970336914,6.892064571380615,6.958406925201416,0.03803515434265137
ambient_09::pitch_shift::+2st,ambient_09,ambient,pitch_shift,2.0,semitones,5.176995277404785,5.382389545440674,5.1219401359558105,-0.15775227546691895,7.110298156738281,6.814431667327881,6.9585676193237305,-0.003797292709350586,4.63582706451416,4.744892120361328,4.4570465087890625,-0.23331308364868164,6.948678970336914,6.787235260009766,6.913528919219971,0.04557180404663086
ambient_09::pitch_shift::+4st,ambient_09,ambient,pitch_shift,4.0,semitones,5.176995277404785,5.6409502029418945,5.280292987823486,-0.12867975234985352,7.110298156738281,6.908834457397461,7.043132781982422,0.03356647491455078,4.63582706451416,4.908422946929932,4.562409400939941,-0.2097156047821045,6.948678970336914,6.929715156555176,6.994938850402832,0.05574178695678711
ambient_09::time_stretch::-20pct,ambient_09,ambient,time_stretch,-20.0,percent_tempo,5.176995277404785,5.04594612121582,4.909095764160156,-0.20237493515014648,7.110298156738281,6.7911834716796875,6.948033332824707,-0.0027074813842773438,4.63582706451416,4.057882785797119,4.041130065917969,-0.3057248592376709,6.948678970336914,6.716176986694336,6.887734889984131,0.05530691146850586
ambient_09::time_stretch::-10pct,ambient_09,ambient,time_stretch,-10.0,percent_tempo,5.176995277404785,5.472846031188965,5.151218891143799,-0.17370176315307617,7.110298156738281,7.108941555023193,7.134801864624023,0.025182008743286133,4.63582706451416,4.610390663146973,4.4435625076293945,-0.17954635620117188,6.948678970336914,7.05007266998291,7.043935775756836,0.04455995559692383
ambient_09::time_stretch::-5pct,ambient_09,ambient,time_stretch,-5.0,percent_tempo,5.176995277404785,5.47420597076416,5.110591888427734,-0.21500873565673828,7.110298156738281,7.008590221405029,7.046609401702881,-0.012834787368774414,4.63582706451416,4.88007116317749,4.461556434631348,-0.29639267921447754,6.948678970336914,6.968472480773926,6.983630657196045,0.025054931640625
ambient_09::time_stretch::+5pct,ambient_09,ambient,time_stretch,5.0,percent_tempo,5.176995277404785,5.4908061027526855,5.184084892272949,-0.14981579780578613,7.110298156738281,7.172516345977783,7.107176780700684,-0.03423047065734863,4.63582706451416,4.747289657592773,4.582304000854492,-0.10925436019897461,6.948678970336914,7.125329494476318,7.049076557159424,0.012072324752807617
ambient_09::time_stretch::+10pct,ambient_09,ambient,time_stretch,10.0,percent_tempo,5.176995277404785,5.62939977645874,5.180625915527344,-0.22257161140441895,7.110298156738281,7.031675338745117,6.996819972991943,-0.07416677474975586,4.63582706451416,5.235991477966309,4.751181125640869,-0.18472814559936523,6.948678970336914,6.922430515289307,6.888078212738037,-0.04747653007507324
ambient_09::time_stretch::+20pct,ambient_09,ambient,time_stretch,20.0,percent_tempo,5.176995277404785,5.812108039855957,5.408090114593506,-0.08646154403686523,7.110298156738281,7.074676513671875,7.0933427810668945,0.0008554458618164062,4.63582706451416,5.167885780334473,4.906965732574463,0.005109310150146484,6.948678970336914,6.935086250305176,6.948317050933838,0.006434440612792969
ambient_09::lowpass::lp8000,ambient_09,ambient,lowpass,8000.0,hz_cutoff,5.176995277404785,5.262112140655518,5.065176963806152,-0.15437674522399902,7.110298156738281,7.129220962524414,7.073673725128174,-0.04608583450317383,4.63582706451416,4.751134872436523,4.483176231384277,-0.21030473709106445,6.948678970336914,6.970897197723389,6.977386951446533,0.017598867416381836
ambient_09::lowpass::lp4000,ambient_09,ambient,lowpass,4000.0,hz_cutoff,5.176995277404785,6.048796653747559,5.501008033752441,-0.11188793182373047,7.110298156738281,7.257793426513672,7.252396583557129,0.06835079193115234,4.63582706451416,4.291470050811768,4.250585556030273,-0.21306300163269043,6.948678970336914,7.266679763793945,7.220187664031982,0.11250829696655273
ambient_09::lowpass::lp2000,ambient_09,ambient,lowpass,2000.0,hz_cutoff,5.176995277404785,5.944271564483643,5.345448970794678,-0.21518445014953613,7.110298156738281,7.1620330810546875,7.232794284820557,0.09662866592407227,4.63582706451416,3.7607216835021973,3.8076372146606445,-0.3906371593475342,6.948678970336914,7.202528476715088,7.255431652069092,0.17982792854309082
ambient_09::distortion::drv4,ambient_09,ambient,distortion,4.0,tanh_drive,5.176995277404785,5.137941360473633,4.994478702545166,-0.16298961639404297,7.110298156738281,7.056174278259277,7.03126335144043,-0.05197286605834961,4.63582706451416,4.727839946746826,4.471531391143799,-0.21030211448669434,6.948678970336914,6.83870792388916,6.917245388031006,0.02355194091796875
ambient_09::distortion::drv12,ambient_09,ambient,distortion,12.0,tanh_drive,5.176995277404785,4.187696933746338,4.627644062042236,-0.054702043533325195,7.110298156738281,5.993777275085449,6.449549674987793,-0.10248804092407227,4.63582706451416,4.978006839752197,4.657404899597168,-0.14951205253601074,6.948678970336914,5.787953853607178,6.488498210906982,0.12018179893493652
ambient_09::distortion::drv32,ambient_09,ambient,distortion,32.0,tanh_drive,5.176995277404785,2.439049482345581,3.9481520652770996,0.1401296854019165,7.110298156738281,2.934438943862915,5.232048511505127,0.2096799612045288,4.63582706451416,5.111233711242676,4.774982452392578,-0.09854793548583984,6.948678970336914,3.8577167987823486,5.667626857757568,0.264428973197937
ambient_09::style_swap::swap_cross,ambient_09,ambient,style_swap,nan,cross_genre,5.176995277404785,7.77541446685791,6.3724565505981445,-0.10374832153320312,7.110298156738281,7.960901737213135,7.539651870727539,0.004051923751831055,4.63582706451416,6.226013660430908,5.813776969909668,0.3828566074371338,6.948678970336914,8.507424354553223,7.885382175445557,0.15733051300048828
ambient_09::style_swap::swap_same,ambient_09,ambient,style_swap,nan,same_genre,5.176995277404785,7.354621887207031,5.9956560134887695,-0.27015256881713867,7.110298156738281,7.793764591217041,7.396475315093994,-0.05555605888366699,4.63582706451416,4.752625465393066,4.460076808929443,-0.23414945602416992,6.948678970336914,7.662374496459961,7.307100772857666,0.0015740394592285156
ambient_10::control::ctrl,ambient_10,ambient,control,0.0,none,3.459628105163574,3.459628105163574,3.3426260948181152,-0.11700201034545898,5.265851020812988,5.265851020812988,5.212061882019043,-0.05378913879394531,2.5610201358795166,2.5610201358795166,2.4941866397857666,-0.06683349609375,5.859566688537598,5.859566688537598,5.867908477783203,0.008341789245605469
ambient_10::pitch_shift::-4st,ambient_10,ambient,pitch_shift,-4.0,semitones,3.459628105163574,2.9206039905548096,3.1766514778137207,-0.013464570045471191,5.265851020812988,4.403382778167725,4.911675930023193,0.07705903053283691,2.5610201358795166,2.577105760574341,2.5756027698516846,0.006539821624755859,5.859566688537598,5.445089340209961,5.760693073272705,0.10836505889892578
ambient_10::pitch_shift::-2st,ambient_10,ambient,pitch_shift,-2.0,semitones,3.459628105163574,3.387136220932007,3.360438585281372,-0.06294357776641846,5.265851020812988,4.9009881019592285,5.122760772705078,0.03934121131896973,2.5610201358795166,2.9126741886138916,2.6697680950164795,-0.06707906723022461,5.859566688537598,5.5789265632629395,5.8275275230407715,0.10828089714050293
ambient_10::pitch_shift::-1st,ambient_10,ambient,pitch_shift,-1.0,semitones,3.459628105163574,3.4694271087646484,3.3827853202819824,-0.0817422866821289,5.265851020812988,5.337136745452881,5.365569591522217,0.06407570838928223,2.5610201358795166,2.8153810501098633,2.6028473377227783,-0.08535325527191162,5.859566688537598,5.955061435699463,6.007068634033203,0.09975457191467285
ambient_10::pitch_shift::+1st,ambient_10,ambient,pitch_shift,1.0,semitones,3.459628105163574,3.994058132171631,3.69530987739563,-0.031533241271972656,5.265851020812988,5.964158058166504,5.846268177032471,0.2312636375427246,2.5610201358795166,3.073190927505493,2.691716432571411,-0.12538909912109375,5.859566688537598,6.0543413162231445,6.166718482971191,0.2097644805908203
ambient_10::pitch_shift::+2st,ambient_10,ambient,pitch_shift,2.0,semitones,3.459628105163574,3.7330756187438965,3.6422829627990723,0.045931100845336914,5.265851020812988,5.368106365203857,5.675020694732666,0.35804200172424316,2.5610201358795166,3.0605266094207764,2.8428430557250977,0.03206968307495117,5.859566688537598,5.689076900482178,6.022676467895508,0.24835467338562012
ambient_10::pitch_shift::+4st,ambient_10,ambient,pitch_shift,4.0,semitones,3.459628105163574,4.024820804595947,3.7778730392456055,0.03564858436584473,5.265851020812988,6.276740550994873,6.1414794921875,0.37018370628356934,2.5610201358795166,3.501490831375122,3.1257691383361816,0.0945136547088623,5.859566688537598,6.129992961883545,6.178302764892578,0.18352293968200684
ambient_10::time_stretch::-20pct,ambient_10,ambient,time_stretch,-20.0,percent_tempo,3.459628105163574,3.4628210067749023,3.3843629360198975,-0.07686161994934082,5.265851020812988,5.131302356719971,5.307121276855469,0.10854458808898926,2.5610201358795166,2.7430825233459473,2.5575878620147705,-0.09446346759796143,5.859566688537598,5.645622730255127,5.854916095733643,0.10232138633728027
ambient_10::time_stretch::-10pct,ambient_10,ambient,time_stretch,-10.0,percent_tempo,3.459628105163574,3.7470710277557373,3.522653818130493,-0.0806957483291626,5.265851020812988,5.534853458404541,5.452532768249512,0.05218052864074707,2.5610201358795166,3.0336592197418213,2.7124619483947754,-0.08487772941589355,5.859566688537598,5.87202262878418,5.96769380569458,0.1018991470336914
ambient_10::time_stretch::-5pct,ambient_10,ambient,time_stretch,-5.0,percent_tempo,3.459628105163574,3.887571096420288,3.571976900100708,-0.10162270069122314,5.265851020812988,5.861491680145264,5.641819477081299,0.07814812660217285,2.5610201358795166,2.7185511589050293,2.5548791885375977,-0.08490645885467529,5.859566688537598,6.111270904541016,6.105058193206787,0.11963939666748047
ambient_10::time_stretch::+5pct,ambient_10,ambient,time_stretch,5.0,percent_tempo,3.459628105163574,3.7397966384887695,3.522998094558716,-0.07671427726745605,5.265851020812988,5.574783802032471,5.462822914123535,0.042505502700805664,2.5610201358795166,2.898104429244995,2.6523685455322266,-0.0771937370300293,5.859566688537598,5.873376846313477,5.957589626312256,0.09111785888671875
ambient_10::time_stretch::+10pct,ambient_10,ambient,time_stretch,10.0,percent_tempo,3.459628105163574,3.538153648376465,3.4024698734283447,-0.0964210033416748,5.265851020812988,5.433963298797607,5.301975727081299,-0.04793143272399902,2.5610201358795166,2.6878855228424072,2.576138973236084,-0.04831385612487793,5.859566688537598,5.872559070587158,5.893014907836914,0.026952028274536133
ambient_10::time_stretch::+20pct,ambient_10,ambient,time_stretch,20.0,percent_tempo,3.459628105163574,3.6065726280212402,3.4487576484680176,-0.08434271812438965,5.265851020812988,5.702149391174316,5.442567348480225,-0.041432857513427734,2.5610201358795166,2.739025354385376,2.6023523807525635,-0.04767036437988281,5.859566688537598,6.054396152496338,6.003901481628418,0.046920061111450195
ambient_10::lowpass::lp8000,ambient_10,ambient,lowpass,8000.0,hz_cutoff,3.459628105163574,3.436643362045288,3.3404483795166016,-0.10768735408782959,5.265851020812988,5.293572902679443,5.227748394012451,-0.05196356773376465,2.5610201358795166,2.536731719970703,2.4829719066619873,-0.06590402126312256,5.859566688537598,5.881726264953613,5.878427982330322,0.007781505584716797
ambient_10::lowpass::lp4000,ambient_10,ambient,lowpass,4000.0,hz_cutoff,3.459628105163574,3.4972832202911377,3.459038734436035,-0.0194169282913208,5.265851020812988,5.583568096160889,5.719038963317871,0.2943294048309326,2.5610201358795166,2.36706280708313,2.4242734909057617,-0.03976798057556152,5.859566688537598,5.836979866027832,6.005395412445068,0.15712213516235352
ambient_10::lowpass::lp2000,ambient_10,ambient,lowpass,2000.0,hz_cutoff,3.459628105163574,3.4385132789611816,3.429212808609009,-0.01985788345336914,5.265851020812988,5.95641565322876,5.920925617218018,0.30979228019714355,2.5610201358795166,2.081249475479126,2.278315782546997,-0.04281902313232422,5.859566688537598,6.3638739585876465,6.239627838134766,0.12790751457214355
ambient_10::distortion::drv4,ambient_10,ambient,distortion,4.0,tanh_drive,3.459628105163574,3.4265754222869873,3.3129332065582275,-0.13016855716705322,5.265851020812988,5.164422988891602,5.133263111114502,-0.08187389373779297,2.5610201358795166,2.590773105621338,2.5123443603515625,-0.06355226039886475,5.859566688537598,5.778968334197998,5.810939311981201,-0.00832819938659668
ambient_10::distortion::drv12,ambient_10,ambient,distortion,12.0,tanh_drive,3.459628105163574,2.6403861045837402,3.0227582454681396,-0.027248859405517578,5.265851020812988,3.4627022743225098,4.566873550415039,0.20259690284729004,2.5610201358795166,2.641174554824829,2.550769805908203,-0.05032753944396973,5.859566688537598,4.627741813659668,5.372035026550293,0.12838077545166016
ambient_10::distortion::drv32,ambient_10,ambient,distortion,32.0,tanh_drive,3.459628105163574,1.5734742879867554,2.5719246864318848,0.05537348985671997,5.265851020812988,2.6889476776123047,4.271005153656006,0.2936058044433594,2.5610201358795166,2.413306713104248,2.4925074577331543,0.005344033241271973,5.859566688537598,3.8416504859924316,5.01447868347168,0.16387009620666504
ambient_10::style_swap::swap_cross,ambient_10,ambient,style_swap,nan,cross_genre,3.459628105163574,5.924849033355713,4.2894744873046875,-0.40276408195495605,5.265851020812988,7.952432155609131,7.058067321777344,0.4489257335662842,2.5610201358795166,3.194392681121826,3.152496099472046,0.2747896909713745,5.859566688537598,7.262596607208252,6.933613300323486,0.3725316524505615
ambient_10::style_swap::swap_same,ambient_10,ambient,style_swap,nan,same_genre,3.459628105163574,5.607204437255859,4.478862762451172,-0.05455350875854492,5.265851020812988,7.176731109619141,6.525238037109375,0.30394697189331055,2.5610201358795166,4.58097505569458,3.6411821842193604,0.07018458843231201,5.859566688537598,7.444424152374268,6.787008762359619,0.13501334190368652
ambient_11::control::ctrl,ambient_11,ambient,control,0.0,none,5.191967010498047,5.207038402557373,5.1740641593933105,-0.025438547134399414,5.7500739097595215,5.7630228996276855,5.890787601470947,0.13423919677734375,4.235572338104248,4.23649263381958,4.057483196258545,-0.17854928970336914,6.2382097244262695,6.248943328857422,6.3222761154174805,0.07869958877563477
ambient_11::pitch_shift::-4st,ambient_11,ambient,pitch_shift,-4.0,semitones,5.191967010498047,5.930919647216797,5.479747772216797,-0.081695556640625,5.7500739097595215,6.007279872894287,6.009622097015381,0.13094520568847656,4.235572338104248,4.356286525726318,4.070699214935303,-0.22523021697998047,6.2382097244262695,6.382374286651611,6.44983434677124,0.1395423412322998
ambient_11::pitch_shift::-2st,ambient_11,ambient,pitch_shift,-2.0,semitones,5.191967010498047,5.558224678039551,5.306574821472168,-0.06852102279663086,5.7500739097595215,5.661080360412598,5.855233192443848,0.14965605735778809,4.235572338104248,4.445333480834961,4.096892833709717,-0.2435600757598877,6.2382097244262695,5.963527679443359,6.196201324462891,0.09533262252807617
ambient_11::pitch_shift::-1st,ambient_11,ambient,pitch_shift,-1.0,semitones,5.191967010498047,5.5986456871032715,5.306656837463379,-0.08864951133728027,5.7500739097595215,5.731670379638672,5.875946521759033,0.13507437705993652,4.235572338104248,4.277679443359375,4.004424095153809,-0.25220179557800293,6.2382097244262695,5.930848121643066,6.164021968841553,0.07949304580688477
ambient_11::pitch_shift::+1st,ambient_11,ambient,pitch_shift,1.0,semitones,5.191967010498047,5.129005432128906,5.133671283721924,-0.026814937591552734,5.7500739097595215,5.871128559112549,5.9288434982299805,0.11824226379394531,4.235572338104248,4.043410301208496,3.937753438949585,-0.2017378807067871,6.2382097244262695,6.073078632354736,6.204824924468994,0.04918074607849121
ambient_11::pitch_shift::+2st,ambient_11,ambient,pitch_shift,2.0,semitones,5.191967010498047,5.388431549072266,5.262414932250977,-0.027784347534179688,5.7500739097595215,5.854779243469238,5.904980659484863,0.1025540828704834,4.235572338104248,4.06071662902832,3.89057993888855,-0.2575645446777344,6.2382097244262695,5.873058319091797,6.091929912567139,0.03629589080810547
ambient_11::pitch_shift::+4st,ambient_11,ambient,pitch_shift,4.0,semitones,5.191967010498047,6.053695201873779,5.6268768310546875,0.004045724868774414,5.7500739097595215,6.056589603424072,6.103593826293945,0.20026206970214844,4.235572338104248,4.351344108581543,4.068018913269043,-0.22543931007385254,6.2382097244262695,6.362771511077881,6.407615661621094,0.10712504386901855
ambient_11::time_stretch::-20pct,ambient_11,ambient,time_stretch,-20.0,percent_tempo,5.191967010498047,5.558042526245117,5.414428234100342,0.039423465728759766,5.7500739097595215,5.980429172515869,6.083266258239746,0.21801471710205078,4.235572338104248,4.452119827270508,4.165593147277832,-0.1782529354095459,6.2382097244262695,6.461331367492676,6.498793125152588,0.14902257919311523
ambient_11::time_stretch::-10pct,ambient_11,ambient,time_stretch,-10.0,percent_tempo,5.191967010498047,5.754141807556152,5.414628982543945,-0.0584254264831543,5.7500739097595215,6.062088489532471,6.0959696769714355,0.18988847732543945,4.235572338104248,4.107750415802002,3.949139356613159,-0.22252202033996582,6.2382097244262695,6.273008346557617,6.396231651306152,0.14062261581420898
ambient_11::time_stretch::-5pct,ambient_11,ambient,time_stretch,-5.0,percent_tempo,5.191967010498047,5.581601619720459,5.255520820617676,-0.13126349449157715,5.7500739097595215,5.873801231384277,5.955681324005127,0.14374375343322754,4.235572338104248,4.301248550415039,4.057873249053955,-0.21053719520568848,6.2382097244262695,6.2845988273620605,6.35645866394043,0.09505438804626465
ambient_11::time_stretch::+5pct,ambient_11,ambient,time_stretch,5.0,percent_tempo,5.191967010498047,5.258934020996094,5.126601696014404,-0.09884881973266602,5.7500739097595215,5.956368923187256,5.9654459953308105,0.11222457885742188,4.235572338104248,4.092524528503418,3.9630367755889893,-0.20101165771484375,6.2382097244262695,6.031884670257568,6.191291809082031,0.056244611740112305
ambient_11::time_stretch::+10pct,ambient_11,ambient,time_stretch,10.0,percent_tempo,5.191967010498047,5.670848846435547,5.3702826499938965,-0.06112527847290039,5.7500739097595215,5.711516857147217,5.893643379211426,0.16284799575805664,4.235572338104248,4.217825889587402,4.011314868927002,-0.21538424491882324,6.2382097244262695,5.9578962326049805,6.153412818908691,0.055359840393066406
ambient_11::time_stretch::+20pct,ambient_11,ambient,time_stretch,20.0,percent_tempo,5.191967010498047,5.500131607055664,5.186285495758057,-0.15976381301879883,5.7500739097595215,5.9755024909973145,5.994268894195557,0.13148069381713867,4.235572338104248,4.20839786529541,4.0009846687316895,-0.22100043296813965,6.2382097244262695,6.216838359832764,6.294705390930176,0.06718134880065918
ambient_11::lowpass::lp8000,ambient_11,ambient,lowpass,8000.0,hz_cutoff,5.191967010498047,5.204126358032227,5.142492294311523,-0.05555438995361328,5.7500739097595215,5.889882564544678,5.944031715393066,0.1240534782409668,4.235572338104248,4.185886383056641,4.0211687088012695,-0.1895606517791748,6.2382097244262695,6.338258743286133,6.325986862182617,0.037752628326416016
ambient_11::lowpass::lp4000,ambient_11,ambient,lowpass,4000.0,hz_cutoff,5.191967010498047,5.622256278991699,5.448681831359863,0.041570186614990234,5.7500739097595215,5.737183094024658,5.847625732421875,0.10399723052978516,4.235572338104248,4.193053722381592,4.160827159881592,-0.053485870361328125,6.2382097244262695,6.005720615386963,6.208206653594971,0.08624148368835449
ambient_11::lowpass::lp2000,ambient_11,ambient,lowpass,2000.0,hz_cutoff,5.191967010498047,6.149244785308838,5.838956832885742,0.1683509349822998,5.7500739097595215,6.254511833190918,6.209596157073975,0.20730328559875488,4.235572338104248,4.459392547607422,4.261922836303711,-0.08555960655212402,6.2382097244262695,6.010144233703613,6.40078592300415,0.276608943939209
ambient_11::distortion::drv4,ambient_11,ambient,distortion,4.0,tanh_drive,5.191967010498047,4.8260040283203125,5.003079891204834,-0.005905628204345703,5.7500739097595215,5.515341758728027,5.7980570793151855,0.16534924507141113,4.235572338104248,4.359325885772705,4.092423439025879,-0.20502567291259766,6.2382097244262695,5.883464813232422,6.159008979797363,0.09817171096801758
ambient_11::distortion::drv12,ambient_11,ambient,distortion,12.0,tanh_drive,5.191967010498047,3.1407604217529297,4.097689151763916,-0.06867456436157227,5.7500739097595215,3.696376085281372,4.906519412994385,0.183294415473938,4.235572338104248,4.761111259460449,4.284463882446289,-0.21387791633605957,6.2382097244262695,4.015016555786133,5.286677837371826,0.160064697265625
ambient_11::distortion::drv32,ambient_11,ambient,distortion,32.0,tanh_drive,5.191967010498047,2.4144039154052734,3.8154797554016113,0.012294292449951172,5.7500739097595215,2.4424211978912354,4.413293361663818,0.31704580783843994,4.235572338104248,4.797388076782227,4.544902324676514,0.028422117233276367,6.2382097244262695,3.2416114807128906,4.9777512550354,0.2378406524658203
ambient_11::style_swap::swap_cross,ambient_11,ambient,style_swap,nan,cross_genre,5.191967010498047,8.389036178588867,6.963085651397705,0.17258405685424805,5.7500739097595215,8.232547760009766,7.106945514678955,0.11563467979431152,4.235572338104248,5.781090259552002,5.29720401763916,0.28887271881103516,6.2382097244262695,8.401498794555664,7.4900007247924805,0.17014646530151367
ambient_11::style_swap::swap_same,ambient_11,ambient,style_swap,nan,same_genre,5.191967010498047,5.206368923187256,5.082856178283691,-0.11631178855895996,5.7500739097595215,7.1083574295043945,6.499629497528076,0.07041382789611816,4.235572338104248,4.661566734313965,4.586625576019287,0.13805603981018066,6.2382097244262695,6.935953617095947,6.703044414520264,0.11596274375915527
ambient_12::control::ctrl,ambient_12,ambient,control,0.0,none,2.606393337249756,2.606393337249756,2.5368471145629883,-0.06954622268676758,5.291606903076172,5.291606903076172,5.35999059677124,0.06838369369506836,2.5194387435913086,2.5194387435913086,2.4629719257354736,-0.05646681785583496,5.438053131103516,5.438053131103516,5.446235656738281,0.008182525634765625
ambient_12::pitch_shift::-4st,ambient_12,ambient,pitch_shift,-4.0,semitones,2.606393337249756,2.4900155067443848,2.488283157348633,-0.0599212646484375,5.291606903076172,5.122655391693115,5.347418308258057,0.14028716087341309,2.5194387435913086,2.491687536239624,2.4742493629455566,-0.03131377696990967,5.438053131103516,4.943821907043457,5.369566440582275,0.17862892150878906
ambient_12::pitch_shift::-2st,ambient_12,ambient,pitch_shift,-2.0,semitones,2.606393337249756,2.483569622039795,2.5108065605163574,-0.03417491912841797,5.291606903076172,5.161429405212402,5.407949924468994,0.18143177032470703,2.5194387435913086,2.3477237224578857,2.4122836589813232,-0.021297574043273926,5.438053131103516,5.096365928649902,5.38740348815918,0.1201939582824707
ambient_12::pitch_shift::-1st,ambient_12,ambient,pitch_shift,-1.0,semitones,2.606393337249756,2.4596309661865234,2.498800039291382,-0.03421211242675781,5.291606903076172,5.18320369720459,5.344044208526611,0.10663890838623047,2.5194387435913086,2.3747148513793945,2.4258570671081543,-0.021219730377197266,5.438053131103516,5.149392604827881,5.352062702178955,0.058339834213256836
ambient_12::pitch_shift::+1st,ambient_12,ambient,pitch_shift,1.0,semitones,2.606393337249756,2.575484275817871,2.506248712539673,-0.08469009399414062,5.291606903076172,5.208101272583008,5.344078063964844,0.0942239761352539,2.5194387435913086,2.3512468338012695,2.368856191635132,-0.06648659706115723,5.438053131103516,5.378934860229492,5.476963043212891,0.06846904754638672
ambient_12::pitch_shift::+2st,ambient_12,ambient,pitch_shift,2.0,semitones,2.606393337249756,2.439755439758301,2.453507423400879,-0.06956696510314941,5.291606903076172,4.985823154449463,5.267767429351807,0.12905240058898926,2.5194387435913086,2.264533519744873,2.348597764968872,-0.04338836669921875,5.438053131103516,5.156676292419434,5.383969783782959,0.08660507202148438
ambient_12::pitch_shift::+4st,ambient_12,ambient,pitch_shift,4.0,semitones,2.606393337249756,2.373868465423584,2.4144954681396484,-0.07563543319702148,5.291606903076172,4.759800434112549,5.118842124938965,0.09313845634460449,2.5194387435913086,2.3117620944976807,2.3891406059265137,-0.026459813117980957,5.438053131103516,4.947986602783203,5.24500036239624,0.05198049545288086
ambient_12::time_stretch::-20pct,ambient_12,ambient,time_stretch,-20.0,percent_tempo,2.606393337249756,2.646470069885254,2.569688558578491,-0.05674314498901367,5.291606903076172,5.186262130737305,5.416948318481445,0.17801380157470703,2.5194387435913086,2.5019185543060303,2.49873948097229,-0.011939167976379395,5.438053131103516,5.595740795135498,5.581881046295166,0.06498408317565918
ambient_12::time_stretch::-10pct,ambient_12,ambient,time_stretch,-10.0,percent_tempo,2.606393337249756,2.5168352127075195,2.499842405319214,-0.06177186965942383,5.291606903076172,5.311161994934082,5.407966613769531,0.1065821647644043,2.5194387435913086,2.3614580631256104,2.3944499492645264,-0.045998454093933105,5.438053131103516,5.479275703430176,5.556002140045166,0.09733772277832031
ambient_12::time_stretch::-5pct,ambient_12,ambient,time_stretch,-5.0,percent_tempo,2.606393337249756,2.4021029472351074,2.454981565475464,-0.04926657676696777,5.291606903076172,4.985666275024414,5.2808451652526855,0.14220857620239258,2.5194387435913086,2.4521002769470215,2.429219961166382,-0.0565495491027832,5.438053131103516,5.1007490158081055,5.365594387054443,0.09619331359863281
ambient_12::time_stretch::+5pct,ambient_12,ambient,time_stretch,5.0,percent_tempo,2.606393337249756,2.4382684230804443,2.467628002166748,-0.05470287799835205,5.291606903076172,5.1685261726379395,5.330687999725342,0.10062146186828613,2.5194387435913086,2.4134654998779297,2.410590410232544,-0.055861711502075195,5.438053131103516,5.2104973793029785,5.377010822296143,0.05273556709289551
ambient_12::time_stretch::+10pct,ambient_12,ambient,time_stretch,10.0,percent_tempo,2.606393337249756,2.616870403289795,2.5413737297058105,-0.07025814056396484,5.291606903076172,5.176163673400879,5.351090431213379,0.11720514297485352,2.5194387435913086,2.354515552520752,2.381155252456665,-0.055821895599365234,5.438053131103516,5.3828935623168945,5.488924980163574,0.07845163345336914
ambient_12::time_stretch::+20pct,ambient_12,ambient,time_stretch,20.0,percent_tempo,2.606393337249756,2.6264431476593018,2.5619394779205322,-0.05447876453399658,5.291606903076172,5.257379531860352,5.321361541748047,0.046868324279785156,2.5194387435913086,2.308466672897339,2.3615024089813232,-0.05245029926300049,5.438053131103516,5.321281433105469,5.410843849182129,0.03117656707763672
ambient_12::lowpass::lp8000,ambient_12,ambient,lowpass,8000.0,hz_cutoff,2.606393337249756,2.6088881492614746,2.5344157218933105,-0.07322502136230469,5.291606903076172,5.287556171417236,5.355110168457031,0.06552863121032715,2.5194387435913086,2.530526876449585,2.464031457901001,-0.0609513521194458,5.438053131103516,5.403279781341553,5.412068843841553,-0.008597612380981445
ambient_12::lowpass::lp4000,ambient_12,ambient,lowpass,4000.0,hz_cutoff,2.606393337249756,2.591073989868164,2.546149730682373,-0.052583932876586914,5.291606903076172,5.26806640625,5.354137420654297,0.07430076599121094,2.5194387435913086,2.4789886474609375,2.4614765644073486,-0.037737131118774414,5.438053131103516,5.281649589538574,5.388478755950928,0.028627395629882812
ambient_12::lowpass::lp2000,ambient_12,ambient,lowpass,2000.0,hz_cutoff,2.606393337249756,2.4266164302825928,2.4809858798980713,-0.03551900386810303,5.291606903076172,4.983563423156738,5.299102306365967,0.16151714324951172,2.5194387435913086,2.293496608734131,2.3781254291534424,-0.028342247009277344,5.438053131103516,5.13332462310791,5.391897201538086,0.10620832443237305
ambient_12::distortion::drv4,ambient_12,ambient,distortion,4.0,tanh_drive,2.606393337249756,2.5656166076660156,2.5183615684509277,-0.06764340400695801,5.291606903076172,5.14970588684082,5.286266326904297,0.06560993194580078,2.5194387435913086,2.4988656044006348,2.454618453979492,-0.05453372001647949,5.438053131103516,5.237302780151367,5.354686260223389,0.017008304595947266
ambient_12::distortion::drv12,ambient_12,ambient,distortion,12.0,tanh_drive,2.606393337249756,2.465758800506592,2.442863702774048,-0.09321236610412598,5.291606903076172,4.821400165557861,5.13020658493042,0.07370305061340332,2.5194387435913086,2.6356306076049805,2.5296261310577393,-0.04790854454040527,5.438053131103516,4.8751678466796875,5.255096435546875,0.09848594665527344
ambient_12::distortion::drv32,ambient_12,ambient,distortion,32.0,tanh_drive,2.606393337249756,2.290015459060669,2.3639655113220215,-0.08423888683319092,5.291606903076172,4.378801345825195,4.8657660484313965,0.03056192398071289,2.5194387435913086,2.8132059574127197,2.6164844036102295,-0.04983794689178467,5.438053131103516,4.506424903869629,5.159835338592529,0.18759632110595703
ambient_12::style_swap::swap_cross,ambient_12,ambient,style_swap,nan,cross_genre,2.606393337249756,4.031447410583496,2.9206302165985107,-0.39829015731811523,5.291606903076172,5.461366176605225,5.390913009643555,0.014426469802856445,2.5194387435913086,3.2967286109924316,2.862701416015625,-0.04538226127624512,5.438053131103516,6.397500514984131,5.982392311096191,0.06461548805236816
ambient_12::style_swap::swap_same,ambient_12,ambient,style_swap,nan,same_genre,2.606393337249756,7.576364994049072,4.584317207336426,-0.5070619583129883,5.291606903076172,8.0612154006958,6.774638652801514,0.09822750091552734,2.5194387435913086,4.420018196105957,3.348670244216919,-0.12105822563171387,5.438053131103516,8.149321556091309,6.976522445678711,0.18283510208129883
ambient_13::control::ctrl,ambient_13,ambient,control,0.0,none,5.56828498840332,5.56828498840332,5.416016101837158,-0.1522688865661621,7.000492095947266,7.000492095947266,7.063938617706299,0.0634465217590332,4.484813690185547,4.484813690185547,4.30391788482666,-0.18089580535888672,7.230655670166016,7.230655670166016,7.303446292877197,0.07279062271118164
ambient_13::pitch_shift::-4st,ambient_13,ambient,pitch_shift,-4.0,semitones,5.56828498840332,5.404544830322266,5.230064392089844,-0.2563505172729492,7.000492095947266,7.042405128479004,7.076773643493652,0.05532503128051758,4.484813690185547,4.917252063751221,4.522005558013916,-0.17902731895446777,7.230655670166016,7.149259567260742,7.236456871032715,0.04649925231933594
ambient_13::pitch_shift::-2st,ambient_13,ambient,pitch_shift,-2.0,semitones,5.56828498840332,5.231234550476074,5.2622904777526855,-0.13746929168701172,7.000492095947266,6.930102825164795,7.041589736938477,0.07629227638244629,4.484813690185547,4.515907287597656,4.330876350402832,-0.16948413848876953,7.230655670166016,7.067381858825684,7.218311786651611,0.06929302215576172
ambient_13::pitch_shift::-1st,ambient_13,ambient,pitch_shift,-1.0,semitones,5.56828498840332,5.701904773712158,5.475222110748291,-0.15987277030944824,7.000492095947266,6.935410022735596,7.023110866546631,0.055159807205200195,4.484813690185547,4.720138072967529,4.441822052001953,-0.16065382957458496,7.230655670166016,7.104285717010498,7.231515884399414,0.06404519081115723
ambient_13::pitch_shift::+1st,ambient_13,ambient,pitch_shift,1.0,semitones,5.56828498840332,5.973273277282715,5.628211975097656,-0.14256715774536133,7.000492095947266,7.124026775360107,7.157933712005615,0.09567427635192871,4.484813690185547,4.801414966583252,4.487974643707275,-0.15513968467712402,7.230655670166016,7.3456878662109375,7.37677001953125,0.08859825134277344
ambient_13::pitch_shift::+2st,ambient_13,ambient,pitch_shift,2.0,semitones,5.56828498840332,5.737024307250977,5.594701766967773,-0.057952880859375,7.000492095947266,7.207269191741943,7.244785308837891,0.14090466499328613,4.484813690185547,4.982525825500488,4.644265651702881,-0.08940410614013672,7.230655670166016,7.379817962646484,7.421318531036377,0.11608171463012695
ambient_13::pitch_shift::+4st,ambient_13,ambient,pitch_shift,4.0,semitones,5.56828498840332,5.7347517013549805,5.629206657409668,-0.022311687469482422,7.000492095947266,6.872612953186035,7.081640243530273,0.14508771896362305,4.484813690185547,5.012034893035889,4.634124755859375,-0.11429953575134277,7.230655670166016,7.097908020019531,7.296877384185791,0.13259553909301758
ambient_13::time_stretch::-20pct,ambient_13,ambient,time_stretch,-20.0,percent_tempo,5.56828498840332,5.688151836395264,5.485804557800293,-0.14241385459899902,7.000492095947266,7.190356731414795,7.237576484680176,0.1421520709991455,4.484813690185547,4.858333587646484,4.45244836807251,-0.21912527084350586,7.230655670166016,7.34727144241333,7.39772891998291,0.1087653636932373
ambient_13::time_stretch::-10pct,ambient_13,ambient,time_stretch,-10.0,percent_tempo,5.56828498840332,5.23034143447876,5.2956156730651855,-0.10369753837585449,7.000492095947266,6.707074165344238,6.997875690460205,0.14409255981445312,4.484813690185547,4.5604963302612305,4.301407814025879,-0.22124719619750977,7.230655670166016,7.10701322555542,7.288065433502197,0.11923098564147949
ambient_13::time_stretch::-5pct,ambient_13,ambient,time_stretch,-5.0,percent_tempo,5.56828498840332,5.888521671295166,5.596533298492432,-0.13187003135681152,7.000492095947266,7.1277594566345215,7.151662826538086,0.08753705024719238,4.484813690185547,4.7123703956604,4.394826412200928,-0.2037656307220459,7.230655670166016,7.315103530883789,7.365298271179199,0.09241867065429688
ambient_13::time_stretch::+5pct,ambient_13,ambient,time_stretch,5.0,percent_tempo,5.56828498840332,5.765341281890869,5.473928451538086,-0.1928846836090088,7.000492095947266,6.985319137573242,7.074740886688232,0.08183526992797852,4.484813690185547,4.76655912399292,4.411084175109863,-0.21460223197937012,7.230655670166016,7.264303684234619,7.3316545486450195,0.08417487144470215
ambient_13::time_stretch::+10pct,ambient_13,ambient,time_stretch,10.0,percent_tempo,5.56828498840332,5.512311935424805,5.339836120605469,-0.20046234130859375,7.000492095947266,7.0976243019104,7.132702350616455,0.08364415168762207,4.484813690185547,4.546627521514893,4.259892463684082,-0.2558281421661377,7.230655670166016,7.324857711791992,7.3549370765686035,0.07718038558959961
ambient_13::time_stretch::+20pct,ambient_13,ambient,time_stretch,20.0,percent_tempo,5.56828498840332,5.5392656326293945,5.3853607177734375,-0.16841459274291992,7.000492095947266,6.992722034454346,7.068946838378906,0.07233977317810059,4.484813690185547,4.809573650360107,4.401375770568848,-0.2458178997039795,7.230655670166016,7.261229515075684,7.311339855194092,0.06539726257324219
ambient_13::lowpass::lp8000,ambient_13,ambient,lowpass,8000.0,hz_cutoff,5.56828498840332,5.6890106201171875,5.448184013366699,-0.1804637908935547,7.000492095947266,6.994121074676514,7.068693161010742,0.07138657569885254,4.484813690185547,4.506348133087158,4.295388221740723,-0.20019268989562988,7.230655670166016,7.203295707702637,7.298583984375,0.08160829544067383
ambient_13::lowpass::lp4000,ambient_13,ambient,lowpass,4000.0,hz_cutoff,5.56828498840332,5.929741859436035,5.613893508911133,-0.13511991500854492,7.000492095947266,6.950351715087891,7.141048908233643,0.16562700271606445,4.484813690185547,4.15587854385376,4.178983688354492,-0.14136242866516113,7.230655670166016,6.987207412719727,7.264581203460693,0.15564966201782227
ambient_13::lowpass::lp2000,ambient_13,ambient,lowpass,2000.0,hz_cutoff,5.56828498840332,5.5384087562561035,5.474645137786865,-0.07870173454284668,7.000492095947266,7.0270233154296875,7.240325450897217,0.22656774520874023,4.484813690185547,3.6400809288024902,4.009266376495361,-0.05318093299865723,7.230655670166016,6.866125583648682,7.274870872497559,0.22648024559020996
ambient_13::distortion::drv4,ambient_13,ambient,distortion,4.0,tanh_drive,5.56828498840332,5.069441318511963,5.220986843109131,-0.09787631034851074,7.000492095947266,6.5532660484313965,6.841565132141113,0.06468605995178223,4.484813690185547,4.9637885093688965,4.5419416427612305,-0.1823594570159912,7.230655670166016,6.752607345581055,7.081159591674805,0.08952808380126953
ambient_13::distortion::drv12,ambient_13,ambient,distortion,12.0,tanh_drive,5.56828498840332,3.0652353763580322,4.108057975769043,-0.2087022066116333,7.000492095947266,3.993828058242798,5.650569915771484,0.15340983867645264,4.484813690185547,5.122882843017578,4.6822733879089355,-0.12157487869262695,7.230655670166016,4.820882797241211,6.191811561584473,0.16604232788085938
ambient_13::distortion::drv32,ambient_13,ambient,distortion,32.0,tanh_drive,5.56828498840332,2.503262758255005,3.6336679458618164,-0.4021059274673462,7.000492095947266,2.2966761589050293,5.04549503326416,0.3969109058380127,4.484813690185547,5.160007476806641,4.6162261962890625,-0.20618438720703125,7.230655670166016,3.6744871139526367,5.720173358917236,0.26760196685791016
ambient_13::style_swap::swap_cross,ambient_13,ambient,style_swap,nan,cross_genre,5.56828498840332,7.590145587921143,6.752094268798828,0.17287898063659668,7.000492095947266,7.889762878417969,7.75635290145874,0.31122541427612305,4.484813690185547,3.5423049926757812,4.16811466217041,0.1545553207397461,7.230655670166016,7.472293376922607,7.545583724975586,0.19410920143127441
ambient_13::style_swap::swap_same,ambient_13,ambient,style_swap,nan,same_genre,5.56828498840332,5.2119574546813965,5.2813897132873535,-0.10873150825500488,7.000492095947266,7.106838226318359,7.1854939460754395,0.13182878494262695,4.484813690185547,4.666376113891602,4.334987640380859,-0.24060726165771484,7.230655670166016,6.933011531829834,7.3017354011535645,0.21990180015563965
ambient_14::control::ctrl,ambient_14,ambient,control,0.0,none,7.348349571228027,7.348349571228027,7.19020414352417,-0.15814542770385742,7.7840728759765625,7.7840728759765625,7.817656517028809,0.033583641052246094,4.708340644836426,4.708340644836426,4.419381618499756,-0.2889590263366699,7.648115634918213,7.648115634918213,7.734073638916016,0.08595800399780273
ambient_14::pitch_shift::-4st,ambient_14,ambient,pitch_shift,-4.0,semitones,7.348349571228027,7.202244281768799,7.18929386138916,-0.08600306510925293,7.7840728759765625,7.728790760040283,7.804732322692871,0.04830050468444824,4.708340644836426,4.938140869140625,4.595686912536621,-0.2275538444519043,7.648115634918213,7.67661190032959,7.720763206481934,0.05839943885803223
ambient_14::pitch_shift::-2st,ambient_14,ambient,pitch_shift,-2.0,semitones,7.348349571228027,7.050983428955078,7.12110710144043,-0.07855939865112305,7.7840728759765625,7.700034141540527,7.784531116485596,0.04247760772705078,4.708340644836426,5.185272216796875,4.704427242279053,-0.24237918853759766,7.648115634918213,7.69350528717041,7.73724365234375,0.06643319129943848
ambient_14::pitch_shift::-1st,ambient_14,ambient,pitch_shift,-1.0,semitones,7.348349571228027,7.420475006103516,7.286363124847412,-0.09804916381835938,7.7840728759765625,7.801113128662109,7.8603081703186035,0.06771516799926758,4.708340644836426,5.117157459259033,4.650148868560791,-0.2626001834869385,7.648115634918213,7.64467191696167,7.74991512298584,0.10352134704589844
ambient_14::pitch_shift::+1st,ambient_14,ambient,pitch_shift,1.0,semitones,7.348349571228027,7.12886905670166,7.050690174102783,-0.18791913986206055,7.7840728759765625,7.731044769287109,7.7923583984375,0.03479957580566406,4.708340644836426,4.271467208862305,4.222376346588135,-0.26752758026123047,7.648115634918213,7.656825542449951,7.710330009460449,0.05785942077636719
ambient_14::pitch_shift::+2st,ambient_14,ambient,pitch_shift,2.0,semitones,7.348349571228027,6.79633903503418,6.991755485534668,-0.08058881759643555,7.7840728759765625,7.606558799743652,7.7436017990112305,0.04828596115112305,4.708340644836426,4.462338924407959,4.468743801116943,-0.11659598350524902,7.648115634918213,7.543068885803223,7.6783647537231445,0.08277249336242676
ambient_14::pitch_shift::+4st,ambient_14,ambient,pitch_shift,4.0,semitones,7.348349571228027,6.930110931396484,7.029713153839111,-0.10951709747314453,7.7840728759765625,7.802862644195557,7.834307670593262,0.04083991050720215,4.708340644836426,4.487587928771973,4.348175048828125,-0.24978923797607422,7.648115634918213,7.743014812469482,7.7601118087768555,0.06454658508300781
ambient_14::time_stretch::-20pct,ambient_14,ambient,time_stretch,-20.0,percent_tempo,7.348349571228027,6.588962554931641,6.904224872589111,-0.06443119049072266,7.7840728759765625,7.704955101013184,7.804754734039307,0.060240745544433594,4.708340644836426,3.8394012451171875,4.1801958084106445,-0.09367513656616211,7.648115634918213,7.481179714202881,7.682722568511963,0.11807489395141602
ambient_14::time_stretch::-10pct,ambient_14,ambient,time_stretch,-10.0,percent_tempo,7.348349571228027,7.002695560455322,7.0424323081970215,-0.13309025764465332,7.7840728759765625,7.704113483428955,7.7939677238464355,0.04987454414367676,4.708340644836426,4.6694817543029785,4.452980041503906,-0.2359311580657959,7.648115634918213,7.594115257263184,7.705554962158203,0.08443951606750488
ambient_14::time_stretch::-5pct,ambient_14,ambient,time_stretch,-5.0,percent_tempo,7.348349571228027,7.189926624298096,7.123205184936523,-0.14593291282653809,7.7840728759765625,7.707037925720215,7.800978183746338,0.05542278289794922,4.708340644836426,4.799597263336182,4.478676795959473,-0.27529215812683105,7.648115634918213,7.5516886711120605,7.700336456298828,0.1004343032836914
ambient_14::time_stretch::+5pct,ambient_14,ambient,time_stretch,5.0,percent_tempo,7.348349571228027,7.0525617599487305,7.084156513214111,-0.11629915237426758,7.7840728759765625,7.751965522766113,7.821033477783203,0.053014278411865234,4.708340644836426,4.720831871032715,4.428526878356934,-0.2860593795776367,7.648115634918213,7.63125467300415,7.731363296508789,0.09167814254760742
ambient_14::time_stretch::+10pct,ambient_14,ambient,time_stretch,10.0,percent_tempo,7.348349571228027,6.99439811706543,7.049802303314209,-0.12157154083251953,7.7840728759765625,7.702601909637451,7.789968013763428,0.0466306209564209,4.708340644836426,4.263639450073242,4.238853931427002,-0.24713611602783203,7.648115634918213,7.624239444732666,7.727968215942383,0.09179067611694336
ambient_14::time_stretch::+20pct,ambient_14,ambient,time_stretch,20.0,percent_tempo,7.348349571228027,7.038404941558838,7.106420040130615,-0.08695721626281738,7.7840728759765625,7.670081615447998,7.799555778503418,0.0724785327911377,4.708340644836426,4.389051914215088,4.340400695800781,-0.20829558372497559,7.648115634918213,7.515897274017334,7.693853855133057,0.1118474006652832
ambient_14::lowpass::lp8000,ambient_14,ambient,lowpass,8000.0,hz_cutoff,7.348349571228027,7.296225547790527,7.170665264129639,-0.15162229537963867,7.7840728759765625,7.72312593460083,7.78855562210083,0.03495621681213379,4.708340644836426,4.656977653503418,4.372562408447266,-0.31009674072265625,7.648115634918213,7.574920654296875,7.70182991027832,0.09031176567077637
ambient_14::lowpass::lp4000,ambient_14,ambient,lowpass,4000.0,hz_cutoff,7.348349571228027,7.204324722290039,7.092226982116699,-0.18411016464233398,7.7840728759765625,7.463388442993164,7.62177848815918,-0.0019521713256835938,4.708340644836426,3.5609242916107178,4.1396589279174805,0.005026459693908691,7.648115634918213,7.195152759552002,7.491886615753174,0.0702524185180664
ambient_14::lowpass::lp2000,ambient_14,ambient,lowpass,2000.0,hz_cutoff,7.348349571228027,5.725862503051758,6.387814521789551,-0.1492915153503418,7.7840728759765625,6.888495445251465,7.4240593910217285,0.08777523040771484,4.708340644836426,3.623624324798584,4.10716438293457,-0.05881810188293457,7.648115634918213,6.708458423614502,7.32505464553833,0.14676761627197266
ambient_14::distortion::drv4,ambient_14,ambient,distortion,4.0,tanh_drive,7.348349571228027,7.28027868270874,7.154825687408447,-0.15948843955993652,7.7840728759765625,7.700760364532471,7.779598236083984,0.03718161582946777,4.708340644836426,4.532973766326904,4.358326435089111,-0.2623307704925537,7.648115634918213,7.574002265930176,7.702526092529297,0.09146714210510254
ambient_14::distortion::drv12,ambient_14,ambient,distortion,12.0,tanh_drive,7.348349571228027,6.180229187011719,6.664391040802002,-0.0998983383178711,7.7840728759765625,7.075869560241699,7.528011322021484,0.09804010391235352,4.708340644836426,3.7753140926361084,4.3554911613464355,0.11366379261016846,7.648115634918213,6.831714630126953,7.393920421600342,0.1540052890777588
ambient_14::distortion::drv32,ambient_14,ambient,distortion,32.0,tanh_drive,7.348349571228027,2.6790807247161865,5.181549072265625,0.16783392429351807,7.7840728759765625,5.030901908874512,6.63930082321167,0.2318134307861328,4.708340644836426,2.8782591819763184,4.274378776550293,0.4810788631439209,7.648115634918213,5.704401016235352,6.900561809539795,0.2243034839630127
ambient_14::style_swap::swap_cross,ambient_14,ambient,style_swap,nan,cross_genre,7.348349571228027,7.860647201538086,7.576743125915527,-0.027755260467529297,7.7840728759765625,7.655686855316162,7.784787654876709,0.06490778923034668,4.708340644836426,6.86965274810791,6.052357196807861,0.26336050033569336,7.648115634918213,8.468033790588379,8.198578834533691,0.1405041217803955
ambient_14::style_swap::swap_same,ambient_14,ambient,style_swap,nan,same_genre,7.348349571228027,3.749297857284546,5.643177032470703,0.0943533182144165,7.7840728759765625,5.048819541931152,6.688638210296631,0.27219200134277344,4.708340644836426,4.527289867401123,4.796196460723877,0.17838120460510254,7.648115634918213,5.465431213378906,6.862634181976318,0.3058607578277588
ambient_15::control::ctrl,ambient_15,ambient,control,0.0,none,3.8609938621520996,3.8609938621520996,3.8396599292755127,-0.021333932876586914,5.192150592803955,5.192150592803955,5.2372517585754395,0.045101165771484375,4.418399810791016,4.418399810791016,4.345871925354004,-0.07252788543701172,5.6619977951049805,5.6619977951049805,5.590062618255615,-0.07193517684936523
ambient_15::pitch_shift::-4st,ambient_15,ambient,pitch_shift,-4.0,semitones,3.8609938621520996,3.6775968074798584,3.8068108558654785,0.03751552104949951,5.192150592803955,5.066410064697266,5.226602554321289,0.09732222557067871,4.418399810791016,4.383022785186768,4.417322158813477,0.01661086082458496,5.6619977951049805,5.610095977783203,5.481888294219971,-0.1541585922241211
ambient_15::pitch_shift::-2st,ambient_15,ambient,pitch_shift,-2.0,semitones,3.8609938621520996,4.039083003997803,3.9430365562438965,-0.0070018768310546875,5.192150592803955,5.014364242553711,5.15507698059082,0.051819562911987305,4.418399810791016,4.54770565032959,4.42313814163208,-0.059914588928222656,5.6619977951049805,5.487265110015869,5.437202453613281,-0.13742899894714355
ambient_15::pitch_shift::-1st,ambient_15,ambient,pitch_shift,-1.0,semitones,3.8609938621520996,3.988006591796875,3.928784132003784,0.004283905029296875,5.192150592803955,5.013907432556152,5.171767234802246,0.06873822212219238,4.418399810791016,4.801297664642334,4.5296735763549805,-0.08017516136169434,5.6619977951049805,5.502691268920898,5.48248815536499,-0.09985637664794922
ambient_15::pitch_shift::+1st,ambient_15,ambient,pitch_shift,1.0,semitones,3.8609938621520996,4.287842273712158,4.017955303192139,-0.056462764739990234,5.192150592803955,5.490470886230469,5.366093635559082,0.024782896041870117,4.418399810791016,4.639809608459473,4.451105117797852,-0.07799959182739258,5.6619977951049805,5.734175205230713,5.586970329284668,-0.11111617088317871
ambient_15::pitch_shift::+2st,ambient_15,ambient,pitch_shift,2.0,semitones,3.8609938621520996,4.133505821228027,4.0475544929504395,0.05030465126037598,5.192150592803955,5.41075325012207,5.419915676116943,0.11846375465393066,4.418399810791016,4.381910800933838,4.309239387512207,-0.09091591835021973,5.6619977951049805,5.681898593902588,5.594533443450928,-0.07741475105285645
ambient_15::pitch_shift::+4st,ambient_15,ambient,pitch_shift,4.0,semitones,3.8609938621520996,4.0807929039001465,3.9909651279449463,0.020071744918823242,5.192150592803955,5.138271331787109,5.2680277824401855,0.10281682014465332,4.418399810791016,4.872088432312012,4.587243556976318,-0.05800056457519531,5.6619977951049805,5.463204383850098,5.473859786987305,-0.08874130249023438
ambient_15::time_stretch::-20pct,ambient_15,ambient,time_stretch,-20.0,percent_tempo,3.8609938621520996,3.9721217155456543,3.8927414417266846,-0.023816347122192383,5.192150592803955,5.361257076263428,5.295475006103516,0.01877117156982422,4.418399810791016,4.595142841339111,4.417922496795654,-0.08884882926940918,5.6619977951049805,5.507818222045898,5.466856956481934,-0.11805105209350586
ambient_15::time_stretch::-10pct,ambient_15,ambient,time_stretch,-10.0,percent_tempo,3.8609938621520996,4.0332794189453125,3.9131150245666504,-0.034021615982055664,5.192150592803955,5.251945972442627,5.258242130279541,0.03619384765625,4.418399810791016,4.467279434204102,4.345147609710693,-0.09769201278686523,5.6619977951049805,5.446021556854248,5.465464115142822,-0.08854556083679199
ambient_15::time_stretch::-5pct,ambient_15,ambient,time_stretch,-5.0,percent_tempo,3.8609938621520996,4.143707752227783,3.944810390472412,-0.0575404167175293,5.192150592803955,5.141429424285889,5.1906256675720215,0.02383565902709961,4.418399810791016,4.598608016967773,4.398678779602051,-0.10982513427734375,5.6619977951049805,5.48521614074707,5.459100246429443,-0.11450672149658203
ambient_15::time_stretch::+5pct,ambient_15,ambient,time_stretch,5.0,percent_tempo,3.8609938621520996,4.003324031829834,3.8839502334594727,-0.04820871353149414,5.192150592803955,5.068978786468506,5.166874408721924,0.03630971908569336,4.418399810791016,4.691354751586914,4.463138103485107,-0.09173917770385742,5.6619977951049805,5.5780792236328125,5.501580715179443,-0.11845779418945312
ambient_15::time_stretch::+10pct,ambient_15,ambient,time_stretch,10.0,percent_tempo,3.8609938621520996,3.9135537147521973,3.9106552600860596,0.023381471633911133,5.192150592803955,5.0186448097229,5.151769638061523,0.0463719367980957,4.418399810791016,4.4234700202941895,4.379189968109131,-0.04174494743347168,5.6619977951049805,5.262746810913086,5.399707317352295,-0.06266498565673828
ambient_15::time_stretch::+20pct,ambient_15,ambient,time_stretch,20.0,percent_tempo,3.8609938621520996,3.6836352348327637,3.7966480255126953,0.024333477020263672,5.192150592803955,4.8714518547058105,5.103476524353027,0.07167530059814453,4.418399810791016,4.336343288421631,4.31976842880249,-0.05760312080383301,5.6619977951049805,5.409243583679199,5.492539882659912,-0.043080806732177734
ambient_15::lowpass::lp8000,ambient_15,ambient,lowpass,8000.0,hz_cutoff,3.8609938621520996,3.8905718326568604,3.857949733734131,-0.01783311367034912,5.192150592803955,5.215322494506836,5.249563694000244,0.04582715034484863,4.418399810791016,4.4090189933776855,4.34047269821167,-0.07323670387268066,5.6619977951049805,5.641855716705322,5.585974216461182,-0.06595253944396973
ambient_15::lowpass::lp4000,ambient_15,ambient,lowpass,4000.0,hz_cutoff,3.8609938621520996,4.019082069396973,4.027987957000732,0.08794999122619629,5.192150592803955,5.887094020843506,5.6960978507995605,0.15647554397583008,4.418399810791016,4.223456382751465,4.2298173904418945,-0.0911107063293457,5.6619977951049805,5.936005592346191,5.783538818359375,-0.015462875366210938
ambient_15::lowpass::lp2000,ambient_15,ambient,lowpass,2000.0,hz_cutoff,3.8609938621520996,4.6123199462890625,4.333148956298828,0.09649205207824707,5.192150592803955,7.014920234680176,6.23960018157959,0.13606476783752441,4.418399810791016,2.679098606109619,3.6975343227386475,0.14878511428833008,5.6619977951049805,7.130300521850586,6.2678070068359375,-0.1283421516418457
ambient_15::distortion::drv4,ambient_15,ambient,distortion,4.0,tanh_drive,3.8609938621520996,3.8116512298583984,3.820934772491455,-0.015387773513793945,5.192150592803955,5.1628642082214355,5.2164716720581055,0.038964271545410156,4.418399810791016,4.448713302612305,4.357449531555176,-0.07610702514648438,5.6619977951049805,5.657625675201416,5.577090263366699,-0.08272147178649902
ambient_15::distortion::drv12,ambient_15,ambient,distortion,12.0,tanh_drive,3.8609938621520996,3.3277587890625,3.6159772872924805,0.021600961685180664,5.192150592803955,4.968524932861328,5.081913948059082,0.0015761852264404297,4.418399810791016,4.356930255889893,4.3991546630859375,0.011489629745483398,5.6619977951049805,5.620179176330566,5.5088019371032715,-0.13228654861450195
ambient_15::distortion::drv32,ambient_15,ambient,distortion,32.0,tanh_drive,3.8609938621520996,2.7903902530670166,3.413282632827759,0.08759057521820068,5.192150592803955,4.320816516876221,4.903761863708496,0.1472783088684082,4.418399810791016,4.361571788787842,4.517927646636963,0.12794184684753418,5.6619977951049805,5.36165714263916,5.5066657066345215,-0.005161762237548828
ambient_15::style_swap::swap_cross,ambient_15,ambient,style_swap,nan,cross_genre,3.8609938621520996,7.965937614440918,5.807380676269531,-0.10608506202697754,5.192150592803955,8.199445724487305,6.463252544403076,-0.2325456142425537,4.418399810791016,5.884923458099365,5.35122013092041,0.19955849647521973,5.6619977951049805,8.105035781860352,6.561668395996094,-0.32184839248657227
ambient_15::style_swap::swap_same,ambient_15,ambient,style_swap,nan,same_genre,3.8609938621520996,3.542623281478882,3.751253128051758,0.04944455623626709,5.192150592803955,5.573482990264893,5.446898937225342,0.06408214569091797,4.418399810791016,2.476348400115967,3.582364797592163,0.13499069213867188,5.6619977951049805,6.1152024269104,5.782432556152344,-0.10616755485534668
electronic_01::control::ctrl,electronic_01,electronic,control,0.0,none,3.7027156352996826,3.7027156352996826,3.574155807495117,-0.12855982780456543,5.786867618560791,5.786867618560791,5.833743572235107,0.046875953674316406,2.651987075805664,2.651987075805664,2.583065986633301,-0.06892108917236328,6.6791157722473145,6.6791157722473145,6.752966403961182,0.07385063171386719
electronic_01::pitch_shift::-4st,electronic_01,electronic,pitch_shift,-4.0,semitones,3.7027156352996826,3.298213481903076,3.443537712097168,-0.056926846504211426,5.786867618560791,5.599700927734375,5.732519149780273,0.03923487663269043,2.651987075805664,2.7284538745880127,2.6113784313201904,-0.07884204387664795,6.6791157722473145,6.337778091430664,6.624172687530518,0.11572575569152832
electronic_01::pitch_shift::-2st,electronic_01,electronic,pitch_shift,-2.0,semitones,3.7027156352996826,3.5045526027679443,3.5785908699035645,-0.025043249130249023,5.786867618560791,5.5037360191345215,5.774954319000244,0.1296525001525879,2.651987075805664,2.706240177154541,2.6947896480560303,0.015676021575927734,6.6791157722473145,6.305695533752441,6.711338043212891,0.2189323902130127
electronic_01::pitch_shift::-1st,electronic_01,electronic,pitch_shift,-1.0,semitones,3.7027156352996826,3.516995668411255,3.516885995864868,-0.09296965599060059,5.786867618560791,5.48831033706665,5.7473649978637695,0.10977602005004883,2.651987075805664,2.939964532852173,2.6973209381103516,-0.0986548662185669,6.6791157722473145,6.265592098236084,6.624153137207031,0.15179920196533203
electronic_01::pitch_shift::+1st,electronic_01,electronic,pitch_shift,1.0,semitones,3.7027156352996826,3.5513782501220703,3.5437796115875244,-0.08326733112335205,5.786867618560791,5.705456256866455,5.804466724395752,0.058304786682128906,2.651987075805664,2.9107964038848877,2.7865397930145264,0.005148053169250488,6.6791157722473145,6.526939868927002,6.650338649749756,0.047310829162597656
electronic_01::pitch_shift::+2st,electronic_01,electronic,pitch_shift,2.0,semitones,3.7027156352996826,3.524712324142456,3.486846923828125,-0.12686705589294434,5.786867618560791,5.365457534790039,5.629557132720947,0.05339455604553223,2.651987075805664,3.060980796813965,2.8018898963928223,-0.05459403991699219,6.6791157722473145,6.167830944061279,6.4800262451171875,0.056552886962890625
electronic_01::pitch_shift::+4st,electronic_01,electronic,pitch_shift,4.0,semitones,3.7027156352996826,3.4685370922088623,3.4980475902557373,-0.08757877349853516,5.786867618560791,5.217798233032227,5.576690196990967,0.07435727119445801,2.651987075805664,3.1632838249206543,2.827042579650879,-0.08059287071228027,6.6791157722473145,5.9839067459106445,6.406266689300537,0.07475543022155762
electronic_01::time_stretch::-20pct,electronic_01,electronic,time_stretch,-20.0,percent_tempo,3.7027156352996826,3.649893283843994,3.5133466720581055,-0.1629577875137329,5.786867618560791,6.181055068969727,6.107908725738525,0.1239473819732666,2.651987075805664,2.984858512878418,2.68186092376709,-0.13656187057495117,6.6791157722473145,6.666724681854248,6.827744007110596,0.15482378005981445
electronic_01::time_stretch::-10pct,electronic_01,electronic,time_stretch,-10.0,percent_tempo,3.7027156352996826,3.620278835296631,3.566521406173706,-0.09497582912445068,5.786867618560791,6.091618537902832,6.015480041503906,0.07623696327209473,2.651987075805664,2.9987502098083496,2.7225937843322754,-0.10277485847473145,6.6791157722473145,6.6732354164123535,6.793191432952881,0.11701583862304688
electronic_01::time_stretch::-5pct,electronic_01,electronic,time_stretch,-5.0,percent_tempo,3.7027156352996826,3.474226474761963,3.5239861011505127,-0.06448495388031006,5.786867618560791,5.541001319885254,5.786585807800293,0.12265133857727051,2.651987075805664,3.0502889156341553,2.7788872718811035,-0.07225072383880615,6.6791157722473145,6.332592964172363,6.653148651123047,0.147294282913208
electronic_01::time_stretch::+5pct,electronic_01,electronic,time_stretch,5.0,percent_tempo,3.7027156352996826,3.552537441253662,3.555870532989502,-0.07175600528717041,5.786867618560791,5.282392978668213,5.575974464416504,0.04134416580200195,2.651987075805664,2.9801454544067383,2.7509117126464844,-0.0651545524597168,6.6791157722473145,5.985567092895508,6.375420570373535,0.04307913780212402
electronic_01::time_stretch::+10pct,electronic_01,electronic,time_stretch,10.0,percent_tempo,3.7027156352996826,3.8051340579986572,3.6277658939361572,-0.1261589527130127,5.786867618560791,5.758788108825684,5.780181884765625,0.007354021072387695,2.651987075805664,2.855727434158325,2.676938772201538,-0.07691848278045654,6.6791157722473145,6.561586856842041,6.649199962615967,0.028848648071289062
electronic_01::time_stretch::+20pct,electronic_01,electronic,time_stretch,20.0,percent_tempo,3.7027156352996826,3.6920878887176514,3.5874404907226562,-0.10996127128601074,5.786867618560791,5.534186363220215,5.642246723175049,-0.0182802677154541,2.651987075805664,2.6858139038085938,2.6989967823028564,0.03009629249572754,6.6791157722473145,6.4014811515808105,6.547149181365967,0.006850719451904297
electronic_01::lowpass::lp8000,electronic_01,electronic,lowpass,8000.0,hz_cutoff,3.7027156352996826,3.6755869388580322,3.5691046714782715,-0.12004661560058594,5.786867618560791,5.766260623931885,5.829686164855957,0.05312204360961914,2.651987075805664,2.650574207305908,2.5956389904022217,-0.05564165115356445,6.6791157722473145,6.655955791473389,6.748625755310059,0.08108997344970703
electronic_01::lowpass::lp4000,electronic_01,electronic,lowpass,4000.0,hz_cutoff,3.7027156352996826,3.5439822673797607,3.5836501121520996,-0.03969883918762207,5.786867618560791,6.0616254806518555,6.158553600311279,0.23430705070495605,2.651987075805664,2.566729784011841,2.6452407836914062,0.03588235378265381,6.6791157722473145,6.834336280822754,6.917178153991699,0.16045212745666504
electronic_01::lowpass::lp2000,electronic_01,electronic,lowpass,2000.0,hz_cutoff,3.7027156352996826,3.593623638153076,3.549605369567871,-0.0985642671585083,5.786867618560791,6.316970348358154,6.339210033416748,0.2872910499572754,2.651987075805664,2.4832186698913574,2.553128957748413,-0.014473915100097656,6.6791157722473145,7.099682807922363,7.069877624511719,0.18047833442687988
electronic_01::distortion::drv4,electronic_01,electronic,distortion,4.0,tanh_drive,3.7027156352996826,3.699791431427002,3.5735981464385986,-0.12765538692474365,5.786867618560791,5.786942958831787,5.836089134216309,0.04918384552001953,2.651987075805664,2.649630069732666,2.5817880630493164,-0.06902050971984863,6.6791157722473145,6.6791486740112305,6.755553245544434,0.07642102241516113
electronic_01::distortion::drv12,electronic_01,electronic,distortion,12.0,tanh_drive,3.7027156352996826,3.6959879398345947,3.5728981494903564,-0.12645363807678223,5.786867618560791,5.790770530700684,5.837498664855957,0.04867959022521973,2.651987075805664,2.651639223098755,2.5835838317871094,-0.0682293176651001,6.6791157722473145,6.680427551269531,6.755950927734375,0.07617926597595215
electronic_01::distortion::drv32,electronic_01,electronic,distortion,32.0,tanh_drive,3.7027156352996826,3.714731216430664,3.582231283187866,-0.12649214267730713,5.786867618560791,5.747893333435059,5.836758613586426,0.06937813758850098,2.651987075805664,2.697385311126709,2.5938525199890137,-0.08083367347717285,6.6791157722473145,6.622140884399414,6.750472545623779,0.09984421730041504
electronic_01::style_swap::swap_cross,electronic_01,electronic,style_swap,nan,cross_genre,3.7027156352996826,3.743316173553467,3.585190773010254,-0.1378251314163208,5.786867618560791,6.756992340087891,6.345982074737549,0.07405209541320801,2.651987075805664,2.063119888305664,2.3286571502685547,-0.028896331787109375,6.6791157722473145,7.246708869934082,7.012032508850098,0.049120187759399414
electronic_01::style_swap::swap_same,electronic_01,electronic,style_swap,nan,same_genre,3.7027156352996826,6.99385929107666,5.118560791015625,-0.2297266721725464,5.786867618560791,8.113444328308105,6.955458164215088,0.0053021907806396484,2.651987075805664,5.653357028961182,4.0758867263793945,-0.07678532600402832,6.6791157722473145,7.9947123527526855,7.391077995300293,0.05416393280029297
electronic_02::control::ctrl,electronic_02,electronic,control,0.0,none,4.401826858520508,4.403124809265137,4.223021030426025,-0.17945480346679688,5.6226701736450195,5.622640609741211,5.665087699890137,0.042432308197021484,4.228513240814209,4.231114387512207,4.116835117340088,-0.11297869682312012,6.340216159820557,6.338153839111328,6.407850742340088,0.06866574287414551
electronic_02::pitch_shift::-4st,electronic_02,electronic,pitch_shift,-4.0,semitones,4.401826858520508,4.507425308227539,4.233356475830078,-0.2212696075439453,5.6226701736450195,5.88155460357666,5.763228893280029,0.011116504669189453,4.228513240814209,5.05540132522583,4.568455219268799,-0.0735020637512207,6.340216159820557,6.156201362609863,6.294236660003662,0.04602789878845215
electronic_02::pitch_shift::-2st,electronic_02,electronic,pitch_shift,-2.0,semitones,4.401826858520508,5.0786213874816895,4.392529487609863,-0.34769463539123535,5.6226701736450195,6.384255886077881,5.963438987731934,-0.0400240421295166,4.228513240814209,5.25250244140625,4.638230800628662,-0.10227704048156738,6.340216159820557,6.499959945678711,6.40739107131958,-0.012696981430053711
electronic_02::pitch_shift::-1st,electronic_02,electronic,pitch_shift,-1.0,semitones,4.401826858520508,4.905078887939453,4.391320705413818,-0.2621321678161621,5.6226701736450195,6.214077949523926,5.844764709472656,-0.0736093521118164,4.228513240814209,5.1607208251953125,4.596447944641113,-0.09816908836364746,6.340216159820557,6.313264846801758,6.326175212860107,-0.0005652904510498047
electronic_02::pitch_shift::+1st,electronic_02,electronic,pitch_shift,1.0,semitones,4.401826858520508,5.370671272277832,4.66141414642334,-0.22483491897583008,5.6226701736450195,6.570739269256592,6.0480756759643555,-0.048629045486450195,4.228513240814209,5.419461727142334,4.751028060913086,-0.07295942306518555,6.340216159820557,6.558882713317871,6.448050022125244,-0.0014994144439697266
electronic_02::pitch_shift::+2st,electronic_02,electronic,pitch_shift,2.0,semitones,4.401826858520508,5.441229343414307,4.692220687866211,-0.2293074131011963,5.6226701736450195,6.570103645324707,6.155285358428955,0.0588984489440918,4.228513240814209,5.4153032302856445,4.818463325500488,-0.0034449100494384766,6.340216159820557,6.630906581878662,6.50036096572876,0.01479959487915039
electronic_02::pitch_shift::+4st,electronic_02,electronic,pitch_shift,4.0,semitones,4.401826858520508,5.628873825073242,4.802783966064453,-0.21256637573242188,5.6226701736450195,6.776153564453125,6.24827766418457,0.04886579513549805,4.228513240814209,5.705208778381348,4.966812610626221,-4.839897155761719e-05,6.340216159820557,6.825646877288818,6.616459846496582,0.03352832794189453
electronic_02::time_stretch::-20pct,electronic_02,electronic,time_stretch,-20.0,percent_tempo,4.401826858520508,5.185206890106201,4.38399600982666,-0.40952086448669434,5.6226701736450195,6.359391212463379,5.918050289154053,-0.07298040390014648,4.228513240814209,5.13653039932251,4.525873184204102,-0.1566486358642578,6.340216159820557,6.55801248550415,6.415220737457275,-0.033893585205078125
electronic_02::time_stretch::-10pct,electronic_02,electronic,time_stretch,-10.0,percent_tempo,4.401826858520508,5.1917195320129395,4.50437068939209,-0.2924025058746338,5.6226701736450195,6.429365634918213,5.976935863494873,-0.049082040786743164,4.228513240814209,5.176916122436523,4.626232624053955,-0.07648205757141113,6.340216159820557,6.543094635009766,6.421684741973877,-0.01997065544128418
electronic_02::time_stretch::-5pct,electronic_02,electronic,time_stretch,-5.0,percent_tempo,4.401826858520508,5.083947658538818,4.541369915008545,-0.20151734352111816,5.6226701736450195,6.250164031982422,5.906489849090576,-0.02992725372314453,4.228513240814209,5.214924335479736,4.633886337280273,-0.08783245086669922,6.340216159820557,6.337570667266846,6.356712818145752,0.01781940460205078
electronic_02::time_stretch::+5pct,electronic_02,electronic,time_stretch,5.0,percent_tempo,4.401826858520508,5.407870769500732,4.6409125328063965,-0.26393628120422363,5.6226701736450195,6.590125560760498,6.0355024337768555,-0.07089543342590332,4.228513240814209,5.51389217376709,4.732985973358154,-0.13821673393249512,6.340216159820557,6.559192657470703,6.425144195556641,-0.024560213088989258
electronic_02::time_stretch::+10pct,electronic_02,electronic,time_stretch,10.0,percent_tempo,4.401826858520508,5.242590427398682,4.550662517547607,-0.2715461254119873,5.6226701736450195,6.6230058670043945,6.052151203155518,-0.07068681716918945,4.228513240814209,5.344821929931641,4.682580947875977,-0.10408663749694824,6.340216159820557,6.60311222076416,6.460416316986084,-0.011247873306274414
electronic_02::time_stretch::+20pct,electronic_02,electronic,time_stretch,20.0,percent_tempo,4.401826858520508,5.581981658935547,4.734872817993164,-0.2570314407348633,5.6226701736450195,6.7476935386657715,6.131558895111084,-0.05362296104431152,4.228513240814209,5.6113152503967285,4.845709800720215,-0.0742044448852539,6.340216159820557,6.596865177154541,6.433294296264648,-0.03524637222290039
electronic_02::lowpass::lp8000,electronic_02,electronic,lowpass,8000.0,hz_cutoff,4.401826858520508,4.456255912780762,4.250055313110352,-0.1789860725402832,5.6226701736450195,5.651289939880371,5.699244976043701,0.06226491928100586,4.228513240814209,4.280343532562256,4.116336822509766,-0.1380915641784668,6.340216159820557,6.396498680114746,6.4468770027160645,0.07851958274841309
electronic_02::lowpass::lp4000,electronic_02,electronic,lowpass,4000.0,hz_cutoff,4.401826858520508,4.867356300354004,4.60591459274292,-0.028676986694335938,5.6226701736450195,4.742284774780273,5.338392734527588,0.1559152603149414,4.228513240814209,3.8202357292175293,4.132204532623291,0.10783004760742188,6.340216159820557,6.061368942260742,6.328822135925293,0.12802958488464355
electronic_02::lowpass::lp2000,electronic_02,electronic,lowpass,2000.0,hz_cutoff,4.401826858520508,5.737907409667969,4.990600109100342,-0.07926702499389648,5.6226701736450195,6.133499622344971,6.117494106292725,0.2394092082977295,4.228513240814209,3.8472530841827393,3.9997940063476562,-0.03808915615081787,6.340216159820557,6.313680171966553,6.603832244873047,0.2768840789794922
electronic_02::distortion::drv4,electronic_02,electronic,distortion,4.0,tanh_drive,4.401826858520508,3.154114246368408,3.6463983058929443,-0.13157224655151367,5.6226701736450195,3.70863938331604,4.770802974700928,0.10514819622039795,4.228513240814209,3.8591322898864746,3.972810983657837,-0.07101178169250488,6.340216159820557,5.643841743469238,6.086400032043457,0.09437108039855957
electronic_02::distortion::drv12,electronic_02,electronic,distortion,12.0,tanh_drive,4.401826858520508,1.8977736234664917,3.023926258087158,-0.12587398290634155,5.6226701736450195,2.815646171569824,4.31914758682251,0.09998941421508789,4.228513240814209,3.4632301330566406,3.778153419494629,-0.0677182674407959,6.340216159820557,4.715025901794434,5.669118881225586,0.14149785041809082
electronic_02::distortion::drv32,electronic_02,electronic,distortion,32.0,tanh_drive,4.401826858520508,1.6745343208312988,2.876350164413452,-0.16183042526245117,5.6226701736450195,2.6871752738952637,4.200681686401367,0.045758962631225586,4.228513240814209,3.182276725769043,3.68873929977417,-0.016655683517456055,6.340216159820557,4.4367876052856445,5.508983612060547,0.12048172950744629
electronic_02::style_swap::swap_cross,electronic_02,electronic,style_swap,nan,cross_genre,4.401826858520508,7.0824456214904785,5.444910049438477,-0.2972261905670166,5.6226701736450195,7.860898494720459,6.973278522491455,0.23149418830871582,4.228513240814209,2.4737181663513184,3.5360069274902344,0.1848912239074707,6.340216159820557,8.2200345993042,7.249950885772705,-0.03017449378967285
electronic_02::style_swap::swap_same,electronic_02,electronic,style_swap,nan,same_genre,4.401826858520508,4.435367584228516,3.691371202468872,-0.7272260189056396,5.6226701736450195,4.880624294281006,4.583370208740234,-0.6682770252227783,4.228513240814209,3.745415449142456,3.901792526245117,-0.08517181873321533,6.340216159820557,6.093469619750977,5.878725528717041,-0.3381173610687256
electronic_03::control::ctrl,electronic_03,electronic,control,0.0,none,7.150570869445801,7.150570869445801,6.969810962677002,-0.18075990676879883,7.659188270568848,7.659188270568848,7.682924747467041,0.02373647689819336,6.132912635803223,6.132912635803223,6.02578067779541,-0.1071319580078125,7.958704948425293,7.958704948425293,7.9097208976745605,-0.04898405075073242
electronic_03::pitch_shift::-4st,electronic_03,electronic,pitch_shift,-4.0,semitones,7.150570869445801,7.378630638122559,7.162930011749268,-0.10167074203491211,7.659188270568848,7.6942949295043945,7.721488952636719,0.044747352600097656,6.132912635803223,6.222267150878906,6.119776248931885,-0.05781364440917969,7.958704948425293,8.000953674316406,7.972147464752197,-0.007681846618652344
electronic_03::pitch_shift::-2st,electronic_03,electronic,pitch_shift,-2.0,semitones,7.150570869445801,7.374155044555664,7.1200690269470215,-0.14229393005371094,7.659188270568848,7.751503944396973,7.734671592712402,0.029325485229492188,6.132912635803223,6.110293388366699,6.056561470031738,-0.06504154205322266,7.958704948425293,8.004083633422852,7.957941055297852,-0.023453235626220703
electronic_03::pitch_shift::-1st,electronic_03,electronic,pitch_shift,-1.0,semitones,7.150570869445801,7.434713840484619,7.117892265319824,-0.17475008964538574,7.659188270568848,7.756689548492432,7.7222418785095215,0.014302968978881836,6.132912635803223,6.057634353637695,6.02451753616333,-0.0707559585571289,7.958704948425293,8.07497787475586,7.973510265350342,-0.043331146240234375
electronic_03::pitch_shift::+1st,electronic_03,electronic,pitch_shift,1.0,semitones,7.150570869445801,7.435225963592529,7.132477283477783,-0.16042113304138184,7.659188270568848,7.817506313323975,7.765298366546631,0.026951074600219727,6.132912635803223,6.175981521606445,6.075746059417725,-0.07870101928710938,7.958704948425293,8.194975852966309,8.034323692321777,-0.04251670837402344
electronic_03::pitch_shift::+2st,electronic_03,electronic,pitch_shift,2.0,semitones,7.150570869445801,7.240090370178223,7.062523365020752,-0.13280725479125977,7.659188270568848,7.721457481384277,7.740780830383301,0.05045795440673828,6.132912635803223,5.905852317810059,5.972630500793457,-0.046751976013183594,7.958704948425293,8.045266151428223,7.985038757324219,-0.016946792602539062
electronic_03::pitch_shift::+4st,electronic_03,electronic,pitch_shift,4.0,semitones,7.150570869445801,6.954569339752197,6.949733257293701,-0.10283684730529785,7.659188270568848,7.540858268737793,7.665814399719238,0.06579113006591797,6.132912635803223,6.029853820800781,6.0247392654418945,-0.05664396286010742,7.958704948425293,7.743680477142334,7.862276077270508,0.011083364486694336
electronic_03::time_stretch::-20pct,electronic_03,electronic,time_stretch,-20.0,percent_tempo,7.150570869445801,7.227993011474609,7.020103454589844,-0.16917848587036133,7.659188270568848,7.667632102966309,7.677718639373779,0.014308452606201172,6.132912635803223,5.583872318267822,5.8136701583862305,-0.04472231864929199,7.958704948425293,7.824965000152588,7.857081413269043,-0.03475356101989746
electronic_03::time_stretch::-10pct,electronic_03,electronic,time_stretch,-10.0,percent_tempo,7.150570869445801,7.380492210388184,7.091953754425049,-0.17357778549194336,7.659188270568848,7.775832176208496,7.742204666137695,0.024694442749023438,6.132912635803223,5.827449321746826,5.918750762939453,-0.06143021583557129,7.958704948425293,8.107440948486328,7.9883809089660645,-0.044692039489746094
electronic_03::time_stretch::-5pct,electronic_03,electronic,time_stretch,-5.0,percent_tempo,7.150570869445801,7.498380661010742,7.143519878387451,-0.1809558868408203,7.659188270568848,7.839321613311768,7.768285274505615,0.019030332565307617,6.132912635803223,5.995797634124756,5.970510482788086,-0.09384465217590332,7.958704948425293,8.13342571258545,8.011641502380371,-0.034423828125
electronic_03::time_stretch::+5pct,electronic_03,electronic,time_stretch,5.0,percent_tempo,7.150570869445801,7.3053975105285645,7.065520286560059,-0.16246390342712402,7.659188270568848,7.678256034851074,7.6995849609375,0.030862808227539062,6.132912635803223,6.258130073547363,6.0976643562316895,-0.09785699844360352,7.958704948425293,8.075387001037598,7.971837520599365,-0.04520845413208008
electronic_03::time_stretch::+10pct,electronic_03,electronic,time_stretch,10.0,percent_tempo,7.150570869445801,7.211723327636719,7.045628070831299,-0.13551902770996094,7.659188270568848,7.633724689483643,7.690214157104492,0.04375767707824707,6.132912635803223,6.1879143714904785,6.058701515197754,-0.10171198844909668,7.958704948425293,8.01855182647705,7.955158710479736,-0.03346967697143555
electronic_03::time_stretch::+20pct,electronic_03,electronic,time_stretch,20.0,percent_tempo,7.150570869445801,7.181472301483154,7.024780750274658,-0.14124083518981934,7.659188270568848,7.575931072235107,7.6738152503967285,0.05625557899475098,6.132912635803223,6.1815948486328125,6.072415351867676,-0.0848383903503418,7.958704948425293,7.958523750305176,7.936130523681641,-0.02248382568359375
electronic_03::lowpass::lp8000,electronic_03,electronic,lowpass,8000.0,hz_cutoff,7.150570869445801,7.113592624664307,6.939937114715576,-0.19214463233947754,7.659188270568848,7.63630485534668,7.6632184982299805,0.015471935272216797,6.132912635803223,6.058937072753906,5.9876227378845215,-0.10830211639404297,7.958704948425293,7.917452812194824,7.8914713859558105,-0.04660749435424805
electronic_03::lowpass::lp4000,electronic_03,electronic,lowpass,4000.0,hz_cutoff,7.150570869445801,7.158391952514648,7.017208576202393,-0.13727283477783203,7.659188270568848,7.698576927185059,7.713212013244629,0.03432941436767578,6.132912635803223,5.670280456542969,5.825875759124756,-0.07572078704833984,7.958704948425293,7.714969635009766,7.7948174476623535,-0.04201984405517578
electronic_03::lowpass::lp2000,electronic_03,electronic,lowpass,2000.0,hz_cutoff,7.150570869445801,6.934830665588379,6.958746910095215,-0.083953857421875,7.659188270568848,7.520212650299072,7.675500392913818,0.0857999324798584,6.132912635803223,5.624720573425293,5.727963924407959,-0.15085268020629883,7.958704948425293,7.538341999053955,7.755055904388428,0.006532430648803711
electronic_03::distortion::drv4,electronic_03,electronic,distortion,4.0,tanh_drive,7.150570869445801,6.889593124389648,6.84174108505249,-0.17834091186523438,7.659188270568848,7.561848163604736,7.630184650421143,0.019666433334350586,6.132912635803223,6.205284595489502,6.070565223693848,-0.09853339195251465,7.958704948425293,7.673810005187988,7.77983283996582,-0.03642463684082031
electronic_03::distortion::drv12,electronic_03,electronic,distortion,12.0,tanh_drive,7.150570869445801,5.317980766296387,6.147961139678955,-0.08631467819213867,7.659188270568848,6.764071941375732,7.282063007354736,0.07043290138244629,6.132912635803223,5.881443500518799,5.935933589935303,-0.07124447822570801,7.958704948425293,6.280593395233154,7.1581525802612305,0.038503408432006836
electronic_03::distortion::drv32,electronic_03,electronic,distortion,32.0,tanh_drive,7.150570869445801,3.187788486480713,5.236230373382568,0.06705069541931152,7.659188270568848,4.604528903961182,6.45454216003418,0.32268357276916504,6.132912635803223,5.718547821044922,5.876451015472412,-0.049279212951660156,7.958704948425293,4.637211799621582,6.426395893096924,0.12843751907348633
electronic_03::style_swap::swap_cross,electronic_03,electronic,style_swap,nan,cross_genre,7.150570869445801,3.682055950164795,5.430263042449951,0.01394963264465332,7.659188270568848,4.934570789337158,6.625725269317627,0.328845739364624,6.132912635803223,4.66138219833374,5.352173328399658,-0.04497408866882324,7.958704948425293,5.2864460945129395,6.826080799102783,0.203505277633667
electronic_03::style_swap::swap_same,electronic_03,electronic,style_swap,nan,same_genre,7.150570869445801,7.51547908782959,7.38830041885376,0.05527544021606445,7.659188270568848,7.314101219177246,7.66141939163208,0.1747746467590332,6.132912635803223,6.707259178161621,6.490413665771484,0.0703277587890625,7.958704948425293,7.125489711761475,7.7228240966796875,0.1807267665863037
electronic_04::control::ctrl,electronic_04,electronic,control,0.0,none,6.596928119659424,6.596928119659424,6.550246715545654,-0.04668140411376953,8.08289909362793,8.08289909362793,8.115670204162598,0.03277111053466797,5.476558685302734,5.476558685302734,5.481504440307617,0.0049457550048828125,7.914536476135254,7.914536476135254,7.952456474304199,0.03791999816894531
electronic_04::pitch_shift::-4st,electronic_04,electronic,pitch_shift,-4.0,semitones,6.596928119659424,6.928381443023682,6.782533645629883,0.019878864288330078,8.08289909362793,8.012950897216797,8.11176872253418,0.0638437271118164,5.476558685302734,5.652590274810791,5.608804702758789,0.04423022270202637,7.914536476135254,7.706489562988281,7.908395290374756,0.09788227081298828
electronic_04::pitch_shift::-2st,electronic_04,electronic,pitch_shift,-2.0,semitones,6.596928119659424,7.069075584411621,6.815743923187256,-0.0172579288482666,8.08289909362793,8.099973678588867,8.133859634399414,0.042423248291015625,5.476558685302734,5.576484680175781,5.573685646057129,0.047163963317871094,7.914536476135254,7.93832540512085,8.004677772521973,0.0782468318939209
electronic_04::pitch_shift::-1st,electronic_04,electronic,pitch_shift,-1.0,semitones,6.596928119659424,7.264225959777832,6.8847880363464355,-0.04578900337219238,8.08289909362793,8.197184562683105,8.178570747375488,0.0385289192199707,5.476558685302734,5.584864139556885,5.564370632171631,0.03365921974182129,7.914536476135254,8.074958801269531,8.047061920166016,0.05231428146362305
electronic_04::pitch_shift::+1st,electronic_04,electronic,pitch_shift,1.0,semitones,6.596928119659424,6.973084926605225,6.707663536071777,-0.07734298706054688,8.08289909362793,8.157697677612305,8.145743370056152,0.025444984436035156,5.476558685302734,5.525846004486084,5.523438453674316,0.022236108779907227,7.914536476135254,8.11767864227295,8.044719696044922,0.028612136840820312
electronic_04::pitch_shift::+2st,electronic_04,electronic,pitch_shift,2.0,semitones,6.596928119659424,7.192533016204834,6.941415309906006,0.04668474197387695,8.08289909362793,8.154541015625,8.17037296295166,0.05165290832519531,5.476558685302734,5.632173538208008,5.579777717590332,0.025411605834960938,7.914536476135254,8.143701553344727,8.11414909362793,0.08503007888793945
electronic_04::pitch_shift::+4st,electronic_04,electronic,pitch_shift,4.0,semitones,6.596928119659424,7.451202392578125,7.162862300872803,0.13879704475402832,8.08289909362793,8.111044883728027,8.165852546691895,0.06888055801391602,5.476558685302734,5.579026699066162,5.595274448394775,0.06748175621032715,7.914536476135254,8.099520683288574,8.128982543945312,0.12195396423339844
electronic_04::time_stretch::-20pct,electronic_04,electronic,time_stretch,-20.0,percent_tempo,6.596928119659424,7.647018909454346,6.978784084320068,-0.1431894302368164,8.08289909362793,8.19633960723877,8.156621932983398,0.017002582550048828,5.476558685302734,5.697298049926758,5.5956902503967285,0.008761882781982422,7.914536476135254,8.227577209472656,8.099530220031738,0.028473377227783203
electronic_04::time_stretch::-10pct,electronic_04,electronic,time_stretch,-10.0,percent_tempo,6.596928119659424,7.425328254699707,6.8180832862854,-0.19304490089416504,8.08289909362793,8.273326873779297,8.179518699645996,0.0014057159423828125,5.476558685302734,5.590386390686035,5.532010078430176,-0.0014624595642089844,7.914536476135254,8.217293739318848,8.08074951171875,0.014834403991699219
electronic_04::time_stretch::-5pct,electronic_04,electronic,time_stretch,-5.0,percent_tempo,6.596928119659424,7.261328220367432,6.78627872467041,-0.14284944534301758,8.08289909362793,8.215316772460938,8.152814865112305,0.0037069320678710938,5.476558685302734,5.579296112060547,5.536590099334717,0.008662700653076172,7.914536476135254,8.13300895690918,8.036666870117188,0.012894153594970703
electronic_04::time_stretch::+5pct,electronic_04,electronic,time_stretch,5.0,percent_tempo,6.596928119659424,7.14978551864624,6.706124305725098,-0.16723251342773438,8.08289909362793,8.207351684570312,8.146273612976074,0.001148223876953125,5.476558685302734,5.558464050292969,5.530152797698975,0.012641429901123047,7.914536476135254,8.07601261138916,7.9925456047058105,-0.0027289390563964844
electronic_04::time_stretch::+10pct,electronic_04,electronic,time_stretch,10.0,percent_tempo,6.596928119659424,7.031332015991211,6.720953464508057,-0.09317660331726074,8.08289909362793,8.189611434936523,8.162164688110352,0.025909423828125,5.476558685302734,5.554176330566406,5.533963203430176,0.01859569549560547,7.914536476135254,8.139778137207031,8.05607795715332,0.028920650482177734
electronic_04::time_stretch::+20pct,electronic_04,electronic,time_stretch,20.0,percent_tempo,6.596928119659424,6.401102066040039,6.481688976287842,-0.01732611656188965,8.08289909362793,8.071602821350098,8.129339218139648,0.052088260650634766,5.476558685302734,5.618144989013672,5.56932258605957,0.021970748901367188,7.914536476135254,8.052018165588379,8.044967651367188,0.061690330505371094
electronic_04::lowpass::lp8000,electronic_04,electronic,lowpass,8000.0,hz_cutoff,6.596928119659424,6.6945929527282715,6.585919380187988,-0.059841156005859375,8.08289909362793,8.064453125,8.113387107849121,0.03971099853515625,5.476558685302734,5.47928524017334,5.480844497680664,0.002922534942626953,7.914536476135254,7.940086841583252,7.962979316711426,0.03566765785217285
electronic_04::lowpass::lp4000,electronic_04,electronic,lowpass,4000.0,hz_cutoff,6.596928119659424,6.718852996826172,6.735025882720947,0.07713532447814941,8.08289909362793,7.776358604431152,7.987366676330566,0.05773782730102539,5.476558685302734,5.31702995300293,5.497157096862793,0.10036277770996094,7.914536476135254,7.378966808319092,7.7564239501953125,0.10967230796813965
electronic_04::lowpass::lp2000,electronic_04,electronic,lowpass,2000.0,hz_cutoff,6.596928119659424,7.167741775512695,6.9701828956604,0.08784794807434082,8.08289909362793,7.700502395629883,7.957500457763672,0.06579971313476562,5.476558685302734,5.123224258422852,5.4271111488342285,0.12721967697143555,7.914536476135254,7.607450485229492,7.895135879516602,0.13414239883422852
electronic_04::distortion::drv4,electronic_04,electronic,distortion,4.0,tanh_drive,6.596928119659424,6.584698677062988,6.561497688293457,-0.029315710067749023,8.08289909362793,8.093645095825195,8.125925064086914,0.03765296936035156,5.476558685302734,5.481659889221191,5.485523700714111,0.0064144134521484375,7.914536476135254,7.89335298538208,7.9504618644714355,0.046517133712768555
electronic_04::distortion::drv12,electronic_04,electronic,distortion,12.0,tanh_drive,6.596928119659424,6.268146514892578,6.528337478637695,0.09580016136169434,8.08289909362793,8.045513153076172,8.127588272094727,0.06338214874267578,5.476558685302734,5.540555000305176,5.523413181304932,0.014856338500976562,7.914536476135254,7.569431781768799,7.853291034698486,0.11130690574645996
electronic_04::distortion::drv32,electronic_04,electronic,distortion,32.0,tanh_drive,6.596928119659424,4.795615196228027,5.760032653808594,0.06376099586486816,8.08289909362793,7.628832817077637,7.928544998168945,0.07267904281616211,5.476558685302734,5.586458206176758,5.602957725524902,0.07144927978515625,7.914536476135254,5.8321614265441895,7.008666038513184,0.13531708717346191
electronic_04::style_swap::swap_cross,electronic_04,electronic,style_swap,nan,cross_genre,6.596928119659424,7.748081207275391,7.483922004699707,0.3114173412322998,8.08289909362793,7.5656867027282715,7.86186408996582,0.03757119178771973,5.476558685302734,6.866580963134766,6.442852020263672,0.2712821960449219,7.914536476135254,8.49746322631836,8.328495025634766,0.12249517440795898
electronic_04::style_swap::swap_same,electronic_04,electronic,style_swap,nan,same_genre,6.596928119659424,4.517836093902588,5.623321533203125,0.06593942642211914,8.08289909362793,5.851166248321533,7.149739742279053,0.1827070713043213,5.476558685302734,4.598942279815674,5.305176734924316,0.2674262523651123,7.914536476135254,6.290492534637451,7.301553249359131,0.19903874397277832
electronic_05::control::ctrl,electronic_05,electronic,control,0.0,none,5.132819175720215,5.132819175720215,5.015661239624023,-0.1171579360961914,6.873676776885986,6.873676776885986,6.975516319274902,0.10183954238891602,5.333843231201172,5.333843231201172,5.241196632385254,-0.09264659881591797,6.628555774688721,6.628555774688721,6.764012813568115,0.13545703887939453
electronic_05::pitch_shift::-4st,electronic_05,electronic,pitch_shift,-4.0,semitones,5.132819175720215,5.55089807510376,5.261257171630859,-0.08060145378112793,6.873676776885986,7.279863357543945,7.204184532165527,0.12741446495056152,5.333843231201172,5.747129440307617,5.624013423919678,0.0835270881652832,6.628555774688721,6.831367015838623,6.843435287475586,0.11347389221191406
electronic_05::pitch_shift::-2st,electronic_05,electronic,pitch_shift,-2.0,semitones,5.132819175720215,5.470061779022217,5.1989521980285645,-0.10248827934265137,6.873676776885986,7.208523750305176,7.1317548751831055,0.09065461158752441,5.333843231201172,5.4072265625,5.358736038208008,-0.011798858642578125,6.628555774688721,6.844200611114502,6.8570075035095215,0.12062931060791016
electronic_05::pitch_shift::-1st,electronic_05,electronic,pitch_shift,-1.0,semitones,5.132819175720215,5.456935882568359,5.177034854888916,-0.1178426742553711,6.873676776885986,7.159173011779785,7.087680339813232,0.07125544548034668,5.333843231201172,5.528538703918457,5.32993745803833,-0.10125350952148438,6.628555774688721,6.803458213806152,6.829788684844971,0.11378169059753418
electronic_05::pitch_shift::+1st,electronic_05,electronic,pitch_shift,1.0,semitones,5.132819175720215,5.41094970703125,5.171433448791504,-0.10045099258422852,6.873676776885986,7.068185329437256,7.044281482696533,0.07335042953491211,5.333843231201172,5.447986602783203,5.328226566314697,-0.06268835067749023,6.628555774688721,6.833588600158691,6.820644378662109,0.08957219123840332
electronic_05::pitch_shift::+2st,electronic_05,electronic,pitch_shift,2.0,semitones,5.132819175720215,5.6549391746521,5.307185649871826,-0.08669352531433105,6.873676776885986,7.198392868041992,7.1405253410339355,0.10449051856994629,5.333843231201172,5.485150337219238,5.384085655212402,-0.025411128997802734,6.628555774688721,6.9385504722595215,6.8944478034973145,0.11089468002319336
electronic_05::pitch_shift::+4st,electronic_05,electronic,pitch_shift,4.0,semitones,5.132819175720215,5.520205497741699,5.255527019500732,-0.07098531723022461,6.873676776885986,7.245362758636475,7.1509599685668945,0.09144020080566406,5.333843231201172,5.6150312423706055,5.488465309143066,0.014028072357177734,6.628555774688721,6.9445061683654785,6.9106340408325195,0.12410306930541992
electronic_05::time_stretch::-20pct,electronic_05,electronic,time_stretch,-20.0,percent_tempo,5.132819175720215,5.642317295074463,5.265601634979248,-0.12196660041809082,6.873676776885986,7.191845893859863,7.075949668884277,0.04318833351135254,5.333843231201172,5.831113815307617,5.56370210647583,-0.018776416778564453,6.628555774688721,6.795356750488281,6.799492359161377,0.08753609657287598
electronic_05::time_stretch::-10pct,electronic_05,electronic,time_stretch,-10.0,percent_tempo,5.132819175720215,5.530282974243164,5.199244499206543,-0.13230657577514648,6.873676776885986,7.157611846923828,7.097082614898682,0.08143830299377441,5.333843231201172,5.505820274353027,5.394193649291992,-0.025638103485107422,6.628555774688721,6.820668697357178,6.824316024780273,0.09970378875732422
electronic_05::time_stretch::-5pct,electronic_05,electronic,time_stretch,-5.0,percent_tempo,5.132819175720215,5.382687568664551,5.1435089111328125,-0.11424446105957031,6.873676776885986,7.085320472717285,7.034671783447266,0.05517315864562988,5.333843231201172,5.411002159118652,5.299926280975342,-0.07249641418457031,6.628555774688721,6.7566938400268555,6.787581443786621,0.09495663642883301
electronic_05::time_stretch::+5pct,electronic_05,electronic,time_stretch,5.0,percent_tempo,5.132819175720215,5.468174934387207,5.1920061111450195,-0.1084909439086914,6.873676776885986,7.1965742111206055,7.132747650146484,0.09762215614318848,5.333843231201172,5.554322719573975,5.364623069763184,-0.07945990562438965,6.628555774688721,6.8210554122924805,6.854931354522705,0.1301257610321045
electronic_05::time_stretch::+10pct,electronic_05,electronic,time_stretch,10.0,percent_tempo,5.132819175720215,5.174729347229004,5.0255842208862305,-0.1281900405883789,6.873676776885986,7.015915393829346,7.02433967590332,0.0795435905456543,5.333843231201172,5.3922224044799805,5.239192962646484,-0.1238398551940918,6.628555774688721,6.559419631958008,6.719387054443359,0.12539935111999512
electronic_05::time_stretch::+20pct,electronic_05,electronic,time_stretch,20.0,percent_tempo,5.132819175720215,5.5192718505859375,5.127096176147461,-0.19894933700561523,6.873676776885986,7.187324047088623,7.045779228210449,0.015278816223144531,5.333843231201172,5.714845180511475,5.398545265197754,-0.12579894065856934,6.628555774688721,6.720470905303955,6.744708061218262,0.07019472122192383
electronic_05::lowpass::lp8000,electronic_05,electronic,lowpass,8000.0,hz_cutoff,5.132819175720215,5.007395267486572,4.962220191955566,-0.10788702964782715,6.873676776885986,6.741132736206055,6.924632549285889,0.11722779273986816,5.333843231201172,5.28594970703125,5.234283924102783,-0.07561254501342773,6.628555774688721,6.528815746307373,6.716688632965088,0.13800287246704102
electronic_05::lowpass::lp4000,electronic_05,electronic,lowpass,4000.0,hz_cutoff,5.132819175720215,5.167384147644043,5.181643009185791,0.03154134750366211,6.873676776885986,6.870567321777344,7.02049446105957,0.14837241172790527,5.333843231201172,4.788575172424316,5.170421600341797,0.10921239852905273,6.628555774688721,6.46047830581665,6.694570064544678,0.1500530242919922
electronic_05::lowpass::lp2000,electronic_05,electronic,lowpass,2000.0,hz_cutoff,5.132819175720215,4.623849391937256,5.053527355194092,0.17519307136535645,6.873676776885986,6.600100517272949,7.102317810058594,0.365429162979126,5.333843231201172,4.225322246551514,4.825893878936768,0.046311140060424805,6.628555774688721,6.499334335327148,6.949428081512451,0.3854830265045166
electronic_05::distortion::drv4,electronic_05,electronic,distortion,4.0,tanh_drive,5.132819175720215,3.86910343170166,4.479391098022461,-0.021570205688476562,6.873676776885986,4.740545749664307,6.194668292999268,0.3875570297241211,5.333843231201172,5.071119785308838,5.159585475921631,-0.04289603233337402,6.628555774688721,5.237565994262695,6.188874244689941,0.2558133602142334
electronic_05::distortion::drv12,electronic_05,electronic,distortion,12.0,tanh_drive,5.132819175720215,3.007664442062378,3.9885270595550537,-0.08171474933624268,6.873676776885986,3.1517646312713623,5.31369161605835,0.3009709119796753,5.333843231201172,4.165714263916016,4.799127578735352,0.04934883117675781,6.628555774688721,4.444324493408203,5.817837715148926,0.28139758110046387
electronic_05::distortion::drv32,electronic_05,electronic,distortion,32.0,tanh_drive,5.132819175720215,2.8827168941497803,3.85844349861145,-0.14932453632354736,6.873676776885986,3.380300760269165,5.26587438583374,0.13888561725616455,5.333843231201172,4.270773887634277,4.846053600311279,0.04374504089355469,6.628555774688721,4.550477504730225,5.758044242858887,0.16852760314941406
electronic_05::style_swap::swap_cross,electronic_05,electronic,style_swap,nan,cross_genre,5.132819175720215,3.673618793487549,4.3636040687561035,-0.03961491584777832,6.873676776885986,4.9201178550720215,6.2244768142700195,0.3275794982910156,5.333843231201172,4.67380952835083,5.126657485961914,0.12283110618591309,6.628555774688721,5.2655930519104,6.138395309448242,0.19132089614868164
electronic_05::style_swap::swap_same,electronic_05,electronic,style_swap,nan,same_genre,5.132819175720215,6.511861801147461,5.49657678604126,-0.3257637023925781,6.873676776885986,6.933172225952148,6.845695972442627,-0.05772852897644043,5.333843231201172,5.746801853179932,5.918814182281494,0.3784916400909424,6.628555774688721,7.066476345062256,6.731834888458252,-0.11568117141723633
electronic_06::control::ctrl,electronic_06,electronic,control,0.0,none,7.618441104888916,7.619968414306641,7.579214096069336,-0.03999066352844238,7.581700801849365,7.581601619720459,7.629871845245361,0.04822063446044922,6.169510841369629,6.167156219482422,6.158685684204102,-0.009647846221923828,7.194710731506348,7.196146011352539,7.2292375564575195,0.03380918502807617
electronic_06::pitch_shift::-4st,electronic_06,electronic,pitch_shift,-4.0,semitones,7.618441104888916,7.370205879211426,7.451045989990234,-0.04327750205993652,7.581700801849365,7.939630508422852,7.803084850311279,0.0424191951751709,6.169510841369629,5.968818187713623,6.141992092132568,0.07282757759094238,7.194710731506348,7.626626491546631,7.465548515319824,0.05487990379333496
electronic_06::pitch_shift::-2st,electronic_06,electronic,pitch_shift,-2.0,semitones,7.618441104888916,7.441263675689697,7.519700527191162,-0.010151863098144531,7.581700801849365,7.869062423706055,7.799627304077148,0.07424569129943848,6.169510841369629,6.0439043045043945,6.148967742919922,0.042260169982910156,7.194710731506348,7.573235511779785,7.475621223449707,0.09164810180664062
electronic_06::pitch_shift::-1st,electronic_06,electronic,pitch_shift,-1.0,semitones,7.618441104888916,7.644903182983398,7.6195197105407715,-0.012152433395385742,7.581700801849365,7.857187271118164,7.766632080078125,0.04718804359436035,6.169510841369629,5.97092342376709,6.075638771057129,0.005421638488769531,7.194710731506348,7.56082820892334,7.401148796081543,0.02337932586669922
electronic_06::pitch_shift::+1st,electronic_06,electronic,pitch_shift,1.0,semitones,7.618441104888916,7.699773788452148,7.64935827255249,-0.009749174118041992,7.581700801849365,7.811027526855469,7.747914791107178,0.05155062675476074,6.169510841369629,5.914549827575684,6.06619930267334,0.024168968200683594,7.194710731506348,7.527501106262207,7.381744384765625,0.020638465881347656
electronic_06::pitch_shift::+2st,electronic_06,electronic,pitch_shift,2.0,semitones,7.618441104888916,7.61430549621582,7.616222381591797,-0.00015091896057128906,7.581700801849365,7.819356918334961,7.76932954788208,0.06880068778991699,6.169510841369629,6.015288352966309,6.140381336212158,0.04798173904418945,7.194710731506348,7.555019855499268,7.452841281890869,0.07797598838806152
electronic_06::pitch_shift::+4st,electronic_06,electronic,pitch_shift,4.0,semitones,7.618441104888916,7.24653434753418,7.460726737976074,0.028239011764526367,7.581700801849365,7.550940036773682,7.6322784423828125,0.06595802307128906,6.169510841369629,6.160695552825928,6.209705829620361,0.04460263252258301,7.194710731506348,7.295006275177002,7.333565711975098,0.08870720863342285
electronic_06::time_stretch::-20pct,electronic_06,electronic,time_stretch,-20.0,percent_tempo,7.618441104888916,7.581929683685303,7.5475077629089355,-0.05267763137817383,7.581700801849365,7.819180965423584,7.724867343902588,0.02442646026611328,6.169510841369629,5.790829658508301,5.975682735443115,-0.004487514495849609,7.194710731506348,7.320285797119141,7.29252290725708,0.03502464294433594
electronic_06::time_stretch::-10pct,electronic_06,electronic,time_stretch,-10.0,percent_tempo,7.618441104888916,7.688612461090088,7.625312805175781,-0.028213977813720703,7.581700801849365,7.876593589782715,7.781613826751709,0.052466630935668945,6.169510841369629,5.933718681335449,6.0297088623046875,-0.021905899047851562,7.194710731506348,7.484020709991455,7.403648376464844,0.06428265571594238
electronic_06::time_stretch::-5pct,electronic_06,electronic,time_stretch,-5.0,percent_tempo,7.618441104888916,7.737448215484619,7.603664398193359,-0.0742802619934082,7.581700801849365,7.931702136993408,7.779492378234863,0.022790908813476562,6.169510841369629,5.982893466949463,6.058334827423096,-0.017867326736450195,7.194710731506348,7.608563423156738,7.433077335357666,0.03144025802612305
electronic_06::time_stretch::+5pct,electronic_06,electronic,time_stretch,5.0,percent_tempo,7.618441104888916,7.637482643127441,7.60435152053833,-0.023610353469848633,7.581700801849365,7.905144214630127,7.778297424316406,0.034874916076660156,6.169510841369629,6.11647367477417,6.141088008880615,-0.0019042491912841797,7.194710731506348,7.734410285949707,7.490670680999756,0.026110172271728516
electronic_06::time_stretch::+10pct,electronic_06,electronic,time_stretch,10.0,percent_tempo,7.618441104888916,7.74798583984375,7.6720290184021,-0.011184453964233398,7.581700801849365,7.918953895568848,7.819376468658447,0.06904911994934082,6.169510841369629,6.2016825675964355,6.201255798339844,0.015659093856811523,7.194710731506348,7.62777042388916,7.469286918640137,0.05804634094238281
electronic_06::time_stretch::+20pct,electronic_06,electronic,time_stretch,20.0,percent_tempo,7.618441104888916,7.719443321228027,7.6396803855896,-0.02926182746887207,7.581700801849365,7.84691047668457,7.794641494750977,0.08033585548400879,6.169510841369629,6.3095903396606445,6.2465643882751465,0.007013797760009766,7.194710731506348,7.641118049621582,7.495249271392822,0.07733488082885742
electronic_06::lowpass::lp8000,electronic_06,electronic,lowpass,8000.0,hz_cutoff,7.618441104888916,7.630999565124512,7.585287094116211,-0.03943324089050293,7.581700801849365,7.60287618637085,7.6376800537109375,0.04539155960083008,6.169510841369629,6.202657699584961,6.171993732452393,-0.014090538024902344,7.194710731506348,7.17345666885376,7.221945285797119,0.03786158561706543
electronic_06::lowpass::lp4000,electronic_06,electronic,lowpass,4000.0,hz_cutoff,7.618441104888916,7.125852584838867,7.385903835296631,0.013756990432739258,7.581700801849365,6.874725341796875,7.257740497589111,0.02952742576599121,6.169510841369629,6.0007195472717285,6.137294769287109,0.052179574966430664,7.194710731506348,6.437504768371582,6.949005126953125,0.13289737701416016
electronic_06::lowpass::lp2000,electronic_06,electronic,lowpass,2000.0,hz_cutoff,7.618441104888916,7.2893877029418945,7.321173667907715,-0.13274073600769043,7.581700801849365,6.854831695556641,7.200257778167725,-0.01800847053527832,6.169510841369629,5.819258689880371,6.020783424377441,0.026398658752441406,7.194710731506348,6.035121440887451,6.7338786125183105,0.11896252632141113
electronic_06::distortion::drv4,electronic_06,electronic,distortion,4.0,tanh_drive,7.618441104888916,6.5832672119140625,7.226145267486572,0.125291109085083,7.581700801849365,6.713151931762695,7.103260517120361,-0.044165849685668945,6.169510841369629,6.187672138214111,6.173026084899902,-0.0055654048919677734,7.194710731506348,5.7003889083862305,6.502205848693848,0.054656028747558594
electronic_06::distortion::drv12,electronic_06,electronic,distortion,12.0,tanh_drive,7.618441104888916,5.054508209228516,6.469402313232422,0.13292765617370605,7.581700801849365,3.555494785308838,5.947239875793457,0.37864208221435547,6.169510841369629,5.975437641143799,6.118268966674805,0.04579472541809082,7.194710731506348,4.437307834625244,6.027686595916748,0.21167731285095215
electronic_06::distortion::drv32,electronic_06,electronic,distortion,32.0,tanh_drive,7.618441104888916,2.862596273422241,5.557095050811768,0.31657636165618896,7.581700801849365,2.271484613418579,5.450743198394775,0.5241504907608032,6.169510841369629,5.478763103485107,5.935359477996826,0.11122250556945801,7.194710731506348,4.169706344604492,5.936264514923096,0.2540559768676758
electronic_06::style_swap::swap_cross,electronic_06,electronic,style_swap,nan,cross_genre,7.618441104888916,5.1146111488342285,6.10423469543457,-0.26229143142700195,7.581700801849365,6.100665092468262,7.047935962677002,0.20675301551818848,6.169510841369629,4.160198211669922,5.159574031829834,-0.005280494689941406,7.194710731506348,6.286525249481201,7.0263895988464355,0.28577160835266113
electronic_06::style_swap::swap_same,electronic_06,electronic,style_swap,nan,same_genre,7.618441104888916,4.236056327819824,5.892795085906982,-0.034453630447387695,7.581700801849365,5.1102705001831055,6.414654731750488,0.06866908073425293,6.169510841369629,6.527592658996582,6.340236663818359,-0.008315086364746094,7.194710731506348,5.779716491699219,6.6269097328186035,0.1396961212158203
electronic_07::control::ctrl,electronic_07,electronic,control,0.0,none,4.212038040161133,4.212038040161133,4.085104465484619,-0.12693357467651367,5.9409379959106445,5.9409379959106445,6.0747528076171875,0.13381481170654297,4.685543537139893,4.685543537139893,4.492455005645752,-0.19308853149414062,6.147330284118652,6.147330284118652,6.312160491943359,0.16483020782470703
electronic_07::pitch_shift::-4st,electronic_07,electronic,pitch_shift,-4.0,semitones,4.212038040161133,5.182529449462891,4.587508678436279,-0.10977506637573242,5.9409379959106445,6.8177337646484375,6.593289852142334,0.21395397186279297,4.685543537139893,4.942647933959961,4.636104106903076,-0.17799162864685059,6.147330284118652,6.780140399932861,6.628904819488525,0.16516947746276855
electronic_07::pitch_shift::-2st,electronic_07,electronic,pitch_shift,-2.0,semitones,4.212038040161133,4.9504923820495605,4.51691198348999,-0.06435322761535645,5.9409379959106445,6.6447038650512695,6.504976272583008,0.21215534210205078,4.685543537139893,4.8835554122924805,4.6163859367370605,-0.16816353797912598,6.147330284118652,6.643509387969971,6.575467586517334,0.18004775047302246
electronic_07::pitch_shift::-1st,electronic_07,electronic,pitch_shift,-1.0,semitones,4.212038040161133,4.880704879760742,4.4376606941223145,-0.10871076583862305,5.9409379959106445,6.70463752746582,6.469585418701172,0.14679765701293945,4.685543537139893,4.800417423248291,4.56337308883667,-0.17960739135742188,6.147330284118652,6.739194869995117,6.5831475257873535,0.13988494873046875
electronic_07::pitch_shift::+1st,electronic_07,electronic,pitch_shift,1.0,semitones,4.212038040161133,4.959722518920898,4.482559680938721,-0.10332059860229492,5.9409379959106445,6.926551342010498,6.573029518127441,0.13928484916687012,4.685543537139893,4.96702241897583,4.665046215057373,-0.16123676300048828,6.147330284118652,6.837775230407715,6.616069793701172,0.12351703643798828
electronic_07::pitch_shift::+2st,electronic_07,electronic,pitch_shift,2.0,semitones,4.212038040161133,5.356142997741699,4.659657955169678,-0.12443256378173828,5.9409379959106445,7.128284454345703,6.6266889572143555,0.09207773208618164,4.685543537139893,5.0693583488464355,4.7527313232421875,-0.12471961975097656,6.147330284118652,6.9950361251831055,6.643232345581055,0.07204914093017578
electronic_07::pitch_shift::+4st,electronic_07,electronic,pitch_shift,4.0,semitones,4.212038040161133,5.362247943878174,4.652998924255371,-0.13414406776428223,5.9409379959106445,6.901738166809082,6.52874755859375,0.10740947723388672,4.685543537139893,5.115201473236084,4.821781635284424,-0.07859086990356445,6.147330284118652,6.859631061553955,6.567409992218018,0.06392931938171387
electronic_07::time_stretch::-20pct,electronic_07,electronic,time_stretch,-20.0,percent_tempo,4.212038040161133,4.755303382873535,4.374906539916992,-0.1087641716003418,5.9409379959106445,6.898490905761719,6.541792869567871,0.12207841873168945,4.685543537139893,4.610744476318359,4.488560199737549,-0.15958380699157715,6.147330284118652,6.849240779876709,6.639513969421387,0.14122843742370605
electronic_07::time_stretch::-10pct,electronic_07,electronic,time_stretch,-10.0,percent_tempo,4.212038040161133,4.742067337036133,4.341644287109375,-0.1354084014892578,5.9409379959106445,6.878749847412109,6.5325927734375,0.12274885177612305,4.685543537139893,4.636941909790039,4.511273384094238,-0.14996933937072754,6.147330284118652,6.783613681793213,6.57261323928833,0.10714125633239746
electronic_07::time_stretch::-5pct,electronic_07,electronic,time_stretch,-5.0,percent_tempo,4.212038040161133,4.819707870483398,4.454556941986084,-0.06131601333618164,5.9409379959106445,6.708740711212158,6.488133430480957,0.16329407691955566,4.685543537139893,4.712257385253906,4.582701683044434,-0.11619877815246582,6.147330284118652,6.6918559074401855,6.553867340087891,0.13427424430847168
electronic_07::time_stretch::+5pct,electronic_07,electronic,time_stretch,5.0,percent_tempo,4.212038040161133,4.7669196128845215,4.361921310424805,-0.12755751609802246,5.9409379959106445,6.603692531585693,6.366724967956543,0.09440970420837402,4.685543537139893,4.807433128356934,4.578441143035889,-0.16804718971252441,6.147330284118652,6.587706089019775,6.481510639190674,0.11399245262145996
electronic_07::time_stretch::+10pct,electronic_07,electronic,time_stretch,10.0,percent_tempo,4.212038040161133,4.706097602844238,4.328275680541992,-0.13079214096069336,5.9409379959106445,6.67819356918335,6.368097305297852,0.05853152275085449,4.685543537139893,4.763998031616211,4.582939147949219,-0.141831636428833,6.147330284118652,6.604027271270752,6.436318397521973,0.06063961982727051
electronic_07::time_stretch::+20pct,electronic_07,electronic,time_stretch,20.0,percent_tempo,4.212038040161133,4.873186111450195,4.402724266052246,-0.13988780975341797,5.9409379959106445,6.77163553237915,6.452848434448242,0.09656167030334473,4.685543537139893,4.816460132598877,4.640865325927734,-0.11013650894165039,6.147330284118652,6.662404537200928,6.467690944671631,0.06282353401184082
electronic_07::lowpass::lp8000,electronic_07,electronic,lowpass,8000.0,hz_cutoff,4.212038040161133,4.144589900970459,4.063787937164307,-0.11452603340148926,5.9409379959106445,5.94014835357666,6.0677642822265625,0.12722110748291016,4.685543537139893,4.646595478057861,4.497531414031982,-0.16853809356689453,6.147330284118652,6.144985675811768,6.303696155548096,0.15753817558288574
electronic_07::lowpass::lp4000,electronic_07,electronic,lowpass,4000.0,hz_cutoff,4.212038040161133,4.252816677093506,4.012354373931885,-0.22007298469543457,5.9409379959106445,5.7045979499816895,5.91913366317749,0.09636569023132324,4.685543537139893,4.490704536437988,4.570064067840576,-0.018059968948364258,6.147330284118652,5.699359893798828,6.028032302856445,0.10468721389770508
electronic_07::lowpass::lp2000,electronic_07,electronic,lowpass,2000.0,hz_cutoff,4.212038040161133,5.784589767456055,4.848883628845215,-0.1494302749633789,5.9409379959106445,6.296641826629639,6.347723960876465,0.22893404960632324,4.685543537139893,4.541078567504883,4.561545372009277,-0.05176568031311035,6.147330284118652,6.141703128814697,6.390944004058838,0.24642729759216309
electronic_07::distortion::drv4,electronic_07,electronic,distortion,4.0,tanh_drive,4.212038040161133,3.8738045692443848,3.904954195022583,-0.13796710968017578,5.9409379959106445,5.539745807647705,5.89561653137207,0.1552746295928955,4.685543537139893,4.927411079406738,4.588098526000977,-0.21837878227233887,6.147330284118652,5.629968166351318,6.1078596115112305,0.21921038627624512
electronic_07::distortion::drv12,electronic_07,electronic,distortion,12.0,tanh_drive,4.212038040161133,3.0953006744384766,3.4528579711914062,-0.20081138610839844,5.9409379959106445,4.542006492614746,5.396299839019775,0.15482759475708008,4.685543537139893,4.7801408767700195,4.465088367462158,-0.26775383949279785,6.147330284118652,5.052916526794434,5.824125289916992,0.22400188446044922
electronic_07::distortion::drv32,electronic_07,electronic,distortion,32.0,tanh_drive,4.212038040161133,2.466958522796631,3.181702136993408,-0.15779614448547363,5.9409379959106445,3.8010058403015137,5.127922534942627,0.25695061683654785,4.685543537139893,4.490586757659912,4.342962265014648,-0.2451028823852539,6.147330284118652,4.721722602844238,5.69236946105957,0.257843017578125
electronic_07::style_swap::swap_cross,electronic_07,electronic,style_swap,nan,cross_genre,4.212038040161133,5.858954906463623,4.7739458084106445,-0.2615506649017334,5.9409379959106445,6.643793106079102,6.4165167808532715,0.12415122985839844,4.685543537139893,3.40163516998291,4.177585601806641,0.13399624824523926,6.147330284118652,6.969306945800781,6.549938201904297,-0.008380413055419922
electronic_07::style_swap::swap_same,electronic_07,electronic,style_swap,nan,same_genre,4.212038040161133,3.1982271671295166,3.6226277351379395,-0.08250486850738525,5.9409379959106445,3.930666446685791,5.167420387268066,0.23161816596984863,4.685543537139893,6.2520551681518555,5.453743934631348,-0.015055418014526367,6.147330284118652,4.696130275726318,5.586090087890625,0.16435980796813965
electronic_08::control::ctrl,electronic_08,electronic,control,0.0,none,4.207488536834717,4.207488536834717,4.118599891662598,-0.08888864517211914,4.890111923217773,4.890111923217773,5.149533748626709,0.25942182540893555,6.555597305297852,6.555597305297852,6.538567066192627,-0.01703023910522461,5.6544647216796875,5.6544647216796875,5.708294868469238,0.05383014678955078
electronic_08::pitch_shift::-4st,electronic_08,electronic,pitch_shift,-4.0,semitones,4.207488536834717,5.780097961425781,4.806336879730225,-0.18745636940002441,4.890111923217773,6.880667209625244,6.09022855758667,0.20483899116516113,6.555597305297852,5.9752655029296875,6.300837516784668,0.03540611267089844,5.6544647216796875,6.302487373352051,6.016402244567871,0.03792619705200195
electronic_08::pitch_shift::-2st,electronic_08,electronic,pitch_shift,-2.0,semitones,4.207488536834717,5.910268306732178,4.830759525299072,-0.228118896484375,4.890111923217773,6.619211196899414,5.895183563232422,0.14052200317382812,6.555597305297852,6.172146320343018,6.377227306365967,0.013355493545532227,5.6544647216796875,5.979823589324951,5.791999340057373,-0.02514481544494629
electronic_08::pitch_shift::-1st,electronic_08,electronic,pitch_shift,-1.0,semitones,4.207488536834717,5.528984546661377,4.624888896942139,-0.2433476448059082,4.890111923217773,6.120730400085449,5.647974967956543,0.14255380630493164,6.555597305297852,6.501152992248535,6.519624710083008,-0.008750438690185547,5.6544647216796875,5.789993762969971,5.715387344360352,-0.006841897964477539
electronic_08::pitch_shift::+1st,electronic_08,electronic,pitch_shift,1.0,semitones,4.207488536834717,5.280731201171875,4.648923873901367,-0.09518599510192871,4.890111923217773,5.597755432128906,5.4129462242126465,0.16901254653930664,6.555597305297852,6.542403697967529,6.526995658874512,-0.02200484275817871,5.6544647216796875,5.6737871170043945,5.733286380767822,0.06916046142578125
electronic_08::pitch_shift::+2st,electronic_08,electronic,pitch_shift,2.0,semitones,4.207488536834717,5.416986465454102,4.672274589538574,-0.13996291160583496,4.890111923217773,5.688106536865234,5.546170234680176,0.2570610046386719,6.555597305297852,6.569116115570068,6.516599655151367,-0.04575705528259277,5.6544647216796875,5.669380187988281,5.6912126541137695,0.029290199279785156
electronic_08::pitch_shift::+4st,electronic_08,electronic,pitch_shift,4.0,semitones,4.207488536834717,5.573099613189697,5.089275360107422,0.19898128509521484,4.890111923217773,6.496963024139404,6.030989170074463,0.337451696395874,6.555597305297852,6.477102756500244,6.530048847198486,0.013698816299438477,5.6544647216796875,6.3057661056518555,6.134422779083252,0.15430736541748047
electronic_08::time_stretch::-20pct,electronic_08,electronic,time_stretch,-20.0,percent_tempo,4.207488536834717,5.0579352378845215,4.592483997344971,-0.04022789001464844,4.890111923217773,4.543861389160156,5.16313362121582,0.44614696502685547,6.555597305297852,6.530055999755859,6.5298662185668945,-0.012960433959960938,5.6544647216796875,5.642488956451416,5.805900573730469,0.157423734664917
electronic_08::time_stretch::-10pct,electronic_08,electronic,time_stretch,-10.0,percent_tempo,4.207488536834717,5.69839334487915,4.789989471435547,-0.16295146942138672,4.890111923217773,4.870898246765137,5.234563827514648,0.35405874252319336,6.555597305297852,6.522963047027588,6.513392448425293,-0.025887727737426758,5.6544647216796875,5.401203155517578,5.635538578033447,0.10770463943481445
electronic_08::time_stretch::-5pct,electronic_08,electronic,time_stretch,-5.0,percent_tempo,4.207488536834717,5.70548152923584,4.7572340965271,-0.1992509365081787,4.890111923217773,5.76780891418457,5.574656963348389,0.2456965446472168,6.555597305297852,6.493161201477051,6.500235080718994,-0.02414417266845703,5.6544647216796875,6.079540252685547,5.893383026123047,0.026380538940429688
electronic_08::time_stretch::+5pct,electronic_08,electronic,time_stretch,5.0,percent_tempo,4.207488536834717,5.339835166931152,4.491113185882568,-0.2825486660003662,4.890111923217773,5.469324111938477,5.219998836517334,0.040280818939208984,6.555597305297852,6.444296360015869,6.487205505371094,-0.012741327285766602,5.6544647216796875,5.559086799621582,5.532761096954346,-0.07401466369628906
electronic_08::time_stretch::+10pct,electronic_08,electronic,time_stretch,10.0,percent_tempo,4.207488536834717,5.4002580642700195,4.692455768585205,-0.11141753196716309,4.890111923217773,5.167381286621094,5.322222709655762,0.2934761047363281,6.555597305297852,6.479182243347168,6.491699695587158,-0.025690078735351562,5.6544647216796875,5.189635276794434,5.526838779449463,0.10478878021240234
electronic_08::time_stretch::+20pct,electronic_08,electronic,time_stretch,20.0,percent_tempo,4.207488536834717,4.893154144287109,4.304849147796631,-0.24547219276428223,4.890111923217773,4.978737831115723,5.131679058074951,0.19725418090820312,6.555597305297852,6.34712553024292,6.4224138259887695,-0.02894759178161621,5.6544647216796875,5.17062520980835,5.513614177703857,0.10106921195983887
electronic_08::lowpass::lp8000,electronic_08,electronic,lowpass,8000.0,hz_cutoff,4.207488536834717,4.1655426025390625,4.099693775177002,-0.0868217945098877,4.890111923217773,4.984439373016357,5.160224914550781,0.22294926643371582,6.555597305297852,6.508249759674072,6.508277416229248,-0.023646116256713867,5.6544647216796875,5.685153007507324,5.717284202575684,0.047475337982177734
electronic_08::lowpass::lp4000,electronic_08,electronic,lowpass,4000.0,hz_cutoff,4.207488536834717,4.440430164337158,4.35452127456665,0.03056192398071289,4.890111923217773,5.000591278076172,5.279804706573486,0.33445310592651367,6.555597305297852,6.038816452026367,6.302142143249512,0.004935264587402344,5.6544647216796875,5.495763301849365,5.75138521194458,0.1762712001800537
electronic_08::lowpass::lp2000,electronic_08,electronic,lowpass,2000.0,hz_cutoff,4.207488536834717,3.90120530128479,4.003415107727051,-0.05093181133270264,4.890111923217773,4.907018661499023,5.520499229431152,0.6219339370727539,6.555597305297852,4.824458599090576,5.61333703994751,-0.0766909122467041,5.6544647216796875,5.3673624992370605,5.819818496704102,0.30890488624572754
electronic_08::distortion::drv4,electronic_08,electronic,distortion,4.0,tanh_drive,4.207488536834717,2.989863634109497,3.4205210208892822,-0.1781550645828247,4.890111923217773,2.203461170196533,3.8023223876953125,0.2555358409881592,6.555597305297852,5.898120880126953,6.255455017089844,0.028595924377441406,5.6544647216796875,3.294151782989502,4.542697429656982,0.0683891773223877
electronic_08::distortion::drv12,electronic_08,electronic,distortion,12.0,tanh_drive,4.207488536834717,2.5231826305389404,3.1811025142669678,-0.18423306941986084,4.890111923217773,2.194413661956787,3.9242873191833496,0.38202452659606934,6.555597305297852,4.48493766784668,5.68684720993042,0.1665797233581543,5.6544647216796875,3.149691581726074,4.585698127746582,0.18361997604370117
electronic_08::distortion::drv32,electronic_08,electronic,distortion,32.0,tanh_drive,4.207488536834717,2.129185438156128,2.9910173416137695,-0.17731964588165283,4.890111923217773,2.193704843521118,3.906649112701416,0.3647407293319702,6.555597305297852,3.6745474338531494,5.348185062408447,0.23311269283294678,5.6544647216796875,3.106264352798462,4.633907794952393,0.25354325771331787
electronic_08::style_swap::swap_cross,electronic_08,electronic,style_swap,nan,cross_genre,4.207488536834717,8.029197692871094,6.456564426422119,0.33822131156921387,4.890111923217773,8.214460372924805,6.943594932556152,0.3913087844848633,6.555597305297852,5.879769325256348,6.272995948791504,0.0553126335144043,5.6544647216796875,7.945465564727783,6.969139099121094,0.1691739559173584
electronic_08::style_swap::swap_same,electronic_08,electronic,style_swap,nan,same_genre,4.207488536834717,7.149436950683594,5.670395374298096,-0.00806736946105957,4.890111923217773,7.660343170166016,6.933252334594727,0.658024787902832,6.555597305297852,6.1318206787109375,6.381815433502197,0.038106441497802734,5.6544647216796875,7.955985069274902,7.211743354797363,0.40651845932006836
electronic_09::control::ctrl,electronic_09,electronic,control,0.0,none,3.192418098449707,3.192418098449707,3.0567069053649902,-0.1357111930847168,3.8756844997406006,3.8756844997406006,4.312509536743164,0.4368250370025635,6.250205039978027,6.250205039978027,6.280681610107422,0.03047657012939453,4.679699897766113,4.679699897766113,4.740314960479736,0.06061506271362305
electronic_09::pitch_shift::-4st,electronic_09,electronic,pitch_shift,-4.0,semitones,3.192418098449707,3.4680891036987305,3.136077404022217,-0.19417619705200195,3.8756844997406006,5.036084175109863,4.815242767333984,0.35935842990875244,6.250205039978027,6.1028666496276855,6.233786582946777,0.0572507381439209,4.679699897766113,5.175224304199219,4.963980197906494,0.036518096923828125
electronic_09::pitch_shift::-2st,electronic_09,electronic,pitch_shift,-2.0,semitones,3.192418098449707,3.4300920963287354,3.098809242248535,-0.21244585514068604,3.8756844997406006,5.540084362030029,4.909119129180908,0.20123469829559326,6.250205039978027,6.13741397857666,6.218045234680176,0.02423572540283203,4.679699897766113,5.252072811126709,4.949087142944336,-0.016799211502075195
electronic_09::pitch_shift::-1st,electronic_09,electronic,pitch_shift,-1.0,semitones,3.192418098449707,3.367877244949341,3.1023495197296143,-0.17779815196990967,3.8756844997406006,4.885251045227051,4.615859508514404,0.2353917360305786,6.250205039978027,6.344638347625732,6.32485818862915,0.027436494827270508,4.679699897766113,5.17472505569458,4.92763090133667,0.0004184246063232422
electronic_09::pitch_shift::+1st,electronic_09,electronic,pitch_shift,1.0,semitones,3.192418098449707,3.3659205436706543,3.101099729537964,-0.1780695915222168,3.8756844997406006,4.681519985198975,4.542830944061279,0.2642287015914917,6.250205039978027,6.316866397857666,6.333250045776367,0.04971432685852051,4.679699897766113,5.1900763511657715,4.956326007843018,0.021437883377075195
electronic_09::pitch_shift::+2st,electronic_09,electronic,pitch_shift,2.0,semitones,3.192418098449707,3.611124038696289,3.2348649501800537,-0.16690611839294434,3.8756844997406006,5.406777858734131,5.042473793029785,0.40124261379241943,6.250205039978027,6.529688358306885,6.407649040222168,0.017702341079711914,4.679699897766113,5.264925479888916,5.048149108886719,0.0758364200592041
electronic_09::pitch_shift::+4st,electronic_09,electronic,pitch_shift,4.0,semitones,3.192418098449707,4.451526641845703,3.5724663734436035,-0.24950599670410156,3.8756844997406006,6.246020317077637,5.526121616363525,0.46526920795440674,6.250205039978027,6.4972991943359375,6.506673336029053,0.1329212188720703,4.679699897766113,6.214237689971924,5.447986602783203,0.0010178089141845703
electronic_09::time_stretch::-20pct,electronic_09,electronic,time_stretch,-20.0,percent_tempo,3.192418098449707,4.658918380737305,3.5755701065063477,-0.3500981330871582,3.8756844997406006,6.3576979637146,5.476469993591309,0.3597787618637085,6.250205039978027,6.758020877838135,6.514492034912109,0.01037907600402832,4.679699897766113,6.3676652908325195,5.427495956420898,-0.09618663787841797
electronic_09::time_stretch::-10pct,electronic_09,electronic,time_stretch,-10.0,percent_tempo,3.192418098449707,4.02576208114624,3.3933582305908203,-0.21573185920715332,3.8756844997406006,5.986288547515869,5.151492118835449,0.22050559520721436,6.250205039978027,6.6240434646606445,6.446238994598389,0.009114742279052734,4.679699897766113,5.733426094055176,5.172011375427246,-0.03455162048339844
electronic_09::time_stretch::-5pct,electronic_09,electronic,time_stretch,-5.0,percent_tempo,3.192418098449707,3.4996509552001953,3.1569480895996094,-0.1890864372253418,3.8756844997406006,4.829096794128418,4.49177885055542,0.13938820362091064,6.250205039978027,6.41947078704834,6.382208824157715,0.04737091064453125,4.679699897766113,5.2213029861450195,4.905789375305176,-0.044712066650390625
electronic_09::time_stretch::+5pct,electronic_09,electronic,time_stretch,5.0,percent_tempo,3.192418098449707,3.4410152435302734,3.1389224529266357,-0.1777942180633545,3.8756844997406006,5.168848514556885,4.849098205566406,0.3268316984176636,6.250205039978027,6.357302665710449,6.34791374206543,0.044159889221191406,4.679699897766113,5.247939109802246,4.998539447784424,0.03471994400024414
electronic_09::time_stretch::+10pct,electronic_09,electronic,time_stretch,10.0,percent_tempo,3.192418098449707,3.5087380409240723,3.1434197425842285,-0.20715832710266113,3.8756844997406006,5.491779804229736,4.917196273803711,0.23346412181854248,6.250205039978027,6.307319164276123,6.3080925941467285,0.02933049201965332,4.679699897766113,5.458978176116943,5.041935920715332,-0.02740311622619629
electronic_09::time_stretch::+20pct,electronic_09,electronic,time_stretch,20.0,percent_tempo,3.192418098449707,3.6087918281555176,3.209982395172119,-0.19062256813049316,3.8756844997406006,5.628342628479004,5.08201265335083,0.32999908924102783,6.250205039978027,6.388575553894043,6.330312728881836,0.010922431945800781,4.679699897766113,5.621213436126709,5.125282287597656,-0.025174379348754883
electronic_09::lowpass::lp8000,electronic_09,electronic,lowpass,8000.0,hz_cutoff,3.192418098449707,3.162877321243286,3.0303139686584473,-0.14733374118804932,3.8756844997406006,3.8160598278045654,4.301625728607178,0.4557535648345947,6.250205039978027,6.207242012023926,6.266505241394043,0.037781715393066406,4.679699897766113,4.583658218383789,4.686121463775635,0.054442405700683594
electronic_09::lowpass::lp4000,electronic_09,electronic,lowpass,4000.0,hz_cutoff,3.192418098449707,2.3093924522399902,2.6866238117218018,-0.06428146362304688,3.8756844997406006,2.2180914878845215,3.81528902053833,0.768401026725769,6.250205039978027,5.477171897888184,5.983140468597412,0.11945199966430664,4.679699897766113,3.5415732860565186,4.316669940948486,0.2060333490371704
electronic_09::lowpass::lp2000,electronic_09,electronic,lowpass,2000.0,hz_cutoff,3.192418098449707,2.2413411140441895,2.6642935276031494,-0.05258607864379883,3.8756844997406006,2.1929662227630615,3.7941150665283203,0.7597897052764893,6.250205039978027,4.72589111328125,5.669567108154297,0.1815190315246582,4.679699897766113,3.6349716186523438,4.476212501525879,0.3188767433166504
electronic_09::distortion::drv4,electronic_09,electronic,distortion,4.0,tanh_drive,3.192418098449707,2.735311985015869,2.7821741104125977,-0.18169093132019043,3.8756844997406006,2.233935832977295,3.6324756145477295,0.5776654481887817,6.250205039978027,6.125014305114746,6.198464393615723,0.010854721069335938,4.679699897766113,3.6175858974456787,4.2081756591796875,0.059532761573791504
electronic_09::distortion::drv12,electronic_09,electronic,distortion,12.0,tanh_drive,3.192418098449707,2.054245710372925,2.419759511947632,-0.20357239246368408,3.8756844997406006,2.1844396591186523,3.2795913219451904,0.24952924251556396,6.250205039978027,5.466647148132324,5.8559064865112305,-0.0025196075439453125,4.679699897766113,3.0017969608306885,3.852168083190918,0.01141965389251709
electronic_09::distortion::drv32,electronic_09,electronic,distortion,32.0,tanh_drive,3.192418098449707,1.788623332977295,2.2806007862091064,-0.20991992950439453,3.8756844997406006,2.1807522773742676,3.1657934188842773,0.13757503032684326,6.250205039978027,4.570249557495117,5.539758682250977,0.1295313835144043,4.679699897766113,2.913621425628662,3.8264777660369873,0.02981710433959961
electronic_09::style_swap::swap_cross,electronic_09,electronic,style_swap,nan,cross_genre,3.192418098449707,7.8288984298706055,5.086503505706787,-0.42415475845336914,3.8756844997406006,8.225295066833496,6.819746017456055,0.7692562341690063,6.250205039978027,5.963656425476074,6.235225200653076,0.1282944679260254,4.679699897766113,7.983432769775391,6.465850353240967,0.13428401947021484
electronic_09::style_swap::swap_same,electronic_09,electronic,style_swap,nan,same_genre,3.192418098449707,7.622652530670166,4.888543605804443,-0.5189917087554932,3.8756844997406006,7.581298828125,6.387917995452881,0.6594263315200806,6.250205039978027,6.1621994972229,6.324909210205078,0.11870694160461426,4.679699897766113,7.198910236358643,5.931696891784668,-0.007608175277709961
electronic_10::control::ctrl,electronic_10,electronic,control,0.0,none,5.842101097106934,5.842101097106934,5.747291088104248,-0.09481000900268555,6.971378326416016,6.971378326416016,7.0805535316467285,0.10917520523071289,6.544548988342285,6.544548988342285,6.5780205726623535,0.03347158432006836,6.891147613525391,6.891147613525391,6.99296236038208,0.10181474685668945
electronic_10::pitch_shift::-4st,electronic_10,electronic,pitch_shift,-4.0,semitones,5.842101097106934,6.106747150421143,5.854301452636719,-0.12012267112731934,6.971378326416016,7.056920051574707,7.085031032562256,0.07088184356689453,6.544548988342285,6.689889907836914,6.6631855964660645,0.045966148376464844,6.891147613525391,6.747143268585205,6.952788352966309,0.13364291191101074
electronic_10::pitch_shift::-2st,electronic_10,electronic,pitch_shift,-2.0,semitones,5.842101097106934,6.431981086730957,6.008558750152588,-0.12848234176635742,6.971378326416016,7.190925598144531,7.1406378746032715,0.05948591232299805,6.544548988342285,6.803111553192139,6.7215986251831055,0.047768354415893555,6.891147613525391,6.971991062164307,7.015998840332031,0.08442950248718262
electronic_10::pitch_shift::-1st,electronic_10,electronic,pitch_shift,-1.0,semitones,5.842101097106934,6.5534586906433105,6.109046936035156,-0.08873295783996582,6.971378326416016,7.318348407745361,7.186253070831299,0.04138970375061035,6.544548988342285,6.715517997741699,6.6719512939453125,0.04191780090332031,6.891147613525391,7.205521583557129,7.096373558044434,0.04803895950317383
electronic_10::pitch_shift::+1st,electronic_10,electronic,pitch_shift,1.0,semitones,5.842101097106934,6.3790602684021,5.990856170654297,-0.11972451210021973,6.971378326416016,7.201309680938721,7.164130210876465,0.07778620719909668,6.544548988342285,6.658563613891602,6.640024185180664,0.0384678840637207,6.891147613525391,6.962699890136719,6.9990129470825195,0.07208919525146484
electronic_10::pitch_shift::+2st,electronic_10,electronic,pitch_shift,2.0,semitones,5.842101097106934,6.1561760902404785,5.844946384429932,-0.15419220924377441,6.971378326416016,7.046827793121338,7.060378551483154,0.05127549171447754,6.544548988342285,6.687445163726807,6.657166957855225,0.04116988182067871,6.891147613525391,6.74660062789917,6.8678388595581055,0.048964738845825195
electronic_10::pitch_shift::+4st,electronic_10,electronic,pitch_shift,4.0,semitones,5.842101097106934,5.994852542877197,5.829753875732422,-0.08872294425964355,6.971378326416016,7.1253437995910645,7.12883996963501,0.08047890663146973,6.544548988342285,6.737147331237793,6.679142951965332,0.03829479217529297,6.891147613525391,6.667375564575195,6.866962909698486,0.08770132064819336
electronic_10::time_stretch::-20pct,electronic_10,electronic,time_stretch,-20.0,percent_tempo,5.842101097106934,6.25417423248291,5.9486870765686035,-0.09945058822631836,6.971378326416016,7.104931354522705,7.142222881317139,0.10406804084777832,6.544548988342285,6.7592878341674805,6.681611061096191,0.029692649841308594,6.891147613525391,7.004903316497803,7.0775532722473145,0.12952780723571777
electronic_10::time_stretch::-10pct,electronic_10,electronic,time_stretch,-10.0,percent_tempo,5.842101097106934,6.413041114807129,6.00559663772583,-0.12197446823120117,6.971378326416016,7.250442028045654,7.211174488067627,0.10026431083679199,6.544548988342285,6.7608184814453125,6.677967548370361,0.0252838134765625,6.891147613525391,7.132377624511719,7.10633659362793,0.094573974609375
electronic_10::time_stretch::-5pct,electronic_10,electronic,time_stretch,-5.0,percent_tempo,5.842101097106934,6.2892866134643555,5.971572399139404,-0.09412145614624023,6.971378326416016,7.149694919586182,7.127455234527588,0.06691861152648926,6.544548988342285,6.626657009124756,6.612792015075684,0.027189016342163086,6.891147613525391,6.957808494567871,6.995567798614502,0.0710897445678711
electronic_10::time_stretch::+5pct,electronic_10,electronic,time_stretch,5.0,percent_tempo,5.842101097106934,6.211432933807373,5.928297519683838,-0.09846949577331543,6.971378326416016,7.164167881011963,7.139317989349365,0.07154488563537598,6.544548988342285,6.715161323547363,6.652524948120117,0.02266979217529297,6.891147613525391,7.0314717292785645,7.041815280914307,0.0805056095123291
electronic_10::time_stretch::+10pct,electronic_10,electronic,time_stretch,10.0,percent_tempo,5.842101097106934,6.160275459289551,5.924205780029297,-0.07698249816894531,6.971378326416016,7.067904472351074,7.122633457183838,0.10299205780029297,6.544548988342285,6.76672887802124,6.684670925140381,0.029031991958618164,6.891147613525391,7.003185272216797,7.053147315979004,0.10598087310791016
electronic_10::time_stretch::+20pct,electronic_10,electronic,time_stretch,20.0,percent_tempo,5.842101097106934,6.506131172180176,6.018374919891357,-0.15574121475219727,6.971378326416016,7.258164882659912,7.179914951324463,0.06514334678649902,6.544548988342285,6.77603006362915,6.683722496032715,0.02343297004699707,6.891147613525391,7.245001792907715,7.160341262817383,0.09226655960083008
electronic_10::lowpass::lp8000,electronic_10,electronic,lowpass,8000.0,hz_cutoff,5.842101097106934,5.735004901885986,5.6910200119018555,-0.09753298759460449,6.971378326416016,6.915794372558594,7.053091049194336,0.10950469970703125,6.544548988342285,6.519695281982422,6.565295696258545,0.033173561096191406,6.891147613525391,6.805725574493408,6.958073616027832,0.10963702201843262
electronic_10::lowpass::lp4000,electronic_10,electronic,lowpass,4000.0,hz_cutoff,5.842101097106934,5.339382648468018,5.537761211395264,-0.052980661392211914,6.971378326416016,6.207518100738525,6.697691440582275,0.10824322700500488,6.544548988342285,6.164831638336182,6.3702473640441895,0.015557050704956055,6.891147613525391,5.806221961975098,6.54979944229126,0.20111465454101562
electronic_10::lowpass::lp2000,electronic_10,electronic,lowpass,2000.0,hz_cutoff,5.842101097106934,6.133788585662842,5.963229179382324,-0.024715662002563477,6.971378326416016,6.919314384460449,7.072204113006592,0.12685775756835938,6.544548988342285,6.06828498840332,6.326226234436035,0.019809246063232422,6.891147613525391,6.359987258911133,6.782464027404785,0.15689659118652344
electronic_10::distortion::drv4,electronic_10,electronic,distortion,4.0,tanh_drive,5.842101097106934,3.5022196769714355,4.642300605773926,-0.02985978126525879,6.971378326416016,3.128024101257324,5.369208812713623,0.3195075988769531,6.544548988342285,6.453221321105957,6.512803077697754,0.013917922973632812,6.891147613525391,4.127795219421387,5.798403739929199,0.28893232345581055
electronic_10::distortion::drv12,electronic_10,electronic,distortion,12.0,tanh_drive,5.842101097106934,2.1011452674865723,4.229194164276123,0.2575709819793701,6.971378326416016,2.2581307888031006,5.069399356842041,0.4546447992324829,6.544548988342285,5.2780961990356445,5.863806247711182,-0.0475163459777832,6.891147613525391,3.682769775390625,5.684878826141357,0.3979201316833496
electronic_10::distortion::drv32,electronic_10,electronic,distortion,32.0,tanh_drive,5.842101097106934,2.026226282119751,4.252566814422607,0.31840312480926514,6.971378326416016,2.2793197631835938,5.0912981033325195,0.46594905853271484,6.544548988342285,4.891763687133789,5.855157852172852,0.13700151443481445,6.891147613525391,3.7133853435516357,5.714108943939209,0.4118424654006958
electronic_10::style_swap::swap_cross,electronic_10,electronic,style_swap,nan,cross_genre,5.842101097106934,2.5517008304595947,4.873836517333984,0.6769355535507202,6.971378326416016,5.1971893310546875,6.228726387023926,0.14444255828857422,6.544548988342285,2.5274767875671387,4.863576412200928,0.3275635242462158,6.891147613525391,5.310816764831543,6.422249794006348,0.32126760482788086
electronic_10::style_swap::swap_same,electronic_10,electronic,style_swap,nan,same_genre,5.842101097106934,7.240965366363525,6.716604709625244,0.17507147789001465,6.971378326416016,7.934963226318359,7.601893901824951,0.14872312545776367,6.544548988342285,5.59938383102417,6.204382419586182,0.1324160099029541,6.891147613525391,7.974794387817383,7.652394771575928,0.21942377090454102
electronic_11::control::ctrl,electronic_11,electronic,control,0.0,none,6.373791217803955,6.373791217803955,6.140671730041504,-0.23311948776245117,6.416528224945068,6.416528224945068,6.4585280418396,0.04199981689453125,7.017943859100342,7.017943859100342,6.991471290588379,-0.02647256851196289,6.700465679168701,6.700465679168701,6.738168716430664,0.03770303726196289
electronic_11::pitch_shift::-4st,electronic_11,electronic,pitch_shift,-4.0,semitones,6.373791217803955,6.378507137298584,6.222461223602295,-0.1536879539489746,6.416528224945068,6.455874919891357,6.471262454986572,0.035060882568359375,7.017943859100342,7.020535469055176,7.014579772949219,-0.004659891128540039,6.700465679168701,6.513595104217529,6.702017784118652,0.09498739242553711
electronic_11::pitch_shift::-2st,electronic_11,electronic,pitch_shift,-2.0,semitones,6.373791217803955,6.543634414672852,6.374666213989258,-0.08404660224914551,6.416528224945068,6.469306468963623,6.514636516571045,0.07171916961669922,7.017943859100342,7.003599166870117,6.9947004318237305,-0.016071081161499023,6.700465679168701,6.669525623321533,6.8278489112854,0.1428532600402832
electronic_11::pitch_shift::-1st,electronic_11,electronic,pitch_shift,-1.0,semitones,6.373791217803955,6.511342525482178,6.331187725067139,-0.11137914657592773,6.416528224945068,6.499387741088867,6.537142276763916,0.07918429374694824,7.017943859100342,7.061801433563232,7.0186662673950195,-0.021206378936767578,6.700465679168701,6.674496650695801,6.787050247192383,0.09956908226013184
electronic_11::pitch_shift::+1st,electronic_11,electronic,pitch_shift,1.0,semitones,6.373791217803955,6.230139255523682,6.234021186828613,-0.06794404983520508,6.416528224945068,6.435395240783691,6.47064733505249,0.04468560218811035,7.017943859100342,6.882049560546875,6.948141098022461,-0.001855611801147461,6.700465679168701,6.634263515472412,6.774560451507568,0.10719585418701172
electronic_11::pitch_shift::+2st,electronic_11,electronic,pitch_shift,2.0,semitones,6.373791217803955,6.518427848815918,6.362802505493164,-0.08330702781677246,6.416528224945068,6.853354454040527,6.673953056335449,0.03901171684265137,7.017943859100342,6.8687744140625,6.940789222717285,-0.002569913864135742,6.700465679168701,6.858227729797363,6.880674839019775,0.10132813453674316
electronic_11::pitch_shift::+4st,electronic_11,electronic,pitch_shift,4.0,semitones,6.373791217803955,6.139071464538574,6.245096683502197,-0.011334657669067383,6.416528224945068,6.425636291503906,6.532830238342285,0.11174798011779785,7.017943859100342,6.583626747131348,6.818305492401123,0.01752018928527832,6.700465679168701,6.407601356506348,6.715657711029053,0.16162419319152832
electronic_11::time_stretch::-20pct,electronic_11,electronic,time_stretch,-20.0,percent_tempo,6.373791217803955,6.684271812438965,6.384781837463379,-0.14424967765808105,6.416528224945068,6.706521511077881,6.724838733673096,0.1633138656616211,7.017943859100342,7.060668468475342,7.011630058288574,-0.027676105499267578,6.700465679168701,6.7299981117248535,6.858314037322998,0.1430821418762207
electronic_11::time_stretch::-10pct,electronic_11,electronic,time_stretch,-10.0,percent_tempo,6.373791217803955,6.988036632537842,6.577502727508545,-0.10341119766235352,6.416528224945068,7.043342113494873,6.788651943206787,0.058716773986816406,7.017943859100342,7.047331809997559,7.017448425292969,-0.015189409255981445,6.700465679168701,7.224538326263428,7.028948783874512,0.06644678115844727
electronic_11::time_stretch::-5pct,electronic_11,electronic,time_stretch,-5.0,percent_tempo,6.373791217803955,6.744270324707031,6.449405193328857,-0.10962557792663574,6.416528224945068,6.616447448730469,6.610405445098877,0.0939176082611084,7.017943859100342,7.045468807220459,7.0081024169921875,-0.02360391616821289,6.700465679168701,6.7679572105407715,6.835189342498779,0.10097789764404297
electronic_11::time_stretch::+5pct,electronic_11,electronic,time_stretch,5.0,percent_tempo,6.373791217803955,6.30984354019165,6.198111057281494,-0.1437063217163086,6.416528224945068,5.963266849517822,6.2344279289245605,0.044530391693115234,7.017943859100342,7.068998336791992,7.01668643951416,-0.026784658432006836,6.700465679168701,6.657087326049805,6.728694438934326,0.04991793632507324
electronic_11::time_stretch::+10pct,electronic_11,electronic,time_stretch,10.0,percent_tempo,6.373791217803955,6.340503215789795,6.2314300537109375,-0.1257171630859375,6.416528224945068,6.281367301940918,6.44229793548584,0.09335017204284668,7.017943859100342,7.008624076843262,6.989915370941162,-0.02336859703063965,6.700465679168701,6.739089012145996,6.816004276275635,0.09622693061828613
electronic_11::time_stretch::+20pct,electronic_11,electronic,time_stretch,20.0,percent_tempo,6.373791217803955,6.444418430328369,6.282261848449707,-0.12684297561645508,6.416528224945068,6.652467727661133,6.564525604248047,0.03002762794494629,7.017943859100342,7.018110752105713,7.004716396331787,-0.013310909271240234,6.700465679168701,6.8153605461120605,6.824959754943848,0.0670466423034668
electronic_11::lowpass::lp8000,electronic_11,electronic,lowpass,8000.0,hz_cutoff,6.373791217803955,6.220137596130371,6.063656330108643,-0.2333080768585205,6.416528224945068,6.183070659637451,6.3269782066345215,0.02717876434326172,7.017943859100342,7.011663436889648,6.990755558013916,-0.0240480899810791,6.700465679168701,6.625328540802002,6.697254180908203,0.03435707092285156
electronic_11::lowpass::lp4000,electronic_11,electronic,lowpass,4000.0,hz_cutoff,6.373791217803955,5.699582099914551,6.033449649810791,-0.003237009048461914,6.416528224945068,3.5455148220062256,5.271588325500488,0.2905668020248413,7.017943859100342,6.679410457611084,6.833207607269287,-0.015469551086425781,6.700465679168701,4.541858196258545,5.901476860046387,0.28031492233276367
electronic_11::lowpass::lp2000,electronic_11,electronic,lowpass,2000.0,hz_cutoff,6.373791217803955,5.029079437255859,5.7481369972229,0.046701669692993164,6.416528224945068,3.765566825866699,5.2965288162231445,0.20548129081726074,7.017943859100342,5.491261959075928,6.303893089294434,0.04929018020629883,6.700465679168701,4.661893367767334,5.974868297576904,0.2936887741088867
electronic_11::distortion::drv4,electronic_11,electronic,distortion,4.0,tanh_drive,6.373791217803955,3.2361972332000732,5.117687702178955,0.3126934766769409,6.416528224945068,2.5326220989227295,4.915518283843994,0.4409431219100952,7.017943859100342,6.935981273651123,6.961959362030029,-0.015003204345703125,6.700465679168701,3.6581625938415527,5.4980902671813965,0.31877613067626953
electronic_11::distortion::drv12,electronic_11,electronic,distortion,12.0,tanh_drive,6.373791217803955,2.5608537197113037,4.483331680297852,0.016009211540222168,6.416528224945068,2.1934762001037598,4.251338958740234,-0.05366325378417969,7.017943859100342,6.573144912719727,6.847996234893799,0.05245184898376465,6.700465679168701,3.1785848140716553,4.974177837371826,0.03465259075164795
electronic_11::distortion::drv32,electronic_11,electronic,distortion,32.0,tanh_drive,6.373791217803955,2.5279417037963867,4.457883834838867,0.007017374038696289,6.416528224945068,2.189187526702881,4.339095592498779,0.03623771667480469,7.017943859100342,6.192136287689209,6.702784538269043,0.09774446487426758,6.700465679168701,3.2600603103637695,5.087907791137695,0.10764479637145996
electronic_11::style_swap::swap_cross,electronic_11,electronic,style_swap,nan,cross_genre,6.373791217803955,7.054226398468018,6.672330379486084,-0.041678428649902344,6.416528224945068,7.39729642868042,7.0176496505737305,0.11073732376098633,7.017943859100342,5.002334117889404,6.068495273590088,0.058356285095214844,6.700465679168701,7.036678314208984,7.0279645919799805,0.1593925952911377
electronic_11::style_swap::swap_same,electronic_11,electronic,style_swap,nan,same_genre,6.373791217803955,7.559996604919434,6.624232292175293,-0.34266161918640137,6.416528224945068,7.9553303718566895,7.264561176300049,0.07863187789916992,7.017943859100342,5.856137752532959,6.512768268585205,0.07572746276855469,6.700465679168701,7.720515251159668,7.325071334838867,0.11458086967468262
electronic_12::control::ctrl,electronic_12,electronic,control,0.0,none,7.242860317230225,7.242860317230225,7.228187561035156,-0.01467275619506836,7.936097145080566,7.936097145080566,7.96569299697876,0.02959585189819336,5.598954677581787,5.598954677581787,5.587727069854736,-0.011227607727050781,7.975888252258301,7.975888252258301,8.015008926391602,0.03912067413330078
electronic_12::pitch_shift::-4st,electronic_12,electronic,pitch_shift,-4.0,semitones,7.242860317230225,7.411106109619141,7.365059852600098,0.03807663917541504,7.936097145080566,7.976250648498535,7.9823431968688965,0.026169300079345703,5.598954677581787,5.570554733276367,5.59188985824585,0.007135152816772461,7.975888252258301,8.148818969726562,8.077747344970703,0.015393733978271484
electronic_12::pitch_shift::-2st,electronic_12,electronic,pitch_shift,-2.0,semitones,7.242860317230225,7.561046600341797,7.418731689453125,0.016778230667114258,7.936097145080566,8.06470775604248,8.023918151855469,0.023515701293945312,5.598954677581787,5.63690185546875,5.6187357902526855,0.0008075237274169922,7.975888252258301,8.180266380310059,8.099458694458008,0.021381378173828125
electronic_12::pitch_shift::-1st,electronic_12,electronic,pitch_shift,-1.0,semitones,7.242860317230225,7.52586555480957,7.390453815460205,0.006090879440307617,7.936097145080566,8.052698135375977,8.02121353149414,0.02681589126586914,5.598954677581787,5.665493011474609,5.628173828125,-0.004050016403198242,7.975888252258301,8.170677185058594,8.101703643798828,0.02842092514038086
electronic_12::pitch_shift::+1st,electronic_12,electronic,pitch_shift,1.0,semitones,7.242860317230225,7.39117431640625,7.3314714431762695,0.014454126358032227,7.936097145080566,7.993166446685791,7.998497486114502,0.03386569023132324,5.598954677581787,5.637974739074707,5.62721586227417,0.008751153945922852,7.975888252258301,8.105012893676758,8.078112602233887,0.03766202926635742
electronic_12::pitch_shift::+2st,electronic_12,electronic,pitch_shift,2.0,semitones,7.242860317230225,7.506080150604248,7.4059834480285645,0.031513214111328125,7.936097145080566,8.036540985107422,8.023465156555176,0.03714609146118164,5.598954677581787,5.810028076171875,5.7119059562683105,0.007414579391479492,7.975888252258301,8.187227249145508,8.112853050231934,0.0312952995300293
electronic_12::pitch_shift::+4st,electronic_12,electronic,pitch_shift,4.0,semitones,7.242860317230225,7.399288177490234,7.351600170135498,0.030525922775268555,7.936097145080566,7.9692888259887695,7.986796855926514,0.0341038703918457,5.598954677581787,5.680736064910889,5.6568379402160645,0.016992568969726562,7.975888252258301,8.080022811889648,8.063429832458496,0.035474300384521484
electronic_12::time_stretch::-20pct,electronic_12,electronic,time_stretch,-20.0,percent_tempo,7.242860317230225,7.386524200439453,7.334934711456299,0.02024245262145996,7.936097145080566,7.891430377960205,7.948711395263672,0.03494763374328613,5.598954677581787,5.574836254119873,5.622125148773193,0.03522968292236328,7.975888252258301,8.001008987426758,8.020478248596191,0.03202962875366211
electronic_12::time_stretch::-10pct,electronic_12,electronic,time_stretch,-10.0,percent_tempo,7.242860317230225,7.443748474121094,7.353440284729004,0.010135889053344727,7.936097145080566,7.954136848449707,7.9765305519104,0.03141355514526367,5.598954677581787,5.600828647613525,5.604722499847412,0.004830837249755859,7.975888252258301,8.042093276977539,8.038089752197266,0.029098987579345703
electronic_12::time_stretch::-5pct,electronic_12,electronic,time_stretch,-5.0,percent_tempo,7.242860317230225,7.455313682556152,7.361861705780029,0.01277470588684082,7.936097145080566,8.011944770812988,8.009808540344238,0.03578758239746094,5.598954677581787,5.644502639770508,5.6269073486328125,0.005178689956665039,7.975888252258301,8.109679222106934,8.082538604736328,0.03975486755371094
electronic_12::time_stretch::+5pct,electronic_12,electronic,time_stretch,5.0,percent_tempo,7.242860317230225,7.448302268981934,7.365447998046875,0.0198667049407959,7.936097145080566,8.009366989135742,8.00991439819336,0.03718233108520508,5.598954677581787,5.669017791748047,5.635154724121094,0.0011684894561767578,7.975888252258301,8.129319190979004,8.093716621398926,0.04111289978027344
electronic_12::time_stretch::+10pct,electronic_12,electronic,time_stretch,10.0,percent_tempo,7.242860317230225,7.331318378448486,7.315380096435547,0.028290748596191406,7.936097145080566,7.9596052169799805,7.98906135559082,0.041210174560546875,5.598954677581787,5.724086284637451,5.66316032409668,0.0016398429870605469,7.975888252258301,8.073128700256348,8.06619644165039,0.041687965393066406
electronic_12::time_stretch::+20pct,electronic_12,electronic,time_stretch,20.0,percent_tempo,7.242860317230225,7.09578800201416,7.186545372009277,0.01722121238708496,7.936097145080566,7.906622409820557,7.960695266723633,0.03933548927307129,5.598954677581787,5.616584777832031,5.612984657287598,0.0052149295806884766,7.975888252258301,8.018415451049805,8.038055419921875,0.040903568267822266
electronic_12::lowpass::lp8000,electronic_12,electronic,lowpass,8000.0,hz_cutoff,7.242860317230225,7.1476311683654785,7.186624050140381,-0.008621692657470703,7.936097145080566,7.903500080108643,7.953120708465576,0.03332209587097168,5.598954677581787,5.560054302215576,5.573129653930664,-0.006374835968017578,7.975888252258301,7.888177394866943,7.975289821624756,0.04325699806213379
electronic_12::lowpass::lp4000,electronic_12,electronic,lowpass,4000.0,hz_cutoff,7.242860317230225,7.201787948608398,7.220873832702637,-0.0014503002166748047,7.936097145080566,7.992264747619629,7.99851131439209,0.03433036804199219,5.598954677581787,5.517217636108398,5.557296276092529,-0.0007898807525634766,7.975888252258301,7.963648319244385,8.00790023803711,0.0381319522857666
electronic_12::lowpass::lp2000,electronic_12,electronic,lowpass,2000.0,hz_cutoff,7.242860317230225,6.970479965209961,7.112423419952393,0.005753278732299805,7.936097145080566,7.735137462615967,7.8997955322265625,0.0641782283782959,5.598954677581787,5.312124252319336,5.454252243041992,-0.001287221908569336,7.975888252258301,7.704754829406738,7.912563323974609,0.07224178314208984
electronic_12::distortion::drv4,electronic_12,electronic,distortion,4.0,tanh_drive,7.242860317230225,6.446544647216797,6.893612384796143,0.048909902572631836,7.936097145080566,7.51767110824585,7.76024866104126,0.03336453437805176,5.598954677581787,5.7789154052734375,5.717563629150391,0.02862858772277832,7.975888252258301,7.254422187805176,7.684970378875732,0.06981515884399414
electronic_12::distortion::drv12,electronic_12,electronic,distortion,12.0,tanh_drive,7.242860317230225,4.482951641082764,5.934547424316406,0.07164144515991211,7.936097145080566,5.608005046844482,6.899358749389648,0.12730765342712402,5.598954677581787,5.342228889465332,5.603273391723633,0.13268160820007324,7.975888252258301,5.076681137084961,6.692286491394043,0.1660017967224121
electronic_12::distortion::drv32,electronic_12,electronic,distortion,32.0,tanh_drive,7.242860317230225,3.729278326034546,5.509222507476807,0.023153185844421387,7.936097145080566,3.2162342071533203,5.742588996887207,0.16642332077026367,5.598954677581787,5.143010139465332,5.614386558532715,0.24340415000915527,7.975888252258301,4.380396842956543,6.302990913391113,0.1248483657836914
electronic_12::style_swap::swap_cross,electronic_12,electronic,style_swap,nan,cross_genre,7.242860317230225,7.057898998260498,7.089717388153076,-0.060662269592285156,7.936097145080566,8.13076114654541,8.045055389404297,0.011626243591308594,5.598954677581787,2.553311824798584,4.401782035827637,0.32564878463745117,7.975888252258301,8.275918960571289,8.159510612487793,0.03360700607299805
electronic_12::style_swap::swap_same,electronic_12,electronic,style_swap,nan,same_genre,7.242860317230225,5.912239074707031,6.7316060066223145,0.15405631065368652,7.936097145080566,6.978132247924805,7.538503646850586,0.08138895034790039,5.598954677581787,6.5264410972595215,6.462710857391357,0.4000129699707031,7.975888252258301,6.959478378295898,7.543613910675049,0.07593059539794922
electronic_13::control::ctrl,electronic_13,electronic,control,0.0,none,7.542878150939941,7.559992790222168,7.477982997894287,-0.07345247268676758,7.945494174957275,7.955327033996582,7.998439311981201,0.04802870750427246,5.859255313873291,5.856141567230225,5.881964206695557,0.024265766143798828,7.697064399719238,7.720511436462402,7.7779645919799805,0.06917667388916016
electronic_13::pitch_shift::-4st,electronic_13,electronic,pitch_shift,-4.0,semitones,7.542878150939941,7.3193678855896,7.410508155822754,-0.0206148624420166,7.945494174957275,7.86406135559082,7.963895797729492,0.059118032455444336,5.859255313873291,5.735535144805908,5.832850456237793,0.03545522689819336,7.697064399719238,7.659419059753418,7.753240585327148,0.07499885559082031
electronic_13::pitch_shift::-2st,electronic_13,electronic,pitch_shift,-2.0,semitones,7.542878150939941,7.442452430725098,7.486865997314453,-0.005799293518066406,7.945494174957275,8.007240295410156,8.032681465148926,0.05631422996520996,5.859255313873291,5.7060747146606445,5.832353115081787,0.049688100814819336,7.697064399719238,7.7830071449279785,7.827189922332764,0.08715415000915527
electronic_13::pitch_shift::-1st,electronic_13,electronic,pitch_shift,-1.0,semitones,7.542878150939941,7.400572299957275,7.450356960296631,-0.02136826515197754,7.945494174957275,7.99832820892334,8.014782905578613,0.042871713638305664,5.859255313873291,5.765478134155273,5.856598854064941,0.04423213005065918,7.697064399719238,7.820899486541748,7.832214832305908,0.07323288917541504
electronic_13::pitch_shift::+1st,electronic_13,electronic,pitch_shift,1.0,semitones,7.542878150939941,7.477958679199219,7.456812858581543,-0.05360555648803711,7.945494174957275,7.937659740447998,7.9831461906433105,0.04156923294067383,5.859255313873291,5.804431915283203,5.869172096252441,0.037328481674194336,7.697064399719238,7.7039408683776855,7.760081768035889,0.05957913398742676
electronic_13::pitch_shift::+2st,electronic_13,electronic,pitch_shift,2.0,semitones,7.542878150939941,7.411386489868164,7.425357341766357,-0.05177497863769531,7.945494174957275,7.94258451461792,7.98586893081665,0.041829586029052734,5.859255313873291,5.895378112792969,5.920177936553955,0.042861223220825195,7.697064399719238,7.852526664733887,7.861103534698486,0.08630800247192383
electronic_13::pitch_shift::+4st,electronic_13,electronic,pitch_shift,4.0,semitones,7.542878150939941,7.3575968742370605,7.364710330963135,-0.08552718162536621,7.945494174957275,7.904059410095215,7.97089147567749,0.04611468315124512,5.859255313873291,5.790690898895264,5.859696865081787,0.034723758697509766,7.697064399719238,7.730661392211914,7.798189163208008,0.08432626724243164
electronic_13::time_stretch::-20pct,electronic_13,electronic,time_stretch,-20.0,percent_tempo,7.542878150939941,7.167323589324951,7.291172981262207,-0.06392788887023926,7.945494174957275,7.7604217529296875,7.919674873352051,0.06671690940856934,5.859255313873291,5.877678871154785,5.89167594909668,0.0232088565826416,7.697064399719238,7.583865642547607,7.767997741699219,0.1275327205657959
electronic_13::time_stretch::-10pct,electronic_13,electronic,time_stretch,-10.0,percent_tempo,7.542878150939941,7.483737945556641,7.453507423400879,-0.05980062484741211,7.945494174957275,7.936570167541504,7.974314212799072,0.03328204154968262,5.859255313873291,5.872710227966309,5.910794734954834,0.04481196403503418,7.697064399719238,7.8277058601379395,7.835033893585205,0.07264876365661621
electronic_13::time_stretch::-5pct,electronic_13,electronic,time_stretch,-5.0,percent_tempo,7.542878150939941,7.546952247619629,7.491158485412598,-0.0537567138671875,7.945494174957275,8.007730484008789,8.018061637878418,0.04144930839538574,5.859255313873291,5.872736930847168,5.906042098999023,0.040045976638793945,7.697064399719238,7.85477352142334,7.8450212478637695,0.06910228729248047
electronic_13::time_stretch::+5pct,electronic_13,electronic,time_stretch,5.0,percent_tempo,7.542878150939941,7.434157848358154,7.443896770477295,-0.04462122917175293,7.945494174957275,8.015193939208984,8.012014389038086,0.031670331954956055,5.859255313873291,5.867826461791992,5.914109706878662,0.05056881904602051,7.697064399719238,7.912303924560547,7.862449645996094,0.05776548385620117
electronic_13::time_stretch::+10pct,electronic_13,electronic,time_stretch,10.0,percent_tempo,7.542878150939941,7.321850776672363,7.402633190155029,-0.029731273651123047,7.945494174957275,7.97724723815918,8.005671501159668,0.04430079460144043,5.859255313873291,5.804840087890625,5.863070964813232,0.031023263931274414,7.697064399719238,7.850057601928711,7.831191062927246,0.057630062103271484
electronic_13::time_stretch::+20pct,electronic_13,electronic,time_stretch,20.0,percent_tempo,7.542878150939941,7.066385269165039,7.264262676239014,-0.04036903381347656,7.945494174957275,7.940420627593994,7.98564338684082,0.04268598556518555,5.859255313873291,5.896809101104736,5.892846584320068,0.014814376831054688,7.697064399719238,7.7809224128723145,7.812148571014404,0.07315516471862793
electronic_13::lowpass::lp8000,electronic_13,electronic,lowpass,8000.0,hz_cutoff,7.542878150939941,7.5594162940979,7.470457077026367,-0.08069014549255371,7.945494174957275,7.957535266876221,7.989334583282471,0.037819862365722656,5.859255313873291,5.761090278625488,5.832037448883057,0.021864652633666992,7.697064399719238,7.671728134155273,7.745954513549805,0.06155824661254883
electronic_13::lowpass::lp4000,electronic_13,electronic,lowpass,4000.0,hz_cutoff,7.542878150939941,7.155710220336914,7.241842269897461,-0.1074519157409668,7.945494174957275,7.83064603805542,7.901984691619873,0.01391458511352539,5.859255313873291,5.607962608337402,5.832350730895996,0.09874176979064941,7.697064399719238,7.318021774291992,7.592768669128418,0.08522558212280273
electronic_13::lowpass::lp2000,electronic_13,electronic,lowpass,2000.0,hz_cutoff,7.542878150939941,6.834243297576904,7.0526251792907715,-0.13593554496765137,7.945494174957275,7.528290271759033,7.7610979080200195,0.024205684661865234,5.859255313873291,5.485079288482666,5.764246463775635,0.09207916259765625,7.697064399719238,6.7684502601623535,7.377109527587891,0.14435219764709473
electronic_13::distortion::drv4,electronic_13,electronic,distortion,4.0,tanh_drive,7.542878150939941,6.728294372558594,7.070406436920166,-0.06517982482910156,7.945494174957275,7.533108711242676,7.779877185821533,0.04057574272155762,5.859255313873291,5.899633884429932,5.914341449737549,0.0348968505859375,7.697064399719238,6.681179523468018,7.246457099914551,0.05733513832092285
electronic_13::distortion::drv12,electronic_13,electronic,distortion,12.0,tanh_drive,7.542878150939941,4.565016746520996,6.132416248321533,0.07846879959106445,7.945494174957275,6.475039482116699,7.25485372543335,0.044586896896362305,5.859255313873291,5.921953201293945,5.9481987953186035,0.05759453773498535,7.697064399719238,4.904254913330078,6.503796100616455,0.20313644409179688
electronic_13::distortion::drv32,electronic_13,electronic,distortion,32.0,tanh_drive,7.542878150939941,2.424668788909912,5.383454322814941,0.39968085289001465,7.945494174957275,3.352820634841919,6.243853569030762,0.5946961641311646,5.859255313873291,5.760148048400879,5.91359281539917,0.10389113426208496,7.697064399719238,3.6640682220458984,6.0496697425842285,0.36910343170166016
electronic_13::style_swap::swap_cross,electronic_13,electronic,style_swap,nan,cross_genre,7.542878150939941,7.43660306930542,7.41644287109375,-0.07329773902893066,7.945494174957275,8.04399299621582,8.089935302734375,0.09519171714782715,5.859255313873291,4.286728382110596,5.196264743804932,0.12327289581298828,7.697064399719238,8.081340789794922,7.983516216278076,0.0943136215209961
electronic_13::style_swap::swap_same,electronic_13,electronic,style_swap,nan,same_genre,7.542878150939941,3.215005874633789,5.522642612457275,0.14370059967041016,7.945494174957275,4.099739074707031,6.179127216339111,0.156510591506958,5.859255313873291,6.2563796043396,6.119874954223633,0.0620574951171875,7.697064399719238,4.750185966491699,6.376677989959717,0.15305280685424805
electronic_14::control::ctrl,electronic_14,electronic,control,0.0,none,7.4827094078063965,7.4827094078063965,7.442396640777588,-0.040312767028808594,7.352384090423584,7.352384090423584,7.405589580535889,0.05320549011230469,6.717085361480713,6.717085361480713,6.718414783477783,0.0013294219970703125,7.150293350219727,7.150293350219727,7.222296714782715,0.07200336456298828
electronic_14::pitch_shift::-4st,electronic_14,electronic,pitch_shift,-4.0,semitones,7.4827094078063965,6.9235310554504395,7.231818675994873,0.028698444366455078,7.352384090423584,7.324818134307861,7.301563262939453,-0.03703784942626953,6.717085361480713,6.4176225662231445,6.624128818511963,0.05677485466003418,7.150293350219727,6.956984996795654,7.069913387298584,0.016274213790893555
electronic_14::pitch_shift::-2st,electronic_14,electronic,pitch_shift,-2.0,semitones,7.4827094078063965,7.196002960205078,7.325084686279297,-0.01427149772644043,7.352384090423584,7.42237663269043,7.35788106918335,-0.029499292373657227,6.717085361480713,6.5583391189575195,6.660351753234863,0.02263951301574707,7.150293350219727,7.0970540046691895,7.147035598754883,0.023361921310424805
electronic_14::pitch_shift::-1st,electronic_14,electronic,pitch_shift,-1.0,semitones,7.4827094078063965,7.210170745849609,7.332319736480713,-0.014120340347290039,7.352384090423584,7.208314418792725,7.290502071380615,0.010152816772460938,6.717085361480713,6.595259189605713,6.687891006469727,0.03171873092651367,7.150293350219727,6.885313510894775,7.07111120223999,0.05330777168273926
electronic_14::pitch_shift::+1st,electronic_14,electronic,pitch_shift,1.0,semitones,7.4827094078063965,7.634923934936523,7.506365776062012,-0.05245089530944824,7.352384090423584,7.609841346740723,7.470405578613281,-0.01070713996887207,6.717085361480713,6.678128242492676,6.718637466430664,0.021030664443969727,7.150293350219727,7.388233661651611,7.302740573883057,0.033477067947387695
electronic_14::pitch_shift::+2st,electronic_14,electronic,pitch_shift,2.0,semitones,7.4827094078063965,7.646907329559326,7.535328388214111,-0.02947998046875,7.352384090423584,7.565029144287109,7.432694911956787,-0.02601170539855957,6.717085361480713,6.763076305389404,6.762430191040039,0.02234935760498047,7.150293350219727,7.373983383178711,7.279388904571533,0.017250537872314453
electronic_14::pitch_shift::+4st,electronic_14,electronic,pitch_shift,4.0,semitones,7.4827094078063965,7.468538761138916,7.494356155395508,0.018732070922851562,7.352384090423584,7.580465793609619,7.425426006317139,-0.04099893569946289,6.717085361480713,6.790759086608887,6.777891159057617,0.023968935012817383,7.150293350219727,7.331345081329346,7.246177673339844,0.005358457565307617
electronic_14::time_stretch::-20pct,electronic_14,electronic,time_stretch,-20.0,percent_tempo,7.4827094078063965,6.984562397003174,7.147557735443115,-0.08607816696166992,7.352384090423584,6.958380699157715,7.146878719329834,-0.00850367546081543,6.717085361480713,6.5499958992004395,6.642867565155029,0.009326934814453125,7.150293350219727,6.704516887664795,6.953263759613037,0.025858640670776367
electronic_14::time_stretch::-10pct,electronic_14,electronic,time_stretch,-10.0,percent_tempo,7.4827094078063965,7.383561611175537,7.350205421447754,-0.08293008804321289,7.352384090423584,7.399774551391602,7.375633716583252,-0.0004456043243408203,6.717085361480713,6.568408966064453,6.666967868804932,0.024220705032348633,7.150293350219727,7.087649822235107,7.157448768615723,0.038477182388305664
electronic_14::time_stretch::-5pct,electronic_14,electronic,time_stretch,-5.0,percent_tempo,7.4827094078063965,7.46303653717041,7.448338508605957,-0.02453446388244629,7.352384090423584,7.453864097595215,7.4308695793151855,0.027745485305786133,6.717085361480713,6.6356987953186035,6.711627006530762,0.035234928131103516,7.150293350219727,7.134823799133301,7.2120585441589355,0.06949996948242188
electronic_14::time_stretch::+5pct,electronic_14,electronic,time_stretch,5.0,percent_tempo,7.4827094078063965,7.601437091827393,7.503408432006836,-0.038664817810058594,7.352384090423584,7.39071798324585,7.405955791473389,0.034404754638671875,6.717085361480713,6.765658855438232,6.753933429718018,0.012561321258544922,7.150293350219727,7.171352863311768,7.221130847930908,0.06030774116516113
electronic_14::time_stretch::+10pct,electronic_14,electronic,time_stretch,10.0,percent_tempo,7.4827094078063965,7.612583160400391,7.485105514526367,-0.06254076957702637,7.352384090423584,7.512206554412842,7.438540935516357,0.006245613098144531,6.717085361480713,6.6994428634643555,6.730535984039307,0.02227187156677246,7.150293350219727,7.242204666137695,7.224061965942383,0.027812957763671875
electronic_14::time_stretch::+20pct,electronic_14,electronic,time_stretch,20.0,percent_tempo,7.4827094078063965,7.436906814575195,7.443551063537598,-0.016257047653198242,7.352384090423584,7.487236022949219,7.416389465332031,-0.003420591354370117,6.717085361480713,6.6370134353637695,6.7365498542785645,0.05950045585632324,7.150293350219727,7.185051918029785,7.177174091339111,0.009501457214355469
electronic_14::lowpass::lp8000,electronic_14,electronic,lowpass,8000.0,hz_cutoff,7.4827094078063965,7.431748390197754,7.418452262878418,-0.03877663612365723,7.352384090423584,7.292446613311768,7.375250339508057,0.05283498764038086,6.717085361480713,6.663074970245361,6.693438529968262,0.0033583641052246094,7.150293350219727,7.035271644592285,7.171433925628662,0.07865142822265625
electronic_14::lowpass::lp4000,electronic_14,electronic,lowpass,4000.0,hz_cutoff,7.4827094078063965,7.170438289642334,7.2663350105285645,-0.06023883819580078,7.352384090423584,6.848352432250977,7.236719608306885,0.1363513469696045,6.717085361480713,6.4395270347595215,6.589831352233887,0.011525154113769531,7.150293350219727,6.053475856781006,6.819592475891113,0.21770787239074707
electronic_14::lowpass::lp2000,electronic_14,electronic,lowpass,2000.0,hz_cutoff,7.4827094078063965,7.001433849334717,7.1746649742126465,-0.06740665435791016,7.352384090423584,6.591783046722412,7.063910007476807,0.0918264389038086,6.717085361480713,6.219331741333008,6.464568614959717,-0.0036399364471435547,7.150293350219727,6.017698764801025,6.831764221191406,0.24776816368103027
electronic_14::distortion::drv4,electronic_14,electronic,distortion,4.0,tanh_drive,7.4827094078063965,6.393009185791016,6.9973225593566895,0.0594632625579834,7.352384090423584,5.115352630615234,6.638912200927734,0.4050438404083252,6.717085361480713,6.697301387786865,6.7286882400512695,0.02149486541748047,7.150293350219727,5.142353057861328,6.370781898498535,0.2244586944580078
electronic_14::distortion::drv12,electronic_14,electronic,distortion,12.0,tanh_drive,7.4827094078063965,5.001646995544434,6.438510894775391,0.19633269309997559,7.352384090423584,3.3040401935577393,6.0850067138671875,0.7567945718765259,6.717085361480713,6.506879806518555,6.691326141357422,0.07934355735778809,7.150293350219727,4.491339683532715,6.0144147872924805,0.19359827041625977
electronic_14::distortion::drv32,electronic_14,electronic,distortion,32.0,tanh_drive,7.4827094078063965,3.7769651412963867,5.826595306396484,0.19675803184509277,7.352384090423584,2.6056275367736816,5.289529800415039,0.31052398681640625,6.717085361480713,6.189975738525391,6.498263359069824,0.04473280906677246,7.150293350219727,4.359324932098389,5.863308906555176,0.10849976539611816
electronic_14::style_swap::swap_cross,electronic_14,electronic,style_swap,nan,cross_genre,7.4827094078063965,7.253777503967285,7.193228244781494,-0.17501521110534668,7.352384090423584,6.341118812561035,6.801052093505859,-0.045699357986450195,6.717085361480713,6.073734283447266,6.5655717849731445,0.17016196250915527,7.150293350219727,7.152904987335205,7.2734503746032715,0.12185120582580566
electronic_14::style_swap::swap_same,electronic_14,electronic,style_swap,nan,same_genre,7.4827094078063965,7.149438381195068,7.372805595397949,0.0567317008972168,7.352384090423584,7.660343647003174,7.520030498504639,0.013666629791259766,6.717085361480713,6.131821632385254,6.5402960777282715,0.11584258079528809,7.150293350219727,7.955986022949219,7.633904457092285,0.0807647705078125
electronic_15::control::ctrl,electronic_15,electronic,control,0.0,none,6.566701889038086,6.566701889038086,6.455149173736572,-0.11155271530151367,6.802062511444092,6.802062511444092,6.8771281242370605,0.07506561279296875,5.64544677734375,5.64544677734375,5.5453057289123535,-0.10014104843139648,7.290068626403809,7.290068626403809,7.310515403747559,0.02044677734375
electronic_15::pitch_shift::-4st,electronic_15,electronic,pitch_shift,-4.0,semitones,6.566701889038086,4.797753810882568,5.686039447784424,0.0038115978240966797,6.802062511444092,5.3561577796936035,6.216714382171631,0.1376042366027832,5.64544677734375,5.2153520584106445,5.360969066619873,-0.06943035125732422,7.290068626403809,5.663732051849365,6.598346710205078,0.12144637107849121
electronic_15::pitch_shift::-2st,electronic_15,electronic,pitch_shift,-2.0,semitones,6.566701889038086,5.144756317138672,5.728725433349609,-0.12700366973876953,6.802062511444092,4.95229434967041,5.981827735900879,0.10464930534362793,5.64544677734375,5.225098609924316,5.348924160003662,-0.0863485336303711,7.290068626403809,5.816204071044922,6.605754375457764,0.05261802673339844
electronic_15::pitch_shift::-1st,electronic_15,electronic,pitch_shift,-1.0,semitones,6.566701889038086,5.562007904052734,6.07809591293335,0.013741016387939453,6.802062511444092,5.756357669830322,6.406211853027344,0.12700176239013672,5.64544677734375,5.304100036621094,5.390993595123291,-0.08377981185913086,7.290068626403809,6.5318522453308105,6.950000286102295,0.03903985023498535
electronic_15::pitch_shift::+1st,electronic_15,electronic,pitch_shift,1.0,semitones,6.566701889038086,6.366962909698486,6.386795997619629,-0.08003640174865723,6.802062511444092,6.508864879608154,6.771848201751709,0.11638450622558594,5.64544677734375,5.503138065338135,5.482663631439209,-0.0916287899017334,7.290068626403809,7.278356552124023,7.345943450927734,0.06173086166381836
electronic_15::pitch_shift::+2st,electronic_15,electronic,pitch_shift,2.0,semitones,6.566701889038086,5.759714126586914,6.175642490386963,0.01243448257446289,6.802062511444092,6.078973770141602,6.660690784454346,0.22017264366149902,5.64544677734375,5.415012359619141,5.462303161621094,-0.06792640686035156,7.290068626403809,6.810495376586914,7.1948933601379395,0.14461135864257812
electronic_15::pitch_shift::+4st,electronic_15,electronic,pitch_shift,4.0,semitones,6.566701889038086,5.550289630889893,6.196353912353516,0.13785815238952637,6.802062511444092,6.379513740539551,6.931888580322266,0.34110045433044434,5.64544677734375,5.328538417816162,5.453569412231445,-0.03342318534851074,7.290068626403809,6.449777603149414,7.161628723144531,0.2917056083679199
electronic_15::time_stretch::-20pct,electronic_15,electronic,time_stretch,-20.0,percent_tempo,6.566701889038086,4.829448223114014,5.696627616882324,-0.001447439193725586,6.802062511444092,5.228819370269775,6.168890476226807,0.15344953536987305,5.64544677734375,5.302873611450195,5.389110088348389,-0.08505010604858398,7.290068626403809,6.491971015930176,6.952176094055176,0.061156272888183594
electronic_15::time_stretch::-10pct,electronic_15,electronic,time_stretch,-10.0,percent_tempo,6.566701889038086,5.971426963806152,6.148065567016602,-0.12099885940551758,6.802062511444092,5.932816982269287,6.483438968658447,0.11599922180175781,5.64544677734375,5.547796249389648,5.4921159744262695,-0.10450553894042969,7.290068626403809,6.961954593658447,7.136157512664795,0.010145902633666992
electronic_15::time_stretch::-5pct,electronic_15,electronic,time_stretch,-5.0,percent_tempo,6.566701889038086,6.2718939781188965,6.284245014190674,-0.13505291938781738,6.802062511444092,6.526641845703125,6.718064308166504,0.05371212959289551,5.64544677734375,5.7244367599487305,5.554099082946777,-0.1308426856994629,7.290068626403809,7.161379814147949,7.218946933746338,-0.006777286529541016
electronic_15::time_stretch::+5pct,electronic_15,electronic,time_stretch,5.0,percent_tempo,6.566701889038086,6.210977554321289,6.283883094787598,-0.10495662689208984,6.802062511444092,6.587924480438232,6.710060119628906,0.01506662368774414,5.64544677734375,5.47171688079834,5.507155895233154,-0.051425933837890625,7.290068626403809,7.228588581085205,7.290153503417969,0.030824899673461914
electronic_15::time_stretch::+10pct,electronic_15,electronic,time_stretch,10.0,percent_tempo,6.566701889038086,5.680294036865234,6.019203186035156,-0.1042947769165039,6.802062511444092,6.027449131011963,6.473316669464111,0.058560848236083984,5.64544677734375,5.418792247772217,5.458279609680176,-0.07383990287780762,7.290068626403809,6.901907444000244,7.161186218261719,0.06519818305969238
electronic_15::time_stretch::+20pct,electronic_15,electronic,time_stretch,20.0,percent_tempo,6.566701889038086,6.010725021362305,6.190495014190674,-0.09821844100952148,6.802062511444092,6.4519829750061035,6.705710411071777,0.07868766784667969,5.64544677734375,5.636959552764893,5.5868000984191895,-0.054403066635131836,7.290068626403809,7.242711067199707,7.281815528869629,0.015425682067871094
electronic_15::lowpass::lp8000,electronic_15,electronic,lowpass,8000.0,hz_cutoff,6.566701889038086,6.462860107421875,6.419253826141357,-0.09552717208862305,6.802062511444092,6.730203151702881,6.836520671844482,0.0703878402709961,5.64544677734375,5.612452030181885,5.539064884185791,-0.08988451957702637,7.290068626403809,7.170763969421387,7.260512351989746,0.030096054077148438
electronic_15::lowpass::lp4000,electronic_15,electronic,lowpass,4000.0,hz_cutoff,6.566701889038086,5.8071393966674805,6.412177562713623,0.22525691986083984,6.802062511444092,6.2732062339782715,6.951172351837158,0.41353797912597656,5.64544677734375,5.220173358917236,5.429203033447266,-0.003607034683227539,7.290068626403809,6.07268762588501,7.0034027099609375,0.3220245838165283
electronic_15::lowpass::lp2000,electronic_15,electronic,lowpass,2000.0,hz_cutoff,6.566701889038086,6.7246623039245605,6.684381484985352,0.03869938850402832,6.802062511444092,7.0082173347473145,7.182351589202881,0.27721166610717773,5.64544677734375,4.8713250160217285,5.194309234619141,-0.06407666206359863,7.290068626403809,6.444666385650635,7.0876665115356445,0.22029900550842285
electronic_15::distortion::drv4,electronic_15,electronic,distortion,4.0,tanh_drive,6.566701889038086,6.57371711730957,6.473448753356934,-0.09676074981689453,6.802062511444092,6.768138408660889,6.876425743103027,0.09132528305053711,5.64544677734375,5.659025192260742,5.559446334838867,-0.0927896499633789,7.290068626403809,7.285363674163818,7.311498165130615,0.023782014846801758
electronic_15::distortion::drv12,electronic_15,electronic,distortion,12.0,tanh_drive,6.566701889038086,5.21406364440918,5.905145168304443,0.014762401580810547,6.802062511444092,5.750133991241455,6.434725284576416,0.15862703323364258,5.64544677734375,5.71119499206543,5.590770721435547,-0.08755016326904297,7.290068626403809,5.967417240142822,6.628222942352295,-0.0005199909210205078
electronic_15::distortion::drv32,electronic_15,electronic,distortion,32.0,tanh_drive,6.566701889038086,1.89622163772583,4.395618438720703,0.16415667533874512,6.802062511444092,2.4213290214538574,5.004239082336426,0.39254331588745117,5.64544677734375,6.009082317352295,5.763535022735596,-0.06372952461242676,7.290068626403809,2.8378562927246094,5.394155025482178,0.33019256591796875
electronic_15::style_swap::swap_cross,electronic_15,electronic,style_swap,nan,cross_genre,6.566701889038086,6.787435531616211,6.810530185699463,0.13346147537231445,6.802062511444092,7.045190334320068,7.2631516456604,0.3395252227783203,5.64544677734375,2.471407651901245,4.392549514770508,0.33412230014801025,7.290068626403809,6.617660045623779,7.134908676147461,0.181044340133667
electronic_15::style_swap::swap_same,electronic_15,electronic,style_swap,nan,same_genre,6.566701889038086,4.145592212677002,5.291603088378906,-0.0645439624786377,6.802062511444092,5.941623210906982,6.537275791168213,0.16543292999267578,5.64544677734375,4.74151611328125,5.292289733886719,0.09880828857421875,7.290068626403809,6.044471740722656,6.859139442443848,0.19186925888061523
folk_01::control::ctrl,folk_01,folk,control,0.0,none,6.188703536987305,6.188703536987305,6.254141807556152,0.06543827056884766,7.723842144012451,7.723842144012451,7.857352256774902,0.13351011276245117,3.9340429306030273,3.9340429306030273,3.900212049484253,-0.033830881118774414,7.529870986938477,7.529870986938477,7.6802544593811035,0.15038347244262695
folk_01::pitch_shift::-4st,folk_01,folk,pitch_shift,-4.0,semitones,6.188703536987305,6.5923662185668945,6.539931297302246,0.14939641952514648,7.723842144012451,7.726469039916992,7.821037769317627,0.09588217735290527,3.9340429306030273,4.411262512207031,4.149816513061523,-0.02283620834350586,7.529870986938477,7.1291704177856445,7.525528907775879,0.19600820541381836
folk_01::pitch_shift::-2st,folk_01,folk,pitch_shift,-2.0,semitones,6.188703536987305,6.408416748046875,6.419017791748047,0.12045764923095703,7.723842144012451,7.629849433898926,7.774231433868408,0.09738564491271973,3.9340429306030273,4.407464981079102,4.071547985076904,-0.09920597076416016,7.529870986938477,7.118056297302246,7.469393730163574,0.1454300880432129
folk_01::pitch_shift::-1st,folk_01,folk,pitch_shift,-1.0,semitones,6.188703536987305,6.074954986572266,6.265872478485107,0.13404321670532227,7.723842144012451,7.417811870574951,7.707383632659912,0.13655662536621094,3.9340429306030273,4.296809196472168,4.032415866851807,-0.08301019668579102,7.529870986938477,7.14140510559082,7.5032148361206055,0.16757678985595703
folk_01::pitch_shift::+1st,folk_01,folk,pitch_shift,1.0,semitones,6.188703536987305,6.246337413787842,6.326279163360596,0.10875868797302246,7.723842144012451,7.67020320892334,7.826755046844482,0.12973237037658691,3.9340429306030273,3.9982686042785645,3.8893210887908936,-0.07683467864990234,7.529870986938477,7.527102947235107,7.7055583000183105,0.17707133293151855
folk_01::pitch_shift::+2st,folk_01,folk,pitch_shift,2.0,semitones,6.188703536987305,6.168112277984619,6.302443981170654,0.12403607368469238,7.723842144012451,7.755571365356445,7.8346357345581055,0.09492897987365723,3.9340429306030273,3.9436845779418945,3.8593173027038574,-0.07954645156860352,7.529870986938477,7.422999858856201,7.6251397132873535,0.14870429039001465
folk_01::pitch_shift::+4st,folk_01,folk,pitch_shift,4.0,semitones,6.188703536987305,5.980275630950928,6.201456069946289,0.11696648597717285,7.723842144012451,7.696872234344482,7.821638107299805,0.11128091812133789,3.9340429306030273,3.8997962474823,3.7898669242858887,-0.1270526647567749,7.529870986938477,7.6001973152160645,7.733520030975342,0.1684858798980713
folk_01::time_stretch::-20pct,folk_01,folk,time_stretch,-20.0,percent_tempo,6.188703536987305,5.765907287597656,5.962010383605957,-0.015295028686523438,7.723842144012451,7.205266952514648,7.482420921325684,0.01786637306213379,3.9340429306030273,3.993361234664917,3.836338758468628,-0.12736332416534424,7.529870986938477,7.019216537475586,7.3817877769470215,0.10724401473999023
folk_01::time_stretch::-10pct,folk_01,folk,time_stretch,-10.0,percent_tempo,6.188703536987305,5.7605791091918945,6.0283989906311035,0.053757667541503906,7.723842144012451,7.174594879150391,7.5245561599731445,0.07533764839172363,3.9340429306030273,3.5712931156158447,3.660768747329712,-0.09189927577972412,7.529870986938477,7.008738994598389,7.396976947784424,0.1276719570159912
folk_01::time_stretch::-5pct,folk_01,folk,time_stretch,-5.0,percent_tempo,6.188703536987305,5.925703525543213,6.105522155761719,0.04831862449645996,7.723842144012451,7.270443916320801,7.580807209014893,0.0836641788482666,3.9340429306030273,4.224654197692871,3.9641058444976807,-0.11524271965026855,7.529870986938477,6.992862701416016,7.406119346618652,0.14475250244140625
folk_01::time_stretch::+5pct,folk_01,folk,time_stretch,5.0,percent_tempo,6.188703536987305,6.110317230224609,6.209865093231201,0.06035470962524414,7.723842144012451,7.6152729988098145,7.799540042877197,0.12998247146606445,3.9340429306030273,4.14206600189209,3.9376728534698486,-0.10038161277770996,7.529870986938477,7.32861852645874,7.613487243652344,0.18424248695373535
folk_01::time_stretch::+10pct,folk_01,folk,time_stretch,10.0,percent_tempo,6.188703536987305,6.176077842712402,6.250859260559082,0.06846857070922852,7.723842144012451,7.60394287109375,7.808132171630859,0.1442396640777588,3.9340429306030273,4.377702236175537,4.051262378692627,-0.10461020469665527,7.529870986938477,7.262473106384277,7.5772199630737305,0.18104791641235352
folk_01::time_stretch::+20pct,folk_01,folk,time_stretch,20.0,percent_tempo,6.188703536987305,6.3560051918029785,6.357903957366943,0.08554959297180176,7.723842144012451,7.723903179168701,7.889036655426025,0.16516399383544922,3.9340429306030273,4.123132228851318,3.9752886295318604,-0.0532989501953125,7.529870986938477,7.519060134887695,7.703232765197754,0.17876720428466797
folk_01::lowpass::lp8000,folk_01,folk,lowpass,8000.0,hz_cutoff,6.188703536987305,6.070681571960449,6.231945037841797,0.10225248336791992,7.723842144012451,7.649596214294434,7.827255725860596,0.14053654670715332,3.9340429306030273,4.22769832611084,4.053329944610596,-0.02754068374633789,7.529870986938477,7.394247531890869,7.622819423675537,0.16076016426086426
folk_01::lowpass::lp4000,folk_01,folk,lowpass,4000.0,hz_cutoff,6.188703536987305,6.19866418838501,6.352114677429199,0.158430814743042,7.723842144012451,6.648622035980225,7.356461524963379,0.17022943496704102,3.9340429306030273,3.7023820877075195,4.039647102355957,0.2214345932006836,7.529870986938477,5.698292255401611,6.874508857727051,0.26042723655700684
folk_01::lowpass::lp2000,folk_01,folk,lowpass,2000.0,hz_cutoff,6.188703536987305,6.679056167602539,6.43029260635376,-0.0035872459411621094,7.723842144012451,6.045507907867432,7.034945011138916,0.1502699851989746,3.9340429306030273,4.030189037322998,4.049534797668457,0.06741881370544434,7.529870986938477,4.741931915283203,6.478236198425293,0.3423347473144531
folk_01::distortion::drv4,folk_01,folk,distortion,4.0,tanh_drive,6.188703536987305,5.964841365814209,6.145639896392822,0.06886744499206543,7.723842144012451,7.628167629241943,7.8023247718811035,0.12631988525390625,3.9340429306030273,4.740400314331055,4.2467522621154785,-0.0904693603515625,7.529870986938477,7.194096565246582,7.4887375831604,0.1267538070678711
folk_01::distortion::drv12,folk_01,folk,distortion,12.0,tanh_drive,6.188703536987305,4.9354963302612305,5.6058669090271,0.04376697540283203,7.723842144012451,6.540592670440674,7.266342639923096,0.1341252326965332,3.9340429306030273,5.28975772857666,4.5694966316223145,-0.0424036979675293,7.529870986938477,5.0972185134887695,6.613524913787842,0.29998016357421875
folk_01::distortion::drv32,folk_01,folk,distortion,32.0,tanh_drive,6.188703536987305,3.5366175174713135,4.950830459594727,0.08816993236541748,7.723842144012451,2.612147092819214,5.647826194763184,0.4798315763473511,3.9340429306030273,5.281536102294922,4.918735504150391,0.310945987701416,7.529870986938477,3.1421825885772705,5.808958530426025,0.47293174266815186
folk_01::style_swap::swap_cross,folk_01,folk,style_swap,nan,cross_genre,6.188703536987305,5.04639196395874,5.626604080200195,0.009056329727172852,7.723842144012451,6.839238166809082,7.448309898376465,0.16676974296569824,3.9340429306030273,5.317360877990723,4.938119411468506,0.31241750717163086,7.529870986938477,6.585696220397949,7.30507230758667,0.24728870391845703
folk_01::style_swap::swap_same,folk_01,folk,style_swap,nan,same_genre,6.188703536987305,5.158016204833984,5.545480728149414,-0.12787914276123047,7.723842144012451,6.613243103027344,7.061679363250732,-0.10686326026916504,3.9340429306030273,2.3796751499176025,3.507524251937866,0.35066521167755127,7.529870986938477,6.669914245605469,7.332665920257568,0.2327733039855957
folk_02::control::ctrl,folk_02,folk,control,0.0,none,7.216809272766113,7.216809272766113,7.045146465301514,-0.1716628074645996,6.3019700050354,6.3019700050354,6.285824775695801,-0.01614522933959961,6.101256370544434,6.101256370544434,6.135422229766846,0.03416585922241211,7.128796100616455,7.128796100616455,7.142727375030518,0.0139312744140625
folk_02::pitch_shift::-4st,folk_02,folk,pitch_shift,-4.0,semitones,7.216809272766113,5.238643169403076,6.099071979522705,-0.12865424156188965,6.3019700050354,4.09978723526001,5.082197666168213,-0.11868095397949219,6.101256370544434,6.007118225097656,6.162590026855469,0.10840272903442383,7.128796100616455,4.6850433349609375,5.924118995666504,0.017199277877807617
folk_02::pitch_shift::-2st,folk_02,folk,pitch_shift,-2.0,semitones,7.216809272766113,6.807781219482422,6.992879390716553,-0.019415855407714844,6.3019700050354,6.2281389236450195,6.228749752044678,-0.03630471229553223,6.101256370544434,6.289312362670898,6.2935380935668945,0.09825372695922852,7.128796100616455,6.677443504333496,6.983112812042236,0.07999300956726074
folk_02::pitch_shift::-1st,folk_02,folk,pitch_shift,-1.0,semitones,7.216809272766113,6.893115043640137,6.988132953643799,-0.06682920455932617,6.3019700050354,5.744649887084961,6.0553975105285645,0.03208756446838379,6.101256370544434,6.085702896118164,6.161100387573242,0.06762075424194336,7.128796100616455,6.846179485321045,6.975767612457275,-0.01172018051147461
folk_02::pitch_shift::+1st,folk_02,folk,pitch_shift,1.0,semitones,7.216809272766113,6.689720153808594,6.968104362487793,0.014839649200439453,6.3019700050354,5.5953593254089355,6.142024040222168,0.193359375,6.101256370544434,6.022729873657227,6.147902488708496,0.08590936660766602,7.128796100616455,6.439266204833984,7.078732490539551,0.29470133781433105
folk_02::pitch_shift::+2st,folk_02,folk,pitch_shift,2.0,semitones,7.216809272766113,7.0016069412231445,7.063817024230957,-0.045391082763671875,6.3019700050354,6.277707099914551,6.31989049911499,0.03005194664001465,6.101256370544434,6.229282379150391,6.204469203948975,0.0391998291015625,7.128796100616455,7.276767253875732,7.437739372253418,0.23495769500732422
folk_02::pitch_shift::+4st,folk_02,folk,pitch_shift,4.0,semitones,7.216809272766113,6.911262035369873,6.747020721435547,-0.3170149326324463,6.3019700050354,6.1131510734558105,6.154004096984863,-0.05355644226074219,6.101256370544434,6.241046905517578,6.2402238845825195,0.06907224655151367,7.128796100616455,7.193793773651123,7.162778377532959,0.0014834403991699219
folk_02::time_stretch::-20pct,folk_02,folk,time_stretch,-20.0,percent_tempo,7.216809272766113,6.096741676330566,6.671640872955322,0.014865398406982422,6.3019700050354,5.272731781005859,5.869658946990967,0.08230805397033691,6.101256370544434,5.822110176086426,6.037792682647705,0.07610940933227539,7.128796100616455,5.94290018081665,6.7376484870910645,0.20180034637451172
folk_02::time_stretch::-10pct,folk_02,folk,time_stretch,-10.0,percent_tempo,7.216809272766113,6.908771514892578,7.073066711425781,0.010276317596435547,6.3019700050354,5.9429931640625,6.1575093269348145,0.03502774238586426,6.101256370544434,6.0817718505859375,6.161470413208008,0.06995630264282227,7.128796100616455,6.901038646697998,7.068595886230469,0.05367851257324219
folk_02::time_stretch::-5pct,folk_02,folk,time_stretch,-5.0,percent_tempo,7.216809272766113,6.8711934089660645,7.1195292472839355,0.07552790641784668,6.3019700050354,6.151244163513184,6.3348283767700195,0.10822129249572754,6.101256370544434,6.234970569610596,6.236973762512207,0.06886029243469238,7.128796100616455,7.209054946899414,7.249468803405762,0.08054327964782715
folk_02::time_stretch::+5pct,folk_02,folk,time_stretch,5.0,percent_tempo,7.216809272766113,7.288753509521484,7.258718967437744,0.0059375762939453125,6.3019700050354,6.348585605621338,6.43158483505249,0.1063070297241211,6.101256370544434,6.182802200317383,6.197361469268799,0.055332183837890625,7.128796100616455,7.177505016326904,7.251607894897461,0.09845733642578125
folk_02::time_stretch::+10pct,folk_02,folk,time_stretch,10.0,percent_tempo,7.216809272766113,7.356488227844238,7.247232913970947,-0.039415836334228516,6.3019700050354,6.684096336364746,6.464288234710693,-0.028744935989379883,6.101256370544434,6.122278690338135,6.158068656921387,0.04630112648010254,7.128796100616455,7.4991936683654785,7.285480499267578,-0.028514385223388672
folk_02::time_stretch::+20pct,folk_02,folk,time_stretch,20.0,percent_tempo,7.216809272766113,6.815919876098633,6.873512268066406,-0.1428523063659668,6.3019700050354,5.909745216369629,6.180944442749023,0.07508683204650879,6.101256370544434,6.284106254577637,6.2495880126953125,0.056906700134277344,7.128796100616455,7.215709209442139,7.270238399505615,0.09798574447631836
folk_02::lowpass::lp8000,folk_02,folk,lowpass,8000.0,hz_cutoff,7.216809272766113,7.222378730773926,6.989206314086914,-0.23038768768310547,6.3019700050354,6.2690348625183105,6.246179580688477,-0.039322853088378906,6.101256370544434,6.0594635009765625,6.11417293548584,0.0338129997253418,7.128796100616455,7.0001397132873535,7.057301044464111,-0.007166862487792969
folk_02::lowpass::lp4000,folk_02,folk,lowpass,4000.0,hz_cutoff,7.216809272766113,6.529062271118164,6.638726234436035,-0.23420953750610352,6.3019700050354,4.6660542488098145,5.588196754455566,0.10418462753295898,6.101256370544434,5.821016788482666,6.005764961242676,0.04462838172912598,7.128796100616455,5.162250518798828,6.411753177642822,0.26622986793518066
folk_02::lowpass::lp2000,folk_02,folk,lowpass,2000.0,hz_cutoff,7.216809272766113,6.424016952514648,6.3499345779418945,-0.47047853469848633,6.3019700050354,4.508362293243408,5.498565196990967,0.0933990478515625,6.101256370544434,5.5142927169799805,5.878382205963135,0.07060766220092773,7.128796100616455,4.65956974029541,5.926750183105469,0.03256726264953613
folk_02::distortion::drv4,folk_02,folk,distortion,4.0,tanh_drive,7.216809272766113,5.94742488861084,6.3676838874816895,-0.2144331932067871,6.3019700050354,5.086061477661133,5.710264682769775,0.01624894142150879,6.101256370544434,6.161104202270508,6.208957195281982,0.07777690887451172,7.128796100616455,5.205755710601807,6.469479560852051,0.3022036552429199
folk_02::distortion::drv12,folk_02,folk,distortion,12.0,tanh_drive,7.216809272766113,1.593400478363037,4.419699668884277,0.014594793319702148,6.3019700050354,2.2967495918273926,4.446401119232178,0.14704132080078125,6.101256370544434,6.108304977416992,6.273489475250244,0.16870880126953125,7.128796100616455,3.6742544174194336,5.558684825897217,0.15715956687927246
folk_02::distortion::drv32,folk_02,folk,distortion,32.0,tanh_drive,7.216809272766113,0.9615230560302734,4.288405895233154,0.19923973083496094,6.3019700050354,2.1800537109375,4.384519577026367,0.143507719039917,6.101256370544434,5.676203727722168,6.195343017578125,0.3066129684448242,7.128796100616455,3.126087188720703,5.2076849937438965,0.08024334907531738
folk_02::style_swap::swap_cross,folk_02,folk,style_swap,nan,cross_genre,7.216809272766113,6.798587322235107,6.9389119148254395,-0.0687863826751709,6.3019700050354,6.868919849395752,6.810908317565918,0.2254633903503418,6.101256370544434,7.038197040557861,6.7583699226379395,0.188643217086792,7.128796100616455,7.203904151916504,7.282954692840576,0.11660456657409668
folk_02::style_swap::swap_same,folk_02,folk,style_swap,nan,same_genre,7.216809272766113,7.0542449951171875,6.883174419403076,-0.2523527145385742,6.3019700050354,7.397305965423584,6.806577205657959,-0.0430607795715332,6.101256370544434,5.002314567565918,5.705748558044434,0.1539630889892578,7.128796100616455,7.036697864532471,7.015542030334473,-0.06720495223999023
folk_03::control::ctrl,folk_03,folk,control,0.0,none,8.022294044494629,8.022294044494629,8.019295692443848,-0.00299835205078125,7.95823860168457,7.95823860168457,8.01904010772705,0.06080150604248047,5.459224700927734,5.459224700927734,5.483077049255371,0.02385234832763672,8.409767150878906,8.409767150878906,8.498519897460938,0.08875274658203125
folk_03::pitch_shift::-4st,folk_03,folk,pitch_shift,-4.0,semitones,8.022294044494629,7.379085540771484,7.854516506195068,0.15382671356201172,7.95823860168457,6.244730472564697,7.235227108001709,0.1337425708770752,5.459224700927734,5.664079666137695,5.511072635650635,-0.05057954788208008,8.409767150878906,6.112411022186279,7.403141498565674,0.14205241203308105
folk_03::pitch_shift::-2st,folk_03,folk,pitch_shift,-2.0,semitones,8.022294044494629,7.91835880279541,7.989109039306641,0.018782615661621094,7.95823860168457,7.3790459632873535,7.7535481452941895,0.08490586280822754,5.459224700927734,5.435580730438232,5.469391822814941,0.021989107131958008,8.409767150878906,7.659301280975342,8.08302116394043,0.048486948013305664
folk_03::pitch_shift::-1st,folk_03,folk,pitch_shift,-1.0,semitones,8.022294044494629,7.9489850997924805,7.995596885681152,0.009957313537597656,7.95823860168457,7.711580753326416,7.904811859130859,0.06990218162536621,5.459224700927734,5.124087810516357,5.320160865783691,0.028504610061645508,8.409767150878906,7.959357261657715,8.270673751831055,0.08611154556274414
folk_03::pitch_shift::+1st,folk_03,folk,pitch_shift,1.0,semitones,8.022294044494629,7.969295501708984,8.004589080810547,0.008794307708740234,7.95823860168457,7.744777679443359,7.898948669433594,0.047440528869628906,5.459224700927734,5.224477767944336,5.38490104675293,0.04304981231689453,8.409767150878906,8.140508651733398,8.333139419555664,0.05800151824951172
folk_03::pitch_shift::+2st,folk_03,folk,pitch_shift,2.0,semitones,8.022294044494629,7.859739780426025,7.962730884552002,0.021713972091674805,7.95823860168457,7.3846893310546875,7.724507808685303,0.05304384231567383,5.459224700927734,5.305440425872803,5.4152140617370605,0.03288149833679199,8.409767150878906,7.666700839996338,8.090709686279297,0.052475690841674805
folk_03::pitch_shift::+4st,folk_03,folk,pitch_shift,4.0,semitones,8.022294044494629,7.734858512878418,7.917990207672119,0.0394139289855957,7.95823860168457,7.373154640197754,7.722294330596924,0.05659770965576172,5.459224700927734,5.427109718322754,5.479953765869141,0.036786556243896484,8.409767150878906,7.718481540679932,8.146814346313477,0.08269000053405762
folk_03::time_stretch::-20pct,folk_03,folk,time_stretch,-20.0,percent_tempo,8.022294044494629,7.868542671203613,7.952334403991699,0.006916046142578125,7.95823860168457,7.7804274559021,7.971380710601807,0.10204768180847168,5.459224700927734,5.28859806060791,5.502433776855469,0.12852239608764648,8.409767150878906,8.041342735290527,8.342002868652344,0.11644792556762695
folk_03::time_stretch::-10pct,folk_03,folk,time_stretch,-10.0,percent_tempo,8.022294044494629,7.931242942810059,7.9838762283325195,0.007107734680175781,7.95823860168457,7.796900749206543,7.950688362121582,0.07311868667602539,5.459224700927734,5.188641548156738,5.355040550231934,0.031107425689697266,8.409767150878906,8.14802074432373,8.380496978759766,0.10160303115844727
folk_03::time_stretch::-5pct,folk_03,folk,time_stretch,-5.0,percent_tempo,8.022294044494629,7.9874162673950195,8.00540828704834,0.000553131103515625,7.95823860168457,7.853440761566162,7.968798637390137,0.06295895576477051,5.459224700927734,5.333410263061523,5.447167873382568,0.05085039138793945,8.409767150878906,8.290928840637207,8.40478515625,0.05443716049194336
folk_03::time_stretch::+5pct,folk_03,folk,time_stretch,5.0,percent_tempo,8.022294044494629,7.981937885284424,8.0157470703125,0.013631105422973633,7.95823860168457,7.754579544067383,7.927396297454834,0.07098722457885742,5.459224700927734,5.210256576538086,5.403539180755615,0.06879854202270508,8.409767150878906,8.05905532836914,8.321346282958984,0.08693504333496094
folk_03::time_stretch::+10pct,folk_03,folk,time_stretch,10.0,percent_tempo,8.022294044494629,7.992903709411621,8.017723083496094,0.01012420654296875,7.95823860168457,7.75872802734375,7.907392501831055,0.04890918731689453,5.459224700927734,5.307082653045654,5.443560600280762,0.06040692329406738,8.409767150878906,8.090051651000977,8.304274559020996,0.05436515808105469
folk_03::time_stretch::+20pct,folk_03,folk,time_stretch,20.0,percent_tempo,8.022294044494629,7.885989665985107,7.956597805023193,0.0024559497833251953,7.95823860168457,7.519670486450195,7.792248249053955,0.053293704986572266,5.459224700927734,5.381024360656738,5.517550945281982,0.0974264144897461,8.409767150878906,7.880526542663574,8.219600677490234,0.07445383071899414
folk_03::lowpass::lp8000,folk_03,folk,lowpass,8000.0,hz_cutoff,8.022294044494629,8.023303031921387,8.018922805786133,-0.003875732421875,7.95823860168457,7.962029457092285,8.014954566955566,0.05482053756713867,5.459224700927734,5.546035289764404,5.527474880218506,0.024844884872436523,8.409767150878906,8.42741870880127,8.50072956085205,0.08213663101196289
folk_03::lowpass::lp4000,folk_03,folk,lowpass,4000.0,hz_cutoff,8.022294044494629,7.984148025512695,8.009056091308594,0.005835056304931641,7.95823860168457,7.419944763183594,7.7104010581970215,0.021309375762939453,5.459224700927734,5.323846817016602,5.470839023590088,0.07930326461791992,8.409767150878906,7.308938980102539,7.750874042510986,-0.10847902297973633
folk_03::lowpass::lp2000,folk_03,folk,lowpass,2000.0,hz_cutoff,8.022294044494629,7.70789909362793,7.896102428436279,0.031005859375,7.95823860168457,4.7019267082214355,6.624598979949951,0.29451632499694824,5.459224700927734,5.062911510467529,5.357006549835205,0.09593844413757324,8.409767150878906,3.8322319984436035,6.605292320251465,0.48429274559020996
folk_03::distortion::drv4,folk_03,folk,distortion,4.0,tanh_drive,8.022294044494629,7.943449974060059,7.983822345733643,0.0009503364562988281,7.95823860168457,7.693126678466797,7.882315635681152,0.05663299560546875,5.459224700927734,5.708365440368652,5.619032859802246,0.035237789154052734,8.409767150878906,8.099796295166016,8.282856941223145,0.028075218200683594
folk_03::distortion::drv12,folk_03,folk,distortion,12.0,tanh_drive,8.022294044494629,3.1982672214508057,5.6938652992248535,0.08358466625213623,7.95823860168457,3.701810598373413,6.1063551902771,0.2763305902481079,5.459224700927734,5.911694526672363,5.767458915710449,0.08199930191040039,8.409767150878906,3.254760980606079,6.3116254806518555,0.4793614149093628
folk_03::distortion::drv32,folk_03,folk,distortion,32.0,tanh_drive,8.022294044494629,1.5903352499008179,5.2796525955200195,0.47333794832229614,7.95823860168457,2.694371223449707,5.698324680328369,0.37201976776123047,5.459224700927734,5.302785396575928,5.6423773765563965,0.26137232780456543,8.409767150878906,2.882321834564209,6.093678951263428,0.4476344585418701
folk_03::style_swap::swap_cross,folk_03,folk,style_swap,nan,cross_genre,8.022294044494629,7.302280426025391,7.746015548706055,0.08372831344604492,7.95823860168457,7.977382659912109,8.065471649169922,0.09766101837158203,5.459224700927734,5.592310905456543,5.8442182540893555,0.3184504508972168,8.409767150878906,8.011575698852539,8.350818634033203,0.14014720916748047
folk_03::style_swap::swap_same,folk_03,folk,style_swap,nan,same_genre,8.022294044494629,6.057441711425781,7.279456615447998,0.23958873748779297,7.95823860168457,5.781168460845947,7.134524822235107,0.26482129096984863,5.459224700927734,3.9816627502441406,5.061955451965332,0.34151172637939453,8.409767150878906,5.60056734085083,7.406639575958252,0.4014723300933838
folk_04::control::ctrl,folk_04,folk,control,0.0,none,7.8107733726501465,7.8107733726501465,7.787693977355957,-0.023079395294189453,7.981571674346924,7.981571674346924,7.988170146942139,0.006598472595214844,6.133375644683838,6.133375644683838,6.280843734741211,0.14746809005737305,8.497198104858398,8.497198104858398,8.528059959411621,0.030861854553222656
folk_04::pitch_shift::-4st,folk_04,folk,pitch_shift,-4.0,semitones,7.8107733726501465,7.398614406585693,7.614108562469482,0.0094146728515625,7.981571674346924,7.544727325439453,7.798844337463379,0.03569483757019043,6.133375644683838,6.26731014251709,6.306998252868652,0.10665535926818848,8.497198104858398,7.81036376953125,8.25845718383789,0.1046762466430664
folk_04::pitch_shift::-2st,folk_04,folk,pitch_shift,-2.0,semitones,7.8107733726501465,7.683961868286133,7.750354766845703,0.0029871463775634766,7.981571674346924,7.8578901290893555,7.960629940032959,0.040899038314819336,6.133375644683838,5.815263748168945,6.198343276977539,0.22402358055114746,8.497198104858398,8.130976676940918,8.406546592712402,0.09245920181274414
folk_04::pitch_shift::-1st,folk_04,folk,pitch_shift,-1.0,semitones,7.8107733726501465,7.754276275634766,7.748945236206055,-0.03357958793640137,7.981571674346924,7.904424667358398,7.950369834899902,0.007371664047241211,6.133375644683838,5.893460273742676,6.182915210723877,0.16949725151062012,8.497198104858398,8.324299812316895,8.43939208984375,0.028643131256103516
folk_04::pitch_shift::+1st,folk_04,folk,pitch_shift,1.0,semitones,7.8107733726501465,7.796213626861572,7.790827751159668,-0.012665748596191406,7.981571674346924,7.959372520446777,7.991250991821289,0.020778894424438477,6.133375644683838,6.1098761558532715,6.3247809410095215,0.2031550407409668,8.497198104858398,8.389564514160156,8.506657600402832,0.06327629089355469
folk_04::pitch_shift::+2st,folk_04,folk,pitch_shift,2.0,semitones,7.8107733726501465,7.642275810241699,7.754184246063232,0.02765965461730957,7.981571674346924,7.839194297790527,7.960619926452637,0.05023694038391113,6.133375644683838,5.974061489105225,6.2780961990356445,0.22437763214111328,8.497198104858398,8.209915161132812,8.464201927185059,0.11064529418945312
folk_04::pitch_shift::+4st,folk_04,folk,pitch_shift,4.0,semitones,7.8107733726501465,7.584828853607178,7.745954513549805,0.04815340042114258,7.981571674346924,7.7036285400390625,7.883406639099121,0.04080653190612793,6.133375644683838,6.404752254486084,6.444605350494385,0.17554140090942383,8.497198104858398,8.129088401794434,8.41468620300293,0.10154294967651367
folk_04::time_stretch::-20pct,folk_04,folk,time_stretch,-20.0,percent_tempo,7.8107733726501465,7.726068496704102,7.753075122833252,-0.01534581184387207,7.981571674346924,7.869936943054199,7.950344085693359,0.02458977699279785,6.133375644683838,5.726170539855957,6.196156024932861,0.26638293266296387,8.497198104858398,8.323956489562988,8.46220874786377,0.05163145065307617
folk_04::time_stretch::-10pct,folk_04,folk,time_stretch,-10.0,percent_tempo,7.8107733726501465,7.7432756423950195,7.764105319976807,-0.012919187545776367,7.981571674346924,7.914430618286133,7.9689040184021,0.02090287208557129,6.133375644683838,5.839934349060059,6.20156192779541,0.21490693092346191,8.497198104858398,8.354833602905273,8.486639976501465,0.060624122619628906
folk_04::time_stretch::-5pct,folk_04,folk,time_stretch,-5.0,percent_tempo,7.8107733726501465,7.809201240539551,7.807240009307861,-0.0027472972869873047,7.981571674346924,7.9245805740356445,7.993199825286865,0.040123701095581055,6.133375644683838,5.743085861206055,6.193515300750732,0.25528454780578613,8.497198104858398,8.418340682983398,8.511326789855957,0.053557395935058594
folk_04::time_stretch::+5pct,folk_04,folk,time_stretch,5.0,percent_tempo,7.8107733726501465,7.7838239669799805,7.787355899810791,-0.009942770004272461,7.981571674346924,7.89879035949707,7.964664459228516,0.024483442306518555,6.133375644683838,5.921041488647461,6.2633748054504395,0.23616623878479004,8.497198104858398,8.295945167541504,8.455161094665527,0.05858945846557617
folk_04::time_stretch::+10pct,folk_04,folk,time_stretch,10.0,percent_tempo,7.8107733726501465,7.757937431335449,7.781038761138916,-0.003316640853881836,7.981571674346924,7.889340877532959,7.974313735961914,0.038857460021972656,6.133375644683838,5.842748641967773,6.215803146362305,0.22774100303649902,8.497198104858398,8.200363159179688,8.430005073547363,0.08122444152832031
folk_04::time_stretch::+20pct,folk_04,folk,time_stretch,20.0,percent_tempo,7.8107733726501465,7.774140357971191,7.787839889526367,-0.004616975784301758,7.981571674346924,7.927429676055908,7.983904838562012,0.029404163360595703,6.133375644683838,6.204702854156494,6.365678310394287,0.1966390609741211,8.497198104858398,8.318692207336426,8.454343795776367,0.04639863967895508
folk_04::lowpass::lp8000,folk_04,folk,lowpass,8000.0,hz_cutoff,7.8107733726501465,7.793542861938477,7.7757649421691895,-0.02639317512512207,7.981571674346924,7.967869758605957,7.980353355407715,0.005632638931274414,6.133375644683838,6.102712631225586,6.280268669128418,0.16222453117370605,8.497198104858398,8.477741241455078,8.51651668548584,0.029047012329101562
folk_04::lowpass::lp4000,folk_04,folk,lowpass,4000.0,hz_cutoff,7.8107733726501465,7.604114532470703,7.670632362365723,-0.03681159019470215,7.981571674346924,7.763359069824219,7.8913774490356445,0.018912076950073242,6.133375644683838,5.646447658538818,6.131275653839111,0.2413640022277832,8.497198104858398,7.755612850189209,8.198118209838867,0.07171273231506348
folk_04::lowpass::lp2000,folk_04,folk,lowpass,2000.0,hz_cutoff,7.8107733726501465,6.909230709075928,7.362977981567383,0.002975940704345703,7.981571674346924,4.995168685913086,6.7370829582214355,0.24871277809143066,6.133375644683838,4.779642581939697,5.791614055633545,0.33510494232177734,8.497198104858398,4.442127227783203,6.94459342956543,0.4749307632446289
folk_04::distortion::drv4,folk_04,folk,distortion,4.0,tanh_drive,7.8107733726501465,7.6657185554504395,7.715402126312256,-0.02284383773803711,7.981571674346924,7.820432662963867,7.903683185577393,0.0026810169219970703,6.133375644683838,5.79287052154541,6.192868709564209,0.22974562644958496,8.497198104858398,8.119213104248047,8.34870719909668,0.04050159454345703
folk_04::distortion::drv12,folk_04,folk,distortion,12.0,tanh_drive,7.8107733726501465,3.3795933723449707,5.6958231925964355,0.10063982009887695,7.981571674346924,3.020425796508789,5.68674898147583,0.18575024604797363,6.133375644683838,6.0033464431762695,6.241362571716309,0.17300152778625488,8.497198104858398,3.423624038696289,6.442497253417969,0.482086181640625
folk_04::distortion::drv32,folk_04,folk,distortion,32.0,tanh_drive,7.8107733726501465,1.7917500734329224,5.157639026641846,0.3563773036003113,7.981571674346924,2.197197437286377,5.490410804748535,0.40102624893188477,6.133375644683838,5.833818435668945,6.199767589569092,0.2161705493927002,8.497198104858398,2.8303706645965576,6.16032075881958,0.49653637409210205
folk_04::style_swap::swap_cross,folk_04,folk,style_swap,nan,cross_genre,7.8107733726501465,7.232187271118164,7.455025672912598,-0.06645464897155762,7.981571674346924,7.5433783531188965,7.7298431396484375,-0.032631874084472656,6.133375644683838,3.900834798812866,5.3258562088012695,0.3087509870529175,8.497198104858398,6.977898597717285,7.857234001159668,0.11968564987182617
folk_04::style_swap::swap_same,folk_04,folk,style_swap,nan,same_genre,7.8107733726501465,7.076494216918945,7.4716949462890625,0.0280611515045166,7.981571674346924,7.410189628601074,7.7024827003479,0.006602048873901367,6.133375644683838,5.008823394775391,5.7397966384887695,0.16869711875915527,8.497198104858398,7.071803092956543,7.930263996124268,0.14576339721679688
folk_05::control::ctrl,folk_05,folk,control,0.0,none,7.1885247230529785,7.1885247230529785,7.098981857299805,-0.08954286575317383,7.46685266494751,7.46685266494751,7.484742164611816,0.01788949966430664,5.027066230773926,5.027066230773926,4.879325866699219,-0.14774036407470703,7.2727508544921875,7.2727508544921875,7.328386306762695,0.05563545227050781
folk_05::pitch_shift::-4st,folk_05,folk,pitch_shift,-4.0,semitones,7.1885247230529785,7.141736030578613,7.089165687561035,-0.07596468925476074,7.46685266494751,7.595288276672363,7.537676811218262,0.006606340408325195,5.027066230773926,5.155716419219971,4.975841522216797,-0.11554980278015137,7.2727508544921875,7.270573139190674,7.273165225982666,0.0015032291412353516
folk_05::pitch_shift::-2st,folk_05,folk,pitch_shift,-2.0,semitones,7.1885247230529785,7.0587897300720215,7.039951801300049,-0.08370542526245117,7.46685266494751,7.4636406898498535,7.453113079071045,-0.012133598327636719,5.027066230773926,5.045787811279297,4.954990386962891,-0.0814366340637207,7.2727508544921875,7.209755897521973,7.216185092926025,-0.025068283081054688
folk_05::pitch_shift::-1st,folk_05,folk,pitch_shift,-1.0,semitones,7.1885247230529785,7.167642593383789,7.108010292053223,-0.07007336616516113,7.46685266494751,7.465585231781006,7.467854976654053,0.0016360282897949219,5.027066230773926,4.972945213317871,4.915960311889648,-0.08404541015625,7.2727508544921875,7.36839485168457,7.342822551727295,0.022249698638916016
folk_05::pitch_shift::+1st,folk_05,folk,pitch_shift,1.0,semitones,7.1885247230529785,7.293402671813965,7.162315845489502,-0.07864785194396973,7.46685266494751,7.475603103637695,7.459327220916748,-0.011900663375854492,5.027066230773926,4.972323894500732,4.877676963806152,-0.12201809883117676,7.2727508544921875,7.2593841552734375,7.283618927001953,0.017551422119140625
folk_05::pitch_shift::+2st,folk_05,folk,pitch_shift,2.0,semitones,7.1885247230529785,7.297625541687012,7.206494331359863,-0.036580801010131836,7.46685266494751,7.572493076324463,7.540013313293457,0.020340442657470703,5.027066230773926,4.924227714538574,4.847967147827148,-0.12767982482910156,7.2727508544921875,7.333554744720459,7.344918251037598,0.041765451431274414
folk_05::pitch_shift::+4st,folk_05,folk,pitch_shift,4.0,semitones,7.1885247230529785,6.946837425231934,6.997138500213623,-0.07054257392883301,7.46685266494751,7.33494234085083,7.38726806640625,-0.013629436492919922,5.027066230773926,4.796121120452881,4.804511547088623,-0.10708212852478027,7.2727508544921875,7.032144069671631,7.125380039215088,-0.02706742286682129
folk_05::time_stretch::-20pct,folk_05,folk,time_stretch,-20.0,percent_tempo,7.1885247230529785,6.862627983093262,6.88424825668335,-0.1413280963897705,7.46685266494751,6.816502571105957,7.076653480529785,-0.06502413749694824,5.027066230773926,4.6301984786987305,4.755762577056885,-0.07286977767944336,7.2727508544921875,6.599736213684082,6.887233734130859,-0.04900979995727539
folk_05::time_stretch::-10pct,folk_05,folk,time_stretch,-10.0,percent_tempo,7.1885247230529785,7.139281749725342,7.101043224334717,-0.06286001205444336,7.46685266494751,7.4695539474487305,7.484471797943115,0.016268491744995117,5.027066230773926,4.7485504150390625,4.778992176055908,-0.10881614685058594,7.2727508544921875,7.330729961395264,7.338922023773193,0.03718161582946777
folk_05::time_stretch::-5pct,folk_05,folk,time_stretch,-5.0,percent_tempo,7.1885247230529785,7.232966423034668,7.106573104858398,-0.1041724681854248,7.46685266494751,7.432384014129639,7.453648090362549,0.004029750823974609,5.027066230773926,4.919544219970703,4.84144401550293,-0.13186120986938477,7.2727508544921875,7.179009437561035,7.252947807312012,0.02706766128540039
folk_05::time_stretch::+5pct,folk_05,folk,time_stretch,5.0,percent_tempo,7.1885247230529785,7.294445991516113,7.164142608642578,-0.07734274864196777,7.46685266494751,7.490903854370117,7.492575645446777,0.013697385787963867,5.027066230773926,4.9575090408325195,4.8814311027526855,-0.11085653305053711,7.2727508544921875,7.310606956481934,7.313946723937988,0.022267818450927734
folk_05::time_stretch::+10pct,folk_05,folk,time_stretch,10.0,percent_tempo,7.1885247230529785,7.220640182495117,7.097316265106201,-0.10726618766784668,7.46685266494751,7.529964447021484,7.481817722320557,-0.01659083366394043,5.027066230773926,4.957465648651123,4.8746161460876465,-0.11764979362487793,7.2727508544921875,7.347051620483398,7.2991766929626465,-0.010724544525146484
folk_05::time_stretch::+20pct,folk_05,folk,time_stretch,20.0,percent_tempo,7.1885247230529785,7.107268333435059,7.037624359130859,-0.11027216911315918,7.46685266494751,7.407026767730713,7.3995513916015625,-0.03738832473754883,5.027066230773926,5.000913619995117,4.924113750457764,-0.08987617492675781,7.2727508544921875,7.166932582855225,7.172866344451904,-0.04697537422180176
folk_05::lowpass::lp8000,folk_05,folk,lowpass,8000.0,hz_cutoff,7.1885247230529785,7.1632080078125,7.070204734802246,-0.10566163063049316,7.46685266494751,7.467301845550537,7.465071678161621,-0.0020055770874023438,5.027066230773926,5.043797492980957,4.902205944061279,-0.1332259178161621,7.2727508544921875,7.232542991638184,7.287360191345215,0.0347132682800293
folk_05::lowpass::lp4000,folk_05,folk,lowpass,4000.0,hz_cutoff,7.1885247230529785,7.245265007019043,7.15905237197876,-0.05784249305725098,7.46685266494751,7.392786026000977,7.481299877166748,0.05148053169250488,5.027066230773926,4.845312595367432,4.856104850769043,-0.08008456230163574,7.2727508544921875,7.092792510986328,7.308638095855713,0.12586641311645508
folk_05::lowpass::lp2000,folk_05,folk,lowpass,2000.0,hz_cutoff,7.1885247230529785,7.207316875457764,7.1977996826171875,-0.00012111663818359375,7.46685266494751,7.375221252441406,7.521823406219482,0.10078644752502441,5.027066230773926,4.22652006149292,4.668315887451172,0.04152274131774902,7.2727508544921875,7.09947395324707,7.346865177154541,0.1607527732849121
folk_05::distortion::drv4,folk_05,folk,distortion,4.0,tanh_drive,7.1885247230529785,7.0530219078063965,7.030889511108398,-0.08988380432128906,7.46685266494751,7.406556129455566,7.449856758117676,0.013152360916137695,5.027066230773926,5.1626691818237305,4.930294513702393,-0.16457319259643555,7.2727508544921875,7.103831768035889,7.239996910095215,0.05170559883117676
folk_05::distortion::drv12,folk_05,folk,distortion,12.0,tanh_drive,7.1885247230529785,4.375006198883057,5.954874515533447,0.1731090545654297,7.46685266494751,5.063384532928467,6.6067962646484375,0.3416776657104492,5.027066230773926,5.417272567749023,5.025425910949707,-0.19674348831176758,7.2727508544921875,4.943112850189209,6.419944763183594,0.3120129108428955
folk_05::distortion::drv32,folk_05,folk,distortion,32.0,tanh_drive,7.1885247230529785,2.2822747230529785,5.0120158195495605,0.27661609649658203,7.46685266494751,2.7395379543304443,5.599296569824219,0.4961012601852417,5.027066230773926,4.729369640350342,4.695765972137451,-0.18245196342468262,7.2727508544921875,3.792708396911621,5.78919792175293,0.2564682960510254
folk_05::style_swap::swap_cross,folk_05,folk,style_swap,nan,cross_genre,7.1885247230529785,6.426494598388672,6.673435688018799,-0.13407397270202637,7.46685266494751,7.4991960525512695,7.429947376251221,-0.053076982498168945,5.027066230773926,4.929137229919434,4.8509745597839355,-0.12712717056274414,7.2727508544921875,6.582839012145996,6.856925010681152,-0.07086992263793945
folk_05::style_swap::swap_same,folk_05,folk,style_swap,nan,same_genre,7.1885247230529785,7.408844947814941,7.259612083435059,-0.03907275199890137,7.46685266494751,7.495362281799316,7.378713607788086,-0.10239386558532715,5.027066230773926,4.059724807739258,5.015194892883301,0.471799373626709,7.2727508544921875,7.158665180206299,7.416869640350342,0.20116162300109863
folk_06::control::ctrl,folk_06,folk,control,0.0,none,5.848181247711182,5.848181247711182,5.509176731109619,-0.3390045166015625,6.656752586364746,6.656752586364746,6.813394546508789,0.15664196014404297,3.39101243019104,3.39101243019104,3.233560562133789,-0.15745186805725098,6.960177421569824,6.960177421569824,7.020303726196289,0.060126304626464844
folk_06::pitch_shift::-4st,folk_06,folk,pitch_shift,-4.0,semitones,5.848181247711182,7.597306251525879,6.68268346786499,-0.04006028175354004,6.656752586364746,7.477888584136963,7.201684474945068,0.13436388969421387,3.39101243019104,3.7134900093078613,3.4416491985321045,-0.11060202121734619,6.960177421569824,7.144758701324463,7.221299648284912,0.16883158683776855
folk_06::pitch_shift::-2st,folk_06,folk,pitch_shift,-2.0,semitones,5.848181247711182,7.22430419921875,6.203252792358398,-0.3329899311065674,6.656752586364746,7.1259260177612305,6.866987705230713,-0.02435159683227539,3.39101243019104,3.5069236755371094,3.380833625793457,-0.06813442707061768,6.960177421569824,7.007734775543213,6.955502986907959,-0.02845311164855957
folk_06::pitch_shift::-1st,folk_06,folk,pitch_shift,-1.0,semitones,5.848181247711182,6.488246440887451,5.677113056182861,-0.4911007881164551,6.656752586364746,6.952772617340088,6.768301486968994,-0.03646111488342285,3.39101243019104,3.3556149005889893,3.303555727005005,-0.06975793838500977,6.960177421569824,7.001916885375977,6.875247955322266,-0.10579919815063477
folk_06::pitch_shift::+1st,folk_06,folk,pitch_shift,1.0,semitones,5.848181247711182,7.0337958335876465,5.9077348709106445,-0.5332536697387695,6.656752586364746,7.005009174346924,6.788382053375244,-0.04249882698059082,3.39101243019104,3.7388877868652344,3.3924334049224854,-0.17251670360565186,6.960177421569824,6.882163047790527,6.831845283508301,-0.089324951171875
folk_06::pitch_shift::+2st,folk_06,folk,pitch_shift,2.0,semitones,5.848181247711182,7.035134315490723,6.33048677444458,-0.11117100715637207,6.656752586364746,7.260690212249756,6.973859786987305,0.015138387680053711,3.39101243019104,3.761186361312866,3.5228497982025146,-0.05324959754943848,6.960177421569824,7.295819282531738,7.081004619598389,-0.04699373245239258
folk_06::pitch_shift::+4st,folk_06,folk,pitch_shift,4.0,semitones,5.848181247711182,6.575169563293457,5.86590576171875,-0.34576964378356934,6.656752586364746,7.097680568695068,7.029137134552002,0.15192055702209473,3.39101243019104,3.792428970336914,3.520432472229004,-0.07128822803497314,6.960177421569824,7.120535850524902,7.146607398986816,0.10625076293945312
folk_06::time_stretch::-20pct,folk_06,folk,time_stretch,-20.0,percent_tempo,5.848181247711182,6.1514973640441895,5.8612446784973145,-0.1385946273803711,6.656752586364746,6.9182844161987305,6.879757881164551,0.0922393798828125,3.39101243019104,2.927098512649536,2.990661144256592,-0.1683943271636963,6.960177421569824,7.108667373657227,7.101095676422119,0.06667327880859375
folk_06::time_stretch::-10pct,folk_06,folk,time_stretch,-10.0,percent_tempo,5.848181247711182,6.482450485229492,5.957505702972412,-0.2078101634979248,6.656752586364746,7.016219615936279,6.940779685974121,0.1042935848236084,3.39101243019104,3.2581710815429688,3.187377691268921,-0.1372140645980835,6.960177421569824,7.438011169433594,7.2186198234558105,0.019525527954101562
folk_06::time_stretch::-5pct,folk_06,folk,time_stretch,-5.0,percent_tempo,5.848181247711182,6.687281131744385,5.917028903961182,-0.35070228576660156,6.656752586364746,7.159350395202637,6.926131248474121,0.018079757690429688,3.39101243019104,3.3295819759368896,3.249006748199463,-0.11129045486450195,6.960177421569824,7.419617652893066,7.147552013397217,-0.042345523834228516
folk_06::time_stretch::+5pct,folk_06,folk,time_stretch,5.0,percent_tempo,5.848181247711182,6.181674003601074,5.784709930419922,-0.23021769523620605,6.656752586364746,6.846938133239746,6.781705379486084,0.02986001968383789,3.39101243019104,3.5682642459869385,3.409961223602295,-0.06967711448669434,6.960177421569824,6.993244171142578,6.941164493560791,-0.035546302795410156
folk_06::time_stretch::+10pct,folk_06,folk,time_stretch,10.0,percent_tempo,5.848181247711182,6.618034362792969,6.086211204528809,-0.1468966007232666,6.656752586364746,6.9976091384887695,6.894046783447266,0.06686592102050781,3.39101243019104,3.4383068084716797,3.3076038360595703,-0.10705578327178955,6.960177421569824,7.185449123382568,7.081791877746582,0.008978605270385742
folk_06::time_stretch::+20pct,folk_06,folk,time_stretch,20.0,percent_tempo,5.848181247711182,6.7876362800598145,6.059736728668213,-0.25817203521728516,6.656752586364746,7.077744007110596,6.899456024169922,0.03220772743225098,3.39101243019104,3.5697150230407715,3.4195058345794678,-0.06085789203643799,6.960177421569824,7.226759910583496,7.146764278411865,0.05329561233520508
folk_06::lowpass::lp8000,folk_06,folk,lowpass,8000.0,hz_cutoff,5.848181247711182,5.720460414886475,5.448642253875732,-0.3356785774230957,6.656752586364746,6.695950508117676,6.838799476623535,0.16244792938232422,3.39101243019104,3.3231828212738037,3.1787047386169434,-0.17839288711547852,6.960177421569824,6.907589912414551,7.000459671020508,0.06657600402832031
folk_06::lowpass::lp4000,folk_06,folk,lowpass,4000.0,hz_cutoff,5.848181247711182,6.341592788696289,5.96986198425293,-0.12502503395080566,6.656752586364746,6.8084821701049805,6.986288547515869,0.25367116928100586,3.39101243019104,3.351970672607422,3.183093786239624,-0.18839776515960693,6.960177421569824,6.950898170471191,7.147239685058594,0.19170188903808594
folk_06::lowpass::lp2000,folk_06,folk,lowpass,2000.0,hz_cutoff,5.848181247711182,6.595612525939941,6.028957843780518,-0.19293904304504395,6.656752586364746,7.116951942443848,7.0138750076293945,0.12702274322509766,3.39101243019104,3.4784584045410156,3.2906250953674316,-0.1441103219985962,6.960177421569824,6.691290855407715,7.070331573486328,0.2445974349975586
folk_06::distortion::drv4,folk_06,folk,distortion,4.0,tanh_drive,5.848181247711182,5.81390380859375,5.4842143058776855,-0.3468282222747803,6.656752586364746,6.587869644165039,6.7753095626831055,0.1529984474182129,3.39101243019104,3.500532388687134,3.250464916229248,-0.19530749320983887,6.960177421569824,7.065718173980713,6.997732162475586,-0.015215635299682617
folk_06::distortion::drv12,folk_06,folk,distortion,12.0,tanh_drive,5.848181247711182,5.032515048980713,4.9514946937561035,-0.48885345458984375,6.656752586364746,6.349985599517822,6.745386600494385,0.24201750755310059,3.39101243019104,3.5355958938598633,3.2506728172302246,-0.21263134479522705,6.960177421569824,6.845685958862305,6.9536848068237305,0.050753116607666016
folk_06::distortion::drv32,folk_06,folk,distortion,32.0,tanh_drive,5.848181247711182,4.4807329177856445,4.7283220291137695,-0.43613505363464355,6.656752586364746,6.001108646392822,6.641478538513184,0.3125479221343994,3.39101243019104,3.957890033721924,3.376119375228882,-0.2983318567276001,6.960177421569824,6.231665134429932,6.816474437713623,0.22055315971374512
folk_06::style_swap::swap_cross,folk_06,folk,style_swap,nan,cross_genre,5.848181247711182,5.872466087341309,6.123200416564941,0.2628767490386963,6.656752586364746,6.330930709838867,6.471960067749023,-0.021881580352783203,3.39101243019104,7.015467166900635,5.355955600738525,0.152715802192688,6.960177421569824,6.642292022705078,6.961895942687988,0.1606612205505371
folk_06::style_swap::swap_same,folk_06,folk,style_swap,nan,same_genre,5.848181247711182,7.865352153778076,7.510250091552734,0.6534833908081055,6.656752586364746,7.663394927978516,7.510971546173096,0.35089778900146484,3.39101243019104,6.859060287475586,5.147569179534912,0.02253282070159912,6.960177421569824,8.452336311340332,8.031864166259766,0.3256072998046875
folk_07::control::ctrl,folk_07,folk,control,0.0,none,4.66658878326416,4.66658878326416,4.931997776031494,0.265408992767334,6.235170841217041,6.235170841217041,6.529814720153809,0.2946438789367676,5.626881122589111,5.626881122589111,5.812544822692871,0.18566370010375977,6.7465972900390625,6.7465972900390625,6.694388389587402,-0.052208900451660156
folk_07::pitch_shift::-4st,folk_07,folk,pitch_shift,-4.0,semitones,4.66658878326416,5.722076416015625,5.37606954574585,0.18173694610595703,6.235170841217041,7.032740116119385,6.761077880859375,0.1271224021911621,5.626881122589111,5.795248031616211,5.924540042877197,0.21347546577453613,6.7465972900390625,6.758845806121826,6.862072467803955,0.10935091972351074
folk_07::pitch_shift::-2st,folk_07,folk,pitch_shift,-2.0,semitones,4.66658878326416,5.26444673538208,5.357871055603027,0.3923532962799072,6.235170841217041,6.2574849128723145,6.543696880340576,0.29736900329589844,5.626881122589111,5.948758125305176,5.964436054229736,0.17661643028259277,6.7465972900390625,6.376351833343506,6.668562889099121,0.10708832740783691
folk_07::pitch_shift::-1st,folk_07,folk,pitch_shift,-1.0,semitones,4.66658878326416,4.731199264526367,4.9785356521606445,0.27964162826538086,6.235170841217041,6.019570350646973,6.376382827758789,0.24901223182678223,5.626881122589111,5.930388450622559,5.942742824554443,0.1641080379486084,6.7465972900390625,6.260621547698975,6.445484161376953,-0.05812525749206543
folk_07::pitch_shift::+1st,folk_07,folk,pitch_shift,1.0,semitones,4.66658878326416,4.892439842224121,5.14405632019043,0.36454200744628906,6.235170841217041,6.5094075202941895,6.757859230041504,0.38557004928588867,5.626881122589111,5.654977321624756,5.789181232452393,0.14825201034545898,6.7465972900390625,6.799802303314209,6.777450084686279,0.004250288009643555
folk_07::pitch_shift::+2st,folk_07,folk,pitch_shift,2.0,semitones,4.66658878326416,5.754708766937256,5.467507839202881,0.25685906410217285,6.235170841217041,6.825041770935059,6.752425670623779,0.2223193645477295,5.626881122589111,5.977409839630127,6.0081939697265625,0.20604848861694336,6.7465972900390625,7.007998943328857,6.928794860839844,0.05149674415588379
folk_07::pitch_shift::+4st,folk_07,folk,pitch_shift,4.0,semitones,4.66658878326416,5.249414443969727,4.875533580780029,-0.08246803283691406,6.235170841217041,6.691305160522461,6.383924961090088,-0.07931303977966309,5.626881122589111,5.961893081665039,5.942448139190674,0.14806103706359863,6.7465972900390625,6.789060115814209,6.738199234008789,-0.02962946891784668
folk_07::time_stretch::-20pct,folk_07,folk,time_stretch,-20.0,percent_tempo,4.66658878326416,4.257850170135498,4.842533588409424,0.3803141117095947,6.235170841217041,6.0579047203063965,6.464188575744629,0.31765079498291016,5.626881122589111,5.870815277099609,5.908184051513672,0.15933585166931152,6.7465972900390625,6.479215621948242,6.701178550720215,0.0882720947265625
folk_07::time_stretch::-10pct,folk_07,folk,time_stretch,-10.0,percent_tempo,4.66658878326416,5.716843128204346,5.689943790435791,0.4982278347015381,6.235170841217041,6.91506814956665,7.0746283531188965,0.4995088577270508,5.626881122589111,5.926894664764404,5.9658660888671875,0.1889781951904297,6.7465972900390625,7.076258182525635,7.056480884552002,0.14505314826965332
folk_07::time_stretch::-5pct,folk_07,folk,time_stretch,-5.0,percent_tempo,4.66658878326416,5.129639625549316,5.310441493988037,0.41232728958129883,6.235170841217041,6.636753559112549,6.881397247314453,0.4454350471496582,5.626881122589111,5.851009368896484,5.976085662841797,0.23714041709899902,6.7465972900390625,6.841945171356201,6.861799716949463,0.06752848625183105
folk_07::time_stretch::+5pct,folk_07,folk,time_stretch,5.0,percent_tempo,4.66658878326416,4.238748073577881,4.783822536468506,0.33115410804748535,6.235170841217041,6.026516437530518,6.3882646560668945,0.25742101669311523,5.626881122589111,5.822240829467773,5.83854866027832,0.11398768424987793,6.7465972900390625,6.509207248687744,6.529110908508301,-0.09879136085510254
folk_07::time_stretch::+10pct,folk_07,folk,time_stretch,10.0,percent_tempo,4.66658878326416,4.780920028686523,5.034787654876709,0.3110332489013672,6.235170841217041,6.190938949584961,6.503930568695068,0.2908756732940674,5.626881122589111,5.959125518798828,5.879626274108887,0.08662295341491699,6.7465972900390625,6.603429794311523,6.6210408210754395,-0.053972721099853516
folk_07::time_stretch::+20pct,folk_07,folk,time_stretch,20.0,percent_tempo,4.66658878326416,4.491631507873535,4.835572242736816,0.25646209716796875,6.235170841217041,6.027188777923584,6.36397647857666,0.23279666900634766,5.626881122589111,5.8543806076049805,5.859465599060059,0.1188347339630127,6.7465972900390625,6.424618721008301,6.503078937530518,-0.08252906799316406
folk_07::lowpass::lp8000,folk_07,folk,lowpass,8000.0,hz_cutoff,4.66658878326416,4.400791645050049,4.807987213134766,0.27429699897766113,6.235170841217041,5.96235990524292,6.3831095695495605,0.2843441963195801,5.626881122589111,5.619694709777832,5.8030900955200195,0.17980217933654785,6.7465972900390625,6.52013635635376,6.586742401123047,-0.04662442207336426
folk_07::lowpass::lp4000,folk_07,folk,lowpass,4000.0,hz_cutoff,4.66658878326416,3.885369300842285,4.503376007080078,0.22739696502685547,6.235170841217041,5.17064094543457,6.006614685058594,0.3037087917327881,5.626881122589111,5.212435722351074,5.740084648132324,0.32042622566223145,6.7465972900390625,5.0117082595825195,6.0944504737854,0.21529769897460938
folk_07::lowpass::lp2000,folk_07,folk,lowpass,2000.0,hz_cutoff,4.66658878326416,4.670280456542969,4.663364887237549,-0.005069732666015625,6.235170841217041,5.065644264221191,6.051505088806152,0.40109753608703613,5.626881122589111,4.9675140380859375,5.4277215003967285,0.1305239200592041,6.7465972900390625,4.710841655731201,6.046696662902832,0.3179771900177002
folk_07::distortion::drv4,folk_07,folk,distortion,4.0,tanh_drive,4.66658878326416,4.274138927459717,4.639986515045166,0.16962265968322754,6.235170841217041,5.475630283355713,6.077025413513184,0.22162485122680664,5.626881122589111,5.909350395202637,5.883166313171387,0.1150505542755127,6.7465972900390625,5.934687614440918,6.292796611785889,-0.04784584045410156
folk_07::distortion::drv12,folk_07,folk,distortion,12.0,tanh_drive,4.66658878326416,2.6640467643737793,3.690537214279175,0.025219440460205078,6.235170841217041,2.651798725128174,4.893086910247803,0.4496021270751953,5.626881122589111,5.8053059577941895,5.830079078674316,0.11398553848266602,6.7465972900390625,3.3394148349761963,5.372013092041016,0.32900702953338623
folk_07::distortion::drv32,folk_07,folk,distortion,32.0,tanh_drive,4.66658878326416,1.9434099197387695,2.946011781692505,-0.35898756980895996,6.235170841217041,2.4423537254333496,4.505398750305176,0.16663646697998047,5.626881122589111,4.95041561126709,5.519035339355469,0.23038697242736816,6.7465972900390625,3.0123894214630127,5.00740385055542,0.12791049480438232
folk_07::style_swap::swap_cross,folk_07,folk,style_swap,nan,cross_genre,4.66658878326416,5.024308681488037,4.960597991943359,0.11514925956726074,6.235170841217041,6.82940673828125,6.993053436279297,0.46076464653015137,5.626881122589111,5.313692092895508,5.694362163543701,0.2240755558013916,6.7465972900390625,6.575371742248535,6.939361572265625,0.27837705612182617
folk_07::style_swap::swap_same,folk_07,folk,style_swap,nan,same_genre,4.66658878326416,7.091876029968262,5.753116607666016,-0.1261157989501953,6.235170841217041,6.219316005706787,6.032464504241943,-0.1947789192199707,5.626881122589111,6.149892807006836,6.418903350830078,0.5305163860321045,6.7465972900390625,7.032838344573975,7.076760292053223,0.1870424747467041
folk_08::control::ctrl,folk_08,folk,control,0.0,none,7.849251747131348,7.849251747131348,7.821868419647217,-0.02738332748413086,7.650769233703613,7.650769233703613,7.695838451385498,0.045069217681884766,6.801630020141602,6.801630020141602,6.818271160125732,0.01664113998413086,8.368209838867188,8.368209838867188,8.411370277404785,0.043160438537597656
folk_08::pitch_shift::-4st,folk_08,folk,pitch_shift,-4.0,semitones,7.849251747131348,7.40771484375,7.631496429443359,0.003013134002685547,7.650769233703613,6.279062747955322,7.081867694854736,0.11695170402526855,6.801630020141602,6.36779260635376,6.653770923614502,0.06905961036682129,8.368209838867188,6.158597946166992,7.3924031257629395,0.1289992332458496
folk_08::pitch_shift::-2st,folk_08,folk,pitch_shift,-2.0,semitones,7.849251747131348,7.4501729011535645,7.646292686462402,-0.003419637680053711,7.650769233703613,6.779839992523193,7.279118537902832,0.06381392478942871,6.801630020141602,6.623410701751709,6.748859882354736,0.036339521408081055,8.368209838867188,6.803571701049805,7.5916218757629395,0.005731105804443359
folk_08::pitch_shift::-1st,folk_08,folk,pitch_shift,-1.0,semitones,7.849251747131348,7.755530834197998,7.7838826179504395,-0.0185086727142334,7.650769233703613,7.527047157287598,7.642019748687744,0.05311155319213867,6.801630020141602,6.658997535705566,6.764318466186523,0.03400468826293945,8.368209838867188,8.036224365234375,8.221012115478516,0.018795013427734375
folk_08::pitch_shift::+1st,folk_08,folk,pitch_shift,1.0,semitones,7.849251747131348,7.8977437019348145,7.863121509552002,-0.010376214981079102,7.650769233703613,7.69594669342041,7.717796325683594,0.04443836212158203,6.801630020141602,6.675636291503906,6.7750983238220215,0.03646516799926758,8.368209838867188,8.282215118408203,8.381247520446777,0.05603504180908203
folk_08::pitch_shift::+2st,folk_08,folk,pitch_shift,2.0,semitones,7.849251747131348,7.719583034515381,7.7625274658203125,-0.021889925003051758,7.650769233703613,7.561065673828125,7.645643711090088,0.03972625732421875,6.801630020141602,6.777402877807617,6.810052394866943,0.020535945892333984,8.368209838867188,8.049707412719727,8.262317657470703,0.053359031677246094
folk_08::pitch_shift::+4st,folk_08,folk,pitch_shift,4.0,semitones,7.849251747131348,7.693912506103516,7.7978434562683105,0.026261329650878906,7.650769233703613,7.247251987457275,7.530801296234131,0.08179068565368652,6.801630020141602,6.618404388427734,6.7984442710876465,0.08842706680297852,8.368209838867188,7.60404634475708,8.134481430053711,0.14835333824157715
folk_08::time_stretch::-20pct,folk_08,folk,time_stretch,-20.0,percent_tempo,7.849251747131348,7.420562267303467,7.606438159942627,-0.028468847274780273,7.650769233703613,7.036563873291016,7.391398906707764,0.04773235321044922,6.801630020141602,6.366878509521484,6.616524696350098,0.03227043151855469,8.368209838867188,7.278828144073486,7.917084217071533,0.09356522560119629
folk_08::time_stretch::-10pct,folk_08,folk,time_stretch,-10.0,percent_tempo,7.849251747131348,7.592887878417969,7.694016456604004,-0.027053356170654297,7.650769233703613,7.2941999435424805,7.521864891052246,0.04938030242919922,6.801630020141602,6.588665008544922,6.711760997772217,0.016613483428955078,8.368209838867188,7.593433380126953,7.965450286865234,-0.015371322631835938
folk_08::time_stretch::-5pct,folk_08,folk,time_stretch,-5.0,percent_tempo,7.849251747131348,7.775091648101807,7.797896385192871,-0.014275312423706055,7.650769233703613,7.555129051208496,7.6453328132629395,0.042383670806884766,6.801630020141602,6.44298791885376,6.636112213134766,0.013803243637084961,8.368209838867188,7.941310882568359,8.133883476257324,-0.02087688446044922
folk_08::time_stretch::+5pct,folk_08,folk,time_stretch,5.0,percent_tempo,7.849251747131348,7.774832725524902,7.80063009262085,-0.01141214370727539,7.650769233703613,7.580977439880371,7.688592910766602,0.07271957397460938,6.801630020141602,6.707342147827148,6.799513339996338,0.04502725601196289,8.368209838867188,8.084897994995117,8.301355361938477,0.07480144500732422
folk_08::time_stretch::+10pct,folk_08,folk,time_stretch,10.0,percent_tempo,7.849251747131348,7.73220157623291,7.764803886413574,-0.025922775268554688,7.650769233703613,7.6682448387146,7.697915077209473,0.03840804100036621,6.801630020141602,6.595417022705078,6.736000061035156,0.037476539611816406,8.368209838867188,8.197005271911621,8.332901954650879,0.05029439926147461
folk_08::time_stretch::+20pct,folk_08,folk,time_stretch,20.0,percent_tempo,7.849251747131348,7.5186614990234375,7.678213596343994,-0.0057430267333984375,7.650769233703613,7.431077480316162,7.591812610626221,0.05088925361633301,6.801630020141602,6.877612590789795,6.862628936767578,0.023007631301879883,8.368209838867188,8.030738830566406,8.232489585876465,0.03301525115966797
folk_08::lowpass::lp8000,folk_08,folk,lowpass,8000.0,hz_cutoff,7.849251747131348,7.868408679962158,7.830758094787598,-0.028072118759155273,7.650769233703613,7.6416335105896,7.681796073913574,0.03559470176696777,6.801630020141602,6.819150924682617,6.822380542755127,0.011990070343017578,8.368209838867188,8.371038436889648,8.416210174560547,0.046586036682128906
folk_08::lowpass::lp4000,folk_08,folk,lowpass,4000.0,hz_cutoff,7.849251747131348,7.446951389312744,7.639777183532715,-0.008324384689331055,7.650769233703613,6.842947483062744,7.348845958709717,0.10198760032653809,6.801630020141602,6.1315388679504395,6.496633529663086,0.03004908561706543,8.368209838867188,5.635071277618408,7.075725078582764,0.07408452033996582
folk_08::lowpass::lp2000,folk_08,folk,lowpass,2000.0,hz_cutoff,7.849251747131348,7.0184550285339355,7.426170825958252,-0.0076825618743896484,7.650769233703613,5.769047260284424,6.773006916046143,0.06309866905212402,6.801630020141602,5.374784469604492,6.178866863250732,0.09065961837768555,8.368209838867188,4.414775848388672,6.750871658325195,0.3593788146972656
folk_08::distortion::drv4,folk_08,folk,distortion,4.0,tanh_drive,7.849251747131348,6.58294153213501,6.992249011993408,-0.2238476276397705,7.650769233703613,4.809013366699219,6.163714408874512,-0.0661768913269043,6.801630020141602,6.692183494567871,6.7826151847839355,0.03570842742919922,8.368209838867188,4.005864143371582,6.5101094245910645,0.3230724334716797
folk_08::distortion::drv12,folk_08,folk,distortion,12.0,tanh_drive,7.849251747131348,2.778925657272339,5.70143985748291,0.3873511552810669,7.650769233703613,2.5246987342834473,5.413727283477783,0.32599329948425293,6.801630020141602,6.322501182556152,6.6700334548950195,0.10796785354614258,8.368209838867188,3.0325520038604736,6.217899322509766,0.5175184011459351
folk_08::distortion::drv32,folk_08,folk,distortion,32.0,tanh_drive,7.849251747131348,2.4402406215667725,5.546436309814453,0.40169012546539307,7.650769233703613,2.3808250427246094,5.330992221832275,0.31519508361816406,6.801630020141602,6.444234371185303,6.700533866882324,0.07760167121887207,8.368209838867188,2.7315120697021484,6.030396461486816,0.48053550720214844
folk_08::style_swap::swap_cross,folk_08,folk,style_swap,nan,cross_genre,7.849251747131348,5.560216426849365,6.793835163116455,0.08910107612609863,7.650769233703613,6.866335868835449,7.266721725463867,0.008169174194335938,6.801630020141602,4.469743728637695,5.844965934753418,0.20927906036376953,8.368209838867188,7.106573581695557,7.881543159484863,0.1441514492034912
folk_08::style_swap::swap_same,folk_08,folk,style_swap,nan,same_genre,7.849251747131348,7.074037551879883,7.464630126953125,0.0029854774475097656,7.650769233703613,7.083563804626465,7.452910900115967,0.08574438095092773,6.801630020141602,5.833045959472656,6.4145097732543945,0.09717178344726562,8.368209838867188,7.653314590454102,8.132655143737793,0.12189292907714844
folk_09::control::ctrl,folk_09,folk,control,0.0,none,7.161449909210205,7.161449909210205,6.9649338722229,-0.1965160369873047,5.824865818023682,5.824865818023682,6.031177043914795,0.20631122589111328,6.783199787139893,6.783199787139893,6.76084041595459,-0.022359371185302734,6.008670330047607,6.008670330047607,6.038594722747803,0.029924392700195312
folk_09::pitch_shift::-4st,folk_09,folk,pitch_shift,-4.0,semitones,7.161449909210205,7.478976249694824,7.104013919830322,-0.21619915962219238,5.824865818023682,7.51411771774292,6.810587406158447,0.14109563827514648,6.783199787139893,6.4525861740112305,6.678248882293701,0.06035590171813965,6.008670330047607,7.254613399505615,6.676600933074951,0.044959068298339844
folk_09::pitch_shift::-2st,folk_09,folk,pitch_shift,-2.0,semitones,7.161449909210205,7.360078811645508,7.05027437210083,-0.21048998832702637,5.824865818023682,6.986774921417236,6.6054487228393555,0.19962835311889648,6.783199787139893,6.413755416870117,6.605737209320068,0.0072596073150634766,6.008670330047607,6.995969772338867,6.577717304229736,0.07539725303649902
folk_09::pitch_shift::-1st,folk_09,folk,pitch_shift,-1.0,semitones,7.161449909210205,7.286913871765137,6.987112998962402,-0.23706889152526855,5.824865818023682,6.931979179382324,6.672652721405029,0.29423022270202637,6.783199787139893,6.646538734436035,6.697665691375732,-0.017203569412231445,6.008670330047607,6.912415504455566,6.567704677581787,0.1071617603302002
folk_09::pitch_shift::+1st,folk_09,folk,pitch_shift,1.0,semitones,7.161449909210205,7.436349868774414,7.075562953948975,-0.22333693504333496,5.824865818023682,6.1653618812561035,6.308393955230713,0.3132801055908203,6.783199787139893,6.6594929695129395,6.718294143676758,-0.003052234649658203,6.008670330047607,6.342416286468506,6.281182765960693,0.10563945770263672
folk_09::pitch_shift::+2st,folk_09,folk,pitch_shift,2.0,semitones,7.161449909210205,7.475528717041016,7.1166486740112305,-0.20184063911437988,5.824865818023682,6.447358131408691,6.4248552322387695,0.288743257522583,6.783199787139893,6.666817665100098,6.739576816558838,0.014568090438842773,6.008670330047607,6.589727401733398,6.440544128417969,0.14134526252746582
folk_09::pitch_shift::+4st,folk_09,folk,pitch_shift,4.0,semitones,7.161449909210205,7.652267932891846,7.224252700805664,-0.18260622024536133,5.824865818023682,6.4449262619018555,6.42656135559082,0.29166531562805176,6.783199787139893,6.73064661026001,6.791954040527344,0.03503084182739258,6.008670330047607,6.544638633728027,6.471168041229248,0.19451355934143066
folk_09::time_stretch::-20pct,folk_09,folk,time_stretch,-20.0,percent_tempo,7.161449909210205,7.406682968139648,7.099363327026367,-0.18470311164855957,5.824865818023682,6.138031482696533,6.121980667114258,0.1405320167541504,6.783199787139893,6.568317413330078,6.67457389831543,-0.001184701919555664,6.008670330047607,6.510880947113037,6.3271989822387695,0.06742334365844727
folk_09::time_stretch::-10pct,folk_09,folk,time_stretch,-10.0,percent_tempo,7.161449909210205,7.300877571105957,7.052966594696045,-0.17819714546203613,5.824865818023682,5.448740482330322,5.889594554901123,0.2527914047241211,6.783199787139893,6.691077709197998,6.716929912567139,-0.02020883560180664,6.008670330047607,5.917608261108398,6.069501876831055,0.10636258125305176
folk_09::time_stretch::-5pct,folk_09,folk,time_stretch,-5.0,percent_tempo,7.161449909210205,7.518497467041016,7.111083030700684,-0.22889065742492676,5.824865818023682,6.0437798500061035,6.221855163574219,0.28753232955932617,6.783199787139893,6.574191570281982,6.688019275665283,0.009323596954345703,6.008670330047607,6.357903480529785,6.3069868087768555,0.12369990348815918
folk_09::time_stretch::+5pct,folk_09,folk,time_stretch,5.0,percent_tempo,7.161449909210205,7.551900863647461,7.185370445251465,-0.17130494117736816,5.824865818023682,6.159496307373047,6.252267360687256,0.2600862979888916,6.783199787139893,6.708206653594971,6.762947082519531,0.01724386215209961,6.008670330047607,6.333646297454834,6.271871566772461,0.10071325302124023
folk_09::time_stretch::+10pct,folk_09,folk,time_stretch,10.0,percent_tempo,7.161449909210205,7.493403434753418,7.15185022354126,-0.17557644844055176,5.824865818023682,6.446316719055176,6.430124282836914,0.29453301429748535,6.783199787139893,6.747159957885742,6.780821800231934,0.01564192771911621,6.008670330047607,6.377806186676025,6.313990116119385,0.12075185775756836
folk_09::time_stretch::+20pct,folk_09,folk,time_stretch,20.0,percent_tempo,7.161449909210205,7.357307434082031,7.082607746124268,-0.17677092552185059,5.824865818023682,6.875551700592041,6.522583484649658,0.17237472534179688,6.783199787139893,6.7347307205200195,6.7628173828125,0.0038521289825439453,6.008670330047607,6.883156776428223,6.503493309020996,0.057579755783081055
folk_09::lowpass::lp8000,folk_09,folk,lowpass,8000.0,hz_cutoff,7.161449909210205,7.046131610870361,6.906704425811768,-0.19708633422851562,5.824865818023682,5.811760425567627,6.071126461029053,0.25281333923339844,6.783199787139893,6.719686985015869,6.726999282836914,-0.024444103240966797,6.008670330047607,5.927248477935791,6.046099662780762,0.0781402587890625
folk_09::lowpass::lp4000,folk_09,folk,lowpass,4000.0,hz_cutoff,7.161449909210205,5.814760684967041,6.450686454772949,-0.03741884231567383,5.824865818023682,3.4960684776306152,5.163247585296631,0.5027804374694824,6.783199787139893,6.255549907684326,6.51069974899292,-0.008675098419189453,6.008670330047607,4.582350730895996,5.624655246734619,0.3291447162628174
folk_09::lowpass::lp2000,folk_09,folk,lowpass,2000.0,hz_cutoff,7.161449909210205,6.145364761352539,6.416205406188965,-0.23720192909240723,5.824865818023682,4.949862480163574,6.080304145812988,0.6929399967193604,6.783199787139893,6.11387300491333,6.427653789520264,-0.020882606506347656,6.008670330047607,4.983979225158691,5.920680999755859,0.42435622215270996
folk_09::distortion::drv4,folk_09,folk,distortion,4.0,tanh_drive,7.161449909210205,3.2297348976135254,4.950527667999268,-0.24506473541259766,5.824865818023682,2.342219591140747,4.485953330993652,0.402410626411438,6.783199787139893,6.53211784362793,6.681586265563965,0.02392745018005371,6.008670330047607,3.8308184146881104,5.04921293258667,0.12946856021881104
folk_09::distortion::drv12,folk_09,folk,distortion,12.0,tanh_drive,7.161449909210205,2.433861255645752,4.325370788574219,-0.47228479385375977,5.824865818023682,2.277611494064331,4.1116838455200195,0.060445189476013184,6.783199787139893,6.047958850860596,6.4936723709106445,0.07809305191040039,6.008670330047607,3.343316078186035,4.715226173400879,0.03923296928405762
folk_09::distortion::drv32,folk_09,folk,distortion,32.0,tanh_drive,7.161449909210205,2.505333662033081,4.2037553787231445,-0.6296364068984985,5.824865818023682,2.1860768795013428,3.786576271057129,-0.2188950777053833,6.783199787139893,5.443603515625,6.213094711303711,0.09969305992126465,6.008670330047607,3.650357961654663,4.7403950691223145,-0.0891190767288208
folk_09::style_swap::swap_cross,folk_09,folk,style_swap,nan,cross_genre,7.161449909210205,6.3681254386901855,6.667241096496582,-0.09754657745361328,5.824865818023682,6.4170122146606445,6.414003849029541,0.29306483268737793,6.783199787139893,7.018429756164551,6.955923080444336,0.05510830879211426,6.008670330047607,6.70081090927124,6.633951187133789,0.27921056747436523
folk_09::style_swap::swap_same,folk_09,folk,style_swap,nan,same_genre,7.161449909210205,7.8131561279296875,7.494718551635742,0.0074155330657958984,5.824865818023682,7.983390808105469,7.372783184051514,0.4686548709869385,6.783199787139893,6.120936393737793,6.6216206550598145,0.16955256462097168,6.008670330047607,8.49493408203125,7.725203037261963,0.4734008312225342
folk_10::control::ctrl,folk_10,folk,control,0.0,none,7.5240797996521,7.5240797996521,7.550085067749023,0.026005268096923828,7.194976329803467,7.194976329803467,7.387120246887207,0.19214391708374023,5.5312581062316895,5.5312581062316895,5.657041072845459,0.12578296661376953,7.397326946258545,7.397326946258545,7.763020992279053,0.3656940460205078
folk_10::pitch_shift::-4st,folk_10,folk,pitch_shift,-4.0,semitones,7.5240797996521,6.870761394500732,7.20241641998291,0.004995822906494141,7.194976329803467,6.68148946762085,7.019453525543213,0.08122062683105469,5.5312581062316895,6.059170246124268,6.0856614112854,0.2904472351074219,7.397326946258545,6.263479709625244,7.0569868087768555,0.22658348083496094
folk_10::pitch_shift::-2st,folk_10,folk,pitch_shift,-2.0,semitones,7.5240797996521,7.0607500076293945,7.246835708618164,-0.04557919502258301,7.194976329803467,6.760458946228027,7.078150272369385,0.1004326343536377,5.5312581062316895,5.627479553222656,5.681421279907227,0.10205245018005371,7.397326946258545,6.654026985168457,7.1907477378845215,0.1650707721710205
folk_10::pitch_shift::-1st,folk_10,folk,pitch_shift,-1.0,semitones,7.5240797996521,7.388929843902588,7.373250961303711,-0.08325386047363281,7.194976329803467,6.983253479003906,7.102603912353516,0.013489007949829102,5.5312581062316895,5.366429805755615,5.545468807220459,0.09662485122680664,7.397326946258545,6.667742729187012,7.172232627868652,0.13969779014587402
folk_10::pitch_shift::+1st,folk_10,folk,pitch_shift,1.0,semitones,7.5240797996521,7.185975074768066,7.345019817352295,-0.010007619857788086,7.194976329803467,7.086084365844727,7.203523635864258,0.06299328804016113,5.5312581062316895,5.65116024017334,5.7390055656433105,0.1477963924407959,7.397326946258545,6.556915760040283,7.223840236663818,0.2467188835144043
folk_10::pitch_shift::+2st,folk_10,folk,pitch_shift,2.0,semitones,7.5240797996521,6.975818157196045,7.236057758331299,-0.013891220092773438,7.194976329803467,6.71369743347168,6.978583335876465,0.0242464542388916,5.5312581062316895,6.159262180328369,6.009705543518066,0.1644454002380371,7.397326946258545,6.318824768066406,7.0440239906311035,0.18594813346862793
folk_10::pitch_shift::+4st,folk_10,folk,pitch_shift,4.0,semitones,7.5240797996521,6.378294944763184,7.1849260330200195,0.23373866081237793,7.194976329803467,5.852512836456299,6.578102111816406,0.05435752868652344,5.5312581062316895,6.454184532165527,6.2849812507629395,0.29225993156433105,7.397326946258545,5.3588337898254395,6.629105567932129,0.2510251998901367
folk_10::time_stretch::-20pct,folk_10,folk,time_stretch,-20.0,percent_tempo,7.5240797996521,7.137262344360352,7.3009419441223145,-0.029729127883911133,7.194976329803467,6.939121246337891,7.138244152069092,0.07119536399841309,5.5312581062316895,5.693090915679932,5.706397533416748,0.0942230224609375,7.397326946258545,6.771554470062256,7.249391078948975,0.16495037078857422
folk_10::time_stretch::-10pct,folk_10,folk,time_stretch,-10.0,percent_tempo,7.5240797996521,7.2432403564453125,7.359912872314453,-0.02374720573425293,7.194976329803467,7.072418212890625,7.22499418258667,0.09129691123962402,5.5312581062316895,5.192137718200684,5.579171657562256,0.21747374534606934,7.397326946258545,6.824254989624023,7.3570556640625,0.24626469612121582
folk_10::time_stretch::-5pct,folk_10,folk,time_stretch,-5.0,percent_tempo,7.5240797996521,7.506346702575684,7.472820281982422,-0.04239296913146973,7.194976329803467,7.33273983001709,7.324249744415283,0.06039166450500488,5.5312581062316895,5.616510391235352,5.721458911895752,0.14757466316223145,7.397326946258545,7.266257286071777,7.5431928634643555,0.21140074729919434
folk_10::time_stretch::+5pct,folk_10,folk,time_stretch,5.0,percent_tempo,7.5240797996521,7.367327690124512,7.414934158325195,-0.03076958656311035,7.194976329803467,7.015578746795654,7.176234245300293,0.07095670700073242,5.5312581062316895,5.449845314025879,5.60938835144043,0.11883664131164551,7.397326946258545,6.682676792144775,7.22137975692749,0.18137788772583008
folk_10::time_stretch::+10pct,folk_10,folk,time_stretch,10.0,percent_tempo,7.5240797996521,7.403033256530762,7.422145366668701,-0.04141116142272949,7.194976329803467,6.976792335510254,7.153791904449463,0.06790757179260254,5.5312581062316895,5.611147403717041,5.7134222984313965,0.14221954345703125,7.397326946258545,6.7538981437683105,7.2956743240356445,0.2200617790222168
folk_10::time_stretch::+20pct,folk_10,folk,time_stretch,20.0,percent_tempo,7.5240797996521,7.470688819885254,7.50203800201416,0.0046536922454833984,7.194976329803467,6.929765224456787,7.1814422607421875,0.11907148361206055,5.5312581062316895,5.610889911651611,5.763330459594727,0.19225645065307617,7.397326946258545,6.757359027862549,7.287508487701416,0.21016550064086914
folk_10::lowpass::lp8000,folk_10,folk,lowpass,8000.0,hz_cutoff,7.5240797996521,7.492982864379883,7.535063743591309,0.026532411575317383,7.194976329803467,7.208586692810059,7.372975826263428,0.17119431495666504,5.5312581062316895,5.586817741394043,5.666141510009766,0.10710358619689941,7.397326946258545,7.4966630935668945,7.80975866317749,0.3627636432647705
folk_10::lowpass::lp4000,folk_10,folk,lowpass,4000.0,hz_cutoff,7.5240797996521,7.0130462646484375,7.2782793045043945,0.009716272354125977,7.194976329803467,5.717983722686768,6.73422908782959,0.27774906158447266,5.5312581062316895,5.377493858337402,5.688571929931641,0.23419594764709473,7.397326946258545,4.68825626373291,6.645088195800781,0.6022965908050537
folk_10::lowpass::lp2000,folk_10,folk,lowpass,2000.0,hz_cutoff,7.5240797996521,5.737087249755859,6.840092658996582,0.20950913429260254,7.194976329803467,3.6269173622131348,5.9250874519348145,0.5141406059265137,5.5312581062316895,5.545163631439209,5.954824924468994,0.4166140556335449,7.397326946258545,3.790825366973877,6.397299289703369,0.8032231330871582
folk_10::distortion::drv4,folk_10,folk,distortion,4.0,tanh_drive,7.5240797996521,3.893348217010498,5.810144901275635,0.10143089294433594,7.194976329803467,4.281792640686035,6.0104217529296875,0.2720372676849365,5.5312581062316895,5.518540859222412,5.7089996337890625,0.18410015106201172,7.397326946258545,3.654283285140991,6.043510437011719,0.5177053213119507
folk_10::distortion::drv12,folk_10,folk,distortion,12.0,tanh_drive,7.5240797996521,1.2595396041870117,4.812664031982422,0.4208543300628662,7.194976329803467,2.364129066467285,4.944327354431152,0.16477465629577637,5.5312581062316895,6.120150566101074,6.190159797668457,0.3644554615020752,7.397326946258545,2.8284249305725098,5.131976127624512,0.019100189208984375
folk_10::distortion::drv32,folk_10,folk,distortion,32.0,tanh_drive,7.5240797996521,1.3407527208328247,4.572910308837891,0.14049404859542847,7.194976329803467,2.228804349899292,4.747691631317139,0.03580129146575928,5.5312581062316895,5.916896820068359,6.06494665145874,0.3408691883087158,7.397326946258545,2.711056709289551,4.871856212615967,-0.18233561515808105
folk_10::style_swap::swap_cross,folk_10,folk,style_swap,nan,cross_genre,7.5240797996521,5.162988185882568,6.602687835693359,0.2591538429260254,7.194976329803467,6.133819103240967,6.870995998382568,0.20659828186035156,5.5312581062316895,6.802084922790527,6.741159439086914,0.5744879245758057,7.397326946258545,6.053704738616943,7.1314496994018555,0.40593385696411133
folk_10::style_swap::swap_same,folk_10,folk,style_swap,nan,same_genre,7.5240797996521,4.665227890014648,6.330914497375488,0.23626065254211426,7.194976329803467,6.23430061340332,6.860214710235596,0.14557623863220215,5.5312581062316895,5.626646041870117,6.153363227844238,0.574411153793335,7.397326946258545,6.745593070983887,7.386051654815674,0.314591646194458
folk_11::control::ctrl,folk_11,folk,control,0.0,none,7.08875036239624,7.08875036239624,6.715120315551758,-0.3736300468444824,7.065371036529541,7.065371036529541,7.076192378997803,0.010821342468261719,5.985720157623291,5.985720157623291,5.994674205780029,0.008954048156738281,7.783807277679443,7.783807277679443,7.863798141479492,0.07999086380004883
folk_11::pitch_shift::-4st,folk_11,folk,pitch_shift,-4.0,semitones,7.08875036239624,5.951578140258789,6.244210243225098,-0.275954008102417,7.065371036529541,6.920300483703613,7.026792049407959,0.033956289291381836,5.985720157623291,6.130553245544434,6.112608432769775,0.054471731185913086,7.783807277679443,7.295567512512207,7.723329067230225,0.18364167213439941
folk_11::pitch_shift::-2st,folk_11,folk,pitch_shift,-2.0,semitones,7.08875036239624,6.562466144561768,6.523159027099609,-0.30244922637939453,7.065371036529541,6.751038551330566,6.903839111328125,-0.004365682601928711,5.985720157623291,5.9229655265808105,6.0248003005981445,0.07045745849609375,7.783807277679443,7.314168930053711,7.671530246734619,0.12254214286804199
folk_11::pitch_shift::-1st,folk_11,folk,pitch_shift,-1.0,semitones,7.08875036239624,7.004994869232178,6.723394393920898,-0.32347822189331055,7.065371036529541,7.113943576812744,7.084007740020752,-0.005649566650390625,5.985720157623291,6.045024871826172,6.047295093536377,0.03192257881164551,7.783807277679443,7.567368030548096,7.757113933563232,0.08152627944946289
folk_11::pitch_shift::+1st,folk_11,folk,pitch_shift,1.0,semitones,7.08875036239624,7.191339492797852,6.7873358726501465,-0.3527090549468994,7.065371036529541,7.156091213226318,7.122061252593994,0.011330127716064453,5.985720157623291,6.128266334533691,6.069950580596924,0.012957334518432617,7.783807277679443,7.810542106628418,7.896280288696289,0.0991055965423584
folk_11::pitch_shift::+2st,folk_11,folk,pitch_shift,2.0,semitones,7.08875036239624,6.886584281921387,6.750854015350342,-0.23681330680847168,7.065371036529541,6.890655040740967,7.047302722930908,0.0692896842956543,5.985720157623291,6.063551425933838,6.053452014923096,0.02881622314453125,7.783807277679443,7.561845779418945,7.829098224639893,0.15627169609069824
folk_11::pitch_shift::+4st,folk_11,folk,pitch_shift,4.0,semitones,7.08875036239624,6.114132881164551,6.4279632568359375,-0.173478364944458,7.065371036529541,6.549110412597656,6.811176776885986,0.003936052322387695,5.985720157623291,6.049200057983398,6.0555500984191895,0.03808999061584473,7.783807277679443,7.04320764541626,7.559863567352295,0.14635610580444336
folk_11::time_stretch::-20pct,folk_11,folk,time_stretch,-20.0,percent_tempo,7.08875036239624,6.934593677520752,6.701951503753662,-0.309720516204834,7.065371036529541,6.946662425994873,7.046938896179199,0.04092216491699219,5.985720157623291,6.043763160705566,6.0529680252075195,0.03822636604309082,7.783807277679443,7.668583869934082,7.858357906341553,0.13216233253479004
folk_11::time_stretch::-10pct,folk_11,folk,time_stretch,-10.0,percent_tempo,7.08875036239624,6.917812347412109,6.674756050109863,-0.3285253047943115,7.065371036529541,6.87392520904541,6.9182562828063965,-0.0513918399810791,5.985720157623291,6.067811965942383,6.0321784019470215,0.00541234016418457,7.783807277679443,7.614912509918213,7.765153408050537,0.06579351425170898
folk_11::time_stretch::-5pct,folk_11,folk,time_stretch,-5.0,percent_tempo,7.08875036239624,7.215649604797363,6.804770469665527,-0.3474295139312744,7.065371036529541,7.129732131958008,7.095436096191406,-0.002115488052368164,5.985720157623291,6.025862693786621,6.010965347290039,0.005173921585083008,7.783807277679443,7.713973522186279,7.8312578201293945,0.0823674201965332
folk_11::time_stretch::+5pct,folk_11,folk,time_stretch,5.0,percent_tempo,7.08875036239624,7.22014856338501,6.81657075881958,-0.3378787040710449,7.065371036529541,7.240901470184326,7.159671783447266,0.006535530090332031,5.985720157623291,6.0113959312438965,6.021848201751709,0.023290157318115234,7.783807277679443,7.8171539306640625,7.877348899841309,0.07686829566955566
folk_11::time_stretch::+10pct,folk_11,folk,time_stretch,10.0,percent_tempo,7.08875036239624,6.820160865783691,6.601232051849365,-0.3532235622406006,7.065371036529541,6.956211090087891,6.987094879150391,-0.023696184158325195,5.985720157623291,6.04755163192749,6.034112453460693,0.017476558685302734,7.783807277679443,7.592353820800781,7.770030975341797,0.08195042610168457
folk_11::time_stretch::+20pct,folk_11,folk,time_stretch,20.0,percent_tempo,7.08875036239624,7.251435279846191,6.842966556549072,-0.32712626457214355,7.065371036529541,7.342006683349609,7.240263938903809,0.0365750789642334,5.985720157623291,5.896787166595459,5.984405994415283,0.0431523323059082,7.783807277679443,7.936317443847656,7.973917484283447,0.11385512351989746
folk_11::lowpass::lp8000,folk_11,folk,lowpass,8000.0,hz_cutoff,7.08875036239624,7.1161603927612305,6.7301740646362305,-0.3722813129425049,7.065371036529541,7.101433753967285,7.098592758178711,0.015190362930297852,5.985720157623291,6.017237186431885,6.005090236663818,0.0036115646362304688,7.783807277679443,7.811453819274902,7.863897323608398,0.06626677513122559
folk_11::lowpass::lp4000,folk_11,folk,lowpass,4000.0,hz_cutoff,7.08875036239624,6.8937835693359375,6.757833480834961,-0.23343348503112793,7.065371036529541,6.631706237792969,6.867307186126709,0.0187685489654541,5.985720157623291,6.024747848510742,6.072637557983398,0.06740355491638184,7.783807277679443,6.855296611785889,7.4161295890808105,0.09657764434814453
folk_11::lowpass::lp2000,folk_11,folk,lowpass,2000.0,hz_cutoff,7.08875036239624,6.3179931640625,6.588651657104492,-0.11472010612487793,7.065371036529541,5.745365142822266,6.47520112991333,0.06983304023742676,5.985720157623291,5.7121992111206055,5.909536838531494,0.0605771541595459,7.783807277679443,5.740017890930176,6.900144100189209,0.13823151588439941
folk_11::distortion::drv4,folk_11,folk,distortion,4.0,tanh_drive,7.08875036239624,6.761574745178223,6.541224479675293,-0.3839380741119385,7.065371036529541,6.941237926483154,6.987909317016602,-0.015395164489746094,5.985720157623291,6.140348434448242,6.055100917816162,-0.007933378219604492,7.783807277679443,7.559702396392822,7.724256992340088,0.05250215530395508
folk_11::distortion::drv12,folk_11,folk,distortion,12.0,tanh_drive,7.08875036239624,3.505547046661377,5.139847278594971,-0.1573014259338379,7.065371036529541,4.186060428619385,5.634942531585693,0.009226799011230469,5.985720157623291,6.214012622833252,6.115425109863281,0.015558719635009766,7.783807277679443,4.803980350494385,6.477891445159912,0.18399763107299805
folk_11::distortion::drv32,folk_11,folk,distortion,32.0,tanh_drive,7.08875036239624,2.5681471824645996,4.749896049499512,-0.0785527229309082,7.065371036529541,2.7760837078094482,5.19050931930542,0.2697819471359253,5.985720157623291,5.819397449493408,5.9576616287231445,0.05510282516479492,7.783807277679443,3.5734806060791016,5.942882061004639,0.2642381191253662
folk_11::style_swap::swap_cross,folk_11,folk,style_swap,nan,cross_genre,7.08875036239624,8.378361701965332,7.622713088989258,-0.11084294319152832,7.065371036529541,8.224722862243652,7.692279815673828,0.047232866287231445,5.985720157623291,5.790716171264648,6.019746780395508,0.13152861595153809,7.783807277679443,8.40121078491211,8.277461051940918,0.1849520206451416
folk_11::style_swap::swap_same,folk_11,folk,style_swap,nan,same_genre,7.08875036239624,8.028294563293457,7.583345413208008,0.02482295036315918,7.065371036529541,7.968404293060303,7.5395402908325195,0.022652626037597656,5.985720157623291,5.50081205368042,5.789705753326416,0.04643964767456055,7.783807277679443,8.44491958618164,8.32952880859375,0.215165376663208
folk_12::control::ctrl,folk_12,folk,control,0.0,none,5.2336297035217285,5.2336297035217285,5.114476680755615,-0.11915302276611328,6.799222946166992,6.799222946166992,6.952430248260498,0.15320730209350586,2.353332757949829,2.353332757949829,2.336243152618408,-0.0170896053314209,6.787125587463379,6.787125587463379,6.946631908416748,0.15950632095336914
folk_12::pitch_shift::-4st,folk_12,folk,pitch_shift,-4.0,semitones,5.2336297035217285,5.398487567901611,5.327256679534912,0.011198043823242188,6.799222946166992,7.6362175941467285,7.361817836761475,0.14409756660461426,2.353332757949829,2.7566707134246826,2.51798152923584,-0.037020206451416016,6.787125587463379,7.245630741119385,7.266345024108887,0.24996685981750488
folk_12::pitch_shift::-2st,folk_12,folk,pitch_shift,-2.0,semitones,5.2336297035217285,5.587146759033203,5.262404918670654,-0.14798331260681152,6.799222946166992,7.49293327331543,7.278750896453857,0.13267278671264648,2.353332757949829,2.5864081382751465,2.37742018699646,-0.09245026111602783,6.787125587463379,7.15691614151001,7.143977642059326,0.17195677757263184
folk_12::pitch_shift::-1st,folk_12,folk,pitch_shift,-1.0,semitones,5.2336297035217285,5.4646806716918945,5.174903869628906,-0.17425131797790527,6.799222946166992,7.282601356506348,7.1442413330078125,0.10332918167114258,2.353332757949829,2.5262770652770996,2.326425790786743,-0.11337912082672119,6.787125587463379,7.029017925262451,7.046078681945801,0.13800692558288574
folk_12::pitch_shift::+1st,folk_12,folk,pitch_shift,1.0,semitones,5.2336297035217285,5.504674911499023,5.360356330871582,-0.008795976638793945,6.799222946166992,7.037477016448975,7.063348293304443,0.14499831199645996,2.353332757949829,2.3293089866638184,2.353729486465454,0.012408614158630371,6.787125587463379,7.099562644958496,7.068943500518799,0.12559938430786133
folk_12::pitch_shift::+2st,folk_12,folk,pitch_shift,2.0,semitones,5.2336297035217285,4.775378704071045,5.201478004455566,0.1969738006591797,6.799222946166992,6.788247585296631,6.94062614440918,0.14689087867736816,2.353332757949829,2.241680383682251,2.3684606552124023,0.0709540843963623,6.787125587463379,6.852112770080566,6.940003871917725,0.12038469314575195
folk_12::pitch_shift::+4st,folk_12,folk,pitch_shift,4.0,semitones,5.2336297035217285,5.200897216796875,5.324707984924316,0.10744452476501465,6.799222946166992,7.1204328536987305,7.106895446777344,0.14706754684448242,2.353332757949829,2.22592830657959,2.371537685394287,0.08190715312957764,6.787125587463379,6.905540943145752,6.9829535484313965,0.13662028312683105
folk_12::time_stretch::-20pct,folk_12,folk,time_stretch,-20.0,percent_tempo,5.2336297035217285,5.322728157043457,5.148001194000244,-0.13017773628234863,6.799222946166992,7.0650739669799805,6.820935249328613,-0.11121320724487305,2.353332757949829,2.5840702056884766,2.513096332550049,0.044394850730895996,6.787125587463379,7.129676342010498,6.905232906341553,-0.05316805839538574
folk_12::time_stretch::-10pct,folk_12,folk,time_stretch,-10.0,percent_tempo,5.2336297035217285,5.3130574226379395,5.064123153686523,-0.20922040939331055,6.799222946166992,6.719226360321045,6.7307634353637695,-0.028461217880249023,2.353332757949829,2.3777921199798584,2.428269386291504,0.06270694732666016,6.787125587463379,6.967169761657715,6.8377580642700195,-0.039389610290527344
folk_12::time_stretch::-5pct,folk_12,folk,time_stretch,-5.0,percent_tempo,5.2336297035217285,5.547513961791992,5.150464057922363,-0.24010777473449707,6.799222946166992,6.924172401428223,6.927069187164307,0.06537151336669922,2.353332757949829,2.3989086151123047,2.393305540084839,0.017184853553771973,6.787125587463379,7.002872943878174,6.920238971710205,0.02523970603942871
folk_12::time_stretch::+5pct,folk_12,folk,time_stretch,5.0,percent_tempo,5.2336297035217285,5.59674596786499,5.191582202911377,-0.22360563278198242,6.799222946166992,7.285360813140869,7.081512451171875,0.039220571517944336,2.353332757949829,2.2841336727142334,2.2975447177886963,-0.02118849754333496,6.787125587463379,7.304121971130371,7.114818572998047,0.06919479370117188
folk_12::time_stretch::+10pct,folk_12,folk,time_stretch,10.0,percent_tempo,5.2336297035217285,5.862648010253906,5.286884784698486,-0.26125407218933105,6.799222946166992,7.463852882385254,7.208967685699463,0.07742977142333984,2.353332757949829,2.2240495681762695,2.2990615367889404,0.010370373725891113,6.787125587463379,7.196629524230957,7.047158241271973,0.05528068542480469
folk_12::time_stretch::+20pct,folk_12,folk,time_stretch,20.0,percent_tempo,5.2336297035217285,5.6324462890625,5.155731678009033,-0.27730631828308105,6.799222946166992,7.381852149963379,7.094698429107666,0.004160881042480469,2.353332757949829,2.2297539710998535,2.2876923084259033,-0.0038510560989379883,6.787125587463379,7.117379665374756,6.925358295440674,-0.026894330978393555
folk_12::lowpass::lp8000,folk_12,folk,lowpass,8000.0,hz_cutoff,5.2336297035217285,5.174038887023926,5.062899112701416,-0.14093518257141113,6.799222946166992,6.693549633026123,6.853538990020752,0.10715270042419434,2.353332757949829,2.303773880004883,2.3075828552246094,-0.020970463752746582,6.787125587463379,6.724700450897217,6.901403903961182,0.1454908847808838
folk_12::lowpass::lp4000,folk_12,folk,lowpass,4000.0,hz_cutoff,5.2336297035217285,5.503857612609863,5.286032676696777,-0.08271098136901855,6.799222946166992,6.772882461547852,6.834874629974365,0.04882192611694336,2.353332757949829,2.231559991836548,2.3181118965148926,0.0256655216217041,6.787125587463379,6.735432147979736,6.884069919586182,0.12279105186462402
folk_12::lowpass::lp2000,folk_12,folk,lowpass,2000.0,hz_cutoff,5.2336297035217285,5.794667720794678,5.479011535644531,-0.035137176513671875,6.799222946166992,7.171934127807617,7.195082187652588,0.2095036506652832,2.353332757949829,2.411952018737793,2.3381760120391846,-0.044466376304626465,6.787125587463379,6.90603494644165,7.119055271148682,0.272475004196167
folk_12::distortion::drv4,folk_12,folk,distortion,4.0,tanh_drive,5.2336297035217285,5.334262371063232,5.161171913146973,-0.12277412414550781,6.799222946166992,6.785621166229248,6.947414875030518,0.15499281883239746,2.353332757949829,2.471510171890259,2.389155387878418,-0.023266077041625977,6.787125587463379,6.692793846130371,6.901904582977295,0.16194486618041992
folk_12::distortion::drv12,folk_12,folk,distortion,12.0,tanh_drive,5.2336297035217285,4.671043395996094,5.150483131408691,0.19814658164978027,6.799222946166992,5.911423683166504,6.624806880950928,0.2694835662841797,2.353332757949829,3.0530693531036377,2.6014797687530518,-0.10172128677368164,6.787125587463379,5.981505870819092,6.573519706726074,0.18920397758483887
folk_12::distortion::drv32,folk_12,folk,distortion,32.0,tanh_drive,5.2336297035217285,3.9057021141052246,4.808862686157227,0.23919677734375,6.799222946166992,5.218581676483154,6.5326995849609375,0.5237972736358643,2.353332757949829,3.514923334121704,2.8991668224334717,-0.03496122360229492,6.787125587463379,5.771084785461426,6.539885520935059,0.26078033447265625
folk_12::style_swap::swap_cross,folk_12,folk,style_swap,nan,cross_genre,5.2336297035217285,6.646536350250244,6.617769241333008,0.6776862144470215,6.799222946166992,8.045318603515625,7.603481292724609,0.18121051788330078,2.353332757949829,5.426213264465332,4.240939140319824,0.35116612911224365,6.787125587463379,7.808961868286133,7.624053955078125,0.32601022720336914
folk_12::style_swap::swap_same,folk_12,folk,style_swap,nan,same_genre,5.2336297035217285,8.031477928161621,7.144135475158691,0.5115816593170166,6.799222946166992,7.981385707855225,7.693531036376953,0.3032267093658447,2.353332757949829,5.548931121826172,3.84393310546875,-0.10719883441925049,6.787125587463379,8.47811222076416,7.903360366821289,0.27074146270751953
folk_13::control::ctrl,folk_13,folk,control,0.0,none,4.919336318969727,4.919336318969727,4.797733783721924,-0.12160253524780273,7.117340087890625,7.117340087890625,7.0386223793029785,-0.07871770858764648,3.7150111198425293,3.7150111198425293,3.4713666439056396,-0.24364447593688965,7.122291088104248,7.122291088104248,7.015594005584717,-0.10669708251953125
folk_13::pitch_shift::-4st,folk_13,folk,pitch_shift,-4.0,semitones,4.919336318969727,5.19810676574707,5.033589839935303,-0.025131702423095703,7.117340087890625,7.194958686828613,7.094381332397461,-0.0617680549621582,3.7150111198425293,4.4228410720825195,3.9921023845672607,-0.07682371139526367,7.122291088104248,7.185140609741211,7.10088586807251,-0.05282998085021973
folk_13::pitch_shift::-2st,folk_13,folk,pitch_shift,-2.0,semitones,4.919336318969727,5.179805755615234,4.861574649810791,-0.18799638748168945,7.117340087890625,7.108015537261963,6.978456497192383,-0.13422131538391113,3.7150111198425293,4.925782203674316,4.0840654373168945,-0.23633122444152832,7.122291088104248,7.053987979888916,6.94622802734375,-0.14191150665283203
folk_13::pitch_shift::-1st,folk_13,folk,pitch_shift,-1.0,semitones,4.919336318969727,5.353285789489746,4.889870643615723,-0.24644041061401367,7.117340087890625,7.345356464385986,7.137814998626709,-0.09353327751159668,3.7150111198425293,4.725666046142578,3.7881972789764404,-0.4321413040161133,7.122291088104248,7.342424392700195,7.126192569732666,-0.10616517066955566
folk_13::pitch_shift::+1st,folk_13,folk,pitch_shift,1.0,semitones,4.919336318969727,5.878529071807861,5.333812713623047,-0.06511998176574707,7.117340087890625,7.390927791595459,7.147228717803955,-0.10690522193908691,3.7150111198425293,4.753291130065918,4.06227445602417,-0.1718766689300537,7.122291088104248,7.298846244812012,7.08130407333374,-0.12926459312438965
folk_13::pitch_shift::+2st,folk_13,folk,pitch_shift,2.0,semitones,4.919336318969727,5.585637092590332,5.144313335418701,-0.10817337036132812,7.117340087890625,7.19957160949707,7.111514568328857,-0.046941280364990234,3.7150111198425293,4.662121772766113,3.953632354736328,-0.23493409156799316,7.122291088104248,6.983912467956543,6.9896368980407715,-0.06346487998962402
folk_13::pitch_shift::+4st,folk_13,folk,pitch_shift,4.0,semitones,4.919336318969727,5.58133602142334,5.166610240936279,-0.0837259292602539,7.117340087890625,7.261726379394531,7.113617897033691,-0.07591533660888672,3.7150111198425293,4.986108779907227,4.245993137359619,-0.10456681251525879,7.122291088104248,6.938405990600586,6.953405857086182,-0.07694268226623535
folk_13::time_stretch::-20pct,folk_13,folk,time_stretch,-20.0,percent_tempo,4.919336318969727,5.555665016174316,5.069151401519775,-0.1683492660522461,7.117340087890625,7.304692268371582,7.106673240661621,-0.10434293746948242,3.7150111198425293,4.935419082641602,3.934166431427002,-0.3910486698150635,7.122291088104248,7.391414165496826,7.124115467071533,-0.1327371597290039
folk_13::time_stretch::-10pct,folk_13,folk,time_stretch,-10.0,percent_tempo,4.919336318969727,6.26382303237915,5.385562896728516,-0.20601677894592285,7.117340087890625,7.5182576179504395,7.196547508239746,-0.12125134468078613,3.7150111198425293,5.515244483947754,4.304666519165039,-0.31046128273010254,7.122291088104248,7.431556701660156,7.118325710296631,-0.1585981845855713
folk_13::time_stretch::-5pct,folk_13,folk,time_stretch,-5.0,percent_tempo,4.919336318969727,5.623710632324219,5.05847692489624,-0.21304655075073242,7.117340087890625,7.358558177947998,7.110883712768555,-0.12706542015075684,3.7150111198425293,4.595582485198975,3.7848353385925293,-0.37046146392822266,7.122291088104248,7.357298851013184,7.07336950302124,-0.16642546653747559
folk_13::time_stretch::+5pct,folk_13,folk,time_stretch,5.0,percent_tempo,4.919336318969727,4.963799476623535,4.7233405113220215,-0.21822738647460938,7.117340087890625,7.244506359100342,7.076322555541992,-0.10460066795349121,3.7150111198425293,3.8100998401641846,3.4420342445373535,-0.3205212354660034,7.122291088104248,7.310448169708252,7.076416969299316,-0.1399526596069336
folk_13::time_stretch::+10pct,folk_13,folk,time_stretch,10.0,percent_tempo,4.919336318969727,5.268251895904541,4.867496013641357,-0.22629809379577637,7.117340087890625,7.282111644744873,7.06258487701416,-0.13714098930358887,3.7150111198425293,4.424086093902588,3.7668299674987793,-0.3027186393737793,7.122291088104248,7.161937713623047,6.967456340789795,-0.17465806007385254
folk_13::time_stretch::+20pct,folk_13,folk,time_stretch,20.0,percent_tempo,4.919336318969727,5.301153182983398,4.860132694244385,-0.25011205673217773,7.117340087890625,7.012970924377441,6.917733192443848,-0.14742231369018555,3.7150111198425293,5.2223711013793945,4.13107442855835,-0.3376166820526123,7.122291088104248,6.7577667236328125,6.789408206939697,-0.150620698928833
folk_13::lowpass::lp8000,folk_13,folk,lowpass,8000.0,hz_cutoff,4.919336318969727,4.9779372215271,4.814511775970459,-0.1341249942779541,7.117340087890625,7.075255870819092,7.029477119445801,-0.06682085990905762,3.7150111198425293,3.883985757827759,3.5891289710998535,-0.21036946773529053,7.122291088104248,7.117735862731934,7.031759262084961,-0.08825421333312988
folk_13::lowpass::lp4000,folk_13,folk,lowpass,4000.0,hz_cutoff,4.919336318969727,4.7221245765686035,4.939597129821777,0.1188666820526123,7.117340087890625,6.823089599609375,6.989247798919678,0.019032955169677734,3.7150111198425293,3.2556793689727783,3.4966249465942383,0.011279702186584473,7.122291088104248,6.392610549926758,6.8712544441223145,0.11380362510681152
folk_13::lowpass::lp2000,folk_13,folk,lowpass,2000.0,hz_cutoff,4.919336318969727,5.21632194519043,5.191722393035889,0.12389326095581055,7.117340087890625,6.756864547729492,6.924302577972412,-0.012799739837646484,3.7150111198425293,3.1144967079162598,3.4004905223846436,-0.014263391494750977,7.122291088104248,6.537017822265625,6.88782262802124,0.05816817283630371
folk_13::distortion::drv4,folk_13,folk,distortion,4.0,tanh_drive,4.919336318969727,3.5348801612854004,4.168907642364502,-0.05820059776306152,7.117340087890625,5.726772308349609,6.415914535522461,-0.00614166259765625,3.7150111198425293,3.2583258152008057,3.2180161476135254,-0.2686523199081421,7.122291088104248,5.3813958168029785,6.257007122039795,0.005163669586181641
folk_13::distortion::drv12,folk_13,folk,distortion,12.0,tanh_drive,4.919336318969727,1.9243274927139282,3.4239864349365234,0.002154529094696045,7.117340087890625,2.9220948219299316,5.115658283233643,0.09594082832336426,3.7150111198425293,2.8449783325195312,3.159972906112671,-0.12002182006835938,7.122291088104248,3.654757499694824,5.513535499572754,0.12501120567321777
folk_13::distortion::drv32,folk_13,folk,distortion,32.0,tanh_drive,4.919336318969727,1.5737758874893188,3.29682993888855,0.0502738356590271,7.117340087890625,2.4313511848449707,4.941145420074463,0.16679978370666504,3.7150111198425293,2.6913204193115234,3.048096179962158,-0.15506958961486816,7.122291088104248,3.4768948554992676,5.414131164550781,0.11453819274902344
folk_13::style_swap::swap_cross,folk_13,folk,style_swap,nan,cross_genre,4.919336318969727,4.411324501037598,4.941747188568115,0.2764167785644531,7.117340087890625,5.60976505279541,6.508189678192139,0.1446371078491211,3.7150111198425293,4.265438556671143,4.342216968536377,0.351992130279541,7.122291088104248,6.314405918121338,6.868020534515381,0.1496720314025879
folk_13::style_swap::swap_same,folk_13,folk,style_swap,nan,same_genre,4.919336318969727,5.1580400466918945,5.180222511291504,0.14153432846069336,7.117340087890625,6.613222122192383,6.882733345031738,0.017452239990234375,3.7150111198425293,2.3796849250793457,3.5192859172821045,0.471937894821167,7.122291088104248,6.669861793518066,7.224080562591553,0.3280041217803955
folk_14::control::ctrl,folk_14,folk,control,0.0,none,7.331906318664551,7.331906318664551,7.385171890258789,0.05326557159423828,7.338833332061768,7.338833332061768,7.332220077514648,-0.006613254547119141,3.933729887008667,3.933729887008667,4.036550045013428,0.10282015800476074,6.8337578773498535,6.8337578773498535,7.046635150909424,0.2128772735595703
folk_14::pitch_shift::-4st,folk_14,folk,pitch_shift,-4.0,semitones,7.331906318664551,7.296056270599365,7.396255970001221,0.0822746753692627,7.338833332061768,7.2180867195129395,7.2690839767456055,-0.009376049041748047,3.933729887008667,3.922377824783325,4.290273189544678,0.36221933364868164,6.8337578773498535,7.076487064361572,7.135021686553955,0.1798992156982422
folk_14::pitch_shift::-2st,folk_14,folk,pitch_shift,-2.0,semitones,7.331906318664551,7.457247734069824,7.438653945922852,0.04407691955566406,7.338833332061768,7.307896614074707,7.3517022132873535,0.02833724021911621,3.933729887008667,3.6387717723846436,3.80436372756958,0.018112897872924805,6.8337578773498535,7.2148118019104,7.196229934692383,0.17194509506225586
folk_14::pitch_shift::-1st,folk_14,folk,pitch_shift,-1.0,semitones,7.331906318664551,7.263465881347656,7.38004207611084,0.08235597610473633,7.338833332061768,7.283501148223877,7.302735805511475,-0.008431434631347656,3.933729887008667,3.6018669605255127,3.911642074584961,0.1438436508178711,6.8337578773498535,7.0087175369262695,7.1118483543396,0.19061064720153809
folk_14::pitch_shift::+1st,folk_14,folk,pitch_shift,1.0,semitones,7.331906318664551,7.449233055114746,7.41999626159668,0.02942657470703125,7.338833332061768,7.516108512878418,7.439085960388184,0.01161503791809082,3.933729887008667,3.734598398208618,3.8257758617401123,-0.008388280868530273,6.8337578773498535,7.096340656280518,7.113938808441162,0.14888954162597656
folk_14::pitch_shift::+2st,folk_14,folk,pitch_shift,2.0,semitones,7.331906318664551,7.348167419433594,7.416461944580078,0.07642507553100586,7.338833332061768,7.35049295425415,7.36614990234375,0.021486759185791016,3.933729887008667,4.015773773193359,3.8046584129333496,-0.17009341716766357,6.8337578773498535,6.931492805480957,7.075654983520508,0.19302964210510254
folk_14::pitch_shift::+4st,folk_14,folk,pitch_shift,4.0,semitones,7.331906318664551,7.416037082672119,7.446200370788574,0.07222867012023926,7.338833332061768,7.226902008056641,7.393978118896484,0.11111044883728027,3.933729887008667,4.778606414794922,4.305248737335205,-0.050919413566589355,6.8337578773498535,7.109308242797852,7.3198137283325195,0.348280668258667
folk_14::time_stretch::-20pct,folk_14,folk,time_stretch,-20.0,percent_tempo,7.331906318664551,7.1227216720581055,7.336637496948242,0.10932350158691406,7.338833332061768,6.880983829498291,7.128338813781738,0.018430233001708984,3.933729887008667,3.9272775650024414,4.054234981536865,0.12373125553131104,6.8337578773498535,6.783961772918701,7.045401096343994,0.2365412712097168
folk_14::time_stretch::-10pct,folk_14,folk,time_stretch,-10.0,percent_tempo,7.331906318664551,7.128796100616455,7.202728271484375,-0.02762293815612793,7.338833332061768,6.94119930267334,7.085794925689697,-0.054221391677856445,3.933729887008667,3.624138593673706,3.906141519546509,0.12720727920532227,6.8337578773498535,6.792346000671387,6.953155994415283,0.14010405540466309
folk_14::time_stretch::-5pct,folk_14,folk,time_stretch,-5.0,percent_tempo,7.331906318664551,7.346348285675049,7.327743053436279,-0.011384248733520508,7.338833332061768,7.249619960784912,7.250097751617432,-0.0441288948059082,3.933729887008667,3.7985782623291016,3.9663875102996826,0.10023343563079834,6.8337578773498535,7.1099162101745605,7.059336185455322,0.08749914169311523
folk_14::time_stretch::+5pct,folk_14,folk,time_stretch,5.0,percent_tempo,7.331906318664551,7.278499126434326,7.419643402099609,0.1144406795501709,7.338833332061768,7.345795154571533,7.3374834060668945,-0.004830837249755859,3.933729887008667,3.4741899967193604,3.7341089248657227,0.030148983001708984,6.8337578773498535,6.836869716644287,7.024085998535156,0.18877220153808594
folk_14::time_stretch::+10pct,folk_14,folk,time_stretch,10.0,percent_tempo,7.331906318664551,7.340060234069824,7.360597133636475,0.02461385726928711,7.338833332061768,7.117690563201904,7.1037187576293945,-0.1245431900024414,3.933729887008667,3.6601595878601074,3.83017635345459,0.03323161602020264,6.8337578773498535,6.680147647857666,6.869871616363525,0.11291885375976562
folk_14::time_stretch::+20pct,folk_14,folk,time_stretch,20.0,percent_tempo,7.331906318664551,7.321303367614746,7.405215263366699,0.07861042022705078,7.338833332061768,7.1246490478515625,7.1724700927734375,-0.05927109718322754,3.933729887008667,3.3580784797668457,3.7183518409729004,0.07244765758514404,6.8337578773498535,6.747555732727051,6.929647922515869,0.138991117477417
folk_14::lowpass::lp8000,folk_14,folk,lowpass,8000.0,hz_cutoff,7.331906318664551,7.332461833953857,7.404282093048096,0.0720980167388916,7.338833332061768,7.330560207366943,7.353735446929932,0.019038677215576172,3.933729887008667,3.9077541828155518,4.007975101470947,0.08723306655883789,6.8337578773498535,6.825113296508789,7.0359697341918945,0.20653414726257324
folk_14::lowpass::lp4000,folk_14,folk,lowpass,4000.0,hz_cutoff,7.331906318664551,7.3479838371276855,7.389943599700928,0.04999852180480957,7.338833332061768,7.3532633781433105,7.303490161895752,-0.04255819320678711,3.933729887008667,3.5834507942199707,3.8375489711761475,0.07895863056182861,6.8337578773498535,6.548687934875488,6.846027374267578,0.15480446815490723
folk_14::lowpass::lp2000,folk_14,folk,lowpass,2000.0,hz_cutoff,7.331906318664551,7.375410079956055,7.331583499908447,-0.02207469940185547,7.338833332061768,6.891540050506592,6.975568771362305,-0.139617919921875,3.933729887008667,3.914257049560547,3.8652288913726807,-0.05876457691192627,6.8337578773498535,6.305997848510742,6.822465896606445,0.25258803367614746
folk_14::distortion::drv4,folk_14,folk,distortion,4.0,tanh_drive,7.331906318664551,7.116410732269287,7.286206245422363,0.062047719955444336,7.338833332061768,6.833060264587402,7.1657023429870605,0.07975554466247559,3.933729887008667,3.909101724624634,4.035327434539795,0.11391162872314453,6.8337578773498535,6.257141590118408,6.791538715362549,0.24608898162841797
folk_14::distortion::drv12,folk_14,folk,distortion,12.0,tanh_drive,7.331906318664551,6.0945353507995605,6.616438865661621,-0.09678196907043457,7.338833332061768,4.99155330657959,6.319454193115234,0.15426087379455566,3.933729887008667,4.290826320648193,4.168082237243652,0.05580413341522217,6.8337578773498535,4.639991760253906,6.060369968414307,0.32349514961242676
folk_14::distortion::drv32,folk_14,folk,distortion,32.0,tanh_drive,7.331906318664551,3.1675515174865723,5.621227741241455,0.37149882316589355,7.338833332061768,3.6772823333740234,5.729640483856201,0.22158265113830566,3.933729887008667,4.68725061416626,4.521829128265381,0.21133887767791748,6.8337578773498535,3.71323561668396,5.486329078674316,0.21283233165740967
folk_14::style_swap::swap_cross,folk_14,folk,style_swap,nan,cross_genre,7.331906318664551,6.803640842437744,7.179861545562744,0.11208796501159668,7.338833332061768,6.827221870422363,7.341970443725586,0.2589428424835205,3.933729887008667,7.046241760253906,6.036007881164551,0.5460220575332642,6.8337578773498535,7.1208624839782715,7.579463481903076,0.6021533012390137
folk_14::style_swap::swap_same,folk_14,folk,style_swap,nan,same_genre,7.331906318664551,6.829587936401367,7.251293659210205,0.1705465316772461,7.338833332061768,5.667529106140137,6.750678062438965,0.2474968433380127,3.933729887008667,6.729641914367676,5.684815406799316,0.353129506111145,6.8337578773498535,5.805783271789551,6.897236347198486,0.5774657726287842
folk_15::control::ctrl,folk_15,folk,control,0.0,none,6.0341925621032715,6.0341925621032715,5.4281086921691895,-0.606083869934082,6.031139373779297,6.031139373779297,6.0318708419799805,0.0007314682006835938,4.023717403411865,4.023717403411865,3.8052895069122314,-0.2184278964996338,5.940227031707764,5.940227031707764,5.976658821105957,0.03643178939819336
folk_15::pitch_shift::-4st,folk_15,folk,pitch_shift,-4.0,semitones,6.0341925621032715,3.8745152950286865,4.895251750946045,-0.05910217761993408,6.031139373779297,4.792480945587158,5.488459587097168,0.07664942741394043,4.023717403411865,4.14494514465332,4.234171390533447,0.1498401165008545,5.940227031707764,4.85079288482666,5.5900750160217285,0.1945650577545166
folk_15::pitch_shift::-2st,folk_15,folk,pitch_shift,-2.0,semitones,6.0341925621032715,5.608590126037598,5.619161605834961,-0.20222973823547363,6.031139373779297,5.6378960609436035,5.95115327835083,0.11663556098937988,4.023717403411865,4.134375095367432,3.9554004669189453,-0.12364578247070312,5.940227031707764,5.153548240661621,5.759652137756348,0.21276450157165527
folk_15::pitch_shift::-1st,folk_15,folk,pitch_shift,-1.0,semitones,6.0341925621032715,5.02174711227417,5.3986592292785645,-0.12931060791015625,6.031139373779297,5.381044864654541,5.806903839111328,0.10081171989440918,4.023717403411865,4.4465742111206055,4.068021297454834,-0.16712450981140137,5.940227031707764,4.9638261795043945,5.713616371154785,0.26158976554870605
folk_15::pitch_shift::+1st,folk_15,folk,pitch_shift,1.0,semitones,6.0341925621032715,5.8230061531066895,5.53109073638916,-0.3975086212158203,6.031139373779297,5.490327835083008,5.808080673217773,0.047347068786621094,4.023717403411865,4.521826267242432,4.09505033493042,-0.17772150039672852,5.940227031707764,5.2577385902404785,5.735428810119629,0.1364459991455078
folk_15::pitch_shift::+2st,folk_15,folk,pitch_shift,2.0,semitones,6.0341925621032715,7.168188095092773,6.1154632568359375,-0.48572707176208496,6.031139373779297,6.225459575653076,6.105335712432861,-0.022963762283325195,4.023717403411865,4.9200849533081055,4.345186710357666,-0.12671446800231934,5.940227031707764,6.151909828186035,6.153489112854004,0.10742068290710449
folk_15::pitch_shift::+4st,folk_15,folk,pitch_shift,4.0,semitones,6.0341925621032715,5.510953426361084,5.245381832122803,-0.527191162109375,6.031139373779297,4.958303928375244,5.136275768280029,-0.3584458827972412,4.023717403411865,4.942486763000488,4.49180793762207,0.008705854415893555,5.940227031707764,5.297889232635498,5.552266597747803,-0.06679153442382812
folk_15::time_stretch::-20pct,folk_15,folk,time_stretch,-20.0,percent_tempo,6.0341925621032715,4.897401332855225,4.8846917152404785,-0.5811052322387695,6.031139373779297,5.894139289855957,5.876657485961914,-0.08598184585571289,4.023717403411865,4.287522792816162,4.057152271270752,-0.09846782684326172,5.940227031707764,5.6286091804504395,5.7462544441223145,-0.03816366195678711
folk_15::time_stretch::-10pct,folk_15,folk,time_stretch,-10.0,percent_tempo,6.0341925621032715,5.998237609863281,5.398277759552002,-0.6179373264312744,6.031139373779297,6.172287940979004,6.071817398071289,-0.029896259307861328,4.023717403411865,4.224693775177002,3.9081225395202637,-0.21608304977416992,5.940227031707764,6.040658473968506,5.999755859375,0.009313106536865234
folk_15::time_stretch::-5pct,folk_15,folk,time_stretch,-5.0,percent_tempo,6.0341925621032715,5.20595121383667,4.95058012008667,-0.6694917678833008,6.031139373779297,5.464629650115967,5.645811080932617,-0.10207343101501465,4.023717403411865,4.109312057495117,3.904261589050293,-0.16225314140319824,5.940227031707764,5.373020172119141,5.548417568206787,-0.10820603370666504
folk_15::time_stretch::+5pct,folk_15,folk,time_stretch,5.0,percent_tempo,6.0341925621032715,5.556318283081055,5.435970306396484,-0.3592851161956787,6.031139373779297,5.6403326988220215,5.7867536544799805,-0.04898238182067871,4.023717403411865,4.262791633605957,4.0001959800720215,-0.14305853843688965,5.940227031707764,5.419726371765137,5.736446380615234,0.05646967887878418
folk_15::time_stretch::+10pct,folk_15,folk,time_stretch,10.0,percent_tempo,6.0341925621032715,5.653811454772949,5.331172466278076,-0.5128295421600342,6.031139373779297,5.346269130706787,5.667583465576172,-0.021120786666870117,4.023717403411865,4.077297687530518,3.8273305892944336,-0.2231769561767578,5.940227031707764,5.4154510498046875,5.713799476623535,0.03596043586730957
folk_15::time_stretch::+20pct,folk_15,folk,time_stretch,20.0,percent_tempo,6.0341925621032715,5.960730075836182,5.86007022857666,-0.1373910903930664,6.031139373779297,5.616747856140137,5.866751670837402,0.04280805587768555,4.023717403411865,4.207138538360596,3.993528127670288,-0.12189984321594238,5.940227031707764,5.193597793579102,5.674719333648682,0.10780692100524902
folk_15::lowpass::lp8000,folk_15,folk,lowpass,8000.0,hz_cutoff,6.0341925621032715,5.958706855773926,5.429599761962891,-0.566849946975708,6.031139373779297,6.013299942016602,6.025964736938477,0.0037450790405273438,4.023717403411865,3.999478578567505,3.7983381748199463,-0.21325981616973877,5.940227031707764,5.8699469566345215,5.9215989112854,0.016511917114257812
folk_15::lowpass::lp4000,folk_15,folk,lowpass,4000.0,hz_cutoff,6.0341925621032715,4.728715896606445,4.97398567199707,-0.4074685573577881,6.031139373779297,4.794551372528076,5.228630542755127,-0.18421483039855957,4.023717403411865,3.2367687225341797,3.722691059112549,0.09244799613952637,5.940227031707764,4.585827350616455,5.204431056976318,-0.058596134185791016
folk_15::lowpass::lp2000,folk_15,folk,lowpass,2000.0,hz_cutoff,6.0341925621032715,4.018918991088867,5.316290855407715,0.2897350788116455,6.031139373779297,3.6837503910064697,4.6930670738220215,-0.16437780857086182,4.023717403411865,4.04510498046875,4.319141387939453,0.2847301959991455,5.940227031707764,3.9812424182891846,4.95466947555542,-0.006065249443054199
folk_15::distortion::drv4,folk_15,folk,distortion,4.0,tanh_drive,6.0341925621032715,5.90388822555542,5.404642581939697,-0.5643978118896484,6.031139373779297,5.934659957885742,6.024735450744629,0.041835784912109375,4.023717403411865,4.184952735900879,3.8888638019561768,-0.2154712677001953,5.940227031707764,5.791943550109863,5.938439846038818,0.07235455513000488
folk_15::distortion::drv12,folk_15,folk,distortion,12.0,tanh_drive,6.0341925621032715,5.080556392669678,5.118773937225342,-0.4386005401611328,6.031139373779297,5.311869144439697,5.763742446899414,0.09223818778991699,4.023717403411865,4.676599025726318,4.275951862335205,-0.07420635223388672,5.940227031707764,4.907331466674805,5.550054550170898,0.12627530097961426
folk_15::distortion::drv32,folk_15,folk,distortion,32.0,tanh_drive,6.0341925621032715,2.3359932899475098,4.240958213806152,0.05586528778076172,6.031139373779297,2.913045644760132,4.893494606018066,0.42140209674835205,4.023717403411865,5.256703853607178,4.752944469451904,0.11273384094238281,5.940227031707764,3.9985451698303223,4.978771209716797,0.009385108947753906
folk_15::style_swap::swap_cross,folk_15,folk,style_swap,nan,cross_genre,6.0341925621032715,6.650063514709473,6.36147928237915,0.01935124397277832,6.031139373779297,8.051204681396484,6.974737167358398,-0.06643486022949219,4.023717403411865,5.431356430053711,4.820672988891602,0.09313607215881348,5.940227031707764,7.822144508361816,6.9315338134765625,0.05034804344177246
folk_15::style_swap::swap_same,folk_15,folk,style_swap,nan,same_genre,6.0341925621032715,5.263856410980225,4.545336723327637,-1.1036877632141113,6.031139373779297,6.856653690338135,6.115333080291748,-0.3285634517669678,4.023717403411865,2.343794107437134,3.204329013824463,0.02057325839996338,5.940227031707764,6.8294267654418945,6.337254524230957,-0.04757237434387207
jazz_01::control::ctrl,jazz_01,jazz,control,0.0,none,4.909702777862549,4.909702777862549,4.693012237548828,-0.2166905403137207,5.730882167816162,5.730882167816162,6.068396091461182,0.33751392364501953,6.4005560874938965,6.4005560874938965,6.475415229797363,0.0748591423034668,5.124384880065918,5.124384880065918,5.22476863861084,0.10038375854492188
jazz_01::pitch_shift::-4st,jazz_01,jazz,pitch_shift,-4.0,semitones,4.909702777862549,5.971292018890381,5.26761531829834,-0.172882080078125,5.730882167816162,6.57950496673584,6.3507513999938965,0.1955578327178955,6.4005560874938965,6.559218883514404,6.572164535522461,0.09227705001831055,5.124384880065918,6.024585247039795,5.654297351837158,0.07981228828430176
jazz_01::pitch_shift::-2st,jazz_01,jazz,pitch_shift,-2.0,semitones,4.909702777862549,5.786900520324707,5.134959697723389,-0.21334195137023926,5.730882167816162,6.094901084899902,6.094418525695801,0.18152689933776855,6.4005560874938965,6.45972204208374,6.505918979644775,0.07577991485595703,5.124384880065918,5.593143463134766,5.3903489112854,0.031584739685058594
jazz_01::pitch_shift::-1st,jazz_01,jazz,pitch_shift,-1.0,semitones,4.909702777862549,6.424718856811523,5.430902004241943,-0.23630881309509277,5.730882167816162,6.314995765686035,6.24735689163208,0.22441792488098145,6.4005560874938965,6.275793075561523,6.451943397521973,0.1137688159942627,5.124384880065918,5.855684280395508,5.534543037414551,0.04450845718383789
jazz_01::pitch_shift::+1st,jazz_01,jazz,pitch_shift,1.0,semitones,4.909702777862549,6.138784408569336,5.3973164558410645,-0.12692713737487793,5.730882167816162,6.211529731750488,6.264697551727295,0.2934916019439697,6.4005560874938965,6.322643280029297,6.486178874969482,0.12457919120788574,5.124384880065918,5.503985404968262,5.402287006378174,0.08810186386108398
jazz_01::pitch_shift::+2st,jazz_01,jazz,pitch_shift,2.0,semitones,4.909702777862549,6.3321943283081055,5.362260818481445,-0.25868773460388184,5.730882167816162,6.10242223739624,6.082763671875,0.16611146926879883,6.4005560874938965,6.147438049316406,6.399521350860596,0.12552428245544434,5.124384880065918,5.342878818511963,5.266334056854248,0.03270220756530762
jazz_01::pitch_shift::+4st,jazz_01,jazz,pitch_shift,4.0,semitones,4.909702777862549,6.430890083312988,5.574934959411621,-0.09536147117614746,5.730882167816162,6.5071306228637695,6.368142127990723,0.24913573265075684,6.4005560874938965,5.9848175048828125,6.330084800720215,0.13739800453186035,5.124384880065918,5.5596489906311035,5.47234582901001,0.13032889366149902
jazz_01::time_stretch::-20pct,jazz_01,jazz,time_stretch,-20.0,percent_tempo,4.909702777862549,6.01270055770874,5.025166988372803,-0.4360346794128418,5.730882167816162,5.487130165100098,5.704145431518555,0.0951392650604248,6.4005560874938965,6.162051677703857,6.439619541168213,0.15831565856933594,5.124384880065918,5.546686172485352,5.2383646965026855,-0.09717082977294922
jazz_01::time_stretch::-10pct,jazz_01,jazz,time_stretch,-10.0,percent_tempo,4.909702777862549,5.175561428070068,4.856478214263916,-0.18615388870239258,5.730882167816162,4.988466262817383,5.658344268798828,0.29867005348205566,6.4005560874938965,6.287614822387695,6.4446120262146,0.10052657127380371,5.124384880065918,5.151336669921875,5.224995136260986,0.08713436126708984
jazz_01::time_stretch::-5pct,jazz_01,jazz,time_stretch,-5.0,percent_tempo,4.909702777862549,6.326019287109375,5.460959434509277,-0.15690159797668457,5.730882167816162,6.1404032707214355,6.256180763244629,0.3205380439758301,6.4005560874938965,6.231480598449707,6.428046703338623,0.11202836036682129,5.124384880065918,5.4867167472839355,5.371774196624756,0.0662233829498291
jazz_01::time_stretch::+5pct,jazz_01,jazz,time_stretch,5.0,percent_tempo,4.909702777862549,6.213727951049805,5.3604631423950195,-0.20125222206115723,5.730882167816162,6.304637908935547,6.239411354064941,0.22165131568908691,6.4005560874938965,6.129804611206055,6.3787617683410645,0.11358141899108887,5.124384880065918,5.572564125061035,5.381468296051025,0.03299379348754883
jazz_01::time_stretch::+10pct,jazz_01,jazz,time_stretch,10.0,percent_tempo,4.909702777862549,6.1432414054870605,5.3505988121032715,-0.1758732795715332,5.730882167816162,6.3134307861328125,6.219651699066162,0.1974952220916748,6.4005560874938965,6.261777400970459,6.447569370269775,0.11640262603759766,5.124384880065918,5.704840183258057,5.477681636810303,0.06306910514831543
jazz_01::time_stretch::+20pct,jazz_01,jazz,time_stretch,20.0,percent_tempo,4.909702777862549,5.990414142608643,5.17048978805542,-0.2795686721801758,5.730882167816162,6.173079013824463,6.156064987182617,0.2040843963623047,6.4005560874938965,6.342124938964844,6.480841636657715,0.10950112342834473,5.124384880065918,5.477222919464111,5.366231918334961,0.06542801856994629
jazz_01::lowpass::lp8000,jazz_01,jazz,lowpass,8000.0,hz_cutoff,4.909702777862549,4.768862247467041,4.603983402252197,-0.23529911041259766,5.730882167816162,5.687206268310547,6.029633522033691,0.3205893039703369,6.4005560874938965,6.279230117797852,6.4216389656066895,0.08174586296081543,5.124384880065918,5.048355579376221,5.159315586090088,0.07294535636901855
jazz_01::lowpass::lp4000,jazz_01,jazz,lowpass,4000.0,hz_cutoff,4.909702777862549,3.408398389816284,4.072864055633545,-0.08618652820587158,5.730882167816162,3.137482166290283,4.955022811889648,0.5208406448364258,6.4005560874938965,6.099765300750732,6.288821220397949,0.038660526275634766,5.124384880065918,3.832432985305786,4.645078659057617,0.16666972637176514
jazz_01::lowpass::lp2000,jazz_01,jazz,lowpass,2000.0,hz_cutoff,4.909702777862549,3.002131938934326,3.8375704288482666,-0.1183469295501709,5.730882167816162,3.32702374458313,4.839241981506348,0.31028902530670166,6.4005560874938965,5.115424156188965,5.848878383636475,0.09088826179504395,5.124384880065918,4.01878547668457,4.761983394622803,0.1903982162475586
jazz_01::distortion::drv4,jazz_01,jazz,distortion,4.0,tanh_drive,4.909702777862549,3.5389254093170166,4.046749591827393,-0.17756450176239014,5.730882167816162,3.6497437953948975,5.151228427886963,0.4609154462814331,6.4005560874938965,6.213107109069824,6.371853828430176,0.06502223014831543,5.124384880065918,3.907482385635376,4.654659748077393,0.1387261152267456
jazz_01::distortion::drv12,jazz_01,jazz,distortion,12.0,tanh_drive,4.909702777862549,2.242509365081787,3.2391743659973145,-0.3369317054748535,5.730882167816162,2.2341411113739014,4.09095573425293,0.10844409465789795,6.4005560874938965,5.56044864654541,6.067409515380859,0.08690714836120605,5.124384880065918,3.2345046997070312,4.012502193450928,-0.16694259643554688
jazz_01::distortion::drv32,jazz_01,jazz,distortion,32.0,tanh_drive,4.909702777862549,1.9121246337890625,2.820274829864502,-0.5906388759613037,5.730882167816162,2.181515693664551,3.6811864376068115,-0.2750124931335449,6.4005560874938965,5.358414173126221,6.089973449707031,0.21048831939697266,5.124384880065918,3.1428747177124023,3.8340299129486084,-0.29959988594055176
jazz_01::style_swap::swap_cross,jazz_01,jazz,style_swap,nan,cross_genre,4.909702777862549,6.98485803604126,5.593581199645996,-0.3536992073059082,5.730882167816162,5.098493576049805,5.28687047958374,-0.12781739234924316,6.4005560874938965,6.584653377532959,6.793992519378662,0.3013877868652344,5.124384880065918,5.299943447113037,5.242876052856445,0.030711889266967773
jazz_01::style_swap::swap_same,jazz_01,jazz,style_swap,nan,same_genre,4.909702777862549,7.678642749786377,6.596924304962158,0.3027515411376953,5.730882167816162,8.235533714294434,7.706632614135742,0.7234246730804443,6.4005560874938965,5.930239677429199,6.284233570098877,0.1188356876373291,5.124384880065918,8.166279792785645,6.88764762878418,0.24231529235839844
jazz_02::control::ctrl,jazz_02,jazz,control,0.0,none,8.02826976776123,8.029196739196777,8.039249420166016,0.010516166687011719,8.214104652404785,8.214460372924805,8.275301933288574,0.0610194206237793,5.879972457885742,5.8797712326049805,5.8844194412231445,0.004547595977783203,7.941951751708984,7.945465564727783,8.072789192199707,0.12908053398132324
jazz_02::pitch_shift::-4st,jazz_02,jazz,pitch_shift,-4.0,semitones,8.02826976776123,8.007500648498535,8.029206275939941,0.011321067810058594,8.214104652404785,8.272284507751465,8.278090476989746,0.034895896911621094,5.879972457885742,5.895562171936035,5.968154430389404,0.08038711547851562,7.941951751708984,7.801077365875244,7.949538230895996,0.07802367210388184
jazz_02::pitch_shift::-2st,jazz_02,jazz,pitch_shift,-2.0,semitones,8.02826976776123,8.051284790039062,8.04255199432373,0.0027747154235839844,8.214104652404785,8.261006355285645,8.284199714660645,0.04664421081542969,5.879972457885742,5.906714916229248,5.948389530181885,0.05504584312438965,7.941951751708984,7.94738245010376,8.04931354522705,0.10464644432067871
jazz_02::pitch_shift::-1st,jazz_02,jazz,pitch_shift,-1.0,semitones,8.02826976776123,8.02667236328125,8.041924476623535,0.014453411102294922,8.214104652404785,8.199041366577148,8.271138191223145,0.06456518173217773,5.879972457885742,5.858087062835693,5.91431188583374,0.04528212547302246,7.941951751708984,7.964077949523926,8.086403846740723,0.13338899612426758
jazz_02::pitch_shift::+1st,jazz_02,jazz,pitch_shift,1.0,semitones,8.02826976776123,8.070574760437012,8.054341316223145,0.0049190521240234375,8.214104652404785,8.183359146118164,8.263296127319336,0.06456422805786133,5.879972457885742,5.892819881439209,5.9020843505859375,0.015688180923461914,7.941951751708984,8.050285339355469,8.091704368591309,0.09558582305908203
jazz_02::pitch_shift::+2st,jazz_02,jazz,pitch_shift,2.0,semitones,8.02826976776123,7.988532543182373,8.02155590057373,0.013154745101928711,8.214104652404785,8.095841407775879,8.220958709716797,0.06598567962646484,5.879972457885742,5.9716410636901855,5.9539289474487305,0.0281221866607666,7.941951751708984,7.885107517242432,8.018000602722168,0.10447096824645996
jazz_02::pitch_shift::+4st,jazz_02,jazz,pitch_shift,4.0,semitones,8.02826976776123,7.941549301147461,7.973599910736084,-0.011309623718261719,8.214104652404785,7.987130165100098,8.1424560546875,0.041838645935058594,5.879972457885742,5.954942226409912,5.964932918548584,0.047475576400756836,7.941951751708984,7.76460599899292,7.939971923828125,0.08669304847717285
jazz_02::time_stretch::-20pct,jazz_02,jazz,time_stretch,-20.0,percent_tempo,8.02826976776123,7.957261085510254,8.034954071044922,0.04218864440917969,8.214104652404785,8.105775833129883,8.254698753356934,0.09475851058959961,5.879972457885742,5.965021133422852,5.974088191986084,0.05159139633178711,7.941951751708984,7.622115135192871,7.979818344116211,0.1977849006652832
jazz_02::time_stretch::-10pct,jazz_02,jazz,time_stretch,-10.0,percent_tempo,8.02826976776123,7.994799613952637,8.038127899169922,0.02659320831298828,8.214104652404785,8.160306930541992,8.271685600280762,0.08447980880737305,5.879972457885742,5.991023540496826,5.979262351989746,0.043764352798461914,7.941951751708984,7.885904312133789,8.080436706542969,0.16650867462158203
jazz_02::time_stretch::-5pct,jazz_02,jazz,time_stretch,-5.0,percent_tempo,8.02826976776123,8.013588905334473,8.051568984985352,0.0306396484375,8.214104652404785,8.206212043762207,8.289932250976562,0.0797739028930664,5.879972457885742,5.854916572570801,5.880239009857178,0.01279449462890625,7.941951751708984,8.029860496520996,8.121268272399902,0.1353621482849121
jazz_02::time_stretch::+5pct,jazz_02,jazz,time_stretch,5.0,percent_tempo,8.02826976776123,8.023252487182617,8.045143127441406,0.019381999969482422,8.214104652404785,8.244281768798828,8.290952682495117,0.06175947189331055,5.879972457885742,5.96422004699707,5.915359020233154,-0.006737232208251953,7.941951751708984,7.981780052185059,8.093488693237305,0.1316227912902832
jazz_02::time_stretch::+10pct,jazz_02,jazz,time_stretch,10.0,percent_tempo,8.02826976776123,7.995942115783691,8.015938758850098,0.0038328170776367188,8.214104652404785,8.220847129821777,8.270984649658203,0.053508758544921875,5.879972457885742,5.858004570007324,5.884171009063721,0.0151824951171875,7.941951751708984,7.984749794006348,8.078994750976562,0.11564397811889648
jazz_02::time_stretch::+20pct,jazz_02,jazz,time_stretch,20.0,percent_tempo,8.02826976776123,8.035223960876465,8.047430038452148,0.01568317413330078,8.214104652404785,8.239728927612305,8.275489807128906,0.04857301712036133,5.879972457885742,6.00860071182251,5.982986927032471,0.03870034217834473,7.941951751708984,7.99445915222168,8.07558822631836,0.10738277435302734
jazz_02::lowpass::lp8000,jazz_02,jazz,lowpass,8000.0,hz_cutoff,8.02826976776123,8.035640716552734,8.039199829101562,0.007244586944580078,8.214104652404785,8.201010704040527,8.270466804504395,0.06290912628173828,5.879972457885742,5.850926399230957,5.88238525390625,0.01693582534790039,7.941951751708984,7.936841011047363,8.067632675170898,0.1282362937927246
jazz_02::lowpass::lp4000,jazz_02,jazz,lowpass,4000.0,hz_cutoff,8.02826976776123,7.648645401000977,7.847561359405518,0.009103775024414062,8.214104652404785,7.801819801330566,8.095535278320312,0.08757305145263672,5.879972457885742,5.601162910461426,5.7398295402526855,-0.0007381439208984375,7.941951751708984,6.363337993621826,7.463587284088135,0.3109424114227295
jazz_02::lowpass::lp2000,jazz_02,jazz,lowpass,2000.0,hz_cutoff,8.02826976776123,7.162107944488525,7.643957138061523,0.04876828193664551,8.214104652404785,7.404820442199707,7.926982402801514,0.11751985549926758,5.879972457885742,5.240149021148682,5.563896656036377,0.003835916519165039,7.941951751708984,6.248037338256836,7.545370578765869,0.450376033782959
jazz_02::distortion::drv4,jazz_02,jazz,distortion,4.0,tanh_drive,8.02826976776123,7.070923805236816,7.673120975494385,0.12352418899536133,8.214104652404785,6.987550735473633,7.759841442108154,0.1590137481689453,5.879972457885742,5.967042922973633,6.023116111755371,0.0996084213256836,7.941951751708984,4.495122909545898,6.672430038452148,0.45389270782470703
jazz_02::distortion::drv12,jazz_02,jazz,distortion,12.0,tanh_drive,8.02826976776123,3.4448907375335693,6.228351593017578,0.4917713403701782,8.214104652404785,2.2759296894073486,5.727939605712891,0.48292243480682373,5.879972457885742,5.959171772003174,5.948230266571045,0.028658151626586914,7.941951751708984,3.026172399520874,5.932396411895752,0.44833433628082275
jazz_02::distortion::drv32,jazz_02,jazz,distortion,32.0,tanh_drive,8.02826976776123,2.4685652256011963,5.697854995727539,0.4494374990463257,8.214104652404785,2.1859021186828613,5.679884433746338,0.47988104820251465,5.879972457885742,5.224285125732422,5.761780738830566,0.20965194702148438,7.941951751708984,3.079127073287964,5.8804497718811035,0.3699103593826294
jazz_02::style_swap::swap_cross,jazz_02,jazz,style_swap,nan,cross_genre,8.02826976776123,7.145421504974365,7.614270210266113,0.02742457389831543,8.214104652404785,4.992232799530029,6.653676509857178,0.05050778388977051,5.879972457885742,6.544681549072266,6.614511013031006,0.40218400955200195,7.941951751708984,5.357972145080566,7.0055084228515625,0.3555464744567871
jazz_02::style_swap::swap_same,jazz_02,jazz,style_swap,nan,same_genre,8.02826976776123,7.670871734619141,7.86082649230957,0.011255741119384766,8.214104652404785,8.231008529663086,8.305416107177734,0.08285951614379883,5.879972457885742,5.931792736053467,5.9688568115234375,0.06297421455383301,7.941951751708984,8.160188674926758,8.162398338317871,0.111328125
jazz_03::control::ctrl,jazz_03,jazz,control,0.0,none,7.835745334625244,7.835745334625244,7.71919584274292,-0.11654949188232422,8.230874061584473,8.230874061584473,8.253881454467773,0.02300739288330078,5.974620342254639,5.974620342254639,5.942690849304199,-0.03192949295043945,8.005420684814453,8.005420684814453,8.00264835357666,-0.0027723312377929688
jazz_03::pitch_shift::-4st,jazz_03,jazz,pitch_shift,-4.0,semitones,7.835745334625244,7.873656272888184,7.784084320068359,-0.07061648368835449,8.230874061584473,8.192931175231934,8.229225158691406,0.017322540283203125,5.974620342254639,5.815951347351074,5.948097229003906,0.052811384201049805,8.005420684814453,7.46405553817749,7.785608291625977,0.05087018013000488
jazz_03::pitch_shift::-2st,jazz_03,jazz,pitch_shift,-2.0,semitones,7.835745334625244,7.936179161071777,7.82847785949707,-0.05748438835144043,8.230874061584473,8.227951049804688,8.252166748046875,0.022754192352294922,5.974620342254639,5.859977722167969,5.963484764099121,0.04618573188781738,8.005420684814453,7.585077285766602,7.8196821212768555,0.024433135986328125
jazz_03::pitch_shift::-1st,jazz_03,jazz,pitch_shift,-1.0,semitones,7.835745334625244,7.825979709625244,7.76502799987793,-0.06583452224731445,8.230874061584473,8.28093147277832,8.271309852600098,0.015407085418701172,5.974620342254639,5.887832164764404,5.938959121704102,0.007732868194580078,8.005420684814453,7.937662124633789,7.9785051345825195,0.0069637298583984375
jazz_03::pitch_shift::+1st,jazz_03,jazz,pitch_shift,1.0,semitones,7.835745334625244,7.9429931640625,7.8055925369262695,-0.08377671241760254,8.230874061584473,8.318284034729004,8.308082580566406,0.03350353240966797,5.974620342254639,5.802276611328125,5.859442710876465,-0.029005765914916992,8.005420684814453,7.870285987854004,7.938386917114258,0.0005335807800292969
jazz_03::pitch_shift::+2st,jazz_03,jazz,pitch_shift,2.0,semitones,7.835745334625244,8.006162643432617,7.8488874435424805,-0.0720665454864502,8.230874061584473,8.273354530334473,8.283900260925293,0.03178596496582031,5.974620342254639,5.717024803161621,5.8730926513671875,0.027270078659057617,8.005420684814453,7.809134483337402,7.944565773010254,0.03728818893432617
jazz_03::pitch_shift::+4st,jazz_03,jazz,pitch_shift,4.0,semitones,7.835745334625244,7.901406288146973,7.83668851852417,-0.03188729286193848,8.230874061584473,8.255311965942383,8.27804946899414,0.03495645523071289,5.974620342254639,5.603625297546387,5.829714298248291,0.04059147834777832,8.005420684814453,7.813246250152588,7.962215423583984,0.05288195610046387
jazz_03::time_stretch::-20pct,jazz_03,jazz,time_stretch,-20.0,percent_tempo,7.835745334625244,7.833461284637451,7.751134872436523,-0.08346843719482422,8.230874061584473,8.204069137573242,8.257312774658203,0.0398411750793457,5.974620342254639,5.9520649909973145,5.963212013244629,-0.00013065338134765625,8.005420684814453,7.7153167724609375,7.900100231170654,0.039731502532958984
jazz_03::time_stretch::-10pct,jazz_03,jazz,time_stretch,-10.0,percent_tempo,7.835745334625244,7.836785316467285,7.707037925720215,-0.1292273998260498,8.230874061584473,8.296323776245117,8.284862518310547,0.021263599395751953,5.974620342254639,5.889799118041992,5.899906158447266,-0.032303571701049805,8.005420684814453,7.905365943908691,7.940852165222168,-0.014541149139404297
jazz_03::time_stretch::-5pct,jazz_03,jazz,time_stretch,-5.0,percent_tempo,7.835745334625244,7.774481296539307,7.7220330238342285,-0.08308029174804688,8.230874061584473,8.285992622375488,8.295443534851074,0.03701019287109375,5.974620342254639,5.898642063140869,5.894232273101807,-0.042398929595947266,8.005420684814453,7.984607696533203,7.975285053253174,-0.019729137420654297
jazz_03::time_stretch::+5pct,jazz_03,jazz,time_stretch,5.0,percent_tempo,7.835745334625244,7.774899482727051,7.707329750061035,-0.0979926586151123,8.230874061584473,8.311005592346191,8.29033088684082,0.01939105987548828,5.974620342254639,6.018290042877197,5.935609340667725,-0.06084585189819336,8.005420684814453,8.015583992004395,7.995838642120361,-0.0146636962890625
jazz_03::time_stretch::+10pct,jazz_03,jazz,time_stretch,10.0,percent_tempo,7.835745334625244,7.784554958343506,7.734689712524414,-0.07546043395996094,8.230874061584473,8.356379508972168,8.309289932250977,0.01566314697265625,5.974620342254639,5.953076362609863,5.92816686630249,-0.03568148612976074,8.005420684814453,7.991861820220947,7.986215591430664,-0.012425661087036133
jazz_03::time_stretch::+20pct,jazz_03,jazz,time_stretch,20.0,percent_tempo,7.835745334625244,7.501401424407959,7.554199695587158,-0.11437368392944336,8.230874061584473,8.295482635498047,8.286920547485352,0.023742198944091797,5.974620342254639,5.707834243774414,5.844600200653076,0.0033729076385498047,8.005420684814453,7.838812828063965,7.960707664489746,0.03859090805053711
jazz_03::lowpass::lp8000,jazz_03,jazz,lowpass,8000.0,hz_cutoff,7.835745334625244,7.791154861450195,7.712535858154297,-0.10091423988342285,8.230874061584473,8.204645156860352,8.244115829467773,0.026356220245361328,5.974620342254639,5.936532974243164,5.9118428230285645,-0.043733835220336914,8.005420684814453,7.960053443908691,7.977586269378662,-0.005150794982910156
jazz_03::lowpass::lp4000,jazz_03,jazz,lowpass,4000.0,hz_cutoff,7.835745334625244,7.745720863342285,7.709282875061035,-0.08145022392272949,8.230874061584473,8.08858871459961,8.187313079833984,0.02758169174194336,5.974620342254639,5.684399127960205,5.886320114135742,0.05681037902832031,8.005420684814453,7.432891845703125,7.639126300811768,-0.08002996444702148
jazz_03::lowpass::lp2000,jazz_03,jazz,lowpass,2000.0,hz_cutoff,7.835745334625244,6.860958099365234,7.275057792663574,-0.07329392433166504,8.230874061584473,6.795451641082764,7.531961917877197,0.0187990665435791,5.974620342254639,4.555656433105469,5.415875434875488,0.15073704719543457,8.005420684814453,5.152774810791016,6.881851673126221,0.30275392532348633
jazz_03::distortion::drv4,jazz_03,jazz,distortion,4.0,tanh_drive,7.835745334625244,7.13524055480957,7.436787128448486,-0.0487058162689209,8.230874061584473,7.894991397857666,8.092364311218262,0.029431581497192383,5.974620342254639,5.871088981628418,5.922083854675293,-0.0007708072662353516,8.005420684814453,7.13680362701416,7.56131649017334,-0.009795665740966797
jazz_03::distortion::drv12,jazz_03,jazz,distortion,12.0,tanh_drive,7.835745334625244,4.984312534332275,6.484157562255859,0.07412862777709961,8.230874061584473,6.216127395629883,7.180949687957764,-0.04255104064941406,5.974620342254639,5.64011287689209,5.8593220710754395,0.051955461502075195,8.005420684814453,4.258635997772217,6.408301830291748,0.2762734889984131
jazz_03::distortion::drv32,jazz_03,jazz,distortion,32.0,tanh_drive,7.835745334625244,3.099040985107422,5.82878303527832,0.3613898754119873,8.230874061584473,3.0745627880096436,5.928285598754883,0.2755671739578247,5.974620342254639,5.729916572570801,5.91493034362793,0.06266188621520996,8.005420684814453,3.353276014328003,6.113956451416016,0.4346081018447876
jazz_03::style_swap::swap_cross,jazz_03,jazz,style_swap,nan,cross_genre,7.835745334625244,7.1988983154296875,7.267383575439453,-0.2499382495880127,8.230874061584473,6.286439418792725,7.12266206741333,-0.13599467277526855,5.974620342254639,6.111502170562744,6.529828071594238,0.4867668151855469,8.005420684814453,7.114748477935791,7.573183536529541,0.013098955154418945
jazz_03::style_swap::swap_same,jazz_03,jazz,style_swap,nan,same_genre,7.835745334625244,3.5254383087158203,5.713462829589844,0.03287100791931152,8.230874061584473,5.61722469329834,7.186446189880371,0.26239681243896484,5.974620342254639,2.1626760959625244,4.427143096923828,0.3584948778152466,8.005420684814453,6.56779146194458,7.50001335144043,0.21340727806091309
jazz_04::control::ctrl,jazz_04,jazz,control,0.0,none,7.700067043304443,7.700067043304443,7.608299255371094,-0.09176778793334961,8.238761901855469,8.238761901855469,8.264005661010742,0.025243759155273438,5.141268730163574,5.141268730163574,5.047055244445801,-0.09421348571777344,8.415655136108398,8.415655136108398,8.440213203430176,0.024558067321777344
jazz_04::pitch_shift::-4st,jazz_04,jazz,pitch_shift,-4.0,semitones,7.700067043304443,7.6690874099731445,7.684416770935059,-0.00016045570373535156,8.238761901855469,8.222501754760742,8.269942283630371,0.039310455322265625,5.141268730163574,5.132596969604492,5.115184307098389,-0.02174854278564453,8.415655136108398,8.275236129760742,8.388715744018555,0.043270111083984375
jazz_04::pitch_shift::-2st,jazz_04,jazz,pitch_shift,-2.0,semitones,7.700067043304443,7.722552299499512,7.675658702850342,-0.03565096855163574,8.238761901855469,8.226490020751953,8.275562286376953,0.04293632507324219,5.141268730163574,5.186956405639648,5.075429439544678,-0.0886831283569336,8.415655136108398,8.328697204589844,8.410265922546387,0.038089752197265625
jazz_04::pitch_shift::-1st,jazz_04,jazz,pitch_shift,-1.0,semitones,7.700067043304443,7.886475086212158,7.724358558654785,-0.06891250610351562,8.238761901855469,8.263288497924805,8.275153160095215,0.024127960205078125,5.141268730163574,5.203466892242432,5.071533203125,-0.10083460807800293,8.415655136108398,8.414003372192383,8.438133239746094,0.023303985595703125
jazz_04::pitch_shift::+1st,jazz_04,jazz,pitch_shift,1.0,semitones,7.700067043304443,7.585044860839844,7.588803768157959,-0.05375218391418457,8.238761901855469,8.282100677490234,8.28957462310791,0.029143333435058594,5.141268730163574,5.076303005218506,5.017287254333496,-0.09149861335754395,8.415655136108398,8.400384902954102,8.445183753967285,0.037163734436035156
jazz_04::pitch_shift::+2st,jazz_04,jazz,pitch_shift,2.0,semitones,7.700067043304443,7.621908187866211,7.623536586761475,-0.03745102882385254,8.238761901855469,8.257019996643066,8.281012535095215,0.033121585845947266,5.141268730163574,5.154103755950928,5.051553249359131,-0.09613299369812012,8.415655136108398,8.317501068115234,8.409096717834473,0.04251861572265625
jazz_04::pitch_shift::+4st,jazz_04,jazz,pitch_shift,4.0,semitones,7.700067043304443,7.561657905578613,7.57769775390625,-0.05316472053527832,8.238761901855469,8.18034839630127,8.238338470458984,0.028783321380615234,5.141268730163574,5.248809814453125,5.121434211730957,-0.07360506057739258,8.415655136108398,8.268953323364258,8.383705139160156,0.041400909423828125
jazz_04::time_stretch::-20pct,jazz_04,jazz,time_stretch,-20.0,percent_tempo,7.700067043304443,7.718294620513916,7.6200995445251465,-0.0890812873840332,8.238761901855469,8.138166427612305,8.213016510009766,0.024552345275878906,5.141268730163574,5.199983596801758,5.084784507751465,-0.08584165573120117,8.415655136108398,8.324049949645996,8.403985023498535,0.03413248062133789
jazz_04::time_stretch::-10pct,jazz_04,jazz,time_stretch,-10.0,percent_tempo,7.700067043304443,7.811107158660889,7.663205623626709,-0.09238147735595703,8.238761901855469,8.234333992004395,8.248759269714355,0.012211322784423828,5.141268730163574,5.193512439727783,5.0601654052734375,-0.10722517967224121,8.415655136108398,8.378011703491211,8.413396835327148,0.01656341552734375
jazz_04::time_stretch::-5pct,jazz_04,jazz,time_stretch,-5.0,percent_tempo,7.700067043304443,7.770115852355957,7.676572799682617,-0.05851864814758301,8.238761901855469,8.25753402709961,8.271941184997559,0.02379322052001953,5.141268730163574,5.087060451507568,5.028049468994141,-0.08611512184143066,8.415655136108398,8.412153244018555,8.43882942199707,0.02492523193359375
jazz_04::time_stretch::+5pct,jazz_04,jazz,time_stretch,5.0,percent_tempo,7.700067043304443,7.711223125457764,7.646778106689453,-0.05886697769165039,8.238761901855469,8.265737533569336,8.273679733276367,0.021430015563964844,5.141268730163574,5.1703948974609375,5.07715368270874,-0.07867813110351562,8.415655136108398,8.4410982131958,8.449268341064453,0.020891666412353516
jazz_04::time_stretch::+10pct,jazz_04,jazz,time_stretch,10.0,percent_tempo,7.700067043304443,7.808018684387207,7.681596755981445,-0.07244610786437988,8.238761901855469,8.300191879272461,8.289301872253418,0.019824981689453125,5.141268730163574,5.221240043640137,5.09849739074707,-0.08275699615478516,8.415655136108398,8.46015453338623,8.458922386169434,0.02101755142211914
jazz_04::time_stretch::+20pct,jazz_04,jazz,time_stretch,20.0,percent_tempo,7.700067043304443,7.505425930023193,7.565798282623291,-0.036948204040527344,8.238761901855469,8.26508903503418,8.281923294067383,0.029997825622558594,5.141268730163574,5.138394355773926,5.061257362365723,-0.07857418060302734,8.415655136108398,8.400565147399902,8.43734359741211,0.029233455657958984
jazz_04::lowpass::lp8000,jazz_04,jazz,lowpass,8000.0,hz_cutoff,7.700067043304443,7.7210540771484375,7.616677761077881,-0.09388279914855957,8.238761901855469,8.234395980834961,8.25501823425293,0.018439292907714844,5.141268730163574,5.1098151206970215,5.028744697570801,-0.09679722785949707,8.415655136108398,8.404891967773438,8.428927421569824,0.01865386962890625
jazz_04::lowpass::lp4000,jazz_04,jazz,lowpass,4000.0,hz_cutoff,7.700067043304443,7.58467960357666,7.559055328369141,-0.08331799507141113,8.238761901855469,8.042200088500977,8.178991317749023,0.03851032257080078,5.141268730163574,4.854049205780029,4.907754898071289,-0.0899040699005127,8.415655136108398,8.167801856994629,8.341659545898438,0.04993104934692383
jazz_04::lowpass::lp2000,jazz_04,jazz,lowpass,2000.0,hz_cutoff,7.700067043304443,6.816961765289307,7.226958274841309,-0.031556129455566406,8.238761901855469,7.658155918121338,7.986730575561523,0.03827166557312012,5.141268730163574,4.700100898742676,4.871000289916992,-0.04968452453613281,8.415655136108398,7.257917404174805,7.92141056060791,0.0846242904663086
jazz_04::distortion::drv4,jazz_04,jazz,distortion,4.0,tanh_drive,7.700067043304443,7.531909465789795,7.528724670410156,-0.08726358413696289,8.238761901855469,8.093891143798828,8.186368942260742,0.02004241943359375,5.141268730163574,5.3174309730529785,5.159369468688965,-0.06998038291931152,8.415655136108398,8.24327564239502,8.3611421585083,0.0316767692565918
jazz_04::distortion::drv12,jazz_04,jazz,distortion,12.0,tanh_drive,7.700067043304443,6.18466329574585,6.895233631134033,-0.04713153839111328,8.238761901855469,7.471432685852051,7.894501686096191,0.03940439224243164,5.141268730163574,5.295997619628906,5.198843955993652,-0.01978921890258789,8.415655136108398,6.982775688171387,7.819498062133789,0.12028264999389648
jazz_04::distortion::drv32,jazz_04,jazz,distortion,32.0,tanh_drive,7.700067043304443,3.2251944541931152,5.496931076049805,0.03430032730102539,8.238761901855469,5.4471211433410645,7.1735520362854,0.3306105136871338,5.141268730163574,4.911102771759033,5.158721446990967,0.13253569602966309,8.415655136108398,5.08023738861084,7.0708160400390625,0.32286977767944336
jazz_04::style_swap::swap_cross,jazz_04,jazz,style_swap,nan,cross_genre,7.700067043304443,7.122936248779297,7.470828056335449,0.0593264102935791,8.238761901855469,7.631059169769287,7.980925559997559,0.046015024185180664,5.141268730163574,5.973036766052246,5.574895858764648,0.01774311065673828,8.415655136108398,7.303386688232422,7.9817118644714355,0.12219095230102539
jazz_04::style_swap::swap_same,jazz_04,jazz,style_swap,nan,same_genre,7.700067043304443,7.626253128051758,7.797359466552734,0.1341993808746338,8.238761901855469,8.157148361206055,8.245952606201172,0.047997474670410156,5.141268730163574,5.849030494689941,5.566737651824951,0.07158803939819336,8.415655136108398,7.954941272735596,8.280658721923828,0.09536051750183105
jazz_05::control::ctrl,jazz_05,jazz,control,0.0,none,3.5909101963043213,3.5909101963043213,3.7181873321533203,0.12727713584899902,5.666980743408203,5.666980743408203,5.837216377258301,0.17023563385009766,2.1202304363250732,2.1202304363250732,2.107081651687622,-0.013148784637451172,6.655479431152344,6.655479431152344,6.706091403961182,0.05061197280883789
jazz_05::pitch_shift::-4st,jazz_05,jazz,pitch_shift,-4.0,semitones,3.5909101963043213,3.254194736480713,3.5942142009735107,0.17166173458099365,5.666980743408203,5.191442489624023,5.561676025390625,0.13246440887451172,2.1202304363250732,2.327240228652954,2.2448489665985107,0.02111363410949707,6.655479431152344,5.6907958984375,6.272487640380859,0.0993499755859375
jazz_05::pitch_shift::-2st,jazz_05,jazz,pitch_shift,-2.0,semitones,3.5909101963043213,3.227336883544922,3.520624876022339,0.11150133609771729,5.666980743408203,5.292335033416748,5.610684394836426,0.1310265064239502,2.1202304363250732,2.1294190883636475,2.1208198070526123,-0.004004955291748047,6.655479431152344,5.886575698852539,6.3423871994018555,0.07135963439941406
jazz_05::pitch_shift::-1st,jazz_05,jazz,pitch_shift,-1.0,semitones,3.5909101963043213,3.440382957458496,3.593499183654785,0.07785260677337646,5.666980743408203,5.18508243560791,5.57637357711792,0.15034198760986328,2.1202304363250732,2.177234172821045,2.154021739959717,0.005289435386657715,6.655479431152344,5.931699275970459,6.340634346008301,0.047044992446899414
jazz_05::pitch_shift::+1st,jazz_05,jazz,pitch_shift,1.0,semitones,3.5909101963043213,3.2867166996002197,3.4613523483276367,0.02253890037536621,5.666980743408203,5.324063301086426,5.661508083343506,0.1659860610961914,2.1202304363250732,2.0574185848236084,2.066704750061035,-0.022119760513305664,6.655479431152344,6.263911247253418,6.531696319580078,0.07200098037719727
jazz_05::pitch_shift::+2st,jazz_05,jazz,pitch_shift,2.0,semitones,3.5909101963043213,3.167050838470459,3.427650213241577,0.04866969585418701,5.666980743408203,5.263846397399902,5.623713970184326,0.15830039978027344,2.1202304363250732,2.214966297149658,2.1409592628479004,-0.026639103889465332,6.655479431152344,5.939583778381348,6.395194053649902,0.09766244888305664
jazz_05::pitch_shift::+4st,jazz_05,jazz,pitch_shift,4.0,semitones,3.5909101963043213,3.2809736728668213,3.442707061767578,0.006765127182006836,5.666980743408203,5.369980812072754,5.645616054534912,0.1271352767944336,2.1202304363250732,2.231426477432251,2.1386120319366455,-0.0372164249420166,6.655479431152344,6.173733234405518,6.517169952392578,0.10256361961364746
jazz_05::time_stretch::-20pct,jazz_05,jazz,time_stretch,-20.0,percent_tempo,3.5909101963043213,3.514610767364502,3.7592129707336426,0.20645248889923096,5.666980743408203,5.382210731506348,5.684909820556641,0.16031408309936523,2.1202304363250732,2.1436305046081543,2.1189441680908203,-0.012986302375793457,6.655479431152344,6.022221565246582,6.446870803833008,0.10802030563354492
jazz_05::time_stretch::-10pct,jazz_05,jazz,time_stretch,-10.0,percent_tempo,3.5909101963043213,3.3607583045959473,3.5861873626708984,0.11035311222076416,5.666980743408203,5.302946090698242,5.633510589599609,0.14854717254638672,2.1202304363250732,2.0982470512390137,2.0987367630004883,-0.010501980781555176,6.655479431152344,6.013372421264648,6.4049506187438965,0.07052469253540039
jazz_05::time_stretch::-5pct,jazz_05,jazz,time_stretch,-5.0,percent_tempo,3.5909101963043213,3.1471943855285645,3.4626169204711914,0.09356462955474854,5.666980743408203,5.3187055587768555,5.656646251678467,0.1638031005859375,2.1202304363250732,2.1320643424987793,2.1336705684661865,0.007523179054260254,6.655479431152344,6.197090148925781,6.474088668823242,0.04780387878417969
jazz_05::time_stretch::+5pct,jazz_05,jazz,time_stretch,5.0,percent_tempo,3.5909101963043213,3.1116700172424316,3.462291955947876,0.11100184917449951,5.666980743408203,5.380317687988281,5.677326202392578,0.15367698669433594,2.1202304363250732,2.151066303253174,2.1234164237976074,-0.012231945991516113,6.655479431152344,6.086751937866211,6.4222493171691895,0.05113363265991211
jazz_05::time_stretch::+10pct,jazz_05,jazz,time_stretch,10.0,percent_tempo,3.5909101963043213,3.437864065170288,3.657278060913086,0.14289093017578125,5.666980743408203,5.24267053604126,5.644798755645752,0.1899731159210205,2.1202304363250732,2.100768566131592,2.109734296798706,-0.0007652044296264648,6.655479431152344,6.067827224731445,6.4513258934021,0.08967256546020508
jazz_05::time_stretch::+20pct,jazz_05,jazz,time_stretch,20.0,percent_tempo,3.5909101963043213,3.949301242828369,3.8370871543884277,0.06698143482208252,5.666980743408203,5.446390628814697,5.711754322052002,0.15506863594055176,2.1202304363250732,2.103912830352783,2.104820489883423,-0.007251143455505371,6.655479431152344,6.186117649078369,6.513510227203369,0.0927116870880127
jazz_05::lowpass::lp8000,jazz_05,jazz,lowpass,8000.0,hz_cutoff,3.5909101963043213,3.6098520755767822,3.7313930988311768,0.131011962890625,5.666980743408203,5.65040922164917,5.8275861740112305,0.16889119148254395,2.1202304363250732,2.1029884815216064,2.1005380153656006,-0.011071443557739258,6.655479431152344,6.611449241638184,6.6897430419921875,0.05627870559692383
jazz_05::lowpass::lp4000,jazz_05,jazz,lowpass,4000.0,hz_cutoff,3.5909101963043213,3.5992953777313232,3.741497278213501,0.1463944911956787,5.666980743408203,5.54060173034668,5.789130210876465,0.18533897399902344,2.1202304363250732,1.9314950704574585,2.0179853439331055,-0.0078774094581604,6.655479431152344,6.417068958282471,6.635469913482666,0.09919571876525879
jazz_05::lowpass::lp2000,jazz_05,jazz,lowpass,2000.0,hz_cutoff,3.5909101963043213,3.3896408081054688,3.7050559520721436,0.21478044986724854,5.666980743408203,5.0708465576171875,5.634878158569336,0.2659645080566406,2.1202304363250732,1.9560617208480835,2.0360467433929443,-0.002099335193634033,6.655479431152344,5.755684852600098,6.413704872131348,0.20812273025512695
jazz_05::distortion::drv4,jazz_05,jazz,distortion,4.0,tanh_drive,3.5909101963043213,3.204376697540283,3.5093958377838135,0.11175239086151123,5.666980743408203,5.4838128089904785,5.732715606689453,0.1573188304901123,2.1202304363250732,2.15751051902771,2.1383814811706543,-0.0004889965057373047,6.655479431152344,6.396422863006592,6.556002140045166,0.030050992965698242
jazz_05::distortion::drv12,jazz_05,jazz,distortion,12.0,tanh_drive,3.5909101963043213,2.7447590827941895,3.294020414352417,0.12618577480316162,5.666980743408203,5.363669395446777,5.642453193664551,0.12712812423706055,2.1202304363250732,2.2163233757019043,2.182828664779663,0.014551758766174316,6.655479431152344,6.243865966796875,6.423104286193848,-0.02656841278076172
jazz_05::distortion::drv32,jazz_05,jazz,distortion,32.0,tanh_drive,3.5909101963043213,2.536670207977295,3.1599202156066895,0.09613001346588135,5.666980743408203,5.344114303588867,5.583281517028809,0.07773399353027344,2.1202304363250732,2.413137912750244,2.2556827068328857,-0.01100146770477295,6.655479431152344,5.933703899383545,6.3020219802856445,0.007430315017700195
jazz_05::style_swap::swap_cross,jazz_05,jazz,style_swap,nan,cross_genre,3.5909101963043213,5.115096092224121,4.426136016845703,0.07313287258148193,5.666980743408203,6.080363750457764,6.141626358032227,0.26795411109924316,2.1202304363250732,6.755805015563965,4.414295673370361,-0.023722052574157715,6.655479431152344,5.844411373138428,6.2930779457092285,0.04313254356384277
jazz_05::style_swap::swap_same,jazz_05,jazz,style_swap,nan,same_genre,3.5909101963043213,7.997748374938965,5.952657699584961,0.15832841396331787,5.666980743408203,8.205432891845703,7.027707576751709,0.09150075912475586,2.1202304363250732,5.897807598114014,4.055398464202881,0.0463794469833374,6.655479431152344,8.086241722106934,7.428011894226074,0.05715131759643555
jazz_06::control::ctrl,jazz_06,jazz,control,0.0,none,7.38881778717041,7.38881778717041,7.307240962982178,-0.08157682418823242,8.06866455078125,8.06866455078125,8.192193031311035,0.12352848052978516,5.85869026184082,5.85869026184082,5.856894016265869,-0.0017962455749511719,8.27678108215332,8.27678108215332,8.32892894744873,0.052147865295410156
jazz_06::pitch_shift::-4st,jazz_06,jazz,pitch_shift,-4.0,semitones,7.38881778717041,7.589304447174072,7.457918643951416,-0.031142473220825195,8.06866455078125,8.357136726379395,8.340665817260742,0.12776517868041992,5.85869026184082,6.033979415893555,6.015748023986816,0.0694131851196289,8.27678108215332,8.257894515991211,8.339165687561035,0.07182788848876953
jazz_06::pitch_shift::-2st,jazz_06,jazz,pitch_shift,-2.0,semitones,7.38881778717041,7.485983371734619,7.397597789764404,-0.03980278968811035,8.06866455078125,8.334280967712402,8.300942420959473,0.09946966171264648,5.85869026184082,5.924401760101318,5.960048198699951,0.06850218772888184,8.27678108215332,8.3037109375,8.347794532775879,0.05754852294921875
jazz_06::pitch_shift::-1st,jazz_06,jazz,pitch_shift,-1.0,semitones,7.38881778717041,7.592287540435791,7.444703578948975,-0.04584908485412598,8.06866455078125,8.352060317993164,8.31368350982666,0.10332107543945312,5.85869026184082,5.996078968048096,5.967615604400635,0.04023098945617676,8.27678108215332,8.343777656555176,8.368480682373047,0.05820131301879883
jazz_06::pitch_shift::+1st,jazz_06,jazz,pitch_shift,1.0,semitones,7.38881778717041,7.469965934753418,7.384434700012207,-0.04495716094970703,8.06866455078125,8.215829849243164,8.254451751708984,0.11220455169677734,5.85869026184082,5.930507659912109,5.926793098449707,0.03219413757324219,8.27678108215332,8.329842567443848,8.366981506347656,0.06366968154907227
jazz_06::pitch_shift::+2st,jazz_06,jazz,pitch_shift,2.0,semitones,7.38881778717041,7.487543106079102,7.414959907531738,-0.023220539093017578,8.06866455078125,8.265562057495117,8.276793479919434,0.10968017578125,5.85869026184082,5.94630241394043,5.948826313018799,0.04632997512817383,8.27678108215332,8.376436233520508,8.4047269821167,0.07811832427978516
jazz_06::pitch_shift::+4st,jazz_06,jazz,pitch_shift,4.0,semitones,7.38881778717041,7.402429103851318,7.39067268371582,-0.004950761795043945,8.06866455078125,8.177210807800293,8.229381561279297,0.10644388198852539,5.85869026184082,5.862496376037598,5.925324440002441,0.06473112106323242,8.27678108215332,8.25360107421875,8.34812068939209,0.08292961120605469
jazz_06::time_stretch::-20pct,jazz_06,jazz,time_stretch,-20.0,percent_tempo,7.38881778717041,7.5582380294799805,7.40331506729126,-0.07021284103393555,8.06866455078125,8.269746780395508,8.270695686340332,0.10149002075195312,5.85869026184082,6.036004543304443,5.971851348876953,0.02450394630432129,8.27678108215332,8.260415077209473,8.327020645141602,0.05842256546020508
jazz_06::time_stretch::-10pct,jazz_06,jazz,time_stretch,-10.0,percent_tempo,7.38881778717041,7.435436248779297,7.334501266479492,-0.07762575149536133,8.06866455078125,8.257049560546875,8.262673377990723,0.09981632232666016,5.85869026184082,5.990018367767334,5.93060827255249,0.006253957748413086,8.27678108215332,8.345879554748535,8.360051155090332,0.0487208366394043
jazz_06::time_stretch::-5pct,jazz_06,jazz,time_stretch,-5.0,percent_tempo,7.38881778717041,7.549526214599609,7.386996269226074,-0.08217573165893555,8.06866455078125,8.296979904174805,8.271890640258789,0.08906841278076172,5.85869026184082,5.90581750869751,5.9109721183776855,0.028718233108520508,8.27678108215332,8.385364532470703,8.371024131774902,0.039951324462890625
jazz_06::time_stretch::+5pct,jazz_06,jazz,time_stretch,5.0,percent_tempo,7.38881778717041,7.413263320922852,7.3039703369140625,-0.09707021713256836,8.06866455078125,8.159457206726074,8.19006633758545,0.07600545883178711,5.85869026184082,5.922911643981934,5.915482521057129,0.024681568145751953,8.27678108215332,8.298742294311523,8.3259916305542,0.038229942321777344
jazz_06::time_stretch::+10pct,jazz_06,jazz,time_stretch,10.0,percent_tempo,7.38881778717041,7.469146728515625,7.348827838897705,-0.0801544189453125,8.06866455078125,8.208291053771973,8.226846694946289,0.08836889266967773,5.85869026184082,6.066259860992432,5.999714374542236,0.03723931312561035,8.27678108215332,8.306218147277832,8.341155052185059,0.04965543746948242
jazz_06::time_stretch::+20pct,jazz_06,jazz,time_stretch,20.0,percent_tempo,7.38881778717041,7.51859188079834,7.378238201141357,-0.07546663284301758,8.06866455078125,8.304628372192383,8.273545265197754,0.0868988037109375,5.85869026184082,6.0146484375,5.962815761566162,0.026146411895751953,8.27678108215332,8.395559310913086,8.372342109680176,0.036171913146972656
jazz_06::lowpass::lp8000,jazz_06,jazz,lowpass,8000.0,hz_cutoff,7.38881778717041,7.517099380493164,7.372650623321533,-0.0803079605102539,8.06866455078125,8.167951583862305,8.22871208190918,0.11040401458740234,5.85869026184082,5.871694564819336,5.875201225280762,0.010008811950683594,8.27678108215332,8.330411911010742,8.347862243652344,0.0442657470703125
jazz_06::lowpass::lp4000,jazz_06,jazz,lowpass,4000.0,hz_cutoff,7.38881778717041,7.289891242980957,7.30105447769165,-0.0383000373840332,8.06866455078125,7.823054313659668,8.043678283691406,0.09781885147094727,5.85869026184082,5.675589561462402,5.8293633460998535,0.06222343444824219,8.27678108215332,7.683375358581543,8.054289817810059,0.07421159744262695
jazz_06::lowpass::lp2000,jazz_06,jazz,lowpass,2000.0,hz_cutoff,7.38881778717041,6.905202865600586,7.148983001708984,0.001972675323486328,8.06866455078125,6.891326427459717,7.623778820037842,0.1437833309173584,5.85869026184082,5.017068386077881,5.49105978012085,0.05318045616149902,8.27678108215332,4.888742446899414,6.957878589630127,0.37511682510375977
jazz_06::distortion::drv4,jazz_06,jazz,distortion,4.0,tanh_drive,7.38881778717041,7.29977560043335,7.253730773925781,-0.09056591987609863,8.06866455078125,8.004109382629395,8.160247802734375,0.12386083602905273,5.85869026184082,5.903568267822266,5.880558967590332,-0.0005702972412109375,8.27678108215332,8.23591136932373,8.313156127929688,0.05680990219116211
jazz_06::distortion::drv12,jazz_06,jazz,distortion,12.0,tanh_drive,7.38881778717041,6.455901145935059,6.767034530639648,-0.15532493591308594,8.06866455078125,7.117586612701416,7.707746982574463,0.11462140083312988,5.85869026184082,6.189850330352783,6.078340530395508,0.054070234298706055,8.27678108215332,7.483396053314209,7.944519519805908,0.06443095207214355
jazz_06::distortion::drv32,jazz_06,jazz,distortion,32.0,tanh_drive,7.38881778717041,4.785250663757324,6.250491619110107,0.16345739364624023,8.06866455078125,5.659510612487793,7.219789505004883,0.35570192337036133,5.85869026184082,6.438227653503418,6.2597784996032715,0.11131954193115234,8.27678108215332,4.861615180969238,6.966382026672363,0.397183895111084
jazz_06::style_swap::swap_cross,jazz_06,jazz,style_swap,nan,cross_genre,7.38881778717041,6.935687065124512,7.089772701263428,-0.0724797248840332,8.06866455078125,7.743330478668213,8.004226684570312,0.09822916984558105,5.85869026184082,2.5506749153137207,4.496352195739746,0.2916696071624756,8.27678108215332,8.163933753967285,8.2561674118042,0.035809993743896484
jazz_06::style_swap::swap_same,jazz_06,jazz,style_swap,nan,same_genre,7.38881778717041,6.634322166442871,7.06752872467041,0.05595874786376953,8.06866455078125,6.905569553375244,7.677671432495117,0.19055438041687012,5.85869026184082,2.4573965072631836,4.493570327758789,0.3355269432067871,8.27678108215332,6.5282111167907715,7.6025824546813965,0.20008635520935059
jazz_07::control::ctrl,jazz_07,jazz,control,0.0,none,7.477705478668213,7.477705478668213,7.368050575256348,-0.10965490341186523,7.927923679351807,7.927923679351807,7.974324703216553,0.046401023864746094,5.959529399871826,5.959529399871826,5.969635486602783,0.010106086730957031,7.298290252685547,7.298290252685547,7.281214714050293,-0.017075538635253906
jazz_07::pitch_shift::-4st,jazz_07,jazz,pitch_shift,-4.0,semitones,7.477705478668213,6.348832130432129,6.871520519256592,-0.0417482852935791,7.927923679351807,7.602271556854248,7.845022201538086,0.0799245834350586,5.959529399871826,5.664111137390137,5.840904235839844,0.029083967208862305,7.298290252685547,5.956670761108398,6.678511619567871,0.05103111267089844
jazz_07::pitch_shift::-2st,jazz_07,jazz,pitch_shift,-2.0,semitones,7.477705478668213,7.222472190856934,7.249051094055176,-0.10103774070739746,7.927923679351807,7.853121280670166,7.924198150634766,0.0336756706237793,5.959529399871826,5.92364501953125,5.962011337280273,0.02042412757873535,7.298290252685547,6.523205757141113,6.905394077301025,-0.0053539276123046875
jazz_07::pitch_shift::-1st,jazz_07,jazz,pitch_shift,-1.0,semitones,7.477705478668213,7.56557559967041,7.416210174560547,-0.10543036460876465,7.927923679351807,8.004945755004883,7.9925031661987305,0.026068449020385742,5.959529399871826,5.958698749542236,6.003690242767334,0.044576168060302734,7.298290252685547,6.856626033782959,7.0466837882995605,-0.030774354934692383
jazz_07::pitch_shift::+1st,jazz_07,jazz,pitch_shift,1.0,semitones,7.477705478668213,7.72737979888916,7.532905101776123,-0.06963753700256348,7.927923679351807,8.148468971252441,8.08929443359375,0.05109810829162598,5.959529399871826,5.957312107086182,5.964449405670166,0.006028652191162109,7.298290252685547,7.586345195770264,7.457792282104492,0.015474557876586914
jazz_07::pitch_shift::+2st,jazz_07,jazz,pitch_shift,2.0,semitones,7.477705478668213,7.6616411209106445,7.5341033935546875,-0.03556990623474121,7.927923679351807,8.04301643371582,8.039073944091797,0.0536038875579834,5.959529399871826,5.9882402420043945,5.977595329284668,0.003710508346557617,7.298290252685547,7.341256141662598,7.342391014099121,0.022617816925048828
jazz_07::pitch_shift::+4st,jazz_07,jazz,pitch_shift,4.0,semitones,7.477705478668213,7.300838947296143,7.339991092681885,-0.04928112030029297,7.927923679351807,7.7950334548950195,7.955382823944092,0.09390425682067871,5.959529399871826,5.996556282043457,5.996000289916992,0.017957448959350586,7.298290252685547,6.604783535003662,7.154764175415039,0.20322728157043457
jazz_07::time_stretch::-20pct,jazz_07,jazz,time_stretch,-20.0,percent_tempo,7.477705478668213,7.155572891235352,7.162454128265381,-0.15418505668640137,7.927923679351807,7.744988918304443,7.828071594238281,-0.00838470458984375,5.959529399871826,6.161526203155518,6.07597017288208,0.015442371368408203,7.298290252685547,6.5084309577941895,6.815212249755859,-0.08814835548400879
jazz_07::time_stretch::-10pct,jazz_07,jazz,time_stretch,-10.0,percent_tempo,7.477705478668213,7.436583518981934,7.304943084716797,-0.15220141410827637,7.927923679351807,7.93349552154541,7.934845924377441,0.004136323928833008,5.959529399871826,6.023374557495117,5.968274116516113,-0.0231778621673584,7.298290252685547,6.98737096786499,7.047128677368164,-0.09570193290710449
jazz_07::time_stretch::-5pct,jazz_07,jazz,time_stretch,-5.0,percent_tempo,7.477705478668213,7.626214027404785,7.463555812835693,-0.08840394020080566,7.927923679351807,8.006292343139648,8.01916790008545,0.05205988883972168,5.959529399871826,5.972074031829834,5.976273059844971,0.010471343994140625,7.298290252685547,7.217437744140625,7.254776477813721,-0.0030875205993652344
jazz_07::time_stretch::+5pct,jazz_07,jazz,time_stretch,5.0,percent_tempo,7.477705478668213,7.411294460296631,7.3693623542785645,-0.07513761520385742,7.927923679351807,8.052964210510254,8.032232284545898,0.041788339614868164,5.959529399871826,5.950104713439941,5.983358860015869,0.02854180335998535,7.298290252685547,7.360007286071777,7.3327226638793945,0.003573894500732422
jazz_07::time_stretch::+10pct,jazz_07,jazz,time_stretch,10.0,percent_tempo,7.477705478668213,7.471343994140625,7.362307548522949,-0.11221718788146973,7.927923679351807,8.04362678527832,8.02077579498291,0.03500056266784668,5.959529399871826,5.888579368591309,5.950109481811523,0.026055097579956055,7.298290252685547,7.267318248748779,7.249365329742432,-0.033438920974731445
jazz_07::time_stretch::+20pct,jazz_07,jazz,time_stretch,20.0,percent_tempo,7.477705478668213,7.1870832443237305,7.246410846710205,-0.0859835147857666,7.927923679351807,7.8174591064453125,7.9120965003967285,0.039405107498168945,5.959529399871826,5.8187174797058105,5.924177646636963,0.03505420684814453,7.298290252685547,6.487664699554443,6.9079766273498535,0.014999151229858398
jazz_07::lowpass::lp8000,jazz_07,jazz,lowpass,8000.0,hz_cutoff,7.477705478668213,7.400668144226074,7.342172145843506,-0.0970146656036377,7.927923679351807,7.904460430145264,7.961141109466553,0.04494905471801758,5.959529399871826,5.94296407699585,5.968689918518066,0.017443180084228516,7.298290252685547,7.187162399291992,7.233747959136963,-0.00897836685180664
jazz_07::lowpass::lp4000,jazz_07,jazz,lowpass,4000.0,hz_cutoff,7.477705478668213,6.159014701843262,6.725283145904541,-0.09307694435119629,7.927923679351807,6.320150852203369,7.100780010223389,-0.02325725555419922,5.959529399871826,5.4841227531433105,5.779919147491455,0.05809307098388672,7.298290252685547,4.2748236656188965,6.072369575500488,0.2858126163482666
jazz_07::lowpass::lp2000,jazz_07,jazz,lowpass,2000.0,hz_cutoff,7.477705478668213,5.966400623321533,6.712138652801514,-0.009914398193359375,7.927923679351807,6.520785808563232,7.347652435302734,0.12329769134521484,5.959529399871826,4.963210105895996,5.476240158081055,0.014870405197143555,7.298290252685547,5.025147914886475,6.446244716644287,0.28452563285827637
jazz_07::distortion::drv4,jazz_07,jazz,distortion,4.0,tanh_drive,7.477705478668213,5.007740020751953,6.286520957946777,0.043798208236694336,7.927923679351807,6.267034530639648,7.216994285583496,0.11951518058776855,5.959529399871826,5.777658939361572,5.8899946212768555,0.02140045166015625,7.298290252685547,4.2705159187316895,5.966269493103027,0.18186640739440918
jazz_07::distortion::drv12,jazz_07,jazz,distortion,12.0,tanh_drive,7.477705478668213,2.017869472503662,4.611889839172363,-0.13589763641357422,7.927923679351807,2.29129695892334,5.441107273101807,0.3314969539642334,5.959529399871826,5.512979507446289,5.86295223236084,0.12669777870178223,7.298290252685547,3.177177667617798,5.016453742980957,-0.22128021717071533
jazz_07::distortion::drv32,jazz_07,jazz,distortion,32.0,tanh_drive,7.477705478668213,1.776670217514038,4.025695323944092,-0.6014925241470337,7.927923679351807,2.1745541095733643,5.071205139160156,0.0199662446975708,5.959529399871826,5.241888046264648,5.823780536651611,0.22307181358337402,7.298290252685547,3.1091389656066895,4.644449710845947,-0.5592648983001709
jazz_07::style_swap::swap_cross,jazz_07,jazz,style_swap,nan,cross_genre,7.477705478668213,5.1552252769470215,5.456191062927246,-0.8602743148803711,7.927923679351807,4.369393348693848,6.010410308837891,-0.13824820518493652,5.959529399871826,1.8641960620880127,4.707255840301514,0.7953931093215942,7.298290252685547,6.095929145812988,6.546571254730225,-0.15053844451904297
jazz_07::style_swap::swap_same,jazz_07,jazz,style_swap,nan,same_genre,7.477705478668213,7.835571765899658,7.428713321685791,-0.22792530059814453,7.927923679351807,8.230806350708008,8.039920806884766,-0.0394442081451416,5.959529399871826,5.9743452072143555,6.115272521972656,0.14833521842956543,7.298290252685547,8.005009651184082,7.722925186157227,0.07127523422241211
jazz_08::control::ctrl,jazz_08,jazz,control,0.0,none,7.777981758117676,7.777981758117676,7.762881755828857,-0.01510000228881836,8.310754776000977,8.310754776000977,8.353349685668945,0.04259490966796875,5.894926071166992,5.894926071166992,5.8278632164001465,-0.0670628547668457,8.27123737335205,8.27123737335205,8.287222862243652,0.015985488891601562
jazz_08::pitch_shift::-4st,jazz_08,jazz,pitch_shift,-4.0,semitones,7.777981758117676,7.786069869995117,7.79443883895874,0.01241302490234375,8.310754776000977,8.406299591064453,8.397261619567871,0.03873443603515625,5.894926071166992,5.8787841796875,5.9183244705200195,0.03146934509277344,8.27123737335205,8.20844554901123,8.268339157104492,0.028497695922851562
jazz_08::pitch_shift::-2st,jazz_08,jazz,pitch_shift,-2.0,semitones,7.777981758117676,7.824302673339844,7.809738636016846,0.008596420288085938,8.310754776000977,8.374971389770508,8.384481430053711,0.04161834716796875,5.894926071166992,5.805649280548096,5.827663421630859,-0.02262425422668457,8.27123737335205,8.203332901000977,8.259766578674316,0.022481441497802734
jazz_08::pitch_shift::-1st,jazz_08,jazz,pitch_shift,-1.0,semitones,7.777981758117676,7.782651901245117,7.784538269042969,0.004221439361572266,8.310754776000977,8.383036613464355,8.398248672485352,0.05135297775268555,5.894926071166992,5.862435817718506,5.839679718017578,-0.0390012264251709,8.27123737335205,8.26416015625,8.296502113342285,0.028803348541259766
jazz_08::pitch_shift::+1st,jazz_08,jazz,pitch_shift,1.0,semitones,7.777981758117676,7.815840721130371,7.796299457550049,-0.0006117820739746094,8.310754776000977,8.367340087890625,8.373141288757324,0.03409385681152344,5.894926071166992,5.904216289520264,5.864496231079102,-0.03507494926452637,8.27123737335205,8.314017295837402,8.323487281799316,0.030859947204589844
jazz_08::pitch_shift::+2st,jazz_08,jazz,pitch_shift,2.0,semitones,7.777981758117676,7.819741725921631,7.805477142333984,0.006615400314331055,8.310754776000977,8.385977745056152,8.382855415344238,0.03448915481567383,5.894926071166992,5.877968788146973,5.879084587097168,-0.007362842559814453,8.27123737335205,8.32072925567627,8.331441879272461,0.03545856475830078
jazz_08::pitch_shift::+4st,jazz_08,jazz,pitch_shift,4.0,semitones,7.777981758117676,7.8636698722839355,7.839336395263672,0.01851058006286621,8.310754776000977,8.365518569946289,8.365283012390137,0.027146339416503906,5.894926071166992,5.9058732986450195,5.921391487121582,0.020991802215576172,8.27123737335205,8.266203880310059,8.30079460144043,0.032073974609375
jazz_08::time_stretch::-20pct,jazz_08,jazz,time_stretch,-20.0,percent_tempo,7.777981758117676,7.777782440185547,7.7652716636657715,-0.012610435485839844,8.310754776000977,8.357013702392578,8.382057189941406,0.048172950744628906,5.894926071166992,5.902151584625244,5.8743767738342285,-0.02416205406188965,8.27123737335205,8.16872501373291,8.249588012695312,0.02960681915283203
jazz_08::time_stretch::-10pct,jazz_08,jazz,time_stretch,-10.0,percent_tempo,7.777981758117676,7.843446254730225,7.7995100021362305,-0.011204004287719727,8.310754776000977,8.453845977783203,8.42809772491455,0.04579734802246094,5.894926071166992,5.912537574768066,5.846823215484619,-0.056908607482910156,8.27123737335205,8.285633087158203,8.300637245178223,0.022202014923095703
jazz_08::time_stretch::-5pct,jazz_08,jazz,time_stretch,-5.0,percent_tempo,7.777981758117676,7.849149227142334,7.80957555770874,-0.0039899349212646484,8.310754776000977,8.44519329071045,8.421943664550781,0.04396963119506836,5.894926071166992,5.872864246368408,5.845996856689453,-0.03789830207824707,8.27123737335205,8.330100059509277,8.333109855651855,0.032441139221191406
jazz_08::time_stretch::+5pct,jazz_08,jazz,time_stretch,5.0,percent_tempo,7.777981758117676,7.824716567993164,7.8122406005859375,0.010891437530517578,8.310754776000977,8.407116889953613,8.400222778320312,0.04128694534301758,5.894926071166992,5.99019718170166,5.90632963180542,-0.03623199462890625,8.27123737335205,8.353609085083008,8.331482887268066,0.01905965805053711
jazz_08::time_stretch::+10pct,jazz_08,jazz,time_stretch,10.0,percent_tempo,7.777981758117676,7.8041791915893555,7.814552307128906,0.023471832275390625,8.310754776000977,8.37697982788086,8.403350830078125,0.05948352813720703,5.894926071166992,5.975683689117432,5.908836841583252,-0.02646803855895996,8.27123737335205,8.343867301940918,8.341540336608887,0.033987998962402344
jazz_08::time_stretch::+20pct,jazz_08,jazz,time_stretch,20.0,percent_tempo,7.777981758117676,7.774417877197266,7.783825397491455,0.007625579833984375,8.310754776000977,8.419401168823242,8.416386604309082,0.051308631896972656,5.894926071166992,5.923964500427246,5.8779988288879395,-0.03144645690917969,8.27123737335205,8.363103866577148,8.345707893371582,0.028537273406982422
jazz_08::lowpass::lp8000,jazz_08,jazz,lowpass,8000.0,hz_cutoff,7.777981758117676,7.783541679382324,7.764571666717529,-0.016190052032470703,8.310754776000977,8.321168899536133,8.357040405273438,0.04107856750488281,5.894926071166992,5.899584770202637,5.827220439910889,-0.07003498077392578,8.27123737335205,8.276223182678223,8.290584564208984,0.016854286193847656
jazz_08::lowpass::lp4000,jazz_08,jazz,lowpass,4000.0,hz_cutoff,7.777981758117676,7.4878740310668945,7.60667610168457,-0.026251792907714844,8.310754776000977,8.064153671264648,8.224929809570312,0.0374755859375,5.894926071166992,5.686595439910889,5.761925220489502,-0.028835535049438477,8.27123737335205,7.906284332275391,8.132536888122559,0.04377603530883789
jazz_08::lowpass::lp2000,jazz_08,jazz,lowpass,2000.0,hz_cutoff,7.777981758117676,6.780548095703125,7.34078311920166,0.061518192291259766,8.310754776000977,7.5229597091674805,8.026365280151367,0.10950803756713867,5.894926071166992,5.198974132537842,5.569491386413574,0.022541284561157227,8.27123737335205,6.919240474700928,7.721114158630371,0.12587523460388184
jazz_08::distortion::drv4,jazz_08,jazz,distortion,4.0,tanh_drive,7.777981758117676,7.73354959487915,7.746335983276367,-0.009429693222045898,8.310754776000977,8.262714385986328,8.333748817443848,0.04701423645019531,5.894926071166992,5.918440341949463,5.841306686401367,-0.06537652015686035,8.27123737335205,8.238712310791016,8.273741722106934,0.01876688003540039
jazz_08::distortion::drv12,jazz_08,jazz,distortion,12.0,tanh_drive,7.777981758117676,6.807091236114502,7.409329891204834,0.11679339408874512,8.310754776000977,7.75667667388916,8.125354766845703,0.09163904190063477,5.894926071166992,5.959751129150391,5.9508490562438965,0.023510456085205078,8.27123737335205,7.688073635101318,8.044784545898438,0.06512904167175293
jazz_08::distortion::drv32,jazz_08,jazz,distortion,32.0,tanh_drive,7.777981758117676,4.358263969421387,6.357934474945068,0.2898116111755371,8.310754776000977,5.277690410614014,7.129065990447998,0.33484339714050293,5.894926071166992,5.987766265869141,6.138325214385986,0.19697904586791992,8.27123737335205,4.68843412399292,6.815582752227783,0.33574700355529785
jazz_08::style_swap::swap_cross,jazz_08,jazz,style_swap,nan,cross_genre,7.777981758117676,5.403122901916504,6.845967769622803,0.2554154396057129,8.310754776000977,6.082017421722412,7.515206813812256,0.3188207149505615,5.894926071166992,5.255405426025391,5.72492790222168,0.14976215362548828,8.27123737335205,6.490714073181152,7.62174129486084,0.24076557159423828
jazz_08::style_swap::swap_same,jazz_08,jazz,style_swap,nan,same_genre,7.777981758117676,8.349504470825195,8.137721061706543,0.07397794723510742,8.310754776000977,8.2089262008667,8.369816780090332,0.10997629165649414,5.894926071166992,5.822383880615234,5.969377040863037,0.11072206497192383,8.27123737335205,8.402383804321289,8.415862083435059,0.07905149459838867
jazz_09::control::ctrl,jazz_09,jazz,control,0.0,none,4.6941680908203125,4.6941680908203125,4.612153053283691,-0.0820150375366211,5.188718795776367,5.188718795776367,5.642396926879883,0.4536781311035156,6.096839904785156,6.096839904785156,6.035618782043457,-0.06122112274169922,4.532301902770996,4.532301902770996,4.73286771774292,0.20056581497192383
jazz_09::pitch_shift::-4st,jazz_09,jazz,pitch_shift,-4.0,semitones,4.6941680908203125,5.099773406982422,4.925212860107422,0.028242111206054688,5.188718795776367,4.3793182373046875,5.302732944488525,0.518714427947998,6.096839904785156,6.205725193023682,6.199237823486328,0.04795527458190918,4.532301902770996,4.567427635192871,4.6726975440979,0.1228327751159668
jazz_09::pitch_shift::-2st,jazz_09,jazz,pitch_shift,-2.0,semitones,4.6941680908203125,5.3989715576171875,4.994436740875244,-0.05213308334350586,5.188718795776367,4.7791852951049805,5.3459792137146,0.3620271682739258,6.096839904785156,6.14685583114624,6.0987701416015625,-0.023077726364135742,4.532301902770996,4.354620933532715,4.627298355102539,0.1838369369506836
jazz_09::pitch_shift::-1st,jazz_09,jazz,pitch_shift,-1.0,semitones,4.6941680908203125,5.004150390625,4.806789875030518,-0.04236936569213867,5.188718795776367,4.141073703765869,5.242196083068848,0.5772998332977295,6.096839904785156,5.985025882720947,6.006400108337402,-0.034532785415649414,4.532301902770996,4.416721343994141,4.699853897094727,0.2253422737121582
jazz_09::pitch_shift::+1st,jazz_09,jazz,pitch_shift,1.0,semitones,4.6941680908203125,5.189676761627197,4.887012958526611,-0.054909467697143555,5.188718795776367,5.544554710388184,5.832951545715332,0.46631479263305664,6.096839904785156,6.093608856201172,6.070784091949463,-0.024440288543701172,4.532301902770996,4.452459335327148,4.652098178863525,0.15971755981445312
jazz_09::pitch_shift::+2st,jazz_09,jazz,pitch_shift,2.0,semitones,4.6941680908203125,5.2096710205078125,4.828975677490234,-0.12294387817382812,5.188718795776367,5.295912742614746,5.5564374923706055,0.31412172317504883,6.096839904785156,5.877346515655518,5.997750759124756,0.010657548904418945,4.532301902770996,4.313752174377441,4.546266555786133,0.12323951721191406
jazz_09::pitch_shift::+4st,jazz_09,jazz,pitch_shift,4.0,semitones,4.6941680908203125,5.098689556121826,4.848239898681641,-0.04818892478942871,5.188718795776367,5.241809368133545,5.764519214630127,0.5492551326751709,6.096839904785156,6.127151966094971,6.092045783996582,-0.019950151443481445,4.532301902770996,4.335962772369385,4.5980072021484375,0.16387486457824707
jazz_09::time_stretch::-20pct,jazz_09,jazz,time_stretch,-20.0,percent_tempo,4.6941680908203125,5.175628662109375,4.80068826675415,-0.13421010971069336,5.188718795776367,5.774480819702148,5.883378028869629,0.4017782211303711,6.096839904785156,6.074097633361816,6.058023929595947,-0.027444839477539062,4.532301902770996,4.603432655334473,4.7156195640563965,0.1477522850036621
jazz_09::time_stretch::-10pct,jazz_09,jazz,time_stretch,-10.0,percent_tempo,4.6941680908203125,5.25953483581543,4.848380088806152,-0.12847137451171875,5.188718795776367,5.6067352294921875,5.8058271408081055,0.4081001281738281,6.096839904785156,5.784211158752441,5.916388988494873,-0.02413654327392578,4.532301902770996,4.529999256134033,4.65300989151001,0.12185931205749512
jazz_09::time_stretch::-5pct,jazz_09,jazz,time_stretch,-5.0,percent_tempo,4.6941680908203125,5.4437255859375,4.943572998046875,-0.12537384033203125,5.188718795776367,6.215956687927246,6.1369805335998535,0.4346427917480469,6.096839904785156,6.033559799194336,6.026707649230957,-0.03849220275878906,4.532301902770996,4.793025970458984,4.820849418640137,0.15818548202514648
jazz_09::time_stretch::+5pct,jazz_09,jazz,time_stretch,5.0,percent_tempo,4.6941680908203125,5.05302619934082,4.8148322105407715,-0.05876493453979492,5.188718795776367,4.73175048828125,5.499094486236572,0.5388598442077637,6.096839904785156,6.184508323669434,6.0933942794799805,-0.04727983474731445,4.532301902770996,4.415164947509766,4.712630271911621,0.23889684677124023
jazz_09::time_stretch::+10pct,jazz_09,jazz,time_stretch,10.0,percent_tempo,4.6941680908203125,5.063671588897705,4.839487552642822,-0.03943228721618652,5.188718795776367,4.971031665802002,5.488710880279541,0.40883564949035645,6.096839904785156,6.094186782836914,6.0505852699279785,-0.04492807388305664,4.532301902770996,4.411481857299805,4.707330226898193,0.23543834686279297
jazz_09::time_stretch::+20pct,jazz_09,jazz,time_stretch,20.0,percent_tempo,4.6941680908203125,4.961691379547119,4.722094535827637,-0.1058351993560791,5.188718795776367,4.647167682647705,5.269288539886475,0.3513453006744385,6.096839904785156,5.945248126983643,5.988192558288574,-0.032851457595825195,4.532301902770996,4.223732948303223,4.5223774909973145,0.14436006546020508
jazz_09::lowpass::lp8000,jazz_09,jazz,lowpass,8000.0,hz_cutoff,4.6941680908203125,4.695119857788086,4.621213436126709,-0.07343053817749023,5.188718795776367,5.046360015869141,5.572437286376953,0.4548978805541992,6.096839904785156,6.081216812133789,6.03477144241333,-0.05425691604614258,4.532301902770996,4.431244850158691,4.680468559265137,0.19869518280029297
jazz_09::lowpass::lp4000,jazz_09,jazz,lowpass,4000.0,hz_cutoff,4.6941680908203125,4.800680160522461,4.745368480682373,-0.002055644989013672,5.188718795776367,5.038346767425537,5.510673522949219,0.3971407413482666,6.096839904785156,5.743302822113037,5.950328350067139,0.030256986618041992,4.532301902770996,4.318312644958496,4.605628490447998,0.18032121658325195
jazz_09::lowpass::lp2000,jazz_09,jazz,lowpass,2000.0,hz_cutoff,4.6941680908203125,3.4441885948181152,4.223387718200684,0.15420937538146973,5.188718795776367,3.394115447998047,4.774555206298828,0.4831380844116211,6.096839904785156,4.596396446228027,5.401861190795898,0.05524301528930664,4.532301902770996,3.9106175899505615,4.568967819213867,0.3475080728530884
jazz_09::distortion::drv4,jazz_09,jazz,distortion,4.0,tanh_drive,4.6941680908203125,4.615757465362549,4.579469203948975,-0.07549357414245605,5.188718795776367,4.9216203689575195,5.515011787414551,0.4598422050476074,6.096839904785156,6.0744218826293945,6.0258708000183105,-0.059760093688964844,4.532301902770996,4.471258163452148,4.708853721618652,0.20707368850708008
jazz_09::distortion::drv12,jazz_09,jazz,distortion,12.0,tanh_drive,4.6941680908203125,4.25014591217041,4.415224552154541,-0.05693244934082031,5.188718795776367,4.042876243591309,5.115774631500244,0.49997711181640625,6.096839904785156,6.0802764892578125,6.039041042327881,-0.049517154693603516,4.532301902770996,4.194687843322754,4.571649551391602,0.20815467834472656
jazz_09::distortion::drv32,jazz_09,jazz,distortion,32.0,tanh_drive,4.6941680908203125,3.5516676902770996,4.145273208618164,0.022355318069458008,5.188718795776367,2.910627603530884,4.5033111572265625,0.453637957572937,6.096839904785156,6.043638706207275,6.069665431976318,-0.0005738735198974609,4.532301902770996,3.8367018699645996,4.34792947769165,0.16342759132385254
jazz_09::style_swap::swap_cross,jazz_09,jazz,style_swap,nan,cross_genre,4.6941680908203125,7.0754523277282715,6.295044898986816,0.4102346897125244,5.188718795776367,7.089287757873535,6.624338150024414,0.4853348731994629,6.096839904785156,5.872864246368408,6.18303108215332,0.19817900657653809,4.532301902770996,7.717883586883545,6.114384174346924,-0.01070857048034668
jazz_09::style_swap::swap_same,jazz_09,jazz,style_swap,nan,same_genre,4.6941680908203125,7.77107048034668,6.449472427368164,0.21685314178466797,5.188718795776367,8.048006057739258,6.969624042510986,0.35126161575317383,6.096839904785156,5.803889751434326,6.0504374504089355,0.10007262229919434,4.532301902770996,7.664072036743164,5.932445526123047,-0.1657414436340332
jazz_10::control::ctrl,jazz_10,jazz,control,0.0,none,7.615940093994141,7.615940093994141,7.687350749969482,0.0714106559753418,8.147307395935059,8.147307395935059,8.192227363586426,0.04491996765136719,5.856793403625488,5.856793403625488,5.910273551940918,0.05348014831542969,7.890753746032715,7.890753746032715,8.011415481567383,0.12066173553466797
jazz_10::pitch_shift::-4st,jazz_10,jazz,pitch_shift,-4.0,semitones,7.615940093994141,7.675530910491943,7.679813385009766,0.03407788276672363,8.147307395935059,8.01114273071289,8.108963012695312,0.02973794937133789,5.856793403625488,6.090699195861816,6.057245254516602,0.08349895477294922,7.890753746032715,7.72163724899292,7.91928768157959,0.11309218406677246
jazz_10::pitch_shift::-2st,jazz_10,jazz,pitch_shift,-2.0,semitones,7.615940093994141,7.674454212188721,7.712486267089844,0.06728911399841309,8.147307395935059,8.026193618774414,8.136484146118164,0.049733638763427734,5.856793403625488,5.957228660583496,6.004618167877197,0.09760713577270508,7.890753746032715,7.684056282043457,7.930793762207031,0.1433887481689453
jazz_10::pitch_shift::-1st,jazz_10,jazz,pitch_shift,-1.0,semitones,7.615940093994141,7.639425277709961,7.6977715492248535,0.07008886337280273,8.147307395935059,8.067458152770996,8.157308578491211,0.049925804138183594,5.856793403625488,5.885221481323242,5.940211772918701,0.06920433044433594,7.890753746032715,7.740643501281738,7.958183765411377,0.1424851417541504
jazz_10::pitch_shift::+1st,jazz_10,jazz,pitch_shift,1.0,semitones,7.615940093994141,7.703306198120117,7.7128777503967285,0.05325460433959961,8.147307395935059,8.099431991577148,8.161585807800293,0.03821611404418945,5.856793403625488,5.760387897491455,5.895918369293213,0.08732771873474121,7.890753746032715,7.778379917144775,7.97210168838501,0.13753485679626465
jazz_10::pitch_shift::+2st,jazz_10,jazz,pitch_shift,2.0,semitones,7.615940093994141,7.693210601806641,7.719166278839111,0.0645909309387207,8.147307395935059,8.09044075012207,8.160400390625,0.04152631759643555,5.856793403625488,5.86412239074707,5.9619903564453125,0.1015324592590332,7.890753746032715,7.708472728729248,7.948237419128418,0.14862418174743652
jazz_10::pitch_shift::+4st,jazz_10,jazz,pitch_shift,4.0,semitones,7.615940093994141,7.477307319641113,7.605162620544434,0.05853891372680664,8.147307395935059,7.944724082946777,8.077933311462402,0.031917572021484375,5.856793403625488,6.045124530792236,6.027533531188965,0.07657456398010254,7.890753746032715,7.426641464233398,7.803473472595215,0.1447758674621582
jazz_10::time_stretch::-20pct,jazz_10,jazz,time_stretch,-20.0,percent_tempo,7.615940093994141,7.486868858337402,7.616398334503174,0.06499385833740234,8.147307395935059,8.012308120727539,8.119997024536133,0.040189266204833984,5.856793403625488,6.0731120109558105,6.055102348327637,0.0901496410369873,7.890753746032715,7.716806411743164,7.954818248748779,0.15103816986083984
jazz_10::time_stretch::-10pct,jazz_10,jazz,time_stretch,-10.0,percent_tempo,7.615940093994141,7.678448677062988,7.706892490386963,0.05969810485839844,8.147307395935059,8.189164161682129,8.202507972717285,0.034272193908691406,5.856793403625488,5.918859958648682,5.938994407653809,0.05116772651672363,7.890753746032715,7.8985161781311035,8.014759063720703,0.12012410163879395
jazz_10::time_stretch::-5pct,jazz_10,jazz,time_stretch,-5.0,percent_tempo,7.615940093994141,7.72800874710083,7.72983455657959,0.05786013603210449,8.147307395935059,8.168320655822754,8.195876121520996,0.038062095642089844,5.856793403625488,5.767993450164795,5.861098289489746,0.04870486259460449,7.890753746032715,7.949594974517822,8.04285717010498,0.12268280982971191
jazz_10::time_stretch::+5pct,jazz_10,jazz,time_stretch,5.0,percent_tempo,7.615940093994141,7.722525119781494,7.716840744018555,0.047608137130737305,8.147307395935059,8.129220962524414,8.179055213928223,0.04079103469848633,5.856793403625488,5.841028690338135,5.921586036682129,0.07267498970031738,7.890753746032715,7.872807502746582,8.013148307800293,0.13136768341064453
jazz_10::time_stretch::+10pct,jazz_10,jazz,time_stretch,10.0,percent_tempo,7.615940093994141,7.638439655303955,7.68878698348999,0.06159710884094238,8.147307395935059,8.062453269958496,8.151806831359863,0.04692649841308594,5.856793403625488,5.935371398925781,5.959999084472656,0.06391668319702148,7.890753746032715,7.730715751647949,7.963984966278076,0.15325021743774414
jazz_10::time_stretch::+20pct,jazz_10,jazz,time_stretch,20.0,percent_tempo,7.615940093994141,7.4981160163879395,7.616596221923828,0.059568166732788086,8.147307395935059,7.974564552307129,8.109429359436035,0.048493385314941406,5.856793403625488,5.797582626342773,5.884866714477539,0.0576786994934082,7.890753746032715,7.517926216125488,7.85572624206543,0.15138626098632812
jazz_10::lowpass::lp8000,jazz_10,jazz,lowpass,8000.0,hz_cutoff,7.615940093994141,7.588902473449707,7.6697773933410645,0.06735610961914062,8.147307395935059,8.141294479370117,8.189351081848145,0.04505014419555664,5.856793403625488,5.824366569519043,5.905576229095459,0.06499624252319336,7.890753746032715,7.861428260803223,7.991498947143555,0.11540794372558594
jazz_10::lowpass::lp4000,jazz_10,jazz,lowpass,4000.0,hz_cutoff,7.615940093994141,7.165892601013184,7.500858306884766,0.10994195938110352,8.147307395935059,7.98219633102417,8.114758491516113,0.05000662803649902,5.856793403625488,5.618097305297852,5.844243049621582,0.10679769515991211,7.890753746032715,7.10573148727417,7.713350296020508,0.21510767936706543
jazz_10::lowpass::lp2000,jazz_10,jazz,lowpass,2000.0,hz_cutoff,7.615940093994141,6.342618942260742,7.156493186950684,0.1772136688232422,8.147307395935059,6.9964823722839355,7.6919708251953125,0.12007594108581543,5.856793403625488,4.5800981521606445,5.396327972412109,0.17788219451904297,7.890753746032715,5.225803375244141,6.955087184906006,0.3968086242675781
jazz_10::distortion::drv4,jazz_10,jazz,distortion,4.0,tanh_drive,7.615940093994141,7.0606608390808105,7.397202014923096,0.05890154838562012,8.147307395935059,7.939672946929932,8.082589149475098,0.03909897804260254,5.856793403625488,6.023819923400879,5.9797258377075195,0.03941917419433594,7.890753746032715,6.4018778800964355,7.296408176422119,0.15009236335754395
jazz_10::distortion::drv12,jazz_10,jazz,distortion,12.0,tanh_drive,7.615940093994141,2.275832414627075,5.537467002868652,0.5915807485580444,8.147307395935059,2.175156354904175,5.6933159828186035,0.5320841073989868,5.856793403625488,5.804445266723633,5.905163764953613,0.07454442977905273,7.890753746032715,2.7889397144317627,5.814858436584473,0.4750117063522339
jazz_10::distortion::drv32,jazz_10,jazz,distortion,32.0,tanh_drive,7.615940093994141,1.1045894622802734,4.931297779083252,0.5710330009460449,8.147307395935059,2.1673593521118164,5.658238410949707,0.5009050369262695,5.856793403625488,5.480314254760742,5.965099811553955,0.29654598236083984,7.890753746032715,2.83674693107605,5.719630241394043,0.35587990283966064
jazz_10::style_swap::swap_cross,jazz_10,jazz,style_swap,nan,cross_genre,7.615940093994141,7.082452297210693,7.387986660003662,0.03879046440124512,8.147307395935059,7.860899925231934,8.08112621307373,0.07702255249023438,5.856793403625488,2.4737184047698975,4.597134113311768,0.4318782091140747,7.890753746032715,8.220035552978516,8.262052536010742,0.20665788650512695
jazz_10::style_swap::swap_same,jazz_10,jazz,style_swap,nan,same_genre,7.615940093994141,7.4762749671936035,7.608361721038818,0.06225419044494629,8.147307395935059,7.928999423980713,8.084444999694824,0.04629158973693848,5.856793403625488,5.960416793823242,6.02687406539917,0.11826896667480469,7.890753746032715,7.302648544311523,7.7049689292907715,0.10826778411865234
jazz_11::control::ctrl,jazz_11,jazz,control,0.0,none,7.99740743637085,7.99740743637085,7.903291702270508,-0.0941157341003418,8.067182540893555,8.067182540893555,8.07570743560791,0.008524894714355469,5.716484546661377,5.716484546661377,5.7130866050720215,-0.0033979415893554688,7.5689287185668945,7.5689287185668945,7.6529412269592285,0.08401250839233398
jazz_11::pitch_shift::-4st,jazz_11,jazz,pitch_shift,-4.0,semitones,7.99740743637085,7.625455379486084,7.785200119018555,-0.02623128890991211,8.067182540893555,8.026198387145996,8.08637809753418,0.0396876335144043,5.716484546661377,5.623050689697266,5.728087902069092,0.05832028388977051,7.5689287185668945,7.333395957946777,7.60974645614624,0.1585841178894043
jazz_11::pitch_shift::-2st,jazz_11,jazz,pitch_shift,-2.0,semitones,7.99740743637085,7.495212554931641,7.727759838104248,-0.01855015754699707,8.067182540893555,7.93631649017334,8.031389236450195,0.029639720916748047,5.716484546661377,5.6359944343566895,5.6909990310668945,0.014759540557861328,7.5689287185668945,7.197628498077393,7.50488805770874,0.12160944938659668
jazz_11::pitch_shift::-1st,jazz_11,jazz,pitch_shift,-1.0,semitones,7.99740743637085,7.731106758117676,7.823836326599121,-0.0404207706451416,8.067182540893555,7.889689922332764,8.033007621765137,0.05457139015197754,5.716484546661377,5.697407245635986,5.71752405166626,0.010578155517578125,7.5689287185668945,6.949378967285156,7.449883460998535,0.19072961807250977
jazz_11::pitch_shift::+1st,jazz_11,jazz,pitch_shift,1.0,semitones,7.99740743637085,8.036018371582031,7.948221206665039,-0.06849169731140137,8.067182540893555,7.983061790466309,8.066396713256836,0.0412745475769043,5.716484546661377,5.627005577087402,5.70350980758667,0.03176474571228027,7.5689287185668945,7.203206539154053,7.562779426574707,0.1767117977142334
jazz_11::pitch_shift::+2st,jazz_11,jazz,pitch_shift,2.0,semitones,7.99740743637085,8.099201202392578,7.9920878410339355,-0.05621647834777832,8.067182540893555,8.117572784423828,8.124424934387207,0.032047271728515625,5.716484546661377,5.742465972900391,5.739994049072266,0.010518789291381836,7.5689287185668945,7.497040748596191,7.693439483642578,0.16045475006103516
jazz_11::pitch_shift::+4st,jazz_11,jazz,pitch_shift,4.0,semitones,7.99740743637085,7.838273048400879,7.897985935211182,-0.019854307174682617,8.067182540893555,8.041312217712402,8.095745086669922,0.04149770736694336,5.716484546661377,5.60026216506958,5.7028961181640625,0.044522762298583984,7.5689287185668945,7.592899322509766,7.707489967346191,0.12657594680786133
jazz_11::time_stretch::-20pct,jazz_11,jazz,time_stretch,-20.0,percent_tempo,7.99740743637085,7.827133655548096,7.876620292663574,-0.03565025329589844,8.067182540893555,7.695668697357178,7.98020601272583,0.09878039360046387,5.716484546661377,5.585654258728027,5.7013349533081055,0.05026555061340332,7.5689287185668945,6.744141578674316,7.42752742767334,0.2709922790527344
jazz_11::time_stretch::-10pct,jazz_11,jazz,time_stretch,-10.0,percent_tempo,7.99740743637085,8.012900352478027,7.948062419891357,-0.057091474533081055,8.067182540893555,8.078917503356934,8.11966609954834,0.0466160774230957,5.716484546661377,5.719152450561523,5.770565509796143,0.05274701118469238,7.5689287185668945,7.508149147033691,7.708241939544678,0.16970300674438477
jazz_11::time_stretch::-5pct,jazz_11,jazz,time_stretch,-5.0,percent_tempo,7.99740743637085,7.938652992248535,7.895508766174316,-0.07252144813537598,8.067182540893555,8.04991626739502,8.100569725036621,0.042020320892333984,5.716484546661377,5.5921101570129395,5.698121070861816,0.0438237190246582,7.5689287185668945,7.698426246643066,7.784727096557617,0.15104961395263672
jazz_11::time_stretch::+5pct,jazz_11,jazz,time_stretch,5.0,percent_tempo,7.99740743637085,7.865285396575928,7.828007221221924,-0.10333919525146484,8.067182540893555,7.928845405578613,8.057096481323242,0.0590825080871582,5.716484546661377,5.6180806159973145,5.674405574798584,0.007122993469238281,7.5689287185668945,7.196645259857178,7.581920623779297,0.19913363456726074
jazz_11::time_stretch::+10pct,jazz_11,jazz,time_stretch,10.0,percent_tempo,7.99740743637085,7.834200382232666,7.805183410644531,-0.11062049865722656,8.067182540893555,7.950313568115234,8.04762077331543,0.038872718811035156,5.716484546661377,5.545411109924316,5.639434337615967,0.008486509323120117,7.5689287185668945,7.23263692855835,7.575248718261719,0.17446589469909668
jazz_11::time_stretch::+20pct,jazz_11,jazz,time_stretch,20.0,percent_tempo,7.99740743637085,7.592888832092285,7.6768927574157715,-0.1182553768157959,8.067182540893555,7.941624641418457,8.051060676574707,0.04665708541870117,5.716484546661377,5.666656017303467,5.6957478523254395,0.004177570343017578,7.5689287185668945,7.240732192993164,7.600886344909668,0.19605588912963867
jazz_11::lowpass::lp8000,jazz_11,jazz,lowpass,8000.0,hz_cutoff,7.99740743637085,7.998724937438965,7.901577472686768,-0.09648871421813965,8.067182540893555,8.037622451782227,8.061164855957031,0.008762359619140625,5.716484546661377,5.685818672180176,5.68872594833374,-0.012425661087036133,7.5689287185668945,7.428154468536377,7.58543062210083,0.08688902854919434
jazz_11::lowpass::lp4000,jazz_11,jazz,lowpass,4000.0,hz_cutoff,7.99740743637085,7.289090156555176,7.606803894042969,-0.036444902420043945,8.067182540893555,6.787827491760254,7.375035762786865,-0.05246925354003906,5.716484546661377,5.047785758972168,5.451842784881592,0.06970763206481934,7.5689287185668945,5.087275981903076,6.686967849731445,0.35886549949645996
jazz_11::lowpass::lp2000,jazz_11,jazz,lowpass,2000.0,hz_cutoff,7.99740743637085,6.614746570587158,7.31757926940918,0.011502265930175781,8.067182540893555,4.905843734741211,6.767506122589111,0.2809929847717285,5.716484546661377,4.157190799713135,5.07129430770874,0.13445663452148438,7.5689287185668945,4.793120384216309,6.586512565612793,0.4054880142211914
jazz_11::distortion::drv4,jazz_11,jazz,distortion,4.0,tanh_drive,7.99740743637085,5.511875629425049,6.988378047943115,0.23373651504516602,8.067182540893555,3.806596279144287,6.283708095550537,0.3468186855316162,5.716484546661377,5.5988569259643555,5.744512557983398,0.08684182167053223,7.5689287185668945,3.725825309753418,5.898705959320068,0.2513289451599121
jazz_11::distortion::drv12,jazz_11,jazz,distortion,12.0,tanh_drive,7.99740743637085,2.3700311183929443,5.679014682769775,0.4952954053878784,8.067182540893555,2.1862473487854004,5.428345680236816,0.30163073539733887,5.716484546661377,5.549996376037598,5.883293628692627,0.25005316734313965,7.5689287185668945,3.1769611835479736,5.162816524505615,-0.21012842655181885
jazz_11::distortion::drv32,jazz_11,jazz,distortion,32.0,tanh_drive,7.99740743637085,1.6096296310424805,5.184845447540283,0.38132691383361816,8.067182540893555,2.185997724533081,5.429614543914795,0.30302441120147705,5.716484546661377,5.241582870483398,5.701761722564697,0.22272801399230957,7.5689287185668945,3.033186435699463,5.094590187072754,-0.2064673900604248
jazz_11::style_swap::swap_cross,jazz_11,jazz,style_swap,nan,cross_genre,7.99740743637085,7.8131561279296875,7.915815830230713,0.010534048080444336,8.067182540893555,7.983391761779785,7.982921600341797,-0.04236555099487305,5.716484546661377,6.120938777923584,6.398269176483154,0.47955751419067383,7.5689287185668945,8.494935035705566,8.284467697143555,0.2525358200073242
jazz_11::style_swap::swap_same,jazz_11,jazz,style_swap,nan,same_genre,7.99740743637085,7.615447998046875,7.8771162033081055,0.07068848609924316,8.067182540893555,8.147003173828125,8.171466827392578,0.06437397003173828,5.716484546661377,5.856926918029785,5.982330322265625,0.19562458992004395,7.5689287185668945,7.889086723327637,8.026638984680176,0.29763126373291016
jazz_12::control::ctrl,jazz_12,jazz,control,0.0,none,8.277691841125488,8.277691841125488,8.152201652526855,-0.1254901885986328,8.06596851348877,8.06596851348877,8.087935447692871,0.021966934204101562,5.938348770141602,5.938348770141602,5.919396877288818,-0.018951892852783203,8.245823860168457,8.245823860168457,8.273528099060059,0.027704238891601562
jazz_12::pitch_shift::-4st,jazz_12,jazz,pitch_shift,-4.0,semitones,8.277691841125488,7.881936550140381,8.014688491821289,-0.06512570381164551,8.06596851348877,8.029169082641602,8.063544273376465,0.015975475311279297,5.938348770141602,5.846042156219482,5.90462589263916,0.012430429458618164,8.245823860168457,7.91412878036499,8.124685287475586,0.044708967208862305
jazz_12::pitch_shift::-2st,jazz_12,jazz,pitch_shift,-2.0,semitones,8.277691841125488,8.122966766357422,8.087635040283203,-0.11269426345825195,8.06596851348877,7.984879493713379,8.024520874023438,-0.0009031295776367188,5.938348770141602,5.8943681716918945,5.926311016082764,0.009952545166015625,8.245823860168457,7.974991798400879,8.132771492004395,0.022363662719726562
jazz_12::pitch_shift::-1st,jazz_12,jazz,pitch_shift,-1.0,semitones,8.277691841125488,8.137479782104492,8.108844757080078,-0.09874105453491211,8.06596851348877,8.048957824707031,8.06546688079834,0.008003711700439453,5.938348770141602,5.926485061645508,5.932741641998291,0.0003247261047363281,8.245823860168457,8.137377738952637,8.222010612487793,0.030409812927246094
jazz_12::pitch_shift::+1st,jazz_12,jazz,pitch_shift,1.0,semitones,8.277691841125488,8.183647155761719,8.144289016723633,-0.0863804817199707,8.06596851348877,8.143417358398438,8.11836051940918,0.013667583465576172,5.938348770141602,5.930636882781982,5.931105613708496,-0.0033872127532958984,8.245823860168457,8.285831451416016,8.30550765991211,0.03968000411987305
jazz_12::pitch_shift::+2st,jazz_12,jazz,pitch_shift,2.0,semitones,8.277691841125488,8.153850555419922,8.139097213745117,-0.07667398452758789,8.06596851348877,8.04604434967041,8.076054573059082,0.020048141479492188,5.938348770141602,5.972628116607666,5.956923484802246,0.0014350414276123047,8.245823860168457,8.257843017578125,8.297934532165527,0.04610109329223633
jazz_12::pitch_shift::+4st,jazz_12,jazz,pitch_shift,4.0,semitones,8.277691841125488,8.104331970214844,8.128286361694336,-0.06272554397583008,8.06596851348877,7.929757118225098,8.028119087219238,0.030256271362304688,5.938348770141602,5.988307952880859,5.957301616668701,-0.006026744842529297,8.245823860168457,8.144343376159668,8.24606704711914,0.050983428955078125
jazz_12::time_stretch::-20pct,jazz_12,jazz,time_stretch,-20.0,percent_tempo,8.277691841125488,8.00748348236084,8.068487167358398,-0.07410049438476562,8.06596851348877,8.017486572265625,8.064278602600098,0.02255105972290039,5.938348770141602,5.672085285186768,5.803293228149414,-0.0019237995147705078,8.245823860168457,8.006704330444336,8.186346054077148,0.06008195877075195
jazz_12::time_stretch::-10pct,jazz_12,jazz,time_stretch,-10.0,percent_tempo,8.277691841125488,8.047197341918945,8.066790580749512,-0.09565401077270508,8.06596851348877,8.064611434936523,8.071565628051758,0.006275653839111328,5.938348770141602,5.774701118469238,5.842896461486816,-0.013628482818603516,8.245823860168457,8.099318504333496,8.199584007263184,0.02701282501220703
jazz_12::time_stretch::-5pct,jazz_12,jazz,time_stretch,-5.0,percent_tempo,8.277691841125488,8.087986946105957,8.084663391113281,-0.0981760025024414,8.06596851348877,8.019368171691895,8.059657096862793,0.016988754272460938,5.938348770141602,5.936457633972168,5.91899299621582,-0.018410205841064453,8.245823860168457,8.052274703979492,8.184785842895508,0.0357365608215332
jazz_12::time_stretch::+5pct,jazz_12,jazz,time_stretch,5.0,percent_tempo,8.277691841125488,8.172327041625977,8.11452579498291,-0.11048364639282227,8.06596851348877,8.13724136352539,8.10831356048584,0.006708621978759766,5.938348770141602,5.9321208000183105,5.924525260925293,-0.010709524154663086,8.245823860168457,8.286349296569824,8.287759780883789,0.021673202514648438
jazz_12::time_stretch::+10pct,jazz_12,jazz,time_stretch,10.0,percent_tempo,8.277691841125488,8.133081436157227,8.107200622558594,-0.09818601608276367,8.06596851348877,8.099489212036133,8.091032981872559,0.008304119110107422,5.938348770141602,5.975966453552246,5.928281784057617,-0.02887582778930664,8.245823860168457,8.246709823608398,8.270537376403809,0.02427053451538086
jazz_12::time_stretch::+20pct,jazz_12,jazz,time_stretch,20.0,percent_tempo,8.277691841125488,8.08493423461914,8.095139503479004,-0.08617353439331055,8.06596851348877,8.120113372802734,8.110434532165527,0.01739358901977539,5.938348770141602,5.932969570159912,5.904360294342041,-0.03129887580871582,8.245823860168457,8.230754852294922,8.271662712097168,0.033373355865478516
jazz_12::lowpass::lp8000,jazz_12,jazz,lowpass,8000.0,hz_cutoff,8.277691841125488,8.254096984863281,8.144186973571777,-0.12170743942260742,8.06596851348877,8.068982124328613,8.089113235473633,0.021637916564941406,5.938348770141602,5.938503265380859,5.92048978805542,-0.017936229705810547,8.245823860168457,8.245272636413574,8.273447036743164,0.027898788452148438
jazz_12::lowpass::lp4000,jazz_12,jazz,lowpass,4000.0,hz_cutoff,8.277691841125488,7.796506881713867,7.946096420288086,-0.0910029411315918,8.06596851348877,7.936842441558838,8.01135540008545,0.009949922561645508,5.938348770141602,5.608259201049805,5.79994010925293,0.026636123657226562,8.245823860168457,7.627264022827148,8.023083686828613,0.08653974533081055
jazz_12::lowpass::lp2000,jazz_12,jazz,lowpass,2000.0,hz_cutoff,8.277691841125488,7.579789161682129,7.779921054840088,-0.1488194465637207,8.06596851348877,7.714829444885254,7.881900787353516,-0.008498191833496094,5.938348770141602,5.175647258758545,5.580179214477539,0.02318120002746582,8.245823860168457,7.073315143585205,7.715020656585693,0.055451154708862305
jazz_12::distortion::drv4,jazz_12,jazz,distortion,4.0,tanh_drive,8.277691841125488,7.885199546813965,8.049779891967773,-0.031665802001953125,8.06596851348877,7.639125347137451,7.899899005889893,0.04735207557678223,5.938348770141602,6.016687870025635,6.012704849243164,0.0351865291595459,8.245823860168457,7.575693607330322,8.004756927490234,0.09399819374084473
jazz_12::distortion::drv12,jazz_12,jazz,distortion,12.0,tanh_drive,8.277691841125488,3.2609615325927734,5.930457592010498,0.1611309051513672,8.06596851348877,5.300188064575195,6.817042827606201,0.13396453857421875,5.938348770141602,6.005270481109619,6.048325538635254,0.07651591300964355,8.245823860168457,4.489161491394043,6.5553107261657715,0.18781805038452148
jazz_12::distortion::drv32,jazz_12,jazz,distortion,32.0,tanh_drive,8.277691841125488,1.539045810699463,5.150720596313477,0.24235177040100098,8.06596851348877,2.4492313861846924,5.564780235290527,0.3071802854537964,5.938348770141602,6.001282691955566,6.099386692047119,0.12957096099853516,8.245823860168457,3.1618218421936035,5.958527565002441,0.25470471382141113
jazz_12::style_swap::swap_cross,jazz_12,jazz,style_swap,nan,cross_genre,8.277691841125488,6.057365417480469,6.551853656768799,-0.6156749725341797,8.06596851348877,5.75432014465332,6.98281192779541,0.07266759872436523,5.938348770141602,3.976170778274536,5.301486015319824,0.34422624111175537,8.245823860168457,5.571834564208984,7.063657283782959,0.15482807159423828
jazz_12::style_swap::swap_same,jazz_12,jazz,style_swap,nan,same_genre,8.277691841125488,4.643194675445557,6.3264241218566895,-0.134019136428833,8.06596851348877,3.8239598274230957,5.928565979003906,-0.016398191452026367,5.938348770141602,6.116957187652588,6.238022804260254,0.21036982536315918,8.245823860168457,4.568925857543945,6.510660171508789,0.10328531265258789
jazz_13::control::ctrl,jazz_13,jazz,control,0.0,none,8.210081100463867,8.210081100463867,8.193156242370605,-0.01692485809326172,8.248396873474121,8.248396873474121,8.270769119262695,0.02237224578857422,4.913163185119629,4.913163185119629,4.886312961578369,-0.026850223541259766,8.125371932983398,8.125371932983398,8.189754486083984,0.06438255310058594
jazz_13::pitch_shift::-4st,jazz_13,jazz,pitch_shift,-4.0,semitones,8.210081100463867,8.083305358886719,8.089306831359863,-0.05738639831542969,8.248396873474121,7.628111362457275,7.988346576690674,0.050092458724975586,4.913163185119629,5.301478385925293,5.079615592956543,-0.02770519256591797,8.125371932983398,6.62806510925293,7.531953811645508,0.15523529052734375
jazz_13::pitch_shift::-2st,jazz_13,jazz,pitch_shift,-2.0,semitones,8.210081100463867,8.269113540649414,8.204506874084473,-0.03509044647216797,8.248396873474121,7.942671298980713,8.100960731506348,0.005426645278930664,4.913163185119629,5.117531776428223,5.025700092315674,0.010352611541748047,8.125371932983398,6.888533592224121,7.663236141204834,0.15628337860107422
jazz_13::pitch_shift::-1st,jazz_13,jazz,pitch_shift,-1.0,semitones,8.210081100463867,8.153420448303223,8.151884078979492,-0.029866695404052734,8.248396873474121,8.162158012390137,8.188077926635742,-0.01719951629638672,4.913163185119629,5.063270092010498,4.974395751953125,-0.013820886611938477,8.125371932983398,7.8610358238220215,7.986474514007568,-0.0067293643951416016
jazz_13::pitch_shift::+1st,jazz_13,jazz,pitch_shift,1.0,semitones,8.210081100463867,8.062267303466797,8.097986221313477,-0.03818798065185547,8.248396873474121,8.099935531616211,8.158873558044434,-0.015292644500732422,4.913163185119629,4.787168979644775,4.860678195953369,0.010512113571166992,8.125371932983398,7.674814224243164,7.979903221130371,0.07981014251708984
jazz_13::pitch_shift::+2st,jazz_13,jazz,pitch_shift,2.0,semitones,8.210081100463867,7.992465496063232,8.037379264831543,-0.06389403343200684,8.248396873474121,8.066336631774902,8.127090454101562,-0.03027629852294922,4.913163185119629,4.76401948928833,4.865370273590088,0.0267789363861084,8.125371932983398,7.547579288482666,7.883432865142822,0.04695725440979004
jazz_13::pitch_shift::+4st,jazz_13,jazz,pitch_shift,4.0,semitones,8.210081100463867,7.9266862869262695,7.995171546936035,-0.0732121467590332,8.248396873474121,7.9586381912231445,8.062021255493164,-0.04149627685546875,4.913163185119629,4.825862407684326,4.88998556137085,0.02047276496887207,8.125371932983398,7.358903408050537,7.838973045349121,0.09683537483215332
jazz_13::time_stretch::-20pct,jazz_13,jazz,time_stretch,-20.0,percent_tempo,8.210081100463867,7.848306655883789,7.9830851554870605,-0.04610872268676758,8.248396873474121,7.85187292098999,7.9758687019348145,-0.07426619529724121,4.913163185119629,4.74955940246582,4.8037848472595215,-0.027576446533203125,8.125371932983398,7.191338062286377,7.740222454071045,0.08186745643615723
jazz_13::time_stretch::-10pct,jazz_13,jazz,time_stretch,-10.0,percent_tempo,8.210081100463867,7.9123077392578125,7.9790754318237305,-0.08211898803710938,8.248396873474121,7.633559226989746,7.774545669555664,-0.16643238067626953,4.913163185119629,4.947070598602295,4.8690876960754395,-0.06102919578552246,8.125371932983398,7.1914143562316895,7.743381023406982,0.08498787879943848
jazz_13::time_stretch::-5pct,jazz_13,jazz,time_stretch,-5.0,percent_tempo,8.210081100463867,8.069608688354492,8.111995697021484,-0.027849197387695312,8.248396873474121,8.191363334655762,8.215156555175781,-0.004723548889160156,4.913163185119629,4.830171585083008,4.8247175216674805,-0.04694986343383789,8.125371932983398,7.887162685394287,8.056648254394531,0.05038094520568848
jazz_13::time_stretch::+5pct,jazz_13,jazz,time_stretch,5.0,percent_tempo,8.210081100463867,8.114099502563477,8.120731353759766,-0.04135894775390625,8.248396873474121,8.11600112915039,8.152256965637207,-0.029942035675048828,4.913163185119629,5.0741801261901855,4.941365718841553,-0.05230593681335449,8.125371932983398,7.8671441078186035,8.013092994689941,0.01683497428894043
jazz_13::time_stretch::+10pct,jazz_13,jazz,time_stretch,10.0,percent_tempo,8.210081100463867,8.227559089660645,8.182665824890137,-0.03615427017211914,8.248396873474121,8.196426391601562,8.213541984558105,-0.008869647979736328,4.913163185119629,4.992832660675049,4.900972366333008,-0.052025556564331055,8.125371932983398,7.766018390655518,7.970818519592285,0.02512335777282715
jazz_13::time_stretch::+20pct,jazz_13,jazz,time_stretch,20.0,percent_tempo,8.210081100463867,8.252251625061035,8.202202796936035,-0.028963565826416016,8.248396873474121,8.092437744140625,8.129889488220215,-0.0405278205871582,4.913163185119629,5.2396769523620605,5.053605556488037,-0.022814512252807617,8.125371932983398,7.33622407913208,7.797011375427246,0.06621336936950684
jazz_13::lowpass::lp8000,jazz_13,jazz,lowpass,8000.0,hz_cutoff,8.210081100463867,8.208882331848145,8.190218925476074,-0.01926279067993164,8.248396873474121,8.255440711975098,8.272418975830078,0.02050018310546875,4.913163185119629,4.934429168701172,4.897541046142578,-0.026255130767822266,8.125371932983398,8.183232307434082,8.212015151977539,0.05771303176879883
jazz_13::lowpass::lp4000,jazz_13,jazz,lowpass,4000.0,hz_cutoff,8.210081100463867,8.02869701385498,8.113459587097168,-0.005929470062255859,8.248396873474121,7.892980575561523,8.044458389282227,-0.026230335235595703,4.913163185119629,4.323929309844971,4.758057117462158,0.1395108699798584,8.125371932983398,6.191312789916992,7.378159046173096,0.2198166847229004
jazz_13::lowpass::lp2000,jazz_13,jazz,lowpass,2000.0,hz_cutoff,8.210081100463867,7.541165351867676,7.8195085525512695,-0.05611467361450195,8.248396873474121,6.762590408325195,7.441158294677734,-0.06433534622192383,4.913163185119629,4.507546901702881,4.8039631843566895,0.09360814094543457,8.125371932983398,4.905207633972168,6.9696807861328125,0.4543910026550293
jazz_13::distortion::drv4,jazz_13,jazz,distortion,4.0,tanh_drive,8.210081100463867,7.029164791107178,7.646918773651123,0.027295827865600586,8.248396873474121,5.129128456115723,6.8819193840026855,0.19315671920776367,4.913163185119629,4.933619499206543,4.9641194343566895,0.040728092193603516,8.125371932983398,5.368118762969971,7.063894748687744,0.31714940071105957
jazz_13::distortion::drv12,jazz_13,jazz,distortion,12.0,tanh_drive,8.210081100463867,2.63244366645813,5.776001453399658,0.35473906993865967,8.248396873474121,2.3988420963287354,5.702967643737793,0.37934815883636475,4.913163185119629,4.799063682556152,5.103312015533447,0.24719858169555664,8.125371932983398,3.6503701210021973,6.180323123931885,0.2924520969390869
jazz_13::distortion::drv32,jazz_13,jazz,distortion,32.0,tanh_drive,8.210081100463867,2.01344633102417,5.4736738204956055,0.3619101047515869,8.248396873474121,2.209343910217285,5.602107524871826,0.37323713302612305,4.913163185119629,4.542133808135986,5.055797576904297,0.32814908027648926,8.125371932983398,3.2356526851654053,5.844880104064941,0.16436779499053955
jazz_13::style_swap::swap_cross,jazz_13,jazz,style_swap,nan,cross_genre,8.210081100463867,7.149438381195068,7.792716979980469,0.11295723915100098,8.248396873474121,7.660344123840332,8.049236297607422,0.09486579895019531,4.913163185119629,6.131823539733887,5.7928643226623535,0.2703709602355957,8.125371932983398,7.955986976623535,8.283576011657715,0.24289655685424805
jazz_13::style_swap::swap_same,jazz_13,jazz,style_swap,nan,same_genre,8.210081100463867,4.6431965827941895,6.647600173950195,0.220961332321167,8.248396873474121,3.823960781097412,6.2158331871032715,0.17965435981750488,4.913163185119629,6.116957187652588,5.920403957366943,0.40534377098083496,8.125371932983398,4.568925857543945,6.684875965118408,0.33772706985473633
jazz_14::control::ctrl,jazz_14,jazz,control,0.0,none,8.40687370300293,8.40687370300293,8.391627311706543,-0.015246391296386719,8.25041389465332,8.25041389465332,8.269814491271973,0.019400596618652344,5.783297538757324,5.783297538757324,5.74302864074707,-0.040268898010253906,8.401535034179688,8.401535034179688,8.418506622314453,0.016971588134765625
jazz_14::pitch_shift::-4st,jazz_14,jazz,pitch_shift,-4.0,semitones,8.40687370300293,8.117252349853516,8.252924919128418,-0.009138107299804688,8.25041389465332,7.970473289489746,8.132328033447266,0.021884441375732422,5.783297538757324,5.775400161743164,5.815258979797363,0.03591012954711914,8.401535034179688,7.718494892120361,8.078483581542969,0.018468618392944336
jazz_14::pitch_shift::-2st,jazz_14,jazz,pitch_shift,-2.0,semitones,8.40687370300293,8.221148490905762,8.308135986328125,-0.005875110626220703,8.25041389465332,8.053829193115234,8.179566383361816,0.027444839477539062,5.783297538757324,5.874617576599121,5.844722270965576,0.015764713287353516,8.401535034179688,8.017683982849121,8.230775833129883,0.021166324615478516
jazz_14::pitch_shift::-1st,jazz_14,jazz,pitch_shift,-1.0,semitones,8.40687370300293,8.27126407623291,8.322168350219727,-0.01690053939819336,8.25041389465332,8.095365524291992,8.197304725646973,0.024415016174316406,5.783297538757324,5.78969669342041,5.771984577178955,-0.01451253890991211,8.401535034179688,8.14797592163086,8.273508071899414,-0.001247406005859375
jazz_14::pitch_shift::+1st,jazz_14,jazz,pitch_shift,1.0,semitones,8.40687370300293,8.315937995910645,8.332342147827148,-0.029063701629638672,8.25041389465332,8.041999816894531,8.154764175415039,0.008557319641113281,5.783297538757324,5.787901878356934,5.765766620635986,-0.019833087921142578,8.401535034179688,8.092748641967773,8.209657669067383,-0.037484169006347656
jazz_14::pitch_shift::+2st,jazz_14,jazz,pitch_shift,2.0,semitones,8.40687370300293,8.28019905090332,8.321622848510742,-0.021913528442382812,8.25041389465332,8.096997261047363,8.192351341247559,0.018645763397216797,5.783297538757324,5.6052350997924805,5.688942909240723,-0.0053234100341796875,8.401535034179688,8.148335456848145,8.267634391784668,-0.007300853729248047
jazz_14::pitch_shift::+4st,jazz_14,jazz,pitch_shift,4.0,semitones,8.40687370300293,7.996983528137207,8.192054748535156,-0.00987386703491211,8.25041389465332,7.919103622436523,8.117844581604004,0.03308582305908203,5.783297538757324,5.541255950927734,5.6509690284729,-0.011307716369628906,8.401535034179688,7.88026762008667,8.146488189697266,0.005586862564086914
jazz_14::time_stretch::-20pct,jazz_14,jazz,time_stretch,-20.0,percent_tempo,8.40687370300293,8.197535514831543,8.271658897399902,-0.030545711517333984,8.25041389465332,8.092120170593262,8.171576499938965,0.0003094673156738281,5.783297538757324,5.522584915161133,5.65257453918457,-0.0003666877746582031,8.401535034179688,8.106348037719727,8.228593826293945,-0.02534770965576172
jazz_14::time_stretch::-10pct,jazz_14,jazz,time_stretch,-10.0,percent_tempo,8.40687370300293,8.270334243774414,8.309701919555664,-0.028902053833007812,8.25041389465332,8.132743835449219,8.19736385345459,0.0057849884033203125,5.783297538757324,5.610033988952637,5.690134048461914,-0.006531715393066406,8.401535034179688,8.175104141235352,8.284300804138184,-0.0040187835693359375
jazz_14::time_stretch::-5pct,jazz_14,jazz,time_stretch,-5.0,percent_tempo,8.40687370300293,8.316861152648926,8.337347030639648,-0.024520397186279297,8.25041389465332,8.126961708068848,8.204240798950195,0.015552997589111328,5.783297538757324,5.704250335693359,5.715959548950195,-0.027814388275146484,8.401535034179688,8.188427925109863,8.280693054199219,-0.01428842544555664
jazz_14::time_stretch::+5pct,jazz_14,jazz,time_stretch,5.0,percent_tempo,8.40687370300293,8.305672645568848,8.32451057434082,-0.03176259994506836,8.25041389465332,8.19415283203125,8.23044204711914,0.008158683776855469,5.783297538757324,5.652901649475098,5.725895881652832,0.007796287536621094,8.401535034179688,8.243685722351074,8.318535804748535,-0.004074573516845703
jazz_14::time_stretch::+10pct,jazz_14,jazz,time_stretch,10.0,percent_tempo,8.40687370300293,8.306888580322266,8.32967758178711,-0.02720355987548828,8.25041389465332,8.237271308898926,8.261126518249512,0.017283916473388672,5.783297538757324,5.632872581481934,5.681626319885254,-0.026458740234375,8.401535034179688,8.314650535583496,8.370388984680176,0.012296199798583984
jazz_14::time_stretch::+20pct,jazz_14,jazz,time_stretch,20.0,percent_tempo,8.40687370300293,8.322038650512695,8.340206146240234,-0.024250030517578125,8.25041389465332,8.11899471282959,8.215814590454102,0.031110286712646484,5.783297538757324,5.865993022918701,5.82119083404541,-0.003454446792602539,8.401535034179688,8.165508270263672,8.302907943725586,0.01938629150390625
jazz_14::lowpass::lp8000,jazz_14,jazz,lowpass,8000.0,hz_cutoff,8.40687370300293,8.389512062072754,8.380314826965332,-0.017878055572509766,8.25041389465332,8.220722198486328,8.2477388381958,0.012170791625976562,5.783297538757324,5.761795997619629,5.739177227020264,-0.03336954116821289,8.401535034179688,8.343683242797852,8.370869636535645,-0.001739501953125
jazz_14::lowpass::lp4000,jazz_14,jazz,lowpass,4000.0,hz_cutoff,8.40687370300293,8.172317504882812,8.285529136657715,-0.00406646728515625,8.25041389465332,8.002164840698242,8.1454496383667,0.01916027069091797,5.783297538757324,5.425156116485596,5.619673252105713,0.01544642448425293,8.401535034179688,7.59617805480957,7.843222618103027,-0.15563392639160156
jazz_14::lowpass::lp2000,jazz_14,jazz,lowpass,2000.0,hz_cutoff,8.40687370300293,7.71976900100708,8.093022346496582,0.02970099449157715,8.25041389465332,7.572454929351807,7.929473400115967,0.01803898811340332,5.783297538757324,4.892698287963867,5.411371231079102,0.07337331771850586,8.401535034179688,6.372480869293213,7.473305702209473,0.08629775047302246
jazz_14::distortion::drv4,jazz_14,jazz,distortion,4.0,tanh_drive,8.40687370300293,7.820419788360596,7.9977898597717285,-0.11585688591003418,8.25041389465332,7.628047943115234,7.800114154815674,-0.13911676406860352,5.783297538757324,5.682173252105713,5.782000541687012,0.049265146255493164,8.401535034179688,5.798953533172607,7.021852016448975,-0.07839226722717285
jazz_14::distortion::drv12,jazz_14,jazz,distortion,12.0,tanh_drive,8.40687370300293,2.121206045150757,5.883303642272949,0.619263768196106,8.25041389465332,3.366787910461426,6.088500022888184,0.27989912033081055,5.783297538757324,5.271756172180176,5.6864519119262695,0.15892505645751953,8.401535034179688,3.728804349899292,6.409792900085449,0.3446232080459595
jazz_14::distortion::drv32,jazz_14,jazz,distortion,32.0,tanh_drive,8.40687370300293,1.3975119590759277,5.6315836906433105,0.7293908596038818,8.25041389465332,2.279128313064575,5.810090065002441,0.5453189611434937,5.783297538757324,4.783370018005371,5.3155598640441895,0.0322260856628418,8.401535034179688,3.3172616958618164,6.389939785003662,0.5305414199829102
jazz_14::style_swap::swap_cross,jazz_14,jazz,style_swap,nan,cross_genre,8.40687370300293,7.943257808685303,7.970855712890625,-0.2042100429534912,8.25041389465332,8.306315422058105,8.257636070251465,-0.020728588104248047,5.783297538757324,5.931994438171387,5.865978717803955,0.00833272933959961,8.401535034179688,7.954047679901123,8.175125122070312,-0.0026662349700927734
jazz_14::style_swap::swap_same,jazz_14,jazz,style_swap,nan,same_genre,8.40687370300293,7.999453544616699,8.244000434875488,0.04083681106567383,8.25041389465332,8.073293685913086,8.205668449401855,0.043814659118652344,5.783297538757324,5.7347307205200195,5.806708335876465,0.04769420623779297,8.401535034179688,7.613499164581299,8.075037956237793,0.0675208568572998
jazz_15::control::ctrl,jazz_15,jazz,control,0.0,none,6.589391231536865,6.589391231536865,6.517172336578369,-0.0722188949584961,6.85922908782959,6.85922908782959,6.900811672210693,0.041582584381103516,2.4558820724487305,2.4558820724487305,2.465860605239868,0.009978532791137695,6.497311592102051,6.497311592102051,6.515636444091797,0.018324851989746094
jazz_15::pitch_shift::-4st,jazz_15,jazz,pitch_shift,-4.0,semitones,6.589391231536865,5.92350435256958,6.224920272827148,-0.03152751922607422,6.85922908782959,6.221529960632324,6.603031158447266,0.0626516342163086,2.4558820724487305,2.7105534076690674,2.5888261795043945,0.0056084394454956055,6.497311592102051,5.991412162780762,6.301846981048584,0.057485103607177734
jazz_15::pitch_shift::-2st,jazz_15,jazz,pitch_shift,-2.0,semitones,6.589391231536865,5.810945987701416,6.197897911071777,-0.0022706985473632812,6.85922908782959,5.949849605560303,6.530749320983887,0.12620997428894043,2.4558820724487305,2.6290903091430664,2.5635976791381836,0.021111488342285156,6.497311592102051,5.850200176239014,6.292540073394775,0.11878418922424316
jazz_15::pitch_shift::-1st,jazz_15,jazz,pitch_shift,-1.0,semitones,6.589391231536865,6.013978004455566,6.2826714515686035,-0.019013166427612305,6.85922908782959,6.277840614318848,6.6462721824646,0.07773733139038086,2.4558820724487305,2.5471749305725098,2.5216474533081055,0.02011895179748535,6.497311592102051,6.082952499389648,6.337738037109375,0.04760599136352539
jazz_15::pitch_shift::+1st,jazz_15,jazz,pitch_shift,1.0,semitones,6.589391231536865,5.84332275390625,6.195055961608887,-0.0213010311126709,6.85922908782959,5.9400634765625,6.5216064453125,0.12196016311645508,2.4558820724487305,2.466036319732666,2.465855598449707,0.004896402359008789,6.497311592102051,6.012696743011475,6.314147472381592,0.0591433048248291
jazz_15::pitch_shift::+2st,jazz_15,jazz,pitch_shift,2.0,semitones,6.589391231536865,6.288203716278076,6.413906574249268,-0.024890899658203125,6.85922908782959,6.509982109069824,6.747857093811035,0.06325149536132812,2.4558820724487305,2.4971282482147217,2.486144542694092,0.009639382362365723,6.497311592102051,6.281265735626221,6.429537296295166,0.04024863243103027
jazz_15::pitch_shift::+4st,jazz_15,jazz,pitch_shift,4.0,semitones,6.589391231536865,6.049274921417236,6.329340934753418,0.010007858276367188,6.85922908782959,6.040369987487793,6.5643534660339355,0.11455392837524414,2.4558820724487305,2.5971686840057373,2.552334785461426,0.025809407234191895,6.497311592102051,5.999098777770996,6.298863410949707,0.050658226013183594
jazz_15::time_stretch::-20pct,jazz_15,jazz,time_stretch,-20.0,percent_tempo,6.589391231536865,5.9322710037231445,6.134799480438232,-0.12603163719177246,6.85922908782959,6.18381929397583,6.532667636871338,0.01114344596862793,2.4558820724487305,2.5301597118377686,2.485673427581787,-0.007347464561462402,6.497311592102051,6.040986061096191,6.275559902191162,0.006411075592041016
jazz_15::time_stretch::-10pct,jazz_15,jazz,time_stretch,-10.0,percent_tempo,6.589391231536865,6.077275276184082,6.2527360916137695,-0.0805971622467041,6.85922908782959,6.2052321434021,6.584483623504639,0.052253007888793945,2.4558820724487305,2.4354395866394043,2.4516091346740723,0.005948305130004883,6.497311592102051,6.215707778930664,6.387035369873047,0.030525684356689453
jazz_15::time_stretch::-5pct,jazz_15,jazz,time_stretch,-5.0,percent_tempo,6.589391231536865,6.330896377563477,6.384523868560791,-0.07561993598937988,6.85922908782959,6.62463903427124,6.765201568603516,0.023267507553100586,2.4558820724487305,2.430751323699951,2.453831195831299,0.010514497756958008,6.497311592102051,6.411663055419922,6.467452049255371,0.012964725494384766
jazz_15::time_stretch::+5pct,jazz_15,jazz,time_stretch,5.0,percent_tempo,6.589391231536865,6.188477993011475,6.350921154022217,-0.038013458251953125,6.85922908782959,6.561707019805908,6.782220840454102,0.07175278663635254,2.4558820724487305,2.5239193439483643,2.5246033668518066,0.03470265865325928,6.497311592102051,6.217096328735352,6.383871078491211,0.026667118072509766
jazz_15::time_stretch::+10pct,jazz_15,jazz,time_stretch,10.0,percent_tempo,6.589391231536865,6.100790023803711,6.295944690704346,-0.04914593696594238,6.85922908782959,6.378011703491211,6.650455474853516,0.031835079193115234,2.4558820724487305,2.5542120933532715,2.5296547412872314,0.02460765838623047,6.497311592102051,6.016524791717529,6.285563945770264,0.028645753860473633
jazz_15::time_stretch::+20pct,jazz_15,jazz,time_stretch,20.0,percent_tempo,6.589391231536865,6.3096208572387695,6.400058746337891,-0.04944729804992676,6.85922908782959,6.676662921905518,6.816371440887451,0.04842543601989746,2.4558820724487305,2.548039197921753,2.5345897674560547,0.03262913227081299,6.497311592102051,6.381356239318848,6.47657585144043,0.03724193572998047
jazz_15::lowpass::lp8000,jazz_15,jazz,lowpass,8000.0,hz_cutoff,6.589391231536865,6.59970235824585,6.533261299133301,-0.06128549575805664,6.85922908782959,6.882028579711914,6.932510852813721,0.06188201904296875,2.4558820724487305,2.455662727355957,2.4580390453338623,0.0022666454315185547,6.497311592102051,6.499025344848633,6.53382682800293,0.03565835952758789
jazz_15::lowpass::lp4000,jazz_15,jazz,lowpass,4000.0,hz_cutoff,6.589391231536865,6.700201034545898,6.603402137756348,-0.04139399528503418,6.85922908782959,6.921554088592529,6.981215476989746,0.09082388877868652,2.4558820724487305,2.468674898147583,2.4784367084503174,0.016158223152160645,6.497311592102051,6.438048362731934,6.513202667236328,0.04552268981933594
jazz_15::lowpass::lp2000,jazz_15,jazz,lowpass,2000.0,hz_cutoff,6.589391231536865,6.634510040283203,6.567695617675781,-0.04425501823425293,6.85922908782959,7.004189491271973,6.995892524719238,0.06418323516845703,2.4558820724487305,2.5307135581970215,2.4919540882110596,-0.0013437271118164062,6.497311592102051,6.230036735534668,6.42155122756958,0.0578770637512207
jazz_15::distortion::drv4,jazz_15,jazz,distortion,4.0,tanh_drive,6.589391231536865,6.0457563400268555,6.282952308654785,-0.034621477127075195,6.85922908782959,6.606331825256348,6.792534828186035,0.059754371643066406,2.4558820724487305,2.4058175086975098,2.441807746887207,0.010957956314086914,6.497311592102051,6.161512851715088,6.368189334869385,0.03877711296081543
jazz_15::distortion::drv12,jazz_15,jazz,distortion,12.0,tanh_drive,6.589391231536865,4.690821170806885,5.6351189613342285,-0.004987239837646484,6.85922908782959,5.468352317810059,6.229101657867432,0.06531095504760742,2.4558820724487305,2.443861484527588,2.4800562858581543,0.030184507369995117,6.497311592102051,5.2414751052856445,5.910242080688477,0.040848731994628906
jazz_15::distortion::drv32,jazz_15,jazz,distortion,32.0,tanh_drive,6.589391231536865,3.8668689727783203,5.2300519943237305,0.0019218921661376953,6.85922908782959,4.938467502593994,6.002906799316406,0.10405850410461426,2.4558820724487305,2.707171678543091,2.597923517227173,0.016396641731262207,6.497311592102051,4.854668140411377,5.783082485198975,0.10709261894226074
jazz_15::style_swap::swap_cross,jazz_15,jazz,style_swap,nan,cross_genre,6.589391231536865,5.188450813293457,5.716464996337891,-0.1724560260772705,6.85922908782959,4.397072792053223,5.548062801361084,-0.08008813858032227,2.4558820724487305,1.8601998090744019,2.794607400894165,0.6365664601325989,6.497311592102051,6.121934413909912,6.344040393829346,0.03441739082336426
jazz_15::style_swap::swap_same,jazz_15,jazz,style_swap,nan,same_genre,6.589391231536865,7.944169521331787,7.424179553985596,0.15739917755126953,6.85922908782959,8.070530891418457,7.849331855773926,0.38445186614990234,2.4558820724487305,5.779301643371582,4.688539505004883,0.5709476470947266,6.497311592102051,7.681708335876465,7.286367893218994,0.19685792922973633
rock_01::control::ctrl,rock_01,rock,control,0.0,none,6.977421760559082,6.978616237640381,6.891829490661621,-0.08618950843811035,7.416820526123047,7.417019367218018,7.345366477966309,-0.07155346870422363,6.127788543701172,6.128839015960693,6.1093573570251465,-0.018956422805786133,7.504265308380127,7.504846572875977,7.478471279144287,-0.02608466148376465
rock_01::pitch_shift::-4st,rock_01,rock,pitch_shift,-4.0,semitones,6.977421760559082,7.2462005615234375,7.1040263175964355,-0.007784843444824219,7.416820526123047,7.61522102355957,7.498598098754883,-0.01742267608642578,6.127788543701172,5.956296443939209,6.072341442108154,0.030298948287963867,7.504265308380127,7.657766819000244,7.614517688751221,0.033501625061035156
rock_01::pitch_shift::-2st,rock_01,rock,pitch_shift,-2.0,semitones,6.977421760559082,7.101670265197754,7.031333923339844,-0.008212089538574219,7.416820526123047,7.505244731903076,7.435295104980469,-0.025737524032592773,6.127788543701172,6.191763401031494,6.180881023406982,0.021105051040649414,7.504265308380127,7.554943084716797,7.552621364593506,0.023017168045043945
rock_01::pitch_shift::-1st,rock_01,rock,pitch_shift,-1.0,semitones,6.977421760559082,7.185237884521484,7.047476291656494,-0.03385353088378906,7.416820526123047,7.5740180015563965,7.454815864562988,-0.0406033992767334,6.127788543701172,6.204958915710449,6.17288875579834,0.006515026092529297,7.504265308380127,7.655380725860596,7.581200122833252,0.001377105712890625
rock_01::pitch_shift::+1st,rock_01,rock,pitch_shift,1.0,semitones,6.977421760559082,7.204792022705078,7.0507731437683105,-0.04033374786376953,7.416820526123047,7.494692802429199,7.40977144241333,-0.04598522186279297,6.127788543701172,6.023056507110596,6.100160598754883,0.024738073348999023,7.504265308380127,7.637334823608398,7.5689496994018555,-0.0018503665924072266
rock_01::pitch_shift::+2st,rock_01,rock,pitch_shift,2.0,semitones,6.977421760559082,7.065312385559082,7.013712406158447,-0.007654666900634766,7.416820526123047,7.405989646911621,7.401703834533691,-0.009701251983642578,6.127788543701172,5.959078788757324,6.098310470581055,0.05487680435180664,7.504265308380127,7.62769889831543,7.600923538208008,0.03494143486022949
rock_01::pitch_shift::+4st,rock_01,rock,pitch_shift,4.0,semitones,6.977421760559082,7.179593563079834,7.0967559814453125,0.018248319625854492,7.416820526123047,7.382136344909668,7.408548831939697,0.009070396423339844,6.127788543701172,5.8841352462768555,6.079642295837402,0.07368040084838867,7.504265308380127,7.538737773895264,7.576639175415039,0.05513763427734375
rock_01::time_stretch::-20pct,rock_01,rock,time_stretch,-20.0,percent_tempo,6.977421760559082,7.133408546447754,7.012345790863037,-0.04306936264038086,7.416820526123047,7.431747913360596,7.376715660095215,-0.047568559646606445,6.127788543701172,6.1335320472717285,6.141680717468262,0.011020421981811523,7.504265308380127,7.670107364654541,7.584763526916504,-0.002422809600830078
rock_01::time_stretch::-10pct,rock_01,rock,time_stretch,-10.0,percent_tempo,6.977421760559082,7.232566833496094,7.066326141357422,-0.038668155670166016,7.416820526123047,7.631101131439209,7.486371040344238,-0.03758978843688965,6.127788543701172,6.1693806648254395,6.15963077545166,0.011046171188354492,7.504265308380127,7.732746124267578,7.613020420074463,-0.0054852962493896484
rock_01::time_stretch::-5pct,rock_01,rock,time_stretch,-5.0,percent_tempo,6.977421760559082,7.1854071617126465,7.033284664154053,-0.04812979698181152,7.416820526123047,7.589733123779297,7.457509517669678,-0.04576730728149414,6.127788543701172,6.109223365783691,6.123956203460693,0.005450248718261719,7.504265308380127,7.669699192047119,7.583010196685791,-0.003972053527832031
rock_01::time_stretch::+5pct,rock_01,rock,time_stretch,5.0,percent_tempo,6.977421760559082,7.246264934539795,7.056488513946533,-0.05535483360290527,7.416820526123047,7.634196758270264,7.482640743255615,-0.04286789894104004,6.127788543701172,6.094543933868408,6.1210527420043945,0.009886503219604492,7.504265308380127,7.676822662353516,7.585541725158691,-0.005002260208129883
rock_01::time_stretch::+10pct,rock_01,rock,time_stretch,10.0,percent_tempo,6.977421760559082,7.216604709625244,7.054678916931152,-0.04233431816101074,7.416820526123047,7.5663743019104,7.452334403991699,-0.039263010025024414,6.127788543701172,6.0607380867004395,6.114748477935791,0.02048516273498535,7.504265308380127,7.691142559051514,7.612258434295654,0.014554500579833984
rock_01::time_stretch::+20pct,rock_01,rock,time_stretch,20.0,percent_tempo,6.977421760559082,7.152280330657959,7.032907009124756,-0.03194403648376465,7.416820526123047,7.554783344268799,7.440098762512207,-0.04570317268371582,6.127788543701172,6.1237053871154785,6.15718412399292,0.03143715858459473,7.504265308380127,7.650609970092773,7.581132888793945,0.003695249557495117
rock_01::lowpass::lp8000,rock_01,rock,lowpass,8000.0,hz_cutoff,6.977421760559082,6.98701810836792,6.895092010498047,-0.0871279239654541,7.416820526123047,7.426340103149414,7.348023414611816,-0.07355690002441406,6.127788543701172,6.125537872314453,6.109389305114746,-0.017273902893066406,7.504265308380127,7.487034320831299,7.474366188049316,-0.021283626556396484
rock_01::lowpass::lp4000,rock_01,rock,lowpass,4000.0,hz_cutoff,6.977421760559082,6.956514835357666,6.914924144744873,-0.05204415321350098,7.416820526123047,7.1123456954956055,7.239796161651611,-0.024786949157714844,6.127788543701172,5.7369465827941895,5.923491954803467,-0.008875608444213867,7.504265308380127,6.768187046051025,7.163898468017578,0.027672290802001953
rock_01::lowpass::lp2000,rock_01,rock,lowpass,2000.0,hz_cutoff,6.977421760559082,6.698207855224609,6.847837448120117,0.010022640228271484,7.416820526123047,6.863953590393066,7.152467250823975,0.012080192565917969,6.127788543701172,4.95379638671875,5.505558490753174,-0.03523397445678711,7.504265308380127,6.589207172393799,7.161465644836426,0.11472940444946289
rock_01::distortion::drv4,rock_01,rock,distortion,4.0,tanh_drive,6.977421760559082,4.539711952209473,5.764027118682861,0.005460262298583984,7.416820526123047,4.4666361808776855,6.004133701324463,0.06240534782409668,6.127788543701172,5.8469648361206055,5.987370491027832,-6.198883056640625e-06,7.504265308380127,4.606203079223633,6.186229228973389,0.1309950351715088
rock_01::distortion::drv12,rock_01,rock,distortion,12.0,tanh_drive,6.977421760559082,2.7260444164276123,5.06306791305542,0.21133482456207275,7.416820526123047,2.769458293914795,5.391599178314209,0.2984597682952881,6.127788543701172,4.485519886016846,5.434779644012451,0.12812542915344238,7.504265308380127,3.4893860816955566,5.791150093078613,0.2943243980407715
rock_01::distortion::drv32,rock_01,rock,distortion,32.0,tanh_drive,6.977421760559082,2.3665931224823,4.897072792053223,0.22506535053253174,7.416820526123047,2.5232648849487305,5.260904788970947,0.2908620834350586,6.127788543701172,3.7331488132476807,5.045830249786377,0.11536157131195068,7.504265308380127,3.3850207328796387,5.775119304656982,0.3304762840270996
rock_01::style_swap::swap_cross,rock_01,rock,style_swap,nan,cross_genre,6.977421760559082,4.6431989669799805,5.997110843658447,0.18680047988891602,7.416820526123047,3.823967933654785,5.669661045074463,0.049266815185546875,6.127788543701172,6.116957187652588,6.268170356750488,0.1457974910736084,7.504265308380127,4.568927764892578,6.192434787750244,0.1558382511138916
rock_01::style_swap::swap_same,rock_01,rock,style_swap,nan,same_genre,6.977421760559082,5.588970184326172,6.530135631561279,0.24693965911865234,7.416820526123047,6.462502479553223,7.152373790740967,0.21271228790283203,6.127788543701172,6.708364009857178,6.542740345001221,0.1246640682220459,7.504265308380127,5.617644309997559,6.914655685424805,0.3537008762359619
rock_02::control::ctrl,rock_02,rock,control,0.0,none,6.0306572914123535,6.0306572914123535,5.983061790466309,-0.04759550094604492,7.1381072998046875,7.1381072998046875,7.238483428955078,0.10037612915039062,6.957394599914551,6.957394599914551,6.9287285804748535,-0.028666019439697266,7.274460315704346,7.274460315704346,7.338457107543945,0.06399679183959961
rock_02::pitch_shift::-4st,rock_02,rock,pitch_shift,-4.0,semitones,6.0306572914123535,5.817856788635254,5.948990821838379,0.024733781814575195,7.1381072998046875,6.711949825286865,6.99451208114624,0.06948351860046387,6.957394599914551,6.939095973968506,6.940094470977783,-0.008150815963745117,7.274460315704346,6.677367210388184,7.052461624145508,0.07654786109924316
rock_02::pitch_shift::-2st,rock_02,rock,pitch_shift,-2.0,semitones,6.0306572914123535,5.949363708496094,5.939223289489746,-0.05078721046447754,7.1381072998046875,6.967641830444336,7.072744846343994,0.019870281219482422,6.957394599914551,6.959410667419434,6.949591636657715,-0.008810997009277344,7.274460315704346,6.960616111755371,7.184680938720703,0.06714272499084473
rock_02::pitch_shift::-1st,rock_02,rock,pitch_shift,-1.0,semitones,6.0306572914123535,5.979862213134766,5.976855754852295,-0.02840399742126465,7.1381072998046875,6.983974456787109,7.094954013824463,0.03391313552856445,6.957394599914551,6.920976161956787,6.926473617553711,-0.012711763381958008,7.274460315704346,6.968345642089844,7.17349100112915,0.052088022232055664
rock_02::pitch_shift::+1st,rock_02,rock,pitch_shift,1.0,semitones,6.0306572914123535,6.397435665130615,6.142516136169434,-0.07153034210205078,7.1381072998046875,7.256627082824707,7.23663330078125,0.039266109466552734,6.957394599914551,6.9695234298706055,6.946849822998047,-0.01660919189453125,7.274460315704346,7.206211090087891,7.290914058685303,0.05057835578918457
rock_02::pitch_shift::+2st,rock_02,rock,pitch_shift,2.0,semitones,6.0306572914123535,6.281561374664307,6.135514259338379,-0.020595073699951172,7.1381072998046875,7.095796585083008,7.180439472198486,0.06348752975463867,6.957394599914551,6.957529067993164,6.944073677062988,-0.01338815689086914,7.274460315704346,7.109989643096924,7.263490676879883,0.07126569747924805
rock_02::pitch_shift::+4st,rock_02,rock,pitch_shift,4.0,semitones,6.0306572914123535,6.593603610992432,6.343415260314941,0.03128480911254883,7.1381072998046875,7.009530067443848,7.140337944030762,0.06651926040649414,6.957394599914551,6.996319770812988,6.976534843444824,-0.0003223419189453125,7.274460315704346,6.922857284545898,7.1602606773376465,0.061601877212524414
rock_02::time_stretch::-20pct,rock_02,rock,time_stretch,-20.0,percent_tempo,6.0306572914123535,5.893881797790527,5.858831882476807,-0.10343766212463379,7.1381072998046875,6.318962574005127,6.821436882019043,0.09290194511413574,6.957394599914551,6.9383649826049805,6.91495418548584,-0.03292560577392578,7.274460315704346,6.64675235748291,7.024668216705322,0.06406188011169434
rock_02::time_stretch::-10pct,rock_02,rock,time_stretch,-10.0,percent_tempo,6.0306572914123535,6.232760429382324,6.05208158493042,-0.07962727546691895,7.1381072998046875,6.883532524108887,7.083973407745361,0.07315349578857422,6.957394599914551,6.981503486633301,6.942854404449463,-0.02659463882446289,7.274460315704346,7.029831409454346,7.191154479980469,0.03900861740112305
rock_02::time_stretch::-5pct,rock_02,rock,time_stretch,-5.0,percent_tempo,6.0306572914123535,6.252007007598877,6.055060863494873,-0.08627128601074219,7.1381072998046875,7.048690319061279,7.152697563171387,0.05929875373840332,6.957394599914551,6.954183578491211,6.932761192321777,-0.023027896881103516,7.274460315704346,7.022164344787598,7.2107415199279785,0.062429189682006836
rock_02::time_stretch::+5pct,rock_02,rock,time_stretch,5.0,percent_tempo,6.0306572914123535,6.167187213897705,6.048381328582764,-0.050540924072265625,7.1381072998046875,7.119812965393066,7.156249523162842,0.027289390563964844,6.957394599914551,6.929203987121582,6.9281463623046875,-0.015152931213378906,7.274460315704346,7.071447372436523,7.21721887588501,0.044265031814575195
rock_02::time_stretch::+10pct,rock_02,rock,time_stretch,10.0,percent_tempo,6.0306572914123535,6.085538864135742,6.049471378326416,-0.008626699447631836,7.1381072998046875,6.84018611907959,7.03769588470459,0.04854917526245117,6.957394599914551,6.971080780029297,6.951974868774414,-0.012262821197509766,7.274460315704346,7.003759860992432,7.198263645172119,0.05915355682373047
rock_02::time_stretch::+20pct,rock_02,rock,time_stretch,20.0,percent_tempo,6.0306572914123535,5.981642723083496,5.9789509773254395,-0.02719902992248535,7.1381072998046875,6.960173606872559,7.10099458694458,0.05185413360595703,6.957394599914551,6.967491626739502,6.950936794281006,-0.011506319046020508,7.274460315704346,6.958960056304932,7.174874305725098,0.058164119720458984
rock_02::lowpass::lp8000,rock_02,rock,lowpass,8000.0,hz_cutoff,6.0306572914123535,6.012897491455078,5.979941368103027,-0.04183602333068848,7.1381072998046875,7.073225975036621,7.200824737548828,0.09515810012817383,6.957394599914551,6.9580464363098145,6.929717063903809,-0.028003454208374023,7.274460315704346,7.226455211639404,7.312051773071289,0.06159400939941406
rock_02::lowpass::lp4000,rock_02,rock,lowpass,4000.0,hz_cutoff,6.0306572914123535,5.49232816696167,5.866197109222412,0.10470438003540039,7.1381072998046875,5.7404608726501465,6.60993766784668,0.1706535816192627,6.957394599914551,6.7487053871154785,6.835673809051514,-0.017376184463500977,7.274460315704346,5.857322692871094,6.739153861999512,0.173262357711792
rock_02::lowpass::lp2000,rock_02,rock,lowpass,2000.0,hz_cutoff,6.0306572914123535,3.7018141746520996,4.835590839385986,-0.030644893646240234,7.1381072998046875,3.0362415313720703,5.420724868774414,0.33355045318603516,6.957394599914551,6.351299285888672,6.636353492736816,-0.017993450164794922,7.274460315704346,4.410996437072754,6.095848083496094,0.25311970710754395
rock_02::distortion::drv4,rock_02,rock,distortion,4.0,tanh_drive,6.0306572914123535,4.027081489562988,5.005002498626709,-0.023866891860961914,7.1381072998046875,2.9321060180664062,5.282172679901123,0.24706602096557617,6.957394599914551,6.89455509185791,6.892004489898682,-0.03397035598754883,7.274460315704346,4.738661766052246,6.160655498504639,0.15409445762634277
rock_02::distortion::drv12,rock_02,rock,distortion,12.0,tanh_drive,6.0306572914123535,2.471022367477417,4.30267858505249,0.05183875560760498,7.1381072998046875,2.200336217880249,5.065427303314209,0.3962055444717407,6.957394599914551,6.635732173919678,6.789389133453369,-0.007174253463745117,7.274460315704346,3.3376846313476562,5.577015399932861,0.27094292640686035
rock_02::distortion::drv32,rock_02,rock,distortion,32.0,tanh_drive,6.0306572914123535,2.084672451019287,4.107033729553223,0.049368858337402344,7.1381072998046875,2.227754831314087,4.966151714324951,0.28322064876556396,6.957394599914551,6.40150260925293,6.633738040924072,-0.04571056365966797,7.274460315704346,3.1359217166900635,5.442353248596191,0.23716223239898682
rock_02::style_swap::swap_cross,rock_02,rock,style_swap,nan,cross_genre,6.0306572914123535,5.135979175567627,5.7829909324646,0.19967269897460938,7.1381072998046875,6.874530792236328,7.160900115966797,0.15458106994628906,6.957394599914551,5.334341049194336,6.256783962249756,0.1109161376953125,7.274460315704346,6.630236625671387,7.047157287597656,0.09480881690979004
rock_02::style_swap::swap_same,rock_02,rock,style_swap,nan,same_genre,6.0306572914123535,5.588619232177734,6.012353897094727,0.20271563529968262,7.1381072998046875,6.463522911071777,6.954878330230713,0.15406322479248047,6.957394599914551,6.708498954772949,6.85234260559082,0.019395828247070312,7.274460315704346,5.616275787353516,6.668463230133057,0.22309517860412598
rock_03::control::ctrl,rock_03,rock,control,0.0,none,4.543845176696777,4.583673000335693,4.301019191741943,-0.262739896774292,5.310812473297119,5.3726325035095215,5.512470245361328,0.1707477569580078,6.8368988037109375,6.8476080894470215,6.824789524078369,-0.01746392250061035,6.123287200927734,6.147655963897705,6.150974273681641,0.015502691268920898
rock_03::pitch_shift::-4st,rock_03,rock,pitch_shift,-4.0,semitones,4.543845176696777,4.864234447479248,4.445272922515869,-0.25876688957214355,5.310812473297119,6.5198893547058105,5.9745707511901855,0.0592198371887207,6.8368988037109375,6.540351867675781,6.7201433181762695,0.031517982482910156,6.123287200927734,6.171271324157715,6.155247688293457,0.007968425750732422
rock_03::pitch_shift::-2st,rock_03,rock,pitch_shift,-2.0,semitones,4.543845176696777,4.67572546005249,4.361534118652344,-0.24825119972229004,5.310812473297119,4.946253776550293,5.283559322357178,0.15502619743347168,6.8368988037109375,6.64863395690918,6.742469310760498,-0.0002970695495605469,6.123287200927734,5.834502696990967,6.022833347320557,0.043938398361206055
rock_03::pitch_shift::-1st,rock_03,rock,pitch_shift,-1.0,semitones,4.543845176696777,4.408580303192139,4.264432430267334,-0.21178030967712402,5.310812473297119,5.0275397300720215,5.341447830200195,0.172271728515625,6.8368988037109375,6.662841796875,6.753195285797119,0.0033249855041503906,6.123287200927734,5.946586608886719,6.065652370452881,0.030715465545654297
rock_03::pitch_shift::+1st,rock_03,rock,pitch_shift,1.0,semitones,4.543845176696777,5.42793083190918,4.709097862243652,-0.27679014205932617,5.310812473297119,5.9119672775268555,5.775115489959717,0.1637256145477295,6.8368988037109375,6.74452543258667,6.778345584869385,-0.012366533279418945,6.123287200927734,6.270748138427734,6.213765621185303,0.01674795150756836
rock_03::pitch_shift::+2st,rock_03,rock,pitch_shift,2.0,semitones,4.543845176696777,5.478753566741943,4.7271952629089355,-0.2841041088104248,5.310812473297119,4.580924034118652,5.074315071105957,0.1284468173980713,6.8368988037109375,6.816679954528809,6.81224250793457,-0.014546871185302734,6.123287200927734,5.6585164070129395,5.9231743812561035,0.0322725772857666
rock_03::pitch_shift::+4st,rock_03,rock,pitch_shift,4.0,semitones,4.543845176696777,5.897542953491211,4.946153163909912,-0.27454090118408203,5.310812473297119,6.050939083099365,5.632775783538818,-0.04809999465942383,6.8368988037109375,6.357646942138672,6.604557991027832,0.007285118103027344,6.123287200927734,5.698744773864746,5.915517807006836,0.004501819610595703
rock_03::time_stretch::-20pct,rock_03,rock,time_stretch,-20.0,percent_tempo,4.543845176696777,5.235490322113037,4.575900554656982,-0.3137671947479248,5.310812473297119,5.282356262207031,5.355982780456543,0.05939841270446777,6.8368988037109375,6.44943904876709,6.683680057525635,0.040511131286621094,6.123287200927734,5.837954998016357,5.969051837921143,-0.01156926155090332
rock_03::time_stretch::-10pct,rock_03,rock,time_stretch,-10.0,percent_tempo,4.543845176696777,5.462355136871338,4.682910442352295,-0.3201897144317627,5.310812473297119,5.444159984588623,5.491366386413574,0.11388015747070312,6.8368988037109375,6.372743606567383,6.637180328369141,0.03235912322998047,6.123287200927734,5.798518657684326,6.000979900360107,0.04007697105407715
rock_03::time_stretch::-5pct,rock_03,rock,time_stretch,-5.0,percent_tempo,4.543845176696777,4.924646377563477,4.486487865447998,-0.2477579116821289,5.310812473297119,5.575647830963135,5.601099491119385,0.1578693389892578,6.8368988037109375,6.657879829406738,6.7554192543029785,0.008029937744140625,6.123287200927734,6.1574811935424805,6.175883769989014,0.03549957275390625
rock_03::time_stretch::+5pct,rock_03,rock,time_stretch,5.0,percent_tempo,4.543845176696777,4.975538730621338,4.412877082824707,-0.3468148708343506,5.310812473297119,5.592477321624756,5.492198944091797,0.040554046630859375,6.8368988037109375,6.821857452392578,6.816613674163818,-0.012764453887939453,6.123287200927734,6.2065911293029785,6.144104957580566,-0.02083420753479004
rock_03::time_stretch::+10pct,rock_03,rock,time_stretch,10.0,percent_tempo,4.543845176696777,5.0484819412231445,4.441868305206299,-0.3542952537536621,5.310812473297119,5.176792144775391,5.289580345153809,0.04577803611755371,6.8368988037109375,6.8539581298828125,6.826812267303467,-0.018616199493408203,6.123287200927734,6.017791748046875,6.066675662994385,-0.003863811492919922
rock_03::time_stretch::+20pct,rock_03,rock,time_stretch,20.0,percent_tempo,4.543845176696777,5.328258991241455,4.62374210357666,-0.31230998039245605,5.310812473297119,6.064963340759277,5.769912242889404,0.08202433586120605,6.8368988037109375,6.8897600173950195,6.851875305175781,-0.011454105377197266,6.123287200927734,6.072265625,6.117976665496826,0.020200252532958984
rock_03::lowpass::lp8000,rock_03,rock,lowpass,8000.0,hz_cutoff,4.543845176696777,4.4589691162109375,4.243843078613281,-0.25756406784057617,5.310812473297119,5.240756988525391,5.441404819488525,0.1656200885772705,6.8368988037109375,6.8158063888549805,6.813990592956543,-0.012362003326416016,6.123287200927734,6.0721821784973145,6.110513210296631,0.012778520584106445
rock_03::lowpass::lp4000,rock_03,rock,lowpass,4000.0,hz_cutoff,4.543845176696777,3.7574145793914795,4.1031718254089355,-0.04745805263519287,5.310812473297119,3.193983793258667,4.692529201507568,0.4401310682296753,6.8368988037109375,6.464733600616455,6.6931376457214355,0.04232144355773926,6.123287200927734,4.689418792724609,5.6626787185668945,0.25632572174072266
rock_03::lowpass::lp2000,rock_03,rock,lowpass,2000.0,hz_cutoff,4.543845176696777,2.487415313720703,3.5764591693878174,0.06082892417907715,5.310812473297119,2.7283217906951904,4.600461006164551,0.580893874168396,6.8368988037109375,5.904499053955078,6.43639612197876,0.06569719314575195,6.123287200927734,4.167593955993652,5.463334083557129,0.31789350509643555
rock_03::distortion::drv4,rock_03,rock,distortion,4.0,tanh_drive,4.543845176696777,2.496284246444702,3.2779572010040283,-0.24210751056671143,5.310812473297119,2.265327215194702,3.8927557468414307,0.10468590259552002,6.8368988037109375,6.288818836212158,6.600948810577393,0.03808999061584473,6.123287200927734,3.8478052616119385,5.049710750579834,0.06416451930999756
rock_03::distortion::drv12,rock_03,rock,distortion,12.0,tanh_drive,4.543845176696777,1.9192390441894531,2.903388500213623,-0.3281536102294922,5.310812473297119,2.174531936645508,3.4668006896972656,-0.27587151527404785,6.8368988037109375,5.5306715965271,6.3412933349609375,0.15750813484191895,6.123287200927734,3.368353843688965,4.70792293548584,-0.037897586822509766
rock_03::distortion::drv32,rock_03,rock,distortion,32.0,tanh_drive,4.543845176696777,1.6571755409240723,2.8078391551971436,-0.29267120361328125,5.310812473297119,2.1773123741149902,3.5104787349700928,-0.23358368873596191,6.8368988037109375,4.546893119812012,5.917206764221191,0.2253108024597168,6.123287200927734,3.2577381134033203,4.675711154937744,-0.014801502227783203
rock_03::style_swap::swap_cross,rock_03,rock,style_swap,nan,cross_genre,4.543845176696777,7.482182502746582,6.011539936065674,-0.0014739036560058594,5.310812473297119,7.353399753570557,6.745316982269287,0.4132108688354492,6.8368988037109375,6.717780113220215,6.8102312088012695,0.03289175033569336,6.123287200927734,7.151274681091309,6.750333309173584,0.1130523681640625
rock_03::style_swap::swap_same,rock_03,rock,style_swap,nan,same_genre,4.543845176696777,6.018373489379883,5.149399280548096,-0.13171005249023438,5.310812473297119,7.140020847320557,6.484885215759277,0.25946855545043945,6.8368988037109375,6.957307815551758,6.935862064361572,0.03875875473022461,6.123287200927734,7.280304431915283,6.71671724319458,0.014921426773071289
rock_04::control::ctrl,rock_04,rock,control,0.0,none,5.167381286621094,5.167381286621094,5.085487365722656,-0.0818939208984375,6.140990257263184,6.140990257263184,6.115850925445557,-0.025139331817626953,6.802618026733398,6.802618026733398,6.769241809844971,-0.033376216888427734,6.049773216247559,6.049773216247559,6.119171619415283,0.06939840316772461
rock_04::pitch_shift::-4st,rock_04,rock,pitch_shift,-4.0,semitones,5.167381286621094,4.553409099578857,4.773786544799805,-0.0866086483001709,6.140990257263184,5.888421535491943,5.95407247543335,-0.06063342094421387,6.802618026733398,6.689357280731201,6.763249397277832,0.017261743545532227,6.049773216247559,5.504400253295898,5.792542934417725,0.015456199645996094
rock_04::pitch_shift::-2st,rock_04,rock,pitch_shift,-2.0,semitones,5.167381286621094,5.062902927398682,4.9984049797058105,-0.11673712730407715,6.140990257263184,6.259305000305176,6.14705228805542,-0.053095340728759766,6.802618026733398,6.767858982086182,6.777139186859131,-0.00809931755065918,6.049773216247559,5.996853828430176,6.049664497375488,0.026350975036621094
rock_04::pitch_shift::-1st,rock_04,rock,pitch_shift,-1.0,semitones,5.167381286621094,4.932521343231201,4.9737019538879395,-0.07624936103820801,6.140990257263184,6.2789411544799805,6.15867805480957,-0.05128765106201172,6.802618026733398,6.761889457702637,6.767971515655518,-0.0142822265625,6.049773216247559,5.864691734313965,5.994994163513184,0.037761688232421875
rock_04::pitch_shift::+1st,rock_04,rock,pitch_shift,1.0,semitones,5.167381286621094,5.377507209777832,5.176305294036865,-0.09613895416259766,6.140990257263184,6.491605758666992,6.289992332458496,-0.026305675506591797,6.802618026733398,6.744335651397705,6.76002311706543,-0.01345372200012207,6.049773216247559,6.120800971984863,6.121989727020264,0.036702632904052734
rock_04::pitch_shift::+2st,rock_04,rock,pitch_shift,2.0,semitones,5.167381286621094,5.24650764465332,5.153404712677002,-0.05353975296020508,6.140990257263184,6.1322784423828125,6.215890884399414,0.07925653457641602,6.802618026733398,6.675203323364258,6.731258869171143,-0.007651805877685547,6.049773216247559,5.748431205749512,5.984463691711426,0.08536148071289062
rock_04::pitch_shift::+4st,rock_04,rock,pitch_shift,4.0,semitones,5.167381286621094,5.592574596405029,5.240386486053467,-0.13959145545959473,6.140990257263184,6.206366539001465,6.177359104156494,0.003680706024169922,6.802618026733398,6.596612453460693,6.695380687713623,-0.0042345523834228516,6.049773216247559,5.539692401885986,5.893496036529541,0.09876322746276855
rock_04::time_stretch::-20pct,rock_04,rock,time_stretch,-20.0,percent_tempo,5.167381286621094,4.80344295501709,4.9710540771484375,-0.014358043670654297,6.140990257263184,5.062882900238037,5.728513717651367,0.12657713890075684,6.802618026733398,6.757473945617676,6.766788959503174,-0.013257026672363281,6.049773216247559,5.195123672485352,5.747799396514893,0.1253509521484375
rock_04::time_stretch::-10pct,rock_04,rock,time_stretch,-10.0,percent_tempo,5.167381286621094,4.979574203491211,4.9910101890563965,-0.08246755599975586,6.140990257263184,5.955284595489502,6.053882122039795,0.0057446956634521484,6.802618026733398,6.737008094787598,6.771083354949951,0.001270294189453125,6.049773216247559,5.690317153930664,5.923760890960693,0.05371570587158203
rock_04::time_stretch::-5pct,rock_04,rock,time_stretch,-5.0,percent_tempo,5.167381286621094,5.313963413238525,5.14924430847168,-0.09142804145812988,6.140990257263184,6.351593017578125,6.198466777801514,-0.047824859619140625,6.802618026733398,6.735997200012207,6.750944137573242,-0.018363475799560547,6.049773216247559,5.854263782501221,5.985166549682617,0.03314805030822754
rock_04::time_stretch::+5pct,rock_04,rock,time_stretch,5.0,percent_tempo,5.167381286621094,5.080248832702637,4.98335599899292,-0.1404590606689453,6.140990257263184,6.2542033195495605,6.13346529006958,-0.06413149833679199,6.802618026733398,6.720771789550781,6.733999729156494,-0.027695178985595703,6.049773216247559,5.956248760223389,6.000571250915527,-0.002439737319946289
rock_04::time_stretch::+10pct,rock_04,rock,time_stretch,10.0,percent_tempo,5.167381286621094,5.147581577301025,5.041976451873779,-0.11550498008728027,6.140990257263184,6.292547702789307,6.197859287261963,-0.018909692764282227,6.802618026733398,6.74006462097168,6.750473499298096,-0.02086782455444336,6.049773216247559,5.963827133178711,6.0508036613464355,0.04400348663330078
rock_04::time_stretch::+20pct,rock_04,rock,time_stretch,20.0,percent_tempo,5.167381286621094,5.076759338378906,4.9651780128479,-0.1568922996520996,6.140990257263184,6.14882755279541,6.090977668762207,-0.053931236267089844,6.802618026733398,6.730146884918213,6.744395732879639,-0.021986722946166992,6.049773216247559,5.767126083374023,5.928915500640869,0.020465850830078125
rock_04::lowpass::lp8000,rock_04,rock,lowpass,8000.0,hz_cutoff,5.167381286621094,5.060964107513428,5.055579662322998,-0.058593034744262695,6.140990257263184,6.115755558013916,6.105147838592529,-0.023225069046020508,6.802618026733398,6.797255992889404,6.7656683921813965,-0.03426861763000488,6.049773216247559,5.9942097663879395,6.1081223487854,0.08613085746765137
rock_04::lowpass::lp4000,rock_04,rock,lowpass,4000.0,hz_cutoff,5.167381286621094,4.712792873382568,5.059691905975342,0.11960482597351074,6.140990257263184,5.012124061584473,5.7390828132629395,0.16252565383911133,6.802618026733398,6.588399887084961,6.69711446762085,0.0016055107116699219,6.049773216247559,4.934493541717529,5.7595319747924805,0.2673985958099365
rock_04::lowpass::lp2000,rock_04,rock,lowpass,2000.0,hz_cutoff,5.167381286621094,2.9851272106170654,4.328321933746338,0.2520676851272583,6.140990257263184,2.985060453414917,4.9466328620910645,0.38360750675201416,6.802618026733398,6.107658863067627,6.454079627990723,-0.001058816909790039,6.049773216247559,4.136012077331543,5.609232425689697,0.5163397789001465
rock_04::distortion::drv4,rock_04,rock,distortion,4.0,tanh_drive,5.167381286621094,4.271424770355225,4.7602715492248535,0.040868520736694336,6.140990257263184,4.807061672210693,5.6143927574157715,0.140366792678833,6.802618026733398,6.781621932983398,6.769687175750732,-0.022432804107666016,6.049773216247559,5.166476726531982,5.713578701019287,0.1054537296295166
rock_04::distortion::drv12,rock_04,rock,distortion,12.0,tanh_drive,5.167381286621094,2.5940515995025635,3.8297104835510254,-0.05100595951080322,6.140990257263184,2.251973867416382,4.2952704429626465,0.09878838062286377,6.802618026733398,6.189430236816406,6.524930477142334,0.02890634536743164,6.049773216247559,3.5297248363494873,4.855900287628174,0.06615126132965088
rock_04::distortion::drv32,rock_04,rock,distortion,32.0,tanh_drive,5.167381286621094,2.2047009468078613,3.647693157196045,-0.03834795951843262,6.140990257263184,2.1818809509277344,4.21183967590332,0.05040407180786133,6.802618026733398,5.764183521270752,6.346712112426758,0.06331133842468262,6.049773216247559,3.230970859527588,4.733718395233154,0.09334635734558105
rock_04::style_swap::swap_cross,rock_04,rock,style_swap,nan,cross_genre,5.167381286621094,4.241197109222412,4.892094612121582,0.1878054141998291,6.140990257263184,5.275127410888672,5.824864864349365,0.1168060302734375,6.802618026733398,6.494071960449219,6.667558670043945,0.01921367645263672,6.049773216247559,5.889029026031494,6.115986347198486,0.14658522605895996
rock_04::style_swap::swap_same,rock_04,rock,style_swap,nan,same_genre,5.167381286621094,5.002398490905762,5.008964538574219,-0.07592535018920898,6.140990257263184,6.21069860458374,6.132162570953369,-0.04368185997009277,6.802618026733398,6.730270862579346,6.793655872344971,0.027211427688598633,6.049773216247559,6.0107035636901855,6.120702743530273,0.09046435356140137
rock_05::control::ctrl,rock_05,rock,control,0.0,none,4.912194728851318,4.912194728851318,4.821348667144775,-0.09084606170654297,5.383305072784424,5.383305072784424,5.474209785461426,0.09090471267700195,6.10986328125,6.10986328125,6.068930625915527,-0.040932655334472656,5.184308052062988,5.184308052062988,5.311259746551514,0.1269516944885254
rock_05::pitch_shift::-4st,rock_05,rock,pitch_shift,-4.0,semitones,4.912194728851318,5.925140380859375,5.189486026763916,-0.22918152809143066,5.383305072784424,7.074012279510498,6.2354960441589355,0.006837368011474609,6.10986328125,6.232189655303955,6.169236183166504,-0.0017902851104736328,5.184308052062988,6.310152530670166,5.744497299194336,-0.002732992172241211
rock_05::pitch_shift::-2st,rock_05,rock,pitch_shift,-2.0,semitones,4.912194728851318,5.821006774902344,5.27365779876709,-0.09294295310974121,5.383305072784424,6.856605529785156,6.157400131225586,0.0374448299407959,6.10986328125,6.131007194519043,6.08808708190918,-0.0323481559753418,5.184308052062988,6.144146919250488,5.699456214904785,0.035228729248046875
rock_05::pitch_shift::-1st,rock_05,rock,pitch_shift,-1.0,semitones,4.912194728851318,5.295848846435547,5.0801897048950195,-0.023832082748413086,5.383305072784424,6.3384623527526855,5.976428031921387,0.11554431915283203,6.10986328125,6.230351448059082,6.143743515014648,-0.026363849639892578,5.184308052062988,5.858932018280029,5.603031635284424,0.08141160011291504
rock_05::pitch_shift::+1st,rock_05,rock,pitch_shift,1.0,semitones,4.912194728851318,5.109536170959473,4.921199798583984,-0.08966565132141113,5.383305072784424,5.762321949005127,5.6852850914001465,0.1124715805053711,6.10986328125,6.224081993103027,6.148335933685303,-0.018636703491210938,5.184308052062988,5.437398910522461,5.4019365310668945,0.09108304977416992
rock_05::pitch_shift::+2st,rock_05,rock,pitch_shift,2.0,semitones,4.912194728851318,5.742406368255615,5.104549407958984,-0.22275114059448242,5.383305072784424,6.6307573318481445,6.05305814743042,0.04602694511413574,6.10986328125,6.14317512512207,6.135908603668213,0.009389400482177734,5.184308052062988,5.968928813934326,5.572735786437988,-0.0038826465606689453
rock_05::pitch_shift::+4st,rock_05,rock,pitch_shift,4.0,semitones,4.912194728851318,5.525576591491699,5.025721549987793,-0.19316411018371582,5.383305072784424,6.223589897155762,6.01298713684082,0.20953965187072754,6.10986328125,6.061344623565674,6.1465911865234375,0.060987234115600586,5.184308052062988,5.503678321838379,5.503974437713623,0.15998125076293945
rock_05::time_stretch::-20pct,rock_05,rock,time_stretch,-20.0,percent_tempo,4.912194728851318,4.19242000579834,4.564721584320068,0.012414216995239258,5.383305072784424,4.664130687713623,5.255401134490967,0.23168325424194336,6.10986328125,5.695352077484131,5.890594005584717,-0.012013673782348633,5.184308052062988,4.518742561340332,4.988112926483154,0.13658761978149414
rock_05::time_stretch::-10pct,rock_05,rock,time_stretch,-10.0,percent_tempo,4.912194728851318,5.41664457321167,5.081300735473633,-0.08311891555786133,5.383305072784424,6.045995712280273,5.786046028137207,0.0713956356048584,6.10986328125,6.015356063842773,6.056521415710449,-0.0060882568359375,5.184308052062988,5.4350433349609375,5.389950752258301,0.08027505874633789
rock_05::time_stretch::-5pct,rock_05,rock,time_stretch,-5.0,percent_tempo,4.912194728851318,5.2960591316223145,5.0271382331848145,-0.07698869705200195,5.383305072784424,5.901050090789795,5.694681644439697,0.05250406265258789,6.10986328125,6.247635841369629,6.122476577758789,-0.05627298355102539,5.184308052062988,5.447120189666748,5.411083221435547,0.09536910057067871
rock_05::time_stretch::+5pct,rock_05,rock,time_stretch,5.0,percent_tempo,4.912194728851318,5.2853569984436035,5.023366451263428,-0.0754094123840332,5.383305072784424,6.130358695983887,5.83135461807251,0.07452273368835449,6.10986328125,6.142401218414307,6.089612007141113,-0.03652024269104004,5.184308052062988,5.582726001739502,5.493110179901123,0.10959315299987793
rock_05::time_stretch::+10pct,rock_05,rock,time_stretch,10.0,percent_tempo,4.912194728851318,5.415290355682373,5.103047847747803,-0.06069469451904297,5.383305072784424,6.048351287841797,5.789826393127441,0.07399821281433105,6.10986328125,6.069518089294434,6.082830429077148,-0.006860256195068359,5.184308052062988,5.265046119689941,5.318955898284912,0.09427881240844727
rock_05::time_stretch::+20pct,rock_05,rock,time_stretch,20.0,percent_tempo,4.912194728851318,5.347607612609863,5.032532691955566,-0.09736847877502441,5.383305072784424,6.021742820739746,5.782957553863525,0.08043360710144043,6.10986328125,6.32027006149292,6.181927680969238,-0.03313899040222168,5.184308052062988,5.216231346130371,5.294919490814209,0.0946497917175293
rock_05::lowpass::lp8000,rock_05,rock,lowpass,8000.0,hz_cutoff,4.912194728851318,4.836978912353516,4.762429714202881,-0.11215710639953613,5.383305072784424,5.441770076751709,5.499080657958984,0.08654308319091797,6.10986328125,6.089877605438232,6.061532497406006,-0.03833794593811035,5.184308052062988,5.275407791137695,5.333749771118164,0.10389184951782227
rock_05::lowpass::lp4000,rock_05,rock,lowpass,4000.0,hz_cutoff,4.912194728851318,4.132360935211182,4.553624153137207,0.03134632110595703,5.383305072784424,3.1420257091522217,4.677224159240723,0.4145587682723999,6.10986328125,5.529867172241211,5.878113746643066,0.05824851989746094,5.184308052062988,3.9390127658843994,4.898390293121338,0.33672988414764404
rock_05::lowpass::lp2000,rock_05,rock,lowpass,2000.0,hz_cutoff,4.912194728851318,2.8753297328948975,4.008666515350342,0.11490428447723389,5.383305072784424,3.758197069168091,4.924523830413818,0.35377275943756104,6.10986328125,4.601851463317871,5.552539825439453,0.19668245315551758,5.184308052062988,4.419539928436279,5.082696437835693,0.28077244758605957
rock_05::distortion::drv4,rock_05,rock,distortion,4.0,tanh_drive,4.912194728851318,3.500239849090576,4.080888271331787,-0.12532901763916016,5.383305072784424,2.6177124977111816,4.298504829406738,0.29799604415893555,6.10986328125,5.538608551025391,5.902829170227051,0.07859325408935547,5.184308052062988,3.4461216926574707,4.425325393676758,0.11011052131652832
rock_05::distortion::drv12,rock_05,rock,distortion,12.0,tanh_drive,4.912194728851318,2.8357038497924805,3.6686010360717773,-0.20534825325012207,5.383305072784424,2.3625855445861816,3.936857223510742,0.06391191482543945,6.10986328125,4.615779399871826,5.510860919952393,0.1480395793914795,5.184308052062988,3.3005146980285645,4.32377815246582,0.08136677742004395
rock_05::distortion::drv32,rock_05,rock,distortion,32.0,tanh_drive,4.912194728851318,2.444420576095581,3.5227596759796143,-0.15554797649383545,5.383305072784424,2.3291447162628174,4.007490634918213,0.15126574039459229,6.10986328125,4.177277088165283,5.320906639099121,0.1773364543914795,5.184308052062988,3.2925655841827393,4.371510982513428,0.13307416439056396
rock_05::style_swap::swap_cross,rock_05,rock,style_swap,nan,cross_genre,4.912194728851318,5.952026844024658,5.418645858764648,-0.013464927673339844,5.383305072784424,5.781515121459961,5.703033924102783,0.12062382698059082,6.10986328125,5.196420669555664,5.606204509735107,-0.04693746566772461,5.184308052062988,6.415907859802246,5.867323875427246,0.0672159194946289
rock_05::style_swap::swap_same,rock_05,rock,style_swap,nan,same_genre,4.912194728851318,3.7417235374450684,4.231324672698975,-0.09563446044921875,5.383305072784424,4.9384965896606445,5.172441005706787,0.01154017448425293,6.10986328125,6.369614601135254,6.181389331817627,-0.058349609375,5.184308052062988,4.416069984436035,4.943911075592041,0.1437220573425293
rock_06::control::ctrl,rock_06,rock,control,0.0,none,6.792791366577148,6.792791366577148,6.722107887268066,-0.07068347930908203,7.542250633239746,7.542250633239746,7.524689674377441,-0.017560958862304688,6.5163421630859375,6.5163421630859375,6.459447860717773,-0.05689430236816406,6.802626609802246,6.802626609802246,6.856583118438721,0.05395650863647461
rock_06::pitch_shift::-4st,rock_06,rock,pitch_shift,-4.0,semitones,6.792791366577148,6.939346790313721,6.840904235839844,-0.02516484260559082,7.542250633239746,7.601580619812012,7.578571796417236,0.006656169891357422,6.5163421630859375,6.414190292358398,6.4690399169921875,0.0037736892700195312,6.802626609802246,7.043209552764893,7.030975818634033,0.10805773735046387
rock_06::pitch_shift::-2st,rock_06,rock,pitch_shift,-2.0,semitones,6.792791366577148,6.716744422912598,6.701670169830322,-0.05309772491455078,7.542250633239746,7.460754871368408,7.490724563598633,-0.010778188705444336,6.5163421630859375,6.413179397583008,6.446255683898926,-0.018505096435546875,6.802626609802246,6.797261714935303,6.834376811981201,0.03443264961242676
rock_06::pitch_shift::-1st,rock_06,rock,pitch_shift,-1.0,semitones,6.792791366577148,6.800176620483398,6.7343878746032715,-0.06209611892700195,7.542250633239746,7.441031455993652,7.478511810302734,-0.013129234313964844,6.5163421630859375,6.288275241851807,6.3806633949279785,-0.021645307540893555,6.802626609802246,6.517261981964111,6.725226879119873,0.06528258323669434
rock_06::pitch_shift::+1st,rock_06,rock,pitch_shift,1.0,semitones,6.792791366577148,6.8471808433532715,6.782652378082275,-0.03733372688293457,7.542250633239746,7.556125640869141,7.5345306396484375,-0.01465749740600586,6.5163421630859375,6.371231555938721,6.430060863494873,-0.013725996017456055,6.802626609802246,6.8674774169921875,6.882496356964111,0.04744434356689453
rock_06::pitch_shift::+2st,rock_06,rock,pitch_shift,2.0,semitones,6.792791366577148,6.916670322418213,6.826333045959473,-0.028397798538208008,7.542250633239746,7.582977771759033,7.572537422180176,0.009923219680786133,6.5163421630859375,6.295407295227051,6.406733512878418,0.0008587837219238281,6.802626609802246,6.842670917510986,6.9040679931640625,0.08141922950744629
rock_06::pitch_shift::+4st,rock_06,rock,pitch_shift,4.0,semitones,6.792791366577148,7.027989387512207,6.874577045440674,-0.035813331604003906,7.542250633239746,7.409540176391602,7.494587421417236,0.0186920166015625,6.5163421630859375,6.192617416381836,6.393974304199219,0.03949451446533203,6.802626609802246,6.634152889251709,6.816375732421875,0.09798598289489746
rock_06::time_stretch::-20pct,rock_06,rock,time_stretch,-20.0,percent_tempo,6.792791366577148,6.798947334289551,6.74352502822876,-0.052344322204589844,7.542250633239746,7.385678291320801,7.46600866317749,0.002044200897216797,6.5163421630859375,6.17026424407959,6.328423976898193,-0.014879226684570312,6.802626609802246,6.591017246246338,6.751163959503174,0.054342031478881836
rock_06::time_stretch::-10pct,rock_06,rock,time_stretch,-10.0,percent_tempo,6.792791366577148,6.987926483154297,6.847456455230713,-0.042902469635009766,7.542250633239746,7.656602382659912,7.581132888793945,-0.01829361915588379,6.5163421630859375,6.386204719543457,6.408393859863281,-0.042879581451416016,6.802626609802246,6.825465679168701,6.852378845214844,0.03833270072937012
rock_06::time_stretch::-5pct,rock_06,rock,time_stretch,-5.0,percent_tempo,6.792791366577148,6.94150972366333,6.806588172912598,-0.0605623722076416,7.542250633239746,7.608013153076172,7.5554633140563965,-0.0196685791015625,6.5163421630859375,6.329265594482422,6.3888421058654785,-0.03396177291870117,6.802626609802246,6.887170791625977,6.886530876159668,0.04163217544555664
rock_06::time_stretch::+5pct,rock_06,rock,time_stretch,5.0,percent_tempo,6.792791366577148,6.7881317138671875,6.735548496246338,-0.05491304397583008,7.542250633239746,7.457736492156982,7.499345302581787,-0.0006482601165771484,6.5163421630859375,6.412689208984375,6.427969932556152,-0.036545753479003906,6.802626609802246,6.63625431060791,6.781610012054443,0.062169551849365234
rock_06::time_stretch::+10pct,rock_06,rock,time_stretch,10.0,percent_tempo,6.792791366577148,6.789346694946289,6.724886894226074,-0.06618213653564453,7.542250633239746,7.515538215637207,7.4866743087768555,-0.042220115661621094,6.5163421630859375,6.297769069671631,6.365497589111328,-0.041558027267456055,6.802626609802246,6.5661797523498535,6.699902057647705,0.015498876571655273
rock_06::time_stretch::+20pct,rock_06,rock,time_stretch,20.0,percent_tempo,6.792791366577148,6.8130035400390625,6.740361213684082,-0.06253623962402344,7.542250633239746,7.464878559112549,7.478431224822998,-0.025133371353149414,6.5163421630859375,6.350905418395996,6.3944220542907715,-0.03920173645019531,6.802626609802246,6.468371868133545,6.656589508056641,0.021090269088745117
rock_06::lowpass::lp8000,rock_06,rock,lowpass,8000.0,hz_cutoff,6.792791366577148,6.748530387878418,6.6939167976379395,-0.07674407958984375,7.542250633239746,7.512056350708008,7.500696659088135,-0.026456832885742188,6.5163421630859375,6.484432220458984,6.451742172241211,-0.04864501953125,6.802626609802246,6.716787815093994,6.796235084533691,0.03652787208557129
rock_06::lowpass::lp4000,rock_06,rock,lowpass,4000.0,hz_cutoff,6.792791366577148,6.394059181213379,6.614350318908691,0.020925045013427734,7.542250633239746,6.943579196929932,7.252068996429443,0.009154081344604492,6.5163421630859375,6.018714427947998,6.288563251495361,0.021034955978393555,6.802626609802246,5.269093036651611,6.273767471313477,0.23790764808654785
rock_06::lowpass::lp2000,rock_06,rock,lowpass,2000.0,hz_cutoff,6.792791366577148,5.5279011726379395,6.297539234161377,0.137192964553833,7.542250633239746,5.124126434326172,6.428821563720703,0.09563302993774414,6.5163421630859375,5.412930965423584,5.904277801513672,-0.06035876274108887,6.802626609802246,4.533465385437012,5.94460391998291,0.27655792236328125
rock_06::distortion::drv4,rock_06,rock,distortion,4.0,tanh_drive,6.792791366577148,6.565014839172363,6.625115394592285,-0.0537877082824707,7.542250633239746,7.3745341300964355,7.435714244842529,-0.022678136825561523,6.5163421630859375,6.549349784851074,6.500288963317871,-0.032557010650634766,6.802626609802246,6.272097587585449,6.6102519035339355,0.07288980484008789
rock_06::distortion::drv12,rock_06,rock,distortion,12.0,tanh_drive,6.792791366577148,5.137401580810547,6.042196273803711,0.07709980010986328,7.542250633239746,4.805554389953613,6.219541549682617,0.0456390380859375,6.5163421630859375,6.374307632446289,6.461974620819092,0.016649723052978516,6.802626609802246,4.2682342529296875,5.746051788330078,0.21062135696411133
rock_06::distortion::drv32,rock_06,rock,distortion,32.0,tanh_drive,6.792791366577148,3.73494553565979,5.481290340423584,0.21742188930511475,7.542250633239746,2.6044039726257324,5.372018814086914,0.2986915111541748,6.5163421630859375,5.751315116882324,6.258328437805176,0.12449979782104492,6.802626609802246,3.5123977661132812,5.337108612060547,0.1795964241027832
rock_06::style_swap::swap_cross,rock_06,rock,style_swap,nan,cross_genre,6.792791366577148,7.142921447753906,7.03151798248291,0.06366157531738281,7.542250633239746,7.400110721588135,7.545506954193115,0.0743262767791748,6.5163421630859375,5.435996055603027,6.003711700439453,0.027542591094970703,6.802626609802246,7.303409099578857,7.126635551452637,0.07361769676208496
rock_06::style_swap::swap_same,rock_06,rock,style_swap,nan,same_genre,6.792791366577148,7.381894111633301,7.086724281311035,-0.0006184577941894531,7.542250633239746,7.813825607299805,7.721501350402832,0.04346323013305664,6.5163421630859375,6.138944149017334,6.391377925872803,0.06373476982116699,6.802626609802246,7.951894283294678,7.507842540740967,0.13058209419250488
rock_07::control::ctrl,rock_07,rock,control,0.0,none,7.524332523345947,7.524332523345947,7.425144672393799,-0.09918785095214844,7.4922285079956055,7.4922285079956055,7.480545520782471,-0.011682987213134766,6.524011611938477,6.524011611938477,6.541829586029053,0.017817974090576172,7.841526031494141,7.841526031494141,7.859460830688477,0.017934799194335938
rock_07::pitch_shift::-4st,rock_07,rock,pitch_shift,-4.0,semitones,7.524332523345947,7.206413269042969,7.33850622177124,-0.026866674423217773,7.4922285079956055,7.542195796966553,7.504317760467529,-0.012894392013549805,6.524011611938477,6.236997604370117,6.483209133148193,0.10270452499389648,7.841526031494141,7.5641374588012695,7.765379905700684,0.06254816055297852
rock_07::pitch_shift::-2st,rock_07,rock,pitch_shift,-2.0,semitones,7.524332523345947,7.502903938293457,7.443298816680908,-0.07031941413879395,7.4922285079956055,7.6191911697387695,7.539320468902588,-0.01638936996459961,6.524011611938477,6.378079414367676,6.514664649963379,0.06361913681030273,7.841526031494141,7.803792476654053,7.854290962219238,0.0316317081451416
rock_07::pitch_shift::-1st,rock_07,rock,pitch_shift,-1.0,semitones,7.524332523345947,7.542433261871338,7.447484970092773,-0.08589792251586914,7.4922285079956055,7.627900123596191,7.534983158111572,-0.025081157684326172,6.524011611938477,6.433082103729248,6.521545886993408,0.0429990291595459,7.841526031494141,7.876978874206543,7.885129928588867,0.02587747573852539
rock_07::pitch_shift::+1st,rock_07,rock,pitch_shift,1.0,semitones,7.524332523345947,7.572739601135254,7.462777137756348,-0.08575892448425293,7.4922285079956055,7.71589469909668,7.589855670928955,-0.0142059326171875,6.524011611938477,6.122967720031738,6.352995872497559,0.029506206512451172,7.841526031494141,7.8480119705200195,7.885269641876221,0.040500640869140625
rock_07::pitch_shift::+2st,rock_07,rock,pitch_shift,2.0,semitones,7.524332523345947,7.5466084480285645,7.477053165435791,-0.058417320251464844,7.4922285079956055,7.708588123321533,7.590473175048828,-0.009935140609741211,6.524011611938477,6.072450160980225,6.3979997634887695,0.09976887702941895,7.841526031494141,7.813236236572266,7.877981662750244,0.050600528717041016
rock_07::pitch_shift::+4st,rock_07,rock,pitch_shift,4.0,semitones,7.524332523345947,7.123898983001709,7.32986307144165,0.005747318267822266,7.4922285079956055,7.455989837646484,7.479874134063721,0.005764961242675781,6.524011611938477,5.936389923095703,6.368486404418945,0.13828563690185547,7.841526031494141,7.400712966918945,7.749866962432861,0.12874746322631836
rock_07::time_stretch::-20pct,rock_07,rock,time_stretch,-20.0,percent_tempo,7.524332523345947,7.299571514129639,7.325135231018066,-0.08681678771972656,7.4922285079956055,7.3517045974731445,7.410400390625,-0.011566162109375,6.524011611938477,6.282027244567871,6.46251106262207,0.059491634368896484,7.841526031494141,7.57165002822876,7.73397159576416,0.02738356590270996
rock_07::time_stretch::-10pct,rock_07,rock,time_stretch,-10.0,percent_tempo,7.524332523345947,7.279484748840332,7.310642719268799,-0.09126591682434082,7.4922285079956055,7.366136074066162,7.4228925704956055,-0.00628972053527832,6.524011611938477,6.14703369140625,6.388490200042725,0.05296754837036133,7.841526031494141,7.549905300140381,7.752140998840332,0.05642533302307129
rock_07::time_stretch::-5pct,rock_07,rock,time_stretch,-5.0,percent_tempo,7.524332523345947,7.51074743270874,7.417182922363281,-0.1003570556640625,7.4922285079956055,7.616951942443848,7.533016204833984,-0.021574020385742188,6.524011611938477,6.408143997192383,6.501265525817871,0.035187721252441406,7.841526031494141,7.8167195320129395,7.85331916809082,0.024196386337280273
rock_07::time_stretch::+5pct,rock_07,rock,time_stretch,5.0,percent_tempo,7.524332523345947,7.544267654418945,7.429142475128174,-0.10515761375427246,7.4922285079956055,7.696060657501221,7.547684669494629,-0.04645991325378418,6.524011611938477,6.433870315551758,6.553887367248535,0.07494640350341797,7.841526031494141,7.9393110275268555,7.896778106689453,0.006359577178955078
rock_07::time_stretch::+10pct,rock_07,rock,time_stretch,10.0,percent_tempo,7.524332523345947,7.594830513000488,7.458420276641846,-0.10116124153137207,7.4922285079956055,7.75159215927124,7.597777366638184,-0.024132966995239258,6.524011611938477,6.351011276245117,6.4352545738220215,-0.0022568702697753906,7.841526031494141,7.876753330230713,7.882523059844971,0.023383378982543945
rock_07::time_stretch::+20pct,rock_07,rock,time_stretch,20.0,percent_tempo,7.524332523345947,7.6548237800598145,7.470523357391357,-0.11905479431152344,7.4922285079956055,7.80943489074707,7.598382949829102,-0.05244874954223633,6.524011611938477,6.48557186126709,6.55389928817749,0.04910755157470703,7.841526031494141,7.985535144805908,7.929020881652832,0.015490293502807617
rock_07::lowpass::lp8000,rock_07,rock,lowpass,8000.0,hz_cutoff,7.524332523345947,7.477302551269531,7.403639793395996,-0.09717774391174316,7.4922285079956055,7.432498455047607,7.4567670822143555,-0.0055963993072509766,6.524011611938477,6.499760627746582,6.53386926651001,0.02198314666748047,7.841526031494141,7.781954765319824,7.8444061279296875,0.03266572952270508
rock_07::lowpass::lp4000,rock_07,rock,lowpass,4000.0,hz_cutoff,7.524332523345947,7.444159507751465,7.423343658447266,-0.06090235710144043,7.4922285079956055,7.358424186706543,7.461956977844238,0.03663063049316406,6.524011611938477,5.912633419036865,6.266494274139404,0.0481717586517334,7.841526031494141,7.418959617614746,7.745492458343506,0.1152496337890625
rock_07::lowpass::lp2000,rock_07,rock,lowpass,2000.0,hz_cutoff,7.524332523345947,7.116964817047119,7.307835578918457,-0.012813091278076172,7.4922285079956055,7.124645233154297,7.4418416023254395,0.13340473175048828,6.524011611938477,4.9792375564575195,5.82712459564209,0.0755000114440918,7.841526031494141,6.401116371154785,7.409518718719482,0.28819751739501953
rock_07::distortion::drv4,rock_07,rock,distortion,4.0,tanh_drive,7.524332523345947,6.323032855987549,7.122432231903076,0.19874954223632812,7.4922285079956055,4.216986179351807,6.63583517074585,0.7812278270721436,6.524011611938477,6.666612148284912,6.615286350250244,0.019974470138549805,7.841526031494141,5.196352005004883,6.932506561279297,0.41356754302978516
rock_07::distortion::drv12,rock_07,rock,distortion,12.0,tanh_drive,7.524332523345947,2.7725939750671387,5.489023208618164,0.3405599594116211,7.4922285079956055,2.1965839862823486,5.192992210388184,0.34858596324920654,6.524011611938477,6.105684757232666,6.448706150054932,0.13385796546936035,7.841526031494141,3.3603761196136475,5.948894500732422,0.34794342517852783
rock_07::distortion::drv32,rock_07,rock,distortion,32.0,tanh_drive,7.524332523345947,2.4548864364624023,5.299673080444336,0.31006360054016113,7.4922285079956055,2.212157726287842,5.196895122528076,0.34470200538635254,6.524011611938477,5.460533618927002,6.118613243103027,0.12634062767028809,7.841526031494141,3.2075414657592773,5.845501899719238,0.3209681510925293
rock_07::style_swap::swap_cross,rock_07,rock,style_swap,nan,cross_genre,7.524332523345947,6.57369327545166,7.220584392547607,0.1715714931488037,7.4922285079956055,8.004661560058594,7.73084831237793,-0.017596721649169922,6.524011611938477,5.396193027496338,6.138237953186035,0.17813563346862793,7.841526031494141,7.72332239151001,7.882928848266602,0.10050463676452637
rock_07::style_swap::swap_same,rock_07,rock,style_swap,nan,same_genre,7.524332523345947,6.565106391906738,7.033226490020752,-0.01149296760559082,7.4922285079956055,7.024418830871582,7.328486919403076,0.07016324996948242,6.524011611938477,6.9301934242248535,6.879946231842041,0.15284371376037598,7.841526031494141,6.899585247039795,7.570956707000732,0.20040106773376465
rock_08::control::ctrl,rock_08,rock,control,0.0,none,4.9275126457214355,4.9275126457214355,4.79243278503418,-0.13507986068725586,6.058538913726807,6.058538913726807,5.952718734741211,-0.1058201789855957,6.725804805755615,6.725804805755615,6.684989929199219,-0.040814876556396484,5.967010974884033,5.967010974884033,5.963955879211426,-0.003055095672607422
rock_08::pitch_shift::-4st,rock_08,rock,pitch_shift,-4.0,semitones,4.9275126457214355,5.272395133972168,5.119655609130859,0.019701719284057617,6.058538913726807,5.857743740081787,6.078002452850342,0.11986112594604492,6.725804805755615,6.76971960067749,6.769072532653809,0.02131032943725586,5.967010974884033,5.769023895263672,6.0129714012146,0.14495396614074707
rock_08::pitch_shift::-2st,rock_08,rock,pitch_shift,-2.0,semitones,4.9275126457214355,5.083903789520264,4.999305248260498,-0.0064029693603515625,6.058538913726807,6.168004989624023,6.150158882141113,0.03688693046569824,6.725804805755615,6.77275276184082,6.753237247467041,0.003958463668823242,5.967010974884033,6.0786919593811035,6.106535911560059,0.08368444442749023
rock_08::pitch_shift::-1st,rock_08,rock,pitch_shift,-1.0,semitones,4.9275126457214355,5.076305389404297,5.041498184204102,0.03958916664123535,6.058538913726807,6.22580099105835,6.284914493560791,0.1427445411682129,6.725804805755615,6.734328269958496,6.715425491333008,-0.014641046524047852,5.967010974884033,6.106884479522705,6.202300548553467,0.16535282135009766
rock_08::pitch_shift::+1st,rock_08,rock,pitch_shift,1.0,semitones,4.9275126457214355,5.030942916870117,4.998008728027344,0.018780946731567383,6.058538913726807,5.7222771644592285,5.978160381317139,0.0877523422241211,6.725804805755615,6.745479583740234,6.73689079284668,0.0012485980987548828,5.967010974884033,5.849905014038086,6.0484299659729,0.13997197151184082
rock_08::pitch_shift::+2st,rock_08,rock,pitch_shift,2.0,semitones,4.9275126457214355,5.318123817443848,5.138583183288574,0.015764951705932617,6.058538913726807,6.433400630950928,6.268990516662598,0.02302074432373047,6.725804805755615,6.725785255432129,6.733299732208252,0.007504701614379883,5.967010974884033,6.162198066711426,6.1478118896484375,0.08320736885070801
rock_08::pitch_shift::+4st,rock_08,rock,pitch_shift,4.0,semitones,4.9275126457214355,4.98683500289917,4.998357772827148,0.0411839485168457,6.058538913726807,4.424923419952393,5.4394378662109375,0.1977066993713379,6.725804805755615,6.868526458740234,6.8215484619140625,0.024382829666137695,5.967010974884033,5.353202819824219,5.864385604858398,0.20427870750427246
rock_08::time_stretch::-20pct,rock_08,rock,time_stretch,-20.0,percent_tempo,4.9275126457214355,5.061197280883789,4.93568754196167,-0.05866742134094238,6.058538913726807,5.6962738037109375,5.866642951965332,-0.010763406753540039,6.725804805755615,6.781093597412109,6.7354536056518555,-0.017995595932006836,5.967010974884033,5.763800621032715,5.956561088562012,0.0911552906036377
rock_08::time_stretch::-10pct,rock_08,rock,time_stretch,-10.0,percent_tempo,4.9275126457214355,5.128586769104004,5.004517078399658,-0.023532629013061523,6.058538913726807,5.994706630706787,6.028346061706543,0.0017232894897460938,6.725804805755615,6.732999801635742,6.720429420471191,-0.008972883224487305,5.967010974884033,6.042658805847168,6.106744289398193,0.10190939903259277
rock_08::time_stretch::-5pct,rock_08,rock,time_stretch,-5.0,percent_tempo,4.9275126457214355,4.936099052429199,4.926966190338135,-0.004839658737182617,6.058538913726807,5.920441627502441,6.069069862365723,0.07957959175109863,6.725804805755615,6.704141616821289,6.7010931968688965,-0.013880014419555664,5.967010974884033,5.997932434082031,6.095470428466797,0.11299872398376465
rock_08::time_stretch::+5pct,rock_08,rock,time_stretch,5.0,percent_tempo,4.9275126457214355,4.891201972961426,4.923062324523926,0.013705015182495117,6.058538913726807,6.079090595245361,6.157013416290283,0.08819866180419922,6.725804805755615,6.7210493087768555,6.719668865203857,-0.0037581920623779297,5.967010974884033,5.929965496063232,6.080801010131836,0.13231277465820312
rock_08::time_stretch::+10pct,rock_08,rock,time_stretch,10.0,percent_tempo,4.9275126457214355,4.613306045532227,4.8199663162231445,0.04955697059631348,6.058538913726807,5.3791351318359375,5.837631702423096,0.11879467964172363,6.725804805755615,6.738638877868652,6.731459617614746,-0.0007622241973876953,5.967010974884033,5.633761882781982,5.9350481033325195,0.13466167449951172
rock_08::time_stretch::+20pct,rock_08,rock,time_stretch,20.0,percent_tempo,4.9275126457214355,4.589494228363037,4.7420973777771,-0.01640605926513672,6.058538913726807,5.7255988121032715,5.928666114807129,0.036597251892089844,6.725804805755615,6.715843200683594,6.709156036376953,-0.011667966842651367,5.967010974884033,5.733069896697998,5.9438910484313965,0.09385061264038086
rock_08::lowpass::lp8000,rock_08,rock,lowpass,8000.0,hz_cutoff,4.9275126457214355,4.866065979003906,4.796034812927246,-0.1007544994354248,6.058538913726807,5.884118556976318,5.888339519500732,-0.08298921585083008,6.725804805755615,6.702068328857422,6.676408767700195,-0.03752779960632324,5.967010974884033,5.8803629875183105,5.9459638595581055,0.022276878356933594
rock_08::lowpass::lp4000,rock_08,rock,lowpass,4000.0,hz_cutoff,4.9275126457214355,3.782611846923828,4.434049129486084,0.07898688316345215,6.058538913726807,3.0604803562164307,4.789425849914551,0.22991621494293213,6.725804805755615,6.134487152099609,6.395867347717285,-0.03427863121032715,5.967010974884033,4.1573567390441895,5.3061370849609375,0.24395322799682617
rock_08::lowpass::lp2000,rock_08,rock,lowpass,2000.0,hz_cutoff,4.9275126457214355,3.2291259765625,4.1528544425964355,0.07453513145446777,6.058538913726807,2.360468864440918,4.602001190185547,0.39249730110168457,6.725804805755615,5.639485836029053,6.1892170906066895,0.006571769714355469,5.967010974884033,3.770629405975342,5.243739604949951,0.37491941452026367
rock_08::distortion::drv4,rock_08,rock,distortion,4.0,tanh_drive,4.9275126457214355,3.7210397720336914,4.181887149810791,-0.14238905906677246,6.058538913726807,3.582390308380127,4.703095436096191,-0.11736917495727539,6.725804805755615,6.682834148406982,6.666003704071045,-0.038315773010253906,5.967010974884033,4.659702301025391,5.3626484870910645,0.04929184913635254
rock_08::distortion::drv12,rock_08,rock,distortion,12.0,tanh_drive,4.9275126457214355,2.420886516571045,3.6224586963653564,-0.05174088478088379,6.058538913726807,2.2266621589660645,3.9966559410095215,-0.14594459533691406,6.725804805755615,6.120236873626709,6.478710651397705,0.05568981170654297,5.967010974884033,3.4729647636413574,4.759095668792725,0.0391077995300293
rock_08::distortion::drv32,rock_08,rock,distortion,32.0,tanh_drive,4.9275126457214355,2.1414406299591064,3.42637300491333,-0.10810363292694092,6.058538913726807,2.1884067058563232,3.8732998371124268,-0.2501729726791382,6.725804805755615,5.414797782897949,6.160831451416016,0.0905301570892334,5.967010974884033,3.3182995319366455,4.678637981414795,0.035982728004455566
rock_08::style_swap::swap_cross,rock_08,rock,style_swap,nan,cross_genre,4.9275126457214355,6.749912261962891,5.743673801422119,-0.09503865242004395,6.058538913726807,7.727845191955566,7.02906608581543,0.13587403297424316,6.725804805755615,4.851479530334473,5.81853723526001,0.02989506721496582,5.967010974884033,7.732919216156006,7.0015411376953125,0.15157604217529297
rock_08::style_swap::swap_same,rock_08,rock,style_swap,nan,same_genre,4.9275126457214355,6.5538530349731445,5.9185261726379395,0.17784333229064941,6.058538913726807,7.035146236419678,6.529679298400879,-0.01716327667236328,6.725804805755615,6.928754806518555,6.858362197875977,0.0310823917388916,5.967010974884033,6.904375076293945,6.61168098449707,0.17598795890808105
rock_09::control::ctrl,rock_09,rock,control,0.0,none,3.6853790283203125,3.6853790283203125,3.5082015991210938,-0.17717742919921875,4.998429298400879,4.998429298400879,4.99725341796875,-0.0011758804321289062,6.381802082061768,6.381802082061768,6.369706630706787,-0.012095451354980469,4.35507869720459,4.35507869720459,4.37462854385376,0.019549846649169922
rock_09::pitch_shift::-4st,rock_09,rock,pitch_shift,-4.0,semitones,3.6853790283203125,3.463254928588867,3.550442934036255,-0.02387404441833496,4.998429298400879,4.045795917510986,4.564919948577881,0.04280734062194824,6.381802082061768,6.393117427825928,6.483046054840088,0.09558629989624023,4.35507869720459,4.152478218078613,4.333494663238525,0.07971620559692383
rock_09::pitch_shift::-2st,rock_09,rock,pitch_shift,-2.0,semitones,3.6853790283203125,3.7954928874969482,3.6474452018737793,-0.09299075603485107,4.998429298400879,4.310415267944336,4.81965446472168,0.16523218154907227,6.381802082061768,6.383767127990723,6.445498466491699,0.0627138614654541,4.35507869720459,4.261734485626221,4.37248420715332,0.06407761573791504
rock_09::pitch_shift::-1st,rock_09,rock,pitch_shift,-1.0,semitones,3.6853790283203125,4.997183799743652,4.060559272766113,-0.28072214126586914,4.998429298400879,5.710803985595703,5.268457889556885,-0.08615875244140625,6.381802082061768,6.623141288757324,6.516044616699219,0.013572931289672852,4.35507869720459,4.740495681762695,4.458720684051514,-0.0890665054321289
rock_09::pitch_shift::+1st,rock_09,rock,pitch_shift,1.0,semitones,3.6853790283203125,5.188601493835449,4.1508636474609375,-0.28612661361694336,4.998429298400879,6.699991703033447,5.871676445007324,0.022465944290161133,6.381802082061768,6.7223124504089355,6.57829475402832,0.02623748779296875,4.35507869720459,5.433847427368164,4.749299049377441,-0.14516401290893555
rock_09::pitch_shift::+2st,rock_09,rock,pitch_shift,2.0,semitones,3.6853790283203125,5.077184200286865,4.127181529998779,-0.25410008430480957,4.998429298400879,6.134084224700928,5.521976470947266,-0.044280290603637695,6.381802082061768,6.678522109985352,6.570810794830322,0.040648698806762695,4.35507869720459,4.615616321563721,4.425283432006836,-0.060064077377319336
rock_09::pitch_shift::+4st,rock_09,rock,pitch_shift,4.0,semitones,3.6853790283203125,5.625345230102539,4.342312812805176,-0.31304931640625,4.998429298400879,6.396789073944092,5.570542812347412,-0.12706637382507324,6.381802082061768,6.559689521789551,6.511723518371582,0.04097771644592285,4.35507869720459,4.6852850914001465,4.385706424713135,-0.1344754695892334
rock_09::time_stretch::-20pct,rock_09,rock,time_stretch,-20.0,percent_tempo,3.6853790283203125,4.1563029289245605,3.7780604362487793,-0.14278054237365723,4.998429298400879,4.264682769775391,4.706123352050781,0.07456731796264648,6.381802082061768,6.324033737182617,6.383022785186768,0.030104875564575195,4.35507869720459,3.961409091949463,4.1259965896606445,-0.032247304916381836
rock_09::time_stretch::-10pct,rock_09,rock,time_stretch,-10.0,percent_tempo,3.6853790283203125,5.209334850311279,4.197690010070801,-0.24966692924499512,4.998429298400879,6.37327766418457,5.664315700531006,-0.02153778076171875,6.381802082061768,6.513886451721191,6.440025806427002,-0.007818460464477539,4.35507869720459,5.556225299835205,4.797544479370117,-0.15810751914978027
rock_09::time_stretch::-5pct,rock_09,rock,time_stretch,-5.0,percent_tempo,3.6853790283203125,4.67543363571167,3.9464190006256104,-0.23398733139038086,4.998429298400879,5.8082075119018555,5.338634967803955,-0.06468343734741211,6.381802082061768,6.6454668045043945,6.507160663604736,-0.0064737796783447266,4.35507869720459,4.51853084564209,4.417815208435059,-0.01898956298828125
rock_09::time_stretch::+5pct,rock_09,rock,time_stretch,5.0,percent_tempo,3.6853790283203125,5.117349147796631,4.020212173461914,-0.3811519145965576,4.998429298400879,6.0746893882751465,5.310422897338867,-0.2261364459991455,6.381802082061768,6.71405553817749,6.5323686599731445,-0.015560150146484375,4.35507869720459,4.704963684082031,4.382307052612305,-0.14771413803100586
rock_09::time_stretch::+10pct,rock_09,rock,time_stretch,10.0,percent_tempo,3.6853790283203125,5.166036605834961,4.105776309967041,-0.3199315071105957,4.998429298400879,6.150485992431641,5.477090358734131,-0.0973672866821289,6.381802082061768,6.657630920410156,6.501104354858398,-0.018612146377563477,4.35507869720459,5.080713748931885,4.572291374206543,-0.14560484886169434
rock_09::time_stretch::+20pct,rock_09,rock,time_stretch,20.0,percent_tempo,3.6853790283203125,4.869035720825195,4.020018100738525,-0.2571892738342285,4.998429298400879,5.669436454772949,5.276820182800293,-0.057112693786621094,6.381802082061768,6.7812819480896,6.569860458374023,-0.011681556701660156,4.35507869720459,4.596390247344971,4.410703659057617,-0.06503081321716309
rock_09::lowpass::lp8000,rock_09,rock,lowpass,8000.0,hz_cutoff,3.6853790283203125,3.736039638519287,3.5231375694274902,-0.18757176399230957,4.998429298400879,5.080665111541748,5.013483047485352,-0.026064157485961914,6.381802082061768,6.357736587524414,6.3607707023620605,-0.008998632431030273,4.35507869720459,4.399693012237549,4.392480850219727,0.015094995498657227
rock_09::lowpass::lp4000,rock_09,rock,lowpass,4000.0,hz_cutoff,3.6853790283203125,3.266819953918457,3.657057523727417,0.18095803260803223,4.998429298400879,4.012514114379883,4.727296352386475,0.22182464599609375,6.381802082061768,6.049991607666016,6.331546783447266,0.11564993858337402,4.35507869720459,3.675067186355591,4.411018371582031,0.3959454298019409
rock_09::lowpass::lp2000,rock_09,rock,lowpass,2000.0,hz_cutoff,3.6853790283203125,2.4515979290008545,3.4204421043395996,0.3519536256790161,4.998429298400879,2.6034295558929443,4.5559773445129395,0.7550479173660278,6.381802082061768,5.583126068115234,6.083675861358643,0.1012117862701416,4.35507869720459,3.7981913089752197,4.7510199546813965,0.6743849515914917
rock_09::distortion::drv4,rock_09,rock,distortion,4.0,tanh_drive,3.6853790283203125,3.015636682510376,3.2090377807617188,-0.1414700746536255,4.998429298400879,2.6813149452209473,4.124790668487549,0.28491854667663574,6.381802082061768,6.556687355041504,6.471965312957764,0.0027205944061279297,4.35507869720459,3.262411117553711,3.85140061378479,0.04265570640563965
rock_09::distortion::drv12,rock_09,rock,distortion,12.0,tanh_drive,3.6853790283203125,1.748728632926941,2.65763258934021,-0.05942124128341675,4.998429298400879,2.260951280593872,3.6527292728424072,0.02303898334503174,6.381802082061768,5.533392906188965,6.068263530731201,0.11066603660583496,4.35507869720459,2.9237852096557617,3.580057382583618,-0.05937457084655762
rock_09::distortion::drv32,rock_09,rock,distortion,32.0,tanh_drive,3.6853790283203125,1.2002322673797607,2.2633767127990723,-0.17942893505096436,4.998429298400879,2.358449935913086,3.393031358718872,-0.28540825843811035,6.381802082061768,3.591839075088501,5.271533966064453,0.28471338748931885,4.35507869720459,3.0756161212921143,3.6348390579223633,-0.08050835132598877
rock_09::style_swap::swap_cross,rock_09,rock,style_swap,nan,cross_genre,3.6853790283203125,7.420506000518799,6.026340007781982,0.47339749336242676,4.998429298400879,7.821157455444336,6.986075401306152,0.5762820243835449,6.381802082061768,3.3853135108947754,5.283177375793457,0.39961957931518555,4.35507869720459,7.303476333618164,6.448709011077881,0.6194314956665039
rock_09::style_swap::swap_same,rock_09,rock,style_swap,nan,same_genre,3.6853790283203125,6.974260330200195,5.235935688018799,-0.09388399124145508,4.998429298400879,5.102215766906738,5.11738920211792,0.06706666946411133,6.381802082061768,6.586448669433594,6.68770170211792,0.20357632637023926,4.35507869720459,5.296697616577148,5.064312934875488,0.23842477798461914
rock_10::control::ctrl,rock_10,rock,control,0.0,none,6.56059455871582,6.56059455871582,6.52461576461792,-0.03597879409790039,7.028868675231934,7.028868675231934,7.130341053009033,0.10147237777709961,6.929667949676514,6.929667949676514,6.911269664764404,-0.018398284912109375,6.901708602905273,6.901708602905273,7.054066181182861,0.1523575782775879
rock_10::pitch_shift::-4st,rock_10,rock,pitch_shift,-4.0,semitones,6.56059455871582,5.594823837280273,6.180784225463867,0.10307502746582031,7.028868675231934,5.9578070640563965,6.556994915008545,0.06365704536437988,6.929667949676514,6.788215637207031,6.8839497566223145,0.025007963180541992,6.901708602905273,6.261261463165283,6.67373514175415,0.09225010871887207
rock_10::pitch_shift::-2st,rock_10,rock,pitch_shift,-2.0,semitones,6.56059455871582,5.959346294403076,6.333810806274414,0.07384037971496582,7.028868675231934,6.4939284324646,6.835111618041992,0.07371306419372559,6.929667949676514,6.8379926681518555,6.875411510467529,-0.008418798446655273,6.901708602905273,6.519458770751953,6.816808223724365,0.10622453689575195
rock_10::pitch_shift::-1st,rock_10,rock,pitch_shift,-1.0,semitones,6.56059455871582,6.029104709625244,6.307743072509766,0.012893438339233398,7.028868675231934,6.372631072998047,6.807301044464111,0.1065511703491211,6.929667949676514,6.874519348144531,6.886149883270264,-0.01594376564025879,6.901708602905273,6.443899631500244,6.803147792816162,0.13034367561340332
rock_10::pitch_shift::+1st,rock_10,rock,pitch_shift,1.0,semitones,6.56059455871582,6.281948566436768,6.45229434967041,0.03102278709411621,7.028868675231934,6.7609429359436035,7.00103759765625,0.10613179206848145,6.929667949676514,6.909060001373291,6.9049811363220215,-0.01438283920288086,6.901708602905273,6.856722354888916,7.024478912353516,0.1452634334564209
rock_10::pitch_shift::+2st,rock_10,rock,pitch_shift,2.0,semitones,6.56059455871582,6.0919294357299805,6.4380083084106445,0.11174631118774414,7.028868675231934,6.619131565093994,6.951733589172363,0.12773346900939941,6.929667949676514,6.851693153381348,6.891838550567627,0.001157999038696289,6.901708602905273,6.649010181427002,6.99433708190918,0.218977689743042
rock_10::pitch_shift::+4st,rock_10,rock,pitch_shift,4.0,semitones,6.56059455871582,5.804998397827148,6.378450870513916,0.19565439224243164,7.028868675231934,6.41457986831665,6.906634330749512,0.18491005897521973,6.929667949676514,6.899331092834473,6.929106712341309,0.01460719108581543,6.901708602905273,6.576716899871826,6.98766565322876,0.24845290184020996
rock_10::time_stretch::-20pct,rock_10,rock,time_stretch,-20.0,percent_tempo,6.56059455871582,6.064733982086182,6.392416477203369,0.07975220680236816,7.028868675231934,5.870220184326172,6.5382866859436035,0.08874225616455078,6.929667949676514,6.699972629547119,6.821635723114014,0.006815433502197266,6.901708602905273,6.228764057159424,6.720472812652588,0.15523648262023926
rock_10::time_stretch::-10pct,rock_10,rock,time_stretch,-10.0,percent_tempo,6.56059455871582,6.176945686340332,6.4458208084106445,0.07705068588256836,7.028868675231934,6.584782600402832,6.933542728424072,0.12671709060668945,6.929667949676514,6.829446315765381,6.879216194152832,-0.0003409385681152344,6.901708602905273,6.7224297523498535,6.943504810333252,0.13143563270568848
rock_10::time_stretch::-5pct,rock_10,rock,time_stretch,-5.0,percent_tempo,6.56059455871582,6.13189172744751,6.372535705566406,0.02629256248474121,7.028868675231934,6.979889869689941,7.052916526794434,0.048537254333496094,6.929667949676514,6.8520588874816895,6.876391410827637,-0.014472007751464844,6.901708602905273,6.955406188964844,7.01181173324585,0.08325433731079102
rock_10::time_stretch::+5pct,rock_10,rock,time_stretch,5.0,percent_tempo,6.56059455871582,6.229638576507568,6.41670560836792,0.021589040756225586,7.028868675231934,6.851333141326904,7.015772342681885,0.07567143440246582,6.929667949676514,6.9231061935424805,6.911407947540283,-0.014979124069213867,6.901708602905273,6.853054046630859,6.993538856506348,0.11615753173828125
rock_10::time_stretch::+10pct,rock_10,rock,time_stretch,10.0,percent_tempo,6.56059455871582,6.2374467849731445,6.429781913757324,0.030761241912841797,7.028868675231934,6.586434841156006,6.896437168121338,0.08878540992736816,6.929667949676514,6.9133501052856445,6.90806770324707,-0.013441324234008789,6.901708602905273,6.732521057128906,6.904508590698242,0.08739376068115234
rock_10::time_stretch::+20pct,rock_10,rock,time_stretch,20.0,percent_tempo,6.56059455871582,6.089151859283447,6.375950336456299,0.05107712745666504,7.028868675231934,6.523482322692871,6.8197455406188965,0.04357004165649414,6.929667949676514,6.912594318389893,6.906082630157471,-0.015048503875732422,6.901708602905273,6.697714805603027,6.858854293823242,0.0591425895690918
rock_10::lowpass::lp8000,rock_10,rock,lowpass,8000.0,hz_cutoff,6.56059455871582,6.531649589538574,6.5225677490234375,-0.023554325103759766,7.028868675231934,6.977202892303467,7.12296199798584,0.11992621421813965,6.929667949676514,6.91718053817749,6.905604839324951,-0.01781940460205078,6.901708602905273,6.778252124786377,7.011838436126709,0.1718580722808838
rock_10::lowpass::lp4000,rock_10,rock,lowpass,4000.0,hz_cutoff,6.56059455871582,5.79605770111084,6.270590782165527,0.09226465225219727,7.028868675231934,5.402283191680908,6.4093451499938965,0.19376921653747559,6.929667949676514,6.643078804016113,6.799440860748291,0.013067483901977539,6.901708602905273,5.2611894607543945,6.324730396270752,0.24328136444091797
rock_10::lowpass::lp2000,rock_10,rock,lowpass,2000.0,hz_cutoff,6.56059455871582,5.878746032714844,6.107857704162598,-0.11181259155273438,7.028868675231934,4.266320705413818,5.615880489349365,-0.03171420097351074,6.929667949676514,6.224639892578125,6.581590175628662,0.0044362545013427734,6.901708602905273,4.332785606384277,5.871786117553711,0.25453901290893555
rock_10::distortion::drv4,rock_10,rock,distortion,4.0,tanh_drive,6.56059455871582,5.924921035766602,6.261865615844727,0.019107818603515625,7.028868675231934,5.811070919036865,6.506895542144775,0.08692574501037598,6.929667949676514,6.892187118530273,6.8859076499938965,-0.02501988410949707,6.901708602905273,5.739063739776611,6.551365375518799,0.23097920417785645
rock_10::distortion::drv12,rock_10,rock,distortion,12.0,tanh_drive,6.56059455871582,3.5337934494018555,5.248074531555176,0.2008805274963379,7.028868675231934,2.270750045776367,5.0090651512146,0.3592557907104492,6.929667949676514,6.58869743347168,6.742104530334473,-0.017078161239624023,6.901708602905273,3.6231086254119873,5.519778251647949,0.25736963748931885
rock_10::distortion::drv32,rock_10,rock,distortion,32.0,tanh_drive,6.56059455871582,2.4255716800689697,4.852334022521973,0.35925090312957764,7.028868675231934,2.18354868888855,4.875345706939697,0.26913702487945557,6.929667949676514,6.0242838859558105,6.417758941650391,-0.059216976165771484,6.901708602905273,3.2475028038024902,5.281178951263428,0.2065732479095459
rock_10::style_swap::swap_cross,rock_10,rock,style_swap,nan,cross_genre,6.56059455871582,3.2058753967285156,5.08201789855957,0.19878292083740234,7.028868675231934,4.00691032409668,5.457142353057861,-0.06074714660644531,6.929667949676514,6.254293441772461,6.683136463165283,0.0911557674407959,6.901708602905273,4.719601154327393,5.88100004196167,0.07034516334533691
rock_10::style_swap::swap_same,rock_10,rock,style_swap,nan,same_genre,6.56059455871582,7.109301567077637,7.022139072418213,0.18719100952148438,7.028868675231934,5.03076171875,6.067665100097656,0.03784990310668945,6.929667949676514,6.557486534118652,6.8484787940979,0.10490155220031738,6.901708602905273,5.343608856201172,6.463147163391113,0.3404884338378906
rock_11::control::ctrl,rock_11,rock,control,0.0,none,3.2724974155426025,3.2816505432128906,3.182978630065918,-0.09409534931182861,3.4197025299072266,3.4758970737457275,3.6044132709503174,0.15661346912384033,5.09755802154541,5.110177516937256,5.165007591247559,0.061139822006225586,3.9025161266326904,3.9068686962127686,3.8385813236236572,-0.06611108779907227
rock_11::pitch_shift::-4st,rock_11,rock,pitch_shift,-4.0,semitones,3.2724974155426025,4.890252113342285,3.832948684692383,-0.24842607975006104,3.4197025299072266,5.218499660491943,4.321442127227783,0.002341032028198242,5.09755802154541,5.277030944824219,5.373514652252197,0.1862201690673828,3.9025161266326904,4.850925922393799,4.238384246826172,-0.13833677768707275
rock_11::pitch_shift::-2st,rock_11,rock,pitch_shift,-2.0,semitones,3.2724974155426025,4.420437335968018,3.6438753604888916,-0.20259201526641846,3.4197025299072266,5.32358455657959,4.419241428375244,0.04759788513183594,5.09755802154541,5.71571159362793,5.572781085968018,0.16614627838134766,3.9025161266326904,4.6290202140808105,4.124392986297607,-0.14137518405914307
rock_11::pitch_shift::-1st,rock_11,rock,pitch_shift,-1.0,semitones,3.2724974155426025,3.6767516136169434,3.3143770694732666,-0.16024744510650635,3.4197025299072266,4.206766128540039,3.870662212371826,0.05742788314819336,5.09755802154541,5.28411340713501,5.3108625411987305,0.12002682685852051,3.9025161266326904,4.132030963897705,3.8943581581115723,-0.12291538715362549
rock_11::pitch_shift::+1st,rock_11,rock,pitch_shift,1.0,semitones,3.2724974155426025,3.6744630336761475,3.2576353549957275,-0.21584486961364746,3.4197025299072266,3.7655701637268066,3.5252864360809326,-0.06734991073608398,5.09755802154541,5.208237648010254,5.295537948608398,0.1426401138305664,3.9025161266326904,4.049506187438965,3.8096988201141357,-0.1663123369216919
rock_11::pitch_shift::+2st,rock_11,rock,pitch_shift,2.0,semitones,3.2724974155426025,4.023229598999023,3.381734609603882,-0.26612889766693115,3.4197025299072266,4.232950210571289,3.7718887329101562,-0.05443763732910156,5.09755802154541,5.183384895324707,5.340891361236572,0.20041990280151367,3.9025161266326904,4.195015907287598,3.8770456314086914,-0.17172038555145264
rock_11::pitch_shift::+4st,rock_11,rock,pitch_shift,4.0,semitones,3.2724974155426025,3.545807361602783,3.2519969940185547,-0.15715539455413818,3.4197025299072266,3.5195934772491455,3.5331673622131348,0.06351935863494873,5.09755802154541,5.3957600593566895,5.427692413330078,0.18103337287902832,3.9025161266326904,3.7362637519836426,3.674248456954956,-0.14514148235321045
rock_11::time_stretch::-20pct,rock_11,rock,time_stretch,-20.0,percent_tempo,3.2724974155426025,3.1364386081695557,2.982501268386841,-0.22196674346923828,3.4197025299072266,3.2367990016937256,3.3505449295043945,0.022294163703918457,5.09755802154541,5.213083744049072,5.237819671630859,0.08249878883361816,3.9025161266326904,3.781212568283081,3.7018983364105225,-0.13996601104736328
rock_11::time_stretch::-10pct,rock_11,rock,time_stretch,-10.0,percent_tempo,3.2724974155426025,3.3992156982421875,3.161137342453003,-0.1747192144393921,3.4197025299072266,3.226383686065674,3.509087562561035,0.18604445457458496,5.09755802154541,5.309291362762451,5.291650295257568,0.0882256031036377,3.9025161266326904,3.789130210876465,3.762033224105835,-0.08378994464874268
rock_11::time_stretch::-5pct,rock_11,rock,time_stretch,-5.0,percent_tempo,3.2724974155426025,3.6229071617126465,3.1548235416412354,-0.29287874698638916,3.4197025299072266,4.0030837059021,3.601897716522217,-0.10949540138244629,5.09755802154541,5.358192443847656,5.332271099090576,0.10439586639404297,3.9025161266326904,3.894249677658081,3.7374355792999268,-0.16094732284545898
rock_11::time_stretch::+5pct,rock_11,rock,time_stretch,5.0,percent_tempo,3.2724974155426025,3.342474937438965,3.2306723594665527,-0.07681381702423096,3.4197025299072266,3.461350440979004,3.5787105560302734,0.1381840705871582,5.09755802154541,5.295209884643555,5.29176139831543,0.09537744522094727,3.9025161266326904,3.846916913986206,3.797131299972534,-0.07758522033691406
rock_11::time_stretch::+10pct,rock_11,rock,time_stretch,10.0,percent_tempo,3.2724974155426025,3.846083164215088,3.375364065170288,-0.18392622470855713,3.4197025299072266,4.051595687866211,3.833448886871338,0.09779977798461914,5.09755802154541,5.2385478019714355,5.252202987670898,0.08415007591247559,3.9025161266326904,4.16640567779541,3.8970048427581787,-0.13745605945587158
rock_11::time_stretch::+20pct,rock_11,rock,time_stretch,20.0,percent_tempo,3.2724974155426025,4.296996116638184,3.4832589626312256,-0.3014878034591675,3.4197025299072266,4.748526573181152,4.0314764976501465,-0.05263805389404297,5.09755802154541,5.245771408081055,5.2927656173706055,0.12110090255737305,3.9025161266326904,4.532232284545898,4.038219451904297,-0.17915475368499756
rock_11::lowpass::lp8000,rock_11,rock,lowpass,8000.0,hz_cutoff,3.2724974155426025,3.28647518157959,3.16509747505188,-0.11438882350921631,3.4197025299072266,3.5986533164978027,3.5944786071777344,0.08530068397521973,5.09755802154541,5.087737560272217,5.1817626953125,0.08911490440368652,3.9025161266326904,3.9202306270599365,3.8252995014190674,-0.0860738754272461
rock_11::lowpass::lp4000,rock_11,rock,lowpass,4000.0,hz_cutoff,3.2724974155426025,2.4551587104797363,2.9100301265716553,0.04620206356048584,3.4197025299072266,2.462153196334839,3.0575718879699707,0.11664402484893799,5.09755802154541,4.4466552734375,5.0121564865112305,0.2400498390197754,3.9025161266326904,3.4927515983581543,3.6778347492218018,-0.019799113273620605
rock_11::lowpass::lp2000,rock_11,rock,lowpass,2000.0,hz_cutoff,3.2724974155426025,2.291048765182495,2.9477014541625977,0.16592836380004883,3.4197025299072266,3.165559768676758,3.9193508625030518,0.6267197132110596,5.09755802154541,3.7359278202056885,4.619113445281982,0.2023705244064331,3.9025161266326904,4.0406389236450195,4.228529453277588,0.2569519281387329
rock_11::distortion::drv4,rock_11,rock,distortion,4.0,tanh_drive,3.2724974155426025,1.8596079349517822,2.4274041652679443,-0.13864850997924805,3.4197025299072266,2.3776180744171143,2.777022123336792,-0.12163817882537842,5.09755802154541,4.533502578735352,4.934957981109619,0.11942768096923828,3.9025161266326904,3.1799559593200684,3.466067314147949,-0.07516872882843018
rock_11::distortion::drv12,rock_11,rock,distortion,12.0,tanh_drive,3.2724974155426025,1.6683106422424316,2.3214046955108643,-0.14899933338165283,3.4197025299072266,2.6447572708129883,2.9057576656341553,-0.12647223472595215,5.09755802154541,3.136216878890991,4.4694294929504395,0.35254204273223877,3.9025161266326904,3.4035861492156982,3.679572105407715,0.026520967483520508
rock_11::distortion::drv32,rock_11,rock,distortion,32.0,tanh_drive,3.2724974155426025,1.493499517440796,2.2621190547943115,-0.1208794116973877,3.4197025299072266,2.688703775405884,2.9189720153808594,-0.1352311372756958,5.09755802154541,2.70658016204834,4.316277503967285,0.41420841217041016,3.9025161266326904,3.3554301261901855,3.7133002281188965,0.0843271017074585
rock_11::style_swap::swap_cross,rock_11,rock,style_swap,nan,cross_genre,3.2724974155426025,3.5254709720611572,3.3950130939483643,-0.003971099853515625,3.4197025299072266,5.617237091064453,5.360899925231934,0.8424301147460938,5.09755802154541,2.162675142288208,4.2365498542785645,0.6064332723617554,3.9025161266326904,6.567790985107422,5.150485515594482,-0.08466804027557373
rock_11::style_swap::swap_same,rock_11,rock,style_swap,nan,same_genre,3.2724974155426025,6.553854465484619,4.457093715667725,-0.45608222484588623,3.4197025299072266,7.035150051116943,5.655275821685791,0.42784953117370605,5.09755802154541,6.928754806518555,6.792741298675537,0.7795848846435547,3.9025161266326904,6.904379844665527,5.336671352386475,-0.06677663326263428
rock_12::control::ctrl,rock_12,rock,control,0.0,none,6.768563747406006,6.768563747406006,6.667646408081055,-0.10091733932495117,6.879978179931641,6.879978179931641,6.882672309875488,0.0026941299438476562,7.028489112854004,7.028489112854004,7.00541353225708,-0.023075580596923828,7.2320661544799805,7.2320661544799805,7.267529487609863,0.03546333312988281
rock_12::pitch_shift::-4st,rock_12,rock,pitch_shift,-4.0,semitones,6.768563747406006,5.636498928070068,6.237192630767822,0.034661293029785156,6.879978179931641,6.517711639404297,6.625121593475342,-0.07372331619262695,7.028489112854004,6.851114749908447,6.955066204071045,0.015264272689819336,7.2320661544799805,6.3370561599731445,6.819846153259277,0.035284996032714844
rock_12::pitch_shift::-2st,rock_12,rock,pitch_shift,-2.0,semitones,6.768563747406006,6.671106338500977,6.805612087249756,0.08577704429626465,6.879978179931641,6.575222015380859,6.775080680847168,0.04748058319091797,7.028489112854004,6.8858842849731445,6.9733662605285645,0.016179561614990234,7.2320661544799805,6.892327785491943,7.177134990692139,0.11493802070617676
rock_12::pitch_shift::-1st,rock_12,rock,pitch_shift,-1.0,semitones,6.768563747406006,7.014415740966797,6.880009174346924,-0.011480569839477539,6.879978179931641,6.936717987060547,6.887596607208252,-0.020751476287841797,7.028489112854004,6.975817680358887,6.996804237365723,-0.005349159240722656,7.2320661544799805,7.21066427230835,7.252017498016357,0.030652284622192383
rock_12::pitch_shift::+1st,rock_12,rock,pitch_shift,1.0,semitones,6.768563747406006,7.120705604553223,6.944613456726074,-2.1219253540039062e-05,6.879978179931641,7.129692554473877,6.98757266998291,-0.017262697219848633,7.028489112854004,7.0346598625183105,7.034411430358887,0.002836942672729492,7.2320661544799805,7.242676734924316,7.259706497192383,0.022335052490234375
rock_12::pitch_shift::+2st,rock_12,rock,pitch_shift,2.0,semitones,6.768563747406006,7.00331449508667,6.936071872711182,0.05013275146484375,6.879978179931641,7.1755452156066895,6.9955620765686035,-0.03219962120056152,7.028489112854004,7.043234825134277,7.033476829528809,-0.0023851394653320312,7.2320661544799805,7.378875732421875,7.336338043212891,0.03086709976196289
rock_12::pitch_shift::+4st,rock_12,rock,pitch_shift,4.0,semitones,6.768563747406006,7.189676284790039,7.024837017059326,0.04571700096130371,6.879978179931641,7.086503982543945,6.977827072143555,-0.005414009094238281,7.028489112854004,6.98305606842041,7.019721508026123,0.013948917388916016,7.2320661544799805,7.298085689544678,7.299036979675293,0.03396105766296387
rock_12::time_stretch::-20pct,rock_12,rock,time_stretch,-20.0,percent_tempo,6.768563747406006,6.937609672546387,6.801716327667236,-0.05137038230895996,6.879978179931641,6.437453746795654,6.661766529083252,0.003050565719604492,7.028489112854004,6.977285861968994,6.999212741851807,-0.003674745559692383,7.2320661544799805,6.980691909790039,7.129108905792236,0.022729873657226562
rock_12::time_stretch::-10pct,rock_12,rock,time_stretch,-10.0,percent_tempo,6.768563747406006,7.067217826843262,6.873504638671875,-0.04438614845275879,6.879978179931641,7.078921318054199,6.9553046226501465,-0.024145126342773438,7.028489112854004,6.933170318603516,6.978505611419678,-0.0023241043090820312,7.2320661544799805,7.300500392913818,7.266883850097656,0.0006005764007568359
rock_12::time_stretch::-5pct,rock_12,rock,time_stretch,-5.0,percent_tempo,6.768563747406006,7.1102375984191895,6.886377811431885,-0.05302286148071289,6.879978179931641,6.808053970336914,6.87345027923584,0.0294342041015625,7.028489112854004,6.974177360534668,7.002463340759277,0.0011301040649414062,7.2320661544799805,7.170487403869629,7.238755226135254,0.03747844696044922
rock_12::time_stretch::+5pct,rock_12,rock,time_stretch,5.0,percent_tempo,6.768563747406006,7.066807746887207,6.855244159698486,-0.06244158744812012,6.879978179931641,6.962397575378418,6.884579658508301,-0.036608219146728516,7.028489112854004,7.015310287475586,7.011435031890869,-0.010464668273925781,7.2320661544799805,7.174871921539307,7.224484443664551,0.021015405654907227
rock_12::time_stretch::+10pct,rock_12,rock,time_stretch,10.0,percent_tempo,6.768563747406006,7.081294059753418,6.863521099090576,-0.06140780448913574,6.879978179931641,7.06017541885376,6.974121570587158,0.004044771194458008,7.028489112854004,7.019166946411133,7.01691198348999,-0.006916046142578125,7.2320661544799805,7.224316596984863,7.247803211212158,0.019611835479736328
rock_12::time_stretch::+20pct,rock_12,rock,time_stretch,20.0,percent_tempo,6.768563747406006,7.058102607727051,6.871192932128906,-0.04214024543762207,6.879978179931641,7.050557613372803,6.929621696472168,-0.03564620018005371,7.028489112854004,7.001828670501709,7.004497051239014,-0.010661840438842773,7.2320661544799805,7.152905464172363,7.211634635925293,0.019148826599121094
rock_12::lowpass::lp8000,rock_12,rock,lowpass,8000.0,hz_cutoff,6.768563747406006,6.8104095458984375,6.694447994232178,-0.09503865242004395,6.879978179931641,6.855401515960693,6.876993179321289,0.00930333137512207,7.028489112854004,7.031088829040527,7.010551929473877,-0.019237041473388672,7.2320661544799805,7.187027931213379,7.254821300506592,0.04527425765991211
rock_12::lowpass::lp4000,rock_12,rock,lowpass,4000.0,hz_cutoff,6.768563747406006,6.354801177978516,6.651334762573242,0.08965229988098145,6.879978179931641,5.738833904266357,6.532693386077881,0.22328734397888184,7.028489112854004,6.792206764221191,6.9298906326293945,0.019542694091796875,7.2320661544799805,5.529372215270996,6.641651630401611,0.26093244552612305
rock_12::lowpass::lp2000,rock_12,rock,lowpass,2000.0,hz_cutoff,6.768563747406006,6.618900299072266,6.655641078948975,-0.03809094429016113,6.879978179931641,4.255065441131592,5.87221622467041,0.30469441413879395,7.028489112854004,5.987464904785156,6.4979448318481445,-0.010032176971435547,7.2320661544799805,4.259131908416748,6.136834621429443,0.3912355899810791
rock_12::distortion::drv4,rock_12,rock,distortion,4.0,tanh_drive,6.768563747406006,3.86055326461792,5.47839879989624,0.16384029388427734,6.879978179931641,2.311113119125366,4.924989223480225,0.3294435739517212,7.028489112854004,6.841821193695068,6.956744194030762,0.021589040756225586,7.2320661544799805,3.9251863956451416,5.862024307250977,0.2833980321884155
rock_12::distortion::drv12,rock_12,rock,distortion,12.0,tanh_drive,6.768563747406006,2.197190523147583,4.8250813484191895,0.342204213142395,6.879978179931641,2.1885299682617188,4.77571439743042,0.24146032333374023,7.028489112854004,6.5766448974609375,6.808848857879639,0.006281852722167969,7.2320661544799805,3.173380136489868,5.4519853591918945,0.24926221370697021
rock_12::distortion::drv32,rock_12,rock,distortion,32.0,tanh_drive,6.768563747406006,1.8599789142608643,4.633907794952393,0.3196364641189575,6.879978179931641,2.172898530960083,4.653296947479248,0.12685859203338623,7.028489112854004,6.30879020690918,6.613542079925537,-0.05509757995605469,7.2320661544799805,2.9831018447875977,5.307976722717285,0.2003927230834961
rock_12::style_swap::swap_cross,rock_12,rock,style_swap,nan,cross_genre,6.768563747406006,5.207035064697266,6.20066499710083,0.21286559104919434,6.879978179931641,5.763020038604736,6.324369430541992,0.002870321273803711,7.028489112854004,4.236490249633789,5.855229377746582,0.22273969650268555,7.2320661544799805,6.248940944671631,6.6762003898620605,-0.06430315971374512
rock_12::style_swap::swap_same,rock_12,rock,style_swap,nan,same_genre,6.768563747406006,4.622060298919678,5.817141532897949,0.12182950973510742,6.879978179931641,5.4412312507629395,6.232541561126709,0.07193684577941895,7.028489112854004,6.857333183288574,6.96708869934082,0.02417755126953125,7.2320661544799805,6.171002388000488,6.828792572021484,0.12725830078125
rock_13::control::ctrl,rock_13,rock,control,0.0,none,7.366084575653076,7.366084575653076,7.287293910980225,-0.07879066467285156,7.804884910583496,7.804884910583496,7.856210231781006,0.051325321197509766,6.130816459655762,6.130816459655762,6.105658054351807,-0.025158405303955078,7.919909954071045,7.919909954071045,7.966152191162109,0.04624223709106445
rock_13::pitch_shift::-4st,rock_13,rock,pitch_shift,-4.0,semitones,7.366084575653076,7.265606880187988,7.2563982009887695,-0.059447526931762695,7.804884910583496,7.480254173278809,7.690366744995117,0.047797203063964844,6.130816459655762,6.310404300689697,6.22411584854126,0.0035054683685302734,7.919909954071045,7.467831134796143,7.733333587646484,0.039463043212890625
rock_13::pitch_shift::-2st,rock_13,rock,pitch_shift,-2.0,semitones,7.366084575653076,7.443225860595703,7.364142894744873,-0.0405123233795166,7.804884910583496,7.76522159576416,7.843681335449219,0.058628082275390625,6.130816459655762,6.239480495452881,6.190123558044434,0.004975080490112305,7.919909954071045,7.765308380126953,7.908106803894043,0.06549763679504395
rock_13::pitch_shift::-1st,rock_13,rock,pitch_shift,-1.0,semitones,7.366084575653076,7.258366107940674,7.254002094268799,-0.05822324752807617,7.804884910583496,7.699523448944092,7.796022415161133,0.04381823539733887,6.130816459655762,6.113321304321289,6.120521068572998,-0.0015478134155273438,7.919909954071045,7.733737945556641,7.86652946472168,0.039705514907836914
rock_13::pitch_shift::+1st,rock_13,rock,pitch_shift,1.0,semitones,7.366084575653076,7.3921613693237305,7.31758975982666,-0.061533212661743164,7.804884910583496,7.816451549530029,7.838680267333984,0.02801203727722168,6.130816459655762,5.957029342651367,6.029065132141113,-0.014857769012451172,7.919909954071045,7.843861103057861,7.92156982421875,0.039684295654296875
rock_13::pitch_shift::+2st,rock_13,rock,pitch_shift,2.0,semitones,7.366084575653076,7.294435024261475,7.285480976104736,-0.04477882385253906,7.804884910583496,7.779356956481934,7.840941905975342,0.04882097244262695,6.130816459655762,6.044078350067139,6.068329811096191,-0.01911759376525879,7.919909954071045,7.74923849105835,7.8882832527160645,0.05370903015136719
rock_13::pitch_shift::+4st,rock_13,rock,pitch_shift,4.0,semitones,7.366084575653076,7.129986763000488,7.245614528656006,-0.002421140670776367,7.804884910583496,7.550313949584961,7.75327205657959,0.07567262649536133,6.130816459655762,6.019362926483154,6.073727130889893,-0.0013625621795654297,7.919909954071045,7.631599426269531,7.868315696716309,0.09256100654602051
rock_13::time_stretch::-20pct,rock_13,rock,time_stretch,-20.0,percent_tempo,7.366084575653076,7.291118621826172,7.277313709259033,-0.05128788948059082,7.804884910583496,7.683750152587891,7.782769680023193,0.0384521484375,6.130816459655762,5.929548740386963,6.0391950607299805,0.009012460708618164,7.919909954071045,7.768158435821533,7.889966011047363,0.04593181610107422
rock_13::time_stretch::-10pct,rock_13,rock,time_stretch,-10.0,percent_tempo,7.366084575653076,7.428316593170166,7.3344645500183105,-0.06273603439331055,7.804884910583496,7.86301326751709,7.859965801239014,0.026016712188720703,6.130816459655762,5.906312942504883,6.015973091125488,-0.0025916099548339844,7.919909954071045,7.921621799468994,7.955652236938477,0.03488636016845703
rock_13::time_stretch::-5pct,rock_13,rock,time_stretch,-5.0,percent_tempo,7.366084575653076,7.447580814361572,7.3547587394714355,-0.05207395553588867,7.804884910583496,7.740072727203369,7.815589904785156,0.04311108589172363,6.130816459655762,5.98069953918457,6.057907581329346,0.0021495819091796875,7.919909954071045,7.827081203460693,7.917598724365234,0.044103145599365234
rock_13::time_stretch::+5pct,rock_13,rock,time_stretch,5.0,percent_tempo,7.366084575653076,7.51495361328125,7.406763076782227,-0.03375601768493652,7.804884910583496,7.840142726898193,7.875585556030273,0.05307173728942871,6.130816459655762,6.176155090332031,6.131028175354004,-0.022457599639892578,7.919909954071045,7.947093963623047,7.988410472869873,0.05490851402282715
rock_13::time_stretch::+10pct,rock_13,rock,time_stretch,10.0,percent_tempo,7.366084575653076,7.533807277679443,7.397709369659424,-0.05223655700683594,7.804884910583496,7.831231117248535,7.865377426147461,0.04731941223144531,6.130816459655762,6.122822284698486,6.082624435424805,-0.044194936752319336,7.919909954071045,7.8638482093811035,7.933300018310547,0.041420936584472656
rock_13::time_stretch::+20pct,rock_13,rock,time_stretch,20.0,percent_tempo,7.366084575653076,7.469799041748047,7.366445064544678,-0.05149674415588379,7.804884910583496,7.770220756530762,7.839578628540039,0.052025794982910156,6.130816459655762,6.074125289916992,6.084927558898926,-0.017543315887451172,7.919909954071045,7.783255100250244,7.9081902503967285,0.056607723236083984
rock_13::lowpass::lp8000,rock_13,rock,lowpass,8000.0,hz_cutoff,7.366084575653076,7.358692646026611,7.2923197746276855,-0.0700688362121582,7.804884910583496,7.795096397399902,7.852828025817871,0.052837371826171875,6.130816459655762,6.0677571296691895,6.07796573638916,-0.02132105827331543,7.919909954071045,7.9017744064331055,7.958359241485596,0.04751706123352051
rock_13::lowpass::lp4000,rock_13,rock,lowpass,4000.0,hz_cutoff,7.366084575653076,7.246343612670898,7.266872406005859,-0.03934168815612793,7.804884910583496,7.557336807250977,7.715560436248779,0.03444957733154297,6.130816459655762,5.57447624206543,5.866025447845459,0.013379096984863281,7.919909954071045,7.324687957763672,7.667971134185791,0.04567217826843262
rock_13::lowpass::lp2000,rock_13,rock,lowpass,2000.0,hz_cutoff,7.366084575653076,6.600893020629883,6.958373546600342,-0.025115251541137695,7.804884910583496,7.0646281242370605,7.505468368530273,0.07071185111999512,6.130816459655762,5.228743076324463,5.615650653839111,-0.06412911415100098,7.919909954071045,6.40783166885376,7.306488990783691,0.14261817932128906
rock_13::distortion::drv4,rock_13,rock,distortion,4.0,tanh_drive,7.366084575653076,7.2423810958862305,7.226970672607422,-0.07726216316223145,7.804884910583496,7.4719367027282715,7.707956790924072,0.06954598426818848,6.130816459655762,6.467304229736328,6.264112949371338,-0.03494739532470703,7.919909954071045,7.348666191101074,7.708371639251709,0.07408356666564941
rock_13::distortion::drv12,rock_13,rock,distortion,12.0,tanh_drive,7.366084575653076,3.7163326740264893,5.778677940368652,0.23746931552886963,7.804884910583496,4.511578559875488,6.244675636291504,0.08644390106201172,6.130816459655762,6.460619926452637,6.353574275970459,0.057856082916259766,7.919909954071045,4.558518886566162,6.502866744995117,0.26365232467651367
rock_13::distortion::drv32,rock_13,rock,distortion,32.0,tanh_drive,7.366084575653076,2.2925238609313965,5.189860820770264,0.36055660247802734,7.804884910583496,2.4583215713500977,5.461327075958252,0.3297238349914551,6.130816459655762,6.308809280395508,6.409642219543457,0.18982934951782227,7.919909954071045,3.6607227325439453,6.122382164001465,0.3320658206939697
rock_13::style_swap::swap_cross,rock_13,rock,style_swap,nan,cross_genre,7.366084575653076,8.014544486999512,7.717044830322266,0.02673029899597168,7.804884910583496,7.94671106338501,7.967842102050781,0.09204411506652832,6.130816459655762,5.428797721862793,5.843628883361816,0.06382179260253906,7.919909954071045,8.375616073608398,8.263289451599121,0.11552643775939941
rock_13::style_swap::swap_same,rock_13,rock,style_swap,nan,same_genre,7.366084575653076,5.537556171417236,6.664331912994385,0.21251153945922852,7.804884910583496,6.514451026916504,7.302497386932373,0.14282941818237305,6.130816459655762,6.707637310028076,6.514636993408203,0.09541010856628418,7.919909954071045,5.504531383514404,7.014657974243164,0.30243730545043945
rock_14::control::ctrl,rock_14,rock,control,0.0,none,5.5905256271362305,5.58897066116333,5.5507378578186035,-0.03901028633117676,6.459090709686279,6.462502479553223,6.546072006225586,0.08527541160583496,6.707785129547119,6.708364009857178,6.643942832946777,-0.0641317367553711,5.622873306274414,5.617644309997559,5.6784772872924805,0.05821847915649414
rock_14::pitch_shift::-4st,rock_14,rock,pitch_shift,-4.0,semitones,5.5905256271362305,4.731413841247559,5.124152660369873,-0.036817073822021484,6.459090709686279,5.1782989501953125,5.816952705383301,-0.0017421245574951172,6.707785129547119,6.469474792480469,6.555886745452881,-0.032743215560913086,5.622873306274414,4.717329025268555,5.203874111175537,0.033772945404052734
rock_14::pitch_shift::-2st,rock_14,rock,pitch_shift,-2.0,semitones,5.5905256271362305,5.109607696533203,5.30893611907959,-0.04113054275512695,6.459090709686279,6.1139607429504395,6.377266883850098,0.09074115753173828,6.707785129547119,6.560377597808838,6.615366458892822,-0.01871490478515625,5.622873306274414,5.028390884399414,5.300452709197998,-0.025179386138916016
rock_14::pitch_shift::-1st,rock_14,rock,pitch_shift,-1.0,semitones,5.5905256271362305,4.995163917541504,5.2632646560668945,-0.029580116271972656,6.459090709686279,6.241988658905029,6.396295547485352,0.045755863189697266,6.707785129547119,6.6081647872924805,6.6178717613220215,-0.04010319709777832,5.622873306274414,5.151671886444092,5.378602981567383,-0.008669614791870117
rock_14::pitch_shift::+1st,rock_14,rock,pitch_shift,1.0,semitones,5.5905256271362305,5.888910293579102,5.669212341308594,-0.07050561904907227,6.459090709686279,6.710205554962158,6.606720924377441,0.022072792053222656,6.707785129547119,6.714487552642822,6.687157154083252,-0.02397918701171875,5.622873306274414,5.414762020111084,5.570046901702881,0.051229238510131836
rock_14::pitch_shift::+2st,rock_14,rock,pitch_shift,2.0,semitones,5.5905256271362305,5.695113658905029,5.582775115966797,-0.06004452705383301,6.459090709686279,6.343249797821045,6.4674458503723145,0.06627559661865234,6.707785129547119,6.613661766052246,6.669839859008789,0.009116411209106445,5.622873306274414,5.316493511199951,5.518280506134033,0.048597097396850586
rock_14::pitch_shift::+4st,rock_14,rock,pitch_shift,4.0,semitones,5.5905256271362305,5.730674743652344,5.566738605499268,-0.09386157989501953,6.459090709686279,5.880476951599121,6.357820510864258,0.18803668022155762,6.707785129547119,6.650331497192383,6.669790744781494,-0.009267568588256836,5.622873306274414,5.041598796844482,5.489951133728027,0.1577150821685791
rock_14::time_stretch::-20pct,rock_14,rock,time_stretch,-20.0,percent_tempo,5.5905256271362305,5.467706203460693,5.488685607910156,-0.040430307388305664,6.459090709686279,6.295721054077148,6.435324192047119,0.05791831016540527,6.707785129547119,6.659552574157715,6.657241344451904,-0.026427507400512695,5.622873306274414,5.442610740661621,5.545449733734131,0.012707710266113281
rock_14::time_stretch::-10pct,rock_14,rock,time_stretch,-10.0,percent_tempo,5.5905256271362305,5.551702499389648,5.4891676902771,-0.08194637298583984,6.459090709686279,6.127695560455322,6.324294567108154,0.030901432037353516,6.707785129547119,6.663819313049316,6.641144752502441,-0.04465746879577637,5.622873306274414,5.099349021911621,5.371120452880859,0.010009288787841797
rock_14::time_stretch::-5pct,rock_14,rock,time_stretch,-5.0,percent_tempo,5.5905256271362305,5.4586100578308105,5.474980354309082,-0.04958748817443848,6.459090709686279,6.364919662475586,6.455285549163818,0.04328036308288574,6.707785129547119,6.7719597816467285,6.696600914001465,-0.043271541595458984,5.622873306274414,5.301334381103516,5.498233318328857,0.03612947463989258
rock_14::time_stretch::+5pct,rock_14,rock,time_stretch,5.0,percent_tempo,5.5905256271362305,5.153751373291016,5.356841087341309,-0.015297412872314453,6.459090709686279,6.034495830535889,6.337399005889893,0.0906057357788086,6.707785129547119,6.650662422180176,6.63529109954834,-0.04393267631530762,5.622873306274414,5.048015117645264,5.360077381134033,0.024633169174194336
rock_14::time_stretch::+10pct,rock_14,rock,time_stretch,10.0,percent_tempo,5.5905256271362305,5.13779878616333,5.270102500915527,-0.09405970573425293,6.459090709686279,5.628850936889648,6.168550491333008,0.12457966804504395,6.707785129547119,6.739258289337158,6.678239345550537,-0.04528236389160156,5.622873306274414,4.977229595184326,5.286004543304443,-0.014046907424926758
rock_14::time_stretch::+20pct,rock_14,rock,time_stretch,20.0,percent_tempo,5.5905256271362305,5.383296966552734,5.412892818450928,-0.07401847839355469,6.459090709686279,5.991075038909912,6.370832443237305,0.14574956893920898,6.707785129547119,6.722130298614502,6.666802406311035,-0.04815530776977539,5.622873306274414,5.180411338806152,5.401965141296387,0.0003228187561035156
rock_14::lowpass::lp8000,rock_14,rock,lowpass,8000.0,hz_cutoff,5.5905256271362305,5.400277137756348,5.436000823974609,-0.05940055847167969,6.459090709686279,6.219542980194092,6.428536415100098,0.08921957015991211,6.707785129547119,6.6570329666137695,6.621160984039307,-0.061248064041137695,5.622873306274414,5.345232009887695,5.511231422424316,0.02717876434326172
rock_14::lowpass::lp4000,rock_14,rock,lowpass,4000.0,hz_cutoff,5.5905256271362305,3.486027717590332,4.699583053588867,0.16130638122558594,6.459090709686279,2.6081154346466064,4.935647010803223,0.4020439386367798,6.707785129547119,5.705443382263184,6.170516490936279,-0.03609776496887207,5.622873306274414,3.8928356170654297,4.984312534332275,0.22645807266235352
rock_14::lowpass::lp2000,rock_14,rock,lowpass,2000.0,hz_cutoff,5.5905256271362305,2.7804617881774902,4.265932559967041,0.08043885231018066,6.459090709686279,3.0220601558685303,4.977393627166748,0.23681819438934326,6.707785129547119,4.0456438064575195,5.477088451385498,0.10037398338317871,5.622873306274414,4.075751781463623,5.228412628173828,0.37910008430480957
rock_14::distortion::drv4,rock_14,rock,distortion,4.0,tanh_drive,5.5905256271362305,3.22295880317688,4.512661457061768,0.1059192419052124,6.459090709686279,2.465095043182373,4.7983198165893555,0.3362269401550293,6.707785129547119,6.456331729888916,6.527677059173584,-0.054381370544433594,5.622873306274414,3.5526702404022217,4.726449966430664,0.1386781930923462
rock_14::distortion::drv12,rock_14,rock,distortion,12.0,tanh_drive,5.5905256271362305,2.4629220962524414,4.066488265991211,0.039764404296875,6.459090709686279,2.2008066177368164,4.427295684814453,0.09734702110290527,6.707785129547119,5.315220832824707,5.968995094299316,-0.04250788688659668,5.622873306274414,3.1811389923095703,4.426437854766846,0.024431705474853516
rock_14::distortion::drv32,rock_14,rock,distortion,32.0,tanh_drive,5.5905256271362305,2.3107895851135254,3.9727535247802734,0.022095918655395508,6.459090709686279,2.1974918842315674,4.33835506439209,0.010063767433166504,6.707785129547119,4.814146995544434,5.726684093475342,-0.03428196907043457,5.622873306274414,3.2019758224487305,4.404824256896973,-0.007600307464599609
rock_14::style_swap::swap_cross,rock_14,rock,style_swap,nan,cross_genre,5.5905256271362305,5.952021598815918,5.735208511352539,-0.036065101623535156,6.459090709686279,5.781503200531006,6.331603050231934,0.21130609512329102,6.707785129547119,5.196415901184082,6.042133808135986,0.09003329277038574,5.622873306274414,6.4159040451049805,6.08176851272583,0.06237983703613281
rock_14::style_swap::swap_same,rock_14,rock,style_swap,nan,same_genre,5.5905256271362305,3.74172306060791,4.859679698944092,0.19355535507202148,6.459090709686279,4.938493251800537,5.916313648223877,0.21752166748046875,6.707785129547119,6.369612693786621,6.45290470123291,-0.08579421043395996,5.622873306274414,4.416065692901611,5.436136245727539,0.41666674613952637
rock_15::control::ctrl,rock_15,rock,control,0.0,none,6.925003528594971,6.925003528594971,6.994267463684082,0.06926393508911133,5.117543697357178,5.117543697357178,5.365897178649902,0.2483534812927246,6.594942569732666,6.594942569732666,6.746487140655518,0.15154457092285156,5.283674716949463,5.283674716949463,5.6038994789123535,0.3202247619628906
rock_15::pitch_shift::-4st,rock_15,rock,pitch_shift,-4.0,semitones,6.925003528594971,6.685937404632568,6.934921741485596,0.12945127487182617,5.117543697357178,3.6607649326324463,4.865036487579346,0.4758821725845337,6.594942569732666,6.330480098724365,6.60434103012085,0.14162969589233398,5.283674716949463,4.723434925079346,5.336423397064209,0.3328685760498047
rock_15::pitch_shift::-2st,rock_15,rock,pitch_shift,-2.0,semitones,6.925003528594971,7.153988838195801,7.050585746765137,0.011089563369750977,5.117543697357178,5.168652057647705,5.381848335266113,0.23875045776367188,6.594942569732666,6.419453144073486,6.618387222290039,0.11118936538696289,5.283674716949463,5.420623779296875,5.653260231018066,0.30111098289489746
rock_15::pitch_shift::-1st,rock_15,rock,pitch_shift,-1.0,semitones,6.925003528594971,6.484118461608887,6.835388660430908,0.1308276653289795,5.117543697357178,4.025093078613281,4.8466010093688965,0.275282621383667,6.594942569732666,6.160643577575684,6.528773307800293,0.15098023414611816,5.283674716949463,4.632827281951904,5.244654178619385,0.28640317916870117
rock_15::pitch_shift::+1st,rock_15,rock,pitch_shift,1.0,semitones,6.925003528594971,6.768113136291504,6.829018592834473,-0.01753973960876465,5.117543697357178,3.4152960777282715,4.4336676597595215,0.16724777221679688,6.594942569732666,6.4083051681518555,6.60073184967041,0.09910798072814941,5.283674716949463,4.986830234527588,5.361805438995361,0.22655296325683594
rock_15::pitch_shift::+2st,rock_15,rock,pitch_shift,2.0,semitones,6.925003528594971,7.067884922027588,7.067894458770752,0.07145023345947266,5.117543697357178,4.40181303024292,4.886176109313965,0.12649774551391602,6.594942569732666,6.412693023681641,6.630006313323975,0.1261885166168213,5.283674716949463,5.067907333374023,5.416172027587891,0.24038100242614746
rock_15::pitch_shift::+4st,rock_15,rock,pitch_shift,4.0,semitones,6.925003528594971,6.652135848999023,6.833125591278076,0.0445559024810791,5.117543697357178,4.361501693725586,4.724437713623047,-0.015084981918334961,6.594942569732666,6.422014236450195,6.633565902709961,0.12508749961853027,5.283674716949463,5.16989803314209,5.338818073272705,0.11203169822692871
rock_15::time_stretch::-20pct,rock_15,rock,time_stretch,-20.0,percent_tempo,6.925003528594971,7.065764427185059,6.992648601531982,-0.0027353763580322266,5.117543697357178,4.359053611755371,4.817069053649902,0.07877039909362793,6.594942569732666,5.977141380310059,6.4564971923828125,0.1704552173614502,5.283674716949463,5.22033166885376,5.418215751647949,0.1662125587463379
rock_15::time_stretch::-10pct,rock_15,rock,time_stretch,-10.0,percent_tempo,6.925003528594971,6.850466251373291,6.963759422302246,0.07602453231811523,5.117543697357178,4.02919340133667,4.747121334075928,0.1737527847290039,6.594942569732666,6.448184013366699,6.6323957443237305,0.11083245277404785,5.283674716949463,5.278637886047363,5.497300624847412,0.21614432334899902
rock_15::time_stretch::-5pct,rock_15,rock,time_stretch,-5.0,percent_tempo,6.925003528594971,7.005122661590576,7.046586036682129,0.08152294158935547,5.117543697357178,4.160277843475342,4.8019022941589355,0.16299152374267578,6.594942569732666,6.4553399085998535,6.623003005981445,0.09786176681518555,5.283674716949463,5.311018943786621,5.591956615447998,0.29460978507995605
rock_15::time_stretch::+5pct,rock_15,rock,time_stretch,5.0,percent_tempo,6.925003528594971,6.975289344787598,6.915055274963379,-0.03509116172790527,5.117543697357178,4.7752203941345215,5.0279154777526855,0.08153343200683594,6.594942569732666,6.4903764724731445,6.672068119049072,0.129408597946167,5.283674716949463,5.081367015838623,5.500242233276367,0.3177213668823242
rock_15::time_stretch::+10pct,rock_15,rock,time_stretch,10.0,percent_tempo,6.925003528594971,7.036359786987305,7.021135330200195,0.04045367240905762,5.117543697357178,4.185565948486328,4.938488960266113,0.28693413734436035,6.594942569732666,6.458582878112793,6.62606954574585,0.09930682182312012,5.283674716949463,5.104770660400391,5.407303333282471,0.21308064460754395
rock_15::time_stretch::+20pct,rock_15,rock,time_stretch,20.0,percent_tempo,6.925003528594971,6.747217178344727,6.9174652099609375,0.08135485649108887,5.117543697357178,5.325041770935059,5.31768798828125,0.09639525413513184,6.594942569732666,6.514945030212402,6.662816047668457,0.10787224769592285,5.283674716949463,5.1148200035095215,5.421368598937988,0.2221212387084961
rock_15::lowpass::lp8000,rock_15,rock,lowpass,8000.0,hz_cutoff,6.925003528594971,6.757990837097168,6.91610860824585,0.07461142539978027,5.117543697357178,4.862566947937012,5.223224639892578,0.2331693172454834,6.594942569732666,6.503514766693115,6.7006611824035645,0.15143251419067383,5.283674716949463,5.133094310760498,5.499704837799072,0.2913203239440918
rock_15::lowpass::lp4000,rock_15,rock,lowpass,4000.0,hz_cutoff,6.925003528594971,6.607728481292725,6.850125789642334,0.08375978469848633,5.117543697357178,2.9950788021087646,4.327853202819824,0.271541953086853,6.594942569732666,5.949117660522461,6.490035057067871,0.21800494194030762,5.283674716949463,4.354979991912842,5.272456645965576,0.45312929153442383
rock_15::lowpass::lp2000,rock_15,rock,lowpass,2000.0,hz_cutoff,6.925003528594971,6.251437664031982,6.469790935516357,-0.11842966079711914,5.117543697357178,3.219672203063965,4.295679569244385,0.12707161903381348,6.594942569732666,5.626474380493164,6.229218482971191,0.11851000785827637,5.283674716949463,3.915848970413208,5.13598108291626,0.5362192392349243
rock_15::distortion::drv4,rock_15,rock,distortion,4.0,tanh_drive,6.925003528594971,6.668691158294678,6.846734046936035,0.04988670349121094,5.117543697357178,3.5582830905914307,4.49582576751709,0.15791237354278564,6.594942569732666,6.491371154785156,6.71494722366333,0.17179036140441895,5.283674716949463,4.3756608963012695,5.126530170440674,0.2968623638153076
rock_15::distortion::drv12,rock_15,rock,distortion,12.0,tanh_drive,6.925003528594971,4.537850856781006,5.844970226287842,0.11354303359985352,5.117543697357178,2.1759910583496094,3.852595806121826,0.20582842826843262,6.594942569732666,5.8591508865356445,6.397530555725098,0.17048382759094238,5.283674716949463,3.384307384490967,4.491757869720459,0.15776681900024414
rock_15::distortion::drv32,rock_15,rock,distortion,32.0,tanh_drive,6.925003528594971,3.161567211151123,5.200185298919678,0.15689992904663086,5.117543697357178,2.1726558208465576,3.51604962348938,-0.1290501356124878,6.594942569732666,5.696339130401611,6.338980674743652,0.19333982467651367,5.283674716949463,3.0949907302856445,4.2633957862854,0.07406306266784668
rock_15::style_swap::swap_cross,rock_15,rock,style_swap,nan,cross_genre,6.925003528594971,7.697348117828369,7.480505466461182,0.16932964324951172,5.117543697357178,8.24710464477539,7.266611576080322,0.5842874050140381,6.594942569732666,5.9259185791015625,6.459743499755859,0.19931292533874512,5.283674716949463,8.181973457336426,7.289661884307861,0.556837797164917
rock_15::style_swap::swap_same,rock_15,rock,style_swap,nan,same_genre,6.925003528594971,7.099637985229492,7.013680934906006,0.001360177993774414,5.117543697357178,7.395135879516602,6.24779748916626,-0.008542299270629883,6.594942569732666,6.245050430297852,6.544024467468262,0.12402796745300293,5.283674716949463,7.554581165313721,6.5369367599487305,0.11780881881713867
