pair_id,source_id,genre,perturbation,magnitude,magnitude_unit,cocola,cocola_h,cocola_p
classical_01::control::ctrl,classical_01,classical,control,0.0,none,64.0899429321289,61.468055725097656,63.502525329589844
classical_01::pitch_shift::-4st,classical_01,classical,pitch_shift,-4.0,semitones,49.07929229736328,45.64561462402344,51.17256546020508
classical_01::pitch_shift::-2st,classical_01,classical,pitch_shift,-2.0,semitones,52.15676498413086,48.84548568725586,51.917823791503906
classical_01::pitch_shift::-1st,classical_01,classical,pitch_shift,-1.0,semitones,45.149314880371094,40.89357376098633,48.03175354003906
classical_01::pitch_shift::+1st,classical_01,classical,pitch_shift,1.0,semitones,43.738075256347656,40.89995193481445,46.544673919677734
classical_01::pitch_shift::+2st,classical_01,classical,pitch_shift,2.0,semitones,51.41374206542969,47.82566452026367,52.153419494628906
classical_01::pitch_shift::+4st,classical_01,classical,pitch_shift,4.0,semitones,46.34070587158203,43.67848587036133,47.861724853515625
classical_01::time_stretch::-20pct,classical_01,classical,time_stretch,-20.0,percent_tempo,62.316802978515625,58.55701446533203,61.544578552246094
classical_01::time_stretch::-10pct,classical_01,classical,time_stretch,-10.0,percent_tempo,62.95582580566406,58.37562942504883,61.43409729003906
classical_01::time_stretch::-5pct,classical_01,classical,time_stretch,-5.0,percent_tempo,63.441253662109375,59.37763977050781,62.91535186767578
classical_01::time_stretch::+5pct,classical_01,classical,time_stretch,5.0,percent_tempo,61.73676300048828,60.533843994140625,62.064083099365234
classical_01::time_stretch::+10pct,classical_01,classical,time_stretch,10.0,percent_tempo,61.961936950683594,59.32097625732422,62.634674072265625
classical_01::time_stretch::+20pct,classical_01,classical,time_stretch,20.0,percent_tempo,61.072200775146484,56.04045104980469,60.80886459350586
classical_01::lowpass::lp8000,classical_01,classical,lowpass,8000.0,hz_cutoff,64.0744857788086,61.477569580078125,63.50889587402344
classical_01::lowpass::lp4000,classical_01,classical,lowpass,4000.0,hz_cutoff,62.77994918823242,61.201438903808594,61.95684051513672
classical_01::lowpass::lp2000,classical_01,classical,lowpass,2000.0,hz_cutoff,62.10615539550781,60.46734619140625,61.452606201171875
classical_01::distortion::drv4,classical_01,classical,distortion,4.0,tanh_drive,64.05545043945312,61.452354431152344,63.439292907714844
classical_01::distortion::drv12,classical_01,classical,distortion,12.0,tanh_drive,63.56340789794922,61.67832565307617,62.80836486816406
classical_01::distortion::drv32,classical_01,classical,distortion,32.0,tanh_drive,62.23661804199219,60.896060943603516,62.191017150878906
classical_01::style_swap::swap_cross,classical_01,classical,style_swap,nan,cross_genre,43.53639221191406,41.69178771972656,47.50455093383789
classical_01::style_swap::swap_same,classical_01,classical,style_swap,nan,same_genre,54.158973693847656,52.173038482666016,54.690982818603516
classical_02::control::ctrl,classical_02,classical,control,0.0,none,52.94063949584961,52.40686798095703,51.06341552734375
classical_02::pitch_shift::-4st,classical_02,classical,pitch_shift,-4.0,semitones,45.894752502441406,45.0625114440918,47.041473388671875
classical_02::pitch_shift::-2st,classical_02,classical,pitch_shift,-2.0,semitones,48.600013732910156,50.005958557128906,49.319793701171875
classical_02::pitch_shift::-1st,classical_02,classical,pitch_shift,-1.0,semitones,45.7495002746582,44.76144027709961,47.06142044067383
classical_02::pitch_shift::+1st,classical_02,classical,pitch_shift,1.0,semitones,47.87554168701172,45.02381896972656,46.659610748291016
classical_02::pitch_shift::+2st,classical_02,classical,pitch_shift,2.0,semitones,49.96920394897461,50.42637252807617,47.86855697631836
classical_02::pitch_shift::+4st,classical_02,classical,pitch_shift,4.0,semitones,48.28460693359375,48.08612060546875,48.81055450439453
classical_02::time_stretch::-20pct,classical_02,classical,time_stretch,-20.0,percent_tempo,51.03237533569336,50.16230010986328,47.3369140625
classical_02::time_stretch::-10pct,classical_02,classical,time_stretch,-10.0,percent_tempo,50.59884262084961,51.6715087890625,48.00827407836914
classical_02::time_stretch::-5pct,classical_02,classical,time_stretch,-5.0,percent_tempo,51.571929931640625,51.466896057128906,49.6299934387207
classical_02::time_stretch::+5pct,classical_02,classical,time_stretch,5.0,percent_tempo,52.135658264160156,50.00956344604492,50.85866165161133
classical_02::time_stretch::+10pct,classical_02,classical,time_stretch,10.0,percent_tempo,50.670936584472656,49.81793975830078,47.38286590576172
classical_02::time_stretch::+20pct,classical_02,classical,time_stretch,20.0,percent_tempo,49.225502014160156,52.31950378417969,48.7325553894043
classical_02::lowpass::lp8000,classical_02,classical,lowpass,8000.0,hz_cutoff,52.964317321777344,52.43777084350586,51.08061981201172
classical_02::lowpass::lp4000,classical_02,classical,lowpass,4000.0,hz_cutoff,50.664093017578125,51.37005615234375,49.73197555541992
classical_02::lowpass::lp2000,classical_02,classical,lowpass,2000.0,hz_cutoff,51.798946380615234,51.51679992675781,50.04142761230469
classical_02::distortion::drv4,classical_02,classical,distortion,4.0,tanh_drive,52.973289489746094,52.407073974609375,51.07498550415039
classical_02::distortion::drv12,classical_02,classical,distortion,12.0,tanh_drive,52.78398513793945,52.49522018432617,50.5443000793457
classical_02::distortion::drv32,classical_02,classical,distortion,32.0,tanh_drive,52.529052734375,52.55412292480469,50.43860626220703
classical_02::style_swap::swap_cross,classical_02,classical,style_swap,nan,cross_genre,45.66063690185547,49.24583435058594,47.20792007446289
classical_02::style_swap::swap_same,classical_02,classical,style_swap,nan,same_genre,46.974063873291016,48.3681640625,48.12281036376953
classical_03::control::ctrl,classical_03,classical,control,0.0,none,49.2049560546875,54.8857421875,51.20072555541992
classical_03::pitch_shift::-4st,classical_03,classical,pitch_shift,-4.0,semitones,38.961753845214844,41.74894714355469,40.455535888671875
classical_03::pitch_shift::-2st,classical_03,classical,pitch_shift,-2.0,semitones,46.90296936035156,49.209068298339844,47.93910217285156
classical_03::pitch_shift::-1st,classical_03,classical,pitch_shift,-1.0,semitones,34.31050109863281,39.10246276855469,39.13861083984375
classical_03::pitch_shift::+1st,classical_03,classical,pitch_shift,1.0,semitones,34.379600524902344,39.67149353027344,38.28117370605469
classical_03::pitch_shift::+2st,classical_03,classical,pitch_shift,2.0,semitones,44.384033203125,51.122840881347656,47.986366271972656
classical_03::pitch_shift::+4st,classical_03,classical,pitch_shift,4.0,semitones,34.46377182006836,39.08924102783203,40.994140625
classical_03::time_stretch::-20pct,classical_03,classical,time_stretch,-20.0,percent_tempo,45.93374252319336,50.57404327392578,49.11377716064453
classical_03::time_stretch::-10pct,classical_03,classical,time_stretch,-10.0,percent_tempo,45.43086624145508,47.67726135253906,48.958465576171875
classical_03::time_stretch::-5pct,classical_03,classical,time_stretch,-5.0,percent_tempo,47.87242126464844,52.44196701049805,50.82118606567383
classical_03::time_stretch::+5pct,classical_03,classical,time_stretch,5.0,percent_tempo,47.569766998291016,51.46936798095703,50.18959426879883
classical_03::time_stretch::+10pct,classical_03,classical,time_stretch,10.0,percent_tempo,47.48805236816406,52.27428436279297,50.113101959228516
classical_03::time_stretch::+20pct,classical_03,classical,time_stretch,20.0,percent_tempo,46.1856803894043,52.32225799560547,49.13667297363281
classical_03::lowpass::lp8000,classical_03,classical,lowpass,8000.0,hz_cutoff,49.27750778198242,54.915428161621094,51.203914642333984
classical_03::lowpass::lp4000,classical_03,classical,lowpass,4000.0,hz_cutoff,49.21528625488281,54.883113861083984,51.17555236816406
classical_03::lowpass::lp2000,classical_03,classical,lowpass,2000.0,hz_cutoff,49.093318939208984,54.865394592285156,50.97555923461914
classical_03::distortion::drv4,classical_03,classical,distortion,4.0,tanh_drive,49.302337646484375,54.85345458984375,51.10444259643555
classical_03::distortion::drv12,classical_03,classical,distortion,12.0,tanh_drive,49.256813049316406,54.72581100463867,51.121246337890625
classical_03::distortion::drv32,classical_03,classical,distortion,32.0,tanh_drive,48.97828674316406,54.40239715576172,50.97698211669922
classical_03::style_swap::swap_cross,classical_03,classical,style_swap,nan,cross_genre,38.01543426513672,42.321983337402344,44.19751739501953
classical_03::style_swap::swap_same,classical_03,classical,style_swap,nan,same_genre,28.36398696899414,28.626768112182617,37.402557373046875
classical_04::control::ctrl,classical_04,classical,control,0.0,none,70.52682495117188,68.3914794921875,71.95903015136719
classical_04::pitch_shift::-4st,classical_04,classical,pitch_shift,-4.0,semitones,64.42304229736328,59.34280014038086,68.28130340576172
classical_04::pitch_shift::-2st,classical_04,classical,pitch_shift,-2.0,semitones,67.09170532226562,61.97956848144531,68.52761840820312
classical_04::pitch_shift::-1st,classical_04,classical,pitch_shift,-1.0,semitones,63.11272048950195,58.5574836730957,64.44558715820312
classical_04::pitch_shift::+1st,classical_04,classical,pitch_shift,1.0,semitones,63.146480560302734,59.99808120727539,65.41978454589844
classical_04::pitch_shift::+2st,classical_04,classical,pitch_shift,2.0,semitones,63.55953598022461,58.227237701416016,66.31643676757812
classical_04::pitch_shift::+4st,classical_04,classical,pitch_shift,4.0,semitones,60.84086608886719,58.46290588378906,66.05266571044922
classical_04::time_stretch::-20pct,classical_04,classical,time_stretch,-20.0,percent_tempo,48.538726806640625,46.42350387573242,49.84931182861328
classical_04::time_stretch::-10pct,classical_04,classical,time_stretch,-10.0,percent_tempo,46.069374084472656,46.882041931152344,45.77814865112305
classical_04::time_stretch::-5pct,classical_04,classical,time_stretch,-5.0,percent_tempo,58.860958099365234,56.1103401184082,58.28076171875
classical_04::time_stretch::+5pct,classical_04,classical,time_stretch,5.0,percent_tempo,59.17375183105469,58.91358947753906,60.31798553466797
classical_04::time_stretch::+10pct,classical_04,classical,time_stretch,10.0,percent_tempo,54.909576416015625,54.769378662109375,54.75550842285156
classical_04::time_stretch::+20pct,classical_04,classical,time_stretch,20.0,percent_tempo,50.783485412597656,49.068511962890625,49.18971633911133
classical_04::lowpass::lp8000,classical_04,classical,lowpass,8000.0,hz_cutoff,70.57048034667969,68.42438507080078,71.97382354736328
classical_04::lowpass::lp4000,classical_04,classical,lowpass,4000.0,hz_cutoff,69.82752990722656,68.10946655273438,72.16799926757812
classical_04::lowpass::lp2000,classical_04,classical,lowpass,2000.0,hz_cutoff,69.60425567626953,67.66141510009766,72.08665466308594
classical_04::distortion::drv4,classical_04,classical,distortion,4.0,tanh_drive,70.58909606933594,68.26033020019531,72.00110626220703
classical_04::distortion::drv12,classical_04,classical,distortion,12.0,tanh_drive,69.8560562133789,68.40243530273438,71.98429107666016
classical_04::distortion::drv32,classical_04,classical,distortion,32.0,tanh_drive,69.5643081665039,67.2271957397461,72.07080078125
classical_04::style_swap::swap_cross,classical_04,classical,style_swap,nan,cross_genre,59.22636032104492,55.438140869140625,61.72966766357422
classical_04::style_swap::swap_same,classical_04,classical,style_swap,nan,same_genre,59.30825424194336,52.6147346496582,62.934844970703125
classical_05::control::ctrl,classical_05,classical,control,0.0,none,63.29437255859375,63.52077865600586,67.20707702636719
classical_05::pitch_shift::-4st,classical_05,classical,pitch_shift,-4.0,semitones,55.02400207519531,53.22263717651367,61.605621337890625
classical_05::pitch_shift::-2st,classical_05,classical,pitch_shift,-2.0,semitones,61.193138122558594,59.621158599853516,64.55520629882812
classical_05::pitch_shift::-1st,classical_05,classical,pitch_shift,-1.0,semitones,56.18610382080078,53.36442947387695,61.06132125854492
classical_05::pitch_shift::+1st,classical_05,classical,pitch_shift,1.0,semitones,54.602291107177734,52.038963317871094,59.66151809692383
classical_05::pitch_shift::+2st,classical_05,classical,pitch_shift,2.0,semitones,61.214622497558594,61.637245178222656,66.18458557128906
classical_05::pitch_shift::+4st,classical_05,classical,pitch_shift,4.0,semitones,59.65501403808594,56.02065658569336,65.16046142578125
classical_05::time_stretch::-20pct,classical_05,classical,time_stretch,-20.0,percent_tempo,38.519588470458984,41.875091552734375,40.25373077392578
classical_05::time_stretch::-10pct,classical_05,classical,time_stretch,-10.0,percent_tempo,43.96112060546875,48.14838409423828,49.616943359375
classical_05::time_stretch::-5pct,classical_05,classical,time_stretch,-5.0,percent_tempo,54.7397346496582,57.138893127441406,58.58184051513672
classical_05::time_stretch::+5pct,classical_05,classical,time_stretch,5.0,percent_tempo,58.98894119262695,58.22648239135742,60.34690856933594
classical_05::time_stretch::+10pct,classical_05,classical,time_stretch,10.0,percent_tempo,47.48362731933594,51.1401252746582,47.69756317138672
classical_05::time_stretch::+20pct,classical_05,classical,time_stretch,20.0,percent_tempo,47.436317443847656,48.63700485229492,52.01922607421875
classical_05::lowpass::lp8000,classical_05,classical,lowpass,8000.0,hz_cutoff,63.30189895629883,63.53279113769531,67.19678497314453
classical_05::lowpass::lp4000,classical_05,classical,lowpass,4000.0,hz_cutoff,62.896095275878906,64.0053482055664,67.86795043945312
classical_05::lowpass::lp2000,classical_05,classical,lowpass,2000.0,hz_cutoff,61.39479064941406,62.900474548339844,65.9141845703125
classical_05::distortion::drv4,classical_05,classical,distortion,4.0,tanh_drive,63.09663391113281,62.98122787475586,67.44627380371094
classical_05::distortion::drv12,classical_05,classical,distortion,12.0,tanh_drive,63.06621170043945,61.877586364746094,67.34884643554688
classical_05::distortion::drv32,classical_05,classical,distortion,32.0,tanh_drive,62.354331970214844,60.41075134277344,66.06719970703125
classical_05::style_swap::swap_cross,classical_05,classical,style_swap,nan,cross_genre,46.98977279663086,50.16179656982422,54.03119659423828
classical_05::style_swap::swap_same,classical_05,classical,style_swap,nan,same_genre,55.161949157714844,56.10916519165039,59.932373046875
classical_06::control::ctrl,classical_06,classical,control,0.0,none,61.1724853515625,55.836463928222656,56.335914611816406
classical_06::pitch_shift::-4st,classical_06,classical,pitch_shift,-4.0,semitones,53.089210510253906,49.46882247924805,48.93567657470703
classical_06::pitch_shift::-2st,classical_06,classical,pitch_shift,-2.0,semitones,54.30341339111328,51.143184661865234,50.455387115478516
classical_06::pitch_shift::-1st,classical_06,classical,pitch_shift,-1.0,semitones,52.832733154296875,48.29810333251953,48.560386657714844
classical_06::pitch_shift::+1st,classical_06,classical,pitch_shift,1.0,semitones,54.39363098144531,46.730438232421875,47.860137939453125
classical_06::pitch_shift::+2st,classical_06,classical,pitch_shift,2.0,semitones,57.9084358215332,51.58560562133789,49.095970153808594
classical_06::pitch_shift::+4st,classical_06,classical,pitch_shift,4.0,semitones,56.1482048034668,50.233089447021484,47.95914077758789
classical_06::time_stretch::-20pct,classical_06,classical,time_stretch,-20.0,percent_tempo,56.9932746887207,53.72056579589844,52.03619384765625
classical_06::time_stretch::-10pct,classical_06,classical,time_stretch,-10.0,percent_tempo,58.262081146240234,54.173805236816406,53.814796447753906
classical_06::time_stretch::-5pct,classical_06,classical,time_stretch,-5.0,percent_tempo,60.37017822265625,55.48614501953125,55.337364196777344
classical_06::time_stretch::+5pct,classical_06,classical,time_stretch,5.0,percent_tempo,59.737754821777344,56.15663528442383,56.13704299926758
classical_06::time_stretch::+10pct,classical_06,classical,time_stretch,10.0,percent_tempo,60.2246208190918,55.86761474609375,55.861183166503906
classical_06::time_stretch::+20pct,classical_06,classical,time_stretch,20.0,percent_tempo,60.26079559326172,55.56212615966797,56.00343322753906
classical_06::lowpass::lp8000,classical_06,classical,lowpass,8000.0,hz_cutoff,61.20143127441406,55.95730972290039,56.320369720458984
classical_06::lowpass::lp4000,classical_06,classical,lowpass,4000.0,hz_cutoff,58.6275634765625,55.69401550292969,55.130775451660156
classical_06::lowpass::lp2000,classical_06,classical,lowpass,2000.0,hz_cutoff,58.65214157104492,54.679527282714844,54.93231964111328
classical_06::distortion::drv4,classical_06,classical,distortion,4.0,tanh_drive,60.743865966796875,55.76024627685547,55.99448776245117
classical_06::distortion::drv12,classical_06,classical,distortion,12.0,tanh_drive,59.18351745605469,55.31769943237305,55.17740249633789
classical_06::distortion::drv32,classical_06,classical,distortion,32.0,tanh_drive,55.6368408203125,54.1689567565918,52.37673568725586
classical_06::style_swap::swap_cross,classical_06,classical,style_swap,nan,cross_genre,42.348854064941406,43.7601203918457,41.07924270629883
classical_06::style_swap::swap_same,classical_06,classical,style_swap,nan,same_genre,39.13480758666992,36.131019592285156,36.73340606689453
classical_07::control::ctrl,classical_07,classical,control,0.0,none,63.640419006347656,64.79075622558594,65.60150146484375
classical_07::pitch_shift::-4st,classical_07,classical,pitch_shift,-4.0,semitones,53.71527099609375,54.865604400634766,54.20899200439453
classical_07::pitch_shift::-2st,classical_07,classical,pitch_shift,-2.0,semitones,55.300270080566406,57.132476806640625,58.66350555419922
classical_07::pitch_shift::-1st,classical_07,classical,pitch_shift,-1.0,semitones,54.76729202270508,54.68674087524414,52.948631286621094
classical_07::pitch_shift::+1st,classical_07,classical,pitch_shift,1.0,semitones,49.639381408691406,53.48482131958008,52.06151580810547
classical_07::pitch_shift::+2st,classical_07,classical,pitch_shift,2.0,semitones,54.94287872314453,57.43284606933594,57.672176361083984
classical_07::pitch_shift::+4st,classical_07,classical,pitch_shift,4.0,semitones,57.8195915222168,58.240142822265625,60.511871337890625
classical_07::time_stretch::-20pct,classical_07,classical,time_stretch,-20.0,percent_tempo,52.87338638305664,55.420135498046875,53.396644592285156
classical_07::time_stretch::-10pct,classical_07,classical,time_stretch,-10.0,percent_tempo,48.84779357910156,51.917789459228516,50.05559158325195
classical_07::time_stretch::-5pct,classical_07,classical,time_stretch,-5.0,percent_tempo,54.572052001953125,56.11874771118164,54.822872161865234
classical_07::time_stretch::+5pct,classical_07,classical,time_stretch,5.0,percent_tempo,57.572364807128906,57.554481506347656,58.67392349243164
classical_07::time_stretch::+10pct,classical_07,classical,time_stretch,10.0,percent_tempo,43.70919418334961,47.33818817138672,45.592220306396484
classical_07::time_stretch::+20pct,classical_07,classical,time_stretch,20.0,percent_tempo,49.17011642456055,50.829872131347656,51.990325927734375
classical_07::lowpass::lp8000,classical_07,classical,lowpass,8000.0,hz_cutoff,63.63628387451172,64.79926300048828,65.59539794921875
classical_07::lowpass::lp4000,classical_07,classical,lowpass,4000.0,hz_cutoff,63.45377731323242,64.63753509521484,65.28239440917969
classical_07::lowpass::lp2000,classical_07,classical,lowpass,2000.0,hz_cutoff,63.16935729980469,64.34819030761719,64.85186004638672
classical_07::distortion::drv4,classical_07,classical,distortion,4.0,tanh_drive,63.590492248535156,64.47560119628906,65.48014068603516
classical_07::distortion::drv12,classical_07,classical,distortion,12.0,tanh_drive,63.75432586669922,64.10136413574219,65.36408996582031
classical_07::distortion::drv32,classical_07,classical,distortion,32.0,tanh_drive,63.369834899902344,63.79217529296875,65.48697662353516
classical_07::style_swap::swap_cross,classical_07,classical,style_swap,nan,cross_genre,51.17717742919922,52.67931365966797,54.05537033081055
classical_07::style_swap::swap_same,classical_07,classical,style_swap,nan,same_genre,55.414791107177734,56.3440055847168,54.96061325073242
classical_08::control::ctrl,classical_08,classical,control,0.0,none,46.29179382324219,49.94388961791992,48.25298309326172
classical_08::pitch_shift::-4st,classical_08,classical,pitch_shift,-4.0,semitones,34.893070220947266,39.00301742553711,42.30168533325195
classical_08::pitch_shift::-2st,classical_08,classical,pitch_shift,-2.0,semitones,37.83012771606445,43.7897834777832,44.068077087402344
classical_08::pitch_shift::-1st,classical_08,classical,pitch_shift,-1.0,semitones,34.2339973449707,35.5978889465332,37.827579498291016
classical_08::pitch_shift::+1st,classical_08,classical,pitch_shift,1.0,semitones,34.31683349609375,37.13567352294922,37.251590728759766
classical_08::pitch_shift::+2st,classical_08,classical,pitch_shift,2.0,semitones,32.34933090209961,39.84178924560547,38.24912643432617
classical_08::pitch_shift::+4st,classical_08,classical,pitch_shift,4.0,semitones,31.613073348999023,36.95213317871094,34.47707748413086
classical_08::time_stretch::-20pct,classical_08,classical,time_stretch,-20.0,percent_tempo,40.085845947265625,40.973426818847656,43.66912841796875
classical_08::time_stretch::-10pct,classical_08,classical,time_stretch,-10.0,percent_tempo,41.43000793457031,42.56303024291992,43.10066223144531
classical_08::time_stretch::-5pct,classical_08,classical,time_stretch,-5.0,percent_tempo,45.01793670654297,46.84138107299805,47.012290954589844
classical_08::time_stretch::+5pct,classical_08,classical,time_stretch,5.0,percent_tempo,43.69508361816406,46.80355453491211,45.90055847167969
classical_08::time_stretch::+10pct,classical_08,classical,time_stretch,10.0,percent_tempo,44.529212951660156,47.44684982299805,46.59821319580078
classical_08::time_stretch::+20pct,classical_08,classical,time_stretch,20.0,percent_tempo,41.77528381347656,45.347816467285156,46.518150329589844
classical_08::lowpass::lp8000,classical_08,classical,lowpass,8000.0,hz_cutoff,46.281654357910156,49.942142486572266,48.225807189941406
classical_08::lowpass::lp4000,classical_08,classical,lowpass,4000.0,hz_cutoff,46.218711853027344,49.95634460449219,48.091827392578125
classical_08::lowpass::lp2000,classical_08,classical,lowpass,2000.0,hz_cutoff,45.730770111083984,49.556861877441406,47.3885498046875
classical_08::distortion::drv4,classical_08,classical,distortion,4.0,tanh_drive,45.67362976074219,49.4669075012207,46.86465835571289
classical_08::distortion::drv12,classical_08,classical,distortion,12.0,tanh_drive,43.2766227722168,49.953857421875,42.82847213745117
classical_08::distortion::drv32,classical_08,classical,distortion,32.0,tanh_drive,44.0765495300293,48.77786636352539,45.678897857666016
classical_08::style_swap::swap_cross,classical_08,classical,style_swap,nan,cross_genre,32.51289749145508,40.528987884521484,36.410282135009766
classical_08::style_swap::swap_same,classical_08,classical,style_swap,nan,same_genre,37.299171447753906,41.2801628112793,42.939697265625
classical_09::control::ctrl,classical_09,classical,control,0.0,none,54.99718475341797,56.327674865722656,61.12998580932617
classical_09::pitch_shift::-4st,classical_09,classical,pitch_shift,-4.0,semitones,45.61151885986328,46.0412712097168,51.59241485595703
classical_09::pitch_shift::-2st,classical_09,classical,pitch_shift,-2.0,semitones,49.963714599609375,52.71527862548828,56.7641487121582
classical_09::pitch_shift::-1st,classical_09,classical,pitch_shift,-1.0,semitones,39.391841888427734,40.820926666259766,47.20232391357422
classical_09::pitch_shift::+1st,classical_09,classical,pitch_shift,1.0,semitones,42.00883483886719,43.4753532409668,48.02897644042969
classical_09::pitch_shift::+2st,classical_09,classical,pitch_shift,2.0,semitones,48.479087829589844,49.513328552246094,57.034339904785156
classical_09::pitch_shift::+4st,classical_09,classical,pitch_shift,4.0,semitones,39.52958679199219,42.241458892822266,47.331336975097656
classical_09::time_stretch::-20pct,classical_09,classical,time_stretch,-20.0,percent_tempo,49.77728271484375,52.2652587890625,53.26706314086914
classical_09::time_stretch::-10pct,classical_09,classical,time_stretch,-10.0,percent_tempo,46.48436737060547,48.63248825073242,47.565650939941406
classical_09::time_stretch::-5pct,classical_09,classical,time_stretch,-5.0,percent_tempo,50.887821197509766,53.001258850097656,54.62647247314453
classical_09::time_stretch::+5pct,classical_09,classical,time_stretch,5.0,percent_tempo,52.06698226928711,54.27953338623047,56.04612350463867
classical_09::time_stretch::+10pct,classical_09,classical,time_stretch,10.0,percent_tempo,52.741844177246094,52.79045867919922,55.14748001098633
classical_09::time_stretch::+20pct,classical_09,classical,time_stretch,20.0,percent_tempo,45.94634246826172,47.599945068359375,48.660400390625
classical_09::lowpass::lp8000,classical_09,classical,lowpass,8000.0,hz_cutoff,54.98880386352539,56.33327102661133,61.1175651550293
classical_09::lowpass::lp4000,classical_09,classical,lowpass,4000.0,hz_cutoff,54.78618240356445,56.288246154785156,61.04473114013672
classical_09::lowpass::lp2000,classical_09,classical,lowpass,2000.0,hz_cutoff,53.969661712646484,56.27814483642578,60.302162170410156
classical_09::distortion::drv4,classical_09,classical,distortion,4.0,tanh_drive,54.91857147216797,56.05224609375,61.19369888305664
classical_09::distortion::drv12,classical_09,classical,distortion,12.0,tanh_drive,54.929264068603516,56.382965087890625,60.95262908935547
classical_09::distortion::drv32,classical_09,classical,distortion,32.0,tanh_drive,54.388912200927734,56.49552536010742,59.44931411743164
classical_09::style_swap::swap_cross,classical_09,classical,style_swap,nan,cross_genre,45.210113525390625,49.091651916503906,47.948429107666016
classical_09::style_swap::swap_same,classical_09,classical,style_swap,nan,same_genre,39.12274932861328,41.210205078125,41.937477111816406
classical_10::control::ctrl,classical_10,classical,control,0.0,none,58.1871337890625,54.741416931152344,59.09783935546875
classical_10::pitch_shift::-4st,classical_10,classical,pitch_shift,-4.0,semitones,49.13433074951172,44.36742401123047,52.13046646118164
classical_10::pitch_shift::-2st,classical_10,classical,pitch_shift,-2.0,semitones,51.944801330566406,49.98411560058594,52.89909362792969
classical_10::pitch_shift::-1st,classical_10,classical,pitch_shift,-1.0,semitones,41.64652633666992,39.657020568847656,46.60879898071289
classical_10::pitch_shift::+1st,classical_10,classical,pitch_shift,1.0,semitones,44.96208572387695,41.48167037963867,49.2132682800293
classical_10::pitch_shift::+2st,classical_10,classical,pitch_shift,2.0,semitones,46.6248779296875,43.14473342895508,51.4109992980957
classical_10::pitch_shift::+4st,classical_10,classical,pitch_shift,4.0,semitones,46.663963317871094,46.390647888183594,50.69969177246094
classical_10::time_stretch::-20pct,classical_10,classical,time_stretch,-20.0,percent_tempo,56.57768249511719,53.827186584472656,56.0903434753418
classical_10::time_stretch::-10pct,classical_10,classical,time_stretch,-10.0,percent_tempo,56.84788131713867,54.35765075683594,58.14596176147461
classical_10::time_stretch::-5pct,classical_10,classical,time_stretch,-5.0,percent_tempo,57.5623779296875,54.610023498535156,58.200565338134766
classical_10::time_stretch::+5pct,classical_10,classical,time_stretch,5.0,percent_tempo,57.94767761230469,54.78837966918945,58.27608108520508
classical_10::time_stretch::+10pct,classical_10,classical,time_stretch,10.0,percent_tempo,57.36951446533203,54.20307159423828,58.280975341796875
classical_10::time_stretch::+20pct,classical_10,classical,time_stretch,20.0,percent_tempo,57.61439514160156,54.45298385620117,57.58271408081055
classical_10::lowpass::lp8000,classical_10,classical,lowpass,8000.0,hz_cutoff,58.19740295410156,54.743507385253906,59.09556579589844
classical_10::lowpass::lp4000,classical_10,classical,lowpass,4000.0,hz_cutoff,58.46578598022461,54.79118347167969,59.32818603515625
classical_10::lowpass::lp2000,classical_10,classical,lowpass,2000.0,hz_cutoff,57.97856903076172,54.37189483642578,58.69620895385742
classical_10::distortion::drv4,classical_10,classical,distortion,4.0,tanh_drive,57.73105239868164,54.348243713378906,58.15581130981445
classical_10::distortion::drv12,classical_10,classical,distortion,12.0,tanh_drive,57.38373565673828,53.58631896972656,57.25090789794922
classical_10::distortion::drv32,classical_10,classical,distortion,32.0,tanh_drive,56.83916473388672,53.13092803955078,56.097557067871094
classical_10::style_swap::swap_cross,classical_10,classical,style_swap,nan,cross_genre,43.755245208740234,44.62699508666992,47.662269592285156
classical_10::style_swap::swap_same,classical_10,classical,style_swap,nan,same_genre,51.93854522705078,50.13880157470703,54.445655822753906
classical_11::control::ctrl,classical_11,classical,control,0.0,none,57.94325256347656,59.364871978759766,59.754608154296875
classical_11::pitch_shift::-4st,classical_11,classical,pitch_shift,-4.0,semitones,46.152748107910156,49.75725173950195,52.24343490600586
classical_11::pitch_shift::-2st,classical_11,classical,pitch_shift,-2.0,semitones,52.92683029174805,53.90748596191406,55.36044692993164
classical_11::pitch_shift::-1st,classical_11,classical,pitch_shift,-1.0,semitones,35.59896469116211,40.151126861572266,46.87696075439453
classical_11::pitch_shift::+1st,classical_11,classical,pitch_shift,1.0,semitones,39.45783996582031,43.79307174682617,49.096553802490234
classical_11::pitch_shift::+2st,classical_11,classical,pitch_shift,2.0,semitones,48.037567138671875,49.79297637939453,52.52138900756836
classical_11::pitch_shift::+4st,classical_11,classical,pitch_shift,4.0,semitones,40.70745849609375,44.23213195800781,48.24907302856445
classical_11::time_stretch::-20pct,classical_11,classical,time_stretch,-20.0,percent_tempo,49.263694763183594,54.782169342041016,48.352962493896484
classical_11::time_stretch::-10pct,classical_11,classical,time_stretch,-10.0,percent_tempo,50.11957550048828,54.573909759521484,50.679588317871094
classical_11::time_stretch::-5pct,classical_11,classical,time_stretch,-5.0,percent_tempo,50.98978805541992,55.3244514465332,50.78729248046875
classical_11::time_stretch::+5pct,classical_11,classical,time_stretch,5.0,percent_tempo,48.51008605957031,50.588016510009766,48.190696716308594
classical_11::time_stretch::+10pct,classical_11,classical,time_stretch,10.0,percent_tempo,52.42784881591797,54.4018440246582,52.70335388183594
classical_11::time_stretch::+20pct,classical_11,classical,time_stretch,20.0,percent_tempo,47.51935577392578,53.0077018737793,46.710975646972656
classical_11::lowpass::lp8000,classical_11,classical,lowpass,8000.0,hz_cutoff,57.952056884765625,59.36680603027344,59.74553298950195
classical_11::lowpass::lp4000,classical_11,classical,lowpass,4000.0,hz_cutoff,57.973655700683594,59.34716796875,59.74980926513672
classical_11::lowpass::lp2000,classical_11,classical,lowpass,2000.0,hz_cutoff,58.02539825439453,59.10959243774414,59.431861877441406
classical_11::distortion::drv4,classical_11,classical,distortion,4.0,tanh_drive,57.82763671875,59.094757080078125,59.59263610839844
classical_11::distortion::drv12,classical_11,classical,distortion,12.0,tanh_drive,57.155296325683594,58.728797912597656,59.229732513427734
classical_11::distortion::drv32,classical_11,classical,distortion,32.0,tanh_drive,56.402809143066406,57.883888244628906,58.344642639160156
classical_11::style_swap::swap_cross,classical_11,classical,style_swap,nan,cross_genre,27.052658081054688,33.478904724121094,28.619274139404297
classical_11::style_swap::swap_same,classical_11,classical,style_swap,nan,same_genre,48.44534683227539,49.59199523925781,51.72238540649414
classical_12::control::ctrl,classical_12,classical,control,0.0,none,55.84056854248047,62.91498947143555,56.869422912597656
classical_12::pitch_shift::-4st,classical_12,classical,pitch_shift,-4.0,semitones,49.56897735595703,54.46364212036133,50.95722198486328
classical_12::pitch_shift::-2st,classical_12,classical,pitch_shift,-2.0,semitones,48.309261322021484,54.85181427001953,51.08927536010742
classical_12::pitch_shift::-1st,classical_12,classical,pitch_shift,-1.0,semitones,51.21196365356445,51.78200912475586,54.226593017578125
classical_12::pitch_shift::+1st,classical_12,classical,pitch_shift,1.0,semitones,49.061397552490234,51.882720947265625,53.540035247802734
classical_12::pitch_shift::+2st,classical_12,classical,pitch_shift,2.0,semitones,54.188716888427734,59.60811233520508,56.50163650512695
classical_12::pitch_shift::+4st,classical_12,classical,pitch_shift,4.0,semitones,51.203548431396484,54.95022201538086,55.810546875
classical_12::time_stretch::-20pct,classical_12,classical,time_stretch,-20.0,percent_tempo,54.6103515625,60.881591796875,55.737789154052734
classical_12::time_stretch::-10pct,classical_12,classical,time_stretch,-10.0,percent_tempo,54.40742492675781,59.78183364868164,55.95934295654297
classical_12::time_stretch::-5pct,classical_12,classical,time_stretch,-5.0,percent_tempo,54.987674713134766,60.37261199951172,56.80785369873047
classical_12::time_stretch::+5pct,classical_12,classical,time_stretch,5.0,percent_tempo,54.2852897644043,59.1605339050293,54.801265716552734
classical_12::time_stretch::+10pct,classical_12,classical,time_stretch,10.0,percent_tempo,54.356170654296875,59.08669662475586,55.43230438232422
classical_12::time_stretch::+20pct,classical_12,classical,time_stretch,20.0,percent_tempo,54.39064025878906,59.06834411621094,55.64259338378906
classical_12::lowpass::lp8000,classical_12,classical,lowpass,8000.0,hz_cutoff,55.882179260253906,62.94207763671875,56.89034652709961
classical_12::lowpass::lp4000,classical_12,classical,lowpass,4000.0,hz_cutoff,54.445526123046875,62.46491241455078,55.62315368652344
classical_12::lowpass::lp2000,classical_12,classical,lowpass,2000.0,hz_cutoff,54.15013122558594,61.0559196472168,54.1387939453125
classical_12::distortion::drv4,classical_12,classical,distortion,4.0,tanh_drive,55.92819595336914,62.96826934814453,56.79938507080078
classical_12::distortion::drv12,classical_12,classical,distortion,12.0,tanh_drive,55.867698669433594,62.62664031982422,56.32648468017578
classical_12::distortion::drv32,classical_12,classical,distortion,32.0,tanh_drive,54.7711181640625,60.874122619628906,55.709999084472656
classical_12::style_swap::swap_cross,classical_12,classical,style_swap,nan,cross_genre,41.491302490234375,48.32874298095703,43.802242279052734
classical_12::style_swap::swap_same,classical_12,classical,style_swap,nan,same_genre,39.99477005004883,41.56560516357422,43.67168426513672
classical_13::control::ctrl,classical_13,classical,control,0.0,none,42.61956787109375,44.66931915283203,48.22782897949219
classical_13::pitch_shift::-4st,classical_13,classical,pitch_shift,-4.0,semitones,37.27002716064453,40.361663818359375,41.094139099121094
classical_13::pitch_shift::-2st,classical_13,classical,pitch_shift,-2.0,semitones,40.94559097290039,42.11445999145508,45.88216018676758
classical_13::pitch_shift::-1st,classical_13,classical,pitch_shift,-1.0,semitones,32.85944366455078,37.7114372253418,36.45864486694336
classical_13::pitch_shift::+1st,classical_13,classical,pitch_shift,1.0,semitones,34.64204406738281,38.358001708984375,37.32766342163086
classical_13::pitch_shift::+2st,classical_13,classical,pitch_shift,2.0,semitones,36.86961364746094,40.19898986816406,41.210914611816406
classical_13::pitch_shift::+4st,classical_13,classical,pitch_shift,4.0,semitones,37.63310623168945,39.90164566040039,41.8118896484375
classical_13::time_stretch::-20pct,classical_13,classical,time_stretch,-20.0,percent_tempo,42.57749557495117,44.40681457519531,47.73828887939453
classical_13::time_stretch::-10pct,classical_13,classical,time_stretch,-10.0,percent_tempo,43.07460021972656,44.79450225830078,48.101470947265625
classical_13::time_stretch::-5pct,classical_13,classical,time_stretch,-5.0,percent_tempo,42.623382568359375,44.818626403808594,47.85398483276367
classical_13::time_stretch::+5pct,classical_13,classical,time_stretch,5.0,percent_tempo,42.449161529541016,44.666622161865234,46.963829040527344
classical_13::time_stretch::+10pct,classical_13,classical,time_stretch,10.0,percent_tempo,41.14799499511719,43.643218994140625,45.791831970214844
classical_13::time_stretch::+20pct,classical_13,classical,time_stretch,20.0,percent_tempo,42.464637756347656,44.65370178222656,47.02945327758789
classical_13::lowpass::lp8000,classical_13,classical,lowpass,8000.0,hz_cutoff,42.61735534667969,44.67206573486328,48.22509765625
classical_13::lowpass::lp4000,classical_13,classical,lowpass,4000.0,hz_cutoff,42.3757209777832,44.441707611083984,48.24964904785156
classical_13::lowpass::lp2000,classical_13,classical,lowpass,2000.0,hz_cutoff,41.57173156738281,44.41838073730469,48.13991165161133
classical_13::distortion::drv4,classical_13,classical,distortion,4.0,tanh_drive,42.62074279785156,44.684234619140625,48.22456359863281
classical_13::distortion::drv12,classical_13,classical,distortion,12.0,tanh_drive,42.87901306152344,44.93599319458008,48.51390838623047
classical_13::distortion::drv32,classical_13,classical,distortion,32.0,tanh_drive,43.4093132019043,45.44283676147461,48.608673095703125
classical_13::style_swap::swap_cross,classical_13,classical,style_swap,nan,cross_genre,36.54610824584961,40.6619987487793,41.382633209228516
classical_13::style_swap::swap_same,classical_13,classical,style_swap,nan,same_genre,41.710960388183594,42.78201675415039,45.984169006347656
classical_14::control::ctrl,classical_14,classical,control,0.0,none,64.18453216552734,65.40682220458984,68.79592895507812
classical_14::pitch_shift::-4st,classical_14,classical,pitch_shift,-4.0,semitones,58.674537658691406,57.373043060302734,61.969932556152344
classical_14::pitch_shift::-2st,classical_14,classical,pitch_shift,-2.0,semitones,59.0931396484375,58.13445281982422,64.20011138916016
classical_14::pitch_shift::-1st,classical_14,classical,pitch_shift,-1.0,semitones,55.00352096557617,55.013397216796875,60.10149383544922
classical_14::pitch_shift::+1st,classical_14,classical,pitch_shift,1.0,semitones,55.05632400512695,54.43731689453125,59.98857879638672
classical_14::pitch_shift::+2st,classical_14,classical,pitch_shift,2.0,semitones,57.93626403808594,56.21576690673828,65.1458511352539
classical_14::pitch_shift::+4st,classical_14,classical,pitch_shift,4.0,semitones,56.553131103515625,54.673561096191406,61.04286193847656
classical_14::time_stretch::-20pct,classical_14,classical,time_stretch,-20.0,percent_tempo,58.00944519042969,57.64445114135742,58.783897399902344
classical_14::time_stretch::-10pct,classical_14,classical,time_stretch,-10.0,percent_tempo,57.41456604003906,58.11768341064453,60.12948226928711
classical_14::time_stretch::-5pct,classical_14,classical,time_stretch,-5.0,percent_tempo,58.79047393798828,59.39933776855469,61.763912200927734
classical_14::time_stretch::+5pct,classical_14,classical,time_stretch,5.0,percent_tempo,61.96705627441406,61.63420104980469,67.10003662109375
classical_14::time_stretch::+10pct,classical_14,classical,time_stretch,10.0,percent_tempo,60.64669418334961,60.872642517089844,63.72770309448242
classical_14::time_stretch::+20pct,classical_14,classical,time_stretch,20.0,percent_tempo,57.2577018737793,55.611305236816406,60.573387145996094
classical_14::lowpass::lp8000,classical_14,classical,lowpass,8000.0,hz_cutoff,64.18314361572266,65.40098571777344,68.79055786132812
classical_14::lowpass::lp4000,classical_14,classical,lowpass,4000.0,hz_cutoff,64.25119018554688,65.5453109741211,68.94758605957031
classical_14::lowpass::lp2000,classical_14,classical,lowpass,2000.0,hz_cutoff,64.34127807617188,65.55624389648438,69.05084991455078
classical_14::distortion::drv4,classical_14,classical,distortion,4.0,tanh_drive,63.977516174316406,65.51424407958984,68.43375396728516
classical_14::distortion::drv12,classical_14,classical,distortion,12.0,tanh_drive,62.872093200683594,65.04298400878906,65.92083740234375
classical_14::distortion::drv32,classical_14,classical,distortion,32.0,tanh_drive,61.65644073486328,63.85612106323242,63.809967041015625
classical_14::style_swap::swap_cross,classical_14,classical,style_swap,nan,cross_genre,51.23973846435547,52.46974182128906,55.50886154174805
classical_14::style_swap::swap_same,classical_14,classical,style_swap,nan,same_genre,56.66640853881836,58.58815002441406,61.147216796875
classical_15::control::ctrl,classical_15,classical,control,0.0,none,52.57857894897461,56.10165786743164,56.632904052734375
classical_15::pitch_shift::-4st,classical_15,classical,pitch_shift,-4.0,semitones,50.58308029174805,51.959590911865234,54.7772331237793
classical_15::pitch_shift::-2st,classical_15,classical,pitch_shift,-2.0,semitones,51.69862365722656,54.62937927246094,54.95998001098633
classical_15::pitch_shift::-1st,classical_15,classical,pitch_shift,-1.0,semitones,50.83562088012695,53.13763427734375,54.110599517822266
classical_15::pitch_shift::+1st,classical_15,classical,pitch_shift,1.0,semitones,49.734527587890625,52.574859619140625,53.59749984741211
classical_15::pitch_shift::+2st,classical_15,classical,pitch_shift,2.0,semitones,50.65168762207031,54.24217224121094,54.391387939453125
classical_15::pitch_shift::+4st,classical_15,classical,pitch_shift,4.0,semitones,49.848960876464844,52.48368835449219,53.31474304199219
classical_15::time_stretch::-20pct,classical_15,classical,time_stretch,-20.0,percent_tempo,52.598365783691406,54.705909729003906,55.922874450683594
classical_15::time_stretch::-10pct,classical_15,classical,time_stretch,-10.0,percent_tempo,52.63853073120117,55.405059814453125,56.23215866088867
classical_15::time_stretch::-5pct,classical_15,classical,time_stretch,-5.0,percent_tempo,52.43109130859375,55.08350372314453,55.79303741455078
classical_15::time_stretch::+5pct,classical_15,classical,time_stretch,5.0,percent_tempo,52.46664047241211,55.284706115722656,55.56451416015625
classical_15::time_stretch::+10pct,classical_15,classical,time_stretch,10.0,percent_tempo,52.79660415649414,55.54355239868164,55.778472900390625
classical_15::time_stretch::+20pct,classical_15,classical,time_stretch,20.0,percent_tempo,52.05292892456055,53.81874465942383,55.04898452758789
classical_15::lowpass::lp8000,classical_15,classical,lowpass,8000.0,hz_cutoff,52.58984375,56.096923828125,56.634002685546875
classical_15::lowpass::lp4000,classical_15,classical,lowpass,4000.0,hz_cutoff,49.782188415527344,54.859893798828125,52.828125
classical_15::lowpass::lp2000,classical_15,classical,lowpass,2000.0,hz_cutoff,51.483734130859375,54.89844512939453,54.61579132080078
classical_15::distortion::drv4,classical_15,classical,distortion,4.0,tanh_drive,52.59038162231445,56.08695983886719,56.66484069824219
classical_15::distortion::drv12,classical_15,classical,distortion,12.0,tanh_drive,52.6372184753418,56.18730163574219,56.567230224609375
classical_15::distortion::drv32,classical_15,classical,distortion,32.0,tanh_drive,52.6905517578125,55.885337829589844,56.19806671142578
classical_15::style_swap::swap_cross,classical_15,classical,style_swap,nan,cross_genre,50.83488082885742,53.9946174621582,54.185218811035156
classical_15::style_swap::swap_same,classical_15,classical,style_swap,nan,same_genre,47.152076721191406,50.136722564697266,51.47257614135742
ambient_01::control::ctrl,ambient_01,ambient,control,0.0,none,56.80521774291992,59.00581359863281,56.544578552246094
ambient_01::pitch_shift::-4st,ambient_01,ambient,pitch_shift,-4.0,semitones,56.19278335571289,57.85908126831055,56.234500885009766
ambient_01::pitch_shift::-2st,ambient_01,ambient,pitch_shift,-2.0,semitones,56.241355895996094,57.907615661621094,56.762840270996094
ambient_01::pitch_shift::-1st,ambient_01,ambient,pitch_shift,-1.0,semitones,56.31208038330078,58.06035614013672,56.54344177246094
ambient_01::pitch_shift::+1st,ambient_01,ambient,pitch_shift,1.0,semitones,56.13153839111328,58.29572677612305,56.83460998535156
ambient_01::pitch_shift::+2st,ambient_01,ambient,pitch_shift,2.0,semitones,56.32499694824219,57.721923828125,56.53705596923828
ambient_01::pitch_shift::+4st,ambient_01,ambient,pitch_shift,4.0,semitones,55.844547271728516,57.53892135620117,56.7348518371582
ambient_01::time_stretch::-20pct,ambient_01,ambient,time_stretch,-20.0,percent_tempo,55.616004943847656,57.48789978027344,56.583343505859375
ambient_01::time_stretch::-10pct,ambient_01,ambient,time_stretch,-10.0,percent_tempo,55.08876419067383,57.406898498535156,55.823646545410156
ambient_01::time_stretch::-5pct,ambient_01,ambient,time_stretch,-5.0,percent_tempo,55.94477462768555,58.008541107177734,56.54010009765625
ambient_01::time_stretch::+5pct,ambient_01,ambient,time_stretch,5.0,percent_tempo,55.849884033203125,58.25628662109375,56.34147262573242
ambient_01::time_stretch::+10pct,ambient_01,ambient,time_stretch,10.0,percent_tempo,55.69701385498047,57.50247573852539,56.178619384765625
ambient_01::time_stretch::+20pct,ambient_01,ambient,time_stretch,20.0,percent_tempo,54.68937683105469,58.01154327392578,55.331878662109375
ambient_01::lowpass::lp8000,ambient_01,ambient,lowpass,8000.0,hz_cutoff,56.82026672363281,59.01034927368164,56.520240783691406
ambient_01::lowpass::lp4000,ambient_01,ambient,lowpass,4000.0,hz_cutoff,54.826358795166016,53.67771530151367,55.99177169799805
ambient_01::lowpass::lp2000,ambient_01,ambient,lowpass,2000.0,hz_cutoff,55.050838470458984,55.49638366699219,54.76329803466797
ambient_01::distortion::drv4,ambient_01,ambient,distortion,4.0,tanh_drive,56.44426345825195,58.433929443359375,56.53603744506836
ambient_01::distortion::drv12,ambient_01,ambient,distortion,12.0,tanh_drive,56.17618942260742,58.520912170410156,56.326751708984375
ambient_01::distortion::drv32,ambient_01,ambient,distortion,32.0,tanh_drive,56.21589279174805,58.333168029785156,56.43576431274414
ambient_01::style_swap::swap_cross,ambient_01,ambient,style_swap,nan,cross_genre,52.61639404296875,56.51313400268555,54.83364486694336
ambient_01::style_swap::swap_same,ambient_01,ambient,style_swap,nan,same_genre,52.449951171875,55.92684555053711,51.881019592285156
ambient_02::control::ctrl,ambient_02,ambient,control,0.0,none,61.27510070800781,59.06904983520508,59.82810592651367
ambient_02::pitch_shift::-4st,ambient_02,ambient,pitch_shift,-4.0,semitones,59.8327751159668,58.26176834106445,58.116485595703125
ambient_02::pitch_shift::-2st,ambient_02,ambient,pitch_shift,-2.0,semitones,60.50873947143555,58.4711799621582,58.68393325805664
ambient_02::pitch_shift::-1st,ambient_02,ambient,pitch_shift,-1.0,semitones,60.448482513427734,55.57813262939453,58.00181198120117
ambient_02::pitch_shift::+1st,ambient_02,ambient,pitch_shift,1.0,semitones,60.116371154785156,57.747684478759766,57.971046447753906
ambient_02::pitch_shift::+2st,ambient_02,ambient,pitch_shift,2.0,semitones,59.651485443115234,57.9792594909668,57.93392562866211
ambient_02::pitch_shift::+4st,ambient_02,ambient,pitch_shift,4.0,semitones,57.1162109375,54.072166442871094,58.000343322753906
ambient_02::time_stretch::-20pct,ambient_02,ambient,time_stretch,-20.0,percent_tempo,56.75790786743164,53.412384033203125,55.451560974121094
ambient_02::time_stretch::-10pct,ambient_02,ambient,time_stretch,-10.0,percent_tempo,54.3953857421875,54.23299026489258,53.8646354675293
ambient_02::time_stretch::-5pct,ambient_02,ambient,time_stretch,-5.0,percent_tempo,57.90422058105469,57.147071838378906,57.21484375
ambient_02::time_stretch::+5pct,ambient_02,ambient,time_stretch,5.0,percent_tempo,58.8408203125,56.362762451171875,57.51068878173828
ambient_02::time_stretch::+10pct,ambient_02,ambient,time_stretch,10.0,percent_tempo,55.12419891357422,54.76118469238281,53.867488861083984
ambient_02::time_stretch::+20pct,ambient_02,ambient,time_stretch,20.0,percent_tempo,52.43643569946289,54.61273956298828,49.7696533203125
ambient_02::lowpass::lp8000,ambient_02,ambient,lowpass,8000.0,hz_cutoff,61.2601318359375,59.1201057434082,59.80915451049805
ambient_02::lowpass::lp4000,ambient_02,ambient,lowpass,4000.0,hz_cutoff,56.65614318847656,55.04400634765625,57.94221115112305
ambient_02::lowpass::lp2000,ambient_02,ambient,lowpass,2000.0,hz_cutoff,58.39497756958008,56.51512145996094,56.62637710571289
ambient_02::distortion::drv4,ambient_02,ambient,distortion,4.0,tanh_drive,61.18153762817383,58.18129348754883,59.2595100402832
ambient_02::distortion::drv12,ambient_02,ambient,distortion,12.0,tanh_drive,61.058815002441406,57.02912902832031,59.051300048828125
ambient_02::distortion::drv32,ambient_02,ambient,distortion,32.0,tanh_drive,59.323123931884766,55.236053466796875,56.72587585449219
ambient_02::style_swap::swap_cross,ambient_02,ambient,style_swap,nan,cross_genre,52.71589279174805,50.46424102783203,53.554229736328125
ambient_02::style_swap::swap_same,ambient_02,ambient,style_swap,nan,same_genre,49.28506851196289,50.167781829833984,48.843475341796875
ambient_03::control::ctrl,ambient_03,ambient,control,0.0,none,70.90074920654297,75.14012908935547,74.27388763427734
ambient_03::pitch_shift::-4st,ambient_03,ambient,pitch_shift,-4.0,semitones,67.40261840820312,71.10256958007812,72.40393829345703
ambient_03::pitch_shift::-2st,ambient_03,ambient,pitch_shift,-2.0,semitones,69.3238525390625,67.62044525146484,73.1838150024414
ambient_03::pitch_shift::-1st,ambient_03,ambient,pitch_shift,-1.0,semitones,65.74398040771484,68.92977142333984,72.06790161132812
ambient_03::pitch_shift::+1st,ambient_03,ambient,pitch_shift,1.0,semitones,67.29115295410156,70.63191986083984,72.06849670410156
ambient_03::pitch_shift::+2st,ambient_03,ambient,pitch_shift,2.0,semitones,69.72464752197266,72.712646484375,73.57322692871094
ambient_03::pitch_shift::+4st,ambient_03,ambient,pitch_shift,4.0,semitones,66.20216369628906,70.12816619873047,70.80062866210938
ambient_03::time_stretch::-20pct,ambient_03,ambient,time_stretch,-20.0,percent_tempo,51.126258850097656,49.0954704284668,50.913055419921875
ambient_03::time_stretch::-10pct,ambient_03,ambient,time_stretch,-10.0,percent_tempo,50.67618942260742,54.13792419433594,54.567787170410156
ambient_03::time_stretch::-5pct,ambient_03,ambient,time_stretch,-5.0,percent_tempo,57.306365966796875,60.10665512084961,59.75107955932617
ambient_03::time_stretch::+5pct,ambient_03,ambient,time_stretch,5.0,percent_tempo,60.70630645751953,63.05065155029297,62.4422721862793
ambient_03::time_stretch::+10pct,ambient_03,ambient,time_stretch,10.0,percent_tempo,52.293067932128906,55.90809631347656,53.90782928466797
ambient_03::time_stretch::+20pct,ambient_03,ambient,time_stretch,20.0,percent_tempo,58.15312194824219,61.176841735839844,63.005008697509766
ambient_03::lowpass::lp8000,ambient_03,ambient,lowpass,8000.0,hz_cutoff,70.89067840576172,75.16366577148438,74.2825927734375
ambient_03::lowpass::lp4000,ambient_03,ambient,lowpass,4000.0,hz_cutoff,71.2103271484375,75.21253967285156,74.38443756103516
ambient_03::lowpass::lp2000,ambient_03,ambient,lowpass,2000.0,hz_cutoff,70.70222473144531,74.5975341796875,74.02909851074219
ambient_03::distortion::drv4,ambient_03,ambient,distortion,4.0,tanh_drive,70.74696350097656,75.08905792236328,73.28239440917969
ambient_03::distortion::drv12,ambient_03,ambient,distortion,12.0,tanh_drive,69.19558715820312,73.9294204711914,71.82293701171875
ambient_03::distortion::drv32,ambient_03,ambient,distortion,32.0,tanh_drive,67.4033203125,73.08423614501953,70.58697509765625
ambient_03::style_swap::swap_cross,ambient_03,ambient,style_swap,nan,cross_genre,48.178314208984375,47.87861633300781,47.88207244873047
ambient_03::style_swap::swap_same,ambient_03,ambient,style_swap,nan,same_genre,51.94538879394531,55.02923583984375,56.573570251464844
ambient_04::control::ctrl,ambient_04,ambient,control,0.0,none,39.54112243652344,42.800743103027344,44.53661346435547
ambient_04::pitch_shift::-4st,ambient_04,ambient,pitch_shift,-4.0,semitones,32.27318572998047,36.33414840698242,35.15917205810547
ambient_04::pitch_shift::-2st,ambient_04,ambient,pitch_shift,-2.0,semitones,33.27099609375,36.34575653076172,37.09579086303711
ambient_04::pitch_shift::-1st,ambient_04,ambient,pitch_shift,-1.0,semitones,29.4765682220459,33.29322814941406,33.03543472290039
ambient_04::pitch_shift::+1st,ambient_04,ambient,pitch_shift,1.0,semitones,28.555437088012695,31.2617244720459,33.148868560791016
ambient_04::pitch_shift::+2st,ambient_04,ambient,pitch_shift,2.0,semitones,30.625993728637695,34.53239440917969,36.253578186035156
ambient_04::pitch_shift::+4st,ambient_04,ambient,pitch_shift,4.0,semitones,31.87496566772461,35.819053649902344,34.695579528808594
ambient_04::time_stretch::-20pct,ambient_04,ambient,time_stretch,-20.0,percent_tempo,39.098724365234375,42.040069580078125,42.65753936767578
ambient_04::time_stretch::-10pct,ambient_04,ambient,time_stretch,-10.0,percent_tempo,38.773651123046875,41.796661376953125,43.1204948425293
ambient_04::time_stretch::-5pct,ambient_04,ambient,time_stretch,-5.0,percent_tempo,40.16254425048828,42.305625915527344,44.32697296142578
ambient_04::time_stretch::+5pct,ambient_04,ambient,time_stretch,5.0,percent_tempo,39.474273681640625,41.30810546875,43.3206672668457
ambient_04::time_stretch::+10pct,ambient_04,ambient,time_stretch,10.0,percent_tempo,37.799468994140625,41.47658157348633,43.69963836669922
ambient_04::time_stretch::+20pct,ambient_04,ambient,time_stretch,20.0,percent_tempo,39.582969665527344,42.1850700378418,42.92387390136719
ambient_04::lowpass::lp8000,ambient_04,ambient,lowpass,8000.0,hz_cutoff,39.536773681640625,42.77666473388672,44.559661865234375
ambient_04::lowpass::lp4000,ambient_04,ambient,lowpass,4000.0,hz_cutoff,38.5401611328125,42.12753677368164,43.57178497314453
ambient_04::lowpass::lp2000,ambient_04,ambient,lowpass,2000.0,hz_cutoff,35.44160461425781,37.05126190185547,41.51690673828125
ambient_04::distortion::drv4,ambient_04,ambient,distortion,4.0,tanh_drive,39.463645935058594,42.58913803100586,44.079627990722656
ambient_04::distortion::drv12,ambient_04,ambient,distortion,12.0,tanh_drive,39.31242752075195,41.667694091796875,43.47694396972656
ambient_04::distortion::drv32,ambient_04,ambient,distortion,32.0,tanh_drive,37.24531173706055,38.58940887451172,43.32054901123047
ambient_04::style_swap::swap_cross,ambient_04,ambient,style_swap,nan,cross_genre,28.963783264160156,37.38435363769531,31.433502197265625
ambient_04::style_swap::swap_same,ambient_04,ambient,style_swap,nan,same_genre,27.444904327392578,29.8172664642334,33.081886291503906
ambient_05::control::ctrl,ambient_05,ambient,control,0.0,none,47.84032440185547,49.62333679199219,51.253379821777344
ambient_05::pitch_shift::-4st,ambient_05,ambient,pitch_shift,-4.0,semitones,44.648719787597656,45.63029098510742,48.181915283203125
ambient_05::pitch_shift::-2st,ambient_05,ambient,pitch_shift,-2.0,semitones,41.50341033935547,41.862735748291016,47.532371520996094
ambient_05::pitch_shift::-1st,ambient_05,ambient,pitch_shift,-1.0,semitones,39.881919860839844,40.83881378173828,43.174041748046875
ambient_05::pitch_shift::+1st,ambient_05,ambient,pitch_shift,1.0,semitones,40.54652786254883,41.000640869140625,47.32927703857422
ambient_05::pitch_shift::+2st,ambient_05,ambient,pitch_shift,2.0,semitones,41.9970703125,44.48176193237305,45.26421356201172
ambient_05::pitch_shift::+4st,ambient_05,ambient,pitch_shift,4.0,semitones,43.81895446777344,43.43648147583008,45.230018615722656
ambient_05::time_stretch::-20pct,ambient_05,ambient,time_stretch,-20.0,percent_tempo,47.55878829956055,48.89632797241211,49.22643280029297
ambient_05::time_stretch::-10pct,ambient_05,ambient,time_stretch,-10.0,percent_tempo,47.637451171875,49.33980941772461,49.1954345703125
ambient_05::time_stretch::-5pct,ambient_05,ambient,time_stretch,-5.0,percent_tempo,47.472965240478516,49.0550537109375,50.7887077331543
ambient_05::time_stretch::+5pct,ambient_05,ambient,time_stretch,5.0,percent_tempo,47.95613098144531,49.13019561767578,50.83485412597656
ambient_05::time_stretch::+10pct,ambient_05,ambient,time_stretch,10.0,percent_tempo,47.77790069580078,49.05123519897461,50.141502380371094
ambient_05::time_stretch::+20pct,ambient_05,ambient,time_stretch,20.0,percent_tempo,48.08721160888672,48.88371276855469,49.813079833984375
ambient_05::lowpass::lp8000,ambient_05,ambient,lowpass,8000.0,hz_cutoff,47.826515197753906,49.61883544921875,51.22256088256836
ambient_05::lowpass::lp4000,ambient_05,ambient,lowpass,4000.0,hz_cutoff,47.17580795288086,49.68560028076172,50.95323181152344
ambient_05::lowpass::lp2000,ambient_05,ambient,lowpass,2000.0,hz_cutoff,47.55256271362305,49.30377960205078,50.75324630737305
ambient_05::distortion::drv4,ambient_05,ambient,distortion,4.0,tanh_drive,47.843353271484375,49.59492111206055,51.244422912597656
ambient_05::distortion::drv12,ambient_05,ambient,distortion,12.0,tanh_drive,48.07315444946289,49.70445251464844,51.01080322265625
ambient_05::distortion::drv32,ambient_05,ambient,distortion,32.0,tanh_drive,47.75201416015625,49.12631607055664,50.65013122558594
ambient_05::style_swap::swap_cross,ambient_05,ambient,style_swap,nan,cross_genre,48.260765075683594,48.56439208984375,50.986351013183594
ambient_05::style_swap::swap_same,ambient_05,ambient,style_swap,nan,same_genre,48.034297943115234,47.83760070800781,51.114131927490234
ambient_06::control::ctrl,ambient_06,ambient,control,0.0,none,66.25578308105469,64.57269287109375,67.83911895751953
ambient_06::pitch_shift::-4st,ambient_06,ambient,pitch_shift,-4.0,semitones,57.831077575683594,53.160865783691406,62.38793182373047
ambient_06::pitch_shift::-2st,ambient_06,ambient,pitch_shift,-2.0,semitones,56.943748474121094,54.33640670776367,61.271453857421875
ambient_06::pitch_shift::-1st,ambient_06,ambient,pitch_shift,-1.0,semitones,57.33687210083008,52.705322265625,62.509586334228516
ambient_06::pitch_shift::+1st,ambient_06,ambient,pitch_shift,1.0,semitones,52.68804168701172,51.159385681152344,56.21953582763672
ambient_06::pitch_shift::+2st,ambient_06,ambient,pitch_shift,2.0,semitones,55.62811279296875,54.503936767578125,59.672489166259766
ambient_06::pitch_shift::+4st,ambient_06,ambient,pitch_shift,4.0,semitones,58.88008117675781,56.183311462402344,62.01620864868164
ambient_06::time_stretch::-20pct,ambient_06,ambient,time_stretch,-20.0,percent_tempo,50.903282165527344,55.146514892578125,52.51033020019531
ambient_06::time_stretch::-10pct,ambient_06,ambient,time_stretch,-10.0,percent_tempo,47.94062423706055,53.11822509765625,50.50742721557617
ambient_06::time_stretch::-5pct,ambient_06,ambient,time_stretch,-5.0,percent_tempo,57.7011604309082,61.30143737792969,58.60386657714844
ambient_06::time_stretch::+5pct,ambient_06,ambient,time_stretch,5.0,percent_tempo,55.53727340698242,56.66842269897461,58.8548469543457
ambient_06::time_stretch::+10pct,ambient_06,ambient,time_stretch,10.0,percent_tempo,43.16067886352539,53.7279167175293,47.55802917480469
ambient_06::time_stretch::+20pct,ambient_06,ambient,time_stretch,20.0,percent_tempo,54.371639251708984,58.777992248535156,57.91936111450195
ambient_06::lowpass::lp8000,ambient_06,ambient,lowpass,8000.0,hz_cutoff,66.25503540039062,64.60008239746094,67.84716033935547
ambient_06::lowpass::lp4000,ambient_06,ambient,lowpass,4000.0,hz_cutoff,65.45731353759766,63.46436309814453,68.08049774169922
ambient_06::lowpass::lp2000,ambient_06,ambient,lowpass,2000.0,hz_cutoff,60.21902847290039,62.02996063232422,65.15037536621094
ambient_06::distortion::drv4,ambient_06,ambient,distortion,4.0,tanh_drive,65.86886596679688,64.0560073852539,68.62930297851562
ambient_06::distortion::drv12,ambient_06,ambient,distortion,12.0,tanh_drive,62.68803405761719,62.001800537109375,66.98146057128906
ambient_06::distortion::drv32,ambient_06,ambient,distortion,32.0,tanh_drive,60.9879264831543,59.738922119140625,62.23126983642578
ambient_06::style_swap::swap_cross,ambient_06,ambient,style_swap,nan,cross_genre,51.86367416381836,52.56546401977539,55.504615783691406
ambient_06::style_swap::swap_same,ambient_06,ambient,style_swap,nan,same_genre,48.49171447753906,50.446754455566406,51.779502868652344
ambient_07::control::ctrl,ambient_07,ambient,control,0.0,none,51.01728820800781,51.934940338134766,55.2502326965332
ambient_07::pitch_shift::-4st,ambient_07,ambient,pitch_shift,-4.0,semitones,46.661746978759766,47.609779357910156,47.96805191040039
ambient_07::pitch_shift::-2st,ambient_07,ambient,pitch_shift,-2.0,semitones,47.99052810668945,48.80640411376953,52.045780181884766
ambient_07::pitch_shift::-1st,ambient_07,ambient,pitch_shift,-1.0,semitones,45.7411003112793,45.751617431640625,47.34308624267578
ambient_07::pitch_shift::+1st,ambient_07,ambient,pitch_shift,1.0,semitones,45.36846923828125,46.67375183105469,45.28261947631836
ambient_07::pitch_shift::+2st,ambient_07,ambient,pitch_shift,2.0,semitones,48.873558044433594,48.83843994140625,53.08402633666992
ambient_07::pitch_shift::+4st,ambient_07,ambient,pitch_shift,4.0,semitones,46.91573715209961,47.06631088256836,48.434173583984375
ambient_07::time_stretch::-20pct,ambient_07,ambient,time_stretch,-20.0,percent_tempo,46.52606964111328,48.03957748413086,50.80622100830078
ambient_07::time_stretch::-10pct,ambient_07,ambient,time_stretch,-10.0,percent_tempo,47.25489044189453,49.0463752746582,50.431217193603516
ambient_07::time_stretch::-5pct,ambient_07,ambient,time_stretch,-5.0,percent_tempo,48.308345794677734,51.71025848388672,51.47972106933594
ambient_07::time_stretch::+5pct,ambient_07,ambient,time_stretch,5.0,percent_tempo,45.739097595214844,48.262298583984375,50.11801528930664
ambient_07::time_stretch::+10pct,ambient_07,ambient,time_stretch,10.0,percent_tempo,45.964874267578125,48.35072708129883,48.195159912109375
ambient_07::time_stretch::+20pct,ambient_07,ambient,time_stretch,20.0,percent_tempo,43.767250061035156,46.63636016845703,46.79009246826172
ambient_07::lowpass::lp8000,ambient_07,ambient,lowpass,8000.0,hz_cutoff,50.9954833984375,51.912288665771484,55.23548126220703
ambient_07::lowpass::lp4000,ambient_07,ambient,lowpass,4000.0,hz_cutoff,50.677650451660156,51.28310012817383,55.08557891845703
ambient_07::lowpass::lp2000,ambient_07,ambient,lowpass,2000.0,hz_cutoff,49.92265701293945,50.605045318603516,54.869041442871094
ambient_07::distortion::drv4,ambient_07,ambient,distortion,4.0,tanh_drive,51.00560760498047,52.122764587402344,55.16412353515625
ambient_07::distortion::drv12,ambient_07,ambient,distortion,12.0,tanh_drive,51.390724182128906,52.09980010986328,55.47452926635742
ambient_07::distortion::drv32,ambient_07,ambient,distortion,32.0,tanh_drive,51.10289001464844,51.94749069213867,55.47745132446289
ambient_07::style_swap::swap_cross,ambient_07,ambient,style_swap,nan,cross_genre,46.549278259277344,48.38677978515625,50.908843994140625
ambient_07::style_swap::swap_same,ambient_07,ambient,style_swap,nan,same_genre,50.201175689697266,51.376312255859375,52.767677307128906
ambient_08::control::ctrl,ambient_08,ambient,control,0.0,none,48.01811599731445,52.44226837158203,48.00968933105469
ambient_08::pitch_shift::-4st,ambient_08,ambient,pitch_shift,-4.0,semitones,38.662174224853516,40.83545684814453,36.75532531738281
ambient_08::pitch_shift::-2st,ambient_08,ambient,pitch_shift,-2.0,semitones,42.20288848876953,44.47005844116211,43.241363525390625
ambient_08::pitch_shift::-1st,ambient_08,ambient,pitch_shift,-1.0,semitones,33.62263870239258,35.96073532104492,33.30942153930664
ambient_08::pitch_shift::+1st,ambient_08,ambient,pitch_shift,1.0,semitones,36.25653076171875,39.07715606689453,35.870479583740234
ambient_08::pitch_shift::+2st,ambient_08,ambient,pitch_shift,2.0,semitones,42.15877151489258,44.41138458251953,43.67390060424805
ambient_08::pitch_shift::+4st,ambient_08,ambient,pitch_shift,4.0,semitones,39.6803092956543,42.66830825805664,39.059288024902344
ambient_08::time_stretch::-20pct,ambient_08,ambient,time_stretch,-20.0,percent_tempo,48.10316467285156,52.546356201171875,47.51396179199219
ambient_08::time_stretch::-10pct,ambient_08,ambient,time_stretch,-10.0,percent_tempo,47.5019416809082,52.531883239746094,47.1654052734375
ambient_08::time_stretch::-5pct,ambient_08,ambient,time_stretch,-5.0,percent_tempo,48.119972229003906,52.33802795410156,47.480133056640625
ambient_08::time_stretch::+5pct,ambient_08,ambient,time_stretch,5.0,percent_tempo,47.90583038330078,51.916412353515625,47.46123123168945
ambient_08::time_stretch::+10pct,ambient_08,ambient,time_stretch,10.0,percent_tempo,48.36106872558594,51.55570983886719,48.17628860473633
ambient_08::time_stretch::+20pct,ambient_08,ambient,time_stretch,20.0,percent_tempo,47.70157241821289,50.15069580078125,47.21226119995117
ambient_08::lowpass::lp8000,ambient_08,ambient,lowpass,8000.0,hz_cutoff,48.04299545288086,52.428916931152344,47.96868133544922
ambient_08::lowpass::lp4000,ambient_08,ambient,lowpass,4000.0,hz_cutoff,47.77032470703125,51.00484085083008,47.36188507080078
ambient_08::lowpass::lp2000,ambient_08,ambient,lowpass,2000.0,hz_cutoff,48.292503356933594,52.249271392822266,47.75891876220703
ambient_08::distortion::drv4,ambient_08,ambient,distortion,4.0,tanh_drive,48.01832962036133,52.50126647949219,47.824745178222656
ambient_08::distortion::drv12,ambient_08,ambient,distortion,12.0,tanh_drive,48.14427185058594,52.181793212890625,47.54267120361328
ambient_08::distortion::drv32,ambient_08,ambient,distortion,32.0,tanh_drive,47.69060516357422,51.55621337890625,47.40151596069336
ambient_08::style_swap::swap_cross,ambient_08,ambient,style_swap,nan,cross_genre,41.642295837402344,45.93033218383789,41.933250427246094
ambient_08::style_swap::swap_same,ambient_08,ambient,style_swap,nan,same_genre,43.107173919677734,45.333152770996094,43.11466979980469
ambient_09::control::ctrl,ambient_09,ambient,control,0.0,none,54.389404296875,51.802650451660156,62.94108581542969
ambient_09::pitch_shift::-4st,ambient_09,ambient,pitch_shift,-4.0,semitones,44.008995056152344,41.806419372558594,51.72465133666992
ambient_09::pitch_shift::-2st,ambient_09,ambient,pitch_shift,-2.0,semitones,49.63850784301758,47.67351531982422,59.25497817993164
ambient_09::pitch_shift::-1st,ambient_09,ambient,pitch_shift,-1.0,semitones,42.58159637451172,41.370609283447266,51.49806213378906
ambient_09::pitch_shift::+1st,ambient_09,ambient,pitch_shift,1.0,semitones,42.680545806884766,38.741661071777344,50.34975051879883
ambient_09::pitch_shift::+2st,ambient_09,ambient,pitch_shift,2.0,semitones,51.5870361328125,46.13056564331055,60.208778381347656
ambient_09::pitch_shift::+4st,ambient_09,ambient,pitch_shift,4.0,semitones,43.621070861816406,41.009429931640625,52.97400665283203
ambient_09::time_stretch::-20pct,ambient_09,ambient,time_stretch,-20.0,percent_tempo,50.9334602355957,50.96482849121094,58.82489776611328
ambient_09::time_stretch::-10pct,ambient_09,ambient,time_stretch,-10.0,percent_tempo,51.44809341430664,51.56412124633789,59.09836959838867
ambient_09::time_stretch::-5pct,ambient_09,ambient,time_stretch,-5.0,percent_tempo,52.737945556640625,50.67477798461914,60.34065628051758
ambient_09::time_stretch::+5pct,ambient_09,ambient,time_stretch,5.0,percent_tempo,53.04139709472656,51.513214111328125,60.64973831176758
ambient_09::time_stretch::+10pct,ambient_09,ambient,time_stretch,10.0,percent_tempo,49.675880432128906,51.7242317199707,57.75484085083008
ambient_09::time_stretch::+20pct,ambient_09,ambient,time_stretch,20.0,percent_tempo,50.64313507080078,52.49635696411133,56.4897346496582
ambient_09::lowpass::lp8000,ambient_09,ambient,lowpass,8000.0,hz_cutoff,54.446685791015625,51.81167221069336,62.9504280090332
ambient_09::lowpass::lp4000,ambient_09,ambient,lowpass,4000.0,hz_cutoff,51.46521759033203,51.222068786621094,60.608612060546875
ambient_09::lowpass::lp2000,ambient_09,ambient,lowpass,2000.0,hz_cutoff,52.22292709350586,51.570133209228516,60.13393020629883
ambient_09::distortion::drv4,ambient_09,ambient,distortion,4.0,tanh_drive,54.19538497924805,51.95527267456055,62.468666076660156
ambient_09::distortion::drv12,ambient_09,ambient,distortion,12.0,tanh_drive,53.204185485839844,51.80200958251953,61.33564758300781
ambient_09::distortion::drv32,ambient_09,ambient,distortion,32.0,tanh_drive,51.698753356933594,51.63023376464844,60.0623664855957
ambient_09::style_swap::swap_cross,ambient_09,ambient,style_swap,nan,cross_genre,42.17182922363281,43.84768295288086,52.12166213989258
ambient_09::style_swap::swap_same,ambient_09,ambient,style_swap,nan,same_genre,42.660499572753906,39.402408599853516,52.18342590332031
ambient_10::control::ctrl,ambient_10,ambient,control,0.0,none,39.122589111328125,43.32765579223633,45.173828125
ambient_10::pitch_shift::-4st,ambient_10,ambient,pitch_shift,-4.0,semitones,38.16911315917969,43.78242492675781,42.76011276245117
ambient_10::pitch_shift::-2st,ambient_10,ambient,pitch_shift,-2.0,semitones,39.222225189208984,43.882965087890625,44.15977478027344
ambient_10::pitch_shift::-1st,ambient_10,ambient,pitch_shift,-1.0,semitones,38.30434036254883,42.58184051513672,43.01288604736328
ambient_10::pitch_shift::+1st,ambient_10,ambient,pitch_shift,1.0,semitones,38.87964630126953,42.90462875366211,43.2930793762207
ambient_10::pitch_shift::+2st,ambient_10,ambient,pitch_shift,2.0,semitones,37.59923553466797,40.02418899536133,43.34972381591797
ambient_10::pitch_shift::+4st,ambient_10,ambient,pitch_shift,4.0,semitones,38.459434509277344,41.417945861816406,43.55411911010742
ambient_10::time_stretch::-20pct,ambient_10,ambient,time_stretch,-20.0,percent_tempo,37.76739501953125,42.13933181762695,44.28915023803711
ambient_10::time_stretch::-10pct,ambient_10,ambient,time_stretch,-10.0,percent_tempo,38.62212371826172,42.64828872680664,43.860374450683594
ambient_10::time_stretch::-5pct,ambient_10,ambient,time_stretch,-5.0,percent_tempo,39.14421463012695,43.07491683959961,44.271812438964844
ambient_10::time_stretch::+5pct,ambient_10,ambient,time_stretch,5.0,percent_tempo,38.918182373046875,42.74266815185547,44.65028381347656
ambient_10::time_stretch::+10pct,ambient_10,ambient,time_stretch,10.0,percent_tempo,38.58006286621094,43.003990173339844,44.47352981567383
ambient_10::time_stretch::+20pct,ambient_10,ambient,time_stretch,20.0,percent_tempo,38.56159973144531,42.69413375854492,44.47949981689453
ambient_10::lowpass::lp8000,ambient_10,ambient,lowpass,8000.0,hz_cutoff,39.14813232421875,43.32697677612305,45.18375015258789
ambient_10::lowpass::lp4000,ambient_10,ambient,lowpass,4000.0,hz_cutoff,35.063411712646484,43.33468246459961,44.578277587890625
ambient_10::lowpass::lp2000,ambient_10,ambient,lowpass,2000.0,hz_cutoff,39.07516098022461,43.99823760986328,43.641788482666016
ambient_10::distortion::drv4,ambient_10,ambient,distortion,4.0,tanh_drive,38.97316360473633,43.28172302246094,45.18833923339844
ambient_10::distortion::drv12,ambient_10,ambient,distortion,12.0,tanh_drive,39.50532531738281,43.52643966674805,44.96107482910156
ambient_10::distortion::drv32,ambient_10,ambient,distortion,32.0,tanh_drive,39.219234466552734,42.548866271972656,43.97770690917969
ambient_10::style_swap::swap_cross,ambient_10,ambient,style_swap,nan,cross_genre,39.97157669067383,44.3339729309082,42.12860870361328
ambient_10::style_swap::swap_same,ambient_10,ambient,style_swap,nan,same_genre,42.08047866821289,45.37152862548828,45.388092041015625
ambient_11::control::ctrl,ambient_11,ambient,control,0.0,none,64.80829620361328,66.90354919433594,67.14569091796875
ambient_11::pitch_shift::-4st,ambient_11,ambient,pitch_shift,-4.0,semitones,60.5946044921875,59.734100341796875,64.68116760253906
ambient_11::pitch_shift::-2st,ambient_11,ambient,pitch_shift,-2.0,semitones,62.727882385253906,62.45256042480469,64.98017120361328
ambient_11::pitch_shift::-1st,ambient_11,ambient,pitch_shift,-1.0,semitones,59.883583068847656,58.298099517822266,64.1734848022461
ambient_11::pitch_shift::+1st,ambient_11,ambient,pitch_shift,1.0,semitones,60.29969024658203,59.01865005493164,63.09871292114258
ambient_11::pitch_shift::+2st,ambient_11,ambient,pitch_shift,2.0,semitones,63.07920837402344,62.709712982177734,66.21124267578125
ambient_11::pitch_shift::+4st,ambient_11,ambient,pitch_shift,4.0,semitones,60.72226333618164,61.420143127441406,62.680908203125
ambient_11::time_stretch::-20pct,ambient_11,ambient,time_stretch,-20.0,percent_tempo,49.1727409362793,47.83908462524414,48.92517852783203
ambient_11::time_stretch::-10pct,ambient_11,ambient,time_stretch,-10.0,percent_tempo,55.55674362182617,58.19384002685547,55.96150207519531
ambient_11::time_stretch::-5pct,ambient_11,ambient,time_stretch,-5.0,percent_tempo,58.698280334472656,60.22942352294922,57.79682159423828
ambient_11::time_stretch::+5pct,ambient_11,ambient,time_stretch,5.0,percent_tempo,57.92728042602539,58.02305603027344,59.12895202636719
ambient_11::time_stretch::+10pct,ambient_11,ambient,time_stretch,10.0,percent_tempo,55.98579788208008,54.07527542114258,57.789955139160156
ambient_11::time_stretch::+20pct,ambient_11,ambient,time_stretch,20.0,percent_tempo,47.39527893066406,45.218772888183594,46.835350036621094
ambient_11::lowpass::lp8000,ambient_11,ambient,lowpass,8000.0,hz_cutoff,64.80562591552734,66.92293548583984,67.16845703125
ambient_11::lowpass::lp4000,ambient_11,ambient,lowpass,4000.0,hz_cutoff,64.55477142333984,66.83966827392578,66.9621810913086
ambient_11::lowpass::lp2000,ambient_11,ambient,lowpass,2000.0,hz_cutoff,63.76409912109375,65.93021392822266,64.04922485351562
ambient_11::distortion::drv4,ambient_11,ambient,distortion,4.0,tanh_drive,64.84092712402344,66.64559173583984,67.14436340332031
ambient_11::distortion::drv12,ambient_11,ambient,distortion,12.0,tanh_drive,64.1513900756836,66.7331314086914,66.98878479003906
ambient_11::distortion::drv32,ambient_11,ambient,distortion,32.0,tanh_drive,62.29747772216797,65.98706817626953,64.25593566894531
ambient_11::style_swap::swap_cross,ambient_11,ambient,style_swap,nan,cross_genre,47.87040710449219,48.549285888671875,48.742103576660156
ambient_11::style_swap::swap_same,ambient_11,ambient,style_swap,nan,same_genre,57.07394790649414,60.17736053466797,56.747371673583984
ambient_12::control::ctrl,ambient_12,ambient,control,0.0,none,51.33696365356445,50.273048400878906,51.279930114746094
ambient_12::pitch_shift::-4st,ambient_12,ambient,pitch_shift,-4.0,semitones,46.13899230957031,46.452091217041016,44.88359832763672
ambient_12::pitch_shift::-2st,ambient_12,ambient,pitch_shift,-2.0,semitones,51.52393341064453,47.740318298339844,49.913818359375
ambient_12::pitch_shift::-1st,ambient_12,ambient,pitch_shift,-1.0,semitones,49.10613250732422,48.96503829956055,50.04681396484375
ambient_12::pitch_shift::+1st,ambient_12,ambient,pitch_shift,1.0,semitones,50.48915481567383,49.73072814941406,50.88065719604492
ambient_12::pitch_shift::+2st,ambient_12,ambient,pitch_shift,2.0,semitones,51.100364685058594,50.68008804321289,50.97370910644531
ambient_12::pitch_shift::+4st,ambient_12,ambient,pitch_shift,4.0,semitones,50.2806282043457,50.236839294433594,50.492462158203125
ambient_12::time_stretch::-20pct,ambient_12,ambient,time_stretch,-20.0,percent_tempo,50.54827117919922,49.57481002807617,50.590423583984375
ambient_12::time_stretch::-10pct,ambient_12,ambient,time_stretch,-10.0,percent_tempo,51.254676818847656,49.8001594543457,51.11022186279297
ambient_12::time_stretch::-5pct,ambient_12,ambient,time_stretch,-5.0,percent_tempo,50.95293426513672,50.10056686401367,51.11180877685547
ambient_12::time_stretch::+5pct,ambient_12,ambient,time_stretch,5.0,percent_tempo,50.42765426635742,49.5697021484375,50.453819274902344
ambient_12::time_stretch::+10pct,ambient_12,ambient,time_stretch,10.0,percent_tempo,49.94478225708008,48.642906188964844,50.45933151245117
ambient_12::time_stretch::+20pct,ambient_12,ambient,time_stretch,20.0,percent_tempo,50.48347473144531,48.75093078613281,50.236671447753906
ambient_12::lowpass::lp8000,ambient_12,ambient,lowpass,8000.0,hz_cutoff,51.341392517089844,50.2756233215332,51.28620529174805
ambient_12::lowpass::lp4000,ambient_12,ambient,lowpass,4000.0,hz_cutoff,50.307861328125,49.089942932128906,49.78886032104492
ambient_12::lowpass::lp2000,ambient_12,ambient,lowpass,2000.0,hz_cutoff,49.49164581298828,49.68855667114258,50.86465835571289
ambient_12::distortion::drv4,ambient_12,ambient,distortion,4.0,tanh_drive,50.89623260498047,50.397544860839844,51.25015640258789
ambient_12::distortion::drv12,ambient_12,ambient,distortion,12.0,tanh_drive,50.37215805053711,49.69834518432617,50.833892822265625
ambient_12::distortion::drv32,ambient_12,ambient,distortion,32.0,tanh_drive,48.71702194213867,47.88528823852539,48.16392517089844
ambient_12::style_swap::swap_cross,ambient_12,ambient,style_swap,nan,cross_genre,46.45996856689453,47.16661071777344,46.37344741821289
ambient_12::style_swap::swap_same,ambient_12,ambient,style_swap,nan,same_genre,42.791160583496094,45.691993713378906,44.61776351928711
ambient_13::control::ctrl,ambient_13,ambient,control,0.0,none,57.96996307373047,66.29708862304688,57.32569885253906
ambient_13::pitch_shift::-4st,ambient_13,ambient,pitch_shift,-4.0,semitones,47.11302947998047,57.21592330932617,48.278263092041016
ambient_13::pitch_shift::-2st,ambient_13,ambient,pitch_shift,-2.0,semitones,48.134002685546875,57.749385833740234,47.17866516113281
ambient_13::pitch_shift::-1st,ambient_13,ambient,pitch_shift,-1.0,semitones,44.10922622680664,56.031585693359375,43.21287155151367
ambient_13::pitch_shift::+1st,ambient_13,ambient,pitch_shift,1.0,semitones,46.38546371459961,55.892852783203125,43.15558624267578
ambient_13::pitch_shift::+2st,ambient_13,ambient,pitch_shift,2.0,semitones,47.303627014160156,58.22315216064453,48.41691589355469
ambient_13::pitch_shift::+4st,ambient_13,ambient,pitch_shift,4.0,semitones,47.34621810913086,56.74916076660156,45.90407180786133
ambient_13::time_stretch::-20pct,ambient_13,ambient,time_stretch,-20.0,percent_tempo,55.71095275878906,63.12741470336914,55.73548889160156
ambient_13::time_stretch::-10pct,ambient_13,ambient,time_stretch,-10.0,percent_tempo,54.806190490722656,60.25463104248047,54.81269454956055
ambient_13::time_stretch::-5pct,ambient_13,ambient,time_stretch,-5.0,percent_tempo,56.67283630371094,64.3680191040039,56.875701904296875
ambient_13::time_stretch::+5pct,ambient_13,ambient,time_stretch,5.0,percent_tempo,55.40288543701172,61.628108978271484,55.59573745727539
ambient_13::time_stretch::+10pct,ambient_13,ambient,time_stretch,10.0,percent_tempo,54.302303314208984,61.582637786865234,54.48439025878906
ambient_13::time_stretch::+20pct,ambient_13,ambient,time_stretch,20.0,percent_tempo,52.884193420410156,60.35014724731445,52.13732147216797
ambient_13::lowpass::lp8000,ambient_13,ambient,lowpass,8000.0,hz_cutoff,57.975440979003906,66.27749633789062,57.31947708129883
ambient_13::lowpass::lp4000,ambient_13,ambient,lowpass,4000.0,hz_cutoff,56.57133865356445,65.53387451171875,54.6493034362793
ambient_13::lowpass::lp2000,ambient_13,ambient,lowpass,2000.0,hz_cutoff,55.20384979248047,62.02683639526367,54.616943359375
ambient_13::distortion::drv4,ambient_13,ambient,distortion,4.0,tanh_drive,57.64750671386719,65.92430114746094,57.1131477355957
ambient_13::distortion::drv12,ambient_13,ambient,distortion,12.0,tanh_drive,55.85966491699219,62.328636169433594,55.193763732910156
ambient_13::distortion::drv32,ambient_13,ambient,distortion,32.0,tanh_drive,55.6544075012207,60.38552474975586,55.866764068603516
ambient_13::style_swap::swap_cross,ambient_13,ambient,style_swap,nan,cross_genre,42.176578521728516,45.199485778808594,46.40713882446289
ambient_13::style_swap::swap_same,ambient_13,ambient,style_swap,nan,same_genre,52.67695236206055,57.48754119873047,52.51250076293945
ambient_14::control::ctrl,ambient_14,ambient,control,0.0,none,50.25537109375,53.48136901855469,53.92304992675781
ambient_14::pitch_shift::-4st,ambient_14,ambient,pitch_shift,-4.0,semitones,43.964691162109375,43.61785125732422,46.599754333496094
ambient_14::pitch_shift::-2st,ambient_14,ambient,pitch_shift,-2.0,semitones,43.756736755371094,47.593231201171875,47.54056167602539
ambient_14::pitch_shift::-1st,ambient_14,ambient,pitch_shift,-1.0,semitones,41.882781982421875,43.76679992675781,44.10982894897461
ambient_14::pitch_shift::+1st,ambient_14,ambient,pitch_shift,1.0,semitones,41.668758392333984,44.165042877197266,44.45974349975586
ambient_14::pitch_shift::+2st,ambient_14,ambient,pitch_shift,2.0,semitones,45.9509391784668,49.043861389160156,50.22587585449219
ambient_14::pitch_shift::+4st,ambient_14,ambient,pitch_shift,4.0,semitones,42.90187454223633,45.688175201416016,47.747615814208984
ambient_14::time_stretch::-20pct,ambient_14,ambient,time_stretch,-20.0,percent_tempo,50.41868209838867,52.74575424194336,53.87635040283203
ambient_14::time_stretch::-10pct,ambient_14,ambient,time_stretch,-10.0,percent_tempo,49.71393585205078,52.900413513183594,53.74710464477539
ambient_14::time_stretch::-5pct,ambient_14,ambient,time_stretch,-5.0,percent_tempo,49.961395263671875,52.83946228027344,53.37624740600586
ambient_14::time_stretch::+5pct,ambient_14,ambient,time_stretch,5.0,percent_tempo,49.32062530517578,52.383113861083984,53.303192138671875
ambient_14::time_stretch::+10pct,ambient_14,ambient,time_stretch,10.0,percent_tempo,49.692115783691406,52.38399124145508,53.540283203125
ambient_14::time_stretch::+20pct,ambient_14,ambient,time_stretch,20.0,percent_tempo,50.74723815917969,52.807472229003906,53.99934387207031
ambient_14::lowpass::lp8000,ambient_14,ambient,lowpass,8000.0,hz_cutoff,50.23546600341797,53.43901824951172,53.92228698730469
ambient_14::lowpass::lp4000,ambient_14,ambient,lowpass,4000.0,hz_cutoff,48.62242889404297,53.04603576660156,52.49357986450195
ambient_14::lowpass::lp2000,ambient_14,ambient,lowpass,2000.0,hz_cutoff,50.24391555786133,52.8875617980957,53.585304260253906
ambient_14::distortion::drv4,ambient_14,ambient,distortion,4.0,tanh_drive,50.274173736572266,53.34104919433594,53.599979400634766
ambient_14::distortion::drv12,ambient_14,ambient,distortion,12.0,tanh_drive,49.60980224609375,52.635738372802734,52.933258056640625
ambient_14::distortion::drv32,ambient_14,ambient,distortion,32.0,tanh_drive,49.88192367553711,52.196746826171875,53.36845397949219
ambient_14::style_swap::swap_cross,ambient_14,ambient,style_swap,nan,cross_genre,38.0522346496582,39.504356384277344,43.348899841308594
ambient_14::style_swap::swap_same,ambient_14,ambient,style_swap,nan,same_genre,47.7078857421875,50.53156280517578,51.9329719543457
ambient_15::control::ctrl,ambient_15,ambient,control,0.0,none,56.626121520996094,61.53120422363281,60.52873229980469
ambient_15::pitch_shift::-4st,ambient_15,ambient,pitch_shift,-4.0,semitones,47.65269470214844,51.03832244873047,55.24971008300781
ambient_15::pitch_shift::-2st,ambient_15,ambient,pitch_shift,-2.0,semitones,53.02116012573242,57.78562927246094,58.147315979003906
ambient_15::pitch_shift::-1st,ambient_15,ambient,pitch_shift,-1.0,semitones,43.538047790527344,48.52335739135742,53.4434814453125
ambient_15::pitch_shift::+1st,ambient_15,ambient,pitch_shift,1.0,semitones,45.85075378417969,49.114803314208984,54.737464904785156
ambient_15::pitch_shift::+2st,ambient_15,ambient,pitch_shift,2.0,semitones,50.66014862060547,55.103416442871094,57.694679260253906
ambient_15::pitch_shift::+4st,ambient_15,ambient,pitch_shift,4.0,semitones,47.93901824951172,52.18476867675781,53.4027099609375
ambient_15::time_stretch::-20pct,ambient_15,ambient,time_stretch,-20.0,percent_tempo,49.51013946533203,55.892879486083984,50.353492736816406
ambient_15::time_stretch::-10pct,ambient_15,ambient,time_stretch,-10.0,percent_tempo,51.2063102722168,57.732566833496094,46.606117248535156
ambient_15::time_stretch::-5pct,ambient_15,ambient,time_stretch,-5.0,percent_tempo,53.461246490478516,57.55653381347656,53.77670669555664
ambient_15::time_stretch::+5pct,ambient_15,ambient,time_stretch,5.0,percent_tempo,50.1142578125,56.16039276123047,49.06563186645508
ambient_15::time_stretch::+10pct,ambient_15,ambient,time_stretch,10.0,percent_tempo,46.22272491455078,51.30837631225586,45.06083297729492
ambient_15::time_stretch::+20pct,ambient_15,ambient,time_stretch,20.0,percent_tempo,48.18836212158203,53.94097900390625,49.167930603027344
ambient_15::lowpass::lp8000,ambient_15,ambient,lowpass,8000.0,hz_cutoff,56.641639709472656,61.48330307006836,60.52894973754883
ambient_15::lowpass::lp4000,ambient_15,ambient,lowpass,4000.0,hz_cutoff,55.728309631347656,61.2967643737793,60.527462005615234
ambient_15::lowpass::lp2000,ambient_15,ambient,lowpass,2000.0,hz_cutoff,55.704227447509766,60.21864318847656,59.768646240234375
ambient_15::distortion::drv4,ambient_15,ambient,distortion,4.0,tanh_drive,56.53711700439453,61.39716339111328,60.48994445800781
ambient_15::distortion::drv12,ambient_15,ambient,distortion,12.0,tanh_drive,56.3844108581543,60.918052673339844,60.75666427612305
ambient_15::distortion::drv32,ambient_15,ambient,distortion,32.0,tanh_drive,56.06929397583008,61.27442932128906,60.44795608520508
ambient_15::style_swap::swap_cross,ambient_15,ambient,style_swap,nan,cross_genre,34.68324279785156,42.83678436279297,37.86473083496094
ambient_15::style_swap::swap_same,ambient_15,ambient,style_swap,nan,same_genre,48.423927307128906,52.69874572753906,52.46104049682617
electronic_01::control::ctrl,electronic_01,electronic,control,0.0,none,47.25886535644531,49.256160736083984,49.5051383972168
electronic_01::pitch_shift::-4st,electronic_01,electronic,pitch_shift,-4.0,semitones,47.16839599609375,50.97075653076172,48.630130767822266
electronic_01::pitch_shift::-2st,electronic_01,electronic,pitch_shift,-2.0,semitones,47.395347595214844,51.207481384277344,49.177940368652344
electronic_01::pitch_shift::-1st,electronic_01,electronic,pitch_shift,-1.0,semitones,47.23529052734375,51.709171295166016,48.606903076171875
electronic_01::pitch_shift::+1st,electronic_01,electronic,pitch_shift,1.0,semitones,46.688377380371094,50.521217346191406,48.78897476196289
electronic_01::pitch_shift::+2st,electronic_01,electronic,pitch_shift,2.0,semitones,46.95414733886719,49.98537063598633,48.934791564941406
electronic_01::pitch_shift::+4st,electronic_01,electronic,pitch_shift,4.0,semitones,45.55048751831055,47.54943084716797,47.840248107910156
electronic_01::time_stretch::-20pct,electronic_01,electronic,time_stretch,-20.0,percent_tempo,47.071773529052734,49.70469284057617,49.17119216918945
electronic_01::time_stretch::-10pct,electronic_01,electronic,time_stretch,-10.0,percent_tempo,46.82712173461914,48.52241516113281,49.015220642089844
electronic_01::time_stretch::-5pct,electronic_01,electronic,time_stretch,-5.0,percent_tempo,48.114646911621094,48.571475982666016,49.549217224121094
electronic_01::time_stretch::+5pct,electronic_01,electronic,time_stretch,5.0,percent_tempo,47.50492858886719,48.56126403808594,49.29924011230469
electronic_01::time_stretch::+10pct,electronic_01,electronic,time_stretch,10.0,percent_tempo,47.11396026611328,49.012939453125,48.947120666503906
electronic_01::time_stretch::+20pct,electronic_01,electronic,time_stretch,20.0,percent_tempo,47.12962341308594,49.17967224121094,49.569400787353516
electronic_01::lowpass::lp8000,electronic_01,electronic,lowpass,8000.0,hz_cutoff,47.4145393371582,49.53545379638672,49.50459671020508
electronic_01::lowpass::lp4000,electronic_01,electronic,lowpass,4000.0,hz_cutoff,45.1517448425293,50.46146774291992,47.63959503173828
electronic_01::lowpass::lp2000,electronic_01,electronic,lowpass,2000.0,hz_cutoff,45.09259033203125,50.063934326171875,47.87801742553711
electronic_01::distortion::drv4,electronic_01,electronic,distortion,4.0,tanh_drive,47.258216857910156,49.26154708862305,49.50049591064453
electronic_01::distortion::drv12,electronic_01,electronic,distortion,12.0,tanh_drive,47.244056701660156,49.305198669433594,49.4798698425293
electronic_01::distortion::drv32,electronic_01,electronic,distortion,32.0,tanh_drive,47.63140106201172,49.59734344482422,49.57588195800781
electronic_01::style_swap::swap_cross,electronic_01,electronic,style_swap,nan,cross_genre,45.916954040527344,50.14305877685547,48.43773651123047
electronic_01::style_swap::swap_same,electronic_01,electronic,style_swap,nan,same_genre,42.40785217285156,44.31145477294922,41.237857818603516
electronic_02::control::ctrl,electronic_02,electronic,control,0.0,none,72.67659759521484,76.2163314819336,70.85059356689453
electronic_02::pitch_shift::-4st,electronic_02,electronic,pitch_shift,-4.0,semitones,67.68704986572266,69.33678436279297,68.05670928955078
electronic_02::pitch_shift::-2st,electronic_02,electronic,pitch_shift,-2.0,semitones,69.13351440429688,74.14347839355469,70.308837890625
electronic_02::pitch_shift::-1st,electronic_02,electronic,pitch_shift,-1.0,semitones,64.93199157714844,69.80480194091797,63.91614532470703
electronic_02::pitch_shift::+1st,electronic_02,electronic,pitch_shift,1.0,semitones,62.05230712890625,69.76838684082031,65.89788818359375
electronic_02::pitch_shift::+2st,electronic_02,electronic,pitch_shift,2.0,semitones,67.66820526123047,72.24044036865234,67.0982666015625
electronic_02::pitch_shift::+4st,electronic_02,electronic,pitch_shift,4.0,semitones,65.30705261230469,68.52885437011719,66.40476989746094
electronic_02::time_stretch::-20pct,electronic_02,electronic,time_stretch,-20.0,percent_tempo,57.3079948425293,59.61307907104492,56.57876968383789
electronic_02::time_stretch::-10pct,electronic_02,electronic,time_stretch,-10.0,percent_tempo,50.75556182861328,54.042911529541016,47.81452560424805
electronic_02::time_stretch::-5pct,electronic_02,electronic,time_stretch,-5.0,percent_tempo,60.33515167236328,63.23574447631836,55.25333786010742
electronic_02::time_stretch::+5pct,electronic_02,electronic,time_stretch,5.0,percent_tempo,50.15693664550781,51.35669708251953,49.97886657714844
electronic_02::time_stretch::+10pct,electronic_02,electronic,time_stretch,10.0,percent_tempo,41.61560821533203,38.10649108886719,41.59149932861328
electronic_02::time_stretch::+20pct,electronic_02,electronic,time_stretch,20.0,percent_tempo,46.14315414428711,47.651649475097656,43.4141960144043
electronic_02::lowpass::lp8000,electronic_02,electronic,lowpass,8000.0,hz_cutoff,72.66963195800781,76.27377319335938,71.00177001953125
electronic_02::lowpass::lp4000,electronic_02,electronic,lowpass,4000.0,hz_cutoff,72.49800109863281,75.80245208740234,71.88534545898438
electronic_02::lowpass::lp2000,electronic_02,electronic,lowpass,2000.0,hz_cutoff,72.16531372070312,74.09825134277344,71.31919860839844
electronic_02::distortion::drv4,electronic_02,electronic,distortion,4.0,tanh_drive,73.10997772216797,76.10165405273438,71.77836608886719
electronic_02::distortion::drv12,electronic_02,electronic,distortion,12.0,tanh_drive,72.7912826538086,75.54585266113281,71.35325622558594
electronic_02::distortion::drv32,electronic_02,electronic,distortion,32.0,tanh_drive,72.513916015625,73.15587615966797,71.25558471679688
electronic_02::style_swap::swap_cross,electronic_02,electronic,style_swap,nan,cross_genre,58.711997985839844,63.98384094238281,61.839576721191406
electronic_02::style_swap::swap_same,electronic_02,electronic,style_swap,nan,same_genre,60.621971130371094,61.24545669555664,62.479820251464844
electronic_03::control::ctrl,electronic_03,electronic,control,0.0,none,72.92976379394531,72.34243774414062,74.69374084472656
electronic_03::pitch_shift::-4st,electronic_03,electronic,pitch_shift,-4.0,semitones,70.18888092041016,68.1007080078125,72.2898178100586
electronic_03::pitch_shift::-2st,electronic_03,electronic,pitch_shift,-2.0,semitones,69.51217651367188,68.30518341064453,70.50695037841797
electronic_03::pitch_shift::-1st,electronic_03,electronic,pitch_shift,-1.0,semitones,67.5099868774414,66.47895050048828,69.37421417236328
electronic_03::pitch_shift::+1st,electronic_03,electronic,pitch_shift,1.0,semitones,67.9566650390625,66.73053741455078,69.41674041748047
electronic_03::pitch_shift::+2st,electronic_03,electronic,pitch_shift,2.0,semitones,69.88442993164062,70.47039031982422,71.49629974365234
electronic_03::pitch_shift::+4st,electronic_03,electronic,pitch_shift,4.0,semitones,70.027587890625,67.94824981689453,71.70084381103516
electronic_03::time_stretch::-20pct,electronic_03,electronic,time_stretch,-20.0,percent_tempo,52.72908020019531,51.397003173828125,55.888851165771484
electronic_03::time_stretch::-10pct,electronic_03,electronic,time_stretch,-10.0,percent_tempo,58.74763107299805,60.184661865234375,61.756526947021484
electronic_03::time_stretch::-5pct,electronic_03,electronic,time_stretch,-5.0,percent_tempo,52.610076904296875,55.12602996826172,57.51840591430664
electronic_03::time_stretch::+5pct,electronic_03,electronic,time_stretch,5.0,percent_tempo,61.77251434326172,61.8101806640625,62.085670471191406
electronic_03::time_stretch::+10pct,electronic_03,electronic,time_stretch,10.0,percent_tempo,51.92708206176758,52.43058395385742,55.793251037597656
electronic_03::time_stretch::+20pct,electronic_03,electronic,time_stretch,20.0,percent_tempo,51.83367919921875,54.83334732055664,53.93690490722656
electronic_03::lowpass::lp8000,electronic_03,electronic,lowpass,8000.0,hz_cutoff,72.95696258544922,72.35804748535156,74.70069885253906
electronic_03::lowpass::lp4000,electronic_03,electronic,lowpass,4000.0,hz_cutoff,73.1280288696289,73.99274444580078,74.99053955078125
electronic_03::lowpass::lp2000,electronic_03,electronic,lowpass,2000.0,hz_cutoff,73.06291198730469,74.2269287109375,74.77196502685547
electronic_03::distortion::drv4,electronic_03,electronic,distortion,4.0,tanh_drive,72.34854125976562,71.8329849243164,74.56378936767578
electronic_03::distortion::drv12,electronic_03,electronic,distortion,12.0,tanh_drive,71.45547485351562,71.27965545654297,74.09219360351562
electronic_03::distortion::drv32,electronic_03,electronic,distortion,32.0,tanh_drive,71.96371459960938,70.64745330810547,72.67314910888672
electronic_03::style_swap::swap_cross,electronic_03,electronic,style_swap,nan,cross_genre,51.87049102783203,54.66497802734375,48.17636489868164
electronic_03::style_swap::swap_same,electronic_03,electronic,style_swap,nan,same_genre,58.02082824707031,59.977752685546875,59.32097625732422
electronic_04::control::ctrl,electronic_04,electronic,control,0.0,none,74.02906799316406,67.83512115478516,75.97491455078125
electronic_04::pitch_shift::-4st,electronic_04,electronic,pitch_shift,-4.0,semitones,69.80860137939453,66.91923522949219,69.86083221435547
electronic_04::pitch_shift::-2st,electronic_04,electronic,pitch_shift,-2.0,semitones,71.40760040283203,69.66815948486328,74.73609924316406
electronic_04::pitch_shift::-1st,electronic_04,electronic,pitch_shift,-1.0,semitones,68.70630645751953,64.2529296875,71.73230743408203
electronic_04::pitch_shift::+1st,electronic_04,electronic,pitch_shift,1.0,semitones,69.09727478027344,65.37393951416016,72.0882339477539
electronic_04::pitch_shift::+2st,electronic_04,electronic,pitch_shift,2.0,semitones,70.79576110839844,68.77681732177734,72.02701568603516
electronic_04::pitch_shift::+4st,electronic_04,electronic,pitch_shift,4.0,semitones,69.05775451660156,60.717288970947266,70.71095275878906
electronic_04::time_stretch::-20pct,electronic_04,electronic,time_stretch,-20.0,percent_tempo,55.45283126831055,54.962738037109375,58.79718017578125
electronic_04::time_stretch::-10pct,electronic_04,electronic,time_stretch,-10.0,percent_tempo,56.289180755615234,50.87089920043945,55.00419235229492
electronic_04::time_stretch::-5pct,electronic_04,electronic,time_stretch,-5.0,percent_tempo,68.37326049804688,63.21678924560547,70.1824722290039
electronic_04::time_stretch::+5pct,electronic_04,electronic,time_stretch,5.0,percent_tempo,59.40549850463867,54.16549301147461,63.155967712402344
electronic_04::time_stretch::+10pct,electronic_04,electronic,time_stretch,10.0,percent_tempo,59.68727493286133,49.47758865356445,61.614933013916016
electronic_04::time_stretch::+20pct,electronic_04,electronic,time_stretch,20.0,percent_tempo,45.997283935546875,44.01302719116211,53.837223052978516
electronic_04::lowpass::lp8000,electronic_04,electronic,lowpass,8000.0,hz_cutoff,74.01773834228516,67.88778686523438,75.83421325683594
electronic_04::lowpass::lp4000,electronic_04,electronic,lowpass,4000.0,hz_cutoff,73.03459930419922,71.62753295898438,76.54239654541016
electronic_04::lowpass::lp2000,electronic_04,electronic,lowpass,2000.0,hz_cutoff,74.6592025756836,74.39571380615234,76.84370422363281
electronic_04::distortion::drv4,electronic_04,electronic,distortion,4.0,tanh_drive,73.99888610839844,67.82270812988281,76.18229675292969
electronic_04::distortion::drv12,electronic_04,electronic,distortion,12.0,tanh_drive,74.63890838623047,67.63835144042969,76.78382110595703
electronic_04::distortion::drv32,electronic_04,electronic,distortion,32.0,tanh_drive,74.47663879394531,70.15433502197266,76.30157470703125
electronic_04::style_swap::swap_cross,electronic_04,electronic,style_swap,nan,cross_genre,51.6446533203125,52.12920379638672,52.95049285888672
electronic_04::style_swap::swap_same,electronic_04,electronic,style_swap,nan,same_genre,56.867881774902344,54.28032684326172,58.76332092285156
electronic_05::control::ctrl,electronic_05,electronic,control,0.0,none,73.3712158203125,73.00962829589844,67.19084167480469
electronic_05::pitch_shift::-4st,electronic_05,electronic,pitch_shift,-4.0,semitones,64.69285583496094,65.31672668457031,65.26741027832031
electronic_05::pitch_shift::-2st,electronic_05,electronic,pitch_shift,-2.0,semitones,69.1861801147461,70.52890014648438,66.75067901611328
electronic_05::pitch_shift::-1st,electronic_05,electronic,pitch_shift,-1.0,semitones,68.91100311279297,68.45684814453125,66.08690643310547
electronic_05::pitch_shift::+1st,electronic_05,electronic,pitch_shift,1.0,semitones,68.5267562866211,67.29020690917969,65.90702819824219
electronic_05::pitch_shift::+2st,electronic_05,electronic,pitch_shift,2.0,semitones,74.11598205566406,75.53886413574219,66.61888885498047
electronic_05::pitch_shift::+4st,electronic_05,electronic,pitch_shift,4.0,semitones,68.69475555419922,68.45108032226562,66.13101959228516
electronic_05::time_stretch::-20pct,electronic_05,electronic,time_stretch,-20.0,percent_tempo,56.22877502441406,56.25514221191406,50.32040023803711
electronic_05::time_stretch::-10pct,electronic_05,electronic,time_stretch,-10.0,percent_tempo,53.35144805908203,54.66309356689453,49.106563568115234
electronic_05::time_stretch::-5pct,electronic_05,electronic,time_stretch,-5.0,percent_tempo,48.5745849609375,46.737693786621094,41.69075393676758
electronic_05::time_stretch::+5pct,electronic_05,electronic,time_stretch,5.0,percent_tempo,50.7750358581543,46.22523498535156,42.06489944458008
electronic_05::time_stretch::+10pct,electronic_05,electronic,time_stretch,10.0,percent_tempo,50.992637634277344,50.315650939941406,42.82889938354492
electronic_05::time_stretch::+20pct,electronic_05,electronic,time_stretch,20.0,percent_tempo,58.08120346069336,58.90728759765625,53.180572509765625
electronic_05::lowpass::lp8000,electronic_05,electronic,lowpass,8000.0,hz_cutoff,73.84172821044922,74.05902862548828,67.15775299072266
electronic_05::lowpass::lp4000,electronic_05,electronic,lowpass,4000.0,hz_cutoff,76.91041564941406,76.55156707763672,71.44232177734375
electronic_05::lowpass::lp2000,electronic_05,electronic,lowpass,2000.0,hz_cutoff,78.8880386352539,76.00447082519531,74.087158203125
electronic_05::distortion::drv4,electronic_05,electronic,distortion,4.0,tanh_drive,76.09423828125,71.0271987915039,67.79910278320312
electronic_05::distortion::drv12,electronic_05,electronic,distortion,12.0,tanh_drive,78.18143463134766,72.99069213867188,72.59210205078125
electronic_05::distortion::drv32,electronic_05,electronic,distortion,32.0,tanh_drive,77.53633117675781,74.08111572265625,71.66317749023438
electronic_05::style_swap::swap_cross,electronic_05,electronic,style_swap,nan,cross_genre,61.901206970214844,58.851051330566406,51.95756530761719
electronic_05::style_swap::swap_same,electronic_05,electronic,style_swap,nan,same_genre,61.00556182861328,65.81562805175781,62.734493255615234
electronic_06::control::ctrl,electronic_06,electronic,control,0.0,none,68.31584167480469,70.15806579589844,73.91854858398438
electronic_06::pitch_shift::-4st,electronic_06,electronic,pitch_shift,-4.0,semitones,67.22647857666016,69.3656005859375,71.92733764648438
electronic_06::pitch_shift::-2st,electronic_06,electronic,pitch_shift,-2.0,semitones,66.28121185302734,68.91598510742188,68.60149383544922
electronic_06::pitch_shift::-1st,electronic_06,electronic,pitch_shift,-1.0,semitones,66.82087707519531,69.64717102050781,72.15675354003906
electronic_06::pitch_shift::+1st,electronic_06,electronic,pitch_shift,1.0,semitones,67.0971908569336,70.167236328125,72.07286071777344
electronic_06::pitch_shift::+2st,electronic_06,electronic,pitch_shift,2.0,semitones,68.19978332519531,70.25733184814453,74.0317611694336
electronic_06::pitch_shift::+4st,electronic_06,electronic,pitch_shift,4.0,semitones,67.78952026367188,69.8573989868164,72.93632507324219
electronic_06::time_stretch::-20pct,electronic_06,electronic,time_stretch,-20.0,percent_tempo,50.439029693603516,49.335472106933594,53.85340881347656
electronic_06::time_stretch::-10pct,electronic_06,electronic,time_stretch,-10.0,percent_tempo,46.1246223449707,48.12717819213867,50.751800537109375
electronic_06::time_stretch::-5pct,electronic_06,electronic,time_stretch,-5.0,percent_tempo,52.889991760253906,50.388519287109375,55.916561126708984
electronic_06::time_stretch::+5pct,electronic_06,electronic,time_stretch,5.0,percent_tempo,53.854732513427734,54.74108123779297,59.473533630371094
electronic_06::time_stretch::+10pct,electronic_06,electronic,time_stretch,10.0,percent_tempo,37.08964920043945,37.58607482910156,43.08982849121094
electronic_06::time_stretch::+20pct,electronic_06,electronic,time_stretch,20.0,percent_tempo,53.06495666503906,54.21015930175781,58.72699737548828
electronic_06::lowpass::lp8000,electronic_06,electronic,lowpass,8000.0,hz_cutoff,68.3072509765625,70.17731475830078,73.8801040649414
electronic_06::lowpass::lp4000,electronic_06,electronic,lowpass,4000.0,hz_cutoff,68.41995239257812,70.69792175292969,74.53715515136719
electronic_06::lowpass::lp2000,electronic_06,electronic,lowpass,2000.0,hz_cutoff,67.91696166992188,70.16732025146484,74.0422592163086
electronic_06::distortion::drv4,electronic_06,electronic,distortion,4.0,tanh_drive,68.44295501708984,69.7562484741211,73.95004272460938
electronic_06::distortion::drv12,electronic_06,electronic,distortion,12.0,tanh_drive,68.0599365234375,68.40570068359375,74.18389129638672
electronic_06::distortion::drv32,electronic_06,electronic,distortion,32.0,tanh_drive,67.26390838623047,67.33261108398438,73.53323364257812
electronic_06::style_swap::swap_cross,electronic_06,electronic,style_swap,nan,cross_genre,56.85328674316406,58.1486701965332,63.687808990478516
electronic_06::style_swap::swap_same,electronic_06,electronic,style_swap,nan,same_genre,55.40899658203125,56.316829681396484,59.03037643432617
electronic_07::control::ctrl,electronic_07,electronic,control,0.0,none,62.664512634277344,57.418785095214844,63.26952362060547
electronic_07::pitch_shift::-4st,electronic_07,electronic,pitch_shift,-4.0,semitones,54.211753845214844,47.89094543457031,60.743377685546875
electronic_07::pitch_shift::-2st,electronic_07,electronic,pitch_shift,-2.0,semitones,59.44514465332031,49.736331939697266,62.25209045410156
electronic_07::pitch_shift::-1st,electronic_07,electronic,pitch_shift,-1.0,semitones,51.509796142578125,48.485206604003906,59.26077651977539
electronic_07::pitch_shift::+1st,electronic_07,electronic,pitch_shift,1.0,semitones,52.384056091308594,47.07273864746094,59.254276275634766
electronic_07::pitch_shift::+2st,electronic_07,electronic,pitch_shift,2.0,semitones,59.7548828125,52.56993103027344,64.37092590332031
electronic_07::pitch_shift::+4st,electronic_07,electronic,pitch_shift,4.0,semitones,55.284027099609375,49.34160232543945,60.81842041015625
electronic_07::time_stretch::-20pct,electronic_07,electronic,time_stretch,-20.0,percent_tempo,63.104347229003906,55.41682052612305,60.78295135498047
electronic_07::time_stretch::-10pct,electronic_07,electronic,time_stretch,-10.0,percent_tempo,62.185829162597656,56.28473663330078,60.96255874633789
electronic_07::time_stretch::-5pct,electronic_07,electronic,time_stretch,-5.0,percent_tempo,62.18886947631836,56.5511474609375,62.295379638671875
electronic_07::time_stretch::+5pct,electronic_07,electronic,time_stretch,5.0,percent_tempo,62.23998260498047,56.64708709716797,62.42551803588867
electronic_07::time_stretch::+10pct,electronic_07,electronic,time_stretch,10.0,percent_tempo,61.809085845947266,55.94892120361328,60.444580078125
electronic_07::time_stretch::+20pct,electronic_07,electronic,time_stretch,20.0,percent_tempo,62.8665771484375,55.354801177978516,63.26668930053711
electronic_07::lowpass::lp8000,electronic_07,electronic,lowpass,8000.0,hz_cutoff,62.828277587890625,57.424652099609375,63.393707275390625
electronic_07::lowpass::lp4000,electronic_07,electronic,lowpass,4000.0,hz_cutoff,63.06675720214844,56.84819030761719,66.01934051513672
electronic_07::lowpass::lp2000,electronic_07,electronic,lowpass,2000.0,hz_cutoff,63.86988067626953,56.8908576965332,64.26081085205078
electronic_07::distortion::drv4,electronic_07,electronic,distortion,4.0,tanh_drive,63.26654052734375,57.01264190673828,65.4840087890625
electronic_07::distortion::drv12,electronic_07,electronic,distortion,12.0,tanh_drive,62.04173278808594,54.937034606933594,64.16547393798828
electronic_07::distortion::drv32,electronic_07,electronic,distortion,32.0,tanh_drive,61.41358184814453,53.84638977050781,63.274715423583984
electronic_07::style_swap::swap_cross,electronic_07,electronic,style_swap,nan,cross_genre,53.1983757019043,48.26927947998047,55.32175827026367
electronic_07::style_swap::swap_same,electronic_07,electronic,style_swap,nan,same_genre,57.916500091552734,52.61643981933594,64.52593994140625
electronic_08::control::ctrl,electronic_08,electronic,control,0.0,none,68.6939468383789,70.39916229248047,68.02577209472656
electronic_08::pitch_shift::-4st,electronic_08,electronic,pitch_shift,-4.0,semitones,67.63679504394531,69.59893035888672,66.14119720458984
electronic_08::pitch_shift::-2st,electronic_08,electronic,pitch_shift,-2.0,semitones,66.9495620727539,69.22958374023438,65.738525390625
electronic_08::pitch_shift::-1st,electronic_08,electronic,pitch_shift,-1.0,semitones,67.96222686767578,68.84426879882812,66.69636535644531
electronic_08::pitch_shift::+1st,electronic_08,electronic,pitch_shift,1.0,semitones,66.96178436279297,67.90901184082031,66.83914184570312
electronic_08::pitch_shift::+2st,electronic_08,electronic,pitch_shift,2.0,semitones,67.17597961425781,69.38584899902344,65.77371215820312
electronic_08::pitch_shift::+4st,electronic_08,electronic,pitch_shift,4.0,semitones,67.03390502929688,69.3890380859375,66.243408203125
electronic_08::time_stretch::-20pct,electronic_08,electronic,time_stretch,-20.0,percent_tempo,55.70807647705078,62.38600540161133,55.43988800048828
electronic_08::time_stretch::-10pct,electronic_08,electronic,time_stretch,-10.0,percent_tempo,56.59007263183594,60.858482360839844,56.821720123291016
electronic_08::time_stretch::-5pct,electronic_08,electronic,time_stretch,-5.0,percent_tempo,60.102176666259766,64.86703491210938,60.05852127075195
electronic_08::time_stretch::+5pct,electronic_08,electronic,time_stretch,5.0,percent_tempo,61.390499114990234,66.4684066772461,60.02836608886719
electronic_08::time_stretch::+10pct,electronic_08,electronic,time_stretch,10.0,percent_tempo,52.12867736816406,59.5355224609375,52.02136993408203
electronic_08::time_stretch::+20pct,electronic_08,electronic,time_stretch,20.0,percent_tempo,48.003761291503906,56.31175994873047,48.86779022216797
electronic_08::lowpass::lp8000,electronic_08,electronic,lowpass,8000.0,hz_cutoff,68.67709350585938,70.40045928955078,68.03113555908203
electronic_08::lowpass::lp4000,electronic_08,electronic,lowpass,4000.0,hz_cutoff,68.84587860107422,69.72356414794922,68.1603775024414
electronic_08::lowpass::lp2000,electronic_08,electronic,lowpass,2000.0,hz_cutoff,64.61487579345703,66.94744110107422,64.27438354492188
electronic_08::distortion::drv4,electronic_08,electronic,distortion,4.0,tanh_drive,68.02578735351562,70.24871826171875,67.44175720214844
electronic_08::distortion::drv12,electronic_08,electronic,distortion,12.0,tanh_drive,67.85183715820312,69.7518081665039,67.0044937133789
electronic_08::distortion::drv32,electronic_08,electronic,distortion,32.0,tanh_drive,65.0118179321289,65.53126525878906,64.60240173339844
electronic_08::style_swap::swap_cross,electronic_08,electronic,style_swap,nan,cross_genre,49.601478576660156,53.891685485839844,47.73881912231445
electronic_08::style_swap::swap_same,electronic_08,electronic,style_swap,nan,same_genre,55.78450393676758,54.75981140136719,57.612640380859375
electronic_09::control::ctrl,electronic_09,electronic,control,0.0,none,68.74464416503906,67.52091217041016,69.97396850585938
electronic_09::pitch_shift::-4st,electronic_09,electronic,pitch_shift,-4.0,semitones,66.69493865966797,65.14144134521484,68.03636932373047
electronic_09::pitch_shift::-2st,electronic_09,electronic,pitch_shift,-2.0,semitones,67.37919616699219,65.22018432617188,68.49674987792969
electronic_09::pitch_shift::-1st,electronic_09,electronic,pitch_shift,-1.0,semitones,66.88666534423828,65.69905090332031,67.83267211914062
electronic_09::pitch_shift::+1st,electronic_09,electronic,pitch_shift,1.0,semitones,66.99253845214844,64.70540618896484,68.01729583740234
electronic_09::pitch_shift::+2st,electronic_09,electronic,pitch_shift,2.0,semitones,67.64518737792969,66.57015991210938,68.60625457763672
electronic_09::pitch_shift::+4st,electronic_09,electronic,pitch_shift,4.0,semitones,67.21983337402344,65.22869110107422,68.17098236083984
electronic_09::time_stretch::-20pct,electronic_09,electronic,time_stretch,-20.0,percent_tempo,62.53413009643555,63.875587463378906,64.58979797363281
electronic_09::time_stretch::-10pct,electronic_09,electronic,time_stretch,-10.0,percent_tempo,60.99192810058594,62.89176940917969,63.664363861083984
electronic_09::time_stretch::-5pct,electronic_09,electronic,time_stretch,-5.0,percent_tempo,64.49586486816406,65.43953704833984,66.79365539550781
electronic_09::time_stretch::+5pct,electronic_09,electronic,time_stretch,5.0,percent_tempo,66.0235595703125,65.75133514404297,67.79218292236328
electronic_09::time_stretch::+10pct,electronic_09,electronic,time_stretch,10.0,percent_tempo,64.87808990478516,64.51371002197266,66.90270233154297
electronic_09::time_stretch::+20pct,electronic_09,electronic,time_stretch,20.0,percent_tempo,65.4874267578125,65.51934814453125,67.10173797607422
electronic_09::lowpass::lp8000,electronic_09,electronic,lowpass,8000.0,hz_cutoff,68.76045227050781,67.55397033691406,69.96210479736328
electronic_09::lowpass::lp4000,electronic_09,electronic,lowpass,4000.0,hz_cutoff,68.04762268066406,64.2657470703125,69.22245025634766
electronic_09::lowpass::lp2000,electronic_09,electronic,lowpass,2000.0,hz_cutoff,66.59260559082031,64.66799926757812,67.90653991699219
electronic_09::distortion::drv4,electronic_09,electronic,distortion,4.0,tanh_drive,67.58832550048828,66.51959228515625,67.63951873779297
electronic_09::distortion::drv12,electronic_09,electronic,distortion,12.0,tanh_drive,66.39324188232422,65.24669647216797,67.67642974853516
electronic_09::distortion::drv32,electronic_09,electronic,distortion,32.0,tanh_drive,65.45796203613281,63.212013244628906,67.47700500488281
electronic_09::style_swap::swap_cross,electronic_09,electronic,style_swap,nan,cross_genre,55.57158660888672,56.40345764160156,54.952178955078125
electronic_09::style_swap::swap_same,electronic_09,electronic,style_swap,nan,same_genre,58.35434341430664,59.76536560058594,61.66203689575195
electronic_10::control::ctrl,electronic_10,electronic,control,0.0,none,62.71242141723633,64.35674285888672,66.78712463378906
electronic_10::pitch_shift::-4st,electronic_10,electronic,pitch_shift,-4.0,semitones,54.42402648925781,56.49567794799805,62.53529739379883
electronic_10::pitch_shift::-2st,electronic_10,electronic,pitch_shift,-2.0,semitones,57.266082763671875,58.4786491394043,63.76836395263672
electronic_10::pitch_shift::-1st,electronic_10,electronic,pitch_shift,-1.0,semitones,58.357269287109375,60.00992965698242,62.75275802612305
electronic_10::pitch_shift::+1st,electronic_10,electronic,pitch_shift,1.0,semitones,54.57530975341797,54.66876983642578,59.81916809082031
electronic_10::pitch_shift::+2st,electronic_10,electronic,pitch_shift,2.0,semitones,61.44248962402344,61.90414047241211,64.03631591796875
electronic_10::pitch_shift::+4st,electronic_10,electronic,pitch_shift,4.0,semitones,57.501956939697266,59.02382278442383,61.73795700073242
electronic_10::time_stretch::-20pct,electronic_10,electronic,time_stretch,-20.0,percent_tempo,59.0539436340332,61.687286376953125,60.103424072265625
electronic_10::time_stretch::-10pct,electronic_10,electronic,time_stretch,-10.0,percent_tempo,60.717796325683594,62.481380462646484,62.986846923828125
electronic_10::time_stretch::-5pct,electronic_10,electronic,time_stretch,-5.0,percent_tempo,61.72000503540039,63.226505279541016,62.684852600097656
electronic_10::time_stretch::+5pct,electronic_10,electronic,time_stretch,5.0,percent_tempo,59.21359634399414,61.18865966796875,61.889617919921875
electronic_10::time_stretch::+10pct,electronic_10,electronic,time_stretch,10.0,percent_tempo,55.99162292480469,61.49274444580078,55.644248962402344
electronic_10::time_stretch::+20pct,electronic_10,electronic,time_stretch,20.0,percent_tempo,60.513702392578125,61.571510314941406,60.804569244384766
electronic_10::lowpass::lp8000,electronic_10,electronic,lowpass,8000.0,hz_cutoff,62.68130874633789,64.36251068115234,66.74378204345703
electronic_10::lowpass::lp4000,electronic_10,electronic,lowpass,4000.0,hz_cutoff,61.05039978027344,62.327144622802734,65.31188201904297
electronic_10::lowpass::lp2000,electronic_10,electronic,lowpass,2000.0,hz_cutoff,61.13653564453125,61.96378707885742,64.8315200805664
electronic_10::distortion::drv4,electronic_10,electronic,distortion,4.0,tanh_drive,59.906089782714844,62.326026916503906,64.34950256347656
electronic_10::distortion::drv12,electronic_10,electronic,distortion,12.0,tanh_drive,59.16272735595703,60.95532989501953,60.31100082397461
electronic_10::distortion::drv32,electronic_10,electronic,distortion,32.0,tanh_drive,58.988616943359375,59.566993713378906,60.39694595336914
electronic_10::style_swap::swap_cross,electronic_10,electronic,style_swap,nan,cross_genre,60.02765655517578,60.71665954589844,63.32189178466797
electronic_10::style_swap::swap_same,electronic_10,electronic,style_swap,nan,same_genre,52.5839958190918,50.451026916503906,50.67528533935547
electronic_11::control::ctrl,electronic_11,electronic,control,0.0,none,74.0368881225586,73.05108642578125,76.41619873046875
electronic_11::pitch_shift::-4st,electronic_11,electronic,pitch_shift,-4.0,semitones,68.81517028808594,67.54852294921875,69.13980865478516
electronic_11::pitch_shift::-2st,electronic_11,electronic,pitch_shift,-2.0,semitones,69.12772369384766,65.19886779785156,72.20742797851562
electronic_11::pitch_shift::-1st,electronic_11,electronic,pitch_shift,-1.0,semitones,67.0356674194336,64.12147521972656,68.6618423461914
electronic_11::pitch_shift::+1st,electronic_11,electronic,pitch_shift,1.0,semitones,66.3263168334961,63.2944450378418,68.1469955444336
electronic_11::pitch_shift::+2st,electronic_11,electronic,pitch_shift,2.0,semitones,67.75131225585938,65.70643615722656,71.40923309326172
electronic_11::pitch_shift::+4st,electronic_11,electronic,pitch_shift,4.0,semitones,68.20674896240234,65.72473907470703,71.57211303710938
electronic_11::time_stretch::-20pct,electronic_11,electronic,time_stretch,-20.0,percent_tempo,58.705196380615234,67.34268188476562,57.005760192871094
electronic_11::time_stretch::-10pct,electronic_11,electronic,time_stretch,-10.0,percent_tempo,49.828399658203125,56.65489959716797,51.23292922973633
electronic_11::time_stretch::-5pct,electronic_11,electronic,time_stretch,-5.0,percent_tempo,53.30767059326172,60.679283142089844,57.1605224609375
electronic_11::time_stretch::+5pct,electronic_11,electronic,time_stretch,5.0,percent_tempo,63.716007232666016,65.64149475097656,64.6427001953125
electronic_11::time_stretch::+10pct,electronic_11,electronic,time_stretch,10.0,percent_tempo,55.10636901855469,58.649383544921875,56.993125915527344
electronic_11::time_stretch::+20pct,electronic_11,electronic,time_stretch,20.0,percent_tempo,57.05149459838867,58.97023391723633,59.60960388183594
electronic_11::lowpass::lp8000,electronic_11,electronic,lowpass,8000.0,hz_cutoff,74.03984832763672,73.11119079589844,76.40966796875
electronic_11::lowpass::lp4000,electronic_11,electronic,lowpass,4000.0,hz_cutoff,73.99787902832031,68.34984588623047,76.2859115600586
electronic_11::lowpass::lp2000,electronic_11,electronic,lowpass,2000.0,hz_cutoff,70.197998046875,68.55224609375,71.0752182006836
electronic_11::distortion::drv4,electronic_11,electronic,distortion,4.0,tanh_drive,73.68034362792969,72.03623962402344,75.87389373779297
electronic_11::distortion::drv12,electronic_11,electronic,distortion,12.0,tanh_drive,71.01116943359375,65.17057800292969,68.08445739746094
electronic_11::distortion::drv32,electronic_11,electronic,distortion,32.0,tanh_drive,63.57699966430664,64.24262237548828,64.41485595703125
electronic_11::style_swap::swap_cross,electronic_11,electronic,style_swap,nan,cross_genre,57.10038757324219,59.304420471191406,60.47804641723633
electronic_11::style_swap::swap_same,electronic_11,electronic,style_swap,nan,same_genre,51.820289611816406,53.33292770385742,52.235679626464844
electronic_12::control::ctrl,electronic_12,electronic,control,0.0,none,73.8775863647461,67.26178741455078,71.08573913574219
electronic_12::pitch_shift::-4st,electronic_12,electronic,pitch_shift,-4.0,semitones,73.68619537353516,66.81664276123047,72.75702667236328
electronic_12::pitch_shift::-2st,electronic_12,electronic,pitch_shift,-2.0,semitones,74.14725494384766,68.83756256103516,71.60273742675781
electronic_12::pitch_shift::-1st,electronic_12,electronic,pitch_shift,-1.0,semitones,71.99971008300781,66.7843017578125,72.81617736816406
electronic_12::pitch_shift::+1st,electronic_12,electronic,pitch_shift,1.0,semitones,67.66029357910156,63.67328643798828,67.93183898925781
electronic_12::pitch_shift::+2st,electronic_12,electronic,pitch_shift,2.0,semitones,72.7481689453125,66.91409301757812,70.99011993408203
electronic_12::pitch_shift::+4st,electronic_12,electronic,pitch_shift,4.0,semitones,68.76990509033203,63.286529541015625,70.21632385253906
electronic_12::time_stretch::-20pct,electronic_12,electronic,time_stretch,-20.0,percent_tempo,49.16865539550781,46.3759880065918,53.1007080078125
electronic_12::time_stretch::-10pct,electronic_12,electronic,time_stretch,-10.0,percent_tempo,51.19053649902344,42.640228271484375,51.241119384765625
electronic_12::time_stretch::-5pct,electronic_12,electronic,time_stretch,-5.0,percent_tempo,43.059959411621094,38.17980194091797,41.86105728149414
electronic_12::time_stretch::+5pct,electronic_12,electronic,time_stretch,5.0,percent_tempo,44.58749771118164,41.305728912353516,47.02471923828125
electronic_12::time_stretch::+10pct,electronic_12,electronic,time_stretch,10.0,percent_tempo,51.89292907714844,46.396995544433594,51.13031005859375
electronic_12::time_stretch::+20pct,electronic_12,electronic,time_stretch,20.0,percent_tempo,57.81501770019531,54.78934097290039,60.73579406738281
electronic_12::lowpass::lp8000,electronic_12,electronic,lowpass,8000.0,hz_cutoff,74.02336120605469,67.44123077392578,71.09851837158203
electronic_12::lowpass::lp4000,electronic_12,electronic,lowpass,4000.0,hz_cutoff,72.08312225341797,70.24290466308594,77.65446472167969
electronic_12::lowpass::lp2000,electronic_12,electronic,lowpass,2000.0,hz_cutoff,75.49870300292969,69.89965057373047,76.78636932373047
electronic_12::distortion::drv4,electronic_12,electronic,distortion,4.0,tanh_drive,72.50982666015625,66.26181030273438,69.91035461425781
electronic_12::distortion::drv12,electronic_12,electronic,distortion,12.0,tanh_drive,72.72264862060547,64.5753173828125,71.1781997680664
electronic_12::distortion::drv32,electronic_12,electronic,distortion,32.0,tanh_drive,74.47083282470703,65.84089660644531,76.38349914550781
electronic_12::style_swap::swap_cross,electronic_12,electronic,style_swap,nan,cross_genre,67.5077133178711,64.44218444824219,68.92896270751953
electronic_12::style_swap::swap_same,electronic_12,electronic,style_swap,nan,same_genre,65.30111694335938,58.49455261230469,62.50849914550781
electronic_13::control::ctrl,electronic_13,electronic,control,0.0,none,69.48332214355469,57.53122329711914,74.52056121826172
electronic_13::pitch_shift::-4st,electronic_13,electronic,pitch_shift,-4.0,semitones,66.50526428222656,56.19066619873047,69.9122314453125
electronic_13::pitch_shift::-2st,electronic_13,electronic,pitch_shift,-2.0,semitones,67.52169799804688,56.88334274291992,72.72956848144531
electronic_13::pitch_shift::-1st,electronic_13,electronic,pitch_shift,-1.0,semitones,65.22522735595703,55.14500427246094,66.1031494140625
electronic_13::pitch_shift::+1st,electronic_13,electronic,pitch_shift,1.0,semitones,60.63767623901367,50.296417236328125,68.34923553466797
electronic_13::pitch_shift::+2st,electronic_13,electronic,pitch_shift,2.0,semitones,67.2134017944336,55.79277420043945,71.25436401367188
electronic_13::pitch_shift::+4st,electronic_13,electronic,pitch_shift,4.0,semitones,64.9706802368164,53.0704345703125,68.24822998046875
electronic_13::time_stretch::-20pct,electronic_13,electronic,time_stretch,-20.0,percent_tempo,50.867366790771484,44.13555145263672,53.33317565917969
electronic_13::time_stretch::-10pct,electronic_13,electronic,time_stretch,-10.0,percent_tempo,52.62178039550781,47.563987731933594,56.73894500732422
electronic_13::time_stretch::-5pct,electronic_13,electronic,time_stretch,-5.0,percent_tempo,65.30671691894531,54.759254455566406,70.21876525878906
electronic_13::time_stretch::+5pct,electronic_13,electronic,time_stretch,5.0,percent_tempo,65.22727966308594,57.089576721191406,66.94149780273438
electronic_13::time_stretch::+10pct,electronic_13,electronic,time_stretch,10.0,percent_tempo,56.693077087402344,50.710594177246094,57.57526779174805
electronic_13::time_stretch::+20pct,electronic_13,electronic,time_stretch,20.0,percent_tempo,56.285526275634766,50.592647552490234,60.5194206237793
electronic_13::lowpass::lp8000,electronic_13,electronic,lowpass,8000.0,hz_cutoff,69.69931030273438,57.75364685058594,74.63373565673828
electronic_13::lowpass::lp4000,electronic_13,electronic,lowpass,4000.0,hz_cutoff,69.19813537597656,61.852088928222656,75.49497985839844
electronic_13::lowpass::lp2000,electronic_13,electronic,lowpass,2000.0,hz_cutoff,69.60345458984375,62.9610710144043,75.3798828125
electronic_13::distortion::drv4,electronic_13,electronic,distortion,4.0,tanh_drive,69.86807250976562,58.66767120361328,74.93013000488281
electronic_13::distortion::drv12,electronic_13,electronic,distortion,12.0,tanh_drive,70.17062377929688,57.558719635009766,75.68866729736328
electronic_13::distortion::drv32,electronic_13,electronic,distortion,32.0,tanh_drive,70.08682250976562,57.49579620361328,76.28431701660156
electronic_13::style_swap::swap_cross,electronic_13,electronic,style_swap,nan,cross_genre,61.79875564575195,58.10480499267578,64.60112762451172
electronic_13::style_swap::swap_same,electronic_13,electronic,style_swap,nan,same_genre,59.1883544921875,53.67191696166992,65.41361236572266
electronic_14::control::ctrl,electronic_14,electronic,control,0.0,none,65.86003112792969,67.28694915771484,69.81586456298828
electronic_14::pitch_shift::-4st,electronic_14,electronic,pitch_shift,-4.0,semitones,64.68385314941406,66.2795639038086,64.60009765625
electronic_14::pitch_shift::-2st,electronic_14,electronic,pitch_shift,-2.0,semitones,65.7222900390625,67.68058776855469,68.92694091796875
electronic_14::pitch_shift::-1st,electronic_14,electronic,pitch_shift,-1.0,semitones,65.22396850585938,66.69229888916016,67.64610290527344
electronic_14::pitch_shift::+1st,electronic_14,electronic,pitch_shift,1.0,semitones,63.47551345825195,65.56779479980469,66.9991455078125
electronic_14::pitch_shift::+2st,electronic_14,electronic,pitch_shift,2.0,semitones,65.4891357421875,67.3459701538086,68.37175750732422
electronic_14::pitch_shift::+4st,electronic_14,electronic,pitch_shift,4.0,semitones,66.08710479736328,67.2670669555664,67.85404968261719
electronic_14::time_stretch::-20pct,electronic_14,electronic,time_stretch,-20.0,percent_tempo,47.68826675415039,51.80475616455078,53.67551040649414
electronic_14::time_stretch::-10pct,electronic_14,electronic,time_stretch,-10.0,percent_tempo,46.72957229614258,47.351226806640625,48.7551155090332
electronic_14::time_stretch::-5pct,electronic_14,electronic,time_stretch,-5.0,percent_tempo,52.91682434082031,54.268951416015625,55.0964241027832
electronic_14::time_stretch::+5pct,electronic_14,electronic,time_stretch,5.0,percent_tempo,55.62126922607422,57.76400375366211,57.898258209228516
electronic_14::time_stretch::+10pct,electronic_14,electronic,time_stretch,10.0,percent_tempo,49.24638748168945,51.0766487121582,49.992584228515625
electronic_14::time_stretch::+20pct,electronic_14,electronic,time_stretch,20.0,percent_tempo,38.569889068603516,39.048404693603516,41.89936065673828
electronic_14::lowpass::lp8000,electronic_14,electronic,lowpass,8000.0,hz_cutoff,65.902099609375,67.40780639648438,69.82997131347656
electronic_14::lowpass::lp4000,electronic_14,electronic,lowpass,4000.0,hz_cutoff,67.71993255615234,68.27967834472656,72.1025390625
electronic_14::lowpass::lp2000,electronic_14,electronic,lowpass,2000.0,hz_cutoff,66.7342300415039,66.72998809814453,71.35943603515625
electronic_14::distortion::drv4,electronic_14,electronic,distortion,4.0,tanh_drive,65.99384307861328,66.95620727539062,70.37911224365234
electronic_14::distortion::drv12,electronic_14,electronic,distortion,12.0,tanh_drive,66.3523941040039,67.10301971435547,70.49921417236328
electronic_14::distortion::drv32,electronic_14,electronic,distortion,32.0,tanh_drive,66.26072692871094,67.01914978027344,69.88189697265625
electronic_14::style_swap::swap_cross,electronic_14,electronic,style_swap,nan,cross_genre,55.479000091552734,59.8009147644043,56.48976135253906
electronic_14::style_swap::swap_same,electronic_14,electronic,style_swap,nan,same_genre,54.87438201904297,54.607181549072266,58.1400032043457
electronic_15::control::ctrl,electronic_15,electronic,control,0.0,none,52.7612419128418,50.80275344848633,57.02382278442383
electronic_15::pitch_shift::-4st,electronic_15,electronic,pitch_shift,-4.0,semitones,41.98743438720703,44.06129455566406,47.672447204589844
electronic_15::pitch_shift::-2st,electronic_15,electronic,pitch_shift,-2.0,semitones,42.41057586669922,43.973060607910156,48.27070236206055
electronic_15::pitch_shift::-1st,electronic_15,electronic,pitch_shift,-1.0,semitones,39.32173156738281,38.63438415527344,42.993797302246094
electronic_15::pitch_shift::+1st,electronic_15,electronic,pitch_shift,1.0,semitones,36.17509841918945,36.95615005493164,41.75440216064453
electronic_15::pitch_shift::+2st,electronic_15,electronic,pitch_shift,2.0,semitones,37.686668395996094,40.757469177246094,42.44272232055664
electronic_15::pitch_shift::+4st,electronic_15,electronic,pitch_shift,4.0,semitones,39.606163024902344,39.01468276977539,40.132877349853516
electronic_15::time_stretch::-20pct,electronic_15,electronic,time_stretch,-20.0,percent_tempo,45.323299407958984,49.797752380371094,49.388587951660156
electronic_15::time_stretch::-10pct,electronic_15,electronic,time_stretch,-10.0,percent_tempo,46.075965881347656,49.06177520751953,52.00700378417969
electronic_15::time_stretch::-5pct,electronic_15,electronic,time_stretch,-5.0,percent_tempo,49.667266845703125,50.325347900390625,53.93973159790039
electronic_15::time_stretch::+5pct,electronic_15,electronic,time_stretch,5.0,percent_tempo,49.665733337402344,50.50840759277344,54.203311920166016
electronic_15::time_stretch::+10pct,electronic_15,electronic,time_stretch,10.0,percent_tempo,45.063114166259766,49.959327697753906,52.89435958862305
electronic_15::time_stretch::+20pct,electronic_15,electronic,time_stretch,20.0,percent_tempo,48.27495574951172,49.88612747192383,54.29307174682617
electronic_15::lowpass::lp8000,electronic_15,electronic,lowpass,8000.0,hz_cutoff,52.767417907714844,50.847660064697266,57.01781463623047
electronic_15::lowpass::lp4000,electronic_15,electronic,lowpass,4000.0,hz_cutoff,50.782066345214844,48.2375373840332,55.018653869628906
electronic_15::lowpass::lp2000,electronic_15,electronic,lowpass,2000.0,hz_cutoff,46.926185607910156,49.843414306640625,53.9139404296875
electronic_15::distortion::drv4,electronic_15,electronic,distortion,4.0,tanh_drive,52.799781799316406,50.84621047973633,56.814056396484375
electronic_15::distortion::drv12,electronic_15,electronic,distortion,12.0,tanh_drive,51.88813018798828,49.83248519897461,55.667659759521484
electronic_15::distortion::drv32,electronic_15,electronic,distortion,32.0,tanh_drive,49.55487060546875,50.33908462524414,54.784786224365234
electronic_15::style_swap::swap_cross,electronic_15,electronic,style_swap,nan,cross_genre,44.57975769042969,48.32126235961914,48.04924011230469
electronic_15::style_swap::swap_same,electronic_15,electronic,style_swap,nan,same_genre,45.71009063720703,49.989078521728516,50.11580276489258
folk_01::control::ctrl,folk_01,folk,control,0.0,none,64.92052459716797,67.09161376953125,70.19139099121094
folk_01::pitch_shift::-4st,folk_01,folk,pitch_shift,-4.0,semitones,58.147132873535156,59.70734405517578,62.650238037109375
folk_01::pitch_shift::-2st,folk_01,folk,pitch_shift,-2.0,semitones,61.464195251464844,64.0096664428711,66.5986328125
folk_01::pitch_shift::-1st,folk_01,folk,pitch_shift,-1.0,semitones,55.85768508911133,57.750732421875,64.00064086914062
folk_01::pitch_shift::+1st,folk_01,folk,pitch_shift,1.0,semitones,56.71315383911133,58.41809844970703,62.46852493286133
folk_01::pitch_shift::+2st,folk_01,folk,pitch_shift,2.0,semitones,63.192405700683594,64.25235748291016,68.98585510253906
folk_01::pitch_shift::+4st,folk_01,folk,pitch_shift,4.0,semitones,56.346160888671875,59.094661712646484,64.09564208984375
folk_01::time_stretch::-20pct,folk_01,folk,time_stretch,-20.0,percent_tempo,41.754154205322266,39.42102813720703,44.100486755371094
folk_01::time_stretch::-10pct,folk_01,folk,time_stretch,-10.0,percent_tempo,40.5902099609375,40.32915115356445,43.013614654541016
folk_01::time_stretch::-5pct,folk_01,folk,time_stretch,-5.0,percent_tempo,56.41488265991211,54.40349197387695,59.00172424316406
folk_01::time_stretch::+5pct,folk_01,folk,time_stretch,5.0,percent_tempo,55.677284240722656,56.31007385253906,59.23340606689453
folk_01::time_stretch::+10pct,folk_01,folk,time_stretch,10.0,percent_tempo,53.64596939086914,54.64188003540039,57.68630599975586
folk_01::time_stretch::+20pct,folk_01,folk,time_stretch,20.0,percent_tempo,42.82821273803711,41.86469268798828,44.458885192871094
folk_01::lowpass::lp8000,folk_01,folk,lowpass,8000.0,hz_cutoff,64.9090805053711,67.09420776367188,70.18875122070312
folk_01::lowpass::lp4000,folk_01,folk,lowpass,4000.0,hz_cutoff,65.09571838378906,66.90837860107422,70.09185791015625
folk_01::lowpass::lp2000,folk_01,folk,lowpass,2000.0,hz_cutoff,62.58209228515625,64.11817169189453,69.11502075195312
folk_01::distortion::drv4,folk_01,folk,distortion,4.0,tanh_drive,65.02558135986328,67.18379211425781,69.62189483642578
folk_01::distortion::drv12,folk_01,folk,distortion,12.0,tanh_drive,64.91468048095703,67.0778579711914,68.52045440673828
folk_01::distortion::drv32,folk_01,folk,distortion,32.0,tanh_drive,64.1976089477539,66.54615783691406,67.46416473388672
folk_01::style_swap::swap_cross,folk_01,folk,style_swap,nan,cross_genre,46.487205505371094,45.36536407470703,50.05223083496094
folk_01::style_swap::swap_same,folk_01,folk,style_swap,nan,same_genre,56.707733154296875,56.257938385009766,63.08619689941406
folk_02::control::ctrl,folk_02,folk,control,0.0,none,70.05073547363281,71.21339416503906,75.64511108398438
folk_02::pitch_shift::-4st,folk_02,folk,pitch_shift,-4.0,semitones,68.58390808105469,68.95034790039062,73.66009521484375
folk_02::pitch_shift::-2st,folk_02,folk,pitch_shift,-2.0,semitones,68.3750991821289,70.26578521728516,73.12937927246094
folk_02::pitch_shift::-1st,folk_02,folk,pitch_shift,-1.0,semitones,65.75151062011719,67.51748657226562,69.986328125
folk_02::pitch_shift::+1st,folk_02,folk,pitch_shift,1.0,semitones,65.30641174316406,65.96842956542969,71.49747467041016
folk_02::pitch_shift::+2st,folk_02,folk,pitch_shift,2.0,semitones,68.89694213867188,68.94910430908203,73.89349365234375
folk_02::pitch_shift::+4st,folk_02,folk,pitch_shift,4.0,semitones,66.5089340209961,68.52161407470703,71.00121307373047
folk_02::time_stretch::-20pct,folk_02,folk,time_stretch,-20.0,percent_tempo,61.182342529296875,64.822998046875,67.7834243774414
folk_02::time_stretch::-10pct,folk_02,folk,time_stretch,-10.0,percent_tempo,56.73569869995117,59.769737243652344,60.709747314453125
folk_02::time_stretch::-5pct,folk_02,folk,time_stretch,-5.0,percent_tempo,61.960205078125,65.9311752319336,66.75639343261719
folk_02::time_stretch::+5pct,folk_02,folk,time_stretch,5.0,percent_tempo,59.88556671142578,63.68889236450195,65.01887512207031
folk_02::time_stretch::+10pct,folk_02,folk,time_stretch,10.0,percent_tempo,51.45915985107422,54.971885681152344,55.43189239501953
folk_02::time_stretch::+20pct,folk_02,folk,time_stretch,20.0,percent_tempo,56.54833984375,59.14891815185547,61.37033462524414
folk_02::lowpass::lp8000,folk_02,folk,lowpass,8000.0,hz_cutoff,70.054443359375,71.2586441040039,75.62948608398438
folk_02::lowpass::lp4000,folk_02,folk,lowpass,4000.0,hz_cutoff,67.27894592285156,69.498291015625,73.8657455444336
folk_02::lowpass::lp2000,folk_02,folk,lowpass,2000.0,hz_cutoff,68.6080551147461,67.54307556152344,75.28459930419922
folk_02::distortion::drv4,folk_02,folk,distortion,4.0,tanh_drive,70.0679931640625,71.00643920898438,74.7948226928711
folk_02::distortion::drv12,folk_02,folk,distortion,12.0,tanh_drive,68.26033020019531,65.74581909179688,69.93557739257812
folk_02::distortion::drv32,folk_02,folk,distortion,32.0,tanh_drive,60.56974411010742,59.76898193359375,65.9489974975586
folk_02::style_swap::swap_cross,folk_02,folk,style_swap,nan,cross_genre,54.987098693847656,57.48320007324219,58.231231689453125
folk_02::style_swap::swap_same,folk_02,folk,style_swap,nan,same_genre,48.54949188232422,53.051265716552734,56.06633377075195
folk_03::control::ctrl,folk_03,folk,control,0.0,none,70.17420196533203,70.31614685058594,71.77569580078125
folk_03::pitch_shift::-4st,folk_03,folk,pitch_shift,-4.0,semitones,63.280426025390625,60.91408920288086,63.0218620300293
folk_03::pitch_shift::-2st,folk_03,folk,pitch_shift,-2.0,semitones,64.12722778320312,59.873748779296875,59.020172119140625
folk_03::pitch_shift::-1st,folk_03,folk,pitch_shift,-1.0,semitones,59.400390625,56.46752166748047,59.50777816772461
folk_03::pitch_shift::+1st,folk_03,folk,pitch_shift,1.0,semitones,61.12541961669922,58.79078674316406,63.149009704589844
folk_03::pitch_shift::+2st,folk_03,folk,pitch_shift,2.0,semitones,62.02754211425781,60.874454498291016,59.43510818481445
folk_03::pitch_shift::+4st,folk_03,folk,pitch_shift,4.0,semitones,62.39710998535156,59.78416061401367,67.59627532958984
folk_03::time_stretch::-20pct,folk_03,folk,time_stretch,-20.0,percent_tempo,60.80890655517578,64.68516540527344,62.405094146728516
folk_03::time_stretch::-10pct,folk_03,folk,time_stretch,-10.0,percent_tempo,59.76625061035156,62.00505828857422,60.8941650390625
folk_03::time_stretch::-5pct,folk_03,folk,time_stretch,-5.0,percent_tempo,62.05567932128906,64.79759216308594,64.28025817871094
folk_03::time_stretch::+5pct,folk_03,folk,time_stretch,5.0,percent_tempo,62.67527770996094,63.681941986083984,63.4583740234375
folk_03::time_stretch::+10pct,folk_03,folk,time_stretch,10.0,percent_tempo,56.115074157714844,61.50422668457031,52.581722259521484
folk_03::time_stretch::+20pct,folk_03,folk,time_stretch,20.0,percent_tempo,60.020606994628906,63.97038269042969,58.067100524902344
folk_03::lowpass::lp8000,folk_03,folk,lowpass,8000.0,hz_cutoff,70.17526245117188,70.32791137695312,71.8548583984375
folk_03::lowpass::lp4000,folk_03,folk,lowpass,4000.0,hz_cutoff,69.27759552001953,69.84564971923828,71.4176025390625
folk_03::lowpass::lp2000,folk_03,folk,lowpass,2000.0,hz_cutoff,69.53952026367188,69.41496276855469,72.17948913574219
folk_03::distortion::drv4,folk_03,folk,distortion,4.0,tanh_drive,70.10479736328125,69.89969635009766,71.94438934326172
folk_03::distortion::drv12,folk_03,folk,distortion,12.0,tanh_drive,69.32301330566406,68.09140014648438,71.55061340332031
folk_03::distortion::drv32,folk_03,folk,distortion,32.0,tanh_drive,68.97173309326172,68.4306640625,70.28851318359375
folk_03::style_swap::swap_cross,folk_03,folk,style_swap,nan,cross_genre,39.991127014160156,43.3859977722168,38.734779357910156
folk_03::style_swap::swap_same,folk_03,folk,style_swap,nan,same_genre,63.593963623046875,63.42565155029297,62.91071319580078
folk_04::control::ctrl,folk_04,folk,control,0.0,none,73.13941955566406,73.681884765625,72.56271362304688
folk_04::pitch_shift::-4st,folk_04,folk,pitch_shift,-4.0,semitones,57.75049591064453,62.34381866455078,62.50463104248047
folk_04::pitch_shift::-2st,folk_04,folk,pitch_shift,-2.0,semitones,68.9721908569336,69.34783172607422,69.22139739990234
folk_04::pitch_shift::-1st,folk_04,folk,pitch_shift,-1.0,semitones,62.939414978027344,63.029266357421875,62.90547180175781
folk_04::pitch_shift::+1st,folk_04,folk,pitch_shift,1.0,semitones,62.50392150878906,61.36918640136719,61.736427307128906
folk_04::pitch_shift::+2st,folk_04,folk,pitch_shift,2.0,semitones,69.7166976928711,68.82322692871094,66.01271057128906
folk_04::pitch_shift::+4st,folk_04,folk,pitch_shift,4.0,semitones,61.5648193359375,61.783485412597656,58.97486114501953
folk_04::time_stretch::-20pct,folk_04,folk,time_stretch,-20.0,percent_tempo,59.777687072753906,61.86796951293945,61.496185302734375
folk_04::time_stretch::-10pct,folk_04,folk,time_stretch,-10.0,percent_tempo,59.175743103027344,59.27471160888672,58.8242073059082
folk_04::time_stretch::-5pct,folk_04,folk,time_stretch,-5.0,percent_tempo,55.2965202331543,58.59824752807617,59.330963134765625
folk_04::time_stretch::+5pct,folk_04,folk,time_stretch,5.0,percent_tempo,58.719947814941406,57.35587692260742,59.824119567871094
folk_04::time_stretch::+10pct,folk_04,folk,time_stretch,10.0,percent_tempo,50.56377410888672,52.94562530517578,54.68798828125
folk_04::time_stretch::+20pct,folk_04,folk,time_stretch,20.0,percent_tempo,45.872615814208984,48.10054397583008,50.696022033691406
folk_04::lowpass::lp8000,folk_04,folk,lowpass,8000.0,hz_cutoff,73.11871337890625,73.67108154296875,72.5433578491211
folk_04::lowpass::lp4000,folk_04,folk,lowpass,4000.0,hz_cutoff,73.24472045898438,73.0384292602539,71.71807861328125
folk_04::lowpass::lp2000,folk_04,folk,lowpass,2000.0,hz_cutoff,72.5470962524414,73.7337646484375,71.70948791503906
folk_04::distortion::drv4,folk_04,folk,distortion,4.0,tanh_drive,72.76077270507812,73.54093170166016,71.9533920288086
folk_04::distortion::drv12,folk_04,folk,distortion,12.0,tanh_drive,71.88249206542969,73.13788604736328,70.55276489257812
folk_04::distortion::drv32,folk_04,folk,distortion,32.0,tanh_drive,71.46002197265625,72.84990692138672,68.0908432006836
folk_04::style_swap::swap_cross,folk_04,folk,style_swap,nan,cross_genre,53.266510009765625,53.99375534057617,54.46695327758789
folk_04::style_swap::swap_same,folk_04,folk,style_swap,nan,same_genre,46.646114349365234,45.90773010253906,51.75156021118164
folk_05::control::ctrl,folk_05,folk,control,0.0,none,55.52256393432617,58.263458251953125,60.90076446533203
folk_05::pitch_shift::-4st,folk_05,folk,pitch_shift,-4.0,semitones,45.95461654663086,47.188663482666016,52.80183792114258
folk_05::pitch_shift::-2st,folk_05,folk,pitch_shift,-2.0,semitones,48.40498733520508,52.59201431274414,54.930389404296875
folk_05::pitch_shift::-1st,folk_05,folk,pitch_shift,-1.0,semitones,37.3275146484375,43.60178756713867,45.99943923950195
folk_05::pitch_shift::+1st,folk_05,folk,pitch_shift,1.0,semitones,38.58416748046875,42.0931510925293,50.549842834472656
folk_05::pitch_shift::+2st,folk_05,folk,pitch_shift,2.0,semitones,46.5562744140625,50.53097915649414,52.89618682861328
folk_05::pitch_shift::+4st,folk_05,folk,pitch_shift,4.0,semitones,43.49481964111328,46.59741973876953,51.16279983520508
folk_05::time_stretch::-20pct,folk_05,folk,time_stretch,-20.0,percent_tempo,45.86668395996094,47.11891174316406,56.598289489746094
folk_05::time_stretch::-10pct,folk_05,folk,time_stretch,-10.0,percent_tempo,50.21343231201172,47.800575256347656,55.29576873779297
folk_05::time_stretch::-5pct,folk_05,folk,time_stretch,-5.0,percent_tempo,47.91450119018555,54.37049102783203,58.08443069458008
folk_05::time_stretch::+5pct,folk_05,folk,time_stretch,5.0,percent_tempo,50.96759033203125,55.66857147216797,56.553466796875
folk_05::time_stretch::+10pct,folk_05,folk,time_stretch,10.0,percent_tempo,46.64298629760742,49.377933502197266,53.34355163574219
folk_05::time_stretch::+20pct,folk_05,folk,time_stretch,20.0,percent_tempo,48.83754348754883,47.95083999633789,54.68602752685547
folk_05::lowpass::lp8000,folk_05,folk,lowpass,8000.0,hz_cutoff,55.498504638671875,58.2834587097168,60.90278625488281
folk_05::lowpass::lp4000,folk_05,folk,lowpass,4000.0,hz_cutoff,55.35737228393555,58.16989517211914,59.64555358886719
folk_05::lowpass::lp2000,folk_05,folk,lowpass,2000.0,hz_cutoff,53.56534194946289,57.18601989746094,58.63109588623047
folk_05::distortion::drv4,folk_05,folk,distortion,4.0,tanh_drive,55.65311050415039,58.176387786865234,60.36449432373047
folk_05::distortion::drv12,folk_05,folk,distortion,12.0,tanh_drive,54.49179458618164,57.029449462890625,59.473228454589844
folk_05::distortion::drv32,folk_05,folk,distortion,32.0,tanh_drive,51.92361068725586,54.165225982666016,58.21508026123047
folk_05::style_swap::swap_cross,folk_05,folk,style_swap,nan,cross_genre,45.17620086669922,43.66746520996094,51.616085052490234
folk_05::style_swap::swap_same,folk_05,folk,style_swap,nan,same_genre,43.80216979980469,43.42120361328125,52.00703811645508
folk_06::control::ctrl,folk_06,folk,control,0.0,none,62.956092834472656,62.44026184082031,68.80118560791016
folk_06::pitch_shift::-4st,folk_06,folk,pitch_shift,-4.0,semitones,55.306373596191406,54.20832824707031,60.579864501953125
folk_06::pitch_shift::-2st,folk_06,folk,pitch_shift,-2.0,semitones,55.90621566772461,55.8541259765625,63.04595184326172
folk_06::pitch_shift::-1st,folk_06,folk,pitch_shift,-1.0,semitones,50.759422302246094,48.3838005065918,58.11219024658203
folk_06::pitch_shift::+1st,folk_06,folk,pitch_shift,1.0,semitones,52.27400588989258,52.32318878173828,59.989044189453125
folk_06::pitch_shift::+2st,folk_06,folk,pitch_shift,2.0,semitones,56.97010040283203,55.26825714111328,64.26835632324219
folk_06::pitch_shift::+4st,folk_06,folk,pitch_shift,4.0,semitones,54.76420211791992,52.0605354309082,60.42278289794922
folk_06::time_stretch::-20pct,folk_06,folk,time_stretch,-20.0,percent_tempo,52.329734802246094,53.8812141418457,59.70235061645508
folk_06::time_stretch::-10pct,folk_06,folk,time_stretch,-10.0,percent_tempo,54.2926139831543,52.408817291259766,59.76142120361328
folk_06::time_stretch::-5pct,folk_06,folk,time_stretch,-5.0,percent_tempo,51.314353942871094,49.573787689208984,57.23029708862305
folk_06::time_stretch::+5pct,folk_06,folk,time_stretch,5.0,percent_tempo,47.990352630615234,45.808746337890625,51.74011993408203
folk_06::time_stretch::+10pct,folk_06,folk,time_stretch,10.0,percent_tempo,44.289005279541016,42.96174621582031,46.83667755126953
folk_06::time_stretch::+20pct,folk_06,folk,time_stretch,20.0,percent_tempo,44.070953369140625,38.964508056640625,46.2399787902832
folk_06::lowpass::lp8000,folk_06,folk,lowpass,8000.0,hz_cutoff,62.95341873168945,62.435638427734375,68.82337951660156
folk_06::lowpass::lp4000,folk_06,folk,lowpass,4000.0,hz_cutoff,62.62596893310547,62.23993682861328,69.539794921875
folk_06::lowpass::lp2000,folk_06,folk,lowpass,2000.0,hz_cutoff,62.771820068359375,62.45233917236328,69.8094711303711
folk_06::distortion::drv4,folk_06,folk,distortion,4.0,tanh_drive,61.77568054199219,61.49419021606445,68.26580810546875
folk_06::distortion::drv12,folk_06,folk,distortion,12.0,tanh_drive,60.612586975097656,61.024837493896484,67.43882751464844
folk_06::distortion::drv32,folk_06,folk,distortion,32.0,tanh_drive,60.633602142333984,61.089195251464844,66.53234100341797
folk_06::style_swap::swap_cross,folk_06,folk,style_swap,nan,cross_genre,41.832275390625,44.12031936645508,47.6663818359375
folk_06::style_swap::swap_same,folk_06,folk,style_swap,nan,same_genre,41.577186584472656,42.62059783935547,44.00377655029297
folk_07::control::ctrl,folk_07,folk,control,0.0,none,72.24504852294922,72.80220031738281,73.27984619140625
folk_07::pitch_shift::-4st,folk_07,folk,pitch_shift,-4.0,semitones,71.25634765625,67.87472534179688,70.97372436523438
folk_07::pitch_shift::-2st,folk_07,folk,pitch_shift,-2.0,semitones,70.80077362060547,71.58929443359375,71.81729888916016
folk_07::pitch_shift::-1st,folk_07,folk,pitch_shift,-1.0,semitones,67.7760009765625,69.68663787841797,71.80078125
folk_07::pitch_shift::+1st,folk_07,folk,pitch_shift,1.0,semitones,68.92117309570312,71.06793975830078,70.86543273925781
folk_07::pitch_shift::+2st,folk_07,folk,pitch_shift,2.0,semitones,66.82228088378906,65.5192642211914,70.19493865966797
folk_07::pitch_shift::+4st,folk_07,folk,pitch_shift,4.0,semitones,67.43743896484375,70.40027618408203,68.48805236816406
folk_07::time_stretch::-20pct,folk_07,folk,time_stretch,-20.0,percent_tempo,68.5101089477539,69.17693328857422,69.9591064453125
folk_07::time_stretch::-10pct,folk_07,folk,time_stretch,-10.0,percent_tempo,65.72490692138672,68.6178970336914,67.7959213256836
folk_07::time_stretch::-5pct,folk_07,folk,time_stretch,-5.0,percent_tempo,66.860595703125,69.62689208984375,67.54434967041016
folk_07::time_stretch::+5pct,folk_07,folk,time_stretch,5.0,percent_tempo,67.61781311035156,68.71974182128906,68.21424102783203
folk_07::time_stretch::+10pct,folk_07,folk,time_stretch,10.0,percent_tempo,64.7713394165039,66.8397216796875,64.55687713623047
folk_07::time_stretch::+20pct,folk_07,folk,time_stretch,20.0,percent_tempo,61.638648986816406,62.464508056640625,63.426849365234375
folk_07::lowpass::lp8000,folk_07,folk,lowpass,8000.0,hz_cutoff,72.25470733642578,73.1727523803711,73.29763793945312
folk_07::lowpass::lp4000,folk_07,folk,lowpass,4000.0,hz_cutoff,72.0049057006836,74.06320190429688,73.80703735351562
folk_07::lowpass::lp2000,folk_07,folk,lowpass,2000.0,hz_cutoff,71.44397735595703,73.68972778320312,73.04367065429688
folk_07::distortion::drv4,folk_07,folk,distortion,4.0,tanh_drive,72.06214904785156,72.6291732788086,72.37503051757812
folk_07::distortion::drv12,folk_07,folk,distortion,12.0,tanh_drive,70.46258544921875,73.21446228027344,71.52322387695312
folk_07::distortion::drv32,folk_07,folk,distortion,32.0,tanh_drive,68.32840728759766,71.69049072265625,70.53654479980469
folk_07::style_swap::swap_cross,folk_07,folk,style_swap,nan,cross_genre,52.05331039428711,56.20889663696289,52.76753234863281
folk_07::style_swap::swap_same,folk_07,folk,style_swap,nan,same_genre,60.41591262817383,63.80298614501953,64.07801818847656
folk_08::control::ctrl,folk_08,folk,control,0.0,none,73.50726318359375,67.9295883178711,75.17477416992188
folk_08::pitch_shift::-4st,folk_08,folk,pitch_shift,-4.0,semitones,57.348899841308594,55.45906066894531,65.48638916015625
folk_08::pitch_shift::-2st,folk_08,folk,pitch_shift,-2.0,semitones,59.50507354736328,54.862281799316406,62.601165771484375
folk_08::pitch_shift::-1st,folk_08,folk,pitch_shift,-1.0,semitones,57.62394332885742,49.9404411315918,67.32133483886719
folk_08::pitch_shift::+1st,folk_08,folk,pitch_shift,1.0,semitones,56.46569061279297,52.52491760253906,60.10816955566406
folk_08::pitch_shift::+2st,folk_08,folk,pitch_shift,2.0,semitones,57.741634368896484,57.39738082885742,65.78172302246094
folk_08::pitch_shift::+4st,folk_08,folk,pitch_shift,4.0,semitones,58.55314636230469,53.553409576416016,63.9969367980957
folk_08::time_stretch::-20pct,folk_08,folk,time_stretch,-20.0,percent_tempo,51.93899154663086,50.239559173583984,51.76552963256836
folk_08::time_stretch::-10pct,folk_08,folk,time_stretch,-10.0,percent_tempo,48.84850311279297,47.28350067138672,52.195072174072266
folk_08::time_stretch::-5pct,folk_08,folk,time_stretch,-5.0,percent_tempo,58.03917694091797,56.737823486328125,57.1065559387207
folk_08::time_stretch::+5pct,folk_08,folk,time_stretch,5.0,percent_tempo,52.82523727416992,52.409576416015625,56.44374084472656
folk_08::time_stretch::+10pct,folk_08,folk,time_stretch,10.0,percent_tempo,48.15953826904297,48.09328842163086,51.429656982421875
folk_08::time_stretch::+20pct,folk_08,folk,time_stretch,20.0,percent_tempo,53.88581085205078,52.204994201660156,57.317317962646484
folk_08::lowpass::lp8000,folk_08,folk,lowpass,8000.0,hz_cutoff,73.5167465209961,67.94438171386719,75.11290740966797
folk_08::lowpass::lp4000,folk_08,folk,lowpass,4000.0,hz_cutoff,72.46893310546875,68.29839324951172,75.2565689086914
folk_08::lowpass::lp2000,folk_08,folk,lowpass,2000.0,hz_cutoff,73.68363189697266,67.87344360351562,76.28474426269531
folk_08::distortion::drv4,folk_08,folk,distortion,4.0,tanh_drive,73.04510498046875,67.85250854492188,74.66229248046875
folk_08::distortion::drv12,folk_08,folk,distortion,12.0,tanh_drive,70.53724670410156,67.09365844726562,74.42989349365234
folk_08::distortion::drv32,folk_08,folk,distortion,32.0,tanh_drive,69.76008605957031,67.49800872802734,74.96372985839844
folk_08::style_swap::swap_cross,folk_08,folk,style_swap,nan,cross_genre,52.279632568359375,48.540260314941406,58.69859313964844
folk_08::style_swap::swap_same,folk_08,folk,style_swap,nan,same_genre,59.47029113769531,60.262184143066406,61.44289779663086
folk_09::control::ctrl,folk_09,folk,control,0.0,none,73.10171508789062,69.97740936279297,77.93037414550781
folk_09::pitch_shift::-4st,folk_09,folk,pitch_shift,-4.0,semitones,63.967220306396484,65.6895980834961,65.01504516601562
folk_09::pitch_shift::-2st,folk_09,folk,pitch_shift,-2.0,semitones,72.18982696533203,69.40792846679688,76.08139038085938
folk_09::pitch_shift::-1st,folk_09,folk,pitch_shift,-1.0,semitones,68.6407470703125,65.89840698242188,73.36647033691406
folk_09::pitch_shift::+1st,folk_09,folk,pitch_shift,1.0,semitones,66.40093231201172,66.76638793945312,71.5845947265625
folk_09::pitch_shift::+2st,folk_09,folk,pitch_shift,2.0,semitones,71.44790649414062,68.57064056396484,72.01759338378906
folk_09::pitch_shift::+4st,folk_09,folk,pitch_shift,4.0,semitones,69.32035064697266,65.55364227294922,73.65404510498047
folk_09::time_stretch::-20pct,folk_09,folk,time_stretch,-20.0,percent_tempo,54.27226257324219,55.93201446533203,56.28230667114258
folk_09::time_stretch::-10pct,folk_09,folk,time_stretch,-10.0,percent_tempo,56.018470764160156,56.439571380615234,57.541221618652344
folk_09::time_stretch::-5pct,folk_09,folk,time_stretch,-5.0,percent_tempo,65.35047912597656,63.080223083496094,66.38592529296875
folk_09::time_stretch::+5pct,folk_09,folk,time_stretch,5.0,percent_tempo,59.798580169677734,59.985145568847656,63.31670379638672
folk_09::time_stretch::+10pct,folk_09,folk,time_stretch,10.0,percent_tempo,59.97269058227539,59.03050994873047,62.16550827026367
folk_09::time_stretch::+20pct,folk_09,folk,time_stretch,20.0,percent_tempo,52.39175033569336,56.607460021972656,50.08258056640625
folk_09::lowpass::lp8000,folk_09,folk,lowpass,8000.0,hz_cutoff,73.09367370605469,69.9918212890625,77.9343490600586
folk_09::lowpass::lp4000,folk_09,folk,lowpass,4000.0,hz_cutoff,72.571044921875,68.8460693359375,78.04338073730469
folk_09::lowpass::lp2000,folk_09,folk,lowpass,2000.0,hz_cutoff,71.3261947631836,68.91946411132812,77.65791320800781
folk_09::distortion::drv4,folk_09,folk,distortion,4.0,tanh_drive,72.22894287109375,68.84494018554688,77.6533203125
folk_09::distortion::drv12,folk_09,folk,distortion,12.0,tanh_drive,68.42717742919922,66.65044403076172,73.01972198486328
folk_09::distortion::drv32,folk_09,folk,distortion,32.0,tanh_drive,67.79436492919922,65.68975830078125,70.96366119384766
folk_09::style_swap::swap_cross,folk_09,folk,style_swap,nan,cross_genre,64.8792495727539,61.24565505981445,69.35265350341797
folk_09::style_swap::swap_same,folk_09,folk,style_swap,nan,same_genre,54.203128814697266,53.009037017822266,62.5550537109375
folk_10::control::ctrl,folk_10,folk,control,0.0,none,70.9596176147461,72.7635269165039,73.36666107177734
folk_10::pitch_shift::-4st,folk_10,folk,pitch_shift,-4.0,semitones,62.835723876953125,67.60841369628906,65.41932678222656
folk_10::pitch_shift::-2st,folk_10,folk,pitch_shift,-2.0,semitones,65.30679321289062,66.38134765625,66.2613296508789
folk_10::pitch_shift::-1st,folk_10,folk,pitch_shift,-1.0,semitones,62.60508346557617,59.75243377685547,62.40947341918945
folk_10::pitch_shift::+1st,folk_10,folk,pitch_shift,1.0,semitones,63.2991828918457,65.25965881347656,64.87004089355469
folk_10::pitch_shift::+2st,folk_10,folk,pitch_shift,2.0,semitones,67.10885620117188,66.95584106445312,68.56616973876953
folk_10::pitch_shift::+4st,folk_10,folk,pitch_shift,4.0,semitones,63.37559127807617,64.13778686523438,62.8108024597168
folk_10::time_stretch::-20pct,folk_10,folk,time_stretch,-20.0,percent_tempo,53.3690071105957,56.97550964355469,54.27225875854492
folk_10::time_stretch::-10pct,folk_10,folk,time_stretch,-10.0,percent_tempo,55.36513900756836,63.91672134399414,54.19145202636719
folk_10::time_stretch::-5pct,folk_10,folk,time_stretch,-5.0,percent_tempo,63.388092041015625,68.12220001220703,63.76313018798828
folk_10::time_stretch::+5pct,folk_10,folk,time_stretch,5.0,percent_tempo,62.24724197387695,65.53105926513672,63.23348617553711
folk_10::time_stretch::+10pct,folk_10,folk,time_stretch,10.0,percent_tempo,62.983314514160156,66.00581359863281,64.83155059814453
folk_10::time_stretch::+20pct,folk_10,folk,time_stretch,20.0,percent_tempo,54.65093231201172,58.25855255126953,53.52271270751953
folk_10::lowpass::lp8000,folk_10,folk,lowpass,8000.0,hz_cutoff,70.95724487304688,72.75852966308594,73.36228942871094
folk_10::lowpass::lp4000,folk_10,folk,lowpass,4000.0,hz_cutoff,69.32556915283203,69.16204833984375,72.78556060791016
folk_10::lowpass::lp2000,folk_10,folk,lowpass,2000.0,hz_cutoff,70.38916015625,71.72123718261719,72.94756317138672
folk_10::distortion::drv4,folk_10,folk,distortion,4.0,tanh_drive,70.62362670898438,72.06221008300781,72.50346374511719
folk_10::distortion::drv12,folk_10,folk,distortion,12.0,tanh_drive,69.27763366699219,69.17206573486328,71.52938842773438
folk_10::distortion::drv32,folk_10,folk,distortion,32.0,tanh_drive,68.1363525390625,68.59393310546875,70.59622955322266
folk_10::style_swap::swap_cross,folk_10,folk,style_swap,nan,cross_genre,53.50078582763672,63.160396575927734,54.26885986328125
folk_10::style_swap::swap_same,folk_10,folk,style_swap,nan,same_genre,53.857704162597656,57.991905212402344,53.24116134643555
folk_11::control::ctrl,folk_11,folk,control,0.0,none,68.08458709716797,63.45431900024414,70.4770736694336
folk_11::pitch_shift::-4st,folk_11,folk,pitch_shift,-4.0,semitones,49.03167724609375,45.956687927246094,56.700347900390625
folk_11::pitch_shift::-2st,folk_11,folk,pitch_shift,-2.0,semitones,58.634178161621094,54.544681549072266,57.55958557128906
folk_11::pitch_shift::-1st,folk_11,folk,pitch_shift,-1.0,semitones,51.74427795410156,49.819740295410156,57.06805419921875
folk_11::pitch_shift::+1st,folk_11,folk,pitch_shift,1.0,semitones,50.168304443359375,47.29206848144531,56.787071228027344
folk_11::pitch_shift::+2st,folk_11,folk,pitch_shift,2.0,semitones,58.51055908203125,51.31653594970703,63.330543518066406
folk_11::pitch_shift::+4st,folk_11,folk,pitch_shift,4.0,semitones,54.40635681152344,51.910011291503906,57.016231536865234
folk_11::time_stretch::-20pct,folk_11,folk,time_stretch,-20.0,percent_tempo,63.929542541503906,62.41131591796875,63.73480224609375
folk_11::time_stretch::-10pct,folk_11,folk,time_stretch,-10.0,percent_tempo,64.36135864257812,62.272300720214844,65.12770080566406
folk_11::time_stretch::-5pct,folk_11,folk,time_stretch,-5.0,percent_tempo,64.99102783203125,62.74109649658203,67.0133056640625
folk_11::time_stretch::+5pct,folk_11,folk,time_stretch,5.0,percent_tempo,66.22866821289062,62.00432586669922,66.57638549804688
folk_11::time_stretch::+10pct,folk_11,folk,time_stretch,10.0,percent_tempo,66.3387680053711,59.81471252441406,67.83341979980469
folk_11::time_stretch::+20pct,folk_11,folk,time_stretch,20.0,percent_tempo,65.84636688232422,61.22871398925781,68.069580078125
folk_11::lowpass::lp8000,folk_11,folk,lowpass,8000.0,hz_cutoff,68.06031036376953,63.456748962402344,70.42982482910156
folk_11::lowpass::lp4000,folk_11,folk,lowpass,4000.0,hz_cutoff,67.2621078491211,62.386329650878906,69.14476776123047
folk_11::lowpass::lp2000,folk_11,folk,lowpass,2000.0,hz_cutoff,66.99966430664062,63.0794677734375,69.03992462158203
folk_11::distortion::drv4,folk_11,folk,distortion,4.0,tanh_drive,67.78815460205078,63.323307037353516,69.56755065917969
folk_11::distortion::drv12,folk_11,folk,distortion,12.0,tanh_drive,66.63495635986328,61.99101257324219,68.97261047363281
folk_11::distortion::drv32,folk_11,folk,distortion,32.0,tanh_drive,64.20851135253906,60.60993194580078,67.03146362304688
folk_11::style_swap::swap_cross,folk_11,folk,style_swap,nan,cross_genre,63.57020568847656,59.12873458862305,64.4847412109375
folk_11::style_swap::swap_same,folk_11,folk,style_swap,nan,same_genre,58.8231315612793,54.905242919921875,60.85064697265625
folk_12::control::ctrl,folk_12,folk,control,0.0,none,48.25852966308594,46.69731521606445,50.26287841796875
folk_12::pitch_shift::-4st,folk_12,folk,pitch_shift,-4.0,semitones,48.36225128173828,45.374752044677734,47.56916427612305
folk_12::pitch_shift::-2st,folk_12,folk,pitch_shift,-2.0,semitones,47.390525817871094,44.75218200683594,50.241661071777344
folk_12::pitch_shift::-1st,folk_12,folk,pitch_shift,-1.0,semitones,46.50718688964844,45.40930938720703,48.36650085449219
folk_12::pitch_shift::+1st,folk_12,folk,pitch_shift,1.0,semitones,44.49322509765625,43.49280548095703,45.03742980957031
folk_12::pitch_shift::+2st,folk_12,folk,pitch_shift,2.0,semitones,48.07834243774414,45.811912536621094,48.94662094116211
folk_12::pitch_shift::+4st,folk_12,folk,pitch_shift,4.0,semitones,42.66613006591797,43.166194915771484,47.633331298828125
folk_12::time_stretch::-20pct,folk_12,folk,time_stretch,-20.0,percent_tempo,47.604496002197266,44.715843200683594,48.642555236816406
folk_12::time_stretch::-10pct,folk_12,folk,time_stretch,-10.0,percent_tempo,45.907493591308594,44.62112045288086,49.31591033935547
folk_12::time_stretch::-5pct,folk_12,folk,time_stretch,-5.0,percent_tempo,46.431209564208984,43.98993682861328,49.191593170166016
folk_12::time_stretch::+5pct,folk_12,folk,time_stretch,5.0,percent_tempo,45.897254943847656,45.449928283691406,47.92021179199219
folk_12::time_stretch::+10pct,folk_12,folk,time_stretch,10.0,percent_tempo,47.488922119140625,45.4205207824707,49.01099395751953
folk_12::time_stretch::+20pct,folk_12,folk,time_stretch,20.0,percent_tempo,46.99973678588867,44.40155792236328,48.410118103027344
folk_12::lowpass::lp8000,folk_12,folk,lowpass,8000.0,hz_cutoff,48.25129699707031,46.687259674072266,50.23475646972656
folk_12::lowpass::lp4000,folk_12,folk,lowpass,4000.0,hz_cutoff,47.38611602783203,45.597877502441406,48.818687438964844
folk_12::lowpass::lp2000,folk_12,folk,lowpass,2000.0,hz_cutoff,47.11796569824219,45.86021041870117,49.66157531738281
folk_12::distortion::drv4,folk_12,folk,distortion,4.0,tanh_drive,48.746707916259766,46.79845428466797,48.47577667236328
folk_12::distortion::drv12,folk_12,folk,distortion,12.0,tanh_drive,48.078575134277344,45.26742172241211,49.897727966308594
folk_12::distortion::drv32,folk_12,folk,distortion,32.0,tanh_drive,48.29779815673828,43.96678924560547,49.27939987182617
folk_12::style_swap::swap_cross,folk_12,folk,style_swap,nan,cross_genre,45.6450080871582,43.0410041809082,47.44572448730469
folk_12::style_swap::swap_same,folk_12,folk,style_swap,nan,same_genre,42.754024505615234,40.784664154052734,47.32640838623047
folk_13::control::ctrl,folk_13,folk,control,0.0,none,47.567626953125,42.2552375793457,46.72124481201172
folk_13::pitch_shift::-4st,folk_13,folk,pitch_shift,-4.0,semitones,47.757667541503906,41.51433563232422,43.04048156738281
folk_13::pitch_shift::-2st,folk_13,folk,pitch_shift,-2.0,semitones,47.64810562133789,42.32146453857422,46.651432037353516
folk_13::pitch_shift::-1st,folk_13,folk,pitch_shift,-1.0,semitones,47.880889892578125,39.99583053588867,44.71921920776367
folk_13::pitch_shift::+1st,folk_13,folk,pitch_shift,1.0,semitones,43.16413879394531,39.4176139831543,42.470611572265625
folk_13::pitch_shift::+2st,folk_13,folk,pitch_shift,2.0,semitones,43.049625396728516,39.828330993652344,44.32004928588867
folk_13::pitch_shift::+4st,folk_13,folk,pitch_shift,4.0,semitones,44.17584991455078,39.49010467529297,41.715389251708984
folk_13::time_stretch::-20pct,folk_13,folk,time_stretch,-20.0,percent_tempo,47.69779586791992,40.91774368286133,47.065330505371094
folk_13::time_stretch::-10pct,folk_13,folk,time_stretch,-10.0,percent_tempo,47.26403045654297,41.57439422607422,46.814903259277344
folk_13::time_stretch::-5pct,folk_13,folk,time_stretch,-5.0,percent_tempo,47.961612701416016,42.556312561035156,47.117027282714844
folk_13::time_stretch::+5pct,folk_13,folk,time_stretch,5.0,percent_tempo,47.83147048950195,42.177669525146484,46.26439666748047
folk_13::time_stretch::+10pct,folk_13,folk,time_stretch,10.0,percent_tempo,47.819984436035156,41.489044189453125,46.23572540283203
folk_13::time_stretch::+20pct,folk_13,folk,time_stretch,20.0,percent_tempo,47.34251022338867,41.576988220214844,46.77067565917969
folk_13::lowpass::lp8000,folk_13,folk,lowpass,8000.0,hz_cutoff,47.58366775512695,42.28536605834961,46.719871520996094
folk_13::lowpass::lp4000,folk_13,folk,lowpass,4000.0,hz_cutoff,40.045448303222656,41.10260772705078,43.474517822265625
folk_13::lowpass::lp2000,folk_13,folk,lowpass,2000.0,hz_cutoff,46.41153335571289,42.102699279785156,45.74988555908203
folk_13::distortion::drv4,folk_13,folk,distortion,4.0,tanh_drive,47.41007995605469,41.934242248535156,46.068912506103516
folk_13::distortion::drv12,folk_13,folk,distortion,12.0,tanh_drive,46.68535614013672,40.82752990722656,45.35071563720703
folk_13::distortion::drv32,folk_13,folk,distortion,32.0,tanh_drive,46.188575744628906,41.13134002685547,45.78581619262695
folk_13::style_swap::swap_cross,folk_13,folk,style_swap,nan,cross_genre,44.83722686767578,38.93302536010742,43.03377151489258
folk_13::style_swap::swap_same,folk_13,folk,style_swap,nan,same_genre,46.681541442871094,41.79547119140625,47.05915069580078
folk_14::control::ctrl,folk_14,folk,control,0.0,none,62.01280212402344,54.73360824584961,61.2276496887207
folk_14::pitch_shift::-4st,folk_14,folk,pitch_shift,-4.0,semitones,58.760459899902344,51.61740493774414,55.47319793701172
folk_14::pitch_shift::-2st,folk_14,folk,pitch_shift,-2.0,semitones,59.96929168701172,52.866943359375,56.67058563232422
folk_14::pitch_shift::-1st,folk_14,folk,pitch_shift,-1.0,semitones,57.06884765625,50.110267639160156,54.72581481933594
folk_14::pitch_shift::+1st,folk_14,folk,pitch_shift,1.0,semitones,58.53786087036133,50.0139274597168,56.75297164916992
folk_14::pitch_shift::+2st,folk_14,folk,pitch_shift,2.0,semitones,58.43560028076172,51.21858215332031,56.89753341674805
folk_14::pitch_shift::+4st,folk_14,folk,pitch_shift,4.0,semitones,58.65552520751953,49.158363342285156,57.202884674072266
folk_14::time_stretch::-20pct,folk_14,folk,time_stretch,-20.0,percent_tempo,58.37644958496094,52.967288970947266,56.85553741455078
folk_14::time_stretch::-10pct,folk_14,folk,time_stretch,-10.0,percent_tempo,58.66899871826172,52.36041259765625,57.64021682739258
folk_14::time_stretch::-5pct,folk_14,folk,time_stretch,-5.0,percent_tempo,57.99519348144531,51.188228607177734,56.791954040527344
folk_14::time_stretch::+5pct,folk_14,folk,time_stretch,5.0,percent_tempo,59.336666107177734,52.596107482910156,57.598514556884766
folk_14::time_stretch::+10pct,folk_14,folk,time_stretch,10.0,percent_tempo,56.526329040527344,50.46119689941406,54.266109466552734
folk_14::time_stretch::+20pct,folk_14,folk,time_stretch,20.0,percent_tempo,58.77344512939453,52.3485107421875,56.57656478881836
folk_14::lowpass::lp8000,folk_14,folk,lowpass,8000.0,hz_cutoff,62.01323699951172,54.72461700439453,61.15423583984375
folk_14::lowpass::lp4000,folk_14,folk,lowpass,4000.0,hz_cutoff,61.53225326538086,54.63170623779297,60.04252243041992
folk_14::lowpass::lp2000,folk_14,folk,lowpass,2000.0,hz_cutoff,61.22261047363281,54.46681213378906,59.59791564941406
folk_14::distortion::drv4,folk_14,folk,distortion,4.0,tanh_drive,61.80500030517578,54.81855773925781,60.30317687988281
folk_14::distortion::drv12,folk_14,folk,distortion,12.0,tanh_drive,61.13771057128906,53.627872467041016,59.91192626953125
folk_14::distortion::drv32,folk_14,folk,distortion,32.0,tanh_drive,60.557613372802734,52.13191223144531,59.690895080566406
folk_14::style_swap::swap_cross,folk_14,folk,style_swap,nan,cross_genre,54.25760269165039,47.280113220214844,51.23788833618164
folk_14::style_swap::swap_same,folk_14,folk,style_swap,nan,same_genre,50.230255126953125,46.490535736083984,42.67359924316406
folk_15::control::ctrl,folk_15,folk,control,0.0,none,63.701698303222656,60.842796325683594,64.40718078613281
folk_15::pitch_shift::-4st,folk_15,folk,pitch_shift,-4.0,semitones,63.14278793334961,59.50843048095703,64.24647521972656
folk_15::pitch_shift::-2st,folk_15,folk,pitch_shift,-2.0,semitones,61.42658233642578,60.1346435546875,63.773399353027344
folk_15::pitch_shift::-1st,folk_15,folk,pitch_shift,-1.0,semitones,60.93284225463867,60.07300567626953,61.92033004760742
folk_15::pitch_shift::+1st,folk_15,folk,pitch_shift,1.0,semitones,61.54957962036133,59.79387283325195,62.31067657470703
folk_15::pitch_shift::+2st,folk_15,folk,pitch_shift,2.0,semitones,63.240943908691406,60.896297454833984,64.40203857421875
folk_15::pitch_shift::+4st,folk_15,folk,pitch_shift,4.0,semitones,62.439186096191406,59.684139251708984,63.27562713623047
folk_15::time_stretch::-20pct,folk_15,folk,time_stretch,-20.0,percent_tempo,57.32157516479492,56.054779052734375,59.88507080078125
folk_15::time_stretch::-10pct,folk_15,folk,time_stretch,-10.0,percent_tempo,58.18107223510742,57.35372543334961,60.726470947265625
folk_15::time_stretch::-5pct,folk_15,folk,time_stretch,-5.0,percent_tempo,61.1867790222168,59.19947814941406,62.8072395324707
folk_15::time_stretch::+5pct,folk_15,folk,time_stretch,5.0,percent_tempo,58.775115966796875,57.35313415527344,61.689308166503906
folk_15::time_stretch::+10pct,folk_15,folk,time_stretch,10.0,percent_tempo,58.412960052490234,58.36237716674805,60.87508010864258
folk_15::time_stretch::+20pct,folk_15,folk,time_stretch,20.0,percent_tempo,57.75517654418945,57.27332305908203,60.15167236328125
folk_15::lowpass::lp8000,folk_15,folk,lowpass,8000.0,hz_cutoff,63.72079086303711,60.84733963012695,64.39544677734375
folk_15::lowpass::lp4000,folk_15,folk,lowpass,4000.0,hz_cutoff,62.394447326660156,60.55900192260742,63.22904968261719
folk_15::lowpass::lp2000,folk_15,folk,lowpass,2000.0,hz_cutoff,61.26868438720703,59.6949462890625,63.32600021362305
folk_15::distortion::drv4,folk_15,folk,distortion,4.0,tanh_drive,63.52521514892578,60.92054748535156,64.35197448730469
folk_15::distortion::drv12,folk_15,folk,distortion,12.0,tanh_drive,63.396278381347656,61.13197326660156,64.31153106689453
folk_15::distortion::drv32,folk_15,folk,distortion,32.0,tanh_drive,63.681156158447266,61.40877914428711,64.726806640625
folk_15::style_swap::swap_cross,folk_15,folk,style_swap,nan,cross_genre,52.192359924316406,52.14155578613281,55.33875274658203
folk_15::style_swap::swap_same,folk_15,folk,style_swap,nan,same_genre,55.7713737487793,52.946510314941406,57.63018798828125
jazz_01::control::ctrl,jazz_01,jazz,control,0.0,none,73.89820098876953,74.21038055419922,76.49715423583984
jazz_01::pitch_shift::-4st,jazz_01,jazz,pitch_shift,-4.0,semitones,71.81011962890625,71.17749786376953,73.858642578125
jazz_01::pitch_shift::-2st,jazz_01,jazz,pitch_shift,-2.0,semitones,73.0165786743164,73.0488052368164,75.67259979248047
jazz_01::pitch_shift::-1st,jazz_01,jazz,pitch_shift,-1.0,semitones,69.6070785522461,70.23553466796875,73.85102081298828
jazz_01::pitch_shift::+1st,jazz_01,jazz,pitch_shift,1.0,semitones,70.1974105834961,70.00896453857422,70.90068054199219
jazz_01::pitch_shift::+2st,jazz_01,jazz,pitch_shift,2.0,semitones,71.58418273925781,73.05284118652344,74.52041625976562
jazz_01::pitch_shift::+4st,jazz_01,jazz,pitch_shift,4.0,semitones,69.77698516845703,68.78820037841797,70.21176147460938
jazz_01::time_stretch::-20pct,jazz_01,jazz,time_stretch,-20.0,percent_tempo,66.48565673828125,65.926025390625,69.60408020019531
jazz_01::time_stretch::-10pct,jazz_01,jazz,time_stretch,-10.0,percent_tempo,56.48448944091797,60.276519775390625,60.86051940917969
jazz_01::time_stretch::-5pct,jazz_01,jazz,time_stretch,-5.0,percent_tempo,65.57376861572266,68.0858383178711,69.19975280761719
jazz_01::time_stretch::+5pct,jazz_01,jazz,time_stretch,5.0,percent_tempo,65.37171173095703,64.47232055664062,69.2942886352539
jazz_01::time_stretch::+10pct,jazz_01,jazz,time_stretch,10.0,percent_tempo,52.11940002441406,59.839637756347656,53.72863006591797
jazz_01::time_stretch::+20pct,jazz_01,jazz,time_stretch,20.0,percent_tempo,60.3405876159668,62.5982551574707,64.76071166992188
jazz_01::lowpass::lp8000,jazz_01,jazz,lowpass,8000.0,hz_cutoff,73.91416931152344,74.20722198486328,76.5278091430664
jazz_01::lowpass::lp4000,jazz_01,jazz,lowpass,4000.0,hz_cutoff,73.44408416748047,72.46541595458984,76.52887725830078
jazz_01::lowpass::lp2000,jazz_01,jazz,lowpass,2000.0,hz_cutoff,70.23442077636719,67.06122589111328,73.31713104248047
jazz_01::distortion::drv4,jazz_01,jazz,distortion,4.0,tanh_drive,73.48532104492188,73.98139953613281,76.56590270996094
jazz_01::distortion::drv12,jazz_01,jazz,distortion,12.0,tanh_drive,72.72914123535156,74.13578796386719,75.84796905517578
jazz_01::distortion::drv32,jazz_01,jazz,distortion,32.0,tanh_drive,73.05622863769531,67.04771423339844,76.01820373535156
jazz_01::style_swap::swap_cross,jazz_01,jazz,style_swap,nan,cross_genre,62.87464904785156,62.71413803100586,67.52696990966797
jazz_01::style_swap::swap_same,jazz_01,jazz,style_swap,nan,same_genre,58.57551193237305,56.923583984375,60.02239227294922
jazz_02::control::ctrl,jazz_02,jazz,control,0.0,none,62.952850341796875,63.692996978759766,65.05113983154297
jazz_02::pitch_shift::-4st,jazz_02,jazz,pitch_shift,-4.0,semitones,56.73113250732422,56.040260314941406,60.671112060546875
jazz_02::pitch_shift::-2st,jazz_02,jazz,pitch_shift,-2.0,semitones,60.70358657836914,62.51089096069336,62.413246154785156
jazz_02::pitch_shift::-1st,jazz_02,jazz,pitch_shift,-1.0,semitones,54.14503479003906,55.39516830444336,59.77312469482422
jazz_02::pitch_shift::+1st,jazz_02,jazz,pitch_shift,1.0,semitones,54.860694885253906,54.57819747924805,57.90635299682617
jazz_02::pitch_shift::+2st,jazz_02,jazz,pitch_shift,2.0,semitones,61.01655578613281,60.65508270263672,64.14151000976562
jazz_02::pitch_shift::+4st,jazz_02,jazz,pitch_shift,4.0,semitones,58.93951416015625,59.92555236816406,60.07253646850586
jazz_02::time_stretch::-20pct,jazz_02,jazz,time_stretch,-20.0,percent_tempo,52.53070068359375,57.56758117675781,55.296409606933594
jazz_02::time_stretch::-10pct,jazz_02,jazz,time_stretch,-10.0,percent_tempo,51.202117919921875,53.9166259765625,53.72688674926758
jazz_02::time_stretch::-5pct,jazz_02,jazz,time_stretch,-5.0,percent_tempo,57.58777618408203,61.36091995239258,59.327491760253906
jazz_02::time_stretch::+5pct,jazz_02,jazz,time_stretch,5.0,percent_tempo,57.848384857177734,57.98329162597656,61.535072326660156
jazz_02::time_stretch::+10pct,jazz_02,jazz,time_stretch,10.0,percent_tempo,48.43623733520508,54.82984161376953,53.80119705200195
jazz_02::time_stretch::+20pct,jazz_02,jazz,time_stretch,20.0,percent_tempo,49.29579544067383,56.19794845581055,53.03926467895508
jazz_02::lowpass::lp8000,jazz_02,jazz,lowpass,8000.0,hz_cutoff,63.15452575683594,63.900875091552734,65.05878448486328
jazz_02::lowpass::lp4000,jazz_02,jazz,lowpass,4000.0,hz_cutoff,70.63882446289062,66.57369995117188,73.59262084960938
jazz_02::lowpass::lp2000,jazz_02,jazz,lowpass,2000.0,hz_cutoff,69.9684066772461,66.59147644042969,71.98677825927734
jazz_02::distortion::drv4,jazz_02,jazz,distortion,4.0,tanh_drive,67.8690414428711,63.623416900634766,66.2696533203125
jazz_02::distortion::drv12,jazz_02,jazz,distortion,12.0,tanh_drive,67.4340591430664,62.731224060058594,72.10425567626953
jazz_02::distortion::drv32,jazz_02,jazz,distortion,32.0,tanh_drive,68.64459228515625,60.009613037109375,70.51029205322266
jazz_02::style_swap::swap_cross,jazz_02,jazz,style_swap,nan,cross_genre,57.74382400512695,56.42017364501953,62.38002014160156
jazz_02::style_swap::swap_same,jazz_02,jazz,style_swap,nan,same_genre,54.368526458740234,51.678375244140625,53.693275451660156
jazz_03::control::ctrl,jazz_03,jazz,control,0.0,none,61.35436248779297,62.39533233642578,64.56248474121094
jazz_03::pitch_shift::-4st,jazz_03,jazz,pitch_shift,-4.0,semitones,55.77109146118164,59.516082763671875,59.153106689453125
jazz_03::pitch_shift::-2st,jazz_03,jazz,pitch_shift,-2.0,semitones,58.91831588745117,60.91004943847656,60.82508087158203
jazz_03::pitch_shift::-1st,jazz_03,jazz,pitch_shift,-1.0,semitones,55.99808883666992,59.2540283203125,57.26865768432617
jazz_03::pitch_shift::+1st,jazz_03,jazz,pitch_shift,1.0,semitones,52.85177993774414,57.513633728027344,56.658103942871094
jazz_03::pitch_shift::+2st,jazz_03,jazz,pitch_shift,2.0,semitones,57.313255310058594,59.723793029785156,61.12983322143555
jazz_03::pitch_shift::+4st,jazz_03,jazz,pitch_shift,4.0,semitones,54.41708755493164,60.81349182128906,56.591400146484375
jazz_03::time_stretch::-20pct,jazz_03,jazz,time_stretch,-20.0,percent_tempo,46.77490234375,48.62116241455078,53.18366241455078
jazz_03::time_stretch::-10pct,jazz_03,jazz,time_stretch,-10.0,percent_tempo,48.30849838256836,49.517539978027344,53.535003662109375
jazz_03::time_stretch::-5pct,jazz_03,jazz,time_stretch,-5.0,percent_tempo,49.6269645690918,50.855125427246094,54.24483871459961
jazz_03::time_stretch::+5pct,jazz_03,jazz,time_stretch,5.0,percent_tempo,50.421592712402344,48.947078704833984,55.16950225830078
jazz_03::time_stretch::+10pct,jazz_03,jazz,time_stretch,10.0,percent_tempo,35.72981262207031,33.39226150512695,40.7857551574707
jazz_03::time_stretch::+20pct,jazz_03,jazz,time_stretch,20.0,percent_tempo,44.16965866088867,45.70542526245117,50.45391082763672
jazz_03::lowpass::lp8000,jazz_03,jazz,lowpass,8000.0,hz_cutoff,61.382598876953125,62.445220947265625,64.57486724853516
jazz_03::lowpass::lp4000,jazz_03,jazz,lowpass,4000.0,hz_cutoff,67.93843078613281,67.4339828491211,71.5300064086914
jazz_03::lowpass::lp2000,jazz_03,jazz,lowpass,2000.0,hz_cutoff,68.37181091308594,69.38219451904297,71.2843017578125
jazz_03::distortion::drv4,jazz_03,jazz,distortion,4.0,tanh_drive,61.31378936767578,62.290157318115234,64.20612335205078
jazz_03::distortion::drv12,jazz_03,jazz,distortion,12.0,tanh_drive,63.22856140136719,63.61042785644531,65.0859603881836
jazz_03::distortion::drv32,jazz_03,jazz,distortion,32.0,tanh_drive,66.35098266601562,66.13616943359375,66.40254211425781
jazz_03::style_swap::swap_cross,jazz_03,jazz,style_swap,nan,cross_genre,54.66911315917969,61.899810791015625,58.86349868774414
jazz_03::style_swap::swap_same,jazz_03,jazz,style_swap,nan,same_genre,60.832794189453125,60.8476448059082,65.86580657958984
jazz_04::control::ctrl,jazz_04,jazz,control,0.0,none,64.09475708007812,64.9886245727539,69.90399932861328
jazz_04::pitch_shift::-4st,jazz_04,jazz,pitch_shift,-4.0,semitones,56.146766662597656,55.770076751708984,65.40995788574219
jazz_04::pitch_shift::-2st,jazz_04,jazz,pitch_shift,-2.0,semitones,58.063812255859375,57.88644027709961,66.2080078125
jazz_04::pitch_shift::-1st,jazz_04,jazz,pitch_shift,-1.0,semitones,53.68867492675781,53.187313079833984,62.396331787109375
jazz_04::pitch_shift::+1st,jazz_04,jazz,pitch_shift,1.0,semitones,54.60651397705078,55.4976921081543,62.35533142089844
jazz_04::pitch_shift::+2st,jazz_04,jazz,pitch_shift,2.0,semitones,60.496707916259766,60.52309799194336,66.76113891601562
jazz_04::pitch_shift::+4st,jazz_04,jazz,pitch_shift,4.0,semitones,55.602779388427734,56.22162628173828,61.69252014160156
jazz_04::time_stretch::-20pct,jazz_04,jazz,time_stretch,-20.0,percent_tempo,33.407806396484375,32.40361022949219,44.574073791503906
jazz_04::time_stretch::-10pct,jazz_04,jazz,time_stretch,-10.0,percent_tempo,45.38142013549805,45.7777099609375,52.43202209472656
jazz_04::time_stretch::-5pct,jazz_04,jazz,time_stretch,-5.0,percent_tempo,56.55119705200195,55.963260650634766,64.12100219726562
jazz_04::time_stretch::+5pct,jazz_04,jazz,time_stretch,5.0,percent_tempo,48.42264938354492,48.78231430053711,56.819129943847656
jazz_04::time_stretch::+10pct,jazz_04,jazz,time_stretch,10.0,percent_tempo,41.66771697998047,44.024147033691406,49.81263732910156
jazz_04::time_stretch::+20pct,jazz_04,jazz,time_stretch,20.0,percent_tempo,38.38519287109375,39.43022918701172,46.46482849121094
jazz_04::lowpass::lp8000,jazz_04,jazz,lowpass,8000.0,hz_cutoff,64.11630249023438,64.99623107910156,70.09406280517578
jazz_04::lowpass::lp4000,jazz_04,jazz,lowpass,4000.0,hz_cutoff,64.51985168457031,65.28524017333984,73.60558319091797
jazz_04::lowpass::lp2000,jazz_04,jazz,lowpass,2000.0,hz_cutoff,64.54984283447266,65.32185363769531,73.27372741699219
jazz_04::distortion::drv4,jazz_04,jazz,distortion,4.0,tanh_drive,64.21931457519531,65.24098205566406,69.7958755493164
jazz_04::distortion::drv12,jazz_04,jazz,distortion,12.0,tanh_drive,63.91664123535156,64.7652359008789,72.55905151367188
jazz_04::distortion::drv32,jazz_04,jazz,distortion,32.0,tanh_drive,63.2040901184082,63.03839111328125,70.40416717529297
jazz_04::style_swap::swap_cross,jazz_04,jazz,style_swap,nan,cross_genre,42.105777740478516,44.089359283447266,47.54696273803711
jazz_04::style_swap::swap_same,jazz_04,jazz,style_swap,nan,same_genre,48.33331298828125,48.65560531616211,55.20537567138672
jazz_05::control::ctrl,jazz_05,jazz,control,0.0,none,42.10002517700195,42.65663528442383,44.76028060913086
jazz_05::pitch_shift::-4st,jazz_05,jazz,pitch_shift,-4.0,semitones,40.83856201171875,42.01213836669922,43.89157485961914
jazz_05::pitch_shift::-2st,jazz_05,jazz,pitch_shift,-2.0,semitones,42.31879425048828,43.24372482299805,44.22079849243164
jazz_05::pitch_shift::-1st,jazz_05,jazz,pitch_shift,-1.0,semitones,41.581912994384766,42.11412811279297,43.98427963256836
jazz_05::pitch_shift::+1st,jazz_05,jazz,pitch_shift,1.0,semitones,41.886024475097656,42.698204040527344,44.336944580078125
jazz_05::pitch_shift::+2st,jazz_05,jazz,pitch_shift,2.0,semitones,41.28855895996094,42.633113861083984,44.27037811279297
jazz_05::pitch_shift::+4st,jazz_05,jazz,pitch_shift,4.0,semitones,41.7371940612793,42.6715202331543,44.12492752075195
jazz_05::time_stretch::-20pct,jazz_05,jazz,time_stretch,-20.0,percent_tempo,40.22383117675781,40.78535842895508,43.325408935546875
jazz_05::time_stretch::-10pct,jazz_05,jazz,time_stretch,-10.0,percent_tempo,39.9822998046875,40.84267807006836,43.0684928894043
jazz_05::time_stretch::-5pct,jazz_05,jazz,time_stretch,-5.0,percent_tempo,41.11064910888672,41.750732421875,44.19563674926758
jazz_05::time_stretch::+5pct,jazz_05,jazz,time_stretch,5.0,percent_tempo,40.62517547607422,41.29843521118164,43.04972457885742
jazz_05::time_stretch::+10pct,jazz_05,jazz,time_stretch,10.0,percent_tempo,40.89601135253906,42.02604675292969,43.43819808959961
jazz_05::time_stretch::+20pct,jazz_05,jazz,time_stretch,20.0,percent_tempo,40.359901428222656,40.885169982910156,43.20777130126953
jazz_05::lowpass::lp8000,jazz_05,jazz,lowpass,8000.0,hz_cutoff,42.094905853271484,42.63627624511719,44.72705841064453
jazz_05::lowpass::lp4000,jazz_05,jazz,lowpass,4000.0,hz_cutoff,41.9010009765625,42.51436996459961,44.6558952331543
jazz_05::lowpass::lp2000,jazz_05,jazz,lowpass,2000.0,hz_cutoff,41.769935607910156,42.748085021972656,44.83917236328125
jazz_05::distortion::drv4,jazz_05,jazz,distortion,4.0,tanh_drive,41.924903869628906,42.510101318359375,44.73341369628906
jazz_05::distortion::drv12,jazz_05,jazz,distortion,12.0,tanh_drive,41.50733947753906,42.486785888671875,44.652618408203125
jazz_05::distortion::drv32,jazz_05,jazz,distortion,32.0,tanh_drive,41.12117004394531,42.10594177246094,44.55540466308594
jazz_05::style_swap::swap_cross,jazz_05,jazz,style_swap,nan,cross_genre,38.96656799316406,40.626007080078125,42.67845916748047
jazz_05::style_swap::swap_same,jazz_05,jazz,style_swap,nan,same_genre,42.346031188964844,42.32196807861328,45.8861198425293
jazz_06::control::ctrl,jazz_06,jazz,control,0.0,none,61.46895980834961,63.66596221923828,63.65640640258789
jazz_06::pitch_shift::-4st,jazz_06,jazz,pitch_shift,-4.0,semitones,56.44313430786133,57.11607360839844,59.93539810180664
jazz_06::pitch_shift::-2st,jazz_06,jazz,pitch_shift,-2.0,semitones,59.95075988769531,61.60387420654297,62.032310485839844
jazz_06::pitch_shift::-1st,jazz_06,jazz,pitch_shift,-1.0,semitones,52.58076095581055,58.237831115722656,55.96965408325195
jazz_06::pitch_shift::+1st,jazz_06,jazz,pitch_shift,1.0,semitones,53.88960266113281,57.44477844238281,57.4363899230957
jazz_06::pitch_shift::+2st,jazz_06,jazz,pitch_shift,2.0,semitones,58.535430908203125,59.742645263671875,60.65177536010742
jazz_06::pitch_shift::+4st,jazz_06,jazz,pitch_shift,4.0,semitones,54.3603401184082,59.09450912475586,59.12514877319336
jazz_06::time_stretch::-20pct,jazz_06,jazz,time_stretch,-20.0,percent_tempo,46.04845428466797,48.734275817871094,50.686195373535156
jazz_06::time_stretch::-10pct,jazz_06,jazz,time_stretch,-10.0,percent_tempo,43.38745880126953,47.86838150024414,46.30514144897461
jazz_06::time_stretch::-5pct,jazz_06,jazz,time_stretch,-5.0,percent_tempo,49.554405212402344,52.54239273071289,52.165496826171875
jazz_06::time_stretch::+5pct,jazz_06,jazz,time_stretch,5.0,percent_tempo,48.61103057861328,50.1451301574707,52.52579879760742
jazz_06::time_stretch::+10pct,jazz_06,jazz,time_stretch,10.0,percent_tempo,37.806400299072266,38.654823303222656,40.05777359008789
jazz_06::time_stretch::+20pct,jazz_06,jazz,time_stretch,20.0,percent_tempo,36.63282012939453,38.638938903808594,40.372745513916016
jazz_06::lowpass::lp8000,jazz_06,jazz,lowpass,8000.0,hz_cutoff,61.45747375488281,63.68384552001953,63.65787124633789
jazz_06::lowpass::lp4000,jazz_06,jazz,lowpass,4000.0,hz_cutoff,61.218265533447266,66.4072494506836,63.456363677978516
jazz_06::lowpass::lp2000,jazz_06,jazz,lowpass,2000.0,hz_cutoff,60.494102478027344,66.05623626708984,63.31190490722656
jazz_06::distortion::drv4,jazz_06,jazz,distortion,4.0,tanh_drive,61.57440185546875,63.451534271240234,63.64234161376953
jazz_06::distortion::drv12,jazz_06,jazz,distortion,12.0,tanh_drive,61.35676956176758,62.40452194213867,63.55624008178711
jazz_06::distortion::drv32,jazz_06,jazz,distortion,32.0,tanh_drive,61.18783187866211,63.63811492919922,63.54400634765625
jazz_06::style_swap::swap_cross,jazz_06,jazz,style_swap,nan,cross_genre,36.84831619262695,43.76392364501953,42.12237548828125
jazz_06::style_swap::swap_same,jazz_06,jazz,style_swap,nan,same_genre,45.9668083190918,52.67225646972656,48.59629821777344
jazz_07::control::ctrl,jazz_07,jazz,control,0.0,none,68.7470474243164,68.9899673461914,68.15052032470703
jazz_07::pitch_shift::-4st,jazz_07,jazz,pitch_shift,-4.0,semitones,61.84770584106445,59.52939224243164,64.8780746459961
jazz_07::pitch_shift::-2st,jazz_07,jazz,pitch_shift,-2.0,semitones,65.95327758789062,67.92797088623047,67.30831909179688
jazz_07::pitch_shift::-1st,jazz_07,jazz,pitch_shift,-1.0,semitones,59.235496520996094,55.27073669433594,61.831871032714844
jazz_07::pitch_shift::+1st,jazz_07,jazz,pitch_shift,1.0,semitones,59.38816452026367,58.510467529296875,60.035091400146484
jazz_07::pitch_shift::+2st,jazz_07,jazz,pitch_shift,2.0,semitones,63.643619537353516,66.02093505859375,64.6070327758789
jazz_07::pitch_shift::+4st,jazz_07,jazz,pitch_shift,4.0,semitones,61.2027473449707,63.1859016418457,60.55910110473633
jazz_07::time_stretch::-20pct,jazz_07,jazz,time_stretch,-20.0,percent_tempo,58.840023040771484,58.02541732788086,56.508697509765625
jazz_07::time_stretch::-10pct,jazz_07,jazz,time_stretch,-10.0,percent_tempo,57.32638931274414,57.24869155883789,54.463321685791016
jazz_07::time_stretch::-5pct,jazz_07,jazz,time_stretch,-5.0,percent_tempo,65.24274444580078,64.9790267944336,62.99679946899414
jazz_07::time_stretch::+5pct,jazz_07,jazz,time_stretch,5.0,percent_tempo,60.33035659790039,62.60701370239258,61.46942901611328
jazz_07::time_stretch::+10pct,jazz_07,jazz,time_stretch,10.0,percent_tempo,50.47305679321289,55.8895378112793,51.42798614501953
jazz_07::time_stretch::+20pct,jazz_07,jazz,time_stretch,20.0,percent_tempo,48.48362350463867,51.55144500732422,46.420284271240234
jazz_07::lowpass::lp8000,jazz_07,jazz,lowpass,8000.0,hz_cutoff,68.75006866455078,69.04044342041016,68.13744354248047
jazz_07::lowpass::lp4000,jazz_07,jazz,lowpass,4000.0,hz_cutoff,74.22019958496094,75.3651351928711,75.23857879638672
jazz_07::lowpass::lp2000,jazz_07,jazz,lowpass,2000.0,hz_cutoff,73.80657196044922,74.90947723388672,75.07640838623047
jazz_07::distortion::drv4,jazz_07,jazz,distortion,4.0,tanh_drive,71.69805908203125,72.05131530761719,70.25715637207031
jazz_07::distortion::drv12,jazz_07,jazz,distortion,12.0,tanh_drive,74.40377807617188,74.74479675292969,75.63290405273438
jazz_07::distortion::drv32,jazz_07,jazz,distortion,32.0,tanh_drive,74.23102569580078,74.41346740722656,75.83560180664062
jazz_07::style_swap::swap_cross,jazz_07,jazz,style_swap,nan,cross_genre,67.32186889648438,64.40484619140625,65.94091796875
jazz_07::style_swap::swap_same,jazz_07,jazz,style_swap,nan,same_genre,51.55657196044922,53.225284576416016,54.6374626159668
jazz_08::control::ctrl,jazz_08,jazz,control,0.0,none,69.48352813720703,67.5309829711914,67.0009765625
jazz_08::pitch_shift::-4st,jazz_08,jazz,pitch_shift,-4.0,semitones,64.25711059570312,62.09606170654297,64.95169830322266
jazz_08::pitch_shift::-2st,jazz_08,jazz,pitch_shift,-2.0,semitones,63.73802185058594,61.189212799072266,60.121238708496094
jazz_08::pitch_shift::-1st,jazz_08,jazz,pitch_shift,-1.0,semitones,62.36655044555664,59.33831787109375,63.139320373535156
jazz_08::pitch_shift::+1st,jazz_08,jazz,pitch_shift,1.0,semitones,60.72907638549805,60.20622253417969,61.246482849121094
jazz_08::pitch_shift::+2st,jazz_08,jazz,pitch_shift,2.0,semitones,65.06623077392578,62.38486862182617,64.81928253173828
jazz_08::pitch_shift::+4st,jazz_08,jazz,pitch_shift,4.0,semitones,64.72441864013672,64.6580581665039,63.503196716308594
jazz_08::time_stretch::-20pct,jazz_08,jazz,time_stretch,-20.0,percent_tempo,49.55754089355469,53.409690856933594,48.07677459716797
jazz_08::time_stretch::-10pct,jazz_08,jazz,time_stretch,-10.0,percent_tempo,48.926353454589844,52.40241241455078,46.692413330078125
jazz_08::time_stretch::-5pct,jazz_08,jazz,time_stretch,-5.0,percent_tempo,54.322509765625,56.397274017333984,55.25813674926758
jazz_08::time_stretch::+5pct,jazz_08,jazz,time_stretch,5.0,percent_tempo,59.168643951416016,61.6975212097168,54.873600006103516
jazz_08::time_stretch::+10pct,jazz_08,jazz,time_stretch,10.0,percent_tempo,61.62807083129883,64.98558807373047,58.42298889160156
jazz_08::time_stretch::+20pct,jazz_08,jazz,time_stretch,20.0,percent_tempo,51.216243743896484,52.34302520751953,51.077762603759766
jazz_08::lowpass::lp8000,jazz_08,jazz,lowpass,8000.0,hz_cutoff,69.5911636352539,67.80036163330078,66.97892761230469
jazz_08::lowpass::lp4000,jazz_08,jazz,lowpass,4000.0,hz_cutoff,71.14004516601562,72.5868148803711,71.6494140625
jazz_08::lowpass::lp2000,jazz_08,jazz,lowpass,2000.0,hz_cutoff,68.73128509521484,71.11074829101562,68.2665023803711
jazz_08::distortion::drv4,jazz_08,jazz,distortion,4.0,tanh_drive,69.03555297851562,67.42828369140625,66.72323608398438
jazz_08::distortion::drv12,jazz_08,jazz,distortion,12.0,tanh_drive,70.41819763183594,66.39802551269531,66.87347412109375
jazz_08::distortion::drv32,jazz_08,jazz,distortion,32.0,tanh_drive,68.2060546875,67.78022766113281,66.68302917480469
jazz_08::style_swap::swap_cross,jazz_08,jazz,style_swap,nan,cross_genre,57.39788818359375,58.18617630004883,64.29508972167969
jazz_08::style_swap::swap_same,jazz_08,jazz,style_swap,nan,same_genre,49.210723876953125,49.610652923583984,50.96509552001953
jazz_09::control::ctrl,jazz_09,jazz,control,0.0,none,56.13488006591797,52.09613800048828,61.221004486083984
jazz_09::pitch_shift::-4st,jazz_09,jazz,pitch_shift,-4.0,semitones,52.589439392089844,46.94059753417969,58.06195068359375
jazz_09::pitch_shift::-2st,jazz_09,jazz,pitch_shift,-2.0,semitones,54.284950256347656,50.93209457397461,59.266380310058594
jazz_09::pitch_shift::-1st,jazz_09,jazz,pitch_shift,-1.0,semitones,52.98504638671875,49.19554901123047,57.926734924316406
jazz_09::pitch_shift::+1st,jazz_09,jazz,pitch_shift,1.0,semitones,50.34027862548828,48.531150817871094,56.401527404785156
jazz_09::pitch_shift::+2st,jazz_09,jazz,pitch_shift,2.0,semitones,55.07630920410156,51.41080856323242,59.137939453125
jazz_09::pitch_shift::+4st,jazz_09,jazz,pitch_shift,4.0,semitones,54.4207649230957,49.78483200073242,59.39812469482422
jazz_09::time_stretch::-20pct,jazz_09,jazz,time_stretch,-20.0,percent_tempo,56.324737548828125,52.65422439575195,58.73957824707031
jazz_09::time_stretch::-10pct,jazz_09,jazz,time_stretch,-10.0,percent_tempo,56.188358306884766,52.00075149536133,59.80841064453125
jazz_09::time_stretch::-5pct,jazz_09,jazz,time_stretch,-5.0,percent_tempo,56.14067077636719,51.91770935058594,60.46758270263672
jazz_09::time_stretch::+5pct,jazz_09,jazz,time_stretch,5.0,percent_tempo,55.69404983520508,51.50971984863281,59.57550811767578
jazz_09::time_stretch::+10pct,jazz_09,jazz,time_stretch,10.0,percent_tempo,54.97758865356445,50.73990249633789,58.904747009277344
jazz_09::time_stretch::+20pct,jazz_09,jazz,time_stretch,20.0,percent_tempo,55.553897857666016,51.20222473144531,59.121280670166016
jazz_09::lowpass::lp8000,jazz_09,jazz,lowpass,8000.0,hz_cutoff,56.16823196411133,52.104736328125,61.21727752685547
jazz_09::lowpass::lp4000,jazz_09,jazz,lowpass,4000.0,hz_cutoff,55.0005989074707,50.87077713012695,59.62418746948242
jazz_09::lowpass::lp2000,jazz_09,jazz,lowpass,2000.0,hz_cutoff,54.935054779052734,52.42034149169922,57.855918884277344
jazz_09::distortion::drv4,jazz_09,jazz,distortion,4.0,tanh_drive,55.988075256347656,52.074951171875,61.07194137573242
jazz_09::distortion::drv12,jazz_09,jazz,distortion,12.0,tanh_drive,55.515663146972656,51.98225021362305,60.54244613647461
jazz_09::distortion::drv32,jazz_09,jazz,distortion,32.0,tanh_drive,55.040855407714844,50.63888931274414,59.14645767211914
jazz_09::style_swap::swap_cross,jazz_09,jazz,style_swap,nan,cross_genre,47.6666259765625,48.306522369384766,49.98556137084961
jazz_09::style_swap::swap_same,jazz_09,jazz,style_swap,nan,same_genre,41.21108627319336,44.88092803955078,46.1078987121582
jazz_10::control::ctrl,jazz_10,jazz,control,0.0,none,64.07476043701172,64.9420394897461,64.73621368408203
jazz_10::pitch_shift::-4st,jazz_10,jazz,pitch_shift,-4.0,semitones,62.322547912597656,61.83401870727539,62.332977294921875
jazz_10::pitch_shift::-2st,jazz_10,jazz,pitch_shift,-2.0,semitones,62.19452667236328,62.17200469970703,63.74250411987305
jazz_10::pitch_shift::-1st,jazz_10,jazz,pitch_shift,-1.0,semitones,62.485599517822266,62.88265609741211,63.47422409057617
jazz_10::pitch_shift::+1st,jazz_10,jazz,pitch_shift,1.0,semitones,60.410255432128906,60.461021423339844,61.16323471069336
jazz_10::pitch_shift::+2st,jazz_10,jazz,pitch_shift,2.0,semitones,62.91779708862305,63.40651321411133,64.92051696777344
jazz_10::pitch_shift::+4st,jazz_10,jazz,pitch_shift,4.0,semitones,62.443809509277344,63.119632720947266,63.781856536865234
jazz_10::time_stretch::-20pct,jazz_10,jazz,time_stretch,-20.0,percent_tempo,44.302181243896484,49.307945251464844,44.6680793762207
jazz_10::time_stretch::-10pct,jazz_10,jazz,time_stretch,-10.0,percent_tempo,46.828575134277344,48.76911544799805,47.05287170410156
jazz_10::time_stretch::-5pct,jazz_10,jazz,time_stretch,-5.0,percent_tempo,53.636146545410156,53.858516693115234,53.48942947387695
jazz_10::time_stretch::+5pct,jazz_10,jazz,time_stretch,5.0,percent_tempo,54.786582946777344,58.56886291503906,54.12015151977539
jazz_10::time_stretch::+10pct,jazz_10,jazz,time_stretch,10.0,percent_tempo,49.30002212524414,52.2270622253418,48.151336669921875
jazz_10::time_stretch::+20pct,jazz_10,jazz,time_stretch,20.0,percent_tempo,46.187042236328125,57.79873275756836,43.06621170043945
jazz_10::lowpass::lp8000,jazz_10,jazz,lowpass,8000.0,hz_cutoff,64.1973876953125,64.99256896972656,64.74835205078125
jazz_10::lowpass::lp4000,jazz_10,jazz,lowpass,4000.0,hz_cutoff,72.31542205810547,72.31190490722656,72.96086883544922
jazz_10::lowpass::lp2000,jazz_10,jazz,lowpass,2000.0,hz_cutoff,72.32328796386719,74.11846923828125,72.34790802001953
jazz_10::distortion::drv4,jazz_10,jazz,distortion,4.0,tanh_drive,66.21046447753906,66.02375030517578,65.30620574951172
jazz_10::distortion::drv12,jazz_10,jazz,distortion,12.0,tanh_drive,70.2835693359375,72.13691711425781,68.71070098876953
jazz_10::distortion::drv32,jazz_10,jazz,distortion,32.0,tanh_drive,70.7857437133789,73.06597137451172,71.83580780029297
jazz_10::style_swap::swap_cross,jazz_10,jazz,style_swap,nan,cross_genre,67.92964172363281,68.00432586669922,67.5151138305664
jazz_10::style_swap::swap_same,jazz_10,jazz,style_swap,nan,same_genre,47.95512008666992,51.0350341796875,47.92170715332031
jazz_11::control::ctrl,jazz_11,jazz,control,0.0,none,65.36578369140625,66.03125,64.89878845214844
jazz_11::pitch_shift::-4st,jazz_11,jazz,pitch_shift,-4.0,semitones,53.911746978759766,54.570556640625,55.81405258178711
jazz_11::pitch_shift::-2st,jazz_11,jazz,pitch_shift,-2.0,semitones,60.4859504699707,62.23735046386719,59.58304214477539
jazz_11::pitch_shift::-1st,jazz_11,jazz,pitch_shift,-1.0,semitones,52.19835662841797,54.58954620361328,52.56285858154297
jazz_11::pitch_shift::+1st,jazz_11,jazz,pitch_shift,1.0,semitones,51.089237213134766,53.02922439575195,53.21230697631836
jazz_11::pitch_shift::+2st,jazz_11,jazz,pitch_shift,2.0,semitones,60.032676696777344,61.63075256347656,62.2672119140625
jazz_11::pitch_shift::+4st,jazz_11,jazz,pitch_shift,4.0,semitones,53.911376953125,62.28898239135742,56.72149658203125
jazz_11::time_stretch::-20pct,jazz_11,jazz,time_stretch,-20.0,percent_tempo,53.78614807128906,59.93046569824219,53.31770324707031
jazz_11::time_stretch::-10pct,jazz_11,jazz,time_stretch,-10.0,percent_tempo,45.07041931152344,54.14446258544922,49.96084213256836
jazz_11::time_stretch::-5pct,jazz_11,jazz,time_stretch,-5.0,percent_tempo,52.20703125,58.8814582824707,56.19984817504883
jazz_11::time_stretch::+5pct,jazz_11,jazz,time_stretch,5.0,percent_tempo,56.90397644042969,57.99490737915039,56.86430740356445
jazz_11::time_stretch::+10pct,jazz_11,jazz,time_stretch,10.0,percent_tempo,55.22438049316406,61.525054931640625,53.381858825683594
jazz_11::time_stretch::+20pct,jazz_11,jazz,time_stretch,20.0,percent_tempo,56.2683219909668,60.92872619628906,58.98160934448242
jazz_11::lowpass::lp8000,jazz_11,jazz,lowpass,8000.0,hz_cutoff,65.58949279785156,66.89098358154297,64.85883331298828
jazz_11::lowpass::lp4000,jazz_11,jazz,lowpass,4000.0,hz_cutoff,70.32789611816406,72.65975189208984,72.2536392211914
jazz_11::lowpass::lp2000,jazz_11,jazz,lowpass,2000.0,hz_cutoff,70.59174346923828,72.33320617675781,72.119873046875
jazz_11::distortion::drv4,jazz_11,jazz,distortion,4.0,tanh_drive,68.9190673828125,71.86137390136719,66.97232055664062
jazz_11::distortion::drv12,jazz_11,jazz,distortion,12.0,tanh_drive,68.3114242553711,72.65771484375,68.974365234375
jazz_11::distortion::drv32,jazz_11,jazz,distortion,32.0,tanh_drive,69.86348724365234,71.03474426269531,69.49627685546875
jazz_11::style_swap::swap_cross,jazz_11,jazz,style_swap,nan,cross_genre,64.21498107910156,67.9488525390625,66.85999298095703
jazz_11::style_swap::swap_same,jazz_11,jazz,style_swap,nan,same_genre,50.43990707397461,53.92427062988281,53.00885009765625
jazz_12::control::ctrl,jazz_12,jazz,control,0.0,none,64.72193908691406,63.30796813964844,71.47856140136719
jazz_12::pitch_shift::-4st,jazz_12,jazz,pitch_shift,-4.0,semitones,61.366424560546875,60.213050842285156,69.3381576538086
jazz_12::pitch_shift::-2st,jazz_12,jazz,pitch_shift,-2.0,semitones,63.6328125,62.07832717895508,70.54987335205078
jazz_12::pitch_shift::-1st,jazz_12,jazz,pitch_shift,-1.0,semitones,62.59453201293945,61.25819396972656,69.881591796875
jazz_12::pitch_shift::+1st,jazz_12,jazz,pitch_shift,1.0,semitones,60.29280471801758,58.940338134765625,67.90766906738281
jazz_12::pitch_shift::+2st,jazz_12,jazz,pitch_shift,2.0,semitones,61.715118408203125,62.30549621582031,67.24591064453125
jazz_12::pitch_shift::+4st,jazz_12,jazz,pitch_shift,4.0,semitones,61.876583099365234,60.65639114379883,68.58080291748047
jazz_12::time_stretch::-20pct,jazz_12,jazz,time_stretch,-20.0,percent_tempo,39.40123748779297,39.80893325805664,46.187503814697266
jazz_12::time_stretch::-10pct,jazz_12,jazz,time_stretch,-10.0,percent_tempo,41.58114242553711,40.32172775268555,47.71575164794922
jazz_12::time_stretch::-5pct,jazz_12,jazz,time_stretch,-5.0,percent_tempo,57.003379821777344,55.60234451293945,64.00434112548828
jazz_12::time_stretch::+5pct,jazz_12,jazz,time_stretch,5.0,percent_tempo,53.574344635009766,52.388423919677734,60.33711624145508
jazz_12::time_stretch::+10pct,jazz_12,jazz,time_stretch,10.0,percent_tempo,45.56948471069336,44.98591232299805,53.60495376586914
jazz_12::time_stretch::+20pct,jazz_12,jazz,time_stretch,20.0,percent_tempo,45.1453742980957,43.548583984375,51.150108337402344
jazz_12::lowpass::lp8000,jazz_12,jazz,lowpass,8000.0,hz_cutoff,64.75045013427734,63.461631774902344,71.45149993896484
jazz_12::lowpass::lp4000,jazz_12,jazz,lowpass,4000.0,hz_cutoff,66.18352508544922,65.10350036621094,73.89064025878906
jazz_12::lowpass::lp2000,jazz_12,jazz,lowpass,2000.0,hz_cutoff,66.15589141845703,65.70655822753906,74.1143798828125
jazz_12::distortion::drv4,jazz_12,jazz,distortion,4.0,tanh_drive,64.51753234863281,61.52882385253906,71.84988403320312
jazz_12::distortion::drv12,jazz_12,jazz,distortion,12.0,tanh_drive,65.22730255126953,62.91510009765625,72.0500717163086
jazz_12::distortion::drv32,jazz_12,jazz,distortion,32.0,tanh_drive,65.57723236083984,62.721187591552734,72.19512176513672
jazz_12::style_swap::swap_cross,jazz_12,jazz,style_swap,nan,cross_genre,55.841976165771484,55.208839416503906,63.8609619140625
jazz_12::style_swap::swap_same,jazz_12,jazz,style_swap,nan,same_genre,57.93756103515625,58.74995040893555,64.15245056152344
jazz_13::control::ctrl,jazz_13,jazz,control,0.0,none,71.8684310913086,71.74097442626953,70.26679992675781
jazz_13::pitch_shift::-4st,jazz_13,jazz,pitch_shift,-4.0,semitones,68.20243835449219,68.97771453857422,66.58683776855469
jazz_13::pitch_shift::-2st,jazz_13,jazz,pitch_shift,-2.0,semitones,68.32647705078125,69.17683410644531,67.94783782958984
jazz_13::pitch_shift::-1st,jazz_13,jazz,pitch_shift,-1.0,semitones,65.59536743164062,68.00145721435547,64.4583969116211
jazz_13::pitch_shift::+1st,jazz_13,jazz,pitch_shift,1.0,semitones,68.9182357788086,69.1985855102539,65.15740966796875
jazz_13::pitch_shift::+2st,jazz_13,jazz,pitch_shift,2.0,semitones,69.96497344970703,71.26319122314453,68.44265747070312
jazz_13::pitch_shift::+4st,jazz_13,jazz,pitch_shift,4.0,semitones,64.10098266601562,66.21844482421875,62.549415588378906
jazz_13::time_stretch::-20pct,jazz_13,jazz,time_stretch,-20.0,percent_tempo,60.47663879394531,63.160850524902344,57.38706588745117
jazz_13::time_stretch::-10pct,jazz_13,jazz,time_stretch,-10.0,percent_tempo,51.81574249267578,50.34784698486328,48.24258041381836
jazz_13::time_stretch::-5pct,jazz_13,jazz,time_stretch,-5.0,percent_tempo,61.58657455444336,62.09450912475586,58.95267105102539
jazz_13::time_stretch::+5pct,jazz_13,jazz,time_stretch,5.0,percent_tempo,63.77171325683594,63.272483825683594,60.73834991455078
jazz_13::time_stretch::+10pct,jazz_13,jazz,time_stretch,10.0,percent_tempo,57.81717300415039,59.91496276855469,56.71343231201172
jazz_13::time_stretch::+20pct,jazz_13,jazz,time_stretch,20.0,percent_tempo,45.559146881103516,44.948646545410156,44.47364044189453
jazz_13::lowpass::lp8000,jazz_13,jazz,lowpass,8000.0,hz_cutoff,71.88961791992188,71.81464385986328,70.26912689208984
jazz_13::lowpass::lp4000,jazz_13,jazz,lowpass,4000.0,hz_cutoff,71.38807678222656,71.0335693359375,70.53910064697266
jazz_13::lowpass::lp2000,jazz_13,jazz,lowpass,2000.0,hz_cutoff,71.60828399658203,71.46754455566406,69.90589904785156
jazz_13::distortion::drv4,jazz_13,jazz,distortion,4.0,tanh_drive,72.00877380371094,71.77687072753906,70.68560791015625
jazz_13::distortion::drv12,jazz_13,jazz,distortion,12.0,tanh_drive,71.92728424072266,71.42237854003906,69.96631622314453
jazz_13::distortion::drv32,jazz_13,jazz,distortion,32.0,tanh_drive,71.58025360107422,70.59230041503906,69.17778015136719
jazz_13::style_swap::swap_cross,jazz_13,jazz,style_swap,nan,cross_genre,60.8075065612793,57.41204071044922,56.06182861328125
jazz_13::style_swap::swap_same,jazz_13,jazz,style_swap,nan,same_genre,64.2032699584961,62.303924560546875,61.57628631591797
jazz_14::control::ctrl,jazz_14,jazz,control,0.0,none,76.37006378173828,70.82254028320312,73.89877319335938
jazz_14::pitch_shift::-4st,jazz_14,jazz,pitch_shift,-4.0,semitones,68.79550170898438,68.58084869384766,70.23029327392578
jazz_14::pitch_shift::-2st,jazz_14,jazz,pitch_shift,-2.0,semitones,69.65068054199219,67.86192321777344,70.08771514892578
jazz_14::pitch_shift::-1st,jazz_14,jazz,pitch_shift,-1.0,semitones,62.20344543457031,60.82423782348633,66.69367218017578
jazz_14::pitch_shift::+1st,jazz_14,jazz,pitch_shift,1.0,semitones,61.294734954833984,61.793399810791016,60.978397369384766
jazz_14::pitch_shift::+2st,jazz_14,jazz,pitch_shift,2.0,semitones,65.25433349609375,63.59473419189453,65.12606811523438
jazz_14::pitch_shift::+4st,jazz_14,jazz,pitch_shift,4.0,semitones,66.05097961425781,66.35465240478516,65.11808013916016
jazz_14::time_stretch::-20pct,jazz_14,jazz,time_stretch,-20.0,percent_tempo,62.75354766845703,66.41494750976562,58.4236946105957
jazz_14::time_stretch::-10pct,jazz_14,jazz,time_stretch,-10.0,percent_tempo,54.82212829589844,55.79062271118164,51.976932525634766
jazz_14::time_stretch::-5pct,jazz_14,jazz,time_stretch,-5.0,percent_tempo,64.14181518554688,63.09668731689453,59.127220153808594
jazz_14::time_stretch::+5pct,jazz_14,jazz,time_stretch,5.0,percent_tempo,64.45938110351562,67.76513671875,60.496315002441406
jazz_14::time_stretch::+10pct,jazz_14,jazz,time_stretch,10.0,percent_tempo,52.97224044799805,54.15397644042969,50.9429817199707
jazz_14::time_stretch::+20pct,jazz_14,jazz,time_stretch,20.0,percent_tempo,57.92710876464844,61.429595947265625,53.721134185791016
jazz_14::lowpass::lp8000,jazz_14,jazz,lowpass,8000.0,hz_cutoff,76.40454864501953,70.9600830078125,74.01315307617188
jazz_14::lowpass::lp4000,jazz_14,jazz,lowpass,4000.0,hz_cutoff,76.14015197753906,73.04994201660156,75.46224212646484
jazz_14::lowpass::lp2000,jazz_14,jazz,lowpass,2000.0,hz_cutoff,76.47465515136719,77.24418640136719,76.23844909667969
jazz_14::distortion::drv4,jazz_14,jazz,distortion,4.0,tanh_drive,76.62261199951172,73.95670318603516,72.77522277832031
jazz_14::distortion::drv12,jazz_14,jazz,distortion,12.0,tanh_drive,74.80077362060547,74.24979400634766,74.59376525878906
jazz_14::distortion::drv32,jazz_14,jazz,distortion,32.0,tanh_drive,72.42849731445312,76.53846740722656,71.60355377197266
jazz_14::style_swap::swap_cross,jazz_14,jazz,style_swap,nan,cross_genre,67.81287384033203,71.90106964111328,68.50886535644531
jazz_14::style_swap::swap_same,jazz_14,jazz,style_swap,nan,same_genre,49.37847137451172,54.8668098449707,49.594383239746094
jazz_15::control::ctrl,jazz_15,jazz,control,0.0,none,59.13203048706055,60.976722717285156,64.43585968017578
jazz_15::pitch_shift::-4st,jazz_15,jazz,pitch_shift,-4.0,semitones,48.92707443237305,53.90327072143555,53.53157424926758
jazz_15::pitch_shift::-2st,jazz_15,jazz,pitch_shift,-2.0,semitones,54.962974548339844,55.72598648071289,59.40919876098633
jazz_15::pitch_shift::-1st,jazz_15,jazz,pitch_shift,-1.0,semitones,47.543704986572266,50.38467025756836,51.57480239868164
jazz_15::pitch_shift::+1st,jazz_15,jazz,pitch_shift,1.0,semitones,48.83859634399414,51.4218635559082,50.84043884277344
jazz_15::pitch_shift::+2st,jazz_15,jazz,pitch_shift,2.0,semitones,53.643131256103516,57.86649703979492,53.157413482666016
jazz_15::pitch_shift::+4st,jazz_15,jazz,pitch_shift,4.0,semitones,49.826576232910156,49.004695892333984,53.05513381958008
jazz_15::time_stretch::-20pct,jazz_15,jazz,time_stretch,-20.0,percent_tempo,54.65620422363281,54.635616302490234,60.05934143066406
jazz_15::time_stretch::-10pct,jazz_15,jazz,time_stretch,-10.0,percent_tempo,52.52487564086914,54.30236053466797,56.66569900512695
jazz_15::time_stretch::-5pct,jazz_15,jazz,time_stretch,-5.0,percent_tempo,48.26555252075195,54.55690383911133,53.61714553833008
jazz_15::time_stretch::+5pct,jazz_15,jazz,time_stretch,5.0,percent_tempo,57.97211456298828,59.219261169433594,63.197914123535156
jazz_15::time_stretch::+10pct,jazz_15,jazz,time_stretch,10.0,percent_tempo,48.64291763305664,48.7741584777832,53.823551177978516
jazz_15::time_stretch::+20pct,jazz_15,jazz,time_stretch,20.0,percent_tempo,51.70663070678711,50.343238830566406,56.40312957763672
jazz_15::lowpass::lp8000,jazz_15,jazz,lowpass,8000.0,hz_cutoff,59.12987518310547,61.00226593017578,64.43740844726562
jazz_15::lowpass::lp4000,jazz_15,jazz,lowpass,4000.0,hz_cutoff,59.200565338134766,61.0988655090332,64.47006225585938
jazz_15::lowpass::lp2000,jazz_15,jazz,lowpass,2000.0,hz_cutoff,58.80821990966797,60.68312454223633,63.583919525146484
jazz_15::distortion::drv4,jazz_15,jazz,distortion,4.0,tanh_drive,58.80942916870117,60.921287536621094,64.22312927246094
jazz_15::distortion::drv12,jazz_15,jazz,distortion,12.0,tanh_drive,58.15357971191406,59.854026794433594,62.6864013671875
jazz_15::distortion::drv32,jazz_15,jazz,distortion,32.0,tanh_drive,57.03929138183594,57.3460693359375,62.37754821777344
jazz_15::style_swap::swap_cross,jazz_15,jazz,style_swap,nan,cross_genre,49.72182083129883,51.03412628173828,53.56990051269531
jazz_15::style_swap::swap_same,jazz_15,jazz,style_swap,nan,same_genre,39.785194396972656,40.957706451416016,44.719818115234375
rock_01::control::ctrl,rock_01,rock,control,0.0,none,69.53083801269531,67.88385772705078,70.88626098632812
rock_01::pitch_shift::-4st,rock_01,rock,pitch_shift,-4.0,semitones,59.78358840942383,59.06212615966797,63.503971099853516
rock_01::pitch_shift::-2st,rock_01,rock,pitch_shift,-2.0,semitones,67.1421127319336,65.25625610351562,69.02268981933594
rock_01::pitch_shift::-1st,rock_01,rock,pitch_shift,-1.0,semitones,61.427940368652344,60.96287155151367,64.66063690185547
rock_01::pitch_shift::+1st,rock_01,rock,pitch_shift,1.0,semitones,65.2955093383789,63.52778625488281,69.28528594970703
rock_01::pitch_shift::+2st,rock_01,rock,pitch_shift,2.0,semitones,66.12782287597656,64.69905853271484,68.6598892211914
rock_01::pitch_shift::+4st,rock_01,rock,pitch_shift,4.0,semitones,62.96875762939453,60.55546951293945,67.9654541015625
rock_01::time_stretch::-20pct,rock_01,rock,time_stretch,-20.0,percent_tempo,59.837562561035156,59.9831657409668,62.95310974121094
rock_01::time_stretch::-10pct,rock_01,rock,time_stretch,-10.0,percent_tempo,50.91920852661133,49.98236083984375,53.4939079284668
rock_01::time_stretch::-5pct,rock_01,rock,time_stretch,-5.0,percent_tempo,59.134117126464844,55.62533187866211,61.66783905029297
rock_01::time_stretch::+5pct,rock_01,rock,time_stretch,5.0,percent_tempo,62.433963775634766,64.27429962158203,61.00847625732422
rock_01::time_stretch::+10pct,rock_01,rock,time_stretch,10.0,percent_tempo,49.307044982910156,48.40132522583008,53.120365142822266
rock_01::time_stretch::+20pct,rock_01,rock,time_stretch,20.0,percent_tempo,48.65451431274414,48.445945739746094,50.30613327026367
rock_01::lowpass::lp8000,rock_01,rock,lowpass,8000.0,hz_cutoff,69.53179931640625,68.2872543334961,70.76283264160156
rock_01::lowpass::lp4000,rock_01,rock,lowpass,4000.0,hz_cutoff,76.18311309814453,73.51678466796875,75.95647430419922
rock_01::lowpass::lp2000,rock_01,rock,lowpass,2000.0,hz_cutoff,75.50785827636719,73.28086853027344,75.39423370361328
rock_01::distortion::drv4,rock_01,rock,distortion,4.0,tanh_drive,73.89820861816406,71.55188751220703,75.19828033447266
rock_01::distortion::drv12,rock_01,rock,distortion,12.0,tanh_drive,71.18622589111328,71.7431869506836,73.6822738647461
rock_01::distortion::drv32,rock_01,rock,distortion,32.0,tanh_drive,68.95509338378906,67.65800476074219,70.43511962890625
rock_01::style_swap::swap_cross,rock_01,rock,style_swap,nan,cross_genre,63.55179214477539,61.247406005859375,69.0802001953125
rock_01::style_swap::swap_same,rock_01,rock,style_swap,nan,same_genre,55.455780029296875,60.678314208984375,59.20758056640625
rock_02::control::ctrl,rock_02,rock,control,0.0,none,70.78377532958984,72.48001098632812,75.71776580810547
rock_02::pitch_shift::-4st,rock_02,rock,pitch_shift,-4.0,semitones,66.51795959472656,62.778465270996094,70.48011016845703
rock_02::pitch_shift::-2st,rock_02,rock,pitch_shift,-2.0,semitones,70.32666015625,69.94972229003906,74.88462829589844
rock_02::pitch_shift::-1st,rock_02,rock,pitch_shift,-1.0,semitones,67.48908233642578,67.57637023925781,72.33504486083984
rock_02::pitch_shift::+1st,rock_02,rock,pitch_shift,1.0,semitones,68.50570678710938,68.62934112548828,72.38529205322266
rock_02::pitch_shift::+2st,rock_02,rock,pitch_shift,2.0,semitones,69.7455062866211,68.9401626586914,74.47351837158203
rock_02::pitch_shift::+4st,rock_02,rock,pitch_shift,4.0,semitones,68.92221069335938,68.17626953125,70.72257995605469
rock_02::time_stretch::-20pct,rock_02,rock,time_stretch,-20.0,percent_tempo,40.56774139404297,47.52941131591797,44.649681091308594
rock_02::time_stretch::-10pct,rock_02,rock,time_stretch,-10.0,percent_tempo,53.97945022583008,54.97635269165039,55.50743103027344
rock_02::time_stretch::-5pct,rock_02,rock,time_stretch,-5.0,percent_tempo,64.60735321044922,63.597896575927734,68.848388671875
rock_02::time_stretch::+5pct,rock_02,rock,time_stretch,5.0,percent_tempo,56.54347229003906,58.49551773071289,60.4448127746582
rock_02::time_stretch::+10pct,rock_02,rock,time_stretch,10.0,percent_tempo,54.14104080200195,55.432647705078125,57.1922607421875
rock_02::time_stretch::+20pct,rock_02,rock,time_stretch,20.0,percent_tempo,46.32195281982422,49.302215576171875,49.93831253051758
rock_02::lowpass::lp8000,rock_02,rock,lowpass,8000.0,hz_cutoff,70.77853393554688,72.4819564819336,75.69385528564453
rock_02::lowpass::lp4000,rock_02,rock,lowpass,4000.0,hz_cutoff,70.83283233642578,72.55657958984375,75.82353973388672
rock_02::lowpass::lp2000,rock_02,rock,lowpass,2000.0,hz_cutoff,69.51425170898438,71.01960754394531,75.18140411376953
rock_02::distortion::drv4,rock_02,rock,distortion,4.0,tanh_drive,70.5718002319336,71.3085708618164,75.61434173583984
rock_02::distortion::drv12,rock_02,rock,distortion,12.0,tanh_drive,69.81367492675781,68.52255249023438,73.36795043945312
rock_02::distortion::drv32,rock_02,rock,distortion,32.0,tanh_drive,68.11343383789062,67.20467376708984,71.05806732177734
rock_02::style_swap::swap_cross,rock_02,rock,style_swap,nan,cross_genre,39.862281799316406,40.36552810668945,42.88495635986328
rock_02::style_swap::swap_same,rock_02,rock,style_swap,nan,same_genre,50.97934341430664,54.881202697753906,55.16271209716797
rock_03::control::ctrl,rock_03,rock,control,0.0,none,62.74750518798828,68.73438262939453,67.95149230957031
rock_03::pitch_shift::-4st,rock_03,rock,pitch_shift,-4.0,semitones,60.93144607543945,65.44055938720703,67.43971252441406
rock_03::pitch_shift::-2st,rock_03,rock,pitch_shift,-2.0,semitones,61.780670166015625,68.08953094482422,67.90035247802734
rock_03::pitch_shift::-1st,rock_03,rock,pitch_shift,-1.0,semitones,60.507904052734375,63.80035400390625,66.89448547363281
rock_03::pitch_shift::+1st,rock_03,rock,pitch_shift,1.0,semitones,59.835426330566406,62.93812942504883,66.12677764892578
rock_03::pitch_shift::+2st,rock_03,rock,pitch_shift,2.0,semitones,61.7490119934082,68.19023132324219,66.93598937988281
rock_03::pitch_shift::+4st,rock_03,rock,pitch_shift,4.0,semitones,60.93071365356445,68.71529388427734,66.68903350830078
rock_03::time_stretch::-20pct,rock_03,rock,time_stretch,-20.0,percent_tempo,41.45640563964844,50.82801818847656,43.065303802490234
rock_03::time_stretch::-10pct,rock_03,rock,time_stretch,-10.0,percent_tempo,40.48796844482422,48.970306396484375,44.463653564453125
rock_03::time_stretch::-5pct,rock_03,rock,time_stretch,-5.0,percent_tempo,52.9078483581543,55.27337646484375,55.90447235107422
rock_03::time_stretch::+5pct,rock_03,rock,time_stretch,5.0,percent_tempo,56.44900131225586,64.55965423583984,58.63936233520508
rock_03::time_stretch::+10pct,rock_03,rock,time_stretch,10.0,percent_tempo,50.987770080566406,57.14786148071289,54.78386306762695
rock_03::time_stretch::+20pct,rock_03,rock,time_stretch,20.0,percent_tempo,46.09433364868164,51.277976989746094,49.858665466308594
rock_03::lowpass::lp8000,rock_03,rock,lowpass,8000.0,hz_cutoff,62.73054504394531,69.3311538696289,67.96382141113281
rock_03::lowpass::lp4000,rock_03,rock,lowpass,4000.0,hz_cutoff,62.535160064697266,68.23463439941406,68.07703399658203
rock_03::lowpass::lp2000,rock_03,rock,lowpass,2000.0,hz_cutoff,61.14639663696289,67.42659759521484,66.90758514404297
rock_03::distortion::drv4,rock_03,rock,distortion,4.0,tanh_drive,61.64558410644531,69.259765625,66.74286651611328
rock_03::distortion::drv12,rock_03,rock,distortion,12.0,tanh_drive,60.105491638183594,63.611019134521484,64.35772705078125
rock_03::distortion::drv32,rock_03,rock,distortion,32.0,tanh_drive,58.09146499633789,63.195186614990234,62.35428237915039
rock_03::style_swap::swap_cross,rock_03,rock,style_swap,nan,cross_genre,45.550933837890625,49.51429748535156,49.761104583740234
rock_03::style_swap::swap_same,rock_03,rock,style_swap,nan,same_genre,50.22576904296875,54.554935455322266,54.384010314941406
rock_04::control::ctrl,rock_04,rock,control,0.0,none,67.61338806152344,66.7559585571289,68.23554229736328
rock_04::pitch_shift::-4st,rock_04,rock,pitch_shift,-4.0,semitones,65.96376037597656,64.73762512207031,65.65606689453125
rock_04::pitch_shift::-2st,rock_04,rock,pitch_shift,-2.0,semitones,66.92827606201172,64.63330078125,67.10645294189453
rock_04::pitch_shift::-1st,rock_04,rock,pitch_shift,-1.0,semitones,66.70819091796875,64.17223358154297,67.4297103881836
rock_04::pitch_shift::+1st,rock_04,rock,pitch_shift,1.0,semitones,66.16303253173828,61.881649017333984,67.31263732910156
rock_04::pitch_shift::+2st,rock_04,rock,pitch_shift,2.0,semitones,67.31343078613281,63.640357971191406,67.97225189208984
rock_04::pitch_shift::+4st,rock_04,rock,pitch_shift,4.0,semitones,67.4180679321289,62.94878387451172,66.6567153930664
rock_04::time_stretch::-20pct,rock_04,rock,time_stretch,-20.0,percent_tempo,53.74372482299805,60.24491882324219,53.04587936401367
rock_04::time_stretch::-10pct,rock_04,rock,time_stretch,-10.0,percent_tempo,40.944854736328125,52.38155746459961,42.11819839477539
rock_04::time_stretch::-5pct,rock_04,rock,time_stretch,-5.0,percent_tempo,56.89642333984375,60.48238754272461,57.69017028808594
rock_04::time_stretch::+5pct,rock_04,rock,time_stretch,5.0,percent_tempo,59.60350036621094,62.072200775146484,58.34624481201172
rock_04::time_stretch::+10pct,rock_04,rock,time_stretch,10.0,percent_tempo,55.419795989990234,59.15213394165039,53.08613586425781
rock_04::time_stretch::+20pct,rock_04,rock,time_stretch,20.0,percent_tempo,51.588199615478516,62.58158493041992,49.09792709350586
rock_04::lowpass::lp8000,rock_04,rock,lowpass,8000.0,hz_cutoff,67.6098861694336,66.76728820800781,68.2311019897461
rock_04::lowpass::lp4000,rock_04,rock,lowpass,4000.0,hz_cutoff,66.3670883178711,64.3885269165039,68.1011962890625
rock_04::lowpass::lp2000,rock_04,rock,lowpass,2000.0,hz_cutoff,64.87410736083984,62.23522186279297,66.60469818115234
rock_04::distortion::drv4,rock_04,rock,distortion,4.0,tanh_drive,67.38975524902344,66.21964263916016,67.50308990478516
rock_04::distortion::drv12,rock_04,rock,distortion,12.0,tanh_drive,66.5174789428711,61.55610656738281,66.31466674804688
rock_04::distortion::drv32,rock_04,rock,distortion,32.0,tanh_drive,63.05439758300781,59.38664245605469,62.8317756652832
rock_04::style_swap::swap_cross,rock_04,rock,style_swap,nan,cross_genre,57.65121078491211,57.0503044128418,56.41680145263672
rock_04::style_swap::swap_same,rock_04,rock,style_swap,nan,same_genre,53.57916259765625,60.89653396606445,52.87847900390625
rock_05::control::ctrl,rock_05,rock,control,0.0,none,70.84520721435547,66.35214233398438,71.35408020019531
rock_05::pitch_shift::-4st,rock_05,rock,pitch_shift,-4.0,semitones,68.62940216064453,67.28723907470703,69.9361343383789
rock_05::pitch_shift::-2st,rock_05,rock,pitch_shift,-2.0,semitones,68.88387298583984,66.12564086914062,69.97746276855469
rock_05::pitch_shift::-1st,rock_05,rock,pitch_shift,-1.0,semitones,69.03330993652344,66.5499038696289,69.1728286743164
rock_05::pitch_shift::+1st,rock_05,rock,pitch_shift,1.0,semitones,69.40743255615234,65.22390747070312,71.00125122070312
rock_05::pitch_shift::+2st,rock_05,rock,pitch_shift,2.0,semitones,67.77722930908203,65.18023681640625,71.29418182373047
rock_05::pitch_shift::+4st,rock_05,rock,pitch_shift,4.0,semitones,68.90736389160156,66.70024108886719,72.57887268066406
rock_05::time_stretch::-20pct,rock_05,rock,time_stretch,-20.0,percent_tempo,54.847686767578125,52.55386734008789,55.88128662109375
rock_05::time_stretch::-10pct,rock_05,rock,time_stretch,-10.0,percent_tempo,54.51815414428711,47.73087692260742,54.27885818481445
rock_05::time_stretch::-5pct,rock_05,rock,time_stretch,-5.0,percent_tempo,51.26939010620117,46.80614471435547,51.49094009399414
rock_05::time_stretch::+5pct,rock_05,rock,time_stretch,5.0,percent_tempo,57.12434005737305,51.22944259643555,60.316001892089844
rock_05::time_stretch::+10pct,rock_05,rock,time_stretch,10.0,percent_tempo,55.6989860534668,56.79407501220703,59.04625701904297
rock_05::time_stretch::+20pct,rock_05,rock,time_stretch,20.0,percent_tempo,46.504451751708984,43.088924407958984,47.500267028808594
rock_05::lowpass::lp8000,rock_05,rock,lowpass,8000.0,hz_cutoff,70.94279479980469,66.49224090576172,71.05460357666016
rock_05::lowpass::lp4000,rock_05,rock,lowpass,4000.0,hz_cutoff,72.84844207763672,68.59989929199219,75.88760375976562
rock_05::lowpass::lp2000,rock_05,rock,lowpass,2000.0,hz_cutoff,71.67674255371094,66.62057495117188,74.57025909423828
rock_05::distortion::drv4,rock_05,rock,distortion,4.0,tanh_drive,70.62339782714844,68.07535552978516,74.0697021484375
rock_05::distortion::drv12,rock_05,rock,distortion,12.0,tanh_drive,69.43656921386719,66.92457580566406,72.78853607177734
rock_05::distortion::drv32,rock_05,rock,distortion,32.0,tanh_drive,69.64241027832031,64.40970611572266,72.43907165527344
rock_05::style_swap::swap_cross,rock_05,rock,style_swap,nan,cross_genre,58.10362243652344,57.26081848144531,59.7230339050293
rock_05::style_swap::swap_same,rock_05,rock,style_swap,nan,same_genre,53.336090087890625,60.97004318237305,50.12807083129883
rock_06::control::ctrl,rock_06,rock,control,0.0,none,71.79585266113281,72.9375,70.42938995361328
rock_06::pitch_shift::-4st,rock_06,rock,pitch_shift,-4.0,semitones,66.87382507324219,65.66605377197266,65.11719512939453
rock_06::pitch_shift::-2st,rock_06,rock,pitch_shift,-2.0,semitones,68.03777313232422,67.6109848022461,64.89234924316406
rock_06::pitch_shift::-1st,rock_06,rock,pitch_shift,-1.0,semitones,67.19757843017578,66.11529541015625,65.3497085571289
rock_06::pitch_shift::+1st,rock_06,rock,pitch_shift,1.0,semitones,65.66414642333984,65.8126220703125,64.26734924316406
rock_06::pitch_shift::+2st,rock_06,rock,pitch_shift,2.0,semitones,69.563720703125,71.16412353515625,68.05767059326172
rock_06::pitch_shift::+4st,rock_06,rock,pitch_shift,4.0,semitones,66.65406799316406,68.20537567138672,66.71524047851562
rock_06::time_stretch::-20pct,rock_06,rock,time_stretch,-20.0,percent_tempo,58.437255859375,62.20594024658203,56.5969352722168
rock_06::time_stretch::-10pct,rock_06,rock,time_stretch,-10.0,percent_tempo,57.71277618408203,57.641998291015625,56.343894958496094
rock_06::time_stretch::-5pct,rock_06,rock,time_stretch,-5.0,percent_tempo,60.86613464355469,61.93424987792969,58.345542907714844
rock_06::time_stretch::+5pct,rock_06,rock,time_stretch,5.0,percent_tempo,61.25981521606445,63.933250427246094,63.579689025878906
rock_06::time_stretch::+10pct,rock_06,rock,time_stretch,10.0,percent_tempo,56.815208435058594,57.002662658691406,57.23632049560547
rock_06::time_stretch::+20pct,rock_06,rock,time_stretch,20.0,percent_tempo,52.49091720581055,52.80885314941406,56.19139862060547
rock_06::lowpass::lp8000,rock_06,rock,lowpass,8000.0,hz_cutoff,71.79148864746094,72.9365005493164,70.21586608886719
rock_06::lowpass::lp4000,rock_06,rock,lowpass,4000.0,hz_cutoff,72.11446380615234,71.99451446533203,73.34453582763672
rock_06::lowpass::lp2000,rock_06,rock,lowpass,2000.0,hz_cutoff,71.1376953125,70.43119812011719,72.94290161132812
rock_06::distortion::drv4,rock_06,rock,distortion,4.0,tanh_drive,71.83447265625,72.26927185058594,72.54527282714844
rock_06::distortion::drv12,rock_06,rock,distortion,12.0,tanh_drive,71.4858169555664,71.30210876464844,73.66094970703125
rock_06::distortion::drv32,rock_06,rock,distortion,32.0,tanh_drive,70.5208969116211,68.79763793945312,73.37042236328125
rock_06::style_swap::swap_cross,rock_06,rock,style_swap,nan,cross_genre,61.69091796875,58.61376953125,63.61686706542969
rock_06::style_swap::swap_same,rock_06,rock,style_swap,nan,same_genre,59.501644134521484,57.59711456298828,57.84820556640625
rock_07::control::ctrl,rock_07,rock,control,0.0,none,70.3762435913086,75.12567901611328,69.99578857421875
rock_07::pitch_shift::-4st,rock_07,rock,pitch_shift,-4.0,semitones,66.64391326904297,70.39167785644531,62.90592575073242
rock_07::pitch_shift::-2st,rock_07,rock,pitch_shift,-2.0,semitones,66.29083251953125,67.87487030029297,64.61991119384766
rock_07::pitch_shift::-1st,rock_07,rock,pitch_shift,-1.0,semitones,60.1334228515625,66.0501937866211,60.680965423583984
rock_07::pitch_shift::+1st,rock_07,rock,pitch_shift,1.0,semitones,66.95142364501953,71.02350616455078,63.5678825378418
rock_07::pitch_shift::+2st,rock_07,rock,pitch_shift,2.0,semitones,66.05078125,70.62911224365234,65.82605743408203
rock_07::pitch_shift::+4st,rock_07,rock,pitch_shift,4.0,semitones,63.98817443847656,69.48928833007812,62.783451080322266
rock_07::time_stretch::-20pct,rock_07,rock,time_stretch,-20.0,percent_tempo,59.541221618652344,67.67371368408203,59.40046310424805
rock_07::time_stretch::-10pct,rock_07,rock,time_stretch,-10.0,percent_tempo,51.684844970703125,59.02119064331055,52.83439636230469
rock_07::time_stretch::-5pct,rock_07,rock,time_stretch,-5.0,percent_tempo,51.89628982543945,59.34019470214844,54.49312973022461
rock_07::time_stretch::+5pct,rock_07,rock,time_stretch,5.0,percent_tempo,61.357574462890625,66.53231048583984,61.702816009521484
rock_07::time_stretch::+10pct,rock_07,rock,time_stretch,10.0,percent_tempo,44.35966110229492,47.21836853027344,46.34958267211914
rock_07::time_stretch::+20pct,rock_07,rock,time_stretch,20.0,percent_tempo,50.45247268676758,54.5398063659668,51.15945053100586
rock_07::lowpass::lp8000,rock_07,rock,lowpass,8000.0,hz_cutoff,70.19873046875,75.26422882080078,69.92701721191406
rock_07::lowpass::lp4000,rock_07,rock,lowpass,4000.0,hz_cutoff,76.39916229248047,76.5301742553711,77.65082550048828
rock_07::lowpass::lp2000,rock_07,rock,lowpass,2000.0,hz_cutoff,74.81138610839844,75.9835433959961,76.0452880859375
rock_07::distortion::drv4,rock_07,rock,distortion,4.0,tanh_drive,73.09183502197266,75.84532165527344,73.26396942138672
rock_07::distortion::drv12,rock_07,rock,distortion,12.0,tanh_drive,74.73381805419922,73.47010803222656,75.94843292236328
rock_07::distortion::drv32,rock_07,rock,distortion,32.0,tanh_drive,71.4816665649414,70.46562957763672,74.62494659423828
rock_07::style_swap::swap_cross,rock_07,rock,style_swap,nan,cross_genre,48.89955520629883,50.45805358886719,49.15678787231445
rock_07::style_swap::swap_same,rock_07,rock,style_swap,nan,same_genre,58.88272476196289,63.32499313354492,59.992740631103516
rock_08::control::ctrl,rock_08,rock,control,0.0,none,69.56483459472656,70.40245819091797,68.9644775390625
rock_08::pitch_shift::-4st,rock_08,rock,pitch_shift,-4.0,semitones,67.79727172851562,66.11369323730469,67.7087173461914
rock_08::pitch_shift::-2st,rock_08,rock,pitch_shift,-2.0,semitones,69.35968017578125,69.69972229003906,68.9048080444336
rock_08::pitch_shift::-1st,rock_08,rock,pitch_shift,-1.0,semitones,68.72486114501953,68.15103149414062,68.67618560791016
rock_08::pitch_shift::+1st,rock_08,rock,pitch_shift,1.0,semitones,68.67659759521484,68.95247650146484,68.66239166259766
rock_08::pitch_shift::+2st,rock_08,rock,pitch_shift,2.0,semitones,68.96273803710938,69.6834487915039,67.6884994506836
rock_08::pitch_shift::+4st,rock_08,rock,pitch_shift,4.0,semitones,68.80621337890625,62.819358825683594,68.40203857421875
rock_08::time_stretch::-20pct,rock_08,rock,time_stretch,-20.0,percent_tempo,54.88387680053711,59.80454635620117,54.794830322265625
rock_08::time_stretch::-10pct,rock_08,rock,time_stretch,-10.0,percent_tempo,51.27967834472656,57.85773849487305,49.74658966064453
rock_08::time_stretch::-5pct,rock_08,rock,time_stretch,-5.0,percent_tempo,60.656898498535156,61.792694091796875,59.96791076660156
rock_08::time_stretch::+5pct,rock_08,rock,time_stretch,5.0,percent_tempo,54.037960052490234,58.08637237548828,52.91522979736328
rock_08::time_stretch::+10pct,rock_08,rock,time_stretch,10.0,percent_tempo,36.51146697998047,52.32415008544922,37.073631286621094
rock_08::time_stretch::+20pct,rock_08,rock,time_stretch,20.0,percent_tempo,50.92996597290039,58.64212417602539,50.57356262207031
rock_08::lowpass::lp8000,rock_08,rock,lowpass,8000.0,hz_cutoff,69.5707778930664,70.41818237304688,68.96993255615234
rock_08::lowpass::lp4000,rock_08,rock,lowpass,4000.0,hz_cutoff,69.03268432617188,69.23179626464844,68.78013610839844
rock_08::lowpass::lp2000,rock_08,rock,lowpass,2000.0,hz_cutoff,66.12906646728516,66.95464324951172,66.5097427368164
rock_08::distortion::drv4,rock_08,rock,distortion,4.0,tanh_drive,68.95072174072266,68.9355239868164,68.39813995361328
rock_08::distortion::drv12,rock_08,rock,distortion,12.0,tanh_drive,65.48715209960938,66.700927734375,61.40513229370117
rock_08::distortion::drv32,rock_08,rock,distortion,32.0,tanh_drive,57.656654357910156,62.021026611328125,56.03401184082031
rock_08::style_swap::swap_cross,rock_08,rock,style_swap,nan,cross_genre,54.96912384033203,53.85902786254883,54.264827728271484
rock_08::style_swap::swap_same,rock_08,rock,style_swap,nan,same_genre,57.85631561279297,59.14036560058594,57.85467529296875
rock_09::control::ctrl,rock_09,rock,control,0.0,none,66.0273208618164,58.8050537109375,67.55950927734375
rock_09::pitch_shift::-4st,rock_09,rock,pitch_shift,-4.0,semitones,61.493019104003906,54.70027542114258,65.48760986328125
rock_09::pitch_shift::-2st,rock_09,rock,pitch_shift,-2.0,semitones,64.22744750976562,57.821346282958984,65.19369506835938
rock_09::pitch_shift::-1st,rock_09,rock,pitch_shift,-1.0,semitones,62.17608642578125,55.41557312011719,62.78556442260742
rock_09::pitch_shift::+1st,rock_09,rock,pitch_shift,1.0,semitones,61.205169677734375,57.091712951660156,63.36402893066406
rock_09::pitch_shift::+2st,rock_09,rock,pitch_shift,2.0,semitones,60.63112258911133,55.6158447265625,64.54437255859375
rock_09::pitch_shift::+4st,rock_09,rock,pitch_shift,4.0,semitones,62.90008544921875,55.80713653564453,62.957908630371094
rock_09::time_stretch::-20pct,rock_09,rock,time_stretch,-20.0,percent_tempo,48.7451286315918,55.624088287353516,48.75102233886719
rock_09::time_stretch::-10pct,rock_09,rock,time_stretch,-10.0,percent_tempo,52.19374084472656,56.81694793701172,53.86109161376953
rock_09::time_stretch::-5pct,rock_09,rock,time_stretch,-5.0,percent_tempo,62.960166931152344,58.4687614440918,64.16907501220703
rock_09::time_stretch::+5pct,rock_09,rock,time_stretch,5.0,percent_tempo,60.748992919921875,58.429786682128906,59.5233154296875
rock_09::time_stretch::+10pct,rock_09,rock,time_stretch,10.0,percent_tempo,56.18677520751953,57.30324935913086,58.79186248779297
rock_09::time_stretch::+20pct,rock_09,rock,time_stretch,20.0,percent_tempo,50.487083435058594,57.358123779296875,52.640235900878906
rock_09::lowpass::lp8000,rock_09,rock,lowpass,8000.0,hz_cutoff,66.17562103271484,58.79928207397461,67.48126983642578
rock_09::lowpass::lp4000,rock_09,rock,lowpass,4000.0,hz_cutoff,66.9863052368164,54.18903350830078,72.42596435546875
rock_09::lowpass::lp2000,rock_09,rock,lowpass,2000.0,hz_cutoff,60.68832778930664,55.960845947265625,67.97613525390625
rock_09::distortion::drv4,rock_09,rock,distortion,4.0,tanh_drive,67.11386108398438,57.65293502807617,68.58653259277344
rock_09::distortion::drv12,rock_09,rock,distortion,12.0,tanh_drive,66.51477813720703,55.95674133300781,70.14905548095703
rock_09::distortion::drv32,rock_09,rock,distortion,32.0,tanh_drive,62.06032180786133,54.80235290527344,67.18196105957031
rock_09::style_swap::swap_cross,rock_09,rock,style_swap,nan,cross_genre,56.74150085449219,56.331932067871094,61.041996002197266
rock_09::style_swap::swap_same,rock_09,rock,style_swap,nan,same_genre,52.33576202392578,52.709224700927734,59.71038818359375
rock_10::control::ctrl,rock_10,rock,control,0.0,none,66.93296813964844,69.30944061279297,71.29166412353516
rock_10::pitch_shift::-4st,rock_10,rock,pitch_shift,-4.0,semitones,66.95677185058594,68.64028930664062,70.87471008300781
rock_10::pitch_shift::-2st,rock_10,rock,pitch_shift,-2.0,semitones,66.53910827636719,68.49175262451172,70.70297241210938
rock_10::pitch_shift::-1st,rock_10,rock,pitch_shift,-1.0,semitones,66.20537567138672,68.62796020507812,69.90760040283203
rock_10::pitch_shift::+1st,rock_10,rock,pitch_shift,1.0,semitones,64.6214599609375,67.97486114501953,64.51604461669922
rock_10::pitch_shift::+2st,rock_10,rock,pitch_shift,2.0,semitones,66.65061950683594,69.32109069824219,70.04168701171875
rock_10::pitch_shift::+4st,rock_10,rock,pitch_shift,4.0,semitones,66.22463989257812,68.41606140136719,64.96033477783203
rock_10::time_stretch::-20pct,rock_10,rock,time_stretch,-20.0,percent_tempo,55.4720458984375,56.12674331665039,56.957462310791016
rock_10::time_stretch::-10pct,rock_10,rock,time_stretch,-10.0,percent_tempo,50.17445373535156,55.537109375,52.863311767578125
rock_10::time_stretch::-5pct,rock_10,rock,time_stretch,-5.0,percent_tempo,59.44976806640625,63.30616760253906,63.24276351928711
rock_10::time_stretch::+5pct,rock_10,rock,time_stretch,5.0,percent_tempo,60.775123596191406,61.32007598876953,65.0560302734375
rock_10::time_stretch::+10pct,rock_10,rock,time_stretch,10.0,percent_tempo,53.169979095458984,56.94688415527344,55.00229263305664
rock_10::time_stretch::+20pct,rock_10,rock,time_stretch,20.0,percent_tempo,57.68096160888672,58.582271575927734,61.03635025024414
rock_10::lowpass::lp8000,rock_10,rock,lowpass,8000.0,hz_cutoff,66.92556762695312,69.2899398803711,71.29734802246094
rock_10::lowpass::lp4000,rock_10,rock,lowpass,4000.0,hz_cutoff,66.55848693847656,68.98877716064453,70.9955825805664
rock_10::lowpass::lp2000,rock_10,rock,lowpass,2000.0,hz_cutoff,66.91859436035156,69.1417007446289,71.33395385742188
rock_10::distortion::drv4,rock_10,rock,distortion,4.0,tanh_drive,66.57160949707031,69.14715576171875,71.35192108154297
rock_10::distortion::drv12,rock_10,rock,distortion,12.0,tanh_drive,66.48975372314453,68.42190551757812,71.34624481201172
rock_10::distortion::drv32,rock_10,rock,distortion,32.0,tanh_drive,66.56944274902344,68.71551513671875,70.5484619140625
rock_10::style_swap::swap_cross,rock_10,rock,style_swap,nan,cross_genre,55.28553009033203,57.756500244140625,59.6291618347168
rock_10::style_swap::swap_same,rock_10,rock,style_swap,nan,same_genre,60.700191497802734,63.24092102050781,64.67356872558594
rock_11::control::ctrl,rock_11,rock,control,0.0,none,67.37775421142578,67.68110656738281,62.263572692871094
rock_11::pitch_shift::-4st,rock_11,rock,pitch_shift,-4.0,semitones,63.45454788208008,64.03656768798828,60.90898895263672
rock_11::pitch_shift::-2st,rock_11,rock,pitch_shift,-2.0,semitones,63.24394989013672,65.05380249023438,59.02092742919922
rock_11::pitch_shift::-1st,rock_11,rock,pitch_shift,-1.0,semitones,64.89653015136719,63.632137298583984,60.07346725463867
rock_11::pitch_shift::+1st,rock_11,rock,pitch_shift,1.0,semitones,64.66741943359375,65.10417175292969,62.449607849121094
rock_11::pitch_shift::+2st,rock_11,rock,pitch_shift,2.0,semitones,64.40143585205078,65.32575988769531,60.17816925048828
rock_11::pitch_shift::+4st,rock_11,rock,pitch_shift,4.0,semitones,63.36111068725586,65.05546569824219,60.96338653564453
rock_11::time_stretch::-20pct,rock_11,rock,time_stretch,-20.0,percent_tempo,59.90410232543945,62.592750549316406,52.891075134277344
rock_11::time_stretch::-10pct,rock_11,rock,time_stretch,-10.0,percent_tempo,60.47227478027344,62.578147888183594,54.140785217285156
rock_11::time_stretch::-5pct,rock_11,rock,time_stretch,-5.0,percent_tempo,60.8345947265625,64.4376220703125,55.807861328125
rock_11::time_stretch::+5pct,rock_11,rock,time_stretch,5.0,percent_tempo,62.61851501464844,64.48080444335938,57.99198913574219
rock_11::time_stretch::+10pct,rock_11,rock,time_stretch,10.0,percent_tempo,60.83689880371094,63.603233337402344,57.904151916503906
rock_11::time_stretch::+20pct,rock_11,rock,time_stretch,20.0,percent_tempo,64.58399963378906,65.67697143554688,60.3989372253418
rock_11::lowpass::lp8000,rock_11,rock,lowpass,8000.0,hz_cutoff,67.33448791503906,67.70130920410156,62.267208099365234
rock_11::lowpass::lp4000,rock_11,rock,lowpass,4000.0,hz_cutoff,66.80657958984375,64.18453216552734,60.415428161621094
rock_11::lowpass::lp2000,rock_11,rock,lowpass,2000.0,hz_cutoff,64.84757995605469,66.10433959960938,57.390995025634766
rock_11::distortion::drv4,rock_11,rock,distortion,4.0,tanh_drive,67.3706283569336,66.1792984008789,61.81665802001953
rock_11::distortion::drv12,rock_11,rock,distortion,12.0,tanh_drive,66.66932678222656,63.65700912475586,60.612693786621094
rock_11::distortion::drv32,rock_11,rock,distortion,32.0,tanh_drive,65.6209716796875,61.017494201660156,58.60026931762695
rock_11::style_swap::swap_cross,rock_11,rock,style_swap,nan,cross_genre,59.952857971191406,58.94455337524414,57.20993423461914
rock_11::style_swap::swap_same,rock_11,rock,style_swap,nan,same_genre,55.499176025390625,56.54248809814453,46.22749710083008
rock_12::control::ctrl,rock_12,rock,control,0.0,none,72.4864501953125,75.4151382446289,69.81146240234375
rock_12::pitch_shift::-4st,rock_12,rock,pitch_shift,-4.0,semitones,61.820098876953125,66.39704895019531,64.49618530273438
rock_12::pitch_shift::-2st,rock_12,rock,pitch_shift,-2.0,semitones,62.51507568359375,64.89215850830078,66.66972351074219
rock_12::pitch_shift::-1st,rock_12,rock,pitch_shift,-1.0,semitones,59.98534393310547,62.65949249267578,65.94254302978516
rock_12::pitch_shift::+1st,rock_12,rock,pitch_shift,1.0,semitones,59.18418502807617,64.49813079833984,63.47685241699219
rock_12::pitch_shift::+2st,rock_12,rock,pitch_shift,2.0,semitones,70.399169921875,71.87665557861328,68.59432983398438
rock_12::pitch_shift::+4st,rock_12,rock,pitch_shift,4.0,semitones,64.09117126464844,65.2522964477539,66.56903076171875
rock_12::time_stretch::-20pct,rock_12,rock,time_stretch,-20.0,percent_tempo,49.760650634765625,47.818336486816406,45.122650146484375
rock_12::time_stretch::-10pct,rock_12,rock,time_stretch,-10.0,percent_tempo,52.54899597167969,57.510955810546875,49.450096130371094
rock_12::time_stretch::-5pct,rock_12,rock,time_stretch,-5.0,percent_tempo,58.06073760986328,59.34459686279297,56.874122619628906
rock_12::time_stretch::+5pct,rock_12,rock,time_stretch,5.0,percent_tempo,62.77827453613281,63.19095993041992,59.71914291381836
rock_12::time_stretch::+10pct,rock_12,rock,time_stretch,10.0,percent_tempo,55.549461364746094,56.577754974365234,56.41578674316406
rock_12::time_stretch::+20pct,rock_12,rock,time_stretch,20.0,percent_tempo,57.30706787109375,60.963775634765625,59.9154167175293
rock_12::lowpass::lp8000,rock_12,rock,lowpass,8000.0,hz_cutoff,72.59192657470703,75.49356842041016,69.70840454101562
rock_12::lowpass::lp4000,rock_12,rock,lowpass,4000.0,hz_cutoff,73.28279113769531,74.6276626586914,75.58162689208984
rock_12::lowpass::lp2000,rock_12,rock,lowpass,2000.0,hz_cutoff,73.14634704589844,74.80335998535156,74.7391357421875
rock_12::distortion::drv4,rock_12,rock,distortion,4.0,tanh_drive,73.6946792602539,74.5801010131836,75.28802490234375
rock_12::distortion::drv12,rock_12,rock,distortion,12.0,tanh_drive,73.16470336914062,72.31483459472656,75.43327331542969
rock_12::distortion::drv32,rock_12,rock,distortion,32.0,tanh_drive,71.90289306640625,71.26370239257812,74.75653076171875
rock_12::style_swap::swap_cross,rock_12,rock,style_swap,nan,cross_genre,52.88951110839844,49.4434814453125,54.7486572265625
rock_12::style_swap::swap_same,rock_12,rock,style_swap,nan,same_genre,49.660133361816406,49.110145568847656,50.81441116333008
rock_13::control::ctrl,rock_13,rock,control,0.0,none,65.7909164428711,65.82223510742188,65.6041030883789
rock_13::pitch_shift::-4st,rock_13,rock,pitch_shift,-4.0,semitones,54.020408630371094,52.605953216552734,52.92908477783203
rock_13::pitch_shift::-2st,rock_13,rock,pitch_shift,-2.0,semitones,51.601524353027344,50.17589569091797,54.52011489868164
rock_13::pitch_shift::-1st,rock_13,rock,pitch_shift,-1.0,semitones,50.62205505371094,49.5595703125,53.33745574951172
rock_13::pitch_shift::+1st,rock_13,rock,pitch_shift,1.0,semitones,49.92593002319336,51.611289978027344,50.86836624145508
rock_13::pitch_shift::+2st,rock_13,rock,pitch_shift,2.0,semitones,57.54942321777344,57.39418029785156,59.045814514160156
rock_13::pitch_shift::+4st,rock_13,rock,pitch_shift,4.0,semitones,57.361541748046875,55.873252868652344,56.41702651977539
rock_13::time_stretch::-20pct,rock_13,rock,time_stretch,-20.0,percent_tempo,57.6703987121582,57.544395446777344,58.28916549682617
rock_13::time_stretch::-10pct,rock_13,rock,time_stretch,-10.0,percent_tempo,53.68012619018555,51.335941314697266,51.38199996948242
rock_13::time_stretch::-5pct,rock_13,rock,time_stretch,-5.0,percent_tempo,55.323265075683594,54.981666564941406,54.3086051940918
rock_13::time_stretch::+5pct,rock_13,rock,time_stretch,5.0,percent_tempo,59.31736755371094,59.281455993652344,60.55675506591797
rock_13::time_stretch::+10pct,rock_13,rock,time_stretch,10.0,percent_tempo,53.59703063964844,53.57663345336914,53.80531692504883
rock_13::time_stretch::+20pct,rock_13,rock,time_stretch,20.0,percent_tempo,56.49701690673828,49.84679412841797,55.850135803222656
rock_13::lowpass::lp8000,rock_13,rock,lowpass,8000.0,hz_cutoff,65.76998138427734,65.84626770019531,65.58525848388672
rock_13::lowpass::lp4000,rock_13,rock,lowpass,4000.0,hz_cutoff,65.27224731445312,63.33180618286133,68.72468566894531
rock_13::lowpass::lp2000,rock_13,rock,lowpass,2000.0,hz_cutoff,63.912574768066406,62.67051696777344,67.51002502441406
rock_13::distortion::drv4,rock_13,rock,distortion,4.0,tanh_drive,65.62849426269531,65.5026626586914,66.14323425292969
rock_13::distortion::drv12,rock_13,rock,distortion,12.0,tanh_drive,65.293701171875,64.98239135742188,68.45575714111328
rock_13::distortion::drv32,rock_13,rock,distortion,32.0,tanh_drive,64.35527801513672,63.553348541259766,66.3313980102539
rock_13::style_swap::swap_cross,rock_13,rock,style_swap,nan,cross_genre,49.209007263183594,52.49498748779297,50.229331970214844
rock_13::style_swap::swap_same,rock_13,rock,style_swap,nan,same_genre,53.28639602661133,54.6336555480957,53.253196716308594
rock_14::control::ctrl,rock_14,rock,control,0.0,none,70.74928283691406,68.30745697021484,74.85504913330078
rock_14::pitch_shift::-4st,rock_14,rock,pitch_shift,-4.0,semitones,65.11923217773438,59.24840545654297,71.83668518066406
rock_14::pitch_shift::-2st,rock_14,rock,pitch_shift,-2.0,semitones,69.08129119873047,64.439697265625,73.52777099609375
rock_14::pitch_shift::-1st,rock_14,rock,pitch_shift,-1.0,semitones,63.970577239990234,60.25185775756836,72.58967590332031
rock_14::pitch_shift::+1st,rock_14,rock,pitch_shift,1.0,semitones,62.667030334472656,59.345924377441406,70.60560607910156
rock_14::pitch_shift::+2st,rock_14,rock,pitch_shift,2.0,semitones,67.49775695800781,65.79202270507812,72.64034271240234
rock_14::pitch_shift::+4st,rock_14,rock,pitch_shift,4.0,semitones,59.34211730957031,58.8128662109375,65.80730438232422
rock_14::time_stretch::-20pct,rock_14,rock,time_stretch,-20.0,percent_tempo,60.516883850097656,59.58251953125,65.57025909423828
rock_14::time_stretch::-10pct,rock_14,rock,time_stretch,-10.0,percent_tempo,53.11394119262695,57.43321990966797,55.94890594482422
rock_14::time_stretch::-5pct,rock_14,rock,time_stretch,-5.0,percent_tempo,61.594295501708984,62.42083740234375,64.14850616455078
rock_14::time_stretch::+5pct,rock_14,rock,time_stretch,5.0,percent_tempo,63.93946075439453,66.41645050048828,69.7552490234375
rock_14::time_stretch::+10pct,rock_14,rock,time_stretch,10.0,percent_tempo,55.26597213745117,59.110595703125,59.462806701660156
rock_14::time_stretch::+20pct,rock_14,rock,time_stretch,20.0,percent_tempo,50.39448928833008,56.68021011352539,57.857757568359375
rock_14::lowpass::lp8000,rock_14,rock,lowpass,8000.0,hz_cutoff,70.67546081542969,68.33446502685547,74.84698486328125
rock_14::lowpass::lp4000,rock_14,rock,lowpass,4000.0,hz_cutoff,70.13429260253906,67.81781005859375,74.45103454589844
rock_14::lowpass::lp2000,rock_14,rock,lowpass,2000.0,hz_cutoff,68.0676498413086,66.8189468383789,72.61006927490234
rock_14::distortion::drv4,rock_14,rock,distortion,4.0,tanh_drive,69.79602813720703,68.19960021972656,74.52303314208984
rock_14::distortion::drv12,rock_14,rock,distortion,12.0,tanh_drive,67.89349365234375,65.60247039794922,71.31723022460938
rock_14::distortion::drv32,rock_14,rock,distortion,32.0,tanh_drive,66.24964904785156,64.27545166015625,70.76127624511719
rock_14::style_swap::swap_cross,rock_14,rock,style_swap,nan,cross_genre,59.448097229003906,64.61909484863281,63.673301696777344
rock_14::style_swap::swap_same,rock_14,rock,style_swap,nan,same_genre,62.259429931640625,64.87410736083984,62.352088928222656
rock_15::control::ctrl,rock_15,rock,control,0.0,none,64.73516082763672,64.48160552978516,66.3884506225586
rock_15::pitch_shift::-4st,rock_15,rock,pitch_shift,-4.0,semitones,60.248775482177734,58.756263732910156,61.635108947753906
rock_15::pitch_shift::-2st,rock_15,rock,pitch_shift,-2.0,semitones,61.22492980957031,62.33537292480469,63.61539077758789
rock_15::pitch_shift::-1st,rock_15,rock,pitch_shift,-1.0,semitones,55.30832290649414,52.420692443847656,57.505088806152344
rock_15::pitch_shift::+1st,rock_15,rock,pitch_shift,1.0,semitones,58.681087493896484,55.810489654541016,61.18294906616211
rock_15::pitch_shift::+2st,rock_15,rock,pitch_shift,2.0,semitones,60.87195587158203,59.145389556884766,63.557151794433594
rock_15::pitch_shift::+4st,rock_15,rock,pitch_shift,4.0,semitones,57.357643127441406,56.1207389831543,59.4995002746582
rock_15::time_stretch::-20pct,rock_15,rock,time_stretch,-20.0,percent_tempo,62.67566680908203,62.49950408935547,64.79584503173828
rock_15::time_stretch::-10pct,rock_15,rock,time_stretch,-10.0,percent_tempo,63.0687370300293,61.82582473754883,64.93148803710938
rock_15::time_stretch::-5pct,rock_15,rock,time_stretch,-5.0,percent_tempo,64.34461975097656,63.12355422973633,65.62684631347656
rock_15::time_stretch::+5pct,rock_15,rock,time_stretch,5.0,percent_tempo,62.493534088134766,63.44565963745117,65.12169647216797
rock_15::time_stretch::+10pct,rock_15,rock,time_stretch,10.0,percent_tempo,62.73886489868164,62.56364440917969,64.15190887451172
rock_15::time_stretch::+20pct,rock_15,rock,time_stretch,20.0,percent_tempo,58.04842758178711,57.96211624145508,62.496788024902344
rock_15::lowpass::lp8000,rock_15,rock,lowpass,8000.0,hz_cutoff,64.73143768310547,64.47957611083984,66.39732360839844
rock_15::lowpass::lp4000,rock_15,rock,lowpass,4000.0,hz_cutoff,64.19963073730469,62.11962127685547,65.66104888916016
rock_15::lowpass::lp2000,rock_15,rock,lowpass,2000.0,hz_cutoff,63.29841232299805,62.28083038330078,65.13528442382812
rock_15::distortion::drv4,rock_15,rock,distortion,4.0,tanh_drive,64.55876159667969,64.4190673828125,66.2764892578125
rock_15::distortion::drv12,rock_15,rock,distortion,12.0,tanh_drive,64.14362335205078,63.63884735107422,65.59092712402344
rock_15::distortion::drv32,rock_15,rock,distortion,32.0,tanh_drive,63.48272705078125,62.13656234741211,64.9996109008789
rock_15::style_swap::swap_cross,rock_15,rock,style_swap,nan,cross_genre,50.12234878540039,49.05507278442383,53.75556945800781
rock_15::style_swap::swap_same,rock_15,rock,style_swap,nan,same_genre,51.393959045410156,47.67613220214844,54.378910064697266
