pair_id,source_id,genre,perturbation,magnitude,magnitude_unit,tunejury_a,tunejury_b,tunejury_cat,tunejury_rel,songeval_coherence_a,songeval_coherence_b,songeval_coherence_cat,songeval_coherence_rel,songeval_musicality_a,songeval_musicality_b,songeval_musicality_cat,songeval_musicality_rel,songeval_memorability_a,songeval_memorability_b,songeval_memorability_cat,songeval_memorability_rel,songeval_clarity_a,songeval_clarity_b,songeval_clarity_cat,songeval_clarity_rel,songeval_naturalness_a,songeval_naturalness_b,songeval_naturalness_cat,songeval_naturalness_rel
s01::cand00,s01,s01,ace_inpaint_candidate,0.0,candidate_index,-0.6323737502098083,-1.229198694229126,-0.8351108431816101,0.09567537903785706,2.3559346199035645,2.2105259895324707,2.2131452560424805,-0.07008504867553711,2.490054130554199,2.364920139312744,2.2199864387512207,-0.20750069618225098,2.526160955429077,2.3555374145507812,2.297419309616089,-0.14342987537384033,2.2542452812194824,2.181323766708374,2.094137668609619,-0.12364685535430908,2.1628365516662598,2.089937925338745,1.9756065607070923,-0.15078067779541016
s01::cand01,s01,s01,ace_inpaint_candidate,1.0,candidate_index,-0.6323737502098083,-0.6107328534126282,-0.607032835483551,0.014520466327667236,2.3559346199035645,2.5715839862823486,2.3242881298065186,-0.139471173286438,2.490054130554199,2.7292580604553223,2.3932018280029297,-0.21645426750183105,2.526160955429077,2.8099777698516846,2.424513578414917,-0.24355578422546387,2.2542452812194824,2.6408193111419678,2.260185718536377,-0.18734657764434814,2.1628365516662598,2.6111419200897217,2.120147705078125,-0.2668415307998657
s01::cand02,s01,s01,ace_inpaint_candidate,2.0,candidate_index,-0.6323737502098083,-0.2360927164554596,-0.6685718894004822,-0.2343386560678482,2.3559346199035645,2.585033893585205,2.305044412612915,-0.16543984413146973,2.490054130554199,2.6299874782562256,2.245760917663574,-0.3142598867416382,2.526160955429077,2.7546563148498535,2.405263900756836,-0.2351447343826294,2.2542452812194824,2.3751227855682373,2.0753865242004395,-0.2392975091934204,2.1628365516662598,2.4639899730682373,2.0883371829986572,-0.2250760793685913
s01::cand03,s01,s01,ace_inpaint_candidate,3.0,candidate_index,-0.6323737502098083,-0.3101218342781067,-0.6378145813941956,-0.16656678915023804,2.3559346199035645,2.5597872734069824,2.284111499786377,-0.17374944686889648,2.490054130554199,2.6985251903533936,2.2978968620300293,-0.2963927984237671,2.526160955429077,2.7490780353546143,2.2970330715179443,-0.34058642387390137,2.2542452812194824,2.4952540397644043,2.079035758972168,-0.2957139015197754,2.1628365516662598,2.3211305141448975,2.0451340675354004,-0.19684946537017822
s01::cand04,s01,s01,ace_inpaint_candidate,4.0,candidate_index,-0.6323737502098083,-0.2460159957408905,-0.27916237711906433,0.1600324958562851,2.3559346199035645,2.4597270488739014,2.3061490058898926,-0.10168182849884033,2.490054130554199,2.494455575942993,2.254558563232422,-0.23769629001617432,2.526160955429077,2.468906879425049,2.2587244510650635,-0.2388094663619995,2.2542452812194824,2.4104738235473633,2.1273069381713867,-0.20505261421203613,2.1628365516662598,2.1024723052978516,1.993567705154419,-0.13908672332763672
s01::cand05,s01,s01,ace_inpaint_candidate,5.0,candidate_index,-0.6323737502098083,-0.5661903619766235,-0.7561075687408447,-0.15682551264762878,2.3559346199035645,2.409823417663574,2.2382090091705322,-0.1446700096130371,2.490054130554199,2.500875234603882,2.1975061893463135,-0.29795849323272705,2.526160955429077,2.5331408977508545,2.3345086574554443,-0.19514226913452148,2.2542452812194824,2.332334280014038,2.0671403408050537,-0.22614943981170654,2.1628365516662598,2.243889093399048,2.0373435020446777,-0.16601932048797607
s01::cand06,s01,s01,ace_inpaint_candidate,6.0,candidate_index,-0.6323737502098083,-0.6589576601982117,-0.6138588786125183,0.0318068265914917,2.3559346199035645,2.650834083557129,2.3579444885253906,-0.14543986320495605,2.490054130554199,2.7342851161956787,2.324014186859131,-0.2881554365158081,2.526160955429077,2.7402820587158203,2.3857061862945557,-0.24751532077789307,2.2542452812194824,2.560699701309204,2.1727895736694336,-0.23468291759490967,2.1628365516662598,2.410090923309326,2.0878193378448486,-0.19864439964294434
s01::cand07,s01,s01,ace_inpaint_candidate,7.0,candidate_index,-0.6323737502098083,-0.9625204205513,-0.8355793952941895,-0.038132309913635254,2.3559346199035645,2.190249443054199,2.118532657623291,-0.15455937385559082,2.490054130554199,2.4080536365509033,2.1850645542144775,-0.26398932933807373,2.526160955429077,2.475456714630127,2.2513082027435303,-0.24950063228607178,2.2542452812194824,2.1975340843200684,1.9935059547424316,-0.23238372802734375,2.1628365516662598,2.206303119659424,2.0320658683776855,-0.15250396728515625
s02::cand00,s02,s02,ace_inpaint_candidate,0.0,candidate_index,1.4423505067825317,1.2021727561950684,1.3367446660995483,0.014483034610748291,2.9727325439453125,2.7437143325805664,2.7271206378936768,-0.1311028003692627,2.899042844772339,2.5557780265808105,2.6173043251037598,-0.11010611057281494,2.648813247680664,2.427534580230713,2.4178202152252197,-0.12035369873046875,2.904447317123413,2.4714438915252686,2.369645833969116,-0.3182997703552246,2.5041303634643555,2.431035041809082,2.2937960624694824,-0.17378664016723633
s02::cand01,s02,s02,ace_inpaint_candidate,1.0,candidate_index,1.4423505067825317,1.140138864517212,1.6950416564941406,0.4037969708442688,2.9727325439453125,2.724273681640625,2.702009439468384,-0.14649367332458496,2.899042844772339,2.741840362548828,2.652287721633911,-0.16815388202667236,2.648813247680664,2.5698907375335693,2.487273931503296,-0.1220780611038208,2.904447317123413,2.626394271850586,2.46635103225708,-0.29906976222991943,2.5041303634643555,2.544053077697754,2.341808557510376,-0.1822831630706787
s02::cand02,s02,s02,ace_inpaint_candidate,2.0,candidate_index,1.4423505067825317,1.308297872543335,1.4888083934783936,0.1134842038154602,2.9727325439453125,2.8813939094543457,2.788435935974121,-0.138627290725708,2.899042844772339,2.8201706409454346,2.7888195514678955,-0.07078719139099121,2.648813247680664,2.795300245285034,2.6574649810791016,-0.06459176540374756,2.904447317123413,2.833395481109619,2.6097676753997803,-0.25915372371673584,2.5041303634643555,2.590536117553711,2.451505184173584,-0.09582805633544922
s02::cand03,s02,s02,ace_inpaint_candidate,3.0,candidate_index,1.4423505067825317,0.8547577261924744,1.225191593170166,0.07663747668266296,2.9727325439453125,2.900831699371338,2.9110124111175537,-0.025769710540771484,2.899042844772339,2.8423781394958496,2.8394551277160645,-0.031255364418029785,2.648813247680664,2.644786834716797,2.6420364379882812,-0.004763603210449219,2.904447317123413,2.6740760803222656,2.550481081008911,-0.23878061771392822,2.5041303634643555,2.571154832839966,2.448309898376465,-0.0893326997756958
s02::cand04,s02,s02,ace_inpaint_candidate,4.0,candidate_index,1.4423505067825317,0.8799576163291931,1.3716988563537598,0.21054479479789734,2.9727325439453125,2.9344828128814697,2.7487986087799072,-0.2048090696334839,2.899042844772339,2.756389856338501,2.6101269721984863,-0.2175893783569336,2.648813247680664,2.840911626815796,2.591085433959961,-0.15377700328826904,2.904447317123413,2.8084423542022705,2.486765146255493,-0.36967968940734863,2.5041303634643555,2.653066873550415,2.378112316131592,-0.20048630237579346
s02::cand05,s02,s02,ace_inpaint_candidate,5.0,candidate_index,1.4423505067825317,1.3609591722488403,1.615229845046997,0.21357500553131104,2.9727325439453125,2.8482613563537598,2.8074584007263184,-0.10303854942321777,2.899042844772339,2.9405884742736816,2.755988359451294,-0.1638273000717163,2.648813247680664,2.709181308746338,2.6131365299224854,-0.06586074829101562,2.904447317123413,2.8808672428131104,2.5567843914031982,-0.3358728885650635,2.5041303634643555,2.5676794052124023,2.425889492034912,-0.1100153923034668
s02::cand06,s02,s02,ace_inpaint_candidate,6.0,candidate_index,1.4423505067825317,1.253539800643921,1.524727702140808,0.1767825484275818,2.9727325439453125,3.0246880054473877,2.8340039253234863,-0.16470634937286377,2.899042844772339,2.998398780822754,2.78700852394104,-0.16171228885650635,2.648813247680664,2.8523945808410645,2.6916496753692627,-0.05895423889160156,2.904447317123413,2.891415596008301,2.6135997772216797,-0.28433167934417725,2.5041303634643555,2.783195972442627,2.48189115524292,-0.1617720127105713
s02::cand07,s02,s02,ace_inpaint_candidate,7.0,candidate_index,1.4423505067825317,1.0894546508789062,1.4839518070220947,0.21804922819137573,2.9727325439453125,2.878178358078003,2.798563003540039,-0.12689244747161865,2.899042844772339,2.9559431076049805,2.8072125911712646,-0.12028038501739502,2.648813247680664,2.7691612243652344,2.6275486946105957,-0.08143854141235352,2.904447317123413,2.758201837539673,2.550182819366455,-0.2811417579650879,2.5041303634643555,2.560297727584839,2.4445583820343018,-0.08765566349029541
s03::cand00,s03,s03,ace_inpaint_candidate,0.0,candidate_index,1.6147878170013428,1.4136619567871094,1.6588443517684937,0.14461946487426758,2.6908340454101562,2.356562852859497,2.2136993408203125,-0.30999910831451416,2.513010025024414,2.256622076034546,2.1261091232299805,-0.2587069272994995,2.51290225982666,2.1923365592956543,2.173203706741333,-0.17941570281982422,2.5081140995025635,2.107268810272217,2.0247304439544678,-0.28296101093292236,2.5014069080352783,2.127988576889038,2.131721258163452,-0.18297648429870605
s03::cand01,s03,s03,ace_inpaint_candidate,1.0,candidate_index,1.6147878170013428,0.154974102973938,1.1357083320617676,0.2508273720741272,2.6908340454101562,2.3820364475250244,2.316783905029297,-0.21965134143829346,2.513010025024414,2.3115291595458984,2.1757328510284424,-0.23653674125671387,2.51290225982666,2.1510815620422363,2.1727142333984375,-0.15927767753601074,2.5081140995025635,2.250746011734009,2.1059820652008057,-0.27344799041748047,2.5014069080352783,2.3128697872161865,2.251725196838379,-0.15541315078735352
s03::cand02,s03,s03,ace_inpaint_candidate,2.0,candidate_index,1.6147878170013428,0.8127393126487732,1.3632019758224487,0.14943841099739075,2.6908340454101562,2.4334280490875244,2.4040374755859375,-0.15809357166290283,2.513010025024414,2.4343748092651367,2.262948751449585,-0.21074366569519043,2.51290225982666,2.263218879699707,2.3257217407226562,-0.062338829040527344,2.5081140995025635,2.2602877616882324,2.2653820514678955,-0.11881887912750244,2.5014069080352783,2.268232583999634,2.2763752937316895,-0.1084444522857666
s03::cand03,s03,s03,ace_inpaint_candidate,3.0,candidate_index,1.6147878170013428,1.1864489316940308,1.5768306255340576,0.17621225118637085,2.6908340454101562,2.3675293922424316,2.2396888732910156,-0.2894928455352783,2.513010025024414,2.2963500022888184,2.1351053714752197,-0.2695746421813965,2.51290225982666,2.2052550315856934,2.131261110305786,-0.22781753540039062,2.5081140995025635,2.1671714782714844,2.003113031387329,-0.3345297574996948,2.5014069080352783,2.215435028076172,2.1126880645751953,-0.24573290348052979
s03::cand04,s03,s03,ace_inpaint_candidate,4.0,candidate_index,1.6147878170013428,0.8771851658821106,1.345855712890625,0.09986922144889832,2.6908340454101562,2.3915796279907227,2.3099727630615234,-0.23123407363891602,2.513010025024414,2.245681047439575,2.0866267681121826,-0.292718768119812,2.51290225982666,2.2094101905822754,2.1848835945129395,-0.17627263069152832,2.5081140995025635,2.197133779525757,2.1194536685943604,-0.2331702709197998,2.5014069080352783,2.2568392753601074,2.188981533050537,-0.19014155864715576
s03::cand05,s03,s03,ace_inpaint_candidate,5.0,candidate_index,1.6147878170013428,1.3355560302734375,1.7626677751541138,0.28749585151672363,2.6908340454101562,2.4189999103546143,2.4790868759155273,-0.07583010196685791,2.513010025024414,2.280860424041748,2.350381374359131,-0.046553850173950195,2.51290225982666,2.179297685623169,2.311587333679199,-0.03451263904571533,2.5081140995025635,2.198198080062866,2.2128067016601562,-0.1403493881225586,2.5014069080352783,2.154639720916748,2.2165327072143555,-0.11149060726165771
s03::cand06,s03,s03,ace_inpaint_candidate,6.0,candidate_index,1.6147878170013428,0.044894177466630936,1.1016193628311157,0.27177836559712887,2.6908340454101562,2.368598461151123,2.344597101211548,-0.1851191520690918,2.513010025024414,2.3566112518310547,2.2143850326538086,-0.22042560577392578,2.51290225982666,2.357067108154297,2.3413310050964355,-0.09365367889404297,2.5081140995025635,2.1840481758117676,2.133578300476074,-0.2125028371810913,2.5014069080352783,2.280273914337158,2.3144614696502686,-0.07637894153594971
s03::cand07,s03,s03,ace_inpaint_candidate,7.0,candidate_index,1.6147878170013428,0.33297547698020935,1.4079467058181763,0.4340650588274002,2.6908340454101562,2.19716739654541,2.2134945392608643,-0.23050618171691895,2.513010025024414,2.13966965675354,2.0961503982543945,-0.23018944263458252,2.51290225982666,1.9729859828948975,2.1701762676239014,-0.07276785373687744,2.5081140995025635,2.032062292098999,2.033294677734375,-0.23679351806640625,2.5014069080352783,2.115373134613037,2.1777703762054443,-0.13061964511871338
s04::cand00,s04,s04,ace_inpaint_candidate,0.0,candidate_index,-0.13036933541297913,-0.5140126943588257,-0.13099271059036255,0.19119830429553986,2.4017627239227295,2.429447650909424,2.25400710105896,-0.1615980863571167,2.591792583465576,2.5058183670043945,2.404088020324707,-0.14471745491027832,2.3182201385498047,2.4428536891937256,2.247877597808838,-0.13265931606292725,2.5091545581817627,2.481260299682617,2.298757314682007,-0.1964501142501831,2.355404853820801,2.4220998287200928,2.314894914627075,-0.07385742664337158
s04::cand01,s04,s04,ace_inpaint_candidate,1.0,candidate_index,-0.13036933541297913,-0.8944376111030579,-0.4661031663417816,0.04630030691623688,2.4017627239227295,2.576486825942993,2.3834338188171387,-0.10569095611572266,2.591792583465576,2.6473355293273926,2.461742401123047,-0.1578216552734375,2.3182201385498047,2.5854134559631348,2.351285457611084,-0.10053133964538574,2.5091545581817627,2.5680041313171387,2.3317036628723145,-0.20687568187713623,2.355404853820801,2.6366705894470215,2.405095100402832,-0.0909426212310791
s04::cand02,s04,s04,ace_inpaint_candidate,2.0,candidate_index,-0.13036933541297913,-1.0496647357940674,-0.13862040638923645,0.4513966292142868,2.4017627239227295,2.429673194885254,2.2468388080596924,-0.16887915134429932,2.591792583465576,2.44966721534729,2.293215274810791,-0.2275146245956421,2.3182201385498047,2.2531394958496094,2.1887474060058594,-0.09693241119384766,2.5091545581817627,2.320774555206299,2.1431007385253906,-0.27186381816864014,2.355404853820801,2.367224931716919,2.223715305328369,-0.13759958744049072
s04::cand03,s04,s04,ace_inpaint_candidate,3.0,candidate_index,-0.13036933541297913,-0.673039972782135,0.3027135133743286,0.7044181674718857,2.4017627239227295,2.3832199573516846,2.270568370819092,-0.12192296981811523,2.591792583465576,2.4989726543426514,2.413297414779663,-0.13208520412445068,2.3182201385498047,2.433044195175171,2.350353956222534,-0.025278210639953613,2.5091545581817627,2.446556568145752,2.217759609222412,-0.2600959539413452,2.355404853820801,2.4599695205688477,2.338104248046875,-0.06958293914794922
s04::cand04,s04,s04,ace_inpaint_candidate,4.0,candidate_index,-0.13036933541297913,-0.4632106125354767,0.29302605986595154,0.5898160338401794,2.4017627239227295,2.3897104263305664,2.254241704940796,-0.14149487018585205,2.591792583465576,2.5601966381073,2.395977258682251,-0.180017352104187,2.3182201385498047,2.356846332550049,2.2805490493774414,-0.05698418617248535,2.5091545581817627,2.3966145515441895,2.193981647491455,-0.258902907371521,2.355404853820801,2.4033100605010986,2.2623348236083984,-0.11702263355255127
s04::cand05,s04,s04,ace_inpaint_candidate,5.0,candidate_index,-0.13036933541297913,-0.6610485911369324,0.4629492461681366,0.8586582094430923,2.4017627239227295,2.363287925720215,2.3098487854003906,-0.07267653942108154,2.591792583465576,2.458454132080078,2.4098122119903564,-0.1153111457824707,2.3182201385498047,2.2572147846221924,2.2709362506866455,-0.016781210899353027,2.5091545581817627,2.367602825164795,2.27854323387146,-0.15983545780181885,2.355404853820801,2.330962657928467,2.2587335109710693,-0.08445024490356445
s04::cand06,s04,s04,ace_inpaint_candidate,6.0,candidate_index,-0.13036933541297913,-0.45843756198883057,-0.05024515837430954,0.2441582903265953,2.4017627239227295,2.381776809692383,2.231459617614746,-0.16031014919281006,2.591792583465576,2.732332944869995,2.5235865116119385,-0.13847625255584717,2.3182201385498047,2.601635217666626,2.422390937805176,-0.03753674030303955,2.5091545581817627,2.573627471923828,2.338524103164673,-0.20286691188812256,2.355404853820801,2.5285143852233887,2.3617844581604004,-0.08017516136169434
s04::cand07,s04,s04,ace_inpaint_candidate,7.0,candidate_index,-0.13036933541297913,-0.6556059718132019,-0.20172065496444702,0.1912669986486435,2.4017627239227295,2.4897220134735107,2.3509809970855713,-0.09476137161254883,2.591792583465576,2.6849966049194336,2.5554914474487305,-0.08290314674377441,2.3182201385498047,2.538862705230713,2.4325380325317383,0.003996610641479492,2.5091545581817627,2.66747784614563,2.4224934577941895,-0.16582274436950684,2.355404853820801,2.5495734214782715,2.4540152549743652,0.0015261173248291016
s05::cand00,s05,s05,ace_inpaint_candidate,0.0,candidate_index,0.1922096312046051,-0.38917049765586853,0.2993108630180359,0.3977912962436676,3.0548288822174072,2.701288938522339,2.641831159591675,-0.23622775077819824,2.920875072479248,2.7622976303100586,2.5910186767578125,-0.2505676746368408,2.9779672622680664,2.520644426345825,2.524695634841919,-0.22461020946502686,2.7452189922332764,2.436788558959961,2.300952672958374,-0.29005110263824463,2.7166852951049805,2.5431768894195557,2.446399450302124,-0.18353164196014404
s05::cand01,s05,s05,ace_inpaint_candidate,1.0,candidate_index,0.1922096312046051,-0.7976835370063782,-0.49705931544303894,-0.1943223625421524,3.0548288822174072,3.079843282699585,2.8021111488342285,-0.2652249336242676,2.920875072479248,3.2347140312194824,2.8187177181243896,-0.2590768337249756,2.9779672622680664,3.0257511138916016,2.7639966011047363,-0.23786258697509766,2.7452189922332764,2.7583508491516113,2.436051845550537,-0.31573307514190674,2.7166852951049805,2.82401180267334,2.539719820022583,-0.23062872886657715
s05::cand02,s05,s05,ace_inpaint_candidate,2.0,candidate_index,0.1922096312046051,-0.04659891128540039,0.5268606543540955,0.4540552943944931,3.0548288822174072,2.998302698135376,2.8081283569335938,-0.21843743324279785,2.920875072479248,2.9883720874786377,2.7227680683135986,-0.23185551166534424,2.9779672622680664,2.9112417697906494,2.716970205307007,-0.22763431072235107,2.7452189922332764,2.794912099838257,2.513164520263672,-0.2569010257720947,2.7166852951049805,2.7982378005981445,2.613635778427124,-0.14382576942443848
s05::cand03,s05,s05,ace_inpaint_candidate,3.0,candidate_index,0.1922096312046051,0.3207123577594757,0.3855336606502533,0.1290726661682129,3.0548288822174072,2.9535298347473145,2.8312466144561768,-0.17293274402618408,2.920875072479248,3.0839481353759766,2.803913116455078,-0.19849848747253418,2.9779672622680664,2.836925506591797,2.763699531555176,-0.14374685287475586,2.7452189922332764,2.828091859817505,2.5598526000976562,-0.22680282592773438,2.7166852951049805,2.771332025527954,2.5866634845733643,-0.15734517574310303
s05::cand04,s05,s05,ace_inpaint_candidate,4.0,candidate_index,0.1922096312046051,0.5634065270423889,0.1802005171775818,-0.19760756194591522,3.0548288822174072,2.9288198947906494,2.8488755226135254,-0.14294886589050293,2.920875072479248,2.8020944595336914,2.748622179031372,-0.11286258697509766,2.9779672622680664,2.8410260677337646,2.8613123893737793,-0.04818427562713623,2.7452189922332764,2.6148173809051514,2.525102138519287,-0.15491604804992676,2.7166852951049805,2.5259642601013184,2.4929752349853516,-0.12834954261779785
s05::cand05,s05,s05,ace_inpaint_candidate,5.0,candidate_index,0.1922096312046051,0.24254059791564941,0.022593341767787933,-0.19478177279233932,3.0548288822174072,3.088484048843384,2.8611044883728027,-0.21055197715759277,2.920875072479248,2.91090726852417,2.7223479747772217,-0.1935431957244873,2.9779672622680664,2.7992162704467773,2.719348192214966,-0.16924357414245605,2.7452189922332764,2.8641607761383057,2.608445405960083,-0.196244478225708,2.7166852951049805,2.7793731689453125,2.6043448448181152,-0.14368438720703125
s05::cand06,s05,s05,ace_inpaint_candidate,6.0,candidate_index,0.1922096312046051,0.06530292332172394,-0.5351168513298035,-0.663873128592968,3.0548288822174072,2.8458571434020996,2.7246437072753906,-0.2256993055343628,2.920875072479248,2.8068976402282715,2.6047580242156982,-0.2591283321380615,2.9779672622680664,2.767458438873291,2.650487184524536,-0.22222566604614258,2.7452189922332764,2.470024585723877,2.3150081634521484,-0.2926136255264282,2.7166852951049805,2.54152512550354,2.43913197517395,-0.18997323513031006
s05::cand07,s05,s05,ace_inpaint_candidate,7.0,candidate_index,0.1922096312046051,-0.626821756362915,-0.6574640870094299,-0.44015802443027496,3.0548288822174072,3.1651179790496826,2.8842270374298096,-0.22574639320373535,2.920875072479248,3.227745294570923,2.8176589012145996,-0.25665128231048584,2.9779672622680664,3.035468816757202,2.7937276363372803,-0.212990403175354,2.7452189922332764,3.058556079864502,2.592799186706543,-0.3090883493423462,2.7166852951049805,3.0210607051849365,2.5901572704315186,-0.27871572971343994
s06::cand00,s06,s06,ace_inpaint_candidate,0.0,candidate_index,1.1343319416046143,-1.105736494064331,-1.0821707248687744,-1.096468448638916,2.865123748779297,2.7323403358459473,2.4594123363494873,-0.33931970596313477,2.8212766647338867,2.8298237323760986,2.3880090713500977,-0.437541127204895,2.627708673477173,2.6880342960357666,2.3414671421051025,-0.3164043426513672,2.734811305999756,2.7419369220733643,2.310861587524414,-0.427512526512146,2.682298421859741,2.829913377761841,2.372816324234009,-0.3832895755767822
s06::cand01,s06,s06,ace_inpaint_candidate,1.0,candidate_index,1.1343319416046143,-0.8518947958946228,-0.014944233000278473,-0.1561628058552742,2.865123748779297,2.7017335891723633,2.485901355743408,-0.2975273132324219,2.8212766647338867,2.6685733795166016,2.442986249923706,-0.3019387722015381,2.627708673477173,2.6260600090026855,2.259066104888916,-0.3678182363510132,2.734811305999756,2.495898485183716,2.1877779960632324,-0.4275768995285034,2.682298421859741,2.5334057807922363,2.2317087650299072,-0.37614333629608154
s06::cand02,s06,s06,ace_inpaint_candidate,2.0,candidate_index,1.1343319416046143,0.5634074807167053,-0.861908495426178,-1.7107782065868378,2.865123748779297,2.7836592197418213,2.4929888248443604,-0.33140265941619873,2.8212766647338867,2.5483548641204834,2.339353322982788,-0.345462441444397,2.627708673477173,2.497347354888916,2.2829225063323975,-0.279605507850647,2.734811305999756,2.4895167350769043,2.227433681488037,-0.38473033905029297,2.682298421859741,2.4321351051330566,2.230044364929199,-0.3271723985671997
s06::cand03,s06,s06,ace_inpaint_candidate,3.0,candidate_index,1.1343319416046143,0.3375531733036041,1.3305021524429321,0.5945595949888229,2.865123748779297,2.648707389831543,2.3594236373901367,-0.3974919319152832,2.8212766647338867,2.641130208969116,2.3174448013305664,-0.41375863552093506,2.627708673477173,2.592123508453369,2.3303401470184326,-0.2795759439468384,2.734811305999756,2.5128276348114014,2.163128137588501,-0.46069133281707764,2.682298421859741,2.6388580799102783,2.24421763420105,-0.41636061668395996
s06::cand04,s06,s06,ace_inpaint_candidate,4.0,candidate_index,1.1343319416046143,-0.27845656871795654,-0.5833969712257385,-1.0113346576690674,2.865123748779297,2.555521011352539,2.381655693054199,-0.32866668701171875,2.8212766647338867,2.511066436767578,2.231499195098877,-0.43467235565185547,2.627708673477173,2.5710289478302,2.2588438987731934,-0.34052491188049316,2.734811305999756,2.457468271255493,2.187009572982788,-0.4091302156448364,2.682298421859741,2.58199405670166,2.2362489700317383,-0.3958972692489624
s06::cand05,s06,s06,ace_inpaint_candidate,5.0,candidate_index,1.1343319416046143,-0.836726188659668,-0.23775282502174377,-0.3865557014942169,2.865123748779297,2.8157057762145996,2.5074076652526855,-0.3330070972442627,2.8212766647338867,2.748971462249756,2.4173407554626465,-0.3677833080291748,2.627708673477173,2.598374366760254,2.1943540573120117,-0.41868746280670166,2.734811305999756,2.6516857147216797,2.2132043838500977,-0.4800441265106201,2.682298421859741,2.6412830352783203,2.270784378051758,-0.39100635051727295
s06::cand06,s06,s06,ace_inpaint_candidate,6.0,candidate_index,1.1343319416046143,-0.839599609375,-0.8295156359672546,-0.9768818020820618,2.865123748779297,2.6604440212249756,2.435131788253784,-0.32765209674835205,2.8212766647338867,2.7429397106170654,2.339932918548584,-0.4421752691268921,2.627708673477173,2.602008581161499,2.287872552871704,-0.32698607444763184,2.734811305999756,2.506272792816162,2.136354923248291,-0.48418712615966797,2.682298421859741,2.5768795013427734,2.156534433364868,-0.47305452823638916
s06::cand07,s06,s06,ace_inpaint_candidate,7.0,candidate_index,1.1343319416046143,-0.7476009726524353,-0.917632520198822,-1.1109980046749115,2.865123748779297,2.757580041885376,2.4610815048217773,-0.3502703905105591,2.8212766647338867,2.7768449783325195,2.376458168029785,-0.42260265350341797,2.627708673477173,2.6919121742248535,2.4170291423797607,-0.24278128147125244,2.734811305999756,2.69846510887146,2.2963693141937256,-0.4202688932418823,2.682298421859741,2.8195834159851074,2.451176404953003,-0.2997645139694214
s07::cand00,s07,s07,ace_inpaint_candidate,0.0,candidate_index,1.3952090740203857,1.3978632688522339,1.3774821758270264,-0.019053995609283447,2.6822688579559326,2.968968391418457,2.8826889991760254,0.057070374488830566,2.891690492630005,3.016528606414795,2.90496826171875,-0.0491412878036499,2.704439878463745,2.8969411849975586,2.8263866901397705,0.025696158409118652,2.597174882888794,2.7064661979675293,2.6501519680023193,-0.0016685724258422852,2.589332342147827,2.8285560607910156,2.639986276626587,-0.06895792484283447
s07::cand01,s07,s07,ace_inpaint_candidate,1.0,candidate_index,1.3952090740203857,1.130712628364563,1.2372934818267822,-0.02566736936569214,2.6822688579559326,2.933366060256958,2.834681510925293,0.026864051818847656,2.891690492630005,3.1364905834198,2.9103403091430664,-0.10375022888183594,2.704439878463745,2.983511209487915,2.830289602279663,-0.013685941696166992,2.597174882888794,2.8467955589294434,2.6077322959899902,-0.11425292491912842,2.589332342147827,2.8043129444122314,2.609178066253662,-0.08764457702636719
s07::cand02,s07,s07,ace_inpaint_candidate,2.0,candidate_index,1.3952090740203857,1.1404709815979004,1.0887295007705688,-0.17911052703857422,2.6822688579559326,2.7093114852905273,2.7170474529266357,0.02125728130340576,2.891690492630005,2.7244133949279785,2.7665822505950928,-0.041469693183898926,2.704439878463745,2.7127091884613037,2.7503902912139893,0.041815757751464844,2.597174882888794,2.4801602363586426,2.5425682067871094,0.0039006471633911133,2.589332342147827,2.5057592391967773,2.4992589950561523,-0.0482867956161499
s07::cand03,s07,s07,ace_inpaint_candidate,3.0,candidate_index,1.3952090740203857,1.695915937423706,1.5102784633636475,-0.03528404235839844,2.6822688579559326,2.8574864864349365,2.794997215270996,0.025119543075561523,2.891690492630005,3.033987522125244,2.8633172512054443,-0.09952175617218018,2.704439878463745,2.81262469291687,2.750058650970459,-0.008473634719848633,2.597174882888794,2.645472288131714,2.5495290756225586,-0.07179450988769531,2.589332342147827,2.82755970954895,2.598494529724121,-0.10995149612426758
s07::cand04,s07,s07,ace_inpaint_candidate,4.0,candidate_index,1.3952090740203857,1.2738655805587769,1.170514464378357,-0.16402286291122437,2.6822688579559326,2.7442798614501953,2.7371702194213867,0.023895859718322754,2.891690492630005,2.830810070037842,2.8031208515167236,-0.05812942981719971,2.704439878463745,2.822270393371582,2.7753567695617676,0.012001633644104004,2.597174882888794,2.6035149097442627,2.514859676361084,-0.08548521995544434,2.589332342147827,2.6755199432373047,2.5603184700012207,-0.07210767269134521
s07::cand05,s07,s07,ace_inpaint_candidate,5.0,candidate_index,1.3952090740203857,1.4095757007598877,1.2406467199325562,-0.16174566745758057,2.6822688579559326,2.894827127456665,2.8325982093811035,0.04405021667480469,2.891690492630005,3.1239964962005615,2.9410459995269775,-0.06679749488830566,2.704439878463745,2.964764356613159,2.8493423461914062,0.014740228652954102,2.597174882888794,2.714020013809204,2.6482632160186768,-0.007334232330322266,2.589332342147827,2.7420361042022705,2.5718588829040527,-0.0938253402709961
s07::cand06,s07,s07,ace_inpaint_candidate,6.0,candidate_index,1.3952090740203857,1.5977699756622314,1.4358365535736084,-0.060652971267700195,2.6822688579559326,2.963855266571045,2.8795392513275146,0.05647718906402588,2.891690492630005,3.1987416744232178,2.9648194313049316,-0.08039665222167969,2.704439878463745,3.046783208847046,2.8915817737579346,0.015970230102539062,2.597174882888794,2.7682855129241943,2.662710189819336,-0.020020008087158203,2.589332342147827,2.936475992202759,2.699695110321045,-0.06320905685424805
s07::cand07,s07,s07,ace_inpaint_candidate,7.0,candidate_index,1.3952090740203857,1.5249234437942505,1.569887399673462,0.1098211407661438,2.6822688579559326,2.845444917678833,2.7947182655334473,0.030861377716064453,2.891690492630005,3.065166473388672,2.9061498641967773,-0.07227861881256104,2.704439878463745,2.986234664916992,2.8625004291534424,0.01716315746307373,2.597174882888794,2.7259883880615234,2.6374926567077637,-0.02408897876739502,2.589332342147827,2.8399593830108643,2.657416343688965,-0.05722951889038086
s08::cand00,s08,s08,ace_inpaint_candidate,0.0,candidate_index,-1.3714776039123535,-1.4756988286972046,-1.6940579414367676,-0.2704697251319885,2.2215261459350586,2.4040961265563965,2.4618968963623047,0.14908576011657715,2.371310234069824,2.3849127292633057,2.4707515239715576,0.09264004230499268,2.231330394744873,2.244050979614258,2.362112045288086,0.12442135810852051,2.062262773513794,2.07566499710083,2.15105938911438,0.08209550380706787,2.0544681549072266,2.0391273498535156,2.1761372089385986,0.12933945655822754
s08::cand01,s08,s08,ace_inpaint_candidate,1.0,candidate_index,-1.3714776039123535,-1.557494044303894,-1.4260942935943604,0.03839153051376343,2.2215261459350586,2.4355947971343994,2.5576295852661133,0.22906911373138428,2.371310234069824,2.4745943546295166,2.536158800125122,0.11320650577545166,2.231330394744873,2.4231760501861572,2.491359233856201,0.16410601139068604,2.062262773513794,2.1631762981414795,2.2194912433624268,0.10677170753479004,2.0544681549072266,2.123744010925293,2.260267734527588,0.17116165161132812
s08::cand02,s08,s08,ace_inpaint_candidate,2.0,candidate_index,-1.3714776039123535,-2.674733877182007,-2.123025894165039,-0.09992015361785889,2.2215261459350586,2.1266651153564453,2.3110151290893555,0.13691949844360352,2.371310234069824,2.2693190574645996,2.3734970092773438,0.053182363510131836,2.231330394744873,2.180302381515503,2.3045167922973633,0.09870040416717529,2.062262773513794,2.0483651161193848,2.104224681854248,0.04891073703765869,2.0544681549072266,2.0518739223480225,2.1584880352020264,0.10531699657440186
s08::cand03,s08,s08,ace_inpaint_candidate,3.0,candidate_index,-1.3714776039123535,-1.3496347665786743,-1.7034738063812256,-0.34291762113571167,2.2215261459350586,2.1917476654052734,2.430413246154785,0.22377634048461914,2.371310234069824,2.1912403106689453,2.381772994995117,0.10049772262573242,2.231330394744873,2.1437273025512695,2.3118889331817627,0.1243600845336914,2.062262773513794,1.8952836990356445,2.102543830871582,0.12377059459686279,2.0544681549072266,1.9046465158462524,2.1395020484924316,0.15994471311569214
s08::cand04,s08,s08,ace_inpaint_candidate,4.0,candidate_index,-1.3714776039123535,-1.991016149520874,-1.8739783763885498,-0.19273149967193604,2.2215261459350586,2.2083933353424072,2.375514507293701,0.16055476665496826,2.371310234069824,2.1706554889678955,2.332209587097168,0.061226725578308105,2.231330394744873,2.108529567718506,2.262763261795044,0.09283328056335449,2.062262773513794,1.864898920059204,2.0635108947753906,0.0999300479888916,2.0544681549072266,1.9276437759399414,2.113492965698242,0.1224370002746582
s08::cand05,s08,s08,ace_inpaint_candidate,5.0,candidate_index,-1.3714776039123535,-1.6481939554214478,-1.6986944675445557,-0.18885868787765503,2.2215261459350586,2.0922539234161377,2.3250069618225098,0.16811692714691162,2.371310234069824,2.139810085296631,2.274050712585449,0.01849055290222168,2.231330394744873,1.9582630395889282,2.143338203430176,0.048541486263275146,2.062262773513794,1.8800700902938843,2.025848388671875,0.05468195676803589,2.0544681549072266,1.8525285720825195,2.0520405769348145,0.0985422134399414
s08::cand06,s08,s08,ace_inpaint_candidate,6.0,candidate_index,-1.3714776039123535,-1.630174160003662,-1.877437710762024,-0.3766118288040161,2.2215261459350586,2.2561376094818115,2.4083242416381836,0.16949236392974854,2.371310234069824,2.232041358947754,2.344752550125122,0.04307675361633301,2.231330394744873,2.206678867340088,2.2884364128112793,0.06943178176879883,2.062262773513794,1.9420042037963867,2.075643539428711,0.0735100507736206,2.0544681549072266,2.0038373470306396,2.129647970199585,0.10049521923065186
s08::cand07,s08,s08,ace_inpaint_candidate,7.0,candidate_index,-1.3714776039123535,-1.3940248489379883,-1.5605807304382324,-0.17782950401306152,2.2215261459350586,2.3057782649993896,2.3324875831604004,0.06883537769317627,2.371310234069824,2.3312411308288574,2.347287654876709,-0.003988027572631836,2.231330394744873,2.264544725418091,2.223104476928711,-0.024833083152770996,2.062262773513794,2.1153769493103027,2.0885255336761475,-0.0002943277359008789,2.0544681549072266,2.098444938659668,2.1195292472839355,0.04307270050048828
s09::cand00,s09,s09,ace_inpaint_candidate,0.0,candidate_index,1.6858513355255127,0.5429664254188538,1.313962459564209,0.19955357909202576,3.061950922012329,2.8471016883850098,2.734212636947632,-0.2203136682510376,2.908862590789795,2.721083164215088,2.59486722946167,-0.22010564804077148,2.8677709102630615,2.663163900375366,2.630491256713867,-0.13497614860534668,2.840184211730957,2.4851832389831543,2.32427978515625,-0.33840394020080566,2.863767623901367,2.628234624862671,2.553809642791748,-0.192191481590271
s09::cand01,s09,s09,ace_inpaint_candidate,1.0,candidate_index,1.6858513355255127,1.3335816860198975,1.4976305961608887,-0.012085914611816406,3.061950922012329,2.6245150566101074,2.5743472576141357,-0.2688857316970825,2.908862590789795,2.581825017929077,2.4708027839660645,-0.2745410203933716,2.8677709102630615,2.5735881328582764,2.444704055786133,-0.27597546577453613,2.840184211730957,2.5541322231292725,2.3228397369384766,-0.3743184804916382,2.863767623901367,2.598069667816162,2.3772761821746826,-0.35364246368408203
s09::cand02,s09,s09,ace_inpaint_candidate,2.0,candidate_index,1.6858513355255127,1.1807328462600708,1.5462254285812378,0.11293333768844604,3.061950922012329,3.0353634357452393,2.7981321811676025,-0.25052499771118164,2.908862590789795,2.9699864387512207,2.7058193683624268,-0.23360514640808105,2.8677709102630615,2.936267852783203,2.6710808277130127,-0.23093855381011963,2.840184211730957,2.7408411502838135,2.421867609024048,-0.3686450719833374,2.863767623901367,2.949040651321411,2.6294381618499756,-0.2769659757614136
s09::cand03,s09,s09,ace_inpaint_candidate,3.0,candidate_index,1.6858513355255127,0.8856063485145569,1.4944655895233154,0.20873674750328064,3.061950922012329,3.1070547103881836,2.8420567512512207,-0.24244606494903564,2.908862590789795,2.8970794677734375,2.646016836166382,-0.2569541931152344,2.8677709102630615,2.7290284633636475,2.5102672576904297,-0.2881324291229248,2.840184211730957,2.744173526763916,2.3865818977355957,-0.4055969715118408,2.863767623901367,2.7759101390838623,2.5622968673706055,-0.2575420141220093
s09::cand04,s09,s09,ace_inpaint_candidate,4.0,candidate_index,1.6858513355255127,0.02101711556315422,1.0330817699432373,0.17964754439890385,3.061950922012329,2.689833402633667,2.619504451751709,-0.25638771057128906,2.908862590789795,2.7217700481414795,2.4688901901245117,-0.3464261293411255,2.8677709102630615,2.5676262378692627,2.397969961166382,-0.3197286128997803,2.840184211730957,2.4078943729400635,2.2094058990478516,-0.4146333932876587,2.863767623901367,2.616016387939453,2.3777904510498047,-0.36210155487060547
s09::cand05,s09,s09,ace_inpaint_candidate,5.0,candidate_index,1.6858513355255127,0.7171863913536072,1.2675573825836182,0.06603851914405823,3.061950922012329,2.9159553050994873,2.7025058269500732,-0.28644728660583496,2.908862590789795,2.9264018535614014,2.6109704971313477,-0.3066617250442505,2.8677709102630615,2.843742609024048,2.549527645111084,-0.3062291145324707,2.840184211730957,2.843742847442627,2.4631893634796143,-0.37877416610717773,2.863767623901367,2.900695323944092,2.6329290866851807,-0.24930238723754883
s09::cand06,s09,s09,ace_inpaint_candidate,6.0,candidate_index,1.6858513355255127,1.144242525100708,1.5163034200668335,0.10125648975372314,3.061950922012329,3.0548300743103027,2.8538713455200195,-0.2045191526412964,2.908862590789795,3.0434935092926025,2.7861993312835693,-0.1899787187576294,2.8677709102630615,3.0277583599090576,2.826902151107788,-0.12086248397827148,2.840184211730957,2.741340398788452,2.5014076232910156,-0.28935468196868896,2.863767623901367,2.941913604736328,2.6992721557617188,-0.2035684585571289
s09::cand07,s09,s09,ace_inpaint_candidate,7.0,candidate_index,1.6858513355255127,1.4530823230743408,1.8572969436645508,0.287830114364624,3.061950922012329,2.9905104637145996,2.7579891681671143,-0.2682415246963501,2.908862590789795,2.973910331726074,2.651033878326416,-0.29035258293151855,2.8677709102630615,2.8705313205718994,2.6576991081237793,-0.21145200729370117,2.840184211730957,2.7240586280822754,2.4495232105255127,-0.3325982093811035,2.863767623901367,2.8808786869049072,2.574333667755127,-0.29798948764801025
s10::cand00,s10,s10,ace_inpaint_candidate,0.0,candidate_index,0.6579256653785706,-0.8789768815040588,0.3507675230503082,0.46129313111305237,2.2124369144439697,2.024693727493286,2.074164390563965,-0.044400930404663086,2.2218661308288574,2.122901439666748,2.1132166385650635,-0.05916714668273926,2.236255168914795,2.0754737854003906,2.090561866760254,-0.06530261039733887,2.0536952018737793,1.8630919456481934,1.8942115306854248,-0.06418204307556152,2.0182485580444336,1.960707426071167,1.8945411443710327,-0.09493684768676758
s10::cand01,s10,s10,ace_inpaint_candidate,1.0,candidate_index,0.6579256653785706,1.2740020751953125,1.165416955947876,0.19945308566093445,2.2124369144439697,2.1812214851379395,2.078711748123169,-0.11811745166778564,2.2218661308288574,2.157653331756592,1.9842778444290161,-0.2054818868637085,2.236255168914795,2.2115118503570557,2.1075594425201416,-0.11632406711578369,2.0536952018737793,2.0317153930664062,1.8530844449996948,-0.18962085247039795,2.0182485580444336,2.1629998683929443,1.882590413093567,-0.20803380012512207
s10::cand02,s10,s10,ace_inpaint_candidate,2.0,candidate_index,0.6579256653785706,1.1065325736999512,0.8236901760101318,-0.05853894352912903,2.2124369144439697,2.4076361656188965,2.190143585205078,-0.11989295482635498,2.2218661308288574,2.524749755859375,2.230839967727661,-0.14246797561645508,2.236255168914795,2.3906872272491455,2.1671364307403564,-0.14633476734161377,2.0536952018737793,2.2893171310424805,2.0598642826080322,-0.11164188385009766,2.0182485580444336,2.2887890338897705,1.9876506328582764,-0.16586816310882568
s10::cand03,s10,s10,ace_inpaint_candidate,3.0,candidate_index,0.6579256653785706,0.8821873664855957,0.9746788144111633,0.2046222984790802,2.2124369144439697,2.2614448070526123,2.163562536239624,-0.07337832450866699,2.2218661308288574,2.3316800594329834,2.091961145401001,-0.18481194972991943,2.236255168914795,2.3063697814941406,2.1223042011260986,-0.14900827407836914,2.0536952018737793,2.174065351486206,1.9340561628341675,-0.1798241138458252,2.0182485580444336,2.155040979385376,1.9389333724975586,-0.1477113962173462
s10::cand04,s10,s10,ace_inpaint_candidate,4.0,candidate_index,0.6579256653785706,0.7598346471786499,0.9597657322883606,0.25088557600975037,2.2124369144439697,2.111860990524292,2.03316068649292,-0.12898826599121094,2.2218661308288574,2.234255790710449,2.0258545875549316,-0.20220637321472168,2.236255168914795,2.105018377304077,2.0755867958068848,-0.09504997730255127,2.0536952018737793,1.950761079788208,1.8585116863250732,-0.1437164545059204,2.0182485580444336,2.025120496749878,1.810058832168579,-0.21162569522857666
s10::cand05,s10,s10,ace_inpaint_candidate,5.0,candidate_index,0.6579256653785706,-0.07789305597543716,1.007938027381897,0.7179217226803303,2.2124369144439697,2.1697885990142822,2.0999972820281982,-0.09111547470092773,2.2218661308288574,2.450867176055908,2.236067295074463,-0.10029935836791992,2.236255168914795,2.2682571411132812,2.0918073654174805,-0.16044878959655762,2.0536952018737793,2.0915451049804688,1.927269458770752,-0.14535069465637207,2.0182485580444336,2.244546890258789,1.9863698482513428,-0.14502787590026855
s10::cand06,s10,s10,ace_inpaint_candidate,6.0,candidate_index,0.6579256653785706,0.1726759374141693,0.910808265209198,0.49550746381282806,2.2124369144439697,2.416541814804077,2.183427333831787,-0.13106203079223633,2.2218661308288574,2.5477471351623535,2.224154472351074,-0.16065216064453125,2.236255168914795,2.4784798622131348,2.223965644836426,-0.13340187072753906,2.0536952018737793,2.135931968688965,1.9385396242141724,-0.1562739610671997,2.0182485580444336,2.24520206451416,1.9219489097595215,-0.2097764015197754
s10::cand07,s10,s10,ace_inpaint_candidate,7.0,candidate_index,0.6579256653785706,-0.3290095329284668,0.18955448269844055,0.025096416473388672,2.2124369144439697,2.2834994792938232,2.1425976753234863,-0.10537052154541016,2.2218661308288574,2.38216495513916,2.182868003845215,-0.11914753913879395,2.236255168914795,2.3353543281555176,2.1832094192504883,-0.10259532928466797,2.0536952018737793,2.1925365924835205,2.0172386169433594,-0.10587728023529053,2.0182485580444336,2.0908496379852295,1.8869104385375977,-0.1676386594772339
s11::cand00,s11,s11,ace_inpaint_candidate,0.0,candidate_index,0.9024305939674377,0.7709255814552307,0.8831770420074463,0.04649895429611206,2.926668643951416,2.9145867824554443,2.754209518432617,-0.166418194770813,2.787870168685913,2.8996477127075195,2.643728733062744,-0.20003020763397217,2.560774326324463,2.800856351852417,2.52742862701416,-0.15338671207427979,2.618680477142334,2.7350165843963623,2.4452664852142334,-0.23158204555511475,2.7759695053100586,2.804553270339966,2.6206858158111572,-0.16957557201385498
s11::cand01,s11,s11,ace_inpaint_candidate,1.0,candidate_index,0.9024305939674377,0.110757976770401,0.44996872544288635,-0.05662555992603302,2.926668643951416,2.804414987564087,2.7635810375213623,-0.10196077823638916,2.787870168685913,2.8563554286956787,2.618809223175049,-0.20330357551574707,2.560774326324463,2.788881540298462,2.46681547164917,-0.20801246166229248,2.618680477142334,2.6476938724517822,2.432218313217163,-0.20096886157989502,2.7759695053100586,2.645350456237793,2.526444673538208,-0.18421530723571777
s11::cand02,s11,s11,ace_inpaint_candidate,2.0,candidate_index,0.9024305939674377,0.2901410758495331,0.954472541809082,0.3581867069005966,2.926668643951416,2.7252559661865234,2.6676738262176514,-0.15828847885131836,2.787870168685913,2.5490217208862305,2.4930579662323,-0.17538797855377197,2.560774326324463,2.5725696086883545,2.4901630878448486,-0.07650887966156006,2.618680477142334,2.4378843307495117,2.3438587188720703,-0.18442368507385254,2.7759695053100586,2.6501030921936035,2.492645740509033,-0.22039055824279785
s11::cand03,s11,s11,ace_inpaint_candidate,3.0,candidate_index,0.9024305939674377,0.604972243309021,1.043804407119751,0.2901029884815216,2.926668643951416,3.0945990085601807,2.9139981269836426,-0.09663569927215576,2.787870168685913,2.922182559967041,2.671900749206543,-0.18312561511993408,2.560774326324463,2.84710955619812,2.603001117706299,-0.10094082355499268,2.618680477142334,2.7713003158569336,2.496757984161377,-0.19823241233825684,2.7759695053100586,2.980015754699707,2.6699914932250977,-0.20800113677978516
s11::cand04,s11,s11,ace_inpaint_candidate,4.0,candidate_index,0.9024305939674377,-0.35697850584983826,0.6227949261665344,0.3500688821077347,2.926668643951416,2.991135358810425,2.8139615058898926,-0.14494049549102783,2.787870168685913,2.878511428833008,2.62386417388916,-0.2093266248703003,2.560774326324463,2.9392757415771484,2.483119487762451,-0.2669055461883545,2.618680477142334,2.8574650287628174,2.5331339836120605,-0.20493876934051514,2.7759695053100586,2.7486977577209473,2.6151883602142334,-0.14714527130126953
s11::cand05,s11,s11,ace_inpaint_candidate,5.0,candidate_index,0.9024305939674377,0.6482774615287781,0.7848756909370422,0.009521663188934326,2.926668643951416,2.8554885387420654,2.7207870483398438,-0.17029154300689697,2.787870168685913,2.6748907566070557,2.5277252197265625,-0.20365524291992188,2.560774326324463,2.7373318672180176,2.5190794467926025,-0.1299736499786377,2.618680477142334,2.42549729347229,2.2742645740509033,-0.2478243112564087,2.7759695053100586,2.4959194660186768,2.4319896697998047,-0.203954815864563
s11::cand06,s11,s11,ace_inpaint_candidate,6.0,candidate_index,0.9024305939674377,-0.12721791863441467,0.29652783274650574,-0.0910785049200058,2.926668643951416,2.8628082275390625,2.721789836883545,-0.17294859886169434,2.787870168685913,2.760350227355957,2.572482109069824,-0.20162808895111084,2.560774326324463,2.565147638320923,2.3454973697662354,-0.21746361255645752,2.618680477142334,2.5531957149505615,2.358658790588379,-0.22727930545806885,2.7759695053100586,2.8051071166992188,2.600780487060547,-0.1897578239440918
s11::cand07,s11,s11,ace_inpaint_candidate,7.0,candidate_index,0.9024305939674377,-0.893767237663269,-0.6654687523841858,-0.6698004305362701,2.926668643951416,2.5694291591644287,2.5427205562591553,-0.2053283452987671,2.787870168685913,2.690796375274658,2.5656044483184814,-0.1737288236618042,2.560774326324463,2.5318033695220947,2.3926281929016113,-0.15366065502166748,2.618680477142334,2.514113664627075,2.3126096725463867,-0.25378739833831787,2.7759695053100586,2.511598587036133,2.505183219909668,-0.13860082626342773
s12::cand00,s12,s12,ace_inpaint_candidate,0.0,candidate_index,-0.33376574516296387,-0.9440345168113708,-0.8164106011390686,-0.17751047015190125,3.1405866146087646,2.586740255355835,2.7100026607513428,-0.15366077423095703,3.3063595294952393,2.6027441024780273,2.7408785820007324,-0.21367323398590088,2.928006172180176,2.504099130630493,2.5744969844818115,-0.14155566692352295,2.912040948867798,2.437720775604248,2.3957252502441406,-0.2791556119918823,2.9173200130462646,2.647183656692505,2.6715383529663086,-0.11071348190307617
s12::cand01,s12,s12,ace_inpaint_candidate,1.0,candidate_index,-0.33376574516296387,0.11248094588518143,-0.12104695290327072,-0.010404553264379501,3.1405866146087646,2.7848012447357178,2.82112455368042,-0.1415693759918213,3.3063595294952393,2.7269608974456787,2.8457510471343994,-0.17090916633605957,2.928006172180176,2.632080316543579,2.6303839683532715,-0.14965927600860596,2.912040948867798,2.4692914485931396,2.4924893379211426,-0.19817686080932617,2.9173200130462646,2.5940451622009277,2.6260480880737305,-0.12963449954986572
s12::cand02,s12,s12,ace_inpaint_candidate,2.0,candidate_index,-0.33376574516296387,-0.5900518298149109,0.3004348576068878,0.7623436450958252,3.1405866146087646,2.782557964324951,2.7716283798217773,-0.18994390964508057,3.3063595294952393,2.91682767868042,2.8343212604522705,-0.2772723436355591,2.928006172180176,2.645644187927246,2.5803110599517822,-0.2065141201019287,2.912040948867798,2.6974806785583496,2.517282247543335,-0.28747856616973877,2.9173200130462646,2.781707763671875,2.6680309772491455,-0.18148291110992432
s12::cand03,s12,s12,ace_inpaint_candidate,3.0,candidate_index,-0.33376574516296387,-0.270478218793869,0.05904952436685562,0.36117150634527206,3.1405866146087646,2.8473432064056396,2.9133055210113525,-0.08065938949584961,3.3063595294952393,2.8427343368530273,2.9472157955169678,-0.12733113765716553,2.928006172180176,2.879932165145874,2.7995545864105225,-0.10441458225250244,2.912040948867798,2.632941722869873,2.6621975898742676,-0.11029374599456787,2.9173200130462646,2.6548261642456055,2.67512583732605,-0.11094725131988525
s12::cand04,s12,s12,ace_inpaint_candidate,4.0,candidate_index,-0.33376574516296387,-1.184378743171692,-0.49387380480766296,0.2651984393596649,3.1405866146087646,2.7093398571014404,2.7372031211853027,-0.1877601146697998,3.3063595294952393,2.841568946838379,2.8716115951538086,-0.2023526430130005,2.928006172180176,2.7889785766601562,2.640960454940796,-0.21753191947937012,2.912040948867798,2.5654947757720947,2.5078940391540527,-0.23087382316589355,2.9173200130462646,2.695997714996338,2.6232388019561768,-0.1834200620651245
s12::cand05,s12,s12,ace_inpaint_candidate,5.0,candidate_index,-0.33376574516296387,-0.7644929885864258,-0.58493572473526,-0.035806357860565186,3.1405866146087646,2.686190128326416,2.7125067710876465,-0.20088160037994385,3.3063595294952393,2.6857399940490723,2.763390302658081,-0.2326594591140747,2.928006172180176,2.636786460876465,2.5887768268585205,-0.1936194896697998,2.912040948867798,2.518141508102417,2.488013505935669,-0.22707772254943848,2.9173200130462646,2.546552896499634,2.5404224395751953,-0.1915140151977539
s12::cand06,s12,s12,ace_inpaint_candidate,6.0,candidate_index,-0.33376574516296387,-1.9384539127349854,-1.409733533859253,-0.2736237049102783,3.1405866146087646,2.1480860710144043,2.6462106704711914,0.0018743276596069336,3.3063595294952393,2.2926881313323975,2.81013560295105,0.010611772537231445,2.928006172180176,2.195035696029663,2.578300952911377,0.01678001880645752,2.912040948867798,1.981706142425537,2.4233765602111816,-0.02349698543548584,2.9173200130462646,2.10109543800354,2.5125482082366943,0.003340482711791992
s12::cand07,s12,s12,ace_inpaint_candidate,7.0,candidate_index,-0.33376574516296387,-0.6061858534812927,0.24419981241226196,0.7141756117343903,3.1405866146087646,2.778900384902954,2.7795419692993164,-0.18020153045654297,3.3063595294952393,2.831631660461426,2.8900046348571777,-0.17899096012115479,2.928006172180176,2.677839994430542,2.5827016830444336,-0.2202214002609253,2.912040948867798,2.715850830078125,2.6178526878356934,-0.19609320163726807,2.9173200130462646,2.725480556488037,2.637834072113037,-0.18356621265411377
s13::cand00,s13,s13,ace_inpaint_candidate,0.0,candidate_index,1.2155030965805054,0.8496769070625305,0.9182739853858948,-0.11431601643562317,2.674337387084961,2.692354202270508,2.6089234352111816,-0.07442235946655273,2.7631871700286865,2.7858357429504395,2.6378273963928223,-0.13668406009674072,2.8877224922180176,2.9126405715942383,2.6519408226013184,-0.24824070930480957,2.4267220497131348,2.615200996398926,2.4025025367736816,-0.11845898628234863,2.5908660888671875,2.74996280670166,2.4626595973968506,-0.20775485038757324
s13::cand01,s13,s13,ace_inpaint_candidate,1.0,candidate_index,1.2155030965805054,1.0478527545928955,1.0530400276184082,-0.07863789796829224,2.674337387084961,2.54093861579895,2.4801948070526123,-0.12744319438934326,2.7631871700286865,2.8766865730285645,2.57826566696167,-0.24167120456695557,2.8877224922180176,2.8017818927764893,2.5791590213775635,-0.26559317111968994,2.4267220497131348,2.5869216918945312,2.2993760108947754,-0.20744585990905762,2.5908660888671875,2.797325372695923,2.4551286697387695,-0.23896706104278564
s13::cand02,s13,s13,ace_inpaint_candidate,2.0,candidate_index,1.2155030965805054,1.3412904739379883,1.1209410429000854,-0.15745574235916138,2.674337387084961,3.118255376815796,2.7756154537200928,-0.12068092823028564,2.7631871700286865,3.157050848007202,2.767547845840454,-0.19257116317749023,2.8877224922180176,3.055800199508667,2.758378505706787,-0.21338284015655518,2.4267220497131348,2.804654836654663,2.5377838611602783,-0.0779045820236206,2.5908660888671875,3.0192348957061768,2.5626156330108643,-0.24243485927581787
s13::cand03,s13,s13,ace_inpaint_candidate,3.0,candidate_index,1.2155030965805054,1.131563663482666,1.3515704870224,0.1780371069908142,2.674337387084961,2.6618399620056152,2.5717010498046875,-0.09638762474060059,2.7631871700286865,2.8017475605010986,2.525271415710449,-0.25719594955444336,2.8877224922180176,2.8637075424194336,2.6430835723876953,-0.23263144493103027,2.4267220497131348,2.5050113201141357,2.313810348510742,-0.15205633640289307,2.5908660888671875,2.5456185340881348,2.351121425628662,-0.21712088584899902
s13::cand04,s13,s13,ace_inpaint_candidate,4.0,candidate_index,1.2155030965805054,1.325746774673462,1.3996758460998535,0.12905091047286987,2.674337387084961,2.959632635116577,2.7253551483154297,-0.09162986278533936,2.7631871700286865,3.1015784740448,2.7400739192962646,-0.19230890274047852,2.8877224922180176,2.9788851737976074,2.743643045425415,-0.18966078758239746,2.4267220497131348,2.742469072341919,2.4425079822540283,-0.14208757877349854,2.5908660888671875,2.7939438819885254,2.5035502910614014,-0.18885469436645508
s13::cand05,s13,s13,ace_inpaint_candidate,5.0,candidate_index,1.2155030965805054,0.7001118659973145,0.7392415404319763,-0.2185659408569336,2.674337387084961,2.8696048259735107,2.704793691635132,-0.067177414894104,2.7631871700286865,3.0215418338775635,2.785395622253418,-0.10696887969970703,2.8877224922180176,2.9714293479919434,2.7610838413238525,-0.16849207878112793,2.4267220497131348,2.7722280025482178,2.4872546195983887,-0.1122204065322876,2.5908660888671875,2.831622838973999,2.599179267883301,-0.11206519603729248
s13::cand06,s13,s13,ace_inpaint_candidate,6.0,candidate_index,1.2155030965805054,0.6322527527809143,1.0355472564697266,0.11166933178901672,2.674337387084961,2.933967351913452,2.792513132095337,-0.011639237403869629,2.7631871700286865,2.8103280067443848,2.566852569580078,-0.21990501880645752,2.8877224922180176,2.9112682342529297,2.772792100906372,-0.12670326232910156,2.4267220497131348,2.6101694107055664,2.377094030380249,-0.14135169982910156,2.5908660888671875,2.7461318969726562,2.5150368213653564,-0.15346217155456543
s13::cand07,s13,s13,ace_inpaint_candidate,7.0,candidate_index,1.2155030965805054,1.0370975732803345,1.2752532958984375,0.14895296096801758,2.674337387084961,2.7014269828796387,2.619746446609497,-0.06813573837280273,2.7631871700286865,2.9369680881500244,2.6848461627960205,-0.16523146629333496,2.8877224922180176,2.9048376083374023,2.6824262142181396,-0.2138538360595703,2.4267220497131348,2.432812452316284,2.33553409576416,-0.09423315525054932,2.5908660888671875,2.6265971660614014,2.441164493560791,-0.16756713390350342
s14::cand00,s14,s14,ace_inpaint_candidate,0.0,candidate_index,0.8581728339195251,0.6340308785438538,0.8951423168182373,0.14904046058654785,3.1700046062469482,2.850750207901001,2.7364084720611572,-0.2739689350128174,3.1585612297058105,2.907031297683716,2.67160701751709,-0.36118924617767334,3.1344523429870605,2.859841823577881,2.8586907386779785,-0.1384563446044922,3.1101574897766113,2.8132715225219727,2.6627111434936523,-0.29900336265563965,3.0647778511047363,2.65936541557312,2.620166540145874,-0.2419050931930542
s14::cand01,s14,s14,ace_inpaint_candidate,1.0,candidate_index,0.8581728339195251,1.1163579225540161,0.8204031586647034,-0.16686221957206726,3.1700046062469482,2.546095132827759,2.568638324737549,-0.2894115447998047,3.1585612297058105,2.686720132827759,2.557727575302124,-0.36491310596466064,3.1344523429870605,2.5711512565612793,2.6280789375305176,-0.22472286224365234,3.1101574897766113,2.3930466175079346,2.4317188262939453,-0.31988322734832764,3.0647778511047363,2.4999232292175293,2.502725839614868,-0.27962470054626465
s14::cand02,s14,s14,ace_inpaint_candidate,2.0,candidate_index,0.8581728339195251,0.6701528429985046,0.979889452457428,0.21572661399841309,3.1700046062469482,2.7464582920074463,2.6672136783599854,-0.2910177707672119,3.1585612297058105,2.8280832767486572,2.685964822769165,-0.30735743045806885,3.1344523429870605,2.783691883087158,2.8653175830841064,-0.09375452995300293,3.1101574897766113,2.8180530071258545,2.6481881141662598,-0.31591713428497314,3.0647778511047363,2.699812173843384,2.700303077697754,-0.18199193477630615
s14::cand03,s14,s14,ace_inpaint_candidate,3.0,candidate_index,0.8581728339195251,0.7434845566749573,1.1933152675628662,0.392486572265625,3.1700046062469482,2.838064432144165,2.721181869506836,-0.2828526496887207,3.1585612297058105,2.7615787982940674,2.6086583137512207,-0.35141170024871826,3.1344523429870605,2.695309638977051,2.7934305667877197,-0.12145042419433594,3.1101574897766113,2.781096935272217,2.659273386001587,-0.28635382652282715,3.0647778511047363,2.586233139038086,2.599273920059204,-0.22623157501220703
s14::cand04,s14,s14,ace_inpaint_candidate,4.0,candidate_index,0.8581728339195251,0.5166744589805603,0.8780345320701599,0.1906108856201172,3.1700046062469482,2.8747398853302,2.7356390953063965,-0.28673315048217773,3.1585612297058105,2.7937350273132324,2.6586263179779053,-0.3175218105316162,3.1344523429870605,2.7523193359375,2.821265697479248,-0.12212014198303223,3.1101574897766113,2.695981025695801,2.6083996295928955,-0.29466962814331055,3.0647778511047363,2.7358038425445557,2.6746630668640137,-0.22562777996063232
s14::cand05,s14,s14,ace_inpaint_candidate,5.0,candidate_index,0.8581728339195251,0.3571179211139679,0.8358168601989746,0.2281714826822281,3.1700046062469482,2.7625045776367188,2.7046055793762207,-0.2616490125656128,3.1585612297058105,2.622988700866699,2.582489252090454,-0.3082857131958008,3.1344523429870605,2.560513496398926,2.703160524368286,-0.14432239532470703,3.1101574897766113,2.583115816116333,2.5770621299743652,-0.26957452297210693,3.0647778511047363,2.4914090633392334,2.5640954971313477,-0.2139979600906372
s14::cand06,s14,s14,ace_inpaint_candidate,6.0,candidate_index,0.8581728339195251,0.47895053029060364,1.1051018238067627,0.4365401417016983,3.1700046062469482,2.788609743118286,2.568281412124634,-0.4110257625579834,3.1585612297058105,2.776111125946045,2.5919430255889893,-0.3753931522369385,3.1344523429870605,2.85516619682312,2.7370145320892334,-0.25779473781585693,3.1101574897766113,2.826457977294922,2.615785837173462,-0.3525218963623047,3.0647778511047363,2.870035171508789,2.658193826675415,-0.30921268463134766
s14::cand07,s14,s14,ace_inpaint_candidate,7.0,candidate_index,0.8581728339195251,0.8302558064460754,1.1185345649719238,0.27432024478912354,3.1700046062469482,2.785573720932007,2.6978724002838135,-0.27991676330566406,3.1585612297058105,2.77815580368042,2.6720528602600098,-0.29630565643310547,3.1344523429870605,2.7482755184173584,2.8870904445648193,-0.05427348613739014,3.1101574897766113,2.6524105072021484,2.600832223892212,-0.28045177459716797,3.0647778511047363,2.6798832416534424,2.6496691703796387,-0.22266137599945068
s15::cand00,s15,s15,ace_inpaint_candidate,0.0,candidate_index,1.0793527364730835,0.16262361407279968,0.8557549715042114,0.23476679623126984,3.2883825302124023,2.8090829849243164,2.835247278213501,-0.2134854793548584,3.2751710414886475,2.9502434730529785,2.825289726257324,-0.28741753101348877,3.24453067779541,3.002440929412842,2.831672430038452,-0.29181337356567383,3.0865540504455566,2.6361083984375,2.5699567794799805,-0.29137444496154785,2.9442460536956787,2.695894718170166,2.5057594776153564,-0.3143109083175659
s15::cand01,s15,s15,ace_inpaint_candidate,1.0,candidate_index,1.0793527364730835,0.5977084040641785,0.7536161541938782,-0.08491441607475281,3.2883825302124023,3.175414800643921,2.9460034370422363,-0.2858952283859253,3.2751710414886475,3.114938497543335,2.835322380065918,-0.35973238945007324,3.24453067779541,3.0848047733306885,2.876729726791382,-0.2879379987716675,3.0865540504455566,3.0133302211761475,2.7711217403411865,-0.2788203954696655,2.9442460536956787,2.9642741680145264,2.6476895809173584,-0.30657052993774414
s15::cand02,s15,s15,ace_inpaint_candidate,2.0,candidate_index,1.0793527364730835,-0.39320504665374756,-0.42160096764564514,-0.7646748125553131,3.2883825302124023,3.257915735244751,3.004401683807373,-0.2687474489212036,3.2751710414886475,3.379301071166992,3.0020229816436768,-0.32521307468414307,3.24453067779541,3.40187668800354,3.028024435043335,-0.29517924785614014,3.0865540504455566,3.17344069480896,2.764066457748413,-0.3659309148788452,2.9442460536956787,3.14966082572937,2.695284605026245,-0.3516688346862793
s15::cand03,s15,s15,ace_inpaint_candidate,3.0,candidate_index,1.0793527364730835,0.5901159644126892,0.7411878108978271,-0.0935465395450592,3.2883825302124023,3.4758620262145996,3.062424421310425,-0.31969785690307617,3.2751710414886475,3.4614598751068115,2.9532527923583984,-0.41506266593933105,3.24453067779541,3.4042742252349854,2.9521894454956055,-0.3722130060195923,3.0865540504455566,3.361997604370117,2.7812726497650146,-0.44300317764282227,2.9442460536956787,3.2935283184051514,2.6988914012908936,-0.4199957847595215
s15::cand04,s15,s15,ace_inpaint_candidate,4.0,candidate_index,1.0793527364730835,0.8701637387275696,0.7566620707511902,-0.21809616684913635,3.2883825302124023,3.169227123260498,3.0207760334014893,-0.20802879333496094,3.2751710414886475,3.2448647022247314,2.9277405738830566,-0.3322772979736328,3.24453067779541,3.199903726577759,2.91803240776062,-0.30418479442596436,3.0865540504455566,3.053220748901367,2.8205838203430176,-0.24930357933044434,2.9442460536956787,3.0399417877197266,2.672673463821411,-0.3194204568862915
s15::cand05,s15,s15,ace_inpaint_candidate,5.0,candidate_index,1.0793527364730835,-0.044735267758369446,0.6477527618408203,0.1304440274834633,3.2883825302124023,3.3552489280700684,3.0928611755371094,-0.22895455360412598,3.2751710414886475,3.428557872772217,3.0122973918914795,-0.33956706523895264,3.24453067779541,3.251730442047119,2.92545223236084,-0.3226783275604248,3.0865540504455566,3.307724952697754,2.8511619567871094,-0.3459775447845459,2.9442460536956787,3.1673905849456787,2.801710844039917,-0.2541074752807617
s15::cand06,s15,s15,ace_inpaint_candidate,6.0,candidate_index,1.0793527364730835,0.3066849112510681,0.6652916073799133,-0.027727216482162476,3.2883825302124023,3.1942050457000732,3.0356838703155518,-0.20560991764068604,3.2751710414886475,3.3519554138183594,2.920834541320801,-0.39272868633270264,3.24453067779541,3.2051799297332764,2.902468681335449,-0.32238662242889404,3.0865540504455566,3.1591503620147705,2.8280019760131836,-0.29485023021698,2.9442460536956787,3.129633903503418,2.716446876525879,-0.32049310207366943
s15::cand07,s15,s15,ace_inpaint_candidate,7.0,candidate_index,1.0793527364730835,0.8845331072807312,1.0756752490997314,0.0937323272228241,3.2883825302124023,3.3778538703918457,3.1117053031921387,-0.22141289710998535,3.2751710414886475,3.195817470550537,2.903547763824463,-0.3319464921951294,3.24453067779541,3.1776199340820312,2.872709035873413,-0.3383662700653076,3.0865540504455566,3.163442850112915,2.8080551624298096,-0.31694328784942627,2.9442460536956787,3.154033660888672,2.767143726348877,-0.28199613094329834
s16::cand00,s16,s16,ace_inpaint_candidate,0.0,candidate_index,1.125657081604004,1.5029524564743042,1.366937279701233,0.05263251066207886,2.7781150341033936,2.6962671279907227,2.464867353439331,-0.27232372760772705,2.7363507747650146,2.658785820007324,2.449686050415039,-0.24788224697113037,2.6243479251861572,2.639719009399414,2.418443441390991,-0.21359002590179443,2.4340593814849854,2.47291898727417,2.183283805847168,-0.27020537853240967,2.487793207168579,2.4290876388549805,2.212071418762207,-0.24636900424957275
s16::cand01,s16,s16,ace_inpaint_candidate,1.0,candidate_index,1.125657081604004,1.274657964706421,1.5097616910934448,0.3096041679382324,2.7781150341033936,2.844372034072876,2.4493930339813232,-0.3618505001068115,2.7363507747650146,2.770857572555542,2.3996424674987793,-0.353961706161499,2.6243479251861572,2.6430633068084717,2.2793707847595215,-0.35433483123779297,2.4340593814849854,2.6385064125061035,2.203939914703369,-0.3323429822921753,2.487793207168579,2.5410842895507812,2.1934895515441895,-0.3209491968154907
s16::cand02,s16,s16,ace_inpaint_candidate,2.0,candidate_index,1.125657081604004,0.8286895155906677,0.7484907507896423,-0.22868254780769348,2.7781150341033936,2.6860976219177246,2.351104497909546,-0.3810018301010132,2.7363507747650146,2.5516295433044434,2.2125439643859863,-0.4314461946487427,2.6243479251861572,2.562525749206543,2.181133985519409,-0.4123028516769409,2.4340593814849854,2.3694703578948975,2.0480666160583496,-0.3536982536315918,2.487793207168579,2.319906711578369,2.020955801010132,-0.3828941583633423
s16::cand03,s16,s16,ace_inpaint_candidate,3.0,candidate_index,1.125657081604004,-0.22509506344795227,0.1452963650226593,-0.3049846440553665,2.7781150341033936,2.5716710090637207,2.3213918209075928,-0.35350120067596436,2.7363507747650146,2.38614821434021,2.128601551055908,-0.4326479434967041,2.6243479251861572,2.3980212211608887,2.1506264209747314,-0.3605581521987915,2.4340593814849854,2.3273801803588867,2.0046424865722656,-0.3760772943496704,2.487793207168579,2.348318576812744,2.0972671508789062,-0.32078874111175537
s16::cand04,s16,s16,ace_inpaint_candidate,4.0,candidate_index,1.125657081604004,0.4175036549568176,1.301481008529663,0.5299006402492523,2.7781150341033936,2.679178237915039,2.429743528366089,-0.29890310764312744,2.7363507747650146,2.407226800918579,2.1738736629486084,-0.3979151248931885,2.6243479251861572,2.5237009525299072,2.2970409393310547,-0.27698349952697754,2.4340593814849854,2.3911781311035156,2.0905332565307617,-0.32208549976348877,2.487793207168579,2.468775510787964,2.174381971359253,-0.30390238761901855
s16::cand05,s16,s16,ace_inpaint_candidate,5.0,candidate_index,1.125657081604004,0.9875365495681763,1.5497441291809082,0.4931473135948181,2.7781150341033936,2.6624178886413574,2.4774770736694336,-0.2427893877029419,2.7363507747650146,2.5569400787353516,2.288606882095337,-0.3580385446548462,2.6243479251861572,2.4520578384399414,2.2822508811950684,-0.25595200061798096,2.4340593814849854,2.3304128646850586,2.095005750656128,-0.28723037242889404,2.487793207168579,2.4276247024536133,2.184053421020508,-0.2736555337905884
s16::cand06,s16,s16,ace_inpaint_candidate,6.0,candidate_index,1.125657081604004,1.0726369619369507,1.3966097831726074,0.2974627614021301,2.7781150341033936,2.807582139968872,2.4452602863311768,-0.34758830070495605,2.7363507747650146,2.590776205062866,2.2328310012817383,-0.43073248863220215,2.6243479251861572,2.619330644607544,2.260885715484619,-0.36095356941223145,2.4340593814849854,2.538346290588379,2.1262452602386475,-0.35995757579803467,2.487793207168579,2.503601312637329,2.1063334941864014,-0.38936376571655273
s16::cand07,s16,s16,ace_inpaint_candidate,7.0,candidate_index,1.125657081604004,1.2700960636138916,1.413897156715393,0.2160205841064453,2.7781150341033936,2.797327756881714,2.452702522277832,-0.3350188732147217,2.7363507747650146,2.599930763244629,2.2970259189605713,-0.3711148500442505,2.6243479251861572,2.542564630508423,2.2527430057525635,-0.33071327209472656,2.4340593814849854,2.4943675994873047,2.1487314701080322,-0.3154820203781128,2.487793207168579,2.471700668334961,2.1822168827056885,-0.29753005504608154
s17::cand00,s17,s17,ace_inpaint_candidate,0.0,candidate_index,1.5476924180984497,1.259830117225647,1.1937512159347534,-0.21001005172729492,3.0907137393951416,2.687954902648926,2.6544857025146484,-0.23484861850738525,3.2882251739501953,2.92574143409729,2.783705711364746,-0.3232775926589966,3.203387975692749,2.6899425983428955,2.717343330383301,-0.22932195663452148,2.938105344772339,2.6670751571655273,2.4736990928649902,-0.32889115810394287,3.1967194080352783,2.784266710281372,2.6790499687194824,-0.3114430904388428
s17::cand01,s17,s17,ace_inpaint_candidate,1.0,candidate_index,1.5476924180984497,1.5502431392669678,1.3313864469528198,-0.21758133172988892,3.0907137393951416,2.661510467529297,2.6365466117858887,-0.23956549167633057,3.2882251739501953,2.8629589080810547,2.784485101699829,-0.2911069393157959,3.203387975692749,2.731536388397217,2.7837414741516113,-0.18372070789337158,2.938105344772339,2.5134267807006836,2.4209916591644287,-0.3047744035720825,3.1967194080352783,2.7689290046691895,2.7215988636016846,-0.2612253427505493
s17::cand02,s17,s17,ace_inpaint_candidate,2.0,candidate_index,1.5476924180984497,1.5222973823547363,1.5233361721038818,-0.011658728122711182,3.0907137393951416,2.841474771499634,2.7727880477905273,-0.19330620765686035,3.2882251739501953,3.0589985847473145,2.8532798290252686,-0.32033205032348633,3.203387975692749,2.7697417736053467,2.8332436084747314,-0.1533212661743164,2.938105344772339,2.6233484745025635,2.5351643562316895,-0.24556255340576172,3.1967194080352783,2.7574589252471924,2.7726097106933594,-0.20447945594787598
s17::cand03,s17,s17,ace_inpaint_candidate,3.0,candidate_index,1.5476924180984497,1.4085122346878052,1.1159993410110474,-0.3621029853820801,3.0907137393951416,2.908853530883789,2.733539581298828,-0.2662440538406372,3.2882251739501953,3.0865530967712402,2.837562322616577,-0.3498268127441406,3.203387975692749,2.9209537506103516,2.917480945587158,-0.1446899175643921,2.938105344772339,2.8448939323425293,2.593055486679077,-0.29844415187835693,3.1967194080352783,2.9850194454193115,2.822420120239258,-0.2684493064880371
s17::cand04,s17,s17,ace_inpaint_candidate,4.0,candidate_index,1.5476924180984497,1.0138342380523682,1.3696048259735107,0.0888414978981018,3.0907137393951416,2.772468328475952,2.636042356491089,-0.295548677444458,3.2882251739501953,3.0620903968811035,2.7853269577026367,-0.3898308277130127,3.203387975692749,2.794835090637207,2.752121686935425,-0.24698984622955322,2.938105344772339,2.645254135131836,2.475842237472534,-0.3158375024795532,3.1967194080352783,2.718022108078003,2.6281557083129883,-0.32921504974365234
s17::cand05,s17,s17,ace_inpaint_candidate,5.0,candidate_index,1.5476924180984497,1.15093994140625,1.4300537109375,0.08073753118515015,3.0907137393951416,2.844000816345215,2.6847140789031982,-0.28264319896698,3.2882251739501953,2.856599807739258,2.7063238620758057,-0.3660886287689209,3.203387975692749,2.6550915241241455,2.6678357124328613,-0.26140403747558594,2.938105344772339,2.6026315689086914,2.407942533493042,-0.36242592334747314,3.1967194080352783,2.846856117248535,2.761809825897217,-0.25997793674468994
s17::cand06,s17,s17,ace_inpaint_candidate,6.0,candidate_index,1.5476924180984497,1.2219548225402832,1.3244298696517944,-0.06039375066757202,3.0907137393951416,2.7338063716888428,2.6147449016571045,-0.2975151538848877,3.2882251739501953,2.8668127059936523,2.742126703262329,-0.3353922367095947,3.203387975692749,2.7633721828460693,2.809474468231201,-0.173905611038208,2.938105344772339,2.5745339393615723,2.441401958465576,-0.3149176836013794,3.1967194080352783,2.782512903213501,2.745208740234375,-0.24440741539001465
s17::cand07,s17,s17,ace_inpaint_candidate,7.0,candidate_index,1.5476924180984497,1.5518360137939453,1.5802478790283203,0.030483663082122803,3.0907137393951416,2.818127155303955,2.6975343227386475,-0.2568861246109009,3.2882251739501953,3.021923303604126,2.807011365890503,-0.3480628728866577,3.203387975692749,2.7975456714630127,2.833768606185913,-0.16669821739196777,2.938105344772339,2.6450748443603516,2.4492528438568115,-0.3423372507095337,3.1967194080352783,2.847921848297119,2.743778705596924,-0.2785419225692749
s18::cand00,s18,s18,ace_inpaint_candidate,0.0,candidate_index,1.1259434223175049,0.719157338142395,1.3802964687347412,0.45774608850479126,2.9634339809417725,2.6253669261932373,2.589015245437622,-0.2053852081298828,2.9838547706604004,2.7917897701263428,2.575526237487793,-0.3122960329055786,2.8372905254364014,2.5099945068359375,2.567321538925171,-0.10632097721099854,2.7708425521850586,2.472121477127075,2.4277751445770264,-0.19370687007904053,2.8025317192077637,2.424440860748291,2.4511618614196777,-0.1623244285583496
s18::cand01,s18,s18,ace_inpaint_candidate,1.0,candidate_index,1.1259434223175049,1.010922908782959,1.5129305124282837,0.44449734687805176,2.9634339809417725,2.525926351547241,2.6551578044891357,-0.0895223617553711,2.9838547706604004,2.603315830230713,2.595548391342163,-0.19803690910339355,2.8372905254364014,2.4505324363708496,2.5238876342773438,-0.12002384662628174,2.7708425521850586,2.5154201984405518,2.4853382110595703,-0.15779316425323486,2.8025317192077637,2.416518449783325,2.42153000831604,-0.1879950761795044
s18::cand02,s18,s18,ace_inpaint_candidate,2.0,candidate_index,1.1259434223175049,1.0993635654449463,1.5912718772888184,0.4786183834075928,2.9634339809417725,2.824275016784668,2.8295559883117676,-0.06429851055145264,2.9838547706604004,2.8487548828125,2.648939609527588,-0.2673652172088623,2.8372905254364014,2.7262139320373535,2.7357988357543945,-0.04595339298248291,2.7708425521850586,2.6485519409179688,2.4618849754333496,-0.24781227111816406,2.8025317192077637,2.710014820098877,2.565187931060791,-0.1910853385925293
s18::cand03,s18,s18,ace_inpaint_candidate,3.0,candidate_index,1.1259434223175049,0.9706098437309265,1.6538889408111572,0.6056123077869415,2.9634339809417725,2.651933193206787,2.628218173980713,-0.1794654130935669,2.9838547706604004,2.7056288719177246,2.577873468399048,-0.26686835289001465,2.8372905254364014,2.6116220951080322,2.5831146240234375,-0.1413416862487793,2.7708425521850586,2.5638411045074463,2.4192004203796387,-0.24814140796661377,2.8025317192077637,2.471748113632202,2.4218523502349854,-0.21528756618499756
s18::cand04,s18,s18,ace_inpaint_candidate,4.0,candidate_index,1.1259434223175049,1.2895162105560303,1.682668924331665,0.47493910789489746,2.9634339809417725,2.7654850482940674,2.758251428604126,-0.10620808601379395,2.9838547706604004,2.8424084186553955,2.7063872814178467,-0.20674431324005127,2.8372905254364014,2.720771551132202,2.6608479022979736,-0.11818313598632812,2.7708425521850586,2.658496618270874,2.4940757751464844,-0.22059381008148193,2.8025317192077637,2.604522466659546,2.535083770751953,-0.16844332218170166
s18::cand05,s18,s18,ace_inpaint_candidate,5.0,candidate_index,1.1259434223175049,1.0750867128372192,1.3853987455368042,0.28488367795944214,2.9634339809417725,2.560378313064575,2.642277717590332,-0.1196284294128418,2.9838547706604004,2.6936137676239014,2.590639591217041,-0.24809467792510986,2.8372905254364014,2.50821852684021,2.557401418685913,-0.11535310745239258,2.7708425521850586,2.465442180633545,2.447610855102539,-0.1705315113067627,2.8025317192077637,2.417344331741333,2.4849424362182617,-0.12499558925628662
s18::cand06,s18,s18,ace_inpaint_candidate,6.0,candidate_index,1.1259434223175049,1.1338812112808228,1.5274834632873535,0.3975711464881897,2.9634339809417725,2.530702829360962,2.5918638706207275,-0.15520453453063965,2.9838547706604004,2.7374422550201416,2.570054292678833,-0.290594220161438,2.8372905254364014,2.5921051502227783,2.5897750854492188,-0.1249227523803711,2.7708425521850586,2.469165325164795,2.3564486503601074,-0.26355528831481934,2.8025317192077637,2.5446062088012695,2.4179272651672363,-0.2556416988372803
s18::cand07,s18,s18,ace_inpaint_candidate,7.0,candidate_index,1.1259434223175049,1.543632984161377,1.5996508598327637,0.26486265659332275,2.9634339809417725,2.5728163719177246,2.623199939727783,-0.14492523670196533,2.9838547706604004,2.6108179092407227,2.516435384750366,-0.2809009552001953,2.8372905254364014,2.4976534843444824,2.5194008350372314,-0.14807116985321045,2.7708425521850586,2.4879558086395264,2.3958661556243896,-0.23353302478790283,2.8025317192077637,2.4496819972991943,2.366321563720703,-0.2597852945327759
s19::cand00,s19,s19,ace_inpaint_candidate,0.0,candidate_index,0.8360970616340637,-1.038393497467041,-0.7981769442558289,-0.6970287263393402,2.498507022857666,2.423034906387329,2.3197073936462402,-0.14106357097625732,2.6107017993927,2.4575324058532715,2.401515245437622,-0.13260185718536377,2.545501947402954,2.456437587738037,2.3928029537200928,-0.10816681385040283,2.5062475204467773,2.3948841094970703,2.210118293762207,-0.2404475212097168,2.645735263824463,2.40832257270813,2.3238706588745117,-0.20315825939178467
s19::cand01,s19,s19,ace_inpaint_candidate,1.0,candidate_index,0.8360970616340637,0.7701702117919922,0.3493323028087616,-0.45380133390426636,2.498507022857666,2.4160971641540527,2.243015766143799,-0.21428632736206055,2.6107017993927,2.5779404640197754,2.3597240447998047,-0.2345970869064331,2.545501947402954,2.4571664333343506,2.199528694152832,-0.3018054962158203,2.5062475204467773,2.3743762969970703,2.0996451377868652,-0.3406667709350586,2.645735263824463,2.376382350921631,2.2983508110046387,-0.2127079963684082
s19::cand02,s19,s19,ace_inpaint_candidate,2.0,candidate_index,0.8360970616340637,0.7810355424880981,-0.15295064449310303,-0.961516946554184,2.498507022857666,2.566376209259033,2.3585734367370605,-0.17386817932128906,2.6107017993927,2.6994078159332275,2.4597463607788086,-0.19530844688415527,2.545501947402954,2.7908926010131836,2.417837619781494,-0.2503596544265747,2.5062475204467773,2.525668144226074,2.222529411315918,-0.2934284210205078,2.645735263824463,2.55743670463562,2.3767426013946533,-0.22484338283538818
s19::cand03,s19,s19,ace_inpaint_candidate,3.0,candidate_index,0.8360970616340637,-0.3724009692668915,-0.2704349756240845,-0.5022830218076706,2.498507022857666,2.3871450424194336,2.169355630874634,-0.273470401763916,2.6107017993927,2.41733980178833,2.202793598175049,-0.3112272024154663,2.545501947402954,2.4502410888671875,2.2177228927612305,-0.28014862537384033,2.5062475204467773,2.324843645095825,2.054734230041504,-0.36081135272979736,2.645735263824463,2.4048728942871094,2.2154436111450195,-0.3098604679107666
s19::cand04,s19,s19,ace_inpaint_candidate,4.0,candidate_index,0.8360970616340637,-0.29062989354133606,0.07577061653137207,-0.19696296751499176,2.498507022857666,2.5857620239257812,2.290599822998047,-0.25153470039367676,2.6107017993927,2.6223104000091553,2.353847026824951,-0.26265907287597656,2.545501947402954,2.674858331680298,2.2576100826263428,-0.3525700569152832,2.5062475204467773,2.492263078689575,2.1199469566345215,-0.3793083429336548,2.645735263824463,2.53485369682312,2.294510841369629,-0.2957836389541626
s19::cand05,s19,s19,ace_inpaint_candidate,5.0,candidate_index,0.8360970616340637,0.23854482173919678,0.5959611535072327,0.05864021182060242,2.498507022857666,2.3419246673583984,2.206162214279175,-0.21405363082885742,2.6107017993927,2.549027681350708,2.332306385040283,-0.2475583553314209,2.545501947402954,2.509188652038574,2.284534454345703,-0.24281084537506104,2.5062475204467773,2.344271421432495,2.10632061958313,-0.31893885135650635,2.645735263824463,2.4465742111206055,2.2690181732177734,-0.27713656425476074
s19::cand06,s19,s19,ace_inpaint_candidate,6.0,candidate_index,0.8360970616340637,-1.0869052410125732,-0.2607549726963043,-0.13535088300704956,2.498507022857666,2.543060302734375,2.221923828125,-0.2988598346710205,2.6107017993927,2.693519353866577,2.3450064659118652,-0.30710411071777344,2.545501947402954,2.6088783740997314,2.2719550132751465,-0.3052351474761963,2.5062475204467773,2.4252915382385254,2.107187509536743,-0.3585820198059082,2.645735263824463,2.4667019844055176,2.253005027770996,-0.30321359634399414
s19::cand07,s19,s19,ace_inpaint_candidate,7.0,candidate_index,0.8360970616340637,0.5480197668075562,0.7617031931877136,0.06964477896690369,2.498507022857666,2.444655418395996,2.195709705352783,-0.27587151527404785,2.6107017993927,2.4358034133911133,2.1908278465270996,-0.33242475986480713,2.545501947402954,2.3929526805877686,2.1161069869995117,-0.3531203269958496,2.5062475204467773,2.295090913772583,1.9698965549468994,-0.43077266216278076,2.645735263824463,2.1662189960479736,2.072458267211914,-0.3335188627243042
s20::cand00,s20,s20,ace_inpaint_candidate,0.0,candidate_index,0.9963076710700989,0.4867047369480133,1.0933047533035278,0.35179854929447174,2.8293988704681396,2.7660436630249023,2.5948023796081543,-0.2029188871383667,2.690507650375366,2.6092417240142822,2.473158597946167,-0.17671608924865723,2.604037284851074,2.643616199493408,2.406391143798828,-0.21743559837341309,2.4615137577056885,2.467906951904297,2.244203567504883,-0.22050678730010986,2.4447436332702637,2.6508121490478516,2.4143264293670654,-0.1334514617919922
s20::cand01,s20,s20,ace_inpaint_candidate,1.0,candidate_index,0.9963076710700989,0.7938104271888733,1.323347806930542,0.4282887578010559,2.8293988704681396,2.5254640579223633,2.5384716987609863,-0.13895976543426514,2.690507650375366,2.436203956604004,2.3959848880767822,-0.16737091541290283,2.604037284851074,2.5157246589660645,2.3499183654785156,-0.2099626064300537,2.4615137577056885,2.2881994247436523,2.158579111099243,-0.21627748012542725,2.4447436332702637,2.4082844257354736,2.284358501434326,-0.14215552806854248
s20::cand02,s20,s20,ace_inpaint_candidate,2.0,candidate_index,0.9963076710700989,0.9976542592048645,1.181760311126709,0.1847793459892273,2.8293988704681396,2.6529901027679443,2.591702461242676,-0.1494920253753662,2.690507650375366,2.5697336196899414,2.4849424362182617,-0.1451781988143921,2.604037284851074,2.4857394695281982,2.451561212539673,-0.09332716464996338,2.4615137577056885,2.35014271736145,2.1959033012390137,-0.20992493629455566,2.4447436332702637,2.403150796890259,2.321672201156616,-0.10227501392364502
s20::cand03,s20,s20,ace_inpaint_candidate,3.0,candidate_index,0.9963076710700989,1.2761560678482056,1.453410267829895,0.3171783983707428,2.8293988704681396,2.64127779006958,2.618938446044922,-0.11639988422393799,2.690507650375366,2.5578360557556152,2.4914581775665283,-0.1327136754989624,2.604037284851074,2.4834189414978027,2.350217819213867,-0.1935102939605713,2.4615137577056885,2.3583171367645264,2.215019702911377,-0.19489574432373047,2.4447436332702637,2.475790500640869,2.340123176574707,-0.12014389038085938
s20::cand04,s20,s20,ace_inpaint_candidate,4.0,candidate_index,0.9963076710700989,1.1870131492614746,1.3918604850769043,0.30020007491111755,2.8293988704681396,2.533015727996826,2.51670241355896,-0.16450488567352295,2.690507650375366,2.4288015365600586,2.3577420711517334,-0.201912522315979,2.604037284851074,2.271209239959717,2.279198408126831,-0.15842485427856445,2.4615137577056885,2.26214861869812,2.1853511333465576,-0.17648005485534668,2.4447436332702637,2.4079136848449707,2.340010166168213,-0.0863184928894043
s20::cand05,s20,s20,ace_inpaint_candidate,5.0,candidate_index,0.9963076710700989,1.062955379486084,1.38294517993927,0.3533136546611786,2.8293988704681396,2.748844623565674,2.6363096237182617,-0.15281212329864502,2.690507650375366,2.6196181774139404,2.5284276008605957,-0.12663531303405762,2.604037284851074,2.531379222869873,2.449425220489502,-0.11828303337097168,2.4615137577056885,2.3968749046325684,2.303356885910034,-0.12583744525909424,2.4447436332702637,2.5492169857025146,2.3799033164978027,-0.11707699298858643
s20::cand06,s20,s20,ace_inpaint_candidate,6.0,candidate_index,0.9963076710700989,1.0795398950576782,1.3394445180892944,0.3015207350254059,2.8293988704681396,2.763117790222168,2.6352760791778564,-0.16098225116729736,2.690507650375366,2.5737392902374268,2.4445812702178955,-0.18754220008850098,2.604037284851074,2.42934513092041,2.3141016960144043,-0.2025895118713379,2.4615137577056885,2.4519729614257812,2.2011866569519043,-0.25555670261383057,2.4447436332702637,2.5054237842559814,2.355437994003296,-0.11964571475982666
s20::cand07,s20,s20,ace_inpaint_candidate,7.0,candidate_index,0.9963076710700989,1.054158091545105,1.4916267395019531,0.4663938581943512,2.8293988704681396,2.685185432434082,2.688368797302246,-0.06892335414886475,2.690507650375366,2.5833449363708496,2.515030860900879,-0.121895432472229,2.604037284851074,2.5436530113220215,2.4651925563812256,-0.10865259170532227,2.4615137577056885,2.460169553756714,2.3383054733276367,-0.12253618240356445,2.4447436332702637,2.4494643211364746,2.315396547317505,-0.13170742988586426
s21::cand00,s21,s21,ace_inpaint_candidate,0.0,candidate_index,0.19230931997299194,-1.1679511070251465,-1.4428091049194336,-0.9549882113933563,3.0685696601867676,2.825258255004883,2.550855875015259,-0.3960580825805664,2.873843193054199,2.941446304321289,2.3992767333984375,-0.5083680152893066,3.080878973007202,2.9551961421966553,2.5241284370422363,-0.4939091205596924,2.73073673248291,2.6660079956054688,2.1890668869018555,-0.509305477142334,2.8178999423980713,2.598926305770874,2.1868784427642822,-0.5215346813201904
s21::cand01,s21,s21,ace_inpaint_candidate,1.0,candidate_index,0.19230931997299194,-1.0295956134796143,-0.45284828543663025,-0.03420513868331909,3.0685696601867676,2.540309429168701,2.5334575176239014,-0.270982027053833,2.873843193054199,2.6139097213745117,2.3676767349243164,-0.37619972229003906,3.080878973007202,2.551168441772461,2.5447776317596436,-0.271246075630188,2.73073673248291,2.493993043899536,2.1430745124816895,-0.4692903757095337,2.8178999423980713,2.4893269538879395,2.2998008728027344,-0.353812575340271
s21::cand02,s21,s21,ace_inpaint_candidate,2.0,candidate_index,0.19230931997299194,-1.057174801826477,-1.0272576808929443,-0.5948249399662018,3.0685696601867676,2.706934928894043,2.5418832302093506,-0.3458690643310547,2.873843193054199,2.8566946983337402,2.440507173538208,-0.4247617721557617,3.080878973007202,2.7446484565734863,2.4876973628997803,-0.42506635189056396,2.73073673248291,2.605478286743164,2.1943325996398926,-0.47377490997314453,2.8178999423980713,2.5614142417907715,2.216243028640747,-0.4734140634536743
s21::cand03,s21,s21,ace_inpaint_candidate,3.0,candidate_index,0.19230931997299194,-0.8429962992668152,-1.1749290227890015,-0.8495855331420898,3.0685696601867676,2.632070302963257,2.5875344276428223,-0.26278555393218994,2.873843193054199,2.819383382797241,2.4097390174865723,-0.43687427043914795,3.080878973007202,2.802563428878784,2.5310134887695312,-0.4107077121734619,2.73073673248291,2.6409342288970947,2.202068328857422,-0.48376715183258057,2.8178999423980713,2.6448118686676025,2.2488012313842773,-0.48255467414855957
s21::cand04,s21,s21,ace_inpaint_candidate,4.0,candidate_index,0.19230931997299194,-0.8589319586753845,-0.9429928660392761,-0.6096815466880798,3.0685696601867676,2.5395236015319824,2.59175968170166,-0.21228694915771484,2.873843193054199,2.6161043643951416,2.3368749618530273,-0.40809881687164307,3.080878973007202,2.574561834335327,2.4880270957946777,-0.3396933078765869,2.73073673248291,2.5409953594207764,2.1664419174194336,-0.46942412853240967,2.8178999423980713,2.441854953765869,2.231806993484497,-0.39807045459747314
s21::cand05,s21,s21,ace_inpaint_candidate,5.0,candidate_index,0.19230931997299194,-0.699479877948761,-0.5443326830863953,-0.29074740409851074,3.0685696601867676,2.6869239807128906,2.5612051486968994,-0.3165416717529297,2.873843193054199,2.741572380065918,2.3705945014953613,-0.43711328506469727,3.080878973007202,2.7264702320098877,2.546346664428711,-0.357327938079834,2.73073673248291,2.5659940242767334,2.18800687789917,-0.46035850048065186,2.8178999423980713,2.4572837352752686,2.2621121406555176,-0.37547969818115234
s21::cand06,s21,s21,ace_inpaint_candidate,6.0,candidate_index,0.19230931997299194,-0.7151682376861572,-0.8978996276855469,-0.6364701688289642,3.0685696601867676,2.805720567703247,2.665428876876831,-0.27171623706817627,2.873843193054199,3.031010627746582,2.5508923530578613,-0.4015345573425293,3.080878973007202,3.023873805999756,2.738262176513672,-0.31411421298980713,2.73073673248291,2.801179885864258,2.329028844833374,-0.43692946434020996,2.8178999423980713,2.7608859539031982,2.4003405570983887,-0.3890523910522461
s21::cand07,s21,s21,ace_inpaint_candidate,7.0,candidate_index,0.19230931997299194,-0.9386396408081055,-0.7904034852981567,-0.4172383248806,3.0685696601867676,2.669080972671509,2.6715352535247803,-0.1972900629043579,2.873843193054199,2.8304529190063477,2.478950023651123,-0.3731980323791504,3.080878973007202,2.7474634647369385,2.585376024246216,-0.3287951946258545,2.73073673248291,2.6038694381713867,2.2267661094665527,-0.4405369758605957,2.8178999423980713,2.5796918869018555,2.383854389190674,-0.31494152545928955
s22::cand00,s22,s22,ace_inpaint_candidate,0.0,candidate_index,1.286177158355713,0.8338428139686584,0.987054169178009,-0.07295581698417664,3.3556740283966064,3.163027048110962,2.9080886840820312,-0.35126185417175293,3.2581288814544678,3.147794246673584,2.8794214725494385,-0.3235400915145874,3.136730670928955,3.0639119148254395,2.8523476123809814,-0.24797368049621582,2.954413890838623,3.038026809692383,2.694746494293213,-0.30147385597229004,2.8935370445251465,2.8253695964813232,2.594923734664917,-0.26452958583831787
s22::cand01,s22,s22,ace_inpaint_candidate,1.0,candidate_index,1.286177158355713,0.9586722254753113,1.2101701498031616,0.08774545788764954,3.3556740283966064,2.833221912384033,2.8127810955047607,-0.2816668748855591,3.2581288814544678,2.9408376216888428,2.822596788406372,-0.2768864631652832,3.136730670928955,2.884545087814331,2.811161518096924,-0.19947636127471924,2.954413890838623,2.5290327072143555,2.5157418251037598,-0.2259814739227295,2.8935370445251465,2.532459020614624,2.4449779987335205,-0.26802003383636475
s22::cand02,s22,s22,ace_inpaint_candidate,2.0,candidate_index,1.286177158355713,-0.2788291871547699,0.6843845248222351,0.1807105392217636,3.3556740283966064,2.910604953765869,2.8293449878692627,-0.3037945032119751,3.2581288814544678,2.940946578979492,2.815275192260742,-0.2842625379562378,3.136730670928955,2.795156955718994,2.7197189331054688,-0.24622488021850586,2.954413890838623,2.684079647064209,2.5434346199035645,-0.27581214904785156,2.8935370445251465,2.6182000637054443,2.499129295349121,-0.2567392587661743
s22::cand03,s22,s22,ace_inpaint_candidate,3.0,candidate_index,1.286177158355713,0.5875642895698547,0.6195245981216431,-0.31734612584114075,3.3556740283966064,2.895301103591919,2.8524398803710938,-0.27304768562316895,3.2581288814544678,2.969071388244629,2.829530715942383,-0.2840694189071655,3.136730670928955,2.6191954612731934,2.680974006652832,-0.1969890594482422,2.954413890838623,2.764277219772339,2.6706254482269287,-0.18872010707855225,2.8935370445251465,2.598283290863037,2.5717246532440186,-0.17418551445007324
s22::cand04,s22,s22,ace_inpaint_candidate,4.0,candidate_index,1.286177158355713,1.0926876068115234,0.8879690766334534,-0.3014633059501648,3.3556740283966064,3.0921707153320312,2.9149324893951416,-0.30898988246917725,3.2581288814544678,3.1320087909698486,2.801678419113159,-0.393390417098999,3.136730670928955,3.032060384750366,2.81105899810791,-0.2733365297317505,2.954413890838623,2.932302951812744,2.55094051361084,-0.39241790771484375,2.8935370445251465,2.6785902976989746,2.4660699367523193,-0.3199937343597412
s22::cand05,s22,s22,ace_inpaint_candidate,5.0,candidate_index,1.286177158355713,1.3076319694519043,1.511498212814331,0.21459364891052246,3.3556740283966064,3.116671323776245,2.9613213539123535,-0.27485132217407227,3.2581288814544678,3.157540798187256,2.9936254024505615,-0.2142094373703003,3.136730670928955,3.0112881660461426,2.908413887023926,-0.16559553146362305,2.954413890838623,2.9259767532348633,2.7380099296569824,-0.20218539237976074,2.8935370445251465,2.9346721172332764,2.6946003437042236,-0.2195042371749878
s22::cand06,s22,s22,ace_inpaint_candidate,6.0,candidate_index,1.286177158355713,0.9262507557868958,1.458559513092041,0.3523455560207367,3.3556740283966064,3.0178651809692383,2.8291449546813965,-0.3576246500015259,3.2581288814544678,3.0995192527770996,2.8042452335357666,-0.3745788335800171,3.136730670928955,2.829331874847412,2.6380443572998047,-0.3449869155883789,2.954413890838623,2.7526068687438965,2.480149984359741,-0.37336039543151855,2.8935370445251465,2.5306553840637207,2.36885929107666,-0.34323692321777344
s22::cand07,s22,s22,ace_inpaint_candidate,7.0,candidate_index,1.286177158355713,1.3948040008544922,1.2973620891571045,-0.04312849044799805,3.3556740283966064,3.09480357170105,2.8422648906707764,-0.38297390937805176,3.2581288814544678,3.1484527587890625,2.861875534057617,-0.34141528606414795,3.136730670928955,2.919187545776367,2.748054027557373,-0.2799050807952881,2.954413890838623,2.8050811290740967,2.4927241802215576,-0.38702332973480225,2.8935370445251465,2.8179101943969727,2.5070228576660156,-0.34870076179504395
s23::cand00,s23,s23,ace_inpaint_candidate,0.0,candidate_index,1.5899367332458496,0.9413444995880127,1.3078761100769043,0.042235493659973145,3.6759564876556396,3.2663350105285645,3.042072057723999,-0.429073691368103,3.683661460876465,3.236581563949585,3.0641446113586426,-0.3959769010543823,3.4447250366210938,3.134082555770874,2.9745514392852783,-0.31485235691070557,3.4439761638641357,3.1929683685302734,2.836930513381958,-0.4815417528152466,3.359544515609741,3.0535812377929688,2.9120750427246094,-0.2944878339767456
s23::cand01,s23,s23,ace_inpaint_candidate,1.0,candidate_index,1.5899367332458496,0.7253585457801819,1.3442620038986206,0.18661436438560486,3.6759564876556396,3.323552131652832,3.0695574283599854,-0.4301968812942505,3.683661460876465,3.155458450317383,2.9987456798553467,-0.42081427574157715,3.4447250366210938,3.0677242279052734,2.9056477546691895,-0.35057687759399414,3.4439761638641357,2.98239803314209,2.7314391136169434,-0.48174798488616943,3.359544515609741,3.0360708236694336,2.8750529289245605,-0.32275474071502686
s23::cand02,s23,s23,ace_inpaint_candidate,2.0,candidate_index,1.5899367332458496,1.2166669368743896,1.1915719509124756,-0.21172988414764404,3.6759564876556396,2.9779136180877686,2.914973258972168,-0.41196179389953613,3.683661460876465,3.1471734046936035,2.9780752658843994,-0.43734216690063477,3.4447250366210938,2.8391225337982178,2.7982468605041504,-0.34367692470550537,3.4439761638641357,2.987391233444214,2.800896644592285,-0.41478705406188965,3.359544515609741,2.7750203609466553,2.731768846511841,-0.3355135917663574
s23::cand03,s23,s23,ace_inpaint_candidate,3.0,candidate_index,1.5899367332458496,1.6669316291809082,1.7543522119522095,0.12591803073883057,3.6759564876556396,3.3880414962768555,3.1215763092041016,-0.410422682762146,3.683661460876465,3.5775020122528076,3.1789097785949707,-0.4516719579696655,3.4447250366210938,3.329439401626587,3.062389373779297,-0.32469284534454346,3.4439761638641357,3.2578177452087402,2.738532304763794,-0.612364649772644,3.359544515609741,3.3120036125183105,2.999058961868286,-0.33671510219573975
s23::cand04,s23,s23,ace_inpaint_candidate,4.0,candidate_index,1.5899367332458496,1.7437751293182373,1.8881851434707642,0.2213292121887207,3.6759564876556396,3.1166608333587646,2.9967947006225586,-0.39951395988464355,3.683661460876465,3.2331128120422363,3.078648567199707,-0.37973856925964355,3.4447250366210938,3.0258238315582275,2.914172649383545,-0.3211017847061157,3.4439761638641357,3.0167667865753174,2.7464771270751953,-0.48389434814453125,3.359544515609741,2.9803543090820312,2.8950753211975098,-0.27487409114837646
s23::cand05,s23,s23,ace_inpaint_candidate,5.0,candidate_index,1.5899367332458496,1.2510759830474854,1.7092187404632568,0.28871238231658936,3.6759564876556396,3.1798882484436035,2.932997703552246,-0.4949246644973755,3.683661460876465,3.236865520477295,2.943633794784546,-0.516629695892334,3.4447250366210938,3.0881683826446533,2.8122477531433105,-0.454198956489563,3.4439761638641357,3.0712227821350098,2.6401278972625732,-0.6174715757369995,3.359544515609741,2.981111764907837,2.8126280307769775,-0.3577001094818115
s23::cand06,s23,s23,ace_inpaint_candidate,6.0,candidate_index,1.5899367332458496,1.2155611515045166,1.7339279651641846,0.33117902278900146,3.6759564876556396,3.3471550941467285,3.096116542816162,-0.415439248085022,3.683661460876465,3.418724536895752,3.0747833251953125,-0.4764096736907959,3.4447250366210938,3.322237968444824,3.063861846923828,-0.31961965560913086,3.4439761638641357,3.1280622482299805,2.8048131465911865,-0.4812060594558716,3.359544515609741,3.1749236583709717,2.928622245788574,-0.3386118412017822
s23::cand07,s23,s23,ace_inpaint_candidate,7.0,candidate_index,1.5899367332458496,1.6084680557250977,1.7598905563354492,0.16068816184997559,3.6759564876556396,3.4510579109191895,3.1153430938720703,-0.44816410541534424,3.683661460876465,3.388000965118408,3.0918731689453125,-0.443958044052124,3.4447250366210938,3.2032365798950195,2.984804153442383,-0.33917665481567383,3.4439761638641357,3.233750581741333,2.756049394607544,-0.5828139781951904,3.359544515609741,3.1395833492279053,2.8788352012634277,-0.3707287311553955
s24::cand00,s24,s24,ace_inpaint_candidate,0.0,candidate_index,0.9674370884895325,0.5572500824928284,1.0268607139587402,0.2645171284675598,2.684380054473877,2.544149398803711,2.61962628364563,0.0053615570068359375,2.8118255138397217,2.505525588989258,2.6444733142852783,-0.014202237129211426,2.68487548828125,2.373983144760132,2.6765952110290527,0.14716589450836182,2.669375419616699,2.4123034477233887,2.604820966720581,0.06398153305053711,2.6646971702575684,2.390395164489746,2.5540213584899902,0.026475191116333008
s24::cand01,s24,s24,ace_inpaint_candidate,1.0,candidate_index,0.9674370884895325,1.1951602697372437,1.2789812088012695,0.19768252968788147,2.684380054473877,2.86281418800354,2.720010757446289,-0.053586363792419434,2.8118255138397217,2.8746707439422607,2.678459405899048,-0.16478872299194336,2.68487548828125,2.7645559310913086,2.7695631980895996,0.04484748840332031,2.669375419616699,2.613936185836792,2.535123348236084,-0.10653245449066162,2.6646971702575684,2.6318507194519043,2.5185019969940186,-0.12977194786071777
s24::cand02,s24,s24,ace_inpaint_candidate,2.0,candidate_index,0.9674370884895325,1.0713975429534912,1.14230215549469,0.1228848397731781,2.684380054473877,2.6376678943634033,2.641404151916504,-0.01961982250213623,2.8118255138397217,2.783668279647827,2.7123727798461914,-0.08537411689758301,2.68487548828125,2.5486884117126465,2.757497549057007,0.1407155990600586,2.669375419616699,2.4996531009674072,2.606356143951416,0.021841883659362793,2.6646971702575684,2.557223320007324,2.587796211242676,-0.023164033889770508
s24::cand03,s24,s24,ace_inpaint_candidate,3.0,candidate_index,0.9674370884895325,0.8110827207565308,0.9669312834739685,0.07767137885093689,2.684380054473877,2.512174129486084,2.587890386581421,-0.01038670539855957,2.8118255138397217,2.8028743267059326,2.7139792442321777,-0.09337067604064941,2.68487548828125,2.719045400619507,2.806586503982544,0.10462605953216553,2.669375419616699,2.5053322315216064,2.570604085922241,-0.01674973964691162,2.6646971702575684,2.5355401039123535,2.521751642227173,-0.07836699485778809
s24::cand04,s24,s24,ace_inpaint_candidate,4.0,candidate_index,0.9674370884895325,1.1574686765670776,1.1507534980773926,0.08830061554908752,2.684380054473877,2.680464267730713,2.6943047046661377,0.011882543563842773,2.8118255138397217,2.6242828369140625,2.6903018951416016,-0.027752280235290527,2.68487548828125,2.696695327758789,2.883819103240967,0.19303369522094727,2.669375419616699,2.676675796508789,2.7957167625427246,0.12269115447998047,2.6646971702575684,2.685175657272339,2.6538803577423096,-0.021056056022644043
s24::cand05,s24,s24,ace_inpaint_candidate,5.0,candidate_index,0.9674370884895325,-0.2548880875110626,0.8398745059967041,0.4836000055074692,2.684380054473877,2.725609302520752,2.6592257022857666,-0.04576897621154785,2.8118255138397217,2.981585741043091,2.7961833477020264,-0.10052227973937988,2.68487548828125,2.870936393737793,2.788760185241699,0.010854244232177734,2.669375419616699,2.8112051486968994,2.7453773021698,0.005087018013000488,2.6646971702575684,2.8491945266723633,2.805687189102173,0.04874134063720703
s24::cand06,s24,s24,ace_inpaint_candidate,6.0,candidate_index,0.9674370884895325,1.0718941688537598,1.1024636030197144,0.08279797434806824,2.684380054473877,2.713156223297119,2.6462764739990234,-0.05249166488647461,2.8118255138397217,2.6665754318237305,2.6296637058258057,-0.10953676700592041,2.68487548828125,2.665908098220825,2.7921302318573,0.11673843860626221,2.669375419616699,2.580812454223633,2.590163230895996,-0.03493070602416992,2.6646971702575684,2.5519464015960693,2.530438184738159,-0.07788360118865967
s24::cand07,s24,s24,ace_inpaint_candidate,7.0,candidate_index,0.9674370884895325,-0.9830192923545837,0.6759724020957947,0.6837635040283203,2.684380054473877,2.1897878646850586,2.4726696014404297,0.035585641860961914,2.8118255138397217,2.484506607055664,2.6442930698394775,-0.003872990608215332,2.68487548828125,2.3349733352661133,2.6510701179504395,0.1411457061767578,2.669375419616699,2.2132744789123535,2.4770827293395996,0.03575778007507324,2.6646971702575684,2.2907707691192627,2.4761502742767334,-0.001583695411682129
s25::cand00,s25,s25,ace_inpaint_candidate,0.0,candidate_index,0.7001305222511292,0.9681403040885925,1.053167700767517,0.21903228759765625,3.2129974365234375,2.488935947418213,2.649186134338379,-0.2017805576324463,2.9601120948791504,2.5424938201904297,2.5679314136505127,-0.18337154388427734,3.056567430496216,2.4228129386901855,2.462040424346924,-0.27764976024627686,2.968785524368286,2.2585644721984863,2.4059722423553467,-0.20770275592803955,2.891195058822632,2.378185749053955,2.458428382873535,-0.1762620210647583
s25::cand01,s25,s25,ace_inpaint_candidate,1.0,candidate_index,0.7001305222511292,1.227077841758728,1.2969785928726196,0.33337441086769104,3.2129974365234375,2.8380684852600098,2.863539457321167,-0.16199350357055664,2.9601120948791504,2.6875,2.6444125175476074,-0.17939352989196777,3.056567430496216,2.5836172103881836,2.6609647274017334,-0.1591275930404663,2.968785524368286,2.601261854171753,2.6245667934417725,-0.16045689582824707,2.891195058822632,2.4253106117248535,2.5538644790649414,-0.10438835620880127
s25::cand02,s25,s25,ace_inpaint_candidate,2.0,candidate_index,0.7001305222511292,1.130494236946106,1.2941476106643677,0.3788352310657501,3.2129974365234375,2.7590272426605225,2.7719459533691406,-0.21406638622283936,2.9601120948791504,2.677476167678833,2.6701414585113525,-0.14865267276763916,3.056567430496216,2.6029086112976074,2.6047487258911133,-0.22498929500579834,2.968785524368286,2.3999457359313965,2.5103116035461426,-0.17405402660369873,2.891195058822632,2.368762969970703,2.3741281032562256,-0.2558509111404419
s25::cand03,s25,s25,ace_inpaint_candidate,3.0,candidate_index,0.7001305222511292,0.9135710000991821,1.0990204811096191,0.2921697199344635,3.2129974365234375,2.6704800128936768,2.773064613342285,-0.16867411136627197,2.9601120948791504,2.565415382385254,2.5947940349578857,-0.1679697036743164,3.056567430496216,2.5582456588745117,2.6516568660736084,-0.15574967861175537,2.968785524368286,2.397494077682495,2.5429325103759766,-0.14020729064941406,2.891195058822632,2.410032033920288,2.4395034313201904,-0.21111011505126953
s25::cand04,s25,s25,ace_inpaint_candidate,4.0,candidate_index,0.7001305222511292,0.1948494017124176,0.6965122818946838,0.24902231991291046,3.2129974365234375,2.827000379562378,2.8500943183898926,-0.16990458965301514,2.9601120948791504,2.7853753566741943,2.675583839416504,-0.19715988636016846,3.056567430496216,2.8460748195648193,2.7673871517181396,-0.18393397331237793,2.968785524368286,2.6305837631225586,2.61491322517395,-0.18477141857147217,2.891195058822632,2.6500768661499023,2.6048412322998047,-0.1657947301864624
s25::cand05,s25,s25,ace_inpaint_candidate,5.0,candidate_index,0.7001305222511292,0.6214520335197449,1.1125876903533936,0.45179641246795654,3.2129974365234375,2.682670831680298,2.7590041160583496,-0.18883001804351807,2.9601120948791504,2.662980318069458,2.6230807304382324,-0.18846547603607178,3.056567430496216,2.6211085319519043,2.630718946456909,-0.20811903476715088,2.968785524368286,2.5795929431915283,2.525570869445801,-0.24861836433410645,2.891195058822632,2.518195152282715,2.507725954055786,-0.1969691514968872
s25::cand06,s25,s25,ace_inpaint_candidate,6.0,candidate_index,0.7001305222511292,1.0562387704849243,1.4308621883392334,0.5526775419712067,3.2129974365234375,2.9870364665985107,2.941152572631836,-0.15886437892913818,2.9601120948791504,2.6457862854003906,2.6275851726531982,-0.17536401748657227,3.056567430496216,2.8474652767181396,2.7812108993530273,-0.1708054542541504,2.968785524368286,2.6855499744415283,2.635418176651001,-0.19174957275390625,2.891195058822632,2.583305597305298,2.543029546737671,-0.19422078132629395
s25::cand07,s25,s25,ace_inpaint_candidate,7.0,candidate_index,0.7001305222511292,0.9444119334220886,1.1583986282348633,0.3361274003982544,3.2129974365234375,2.6436448097229004,2.8423304557800293,-0.08599066734313965,2.9601120948791504,2.5211782455444336,2.6330947875976562,-0.10755038261413574,3.056567430496216,2.5934855937957764,2.681903600692749,-0.14312291145324707,2.968785524368286,2.3837716579437256,2.556920289993286,-0.11935830116271973,2.891195058822632,2.4859366416931152,2.620695114135742,-0.06787073612213135
s26::cand00,s26,s26,ace_inpaint_candidate,0.0,candidate_index,1.8554599285125732,1.626044750213623,1.45644211769104,-0.2843102216720581,3.3816277980804443,2.630796194076538,2.804863691329956,-0.20134830474853516,3.421103000640869,2.8035740852355957,2.9056124687194824,-0.20672607421875,3.243645429611206,2.572579860687256,2.6124982833862305,-0.2956143617630005,3.145573854446411,2.6338157653808594,2.6013638973236084,-0.28833091259002686,3.0937352180480957,2.5596907138824463,2.6000494956970215,-0.2266634702682495
s26::cand01,s26,s26,ace_inpaint_candidate,1.0,candidate_index,1.8554599285125732,1.840000867843628,1.9857960939407349,0.13806569576263428,3.3816277980804443,3.233231544494629,3.0674362182617188,-0.23999345302581787,3.421103000640869,3.210561990737915,3.04510235786438,-0.2707301378250122,3.243645429611206,2.9745614528656006,2.8492558002471924,-0.25984764099121094,3.145573854446411,2.974527597427368,2.686703681945801,-0.37334704399108887,3.0937352180480957,3.0047106742858887,2.7855007648468018,-0.26372218132019043
s26::cand02,s26,s26,ace_inpaint_candidate,2.0,candidate_index,1.8554599285125732,1.2233508825302124,1.696334958076477,0.15692955255508423,3.3816277980804443,3.027726650238037,2.9962847232818604,-0.20839250087738037,3.421103000640869,3.1410162448883057,3.0839478969573975,-0.19711172580718994,3.243645429611206,2.925818920135498,2.8152480125427246,-0.26948416233062744,3.145573854446411,2.8558475971221924,2.677875518798828,-0.32283520698547363,3.0937352180480957,2.8619837760925293,2.719956636428833,-0.2579028606414795
s26::cand03,s26,s26,ace_inpaint_candidate,3.0,candidate_index,1.8554599285125732,1.0866484642028809,1.6506097316741943,0.17955553531646729,3.3816277980804443,3.101083755493164,3.0673794746398926,-0.17397630214691162,3.421103000640869,3.0852572917938232,3.042632818222046,-0.2105473279953003,3.243645429611206,2.9621002674102783,2.8874123096466064,-0.21546053886413574,3.145573854446411,2.8130176067352295,2.690582513809204,-0.2887132167816162,3.0937352180480957,2.8194985389709473,2.7589521408081055,-0.19766473770141602
s26::cand04,s26,s26,ace_inpaint_candidate,4.0,candidate_index,1.8554599285125732,0.9164102673530579,1.839020013809204,0.45308491587638855,3.3816277980804443,3.1318552494049072,2.9852139949798584,-0.2715275287628174,3.421103000640869,3.2265145778656006,3.0268709659576416,-0.29693782329559326,3.243645429611206,3.0980682373046875,2.9210104942321777,-0.24984633922576904,3.145573854446411,3.028008460998535,2.712843179702759,-0.37394797801971436,3.0937352180480957,2.879503011703491,2.7122721672058105,-0.2743469476699829
s26::cand05,s26,s26,ace_inpaint_candidate,5.0,candidate_index,1.8554599285125732,1.9696197509765625,2.266538143157959,0.3539983034133911,3.3816277980804443,2.9182701110839844,3.038494825363159,-0.11145412921905518,3.421103000640869,2.960451602935791,2.9955780506134033,-0.19519925117492676,3.243645429611206,2.8374321460723877,2.8339433670043945,-0.20659542083740234,3.145573854446411,2.6521337032318115,2.622035503387451,-0.27681827545166016,3.0937352180480957,2.7888412475585938,2.7228689193725586,-0.21841931343078613
s26::cand06,s26,s26,ace_inpaint_candidate,6.0,candidate_index,1.8554599285125732,0.9961755871772766,1.5076591968536377,0.08184143900871277,3.3816277980804443,3.2142844200134277,3.0507068634033203,-0.24724924564361572,3.421103000640869,3.2115516662597656,3.011695623397827,-0.30463171005249023,3.243645429611206,2.9505186080932617,2.8167567253112793,-0.2803252935409546,3.145573854446411,3.0341854095458984,2.6832780838012695,-0.40660154819488525,3.0937352180480957,2.964505910873413,2.7294764518737793,-0.2996441125869751
s26::cand07,s26,s26,ace_inpaint_candidate,7.0,candidate_index,1.8554599285125732,0.5975345373153687,1.2265280485153198,3.081560134887695e-05,3.3816277980804443,2.817107677459717,2.8337855339050293,-0.26558220386505127,3.421103000640869,2.860109806060791,2.8775737285614014,-0.2630326747894287,3.243645429611206,2.8124594688415527,2.663013219833374,-0.36503922939300537,3.145573854446411,2.49090313911438,2.4146780967712402,-0.4035604000091553,3.0937352180480957,2.5731396675109863,2.5274786949157715,-0.30595874786376953
s27::cand00,s27,s27,ace_inpaint_candidate,0.0,candidate_index,-0.11751721054315567,-1.3683087825775146,-0.8328157663345337,-0.08990276977419853,2.3786227703094482,2.3942224979400635,2.3635759353637695,-0.022846698760986328,2.556736469268799,2.502828359603882,2.414207935333252,-0.11557447910308838,2.497292995452881,2.4019358158111572,2.3935608863830566,-0.0560535192489624,2.3606462478637695,2.400193929672241,2.2556796073913574,-0.12474048137664795,2.247785806655884,2.4339704513549805,2.2920918464660645,-0.048786282539367676
s27::cand01,s27,s27,ace_inpaint_candidate,1.0,candidate_index,-0.11751721054315567,-1.1785768270492554,-0.8020429015159607,-0.15399588271975517,2.3786227703094482,2.403287172317505,2.386744976043701,-0.004209995269775391,2.556736469268799,2.4419355392456055,2.380646228790283,-0.11868977546691895,2.497292995452881,2.4689817428588867,2.3735616207122803,-0.10957574844360352,2.3606462478637695,2.2764768600463867,2.1818695068359375,-0.13669204711914062,2.247785806655884,2.2256975173950195,2.1680068969726562,-0.06873476505279541
s27::cand02,s27,s27,ace_inpaint_candidate,2.0,candidate_index,-0.11751721054315567,-0.7484918236732483,-0.9474349021911621,-0.5144303850829601,2.3786227703094482,2.5048625469207764,2.514040470123291,0.07229781150817871,2.556736469268799,2.5724594593048096,2.523682117462158,-0.040915846824645996,2.497292995452881,2.4061450958251953,2.472125291824341,0.020406246185302734,2.3606462478637695,2.374985694885254,2.2711410522460938,-0.09667491912841797,2.247785806655884,2.264960765838623,2.2380690574645996,-0.01830422878265381
s27::cand03,s27,s27,ace_inpaint_candidate,3.0,candidate_index,-0.11751721054315567,-0.9477110505104065,-0.7605467438697815,-0.2279326133430004,2.3786227703094482,2.2871720790863037,2.3545753955841064,0.02167797088623047,2.556736469268799,2.2852070331573486,2.340803384780884,-0.08016836643218994,2.497292995452881,2.3108420372009277,2.368252754211426,-0.035814762115478516,2.3606462478637695,2.126789093017578,2.1607067584991455,-0.08301091194152832,2.247785806655884,2.1777803897857666,2.1791534423828125,-0.033629655838012695
s27::cand04,s27,s27,ace_inpaint_candidate,4.0,candidate_index,-0.11751721054315567,-1.741097092628479,-1.1527256965637207,-0.22341854497790337,2.3786227703094482,2.5531017780303955,2.489933490753174,0.024071216583251953,2.556736469268799,2.638339042663574,2.541313409805298,-0.05622434616088867,2.497292995452881,2.506272554397583,2.442234992980957,-0.0595477819442749,2.3606462478637695,2.451775074005127,2.275714874267578,-0.13049578666687012,2.247785806655884,2.407620906829834,2.2666244506835938,-0.06107890605926514
s27::cand05,s27,s27,ace_inpaint_candidate,5.0,candidate_index,-0.11751721054315567,-1.214552402496338,-0.2409731149673462,0.4250616915524006,2.3786227703094482,2.6609127521514893,2.507817268371582,-0.011950492858886719,2.556736469268799,2.7063069343566895,2.5384037494659424,-0.09311795234680176,2.497292995452881,2.5925261974334717,2.4346961975097656,-0.11021339893341064,2.3606462478637695,2.5069198608398438,2.340244770050049,-0.09353828430175781,2.247785806655884,2.502842426300049,2.3270864486694336,-0.048227667808532715
s27::cand06,s27,s27,ace_inpaint_candidate,6.0,candidate_index,-0.11751721054315567,-2.1224989891052246,-1.3116999864578247,-0.19169188663363457,2.3786227703094482,2.4274401664733887,2.36984920501709,-0.03318226337432861,2.556736469268799,2.4589645862579346,2.4206838607788086,-0.0871666669845581,2.497292995452881,2.3929572105407715,2.411648750305176,-0.03347635269165039,2.3606462478637695,2.3072633743286133,2.2585811614990234,-0.07537364959716797,2.247785806655884,2.3275673389434814,2.2665603160858154,-0.021116256713867188
s27::cand07,s27,s27,ace_inpaint_candidate,7.0,candidate_index,-0.11751721054315567,-1.724834680557251,-1.2609128952026367,-0.3397369496524334,2.3786227703094482,2.5314488410949707,2.3282504081726074,-0.12678539752960205,2.556736469268799,2.436859130859375,2.243969202041626,-0.25282859802246094,2.497292995452881,2.407616376876831,2.2336173057556152,-0.21883738040924072,2.3606462478637695,2.3579599857330322,2.1450562477111816,-0.21424686908721924,2.247785806655884,2.3460769653320312,2.156196355819702,-0.14073503017425537
s28::cand00,s28,s28,ace_inpaint_candidate,0.0,candidate_index,0.5760159492492676,-0.7352732419967651,-0.29328444600105286,-0.21365579962730408,2.5274691581726074,2.292576313018799,2.0453124046325684,-0.36471033096313477,2.8493857383728027,2.3651814460754395,2.1128532886505127,-0.4944303035736084,2.669954299926758,2.492985248565674,2.107130765914917,-0.47433900833129883,2.4326653480529785,2.199564218521118,1.84715735912323,-0.46895742416381836,2.4300050735473633,2.3381853103637695,2.0083298683166504,-0.375765323638916
s28::cand01,s28,s28,ace_inpaint_candidate,1.0,candidate_index,0.5760159492492676,0.4787543714046478,0.6098829507827759,0.08249779045581818,2.5274691581726074,2.521575450897217,2.1150615215301514,-0.40946078300476074,2.8493857383728027,2.5694081783294678,2.199403762817383,-0.5099931955337524,2.669954299926758,2.423811435699463,2.0039148330688477,-0.5429680347442627,2.4326653480529785,2.3117918968200684,1.8789801597595215,-0.49324846267700195,2.4300050735473633,2.479261875152588,2.0510501861572266,-0.403583288192749
s28::cand02,s28,s28,ace_inpaint_candidate,2.0,candidate_index,0.5760159492492676,-0.18004649877548218,0.31884077191352844,0.12085604667663574,2.5274691581726074,2.1225147247314453,1.9601423740386963,-0.3648495674133301,2.8493857383728027,2.2428653240203857,2.082249164581299,-0.4638763666152954,2.669954299926758,2.490382194519043,2.0697641372680664,-0.510404109954834,2.4326653480529785,2.0409483909606934,1.8597403764724731,-0.3770664930343628,2.4300050735473633,2.236762285232544,2.026287794113159,-0.30709588527679443
s28::cand03,s28,s28,ace_inpaint_candidate,3.0,candidate_index,0.5760159492492676,-0.4986317455768585,-0.5809298157691956,-0.6196219176054001,2.5274691581726074,2.4215636253356934,2.1115736961364746,-0.3629426956176758,2.8493857383728027,2.512392520904541,2.2143805027008057,-0.4665086269378662,2.669954299926758,2.4132492542266846,2.111661434173584,-0.4299403429031372,2.4326653480529785,2.3281924724578857,1.9627964496612549,-0.41763246059417725,2.4300050735473633,2.3553943634033203,2.059601306915283,-0.3330984115600586
s28::cand04,s28,s28,ace_inpaint_candidate,4.0,candidate_index,0.5760159492492676,-0.6721263527870178,-0.14233249425888062,-0.0942772924900055,2.5274691581726074,2.2855539321899414,2.0776405334472656,-0.3288710117340088,2.8493857383728027,2.6339712142944336,2.3012609481811523,-0.4404175281524658,2.669954299926758,2.5616672039031982,2.168692111968994,-0.4471186399459839,2.4326653480529785,2.263176918029785,1.9656982421875,-0.38222289085388184,2.4300050735473633,2.3993287086486816,2.046321392059326,-0.3683454990386963
s28::cand05,s28,s28,ace_inpaint_candidate,5.0,candidate_index,0.5760159492492676,-0.4586199223995209,0.44697779417037964,0.3882797807455063,2.5274691581726074,2.5980703830718994,2.1661627292633057,-0.39660704135894775,2.8493857383728027,2.815061092376709,2.2907657623291016,-0.5414576530456543,2.669954299926758,2.644357204437256,2.1393508911132812,-0.5178048610687256,2.4326653480529785,2.4149975776672363,1.9561518430709839,-0.46767961978912354,2.4300050735473633,2.4275436401367188,2.0468757152557373,-0.3818986415863037
s28::cand06,s28,s28,ace_inpaint_candidate,6.0,candidate_index,0.5760159492492676,-1.0347989797592163,-0.7665669322013855,-0.5371754169464111,2.5274691581726074,2.163547992706299,1.906229019165039,-0.43927955627441406,2.8493857383728027,2.2089645862579346,2.0497357845306396,-0.479439377784729,2.669954299926758,2.1158411502838135,1.8900095224380493,-0.5028882026672363,2.4326653480529785,1.97658109664917,1.774979591369629,-0.4296436309814453,2.4300050735473633,2.1504955291748047,1.8925492763519287,-0.3977010250091553
s28::cand07,s28,s28,ace_inpaint_candidate,7.0,candidate_index,0.5760159492492676,-0.3480800688266754,-0.28651782870292664,-0.4004857689142227,2.5274691581726074,2.3953285217285156,2.1041791439056396,-0.3572196960449219,2.8493857383728027,2.541902542114258,2.126255989074707,-0.5693881511688232,2.669954299926758,2.5406715869903564,2.035217761993408,-0.5700951814651489,2.4326653480529785,2.3671371936798096,1.895958423614502,-0.5039428472518921,2.4300050735473633,2.316028356552124,1.9844152927398682,-0.3886014223098755
s29::cand00,s29,s29,ace_inpaint_candidate,0.0,candidate_index,1.4286925792694092,1.1287195682525635,1.8324267864227295,0.5537207126617432,2.938232421875,2.746736526489258,2.647068500518799,-0.19541597366333008,3.0821239948272705,2.790323257446289,2.736947536468506,-0.19927608966827393,3.001891613006592,2.6278722286224365,2.8207061290740967,0.0058242082595825195,2.8894474506378174,2.7129178047180176,2.4802093505859375,-0.32097327709198,2.861022472381592,2.484534740447998,2.5111083984375,-0.16167020797729492
s29::cand01,s29,s29,ace_inpaint_candidate,1.0,candidate_index,1.4286925792694092,1.569509744644165,1.9789485931396484,0.47984743118286133,2.938232421875,2.7269396781921387,2.6474215984344482,-0.1851644515991211,3.0821239948272705,2.7123444080352783,2.6545984745025635,-0.24263572692871094,3.001891613006592,2.698310136795044,2.72284197807312,-0.12725889682769775,2.8894474506378174,2.5660674571990967,2.4872231483459473,-0.24053430557250977,2.861022472381592,2.581801414489746,2.553678035736084,-0.16773390769958496
s29::cand02,s29,s29,ace_inpaint_candidate,2.0,candidate_index,1.4286925792694092,0.9534200429916382,1.4961555004119873,0.3050991892814636,2.938232421875,2.975935220718384,2.7734463214874268,-0.18363749980926514,3.0821239948272705,3.0469720363616943,2.7018883228302,-0.3626596927642822,3.001891613006592,2.999404191970825,2.821289300918579,-0.1793586015701294,2.8894474506378174,2.805257797241211,2.508054256439209,-0.3392983675003052,2.861022472381592,2.908862352371216,2.6965761184692383,-0.18836629390716553
s29::cand03,s29,s29,ace_inpaint_candidate,3.0,candidate_index,1.4286925792694092,1.5447678565979004,2.0154123306274414,0.5286821126937866,2.938232421875,2.72556209564209,2.6089603900909424,-0.22293686866760254,3.0821239948272705,2.892674446105957,2.746122360229492,-0.24127686023712158,3.001891613006592,2.7526121139526367,2.837082862854004,-0.04016900062561035,2.8894474506378174,2.707404613494873,2.490056037902832,-0.3083699941635132,2.861022472381592,2.6525661945343018,2.642213821411133,-0.11458051204681396
s29::cand04,s29,s29,ace_inpaint_candidate,4.0,candidate_index,1.4286925792694092,1.3059675693511963,1.6242729425430298,0.25694286823272705,2.938232421875,2.8133723735809326,2.711251735687256,-0.16455066204071045,3.0821239948272705,2.8286330699920654,2.724526882171631,-0.2308516502380371,3.001891613006592,2.6882071495056152,2.829137086868286,-0.015912294387817383,2.8894474506378174,2.6408369541168213,2.4663894176483154,-0.2987527847290039,2.861022472381592,2.5674185752868652,2.5568790435791016,-0.15734148025512695
s29::cand05,s29,s29,ace_inpaint_candidate,5.0,candidate_index,1.4286925792694092,1.1166236400604248,1.7607061862945557,0.48804807662963867,2.938232421875,2.631787061691284,2.551107406616211,-0.23390233516693115,3.0821239948272705,2.6766514778137207,2.6330597400665283,-0.24632799625396729,3.001891613006592,2.603468418121338,2.705065965652466,-0.09761404991149902,2.8894474506378174,2.505038022994995,2.4699888229370117,-0.22725391387939453,2.861022472381592,2.3772714138031006,2.4836206436157227,-0.13552629947662354
s29::cand06,s29,s29,ace_inpaint_candidate,6.0,candidate_index,1.4286925792694092,1.4232531785964966,1.7887873649597168,0.3628144860267639,2.938232421875,2.7107555866241455,2.6276276111602783,-0.19686639308929443,3.0821239948272705,2.8178436756134033,2.7317867279052734,-0.21819710731506348,3.001891613006592,2.7413220405578613,2.7992634773254395,-0.07234334945678711,2.8894474506378174,2.7233924865722656,2.5283920764923096,-0.27802789211273193,2.861022472381592,2.5575003623962402,2.569720506668091,-0.1395409107208252
s29::cand07,s29,s29,ace_inpaint_candidate,7.0,candidate_index,1.4286925792694092,1.1394875049591064,1.6335322856903076,0.3494422435760498,2.938232421875,3.0666451454162598,2.813683032989502,-0.18875575065612793,3.0821239948272705,3.0939040184020996,2.9194564819335938,-0.1685575246810913,3.001891613006592,2.9696993827819824,2.930582284927368,-0.055213212966918945,2.8894474506378174,2.9085452556610107,2.671739101409912,-0.22725725173950195,2.861022472381592,2.758052110671997,2.679217576980591,-0.1303197145462036
s30::cand00,s30,s30,ace_inpaint_candidate,0.0,candidate_index,1.4743205308914185,1.6071949005126953,1.5344202518463135,-0.006337463855743408,2.425365924835205,2.6967616081237793,2.6202542781829834,0.05919051170349121,2.501650094985962,2.654869556427002,2.5688204765319824,-0.009439349174499512,2.359450101852417,2.6206696033477783,2.538996696472168,0.04893684387207031,2.4543886184692383,2.612933874130249,2.471190929412842,-0.062470316886901855,2.3647594451904297,2.663261890411377,2.508690118789673,-0.005320549011230469
s30::cand01,s30,s30,ace_inpaint_candidate,1.0,candidate_index,1.4743205308914185,1.5142602920532227,1.5010008811950684,0.006710469722747803,2.425365924835205,2.713233709335327,2.603348731994629,0.03404891490936279,2.501650094985962,2.7942333221435547,2.5761518478393555,-0.07178986072540283,2.359450101852417,2.637267589569092,2.511425733566284,0.013066887855529785,2.4543886184692383,2.6173224449157715,2.444218397140503,-0.09163713455200195,2.3647594451904297,2.634810447692871,2.5153093338012695,0.01552438735961914
s30::cand02,s30,s30,ace_inpaint_candidate,2.0,candidate_index,1.4743205308914185,1.2040024995803833,1.3364157676696777,-0.0027457475662231445,2.425365924835205,2.745565891265869,2.634901523590088,0.04943561553955078,2.501650094985962,2.8386595249176025,2.5402379035949707,-0.12991690635681152,2.359450101852417,2.724682569503784,2.468639850616455,-0.07342648506164551,2.4543886184692383,2.6467795372009277,2.383115768432617,-0.16746830940246582,2.3647594451904297,2.7126872539520264,2.459864854812622,-0.07885849475860596
s30::cand03,s30,s30,ace_inpaint_candidate,3.0,candidate_index,1.4743205308914185,1.0726122856140137,1.2422443628311157,-0.031222045421600342,2.425365924835205,2.461941719055176,2.487901210784912,0.04424738883972168,2.501650094985962,2.624621629714966,2.4504141807556152,-0.11272168159484863,2.359450101852417,2.406806230545044,2.4304378032684326,0.04730963706970215,2.4543886184692383,2.4144515991210938,2.3534209728240967,-0.08099913597106934,2.3647594451904297,2.4355499744415283,2.368891716003418,-0.031262993812561035
s30::cand04,s30,s30,ace_inpaint_candidate,4.0,candidate_index,1.4743205308914185,0.5817080140113831,1.1894588470458984,0.16144457459449768,2.425365924835205,2.692333936691284,2.534522533416748,-0.024327397346496582,2.501650094985962,2.8041269779205322,2.534956932067871,-0.11793160438537598,2.359450101852417,2.6273622512817383,2.4421772956848145,-0.051228880882263184,2.4543886184692383,2.7114346027374268,2.4438631534576416,-0.13904845714569092,2.3647594451904297,2.6521835327148438,2.470317840576172,-0.038153648376464844
s30::cand05,s30,s30,ace_inpaint_candidate,5.0,candidate_index,1.4743205308914185,1.427241563796997,1.5891683101654053,0.1383872628211975,2.425365924835205,2.5830063819885254,2.5860016345977783,0.08181548118591309,2.501650094985962,2.641671657562256,2.507262706756592,-0.06439816951751709,2.359450101852417,2.6364760398864746,2.506796360015869,0.00883328914642334,2.4543886184692383,2.588301181793213,2.4411768913269043,-0.08016800880432129,2.3647594451904297,2.504483461380005,2.442790985107422,0.00816953182220459
s30::cand06,s30,s30,ace_inpaint_candidate,6.0,candidate_index,1.4743205308914185,1.5202785730361938,1.618220329284668,0.12092077732086182,2.425365924835205,2.8006091117858887,2.614408493041992,0.0014209747314453125,2.501650094985962,2.8013851642608643,2.5424554347991943,-0.10906219482421875,2.359450101852417,2.7587311267852783,2.5234434604644775,-0.03564715385437012,2.4543886184692383,2.6613714694976807,2.365342140197754,-0.19253790378570557,2.3647594451904297,2.5779738426208496,2.396653175354004,-0.07471346855163574
s30::cand07,s30,s30,ace_inpaint_candidate,7.0,candidate_index,1.4743205308914185,1.3479838371276855,1.4357972145080566,0.02464503049850464,2.425365924835205,2.7294771671295166,2.5885612964630127,0.011139750480651855,2.501650094985962,2.813720941543579,2.6001248359680176,-0.05756068229675293,2.359450101852417,2.574460029602051,2.5516622066497803,0.08470714092254639,2.4543886184692383,2.688750743865967,2.4149560928344727,-0.15661358833312988,2.3647594451904297,2.691617488861084,2.490368366241455,-0.03782010078430176
s31::cand00,s31,s31,ace_inpaint_candidate,0.0,candidate_index,1.343250036239624,0.5734682679176331,0.9862877130508423,0.027928560972213745,2.3246755599975586,2.5509514808654785,2.266376256942749,-0.17143726348876953,2.4180374145507812,2.565913677215576,2.3481228351593018,-0.14385271072387695,2.085099458694458,2.368039608001709,2.084796905517578,-0.14177262783050537,2.2534501552581787,2.4047224521636963,2.2217841148376465,-0.10730218887329102,2.137098550796509,2.2954301834106445,2.119069814682007,-0.09719455242156982
s31::cand01,s31,s31,ace_inpaint_candidate,1.0,candidate_index,1.343250036239624,-0.8042612671852112,1.2349507808685303,0.9654563963413239,2.3246755599975586,2.3713724613189697,2.275493621826172,-0.07253038883209229,2.4180374145507812,2.3616344928741455,2.2253053188323975,-0.16453063488006592,2.085099458694458,2.3267457485198975,2.0837244987487793,-0.12219810485839844,2.2534501552581787,2.1474058628082275,2.0149903297424316,-0.18543767929077148,2.137098550796509,2.1227917671203613,1.9791755676269531,-0.15076959133148193
s31::cand02,s31,s31,ace_inpaint_candidate,2.0,candidate_index,1.343250036239624,0.945514440536499,1.2377262115478516,0.09334397315979004,2.3246755599975586,2.3289194107055664,2.074735403060913,-0.2520620822906494,2.4180374145507812,2.204395055770874,2.0399184226989746,-0.271297812461853,2.085099458694458,2.0380682945251465,1.8961483240127563,-0.1654355525970459,2.2534501552581787,2.1102828979492188,1.9764113426208496,-0.20545518398284912,2.137098550796509,2.0402445793151855,1.9102046489715576,-0.17846691608428955
s31::cand03,s31,s31,ace_inpaint_candidate,3.0,candidate_index,1.343250036239624,1.0448949337005615,1.1534935235977173,-0.04057896137237549,2.3246755599975586,2.3158020973205566,2.2615840435028076,-0.05865478515625,2.4180374145507812,2.2955517768859863,2.276736259460449,-0.08005833625793457,2.085099458694458,2.154684543609619,2.0056581497192383,-0.11423385143280029,2.2534501552581787,2.2396926879882812,2.2311789989471436,-0.015392422676086426,2.137098550796509,2.1023781299591064,2.0397932529449463,-0.07994508743286133
s31::cand04,s31,s31,ace_inpaint_candidate,4.0,candidate_index,1.343250036239624,0.8681680560112,1.1027445793151855,-0.0029644668102264404,2.3246755599975586,2.602173328399658,2.2520132064819336,-0.2114112377166748,2.4180374145507812,2.537719249725342,2.338801383972168,-0.13907694816589355,2.085099458694458,2.446661949157715,2.145280599594116,-0.12060010433197021,2.2534501552581787,2.4035985469818115,2.169757127761841,-0.1587672233581543,2.137098550796509,2.220100164413452,1.994279384613037,-0.18431997299194336
s31::cand05,s31,s31,ace_inpaint_candidate,5.0,candidate_index,1.343250036239624,1.3337961435317993,1.3533176183700562,0.014794528484344482,2.3246755599975586,2.7032172679901123,2.354355812072754,-0.15959060192108154,2.4180374145507812,2.625011920928955,2.3115146160125732,-0.21001005172729492,2.085099458694458,2.5351507663726807,2.0853092670440674,-0.22481584548950195,2.2534501552581787,2.5201191902160645,2.2269716262817383,-0.1598130464553833,2.137098550796509,2.4741339683532715,2.081409454345703,-0.224206805229187
s31::cand06,s31,s31,ace_inpaint_candidate,6.0,candidate_index,1.343250036239624,-0.3968774676322937,0.36761847138404846,-0.1055678129196167,2.3246755599975586,2.4386515617370605,2.204866886138916,-0.17679667472839355,2.4180374145507812,2.310154438018799,2.2247776985168457,-0.13931822776794434,2.085099458694458,2.2012853622436523,2.0323374271392822,-0.11085498332977295,2.2534501552581787,2.2655365467071533,2.123084545135498,-0.13640880584716797,2.137098550796509,2.0800204277038574,1.9935212135314941,-0.11503827571868896
s31::cand07,s31,s31,ace_inpaint_candidate,7.0,candidate_index,1.343250036239624,1.0338759422302246,0.9571742415428162,-0.23138874769210815,2.3246755599975586,2.4790878295898438,2.1726903915405273,-0.22919130325317383,2.4180374145507812,2.471858501434326,2.224316358566284,-0.22063159942626953,2.085099458694458,2.4135491847991943,1.998920202255249,-0.25040411949157715,2.2534501552581787,2.30379056930542,2.109774112701416,-0.1688462495803833,2.137098550796509,2.2539491653442383,1.9786607027053833,-0.21686315536499023
s32::cand00,s32,s32,ace_inpaint_candidate,0.0,candidate_index,1.298905849456787,0.6133177280426025,1.221656084060669,0.2655442953109741,2.684283971786499,2.709031581878662,2.4492275714874268,-0.2474302053451538,2.686732053756714,2.6955552101135254,2.3527512550354004,-0.33839237689971924,2.6287741661071777,2.521573543548584,2.4021968841552734,-0.17297697067260742,2.4884066581726074,2.488719940185547,2.1956942081451416,-0.29286909103393555,2.3896212577819824,2.4718728065490723,2.17022705078125,-0.26051998138427734
s32::cand01,s32,s32,ace_inpaint_candidate,1.0,candidate_index,1.298905849456787,-0.43294641375541687,0.6990130543708801,0.266033336520195,2.684283971786499,2.3061327934265137,2.3164665699005127,-0.17874181270599365,2.686732053756714,2.2973806858062744,2.179656982421875,-0.31239938735961914,2.6287741661071777,2.1859946250915527,2.2267017364501953,-0.18068265914916992,2.4884066581726074,2.0649728775024414,1.9754964113235474,-0.30119335651397705,2.3896212577819824,2.017733097076416,1.9819310903549194,-0.22174608707427979
s32::cand02,s32,s32,ace_inpaint_candidate,2.0,candidate_index,1.298905849456787,0.6343466639518738,1.084240436553955,0.11761417984962463,2.684283971786499,2.254211902618408,2.2655937671661377,-0.20365417003631592,2.686732053756714,2.4855728149414062,2.26458740234375,-0.32156503200531006,2.6287741661071777,2.359130859375,2.2569940090179443,-0.23695850372314453,2.4884066581726074,2.108579635620117,2.024196147918701,-0.27429699897766113,2.3896212577819824,2.2123916149139404,2.0237364768981934,-0.27726995944976807
s32::cand03,s32,s32,ace_inpaint_candidate,3.0,candidate_index,1.298905849456787,0.8394033312797546,1.0574378967285156,-0.011716693639755249,2.684283971786499,2.4430670738220215,2.3273184299468994,-0.23635709285736084,2.686732053756714,2.6603546142578125,2.3807947635650635,-0.2927485704421997,2.6287741661071777,2.6130480766296387,2.368140697479248,-0.25277042388916016,2.4884066581726074,2.3197946548461914,2.1043002605438232,-0.29980039596557617,2.3896212577819824,2.256396532058716,2.079744338989258,-0.2432645559310913
s32::cand04,s32,s32,ace_inpaint_candidate,4.0,candidate_index,1.298905849456787,-0.4346672594547272,0.42535364627838135,-0.006765648722648621,2.684283971786499,2.3043198585510254,2.2382216453552246,-0.2560802698135376,2.686732053756714,2.4793310165405273,2.2689571380615234,-0.31407439708709717,2.6287741661071777,2.3242812156677246,2.264338254928589,-0.2121894359588623,2.4884066581726074,2.231447696685791,2.0325329303741455,-0.3273942470550537,2.3896212577819824,2.1752800941467285,1.9951879978179932,-0.2872626781463623
s32::cand05,s32,s32,ace_inpaint_candidate,5.0,candidate_index,1.298905849456787,0.8560965061187744,0.8419235348701477,-0.23557764291763306,2.684283971786499,2.4670004844665527,2.341737747192383,-0.23390448093414307,2.686732053756714,2.448607921600342,2.271153450012207,-0.2965165376663208,2.6287741661071777,2.559635639190674,2.4161198139190674,-0.1780850887298584,2.4884066581726074,2.3966174125671387,2.1090755462646484,-0.3334364891052246,2.3896212577819824,2.3136491775512695,2.076261520385742,-0.2753736972808838
s32::cand06,s32,s32,ace_inpaint_candidate,6.0,candidate_index,1.298905849456787,-0.028622470796108246,0.5909218192100525,-0.04421987012028694,2.684283971786499,2.582911491394043,2.451610565185547,-0.18198716640472412,2.686732053756714,2.7229275703430176,2.440002918243408,-0.2648268938064575,2.6287741661071777,2.5838966369628906,2.4371485710144043,-0.16918683052062988,2.4884066581726074,2.4483351707458496,2.2396388053894043,-0.22873210906982422,2.3896212577819824,2.3930416107177734,2.1484909057617188,-0.24284052848815918
s32::cand07,s32,s32,ace_inpaint_candidate,7.0,candidate_index,1.298905849456787,-1.3563003540039062,0.3420872986316681,0.37078455090522766,2.684283971786499,2.3033745288848877,2.2193069458007812,-0.2745223045349121,2.686732053756714,2.2587811946868896,2.0782017707824707,-0.39455485343933105,2.6287741661071777,2.263782024383545,2.1794240474700928,-0.26685404777526855,2.4884066581726074,2.164639949798584,1.9611505270004272,-0.36537277698516846,2.3896212577819824,2.20882511138916,2.023088216781616,-0.2761349678039551
s33::cand00,s33,s33,ace_inpaint_candidate,0.0,candidate_index,1.2775789499282837,0.7763015031814575,0.9545624852180481,-0.07237774133682251,2.8253653049468994,2.7124361991882324,2.7208611965179443,-0.04803955554962158,2.8338747024536133,2.7719366550445557,2.7167346477508545,-0.08617103099822998,2.8262455463409424,2.7098422050476074,2.6422014236450195,-0.12584245204925537,2.725099802017212,2.5802106857299805,2.4772839546203613,-0.17537128925323486,2.7078189849853516,2.4391841888427734,2.435987949371338,-0.1375136375427246
s33::cand01,s33,s33,ace_inpaint_candidate,1.0,candidate_index,1.2775789499282837,0.8071684241294861,0.43760883808135986,-0.604764848947525,2.8253653049468994,2.7463064193725586,2.590657949447632,-0.19517791271209717,2.8338747024536133,2.746302366256714,2.5763752460479736,-0.21371328830718994,2.8262455463409424,2.795257329940796,2.597928047180176,-0.21282339096069336,2.725099802017212,2.791726589202881,2.4705300331115723,-0.2878831624984741,2.7078189849853516,2.8083035945892334,2.5186123847961426,-0.2394489049911499
s33::cand02,s33,s33,ace_inpaint_candidate,2.0,candidate_index,1.2775789499282837,1.079010248184204,0.37047362327575684,-0.8078209757804871,2.8253653049468994,2.6481194496154785,2.635805606842041,-0.10093677043914795,2.8338747024536133,2.545182466506958,2.5066893100738525,-0.1828392744064331,2.8262455463409424,2.588869333267212,2.5744707584381104,-0.1330866813659668,2.725099802017212,2.5479037761688232,2.431950330734253,-0.20455145835876465,2.7078189849853516,2.476882219314575,2.363689422607422,-0.2286611795425415
s33::cand03,s33,s33,ace_inpaint_candidate,3.0,candidate_index,1.2775789499282837,0.9199159741401672,1.0160075426101685,-0.082739919424057,2.8253653049468994,2.7000985145568848,2.6633598804473877,-0.0993720293045044,2.8338747024536133,2.6877052783966064,2.5477352142333984,-0.21305477619171143,2.8262455463409424,2.7138779163360596,2.6479690074920654,-0.12209272384643555,2.725099802017212,2.4947752952575684,2.451101064682007,-0.1588364839553833,2.7078189849853516,2.5290470123291016,2.4547691345214844,-0.1636638641357422
s33::cand04,s33,s33,ace_inpaint_candidate,4.0,candidate_index,1.2775789499282837,1.1515545845031738,0.5681054592132568,-0.6464613080024719,2.8253653049468994,2.7938807010650635,2.6315271854400635,-0.17809581756591797,2.8338747024536133,2.809546709060669,2.646402359008789,-0.17530834674835205,2.8262455463409424,2.7390928268432617,2.6476986408233643,-0.1349705457687378,2.725099802017212,2.7150630950927734,2.496019124984741,-0.22406232357025146,2.7078189849853516,2.7126080989837646,2.47749400138855,-0.2327195405960083
s33::cand05,s33,s33,ace_inpaint_candidate,5.0,candidate_index,1.2775789499282837,0.8206424117088318,0.41267427802085876,-0.636436402797699,2.8253653049468994,2.6831536293029785,2.5162580013275146,-0.23800146579742432,2.8338747024536133,2.6457948684692383,2.544930934906006,-0.19490385055541992,2.8262455463409424,2.6541669368743896,2.5072991847991943,-0.23290705680847168,2.725099802017212,2.6325018405914307,2.39764404296875,-0.2811567783355713,2.7078189849853516,2.513209104537964,2.3513736724853516,-0.25914037227630615
s33::cand06,s33,s33,ace_inpaint_candidate,6.0,candidate_index,1.2775789499282837,0.5995441675186157,0.5177152752876282,-0.42084628343582153,2.8253653049468994,2.7072319984436035,2.6696279048919678,-0.09667074680328369,2.8338747024536133,2.6187024116516113,2.5852932929992676,-0.14099526405334473,2.8262455463409424,2.7432057857513428,2.7061359882354736,-0.07858967781066895,2.725099802017212,2.5990569591522217,2.4977567195892334,-0.1643216609954834,2.7078189849853516,2.531114101409912,2.476900577545166,-0.14256596565246582
s33::cand07,s33,s33,ace_inpaint_candidate,7.0,candidate_index,1.2775789499282837,0.8267080187797546,0.32699984312057495,-0.7251436412334442,2.8253653049468994,2.8740389347076416,2.694857358932495,-0.1548447608947754,2.8338747024536133,2.7015483379364014,2.5485668182373047,-0.21914470195770264,2.8262455463409424,2.785311222076416,2.619828939437866,-0.185949444770813,2.725099802017212,2.710054874420166,2.4135265350341797,-0.3040508031845093,2.7078189849853516,2.676943778991699,2.454482078552246,-0.2378993034362793
s34::cand00,s34,s34,ace_inpaint_candidate,0.0,candidate_index,1.2402148246765137,0.24294430017471313,0.3780907392501831,-0.3634888231754303,2.7863264083862305,2.780060291290283,2.4184908866882324,-0.3647024631500244,2.786623477935791,2.868767499923706,2.453540086746216,-0.3741554021835327,2.769653558731079,2.8105735778808594,2.3822178840637207,-0.40789568424224854,2.5515873432159424,2.603936195373535,2.097720146179199,-0.48004162311553955,2.442692756652832,2.743178367614746,2.300907611846924,-0.29202795028686523
s34::cand01,s34,s34,ace_inpaint_candidate,1.0,candidate_index,1.2402148246765137,0.24636980891227722,0.10865936428308487,-0.6346329525113106,2.7863264083862305,2.4074158668518066,2.176765203475952,-0.4201059341430664,2.786623477935791,2.560483932495117,2.2691006660461426,-0.4044530391693115,2.769653558731079,2.3841562271118164,2.2164440155029297,-0.36046087741851807,2.5515873432159424,2.403604507446289,2.037313938140869,-0.4402819871902466,2.442692756652832,2.3774027824401855,2.0877294540405273,-0.32231831550598145
s34::cand02,s34,s34,ace_inpaint_candidate,2.0,candidate_index,1.2402148246765137,-0.4969824254512787,-0.6470258831977844,-1.018642082810402,2.7863264083862305,2.710031270980835,2.3045642375946045,-0.4436146020889282,2.786623477935791,2.8025894165039062,2.334846258163452,-0.4597601890563965,2.769653558731079,2.666029453277588,2.269491195678711,-0.44835031032562256,2.5515873432159424,2.4506819248199463,1.9854201078414917,-0.5157145261764526,2.442692756652832,2.5136678218841553,2.069986343383789,-0.4081939458847046
s34::cand03,s34,s34,ace_inpaint_candidate,3.0,candidate_index,1.2402148246765137,-0.7960847020149231,-0.3978787362575531,-0.6199437975883484,2.7863264083862305,2.561939239501953,2.316066265106201,-0.3580665588378906,2.786623477935791,2.5440869331359863,2.347461462020874,-0.31789374351501465,2.769653558731079,2.505721092224121,2.320347785949707,-0.31733953952789307,2.5515873432159424,2.320612668991089,2.085172653198242,-0.35092735290527344,2.442692756652832,2.4502112865448,2.1181766986846924,-0.32827532291412354
s34::cand04,s34,s34,ace_inpaint_candidate,4.0,candidate_index,1.2402148246765137,1.0953447818756104,0.7706116437911987,-0.3971681594848633,2.7863264083862305,2.528055191040039,2.2155258655548096,-0.4416649341583252,2.786623477935791,2.6608994007110596,2.3316004276275635,-0.3921610116958618,2.769653558731079,2.691953659057617,2.364192485809326,-0.366611123085022,2.5515873432159424,2.40421462059021,2.042492389678955,-0.4354085922241211,2.442692756652832,2.573457956314087,2.164797306060791,-0.34327805042266846
s34::cand05,s34,s34,ace_inpaint_candidate,5.0,candidate_index,1.2402148246765137,0.07778289914131165,-0.6984012722969055,-1.3574001342058182,2.7863264083862305,2.3329882621765137,2.1977105140686035,-0.36194682121276855,2.786623477935791,2.4931540489196777,2.284572124481201,-0.3553166389465332,2.769653558731079,2.3132522106170654,2.1793055534362793,-0.36214733123779297,2.5515873432159424,2.0991098880767822,1.9150255918502808,-0.41032302379608154,2.442692756652832,2.318573474884033,2.1183409690856934,-0.26229214668273926
s34::cand06,s34,s34,ace_inpaint_candidate,6.0,candidate_index,1.2402148246765137,-0.6595356464385986,-0.4041944742202759,-0.6945340633392334,2.7863264083862305,2.8395636081695557,2.3968734741210938,-0.4160715341567993,2.786623477935791,2.895491361618042,2.4320318698883057,-0.40902554988861084,2.769653558731079,2.8676583766937256,2.3471453189849854,-0.471510648727417,2.5515873432159424,2.48654842376709,2.0333237648010254,-0.4857441186904907,2.442692756652832,2.7992477416992188,2.196117639541626,-0.4248526096343994
s34::cand07,s34,s34,ace_inpaint_candidate,7.0,candidate_index,1.2402148246765137,-0.03319472819566727,-0.37252822518348694,-0.9760382734239101,2.7863264083862305,2.45159912109375,2.2674291133880615,-0.3515336513519287,2.786623477935791,2.499347686767578,2.3480629920959473,-0.2949225902557373,2.769653558731079,2.4416966438293457,2.2913904190063477,-0.31428468227386475,2.5515873432159424,2.2752978801727295,2.0654165744781494,-0.3480260372161865,2.442692756652832,2.3112564086914062,2.084638833999634,-0.29233574867248535
s35::cand00,s35,s35,ace_inpaint_candidate,0.0,candidate_index,1.3352513313293457,1.1714253425598145,1.6424318552017212,0.3890935182571411,3.1163880825042725,2.704765796661377,2.7024686336517334,-0.2081083059310913,3.13565993309021,2.7669382095336914,2.6220970153808594,-0.3292020559310913,3.1940436363220215,2.864285945892334,2.741089105606079,-0.28807568550109863,3.0767550468444824,2.624826431274414,2.4537038803100586,-0.39708685874938965,2.88393235206604,2.435328960418701,2.3276424407958984,-0.33198821544647217
s35::cand01,s35,s35,ace_inpaint_candidate,1.0,candidate_index,1.3352513313293457,-0.19767612218856812,1.1573213338851929,0.5885337293148041,3.1163880825042725,2.790623188018799,2.742440700531006,-0.21106493473052979,3.13565993309021,2.7635912895202637,2.6717400550842285,-0.2778855562210083,3.1940436363220215,2.7600693702697754,2.7549734115600586,-0.22208309173583984,3.0767550468444824,2.6073856353759766,2.5205817222595215,-0.321488618850708,2.88393235206604,2.603154420852661,2.449833393096924,-0.29370999336242676
s35::cand02,s35,s35,ace_inpaint_candidate,2.0,candidate_index,1.3352513313293457,0.8351759910583496,1.159097671508789,0.0738840103149414,3.1163880825042725,2.7601189613342285,2.69258975982666,-0.24566376209259033,3.13565993309021,2.7433407306671143,2.6197421550750732,-0.31975817680358887,3.1940436363220215,2.6066718101501465,2.6324169635772705,-0.2679407596588135,3.0767550468444824,2.647617816925049,2.525627613067627,-0.33655881881713867,2.88393235206604,2.4755122661590576,2.329841136932373,-0.3498811721801758
s35::cand03,s35,s35,ace_inpaint_candidate,3.0,candidate_index,1.3352513313293457,-0.46859773993492126,1.2615870237350464,0.8282602280378342,3.1163880825042725,2.7813920974731445,2.7540175914764404,-0.19487249851226807,3.13565993309021,2.826101303100586,2.7140052318573,-0.26687538623809814,3.1940436363220215,2.636939525604248,2.7132632732391357,-0.20222830772399902,3.0767550468444824,2.634351968765259,2.5505993366241455,-0.3049541711807251,2.88393235206604,2.5865232944488525,2.3861002922058105,-0.34912753105163574
s35::cand04,s35,s35,ace_inpaint_candidate,4.0,candidate_index,1.3352513313293457,0.4148845374584198,0.7080911993980408,-0.16697673499584198,3.1163880825042725,2.7070701122283936,2.627887010574341,-0.2838420867919922,3.13565993309021,2.8137848377227783,2.623528003692627,-0.3511943817138672,3.1940436363220215,2.722069025039673,2.7530384063720703,-0.20501792430877686,3.0767550468444824,2.6403138637542725,2.459892511367798,-0.3986419439315796,2.88393235206604,2.4596946239471436,2.3823513984680176,-0.2894620895385742
s35::cand05,s35,s35,ace_inpaint_candidate,5.0,candidate_index,1.3352513313293457,0.5607821941375732,1.1433703899383545,0.19535362720489502,3.1163880825042725,2.6881186962127686,2.6914548873901367,-0.2107985019683838,3.13565993309021,2.746760845184326,2.678270101547241,-0.26294028759002686,3.1940436363220215,2.5702149868011475,2.689035415649414,-0.1930938959121704,3.0767550468444824,2.464580535888672,2.4060938358306885,-0.36457395553588867,2.88393235206604,2.3953564167022705,2.3820645809173584,-0.2575798034667969
s35::cand06,s35,s35,ace_inpaint_candidate,6.0,candidate_index,1.3352513313293457,0.6506387591362,1.0640358924865723,0.07109084725379944,3.1163880825042725,2.6378400325775146,2.5796172618865967,-0.2974967956542969,3.13565993309021,2.5323474407196045,2.587674617767334,-0.24632906913757324,3.1940436363220215,2.6437249183654785,2.6586477756500244,-0.2602365016937256,3.0767550468444824,2.4840340614318848,2.422325611114502,-0.35806894302368164,2.88393235206604,2.441039562225342,2.3101859092712402,-0.3523000478744507
s35::cand07,s35,s35,ace_inpaint_candidate,7.0,candidate_index,1.3352513313293457,1.3118818998336792,1.8615210056304932,0.5379543900489807,3.1163880825042725,3.0324182510375977,2.859328508377075,-0.21507465839385986,3.13565993309021,2.9371747970581055,2.7950541973114014,-0.24136316776275635,3.1940436363220215,3.005653142929077,2.941570997238159,-0.15827739238739014,3.0767550468444824,2.885944366455078,2.708789587020874,-0.27256011962890625,2.88393235206604,2.6709470748901367,2.49794864654541,-0.2794910669326782
s36::cand00,s36,s36,ace_inpaint_candidate,0.0,candidate_index,1.5058785676956177,1.0884368419647217,1.47014582157135,0.17298811674118042,2.716464042663574,2.458956718444824,2.5268399715423584,-0.06087040901184082,2.8351521492004395,2.4367082118988037,2.3512935638427734,-0.28463661670684814,2.7640058994293213,2.42973256111145,2.364961862564087,-0.23190736770629883,2.654534339904785,2.2749314308166504,2.249932289123535,-0.21480059623718262,2.6920926570892334,2.257850408554077,2.2562336921691895,-0.21873784065246582
s36::cand01,s36,s36,ace_inpaint_candidate,1.0,candidate_index,1.5058785676956177,0.9210188984870911,1.5505878925323486,0.33713915944099426,2.716464042663574,2.7725839614868164,2.6538243293762207,-0.09069967269897461,2.8351521492004395,2.634732961654663,2.4565036296844482,-0.278438925743103,2.7640058994293213,2.554147481918335,2.4444146156311035,-0.2146620750427246,2.654534339904785,2.353663921356201,2.2732925415039062,-0.23080658912658691,2.6920926570892334,2.462184190750122,2.3471362590789795,-0.23000216484069824
s36::cand02,s36,s36,ace_inpaint_candidate,2.0,candidate_index,1.5058785676956177,1.2687263488769531,1.5844639539718628,0.1971614956855774,2.716464042663574,2.603609085083008,2.6036159992218018,-0.05642056465148926,2.8351521492004395,2.711143970489502,2.551034688949585,-0.22211337089538574,2.7640058994293213,2.7048826217651367,2.5696780681610107,-0.16476619243621826,2.654534339904785,2.590712547302246,2.3525538444519043,-0.27006959915161133,2.6920926570892334,2.516866445541382,2.3734426498413086,-0.23103690147399902
s36::cand03,s36,s36,ace_inpaint_candidate,3.0,candidate_index,1.5058785676956177,1.3926029205322266,1.9083032608032227,0.45906251668930054,2.716464042663574,2.7843034267425537,2.736877202987671,-0.013506531715393066,2.8351521492004395,2.7618958950042725,2.621487855911255,-0.17703616619110107,2.7640058994293213,2.7245445251464844,2.6501564979553223,-0.09411871433258057,2.654534339904785,2.582416534423828,2.4111742973327637,-0.20730113983154297,2.6920926570892334,2.6873385906219482,2.484180212020874,-0.2055354118347168
s36::cand04,s36,s36,ace_inpaint_candidate,4.0,candidate_index,1.5058785676956177,1.43166184425354,1.802236795425415,0.3334665894508362,2.716464042663574,2.791138172149658,2.6872799396514893,-0.06652116775512695,2.8351521492004395,2.813992500305176,2.577690601348877,-0.24688172340393066,2.7640058994293213,2.808454990386963,2.5962655544281006,-0.1899648904800415,2.654534339904785,2.7255020141601562,2.441272020339966,-0.24874615669250488,2.6920926570892334,2.616677761077881,2.430696487426758,-0.22368872165679932
s36::cand05,s36,s36,ace_inpaint_candidate,5.0,candidate_index,1.5058785676956177,1.5229212045669556,1.7513749599456787,0.2369750738143921,2.716464042663574,2.6639692783355713,2.682957172393799,-0.007259488105773926,2.8351521492004395,2.6976232528686523,2.525303840637207,-0.24108386039733887,2.7640058994293213,2.544401168823242,2.525146722793579,-0.12905681133270264,2.654534339904785,2.508063316345215,2.3615684509277344,-0.21973037719726562,2.6920926570892334,2.559601068496704,2.406224012374878,-0.21962285041809082
s36::cand06,s36,s36,ace_inpaint_candidate,6.0,candidate_index,1.5058785676956177,-0.44131556153297424,1.2512307167053223,0.7189492136240005,2.716464042663574,2.375584363937378,2.276460886001587,-0.26956331729888916,2.8351521492004395,2.3591504096984863,2.269407033920288,-0.3277442455291748,2.7640058994293213,2.2420778274536133,2.1779239177703857,-0.32511794567108154,2.654534339904785,2.2287209033966064,2.189148426055908,-0.2524791955947876,2.6920926570892334,2.303077220916748,2.269289016723633,-0.2282959222793579
s36::cand07,s36,s36,ace_inpaint_candidate,7.0,candidate_index,1.5058785676956177,1.4234271049499512,2.019282579421997,0.5546297430992126,2.716464042663574,2.71578311920166,2.626100540161133,-0.09002304077148438,2.8351521492004395,2.742905378341675,2.5252585411071777,-0.2637702226638794,2.7640058994293213,2.6104273796081543,2.5675435066223145,-0.11967313289642334,2.654534339904785,2.6030831336975098,2.3125691413879395,-0.316239595413208,2.6920926570892334,2.6366233825683594,2.4546990394592285,-0.20965898036956787
s37::cand00,s37,s37,ace_inpaint_candidate,0.0,candidate_index,1.1110174655914307,0.7077359557151794,1.1777316331863403,0.2683549225330353,2.985785722732544,2.4647254943847656,2.3526771068573,-0.372578501701355,2.9257595539093018,2.621964931488037,2.284597396850586,-0.4892648458480835,2.7521073818206787,2.402533769607544,2.3248400688171387,-0.25248050689697266,2.6104135513305664,2.3920676708221436,2.130915641784668,-0.370324969291687,2.6328649520874023,2.3841638565063477,2.1816563606262207,-0.3268580436706543
s37::cand01,s37,s37,ace_inpaint_candidate,1.0,candidate_index,1.1110174655914307,1.0980143547058105,1.2744841575622559,0.16996824741363525,2.985785722732544,2.6818203926086426,2.5020010471343994,-0.33180201053619385,2.9257595539093018,2.6494710445404053,2.353405714035034,-0.43420958518981934,2.7521073818206787,2.6101162433624268,2.419863224029541,-0.2612485885620117,2.6104135513305664,2.605586528778076,2.1965763568878174,-0.4114236831665039,2.6328649520874023,2.4388880729675293,2.2441341876983643,-0.29174232482910156
s37::cand02,s37,s37,ace_inpaint_candidate,2.0,candidate_index,1.1110174655914307,0.8319770693778992,1.186018705368042,0.21452143788337708,2.985785722732544,2.4355554580688477,2.3343191146850586,-0.3763514757156372,2.9257595539093018,2.4148125648498535,2.236645221710205,-0.43364083766937256,2.7521073818206787,2.4088830947875977,2.3366851806640625,-0.24381005764007568,2.6104135513305664,2.2805421352386475,2.077629804611206,-0.3678480386734009,2.6328649520874023,2.3376941680908203,2.2408761978149414,-0.24440336227416992
s37::cand03,s37,s37,ace_inpaint_candidate,3.0,candidate_index,1.1110174655914307,1.3925600051879883,1.4012982845306396,0.14950954914093018,2.985785722732544,2.6432037353515625,2.3725714683532715,-0.44192326068878174,2.9257595539093018,2.538761854171753,2.2809207439422607,-0.4513399600982666,2.7521073818206787,2.5653603076934814,2.3684685230255127,-0.2902653217315674,2.6104135513305664,2.4444644451141357,2.145444393157959,-0.3819946050643921,2.6328649520874023,2.3999557495117188,2.204150438308716,-0.3122599124908447
s37::cand04,s37,s37,ace_inpaint_candidate,4.0,candidate_index,1.1110174655914307,1.2397606372833252,1.1882389783859253,0.012849926948547363,2.985785722732544,2.808112621307373,2.567298412322998,-0.32965075969696045,2.9257595539093018,2.715686082839966,2.4734621047973633,-0.3472607135772705,2.7521073818206787,2.7271199226379395,2.528613805770874,-0.21099984645843506,2.6104135513305664,2.5307960510253906,2.1693930625915527,-0.4012117385864258,2.6328649520874023,2.554272174835205,2.329846143722534,-0.26372241973876953
s37::cand05,s37,s37,ace_inpaint_candidate,5.0,candidate_index,1.1110174655914307,1.007442593574524,1.1446589231491089,0.08542889356613159,2.985785722732544,2.556145191192627,2.3360705375671387,-0.4348949193954468,2.9257595539093018,2.4958250522613525,2.1874794960021973,-0.5233128070831299,2.7521073818206787,2.478393077850342,2.289531707763672,-0.3257185220718384,2.6104135513305664,2.4153616428375244,2.1217637062072754,-0.39112389087677,2.6328649520874023,2.3612911701202393,2.189626693725586,-0.30745136737823486
s37::cand06,s37,s37,ace_inpaint_candidate,6.0,candidate_index,1.1110174655914307,0.9248988032341003,1.1967068910598755,0.17874875664710999,2.985785722732544,2.8006579875946045,2.5005874633789062,-0.39263439178466797,2.9257595539093018,2.8736298084259033,2.449521064758301,-0.45017361640930176,2.7521073818206787,2.5585694313049316,2.4257476329803467,-0.2295907735824585,2.6104135513305664,2.56402850151062,2.2738094329833984,-0.3134115934371948,2.6328649520874023,2.598551034927368,2.38820743560791,-0.2275005578994751
s37::cand07,s37,s37,ace_inpaint_candidate,7.0,candidate_index,1.1110174655914307,1.0421819686889648,1.134152889251709,0.05755317211151123,2.985785722732544,2.629570960998535,2.4840688705444336,-0.32360947132110596,2.9257595539093018,2.5390946865081787,2.3053157329559326,-0.4271113872528076,2.7521073818206787,2.474750518798828,2.350255250930786,-0.2631736993789673,2.6104135513305664,2.42996883392334,2.1520309448242188,-0.3681602478027344,2.6328649520874023,2.305588960647583,2.1356403827667236,-0.33358657360076904
s38::cand00,s38,s38,ace_inpaint_candidate,0.0,candidate_index,0.6058870553970337,-0.22069108486175537,-0.17033109068870544,-0.3629290759563446,3.274848461151123,2.761967658996582,2.77832293510437,-0.24008512496948242,3.2655773162841797,2.915975570678711,2.8455288410186768,-0.24524760246276855,3.2697510719299316,2.9209342002868652,2.8465590476989746,-0.24878358840942383,3.3877739906311035,2.7929298877716064,2.812739133834839,-0.2776128053665161,3.1201281547546387,2.9325897693634033,2.7182776927948,-0.3080812692642212
s38::cand01,s38,s38,ace_inpaint_candidate,1.0,candidate_index,0.6058870553970337,0.048029765486717224,-0.052842192351818085,-0.37980060279369354,3.274848461151123,2.7858927249908447,2.7486660480499268,-0.28170454502105713,3.2655773162841797,2.9015467166900635,2.7529006004333496,-0.330661416053772,3.2697510719299316,2.8166048526763916,2.840273380279541,-0.2029045820236206,3.3877739906311035,2.8376660346984863,2.7940218448638916,-0.3186981678009033,3.1201281547546387,2.8692846298217773,2.6844677925109863,-0.3102385997772217
s38::cand02,s38,s38,ace_inpaint_candidate,2.0,candidate_index,0.6058870553970337,0.6124221086502075,0.926780641078949,0.31762605905532837,3.274848461151123,2.824103355407715,2.725928783416748,-0.3235471248626709,3.2655773162841797,3.0828990936279297,2.7661569118499756,-0.4080812931060791,3.2697510719299316,2.9268550872802734,2.8357648849487305,-0.26253819465637207,3.3877739906311035,2.87703275680542,2.835597038269043,-0.29680633544921875,3.1201281547546387,2.903116464614868,2.685389280319214,-0.32623302936553955
s38::cand03,s38,s38,ace_inpaint_candidate,3.0,candidate_index,0.6058870553970337,0.5477926731109619,1.1163098812103271,0.5394700169563293,3.274848461151123,2.765859842300415,2.733978748321533,-0.28637540340423584,3.2655773162841797,2.8673055171966553,2.877570629119873,-0.18887078762054443,3.2697510719299316,2.740227460861206,2.8674514293670654,-0.13753783702850342,3.3877739906311035,2.919064521789551,2.899653196334839,-0.2537660598754883,3.1201281547546387,2.720755100250244,2.770867109298706,-0.14957451820373535
s38::cand04,s38,s38,ace_inpaint_candidate,4.0,candidate_index,0.6058870553970337,0.43712159991264343,0.4445204436779022,-0.07698388397693634,3.274848461151123,2.588563919067383,2.5983152389526367,-0.3333909511566162,3.2655773162841797,2.7572925090789795,2.736752986907959,-0.2746819257736206,3.2697510719299316,2.6220481395721436,2.6010749340057373,-0.3448246717453003,3.3877739906311035,2.755950689315796,2.7483067512512207,-0.323555588722229,3.1201281547546387,2.7226638793945312,2.648189067840576,-0.2732069492340088
s38::cand05,s38,s38,ace_inpaint_candidate,5.0,candidate_index,0.6058870553970337,-0.03831673413515091,0.4845050275325775,0.20071986690163612,3.274848461151123,2.5874931812286377,2.532676935195923,-0.3984938859939575,3.2655773162841797,2.6961653232574463,2.6006734371185303,-0.3801978826522827,3.2697510719299316,2.6182851791381836,2.650359869003296,-0.2936582565307617,3.3877739906311035,2.7502925395965576,2.762929916381836,-0.30610334873199463,3.1201281547546387,2.6669540405273438,2.5976343154907227,-0.29590678215026855
s38::cand06,s38,s38,ace_inpaint_candidate,6.0,candidate_index,0.6058870553970337,1.3767274618148804,1.350568413734436,0.359261155128479,3.274848461151123,2.653481960296631,2.726282835006714,-0.23788237571716309,3.2655773162841797,2.796426296234131,2.8323822021484375,-0.19861960411071777,3.2697510719299316,2.8038411140441895,2.861684560775757,-0.1751115322113037,3.3877739906311035,2.7789292335510254,2.809736490249634,-0.27361512184143066,3.1201281547546387,2.6523633003234863,2.7510664463043213,-0.1351792812347412
s38::cand07,s38,s38,ace_inpaint_candidate,7.0,candidate_index,0.6058870553970337,0.834602415561676,1.1748826503753662,0.45463791489601135,3.274848461151123,2.9659247398376465,2.824535846710205,-0.2958507537841797,3.2655773162841797,2.8577640056610107,2.813645839691162,-0.2480248212814331,3.2697510719299316,2.790290355682373,2.8228466510772705,-0.20717406272888184,3.3877739906311035,2.7634520530700684,2.8110404014587402,-0.2645726203918457,3.1201281547546387,2.843003034591675,2.7521560192108154,-0.2294095754623413
s39::cand00,s39,s39,ace_inpaint_candidate,0.0,candidate_index,1.0612244606018066,0.6404213309288025,1.2504856586456299,0.3996627628803253,2.7368016242980957,3.1010336875915527,2.945741653442383,0.026823997497558594,2.8733882904052734,3.1967427730560303,2.952854633331299,-0.08221089839935303,2.8090407848358154,3.0776078701019287,2.917762279510498,-0.025562047958374023,2.5317420959472656,2.9266018867492676,2.629153251647949,-0.10001873970031738,2.4722893238067627,2.9040937423706055,2.653524160385132,-0.034667372703552246
s39::cand01,s39,s39,ace_inpaint_candidate,1.0,candidate_index,1.0612244606018066,1.1064486503601074,1.1198194026947021,0.03598284721374512,2.7368016242980957,2.4680824279785156,2.5411946773529053,-0.06124734878540039,2.8733882904052734,2.500642776489258,2.5242042541503906,-0.162811279296875,2.8090407848358154,2.476707696914673,2.5218467712402344,-0.12102746963500977,2.5317420959472656,2.2348926067352295,2.232210874557495,-0.15110647678375244,2.4722893238067627,2.249009609222412,2.268453359603882,-0.09219610691070557
s39::cand02,s39,s39,ace_inpaint_candidate,2.0,candidate_index,1.0612244606018066,0.8747255206108093,0.9115799069404602,-0.05639508366584778,2.7368016242980957,2.762437582015991,2.775437593460083,0.02581799030303955,2.8733882904052734,2.826205253601074,2.7708449363708496,-0.07895183563232422,2.8090407848358154,2.7565243244171143,2.6620681285858154,-0.12071442604064941,2.5317420959472656,2.501392126083374,2.5505728721618652,0.03400576114654541,2.4722893238067627,2.5326895713806152,2.4858744144439697,-0.01661503314971924
s39::cand03,s39,s39,ace_inpaint_candidate,3.0,candidate_index,1.0612244606018066,0.6364355683326721,0.9770763516426086,0.12824633717536926,2.7368016242980957,2.5473434925079346,2.637320041656494,-0.004752516746520996,2.8733882904052734,2.621365547180176,2.6235299110412598,-0.12384700775146484,2.8090407848358154,2.5934112071990967,2.5810317993164062,-0.1201941967010498,2.5317420959472656,2.4505090713500977,2.444786310195923,-0.04633927345275879,2.4722893238067627,2.5700273513793945,2.504673957824707,-0.016484379768371582
s39::cand04,s39,s39,ace_inpaint_candidate,4.0,candidate_index,1.0612244606018066,1.4522143602371216,1.435215950012207,0.17849653959274292,2.7368016242980957,3.101836681365967,3.051008701324463,0.13168954849243164,2.8733882904052734,3.1354846954345703,2.9049079418182373,-0.09952855110168457,2.8090407848358154,2.9907212257385254,2.8315083980560303,-0.06837260723114014,2.5317420959472656,2.8304202556610107,2.6924948692321777,0.01141369342803955,2.4722893238067627,2.8310513496398926,2.653737783432007,0.0020674467086791992
s39::cand05,s39,s39,ace_inpaint_candidate,5.0,candidate_index,1.0612244606018066,0.8113883137702942,1.1738872528076172,0.23758086562156677,2.7368016242980957,2.9233691692352295,2.994314193725586,0.16422879695892334,2.8733882904052734,2.778059244155884,2.7811827659606934,-0.044541001319885254,2.8090407848358154,2.77557373046875,2.8299074172973633,0.037600159645080566,2.5317420959472656,2.6551835536956787,2.6073379516601562,0.013875126838684082,2.4722893238067627,2.5554773807525635,2.5558581352233887,0.041974782943725586
s39::cand06,s39,s39,ace_inpaint_candidate,6.0,candidate_index,1.0612244606018066,0.5625168681144714,0.7178745865821838,-0.0939960777759552,2.7368016242980957,2.688931941986084,2.7508630752563477,0.03799629211425781,2.8733882904052734,2.8912570476531982,2.769261360168457,-0.11306130886077881,2.8090407848358154,2.8577520847320557,2.722892999649048,-0.1105034351348877,2.5317420959472656,2.5205698013305664,2.480266571044922,-0.04588937759399414,2.4722893238067627,2.6080222129821777,2.5366196632385254,-0.0035361051559448242
s39::cand07,s39,s39,ace_inpaint_candidate,7.0,candidate_index,1.0612244606018066,0.8164977431297302,0.9752622246742249,0.03640112280845642,2.7368016242980957,2.7889506816864014,2.838392496109009,0.07551634311676025,2.8733882904052734,2.804530620574951,2.6599438190460205,-0.1790156364440918,2.8090407848358154,2.679533004760742,2.601851224899292,-0.14243566989898682,2.5317420959472656,2.628664493560791,2.5199060440063477,-0.060297250747680664,2.4722893238067627,2.536794662475586,2.448733329772949,-0.0558086633682251
s40::cand00,s40,s40,ace_inpaint_candidate,0.0,candidate_index,-1.0872657299041748,-0.8243025541305542,-1.4091501235961914,-0.4533659815788269,2.778083086013794,2.909058094024658,2.523421049118042,-0.3201495409011841,2.715726852416992,2.950054407119751,2.524622678756714,-0.3082679510116577,2.618518829345703,2.7007174491882324,2.323714256286621,-0.3359038829803467,2.44156813621521,2.7707250118255615,2.2944865226745605,-0.3116600513458252,2.6580350399017334,2.8726820945739746,2.517047882080078,-0.24831068515777588
s40::cand01,s40,s40,ace_inpaint_candidate,1.0,candidate_index,-1.0872657299041748,-1.0520551204681396,-1.292865514755249,-0.2232050895690918,2.778083086013794,2.684805393218994,2.4398601055145264,-0.2915841341018677,2.715726852416992,2.676179885864258,2.403773546218872,-0.29217982292175293,2.618518829345703,2.619140863418579,2.2825076580047607,-0.33632218837738037,2.44156813621521,2.340691328048706,2.125411033630371,-0.2657186985015869,2.6580350399017334,2.531576156616211,2.381624460220337,-0.21318113803863525
s40::cand02,s40,s40,ace_inpaint_candidate,2.0,candidate_index,-1.0872657299041748,-1.4674065113067627,-1.6394153833389282,-0.3620792627334595,2.778083086013794,2.7126080989837646,2.431821823120117,-0.3135237693786621,2.715726852416992,2.670269012451172,2.392327308654785,-0.3006706237792969,2.618518829345703,2.4164695739746094,2.1402781009674072,-0.377216100692749,2.44156813621521,2.2343461513519287,2.049124240875244,-0.2888329029083252,2.6580350399017334,2.6349353790283203,2.424548625946045,-0.22193658351898193
s40::cand03,s40,s40,ace_inpaint_candidate,3.0,candidate_index,-1.0872657299041748,-1.24619722366333,-1.4465386867523193,-0.2798072099685669,2.778083086013794,2.575408458709717,2.3670244216918945,-0.30972135066986084,2.715726852416992,2.6279377937316895,2.2689216136932373,-0.4029107093811035,2.618518829345703,2.477541446685791,2.174717426300049,-0.37331271171569824,2.44156813621521,2.3063740730285645,2.027139902114868,-0.34683120250701904,2.6580350399017334,2.575561046600342,2.289994955062866,-0.3268030881881714
s40::cand04,s40,s40,ace_inpaint_candidate,4.0,candidate_index,-1.0872657299041748,-0.965770423412323,-1.232630729675293,-0.20611265301704407,2.778083086013794,2.712054491043091,2.420015335083008,-0.32505345344543457,2.715726852416992,2.6957435607910156,2.3762083053588867,-0.3295269012451172,2.618518829345703,2.6031222343444824,2.231424331665039,-0.3793962001800537,2.44156813621521,2.4758565425872803,2.1066277027130127,-0.3520846366882324,2.6580350399017334,2.529601812362671,2.3073625564575195,-0.2864558696746826
s40::cand05,s40,s40,ace_inpaint_candidate,5.0,candidate_index,-1.0872657299041748,-1.4909001588821411,-1.6835265159606934,-0.3944435715675354,2.778083086013794,2.8115627765655518,2.5117945671081543,-0.28302836418151855,2.715726852416992,2.6318161487579346,2.3986644744873047,-0.2751070261001587,2.618518829345703,2.645181894302368,2.2769174575805664,-0.35493290424346924,2.44156813621521,2.452054023742676,2.1552834510803223,-0.2915276288986206,2.6580350399017334,2.6436429023742676,2.436668872833252,-0.21417009830474854
s40::cand06,s40,s40,ace_inpaint_candidate,6.0,candidate_index,-1.0872657299041748,-0.09486424177885056,-0.49612095952033997,0.09494402632117271,2.778083086013794,2.769329786300659,2.481738567352295,-0.29196786880493164,2.715726852416992,2.783587694168091,2.3801586627960205,-0.369498610496521,2.618518829345703,2.5603885650634766,2.2476885318756104,-0.3417651653289795,2.44156813621521,2.420275926589966,2.103343963623047,-0.327578067779541,2.6580350399017334,2.7004926204681396,2.420905113220215,-0.2583587169647217
s40::cand07,s40,s40,ace_inpaint_candidate,7.0,candidate_index,-1.0872657299041748,-0.8990771174430847,-1.3439867496490479,-0.3508153259754181,2.778083086013794,2.6691036224365234,2.479440927505493,-0.24415242671966553,2.715726852416992,2.6936309337615967,2.485684394836426,-0.21899449825286865,2.618518829345703,2.5173254013061523,2.224132537841797,-0.34378957748413086,2.44156813621521,2.394153356552124,2.1009182929992676,-0.3169424533843994,2.6580350399017334,2.501655340194702,2.354092836380005,-0.2257523536682129
