pair_id,source_id,genre,perturbation,magnitude,score_H,score_T,score_R,score_S,C_geo,C_lin
classical_01::control::ctrl,classical_01,classical,control,0.0,1.0,1.0,1.0,0.829116,0.954231665077095,0.957279
classical_01::pitch_shift::-4st,classical_01,classical,pitch_shift,-4.0,0.862062,0.612549,0.992494,0.825897,0.8111165799369777,0.8232505
classical_01::pitch_shift::-2st,classical_01,classical,pitch_shift,-2.0,0.824331,0.735423,0.983546,0.820352,0.8362929574458089,0.840913
classical_01::pitch_shift::-1st,classical_01,classical,pitch_shift,-1.0,0.795448,0.849356,0.996963,0.778667,0.8510069187053051,0.8551085
classical_01::pitch_shift::+1st,classical_01,classical,pitch_shift,1.0,0.788337,0.819778,0.996755,0.827911,0.8545649206086264,0.85819525
classical_01::pitch_shift::+2st,classical_01,classical,pitch_shift,2.0,0.840758,0.725842,0.983723,0.814273,0.8361592350839918,0.841149
classical_01::pitch_shift::+4st,classical_01,classical,pitch_shift,4.0,0.861297,0.637273,0.98019,0.79653,0.8090916413251809,0.8188225
classical_01::time_stretch::-20pct,classical_01,classical,time_stretch,-20.0,0.996128,0.857819,0.914693,0.897815,0.9152574136628292,0.91661375
classical_01::time_stretch::-10pct,classical_01,classical,time_stretch,-10.0,0.997444,0.898502,0.904769,0.862071,0.914370233433532,0.9156965
classical_01::time_stretch::-5pct,classical_01,classical,time_stretch,-5.0,0.998224,0.932719,0.907293,0.877346,0.9278426309666354,0.9288955
classical_01::time_stretch::+5pct,classical_01,classical,time_stretch,5.0,0.997039,0.908418,0.932433,0.869116,0.9255999329679149,0.9267515
classical_01::time_stretch::+10pct,classical_01,classical,time_stretch,10.0,0.9955,0.882854,0.913765,0.862229,0.9122141919688991,0.913587
classical_01::time_stretch::+20pct,classical_01,classical,time_stretch,20.0,0.994233,0.851098,0.887089,0.882407,0.9021442192898468,0.90370675
classical_01::lowpass::lp8000,classical_01,classical,lowpass,8000.0,1.0,0.818931,0.998947,0.834595,0.9090052347019361,0.91311825
classical_01::lowpass::lp4000,classical_01,classical,lowpass,4000.0,0.999999,0.58382,0.984677,0.823127,0.8293919081530187,0.84790575
classical_01::lowpass::lp2000,classical_01,classical,lowpass,2000.0,0.999966,0.484488,0.982548,0.782339,0.7811856443269333,0.81233525
classical_01::distortion::drv4,classical_01,classical,distortion,4.0,0.999999,0.939766,0.999491,0.82414,0.937993424373072,0.940849
classical_01::distortion::drv12,classical_01,classical,distortion,12.0,0.999808,0.741767,0.993548,0.787758,0.8728536812753657,0.88072025
classical_01::distortion::drv32,classical_01,classical,distortion,32.0,0.99767,0.59795,0.984828,0.745197,0.8134311831855423,0.8314112499999999
classical_01::style_swap::swap_cross,classical_01,classical,style_swap,nan,0.756144,0.384217,0.934589,0.646745,0.6473418848528175,0.68042375
classical_01::style_swap::swap_same,classical_01,classical,style_swap,nan,0.845911,0.516401,0.90493,0.711641,0.728277551790769,0.7447207499999999
classical_02::control::ctrl,classical_02,classical,control,0.0,1.0,1.0,1.0,0.799097,0.9454746195046462,0.9497742499999999
classical_02::pitch_shift::-4st,classical_02,classical,pitch_shift,-4.0,0.871717,0.518691,0.991982,0.758212,0.7636505490445418,0.7851505
classical_02::pitch_shift::-2st,classical_02,classical,pitch_shift,-2.0,0.854366,0.672871,0.994172,0.723161,0.8018037314546269,0.8111425
classical_02::pitch_shift::-1st,classical_02,classical,pitch_shift,-1.0,0.861364,0.784459,0.994915,0.746091,0.841557290442159,0.84670725
classical_02::pitch_shift::+1st,classical_02,classical,pitch_shift,1.0,0.858125,0.795764,0.993865,0.748212,0.8441540863550707,0.8489915
classical_02::pitch_shift::+2st,classical_02,classical,pitch_shift,2.0,0.860851,0.690338,0.992833,0.760362,0.818411256630752,0.8260959999999999
classical_02::pitch_shift::+4st,classical_02,classical,pitch_shift,4.0,0.872927,0.579022,0.990261,0.721167,0.7751122991606072,0.79084425
classical_02::time_stretch::-20pct,classical_02,classical,time_stretch,-20.0,0.998827,0.794317,0.907132,0.805066,0.8724620112973265,0.8763355
classical_02::time_stretch::-10pct,classical_02,classical,time_stretch,-10.0,0.999,0.792003,0.916804,0.799097,0.872553527582296,0.876726
classical_02::time_stretch::-5pct,classical_02,classical,time_stretch,-5.0,0.999121,0.832235,0.921918,0.787189,0.8813711765400606,0.88511575
classical_02::time_stretch::+5pct,classical_02,classical,time_stretch,5.0,0.999806,0.896479,0.923776,0.784801,0.8978329102663691,0.9012155
classical_02::time_stretch::+10pct,classical_02,classical,time_stretch,10.0,0.999391,0.888793,0.907349,0.755532,0.8833662895039581,0.88776625
classical_02::time_stretch::+20pct,classical_02,classical,time_stretch,20.0,0.994538,0.863815,0.918092,0.767822,0.8821597111676565,0.88606675
classical_02::lowpass::lp8000,classical_02,classical,lowpass,8000.0,1.0,0.540419,0.998866,0.789621,0.8080051567805321,0.8322265
classical_02::lowpass::lp4000,classical_02,classical,lowpass,4000.0,0.996767,0.49875,0.996442,0.772079,0.7864073813934064,0.8160095
classical_02::lowpass::lp2000,classical_02,classical,lowpass,2000.0,0.999545,0.435651,0.992241,0.763336,0.7578242438963475,0.79769325
classical_02::distortion::drv4,classical_02,classical,distortion,4.0,1.0,0.971852,0.999929,0.787935,0.9354378149910613,0.939929
classical_02::distortion::drv12,classical_02,classical,distortion,12.0,0.99995,0.833633,0.998966,0.784493,0.8990280471430605,0.9042605
classical_02::distortion::drv32,classical_02,classical,distortion,32.0,0.992631,0.649915,0.994843,0.740942,0.8304161544741476,0.84458275
classical_02::style_swap::swap_cross,classical_02,classical,style_swap,nan,0.86747,0.357397,0.917487,0.49678,0.6131155732137729,0.6597835
classical_02::style_swap::swap_same,classical_02,classical,style_swap,nan,0.942536,0.471133,0.900222,0.693582,0.7256416914338966,0.75186825
classical_03::control::ctrl,classical_03,classical,control,0.0,1.0,0.999997,1.0,0.839157,0.9571069716921228,0.9597885
classical_03::pitch_shift::-4st,classical_03,classical,pitch_shift,-4.0,0.763278,0.57865,0.889923,0.793982,0.7474212610955564,0.75645825
classical_03::pitch_shift::-2st,classical_03,classical,pitch_shift,-2.0,0.782893,0.71388,0.874173,0.80961,0.7930493606342234,0.795139
classical_03::pitch_shift::-1st,classical_03,classical,pitch_shift,-1.0,0.697189,0.819816,0.924334,0.797457,0.8056581036271548,0.809699
classical_03::pitch_shift::+1st,classical_03,classical,pitch_shift,1.0,0.685872,0.811784,0.988392,0.83292,0.8228184442013995,0.829742
classical_03::pitch_shift::+2st,classical_03,classical,pitch_shift,2.0,0.784037,0.713773,0.879468,0.801912,0.7926123904312137,0.7947975
classical_03::pitch_shift::+4st,classical_03,classical,pitch_shift,4.0,0.755407,0.595073,0.862042,0.780281,0.7415367463553575,0.74820075
classical_03::time_stretch::-20pct,classical_03,classical,time_stretch,-20.0,0.988873,0.715888,0.829531,0.826457,0.8346600387944669,0.84018725
classical_03::time_stretch::-10pct,classical_03,classical,time_stretch,-10.0,0.994096,0.828248,0.830914,0.821946,0.8659583838249694,0.8688009999999999
classical_03::time_stretch::-5pct,classical_03,classical,time_stretch,-5.0,0.998272,0.902038,0.858321,0.829734,0.894881617641426,0.89709125
classical_03::time_stretch::+5pct,classical_03,classical,time_stretch,5.0,0.997052,0.887516,0.796007,0.823327,0.8726614899388113,0.8759755
classical_03::time_stretch::+10pct,classical_03,classical,time_stretch,10.0,0.995176,0.89404,0.781351,0.828741,0.8712252631565703,0.874827
classical_03::time_stretch::+20pct,classical_03,classical,time_stretch,20.0,0.986146,0.849383,0.769112,0.802008,0.8478192389225835,0.85166225
classical_03::lowpass::lp8000,classical_03,classical,lowpass,8000.0,1.0,0.98702,0.999866,0.844438,0.9554520146207086,0.957831
classical_03::lowpass::lp4000,classical_03,classical,lowpass,4000.0,1.0,0.981225,0.99984,0.853351,0.9565478578628593,0.958604
classical_03::lowpass::lp2000,classical_03,classical,lowpass,2000.0,1.0,0.956241,0.999435,0.858405,0.9517076020672114,0.95352025
classical_03::distortion::drv4,classical_03,classical,distortion,4.0,1.0,0.963298,0.998158,0.83188,0.9457038529137674,0.948334
classical_03::distortion::drv12,classical_03,classical,distortion,12.0,0.999997,0.820762,0.992398,0.807928,0.9006760603891003,0.90527125
classical_03::distortion::drv32,classical_03,classical,distortion,32.0,0.999737,0.639981,0.892112,0.721117,0.8009759760685343,0.81323675
classical_03::style_swap::swap_cross,classical_03,classical,style_swap,nan,0.876701,0.36371,0.767467,0.589374,0.6162605353580997,0.649313
classical_03::style_swap::swap_same,classical_03,classical,style_swap,nan,0.791802,0.405002,0.900867,0.664596,0.6619467297408992,0.69056675
classical_04::control::ctrl,classical_04,classical,control,0.0,1.0,1.0,1.0,0.770551,0.9369153344785089,0.94263775
classical_04::pitch_shift::-4st,classical_04,classical,pitch_shift,-4.0,0.901489,0.521403,0.984482,0.643491,0.7387050256168435,0.76271625
classical_04::pitch_shift::-2st,classical_04,classical,pitch_shift,-2.0,0.902143,0.678577,0.987468,0.719199,0.8120105207078336,0.82184675
classical_04::pitch_shift::-1st,classical_04,classical,pitch_shift,-1.0,0.887219,0.788843,0.989224,0.77639,0.8562468697299954,0.860419
classical_04::pitch_shift::+1st,classical_04,classical,pitch_shift,1.0,0.877595,0.80129,0.986898,0.744842,0.8479203772559265,0.85265625
classical_04::pitch_shift::+2st,classical_04,classical,pitch_shift,2.0,0.905721,0.680111,0.982468,0.791483,0.8319238219440023,0.83994575
classical_04::pitch_shift::+4st,classical_04,classical,pitch_shift,4.0,0.908542,0.550581,0.97458,0.721649,0.7701537500422684,0.7888379999999999
classical_04::time_stretch::-20pct,classical_04,classical,time_stretch,-20.0,0.99867,0.886804,0.68228,0.767258,0.8251604962198318,0.833753
classical_04::time_stretch::-10pct,classical_04,classical,time_stretch,-10.0,0.999432,0.906711,0.743844,0.772562,0.8494920825961816,0.85563725
classical_04::time_stretch::-5pct,classical_04,classical,time_stretch,-5.0,0.999685,0.907272,0.799026,0.776949,0.8662405837635706,0.870733
classical_04::time_stretch::+5pct,classical_04,classical,time_stretch,5.0,0.999197,0.887242,0.829843,0.784653,0.8716491219480681,0.87523375
classical_04::time_stretch::+10pct,classical_04,classical,time_stretch,10.0,0.99876,0.879805,0.671739,0.792519,0.8270170309810331,0.83570575
classical_04::time_stretch::+20pct,classical_04,classical,time_stretch,20.0,0.997952,0.873481,0.675817,0.753843,0.8163347489463001,0.82527325
classical_04::lowpass::lp8000,classical_04,classical,lowpass,8000.0,0.999962,0.494824,0.956801,0.78058,0.7796834631738009,0.80804175
classical_04::lowpass::lp4000,classical_04,classical,lowpass,4000.0,0.999988,0.451422,0.946613,0.694652,0.738123981949019,0.77316875
classical_04::lowpass::lp2000,classical_04,classical,lowpass,2000.0,0.999784,0.424381,0.776986,0.695091,0.6918775569816379,0.7240605
classical_04::distortion::drv4,classical_04,classical,distortion,4.0,0.998683,0.915623,0.998689,0.760515,0.9128945205246571,0.9183775000000001
classical_04::distortion::drv12,classical_04,classical,distortion,12.0,0.999733,0.727059,0.99052,0.740661,0.8545433565664015,0.86449325
classical_04::distortion::drv32,classical_04,classical,distortion,32.0,0.997847,0.596923,0.933518,0.657715,0.7776526888652187,0.79650075
classical_04::style_swap::swap_cross,classical_04,classical,style_swap,nan,0.718854,0.437217,0.680686,0.598123,0.5980930608907536,0.60872
classical_04::style_swap::swap_same,classical_04,classical,style_swap,nan,0.865958,0.423247,0.690671,0.636853,0.6336512330746548,0.65418225
classical_05::control::ctrl,classical_05,classical,control,0.0,1.0,1.0,1.0,0.863103,0.9638637707762066,0.9657757499999999
classical_05::pitch_shift::-4st,classical_05,classical,pitch_shift,-4.0,0.821281,0.543714,0.987096,0.696754,0.7444324373955193,0.76221125
classical_05::pitch_shift::-2st,classical_05,classical,pitch_shift,-2.0,0.930625,0.682357,0.991845,0.812404,0.8457666514051517,0.85430775
classical_05::pitch_shift::-1st,classical_05,classical,pitch_shift,-1.0,0.779984,0.785097,0.99359,0.655161,0.794586286083656,0.803458
classical_05::pitch_shift::+1st,classical_05,classical,pitch_shift,1.0,0.784711,0.799547,0.991536,0.781985,0.8351513010342123,0.83944475
classical_05::pitch_shift::+2st,classical_05,classical,pitch_shift,2.0,0.917062,0.677257,0.987259,0.756069,0.8251562309028788,0.83441175
classical_05::pitch_shift::+4st,classical_05,classical,pitch_shift,4.0,0.813794,0.55841,0.972983,0.606838,0.7197164395163288,0.73800625
classical_05::time_stretch::-20pct,classical_05,classical,time_stretch,-20.0,0.994883,0.833714,0.518475,0.848184,0.7771444504620941,0.798814
classical_05::time_stretch::-10pct,classical_05,classical,time_stretch,-10.0,0.997262,0.893617,0.612751,0.847492,0.8247932199275005,0.8377805
classical_05::time_stretch::-5pct,classical_05,classical,time_stretch,-5.0,0.998358,0.917155,0.69714,0.86115,0.8610571197376021,0.86845075
classical_05::time_stretch::+5pct,classical_05,classical,time_stretch,5.0,0.997766,0.918096,0.699806,0.870052,0.8641913537133734,0.87143
classical_05::time_stretch::+10pct,classical_05,classical,time_stretch,10.0,0.997508,0.900887,0.634461,0.846979,0.833616055045736,0.84495875
classical_05::time_stretch::+20pct,classical_05,classical,time_stretch,20.0,0.99558,0.881636,0.540175,0.863696,0.7999543732634257,0.82027175
classical_05::lowpass::lp8000,classical_05,classical,lowpass,8000.0,0.999994,0.555207,0.997365,0.864897,0.8318934606560272,0.85436575
classical_05::lowpass::lp4000,classical_05,classical,lowpass,4000.0,0.999994,0.424309,0.988053,0.801758,0.761422656420504,0.8035285
classical_05::lowpass::lp2000,classical_05,classical,lowpass,2000.0,0.999981,0.420024,0.975184,0.811394,0.7592696729652665,0.80164575
classical_05::distortion::drv4,classical_05,classical,distortion,4.0,0.999044,0.611597,0.988816,0.759743,0.823110304594162,0.8398
classical_05::distortion::drv12,classical_05,classical,distortion,12.0,0.995044,0.453771,0.9635,0.639261,0.726193300183818,0.762894
classical_05::distortion::drv32,classical_05,classical,distortion,32.0,0.992742,0.462087,0.937098,0.596926,0.7117318702606806,0.7472132499999999
classical_05::style_swap::swap_cross,classical_05,classical,style_swap,nan,0.834885,0.443612,0.69714,0.592101,0.6252971297065464,0.6419345
classical_05::style_swap::swap_same,classical_05,classical,style_swap,nan,0.942535,0.470888,0.63049,0.628517,0.6475936554207556,0.6681075
classical_06::control::ctrl,classical_06,classical,control,0.0,1.0,1.0,1.0,0.683052,0.909103734546767,0.920763
classical_06::pitch_shift::-4st,classical_06,classical,pitch_shift,-4.0,0.733397,0.711626,0.939725,0.669314,0.7569294566367686,0.7635155
classical_06::pitch_shift::-2st,classical_06,classical,pitch_shift,-2.0,0.823548,0.805637,0.991601,0.685565,0.8195085302745508,0.82658775
classical_06::pitch_shift::-1st,classical_06,classical,pitch_shift,-1.0,0.731105,0.846515,0.925951,0.715078,0.8000902139234477,0.80466225
classical_06::pitch_shift::+1st,classical_06,classical,pitch_shift,1.0,0.770905,0.868857,0.992582,0.738644,0.8371199347424721,0.8427469999999999
classical_06::pitch_shift::+2st,classical_06,classical,pitch_shift,2.0,0.851748,0.789879,0.964994,0.662846,0.8099388587126238,0.81736675
classical_06::pitch_shift::+4st,classical_06,classical,pitch_shift,4.0,0.755599,0.653797,0.962346,0.723759,0.7658873213267866,0.77387525
classical_06::time_stretch::-20pct,classical_06,classical,time_stretch,-20.0,0.988113,0.686575,0.852273,0.652644,0.7837678045513267,0.79490125
classical_06::time_stretch::-10pct,classical_06,classical,time_stretch,-10.0,0.993382,0.845399,0.902407,0.689541,0.8502274876508745,0.85768225
classical_06::time_stretch::-5pct,classical_06,classical,time_stretch,-5.0,0.998471,0.87979,0.930706,0.724054,0.8771512506346721,0.8832552499999999
classical_06::time_stretch::+5pct,classical_06,classical,time_stretch,5.0,0.996704,0.870391,0.930276,0.695743,0.8656360084965026,0.8732785000000001
classical_06::time_stretch::+10pct,classical_06,classical,time_stretch,10.0,0.991961,0.896454,0.864233,0.689626,0.8532312824502003,0.8605685
classical_06::time_stretch::+20pct,classical_06,classical,time_stretch,20.0,0.98738,0.842828,0.910583,0.667647,0.8433783151128447,0.8521095000000001
classical_06::lowpass::lp8000,classical_06,classical,lowpass,8000.0,0.999344,0.847287,0.999466,0.695906,0.8760240706870143,0.8855007500000001
classical_06::lowpass::lp4000,classical_06,classical,lowpass,4000.0,0.998589,0.628359,0.997548,0.649627,0.7985426592213616,0.81853075
classical_06::lowpass::lp2000,classical_06,classical,lowpass,2000.0,0.99923,0.529815,0.993118,0.605904,0.7512744112280197,0.7820167499999999
classical_06::distortion::drv4,classical_06,classical,distortion,4.0,0.999532,0.849352,0.985212,0.68082,0.8686835623204974,0.878729
classical_06::distortion::drv12,classical_06,classical,distortion,12.0,0.994831,0.64884,0.949693,0.540312,0.7586276959691521,0.783419
classical_06::distortion::drv32,classical_06,classical,distortion,32.0,0.989607,0.587683,0.942812,0.44367,0.7023001528745039,0.740943
classical_06::style_swap::swap_cross,classical_06,classical,style_swap,nan,0.860518,0.472724,0.758397,0.549085,0.6415432638453409,0.660181
classical_06::style_swap::swap_same,classical_06,classical,style_swap,nan,0.818979,0.522514,0.856777,0.706083,0.7133021991297437,0.72608825
classical_07::control::ctrl,classical_07,classical,control,0.0,1.0,1.0,1.0,0.726878,0.9233479325986708,0.9317195
classical_07::pitch_shift::-4st,classical_07,classical,pitch_shift,-4.0,0.757175,0.546959,0.992101,0.634361,0.7145141772300527,0.732649
classical_07::pitch_shift::-2st,classical_07,classical,pitch_shift,-2.0,0.520225,0.674968,0.997295,0.662274,0.6939591995614112,0.7136905
classical_07::pitch_shift::-1st,classical_07,classical,pitch_shift,-1.0,0.613044,0.808133,0.998693,0.697808,0.766541389164768,0.7794195
classical_07::pitch_shift::+1st,classical_07,classical,pitch_shift,1.0,0.608593,0.789392,0.979729,0.702007,0.7581703038693763,0.76993025
classical_07::pitch_shift::+2st,classical_07,classical,pitch_shift,2.0,0.502196,0.669624,0.975705,0.631703,0.6747360781250252,0.694807
classical_07::pitch_shift::+4st,classical_07,classical,pitch_shift,4.0,0.74198,0.536072,0.967433,0.654416,0.7083901802496927,0.72497525
classical_07::time_stretch::-20pct,classical_07,classical,time_stretch,-20.0,0.98842,0.817409,0.735008,0.739775,0.8141288858634521,0.820153
classical_07::time_stretch::-10pct,classical_07,classical,time_stretch,-10.0,0.999356,0.893115,0.779965,0.758826,0.8525330639711245,0.8578155000000001
classical_07::time_stretch::-5pct,classical_07,classical,time_stretch,-5.0,0.999388,0.928266,0.79643,0.742898,0.8607377359919832,0.8667455
classical_07::time_stretch::+5pct,classical_07,classical,time_stretch,5.0,0.998837,0.893304,0.819091,0.742265,0.8582153128867708,0.86337425
classical_07::time_stretch::+10pct,classical_07,classical,time_stretch,10.0,0.9976,0.865128,0.775159,0.709497,0.8300314372455238,0.836846
classical_07::time_stretch::+20pct,classical_07,classical,time_stretch,20.0,0.994553,0.84689,0.725658,0.726809,0.8163977612873689,0.8234775000000001
classical_07::lowpass::lp8000,classical_07,classical,lowpass,8000.0,1.0,0.887377,0.999931,0.73848,0.8997134950993672,0.906447
classical_07::lowpass::lp4000,classical_07,classical,lowpass,4000.0,0.999998,0.67577,0.999563,0.746205,0.8425905644314555,0.855384
classical_07::lowpass::lp2000,classical_07,classical,lowpass,2000.0,0.999805,0.529654,0.997893,0.685526,0.7758073092442036,0.8032195
classical_07::distortion::drv4,classical_07,classical,distortion,4.0,0.999685,0.830664,0.999399,0.732884,0.8831117820327816,0.890658
classical_07::distortion::drv12,classical_07,classical,distortion,12.0,0.997603,0.688581,0.997957,0.681682,0.8268021726906436,0.84145575
classical_07::distortion::drv32,classical_07,classical,distortion,32.0,0.9914,0.60047,0.995059,0.579242,0.7653538591871041,0.79154275
classical_07::style_swap::swap_cross,classical_07,classical,style_swap,nan,0.561467,0.441637,0.729005,0.65258,0.5860551522888343,0.5961722500000001
classical_07::style_swap::swap_same,classical_07,classical,style_swap,nan,0.900928,0.479528,0.776503,0.634711,0.6792909124621049,0.6979175
classical_08::control::ctrl,classical_08,classical,control,0.0,1.0,1.0,1.0,0.850615,0.9603582227482641,0.96265375
classical_08::pitch_shift::-4st,classical_08,classical,pitch_shift,-4.0,0.66046,0.515426,0.969699,0.704359,0.6944020025118262,0.712486
classical_08::pitch_shift::-2st,classical_08,classical,pitch_shift,-2.0,0.587729,0.626776,0.971708,0.705016,0.7087711923946928,0.72280725
classical_08::pitch_shift::-1st,classical_08,classical,pitch_shift,-1.0,0.622255,0.743194,0.973409,0.794787,0.773400013858315,0.78341125
classical_08::pitch_shift::+1st,classical_08,classical,pitch_shift,1.0,0.638413,0.712939,0.992423,0.807888,0.7772317230020164,0.78791575
classical_08::pitch_shift::+2st,classical_08,classical,pitch_shift,2.0,0.581312,0.619846,0.981159,0.766917,0.721597819077252,0.7373085
classical_08::pitch_shift::+4st,classical_08,classical,pitch_shift,4.0,0.646051,0.47619,0.978834,0.785706,0.6974354967070587,0.72169525
classical_08::time_stretch::-20pct,classical_08,classical,time_stretch,-20.0,0.993109,0.817406,0.907803,0.828568,0.8839722409681755,0.8867214999999999
classical_08::time_stretch::-10pct,classical_08,classical,time_stretch,-10.0,0.998668,0.874913,0.909187,0.829006,0.9008432395997767,0.9029435
classical_08::time_stretch::-5pct,classical_08,classical,time_stretch,-5.0,0.998693,0.835193,0.933775,0.844979,0.9006929272019315,0.90316
classical_08::time_stretch::+5pct,classical_08,classical,time_stretch,5.0,0.998583,0.864724,0.94635,0.832922,0.9083002844660161,0.91064475
classical_08::time_stretch::+10pct,classical_08,classical,time_stretch,10.0,0.998933,0.888601,0.931891,0.814033,0.9058631050921812,0.9083645
classical_08::time_stretch::+20pct,classical_08,classical,time_stretch,20.0,0.997636,0.866634,0.908052,0.785418,0.8861451223037322,0.889435
classical_08::lowpass::lp8000,classical_08,classical,lowpass,8000.0,0.999998,0.958807,0.999964,0.852992,0.9509658310038981,0.9529402499999999
classical_08::lowpass::lp4000,classical_08,classical,lowpass,4000.0,0.999966,0.949258,0.999725,0.862291,0.9510995503906293,0.95281
classical_08::lowpass::lp2000,classical_08,classical,lowpass,2000.0,0.999991,0.464655,0.978765,0.809842,0.7790249342339309,0.81331325
classical_08::distortion::drv4,classical_08,classical,distortion,4.0,0.99872,0.57373,0.982073,0.786626,0.8156725433909415,0.83528725
classical_08::distortion::drv12,classical_08,classical,distortion,12.0,0.984657,0.414515,0.972302,0.548975,0.6831950994758162,0.73011225
classical_08::distortion::drv32,classical_08,classical,distortion,32.0,0.967876,0.408195,0.979023,0.435135,0.6405102415708755,0.69755725
classical_08::style_swap::swap_cross,classical_08,classical,style_swap,nan,0.809106,0.416323,0.888808,0.604412,0.6522201542849514,0.67966225
classical_08::style_swap::swap_same,classical_08,classical,style_swap,nan,0.809079,0.380344,0.901233,0.667203,0.6558667942725434,0.68946475
classical_09::control::ctrl,classical_09,classical,control,0.0,1.0,1.0,1.0,0.779827,0.9397223734901562,0.94495675
classical_09::pitch_shift::-4st,classical_09,classical,pitch_shift,-4.0,0.847713,0.620719,0.993877,0.656669,0.7655186212386756,0.7797445000000001
classical_09::pitch_shift::-2st,classical_09,classical,pitch_shift,-2.0,0.849058,0.72651,0.998212,0.696997,0.8093906115425146,0.81769425
classical_09::pitch_shift::-1st,classical_09,classical,pitch_shift,-1.0,0.806724,0.815524,0.999183,0.706485,0.8255196710438453,0.831979
classical_09::pitch_shift::+1st,classical_09,classical,pitch_shift,1.0,0.798944,0.796562,0.998335,0.687986,0.8131074785087679,0.82045675
classical_09::pitch_shift::+2st,classical_09,classical,pitch_shift,2.0,0.834423,0.709868,0.985911,0.690775,0.7969563719498242,0.80524425
classical_09::pitch_shift::+4st,classical_09,classical,pitch_shift,4.0,0.827298,0.589129,0.978968,0.649953,0.7462437488726258,0.7613369999999999
classical_09::time_stretch::-20pct,classical_09,classical,time_stretch,-20.0,0.990638,0.873388,0.830196,0.755334,0.8582433926221223,0.8623890000000001
classical_09::time_stretch::-10pct,classical_09,classical,time_stretch,-10.0,0.995782,0.889421,0.863167,0.777369,0.8780079014404785,0.8814347499999999
classical_09::time_stretch::-5pct,classical_09,classical,time_stretch,-5.0,0.99833,0.891746,0.810619,0.801823,0.8721730142467536,0.8756295000000001
classical_09::time_stretch::+5pct,classical_09,classical,time_stretch,5.0,0.999149,0.896342,0.883323,0.82479,0.8987558548629138,0.900901
classical_09::time_stretch::+10pct,classical_09,classical,time_stretch,10.0,0.998608,0.891156,0.860268,0.788904,0.8815595930157011,0.884734
classical_09::time_stretch::+20pct,classical_09,classical,time_stretch,20.0,0.995915,0.855669,0.832581,0.808019,0.870149820942607,0.873046
classical_09::lowpass::lp8000,classical_09,classical,lowpass,8000.0,1.0,0.849612,0.999888,0.781847,0.9027623575973828,0.90783675
classical_09::lowpass::lp4000,classical_09,classical,lowpass,4000.0,0.999999,0.586038,0.988682,0.815542,0.8291003064099997,0.8475652499999999
classical_09::lowpass::lp2000,classical_09,classical,lowpass,2000.0,0.99994,0.479378,0.987621,0.73121,0.7670454881061202,0.79953725
classical_09::distortion::drv4,classical_09,classical,distortion,4.0,0.999633,0.807796,0.999539,0.695301,0.865523213578128,0.87556725
classical_09::distortion::drv12,classical_09,classical,distortion,12.0,0.996819,0.633971,0.998562,0.655388,0.8019361754063464,0.8211849999999999
classical_09::distortion::drv32,classical_09,classical,distortion,32.0,0.991088,0.52882,0.99644,0.659636,0.7661148807991249,0.7939959999999999
classical_09::style_swap::swap_cross,classical_09,classical,style_swap,nan,0.897722,0.377306,0.883131,0.45371,0.6069595726425876,0.65296725
classical_09::style_swap::swap_same,classical_09,classical,style_swap,nan,0.818171,0.530727,0.816501,0.532988,0.6593216762390501,0.67459675
classical_10::control::ctrl,classical_10,classical,control,0.0,1.0,1.0,1.0,0.847845,0.9595754223559411,0.96196125
classical_10::pitch_shift::-4st,classical_10,classical,pitch_shift,-4.0,0.719206,0.613163,0.996574,0.712668,0.74809458879027,0.76040275
classical_10::pitch_shift::-2st,classical_10,classical,pitch_shift,-2.0,0.685272,0.751577,0.999045,0.717236,0.7794188406953896,0.7882825
classical_10::pitch_shift::-1st,classical_10,classical,pitch_shift,-1.0,0.599706,0.837534,0.999695,0.72206,0.775970858774603,0.78974875
classical_10::pitch_shift::+1st,classical_10,classical,pitch_shift,1.0,0.594883,0.857373,0.999183,0.713025,0.77640404378492,0.791116
classical_10::pitch_shift::+2st,classical_10,classical,pitch_shift,2.0,0.662733,0.773572,0.99803,0.747478,0.786403318074805,0.79545325
classical_10::pitch_shift::+4st,classical_10,classical,pitch_shift,4.0,0.728674,0.641806,0.994788,0.713927,0.7591548095026911,0.76979875
classical_10::time_stretch::-20pct,classical_10,classical,time_stretch,-20.0,0.988434,0.828269,0.928726,0.817851,0.8880148306937488,0.8908200000000001
classical_10::time_stretch::-10pct,classical_10,classical,time_stretch,-10.0,0.995007,0.872862,0.919239,0.813256,0.8976496381909331,0.900091
classical_10::time_stretch::-5pct,classical_10,classical,time_stretch,-5.0,0.998621,0.921471,0.936839,0.82288,0.9177427425748008,0.91995275
classical_10::time_stretch::+5pct,classical_10,classical,time_stretch,5.0,0.998283,0.933263,0.936183,0.810532,0.9169531778276114,0.91956525
classical_10::time_stretch::+10pct,classical_10,classical,time_stretch,10.0,0.996293,0.89694,0.916669,0.809239,0.9023186941674308,0.90478525
classical_10::time_stretch::+20pct,classical_10,classical,time_stretch,20.0,0.993261,0.850016,0.904104,0.805037,0.8853830000738254,0.8881045
classical_10::lowpass::lp8000,classical_10,classical,lowpass,8000.0,1.0,0.870783,0.999954,0.847845,0.926939964233056,0.9296455
classical_10::lowpass::lp4000,classical_10,classical,lowpass,4000.0,0.999993,0.65228,0.999774,0.818312,0.8546985066859986,0.86758975
classical_10::lowpass::lp2000,classical_10,classical,lowpass,2000.0,0.999819,0.536521,0.999236,0.778836,0.8038139707303638,0.828603
classical_10::distortion::drv4,classical_10,classical,distortion,4.0,0.999561,0.723807,0.999312,0.790945,0.8696006732754987,0.87840625
classical_10::distortion::drv12,classical_10,classical,distortion,12.0,0.994965,0.593012,0.998199,0.698214,0.8007911081263187,0.8210975
classical_10::distortion::drv32,classical_10,classical,distortion,32.0,0.986273,0.550735,0.994871,0.627654,0.7631444031854988,0.7898832499999999
classical_10::style_swap::swap_cross,classical_10,classical,style_swap,nan,0.647722,0.481486,0.954542,0.613361,0.6536885502827563,0.67427775
classical_10::style_swap::swap_same,classical_10,classical,style_swap,nan,0.904747,0.493142,0.904104,0.749234,0.7414532155362719,0.76280675
classical_11::control::ctrl,classical_11,classical,control,0.0,1.0,1.0,1.0,0.814832,0.9500949704495606,0.953708
classical_11::pitch_shift::-4st,classical_11,classical,pitch_shift,-4.0,0.644511,0.61685,0.957136,0.693205,0.716656938930628,0.7279255
classical_11::pitch_shift::-2st,classical_11,classical,pitch_shift,-2.0,0.657321,0.682686,0.97537,0.737841,0.7538460620049788,0.7633045
classical_11::pitch_shift::-1st,classical_11,classical,pitch_shift,-1.0,0.60803,0.790021,0.994911,0.680746,0.7552369740813488,0.768427
classical_11::pitch_shift::+1st,classical_11,classical,pitch_shift,1.0,0.643258,0.77334,0.959968,0.717246,0.7650153341636933,0.7734530000000001
classical_11::pitch_shift::+2st,classical_11,classical,pitch_shift,2.0,0.649718,0.677095,0.958427,0.677674,0.7311198786409889,0.7407285
classical_11::pitch_shift::+4st,classical_11,classical,pitch_shift,4.0,0.744317,0.585759,0.97227,0.698332,0.7376178779106661,0.7501694999999999
classical_11::time_stretch::-20pct,classical_11,classical,time_stretch,-20.0,0.994829,0.797909,0.855345,0.821871,0.8642943908565951,0.8674885
classical_11::time_stretch::-10pct,classical_11,classical,time_stretch,-10.0,0.999187,0.868288,0.877872,0.789547,0.8806025520480357,0.8837235
classical_11::time_stretch::-5pct,classical_11,classical,time_stretch,-5.0,0.998641,0.88302,0.877096,0.79492,0.8854980756645453,0.88841925
classical_11::time_stretch::+5pct,classical_11,classical,time_stretch,5.0,0.999501,0.870562,0.875965,0.805688,0.8852361630244083,0.887929
classical_11::time_stretch::+10pct,classical_11,classical,time_stretch,10.0,0.999293,0.854816,0.845234,0.793056,0.8698844657103655,0.87309975
classical_11::time_stretch::+20pct,classical_11,classical,time_stretch,20.0,0.994507,0.840781,0.814446,0.815709,0.8633205336216939,0.86636075
classical_11::lowpass::lp8000,classical_11,classical,lowpass,8000.0,1.0,0.994814,0.999996,0.810969,0.9477332141578799,0.9514447500000001
classical_11::lowpass::lp4000,classical_11,classical,lowpass,4000.0,1.0,0.824766,0.999765,0.813819,0.905084496518391,0.9095875
classical_11::lowpass::lp2000,classical_11,classical,lowpass,2000.0,0.999993,0.595429,0.980281,0.81431,0.8303129739903276,0.8475032499999999
classical_11::distortion::drv4,classical_11,classical,distortion,4.0,0.99995,0.879139,0.981273,0.793296,0.9095262466626495,0.9134145
classical_11::distortion::drv12,classical_11,classical,distortion,12.0,0.998639,0.680253,0.978224,0.760774,0.8432245474665638,0.8544725
classical_11::distortion::drv32,classical_11,classical,distortion,32.0,0.992478,0.554524,0.97551,0.691308,0.7805237745452323,0.803455
classical_11::style_swap::swap_cross,classical_11,classical,style_swap,nan,0.885847,0.394578,0.790835,0.573354,0.6309574586203179,0.6611535
classical_11::style_swap::swap_same,classical_11,classical,style_swap,nan,0.759333,0.423632,0.821259,0.586973,0.6275232551091743,0.64779925
classical_12::control::ctrl,classical_12,classical,control,0.0,1.0,1.0,1.0,0.828252,0.9539829729358114,0.957063
classical_12::pitch_shift::-4st,classical_12,classical,pitch_shift,-4.0,0.743455,0.57237,0.990987,0.795541,0.7610540797279436,0.77558825
classical_12::pitch_shift::-2st,classical_12,classical,pitch_shift,-2.0,0.758042,0.700802,0.992392,0.811631,0.8087841294069722,0.81571675
classical_12::pitch_shift::-1st,classical_12,classical,pitch_shift,-1.0,0.83163,0.763924,0.992558,0.811276,0.8457192307912849,0.849847
classical_12::pitch_shift::+1st,classical_12,classical,pitch_shift,1.0,0.824582,0.78472,0.980745,0.812198,0.8473086646286725,0.8505612499999999
classical_12::pitch_shift::+2st,classical_12,classical,pitch_shift,2.0,0.757663,0.701448,0.980585,0.796916,0.8027722252733893,0.809153
classical_12::pitch_shift::+4st,classical_12,classical,pitch_shift,4.0,0.732591,0.589121,0.991232,0.810486,0.7673557090851348,0.7808575
classical_12::time_stretch::-20pct,classical_12,classical,time_stretch,-20.0,0.990562,0.797208,0.933233,0.819834,0.8816421218932144,0.88520925
classical_12::time_stretch::-10pct,classical_12,classical,time_stretch,-10.0,0.998019,0.847277,0.931675,0.83058,0.899399277781997,0.90188775
classical_12::time_stretch::-5pct,classical_12,classical,time_stretch,-5.0,0.998018,0.823914,0.931651,0.822312,0.890897078513619,0.89397375
classical_12::time_stretch::+5pct,classical_12,classical,time_stretch,5.0,0.999421,0.817878,0.92275,0.825798,0.8883798908286075,0.8914617499999999
classical_12::time_stretch::+10pct,classical_12,classical,time_stretch,10.0,0.998317,0.853546,0.903186,0.812041,0.8891246241686768,0.8917725000000001
classical_12::time_stretch::+20pct,classical_12,classical,time_stretch,20.0,0.996667,0.842452,0.937447,0.808464,0.893152593249643,0.8962574999999999
classical_12::lowpass::lp8000,classical_12,classical,lowpass,8000.0,1.0,0.813923,0.999443,0.831197,0.9067996204410521,0.9111407499999999
classical_12::lowpass::lp4000,classical_12,classical,lowpass,4000.0,0.999999,0.509593,0.997705,0.803243,0.7994071519774237,0.827635
classical_12::lowpass::lp2000,classical_12,classical,lowpass,2000.0,0.999363,0.414133,0.98257,0.783656,0.7513426061835461,0.7949305
classical_12::distortion::drv4,classical_12,classical,distortion,4.0,0.999485,0.911366,0.99945,0.819492,0.9293808583613133,0.93244825
classical_12::distortion::drv12,classical_12,classical,distortion,12.0,0.997929,0.706351,0.994833,0.816432,0.8698564784788694,0.87888625
classical_12::distortion::drv32,classical_12,classical,distortion,32.0,0.995035,0.5538,0.972473,0.715885,0.7870059774122892,0.80929825
classical_12::style_swap::swap_cross,classical_12,classical,style_swap,nan,0.970511,0.410347,0.9129,0.533101,0.663507913985738,0.7067147500000001
classical_12::style_swap::swap_same,classical_12,classical,style_swap,nan,0.654856,0.48404,0.888062,0.59213,0.6389573258583652,0.654772
classical_13::control::ctrl,classical_13,classical,control,0.0,1.0,1.0,1.0,0.735999,0.9262309867227427,0.93399975
classical_13::pitch_shift::-4st,classical_13,classical,pitch_shift,-4.0,0.841156,0.546658,0.959453,0.684603,0.7413336088123856,0.7579675
classical_13::pitch_shift::-2st,classical_13,classical,pitch_shift,-2.0,0.862278,0.652012,0.941637,0.743706,0.7921308431312621,0.79990825
classical_13::pitch_shift::-1st,classical_13,classical,pitch_shift,-1.0,0.825424,0.750878,0.968598,0.681804,0.7998570854023381,0.806676
classical_13::pitch_shift::+1st,classical_13,classical,pitch_shift,1.0,0.850371,0.74316,0.967456,0.698453,0.80837857418563,0.81486
classical_13::pitch_shift::+2st,classical_13,classical,pitch_shift,2.0,0.878071,0.645527,0.96449,0.716563,0.7911321589409378,0.80116275
classical_13::pitch_shift::+4st,classical_13,classical,pitch_shift,4.0,0.87644,0.52088,0.982057,0.719228,0.7535564450329911,0.77465125
classical_13::time_stretch::-20pct,classical_13,classical,time_stretch,-20.0,0.987907,0.772055,0.823149,0.718604,0.8195644218553036,0.82542875
classical_13::time_stretch::-10pct,classical_13,classical,time_stretch,-10.0,0.998938,0.803849,0.789457,0.710156,0.8191224192256064,0.8256
classical_13::time_stretch::-5pct,classical_13,classical,time_stretch,-5.0,0.997454,0.817455,0.875331,0.717547,0.845950299092609,0.85194675
classical_13::time_stretch::+5pct,classical_13,classical,time_stretch,5.0,0.999296,0.793227,0.845986,0.740836,0.8395454705782577,0.84483625
classical_13::time_stretch::+10pct,classical_13,classical,time_stretch,10.0,0.993953,0.805061,0.846581,0.734197,0.839786598972921,0.844948
classical_13::time_stretch::+20pct,classical_13,classical,time_stretch,20.0,0.994975,0.77802,0.803953,0.72461,0.8194726779383151,0.8253895
classical_13::lowpass::lp8000,classical_13,classical,lowpass,8000.0,1.0,0.803034,0.948103,0.733399,0.8644351975692965,0.8711340000000001
classical_13::lowpass::lp4000,classical_13,classical,lowpass,4000.0,0.999998,0.652772,0.947634,0.7489,0.825004425977858,0.837326
classical_13::lowpass::lp2000,classical_13,classical,lowpass,2000.0,0.999967,0.484744,0.99823,0.696788,0.7620041694296428,0.79493225
classical_13::distortion::drv4,classical_13,classical,distortion,4.0,0.999999,0.977888,0.948413,0.746211,0.912088451454012,0.91812775
classical_13::distortion::drv12,classical_13,classical,distortion,12.0,0.999983,0.874878,0.948076,0.735154,0.8836705824922854,0.88952275
classical_13::distortion::drv32,classical_13,classical,distortion,32.0,0.999935,0.69862,0.94636,0.727989,0.8329108015940251,0.843226
classical_13::style_swap::swap_cross,classical_13,classical,style_swap,nan,0.93863,0.407658,0.735857,0.553928,0.628433439340472,0.65901825
classical_13::style_swap::swap_same,classical_13,classical,style_swap,nan,0.850502,0.408575,0.846581,0.703039,0.6743708133656401,0.70217425
classical_14::control::ctrl,classical_14,classical,control,0.0,1.0,1.0,1.0,0.853792,0.9612536907435493,0.963448
classical_14::pitch_shift::-4st,classical_14,classical,pitch_shift,-4.0,0.707828,0.578009,0.943716,0.777447,0.740190679822077,0.75175
classical_14::pitch_shift::-2st,classical_14,classical,pitch_shift,-2.0,0.827862,0.711363,0.949087,0.81957,0.8226883069449736,0.8269705
classical_14::pitch_shift::-1st,classical_14,classical,pitch_shift,-1.0,0.691517,0.815142,0.996563,0.84126,0.8291207469602868,0.8361205
classical_14::pitch_shift::+1st,classical_14,classical,pitch_shift,1.0,0.706686,0.814737,0.970512,0.822655,0.8234090664194029,0.8286475
classical_14::pitch_shift::+2st,classical_14,classical,pitch_shift,2.0,0.834355,0.714599,0.970265,0.838165,0.834465317565103,0.839346
classical_14::pitch_shift::+4st,classical_14,classical,pitch_shift,4.0,0.717731,0.575861,0.965025,0.778419,0.7464622352604199,0.759259
classical_14::time_stretch::-20pct,classical_14,classical,time_stretch,-20.0,0.99348,0.818313,0.707226,0.836961,0.8328858901584646,0.8389949999999999
classical_14::time_stretch::-10pct,classical_14,classical,time_stretch,-10.0,0.997792,0.894334,0.770482,0.842501,0.8724050489948595,0.87627725
classical_14::time_stretch::-5pct,classical_14,classical,time_stretch,-5.0,0.998505,0.904537,0.78324,0.842213,0.8785638811827959,0.88212375
classical_14::time_stretch::+5pct,classical_14,classical,time_stretch,5.0,0.998342,0.887296,0.825731,0.859581,0.8904679968230277,0.8927375
classical_14::time_stretch::+10pct,classical_14,classical,time_stretch,10.0,0.99714,0.89474,0.806057,0.864695,0.8880152483968897,0.890658
classical_14::time_stretch::+20pct,classical_14,classical,time_stretch,20.0,0.989512,0.837994,0.828852,0.842746,0.8723864591778852,0.874776
classical_14::lowpass::lp8000,classical_14,classical,lowpass,8000.0,1.0,0.984898,0.999993,0.853182,0.9574309776436715,0.95951825
classical_14::lowpass::lp4000,classical_14,classical,lowpass,4000.0,1.0,0.941419,0.99991,0.849606,0.9456716298765933,0.94773375
classical_14::lowpass::lp2000,classical_14,classical,lowpass,2000.0,0.999999,0.586041,0.998457,0.858661,0.8419177535627737,0.8607895
classical_14::distortion::drv4,classical_14,classical,distortion,4.0,0.999914,0.742817,0.996099,0.755639,0.8646997592140591,0.8736172499999999
classical_14::distortion::drv12,classical_14,classical,distortion,12.0,0.998442,0.574651,0.988334,0.570335,0.7541195367206025,0.7829405
classical_14::distortion::drv32,classical_14,classical,distortion,32.0,0.99225,0.502599,0.982553,0.488518,0.6994711733770632,0.74148
classical_14::style_swap::swap_cross,classical_14,classical,style_swap,nan,0.872103,0.34507,0.760395,0.592043,0.6066900492756064,0.64240275
classical_14::style_swap::swap_same,classical_14,classical,style_swap,nan,0.825374,0.443807,0.748869,0.514794,0.6130149490209225,0.633211
classical_15::control::ctrl,classical_15,classical,control,0.0,1.0,1.0,1.0,0.757276,0.9328537211825114,0.939319
classical_15::pitch_shift::-4st,classical_15,classical,pitch_shift,-4.0,0.956393,0.512275,0.985627,0.792694,0.786573713114288,0.81174725
classical_15::pitch_shift::-2st,classical_15,classical,pitch_shift,-2.0,0.968809,0.686446,0.996145,0.791384,0.8509197269817049,0.860696
classical_15::pitch_shift::-1st,classical_15,classical,pitch_shift,-1.0,0.985054,0.818368,0.98649,0.757473,0.8809821936714077,0.88684625
classical_15::pitch_shift::+1st,classical_15,classical,pitch_shift,1.0,0.983004,0.815529,0.985582,0.739702,0.8743515063150814,0.8809542499999999
classical_15::pitch_shift::+2st,classical_15,classical,pitch_shift,2.0,0.974903,0.680341,0.994626,0.74399,0.8370063237595806,0.848465
classical_15::pitch_shift::+4st,classical_15,classical,pitch_shift,4.0,0.968333,0.545058,0.983762,0.713189,0.7800824950119005,0.8025855
classical_15::time_stretch::-20pct,classical_15,classical,time_stretch,-20.0,0.998319,0.811425,0.943046,0.745614,0.8687426895413554,0.874601
classical_15::time_stretch::-10pct,classical_15,classical,time_stretch,-10.0,0.999528,0.825324,0.927275,0.776347,0.8778513215688456,0.8821185
classical_15::time_stretch::-5pct,classical_15,classical,time_stretch,-5.0,0.999651,0.87658,0.939828,0.747581,0.8858019852590624,0.89091
classical_15::time_stretch::+5pct,classical_15,classical,time_stretch,5.0,0.998817,0.899563,0.941789,0.773777,0.8995425993795759,0.9034865
classical_15::time_stretch::+10pct,classical_15,classical,time_stretch,10.0,0.997413,0.828615,0.93134,0.787083,0.8822448884699358,0.88611275
classical_15::time_stretch::+20pct,classical_15,classical,time_stretch,20.0,0.996189,0.804427,0.930107,0.78526,0.8746689150415314,0.87899575
classical_15::lowpass::lp8000,classical_15,classical,lowpass,8000.0,0.999872,0.638903,0.999001,0.754992,0.8331475119749816,0.8481920000000001
classical_15::lowpass::lp4000,classical_15,classical,lowpass,4000.0,0.999872,0.577799,0.984907,0.741679,0.8059963958922693,0.8260642499999999
classical_15::lowpass::lp2000,classical_15,classical,lowpass,2000.0,0.999224,0.476938,0.974413,0.708099,0.7572520510807683,0.7896685
classical_15::distortion::drv4,classical_15,classical,distortion,4.0,0.999986,0.995864,0.999988,0.747486,0.9288550595790084,0.935831
classical_15::distortion::drv12,classical_15,classical,distortion,12.0,1.0,0.946748,0.999811,0.743564,0.9159413497667357,0.92253075
classical_15::distortion::drv32,classical_15,classical,distortion,32.0,0.999869,0.806057,0.998657,0.746713,0.8804804756664034,0.887824
classical_15::style_swap::swap_cross,classical_15,classical,style_swap,nan,0.982942,0.408907,0.93134,0.670868,0.7079041242702245,0.7485142499999999
classical_15::style_swap::swap_same,classical_15,classical,style_swap,nan,0.921747,0.440542,0.958623,0.721377,0.7279512514660145,0.7605722500000001
ambient_01::control::ctrl,ambient_01,ambient,control,0.0,1.0,1.0,1.0,0.75281,0.9314753036317099,0.9382025
ambient_01::pitch_shift::-4st,ambient_01,ambient,pitch_shift,-4.0,0.992258,0.53536,0.980833,0.725145,0.7840118259428959,0.808399
ambient_01::pitch_shift::-2st,ambient_01,ambient,pitch_shift,-2.0,0.994315,0.66969,0.983694,0.747035,0.8363724029328622,0.8486834999999999
ambient_01::pitch_shift::-1st,ambient_01,ambient,pitch_shift,-1.0,0.991005,0.792912,0.984659,0.79325,0.8851139650212341,0.8904565
ambient_01::pitch_shift::+1st,ambient_01,ambient,pitch_shift,1.0,0.991134,0.79724,0.995513,0.770594,0.8823654682348261,0.88862025
ambient_01::pitch_shift::+2st,ambient_01,ambient,pitch_shift,2.0,0.995023,0.701998,0.981942,0.760865,0.8499445811668455,0.859957
ambient_01::pitch_shift::+4st,ambient_01,ambient,pitch_shift,4.0,0.991531,0.599204,0.979406,0.762153,0.8160588539811464,0.8330735
ambient_01::time_stretch::-20pct,ambient_01,ambient,time_stretch,-20.0,0.999752,0.828736,0.916876,0.753315,0.8697589904608689,0.87466975
ambient_01::time_stretch::-10pct,ambient_01,ambient,time_stretch,-10.0,0.999647,0.870771,0.909157,0.758625,0.8802462130206555,0.88455
ambient_01::time_stretch::-5pct,ambient_01,ambient,time_stretch,-5.0,0.999419,0.877774,0.931209,0.699749,0.8695207320536135,0.87703775
ambient_01::time_stretch::+5pct,ambient_01,ambient,time_stretch,5.0,0.999428,0.887332,0.915878,0.76295,0.8872435282548986,0.891397
ambient_01::time_stretch::+10pct,ambient_01,ambient,time_stretch,10.0,0.99913,0.892396,0.91084,0.731208,0.8778405955038816,0.8833934999999999
ambient_01::time_stretch::+20pct,ambient_01,ambient,time_stretch,20.0,0.998592,0.816225,0.910857,0.768841,0.8692029218674863,0.87362875
ambient_01::lowpass::lp8000,ambient_01,ambient,lowpass,8000.0,0.999863,0.668602,0.9535,0.740709,0.8289324133524119,0.8406685
ambient_01::lowpass::lp4000,ambient_01,ambient,lowpass,4000.0,0.999991,0.456822,0.95672,0.808642,0.7710296201023725,0.80554375
ambient_01::lowpass::lp2000,ambient_01,ambient,lowpass,2000.0,0.999997,0.407643,0.946946,0.785291,0.7420080724081086,0.78496925
ambient_01::distortion::drv4,ambient_01,ambient,distortion,4.0,0.999206,0.816485,0.997343,0.753267,0.8848082886654226,0.89157525
ambient_01::distortion::drv12,ambient_01,ambient,distortion,12.0,0.999877,0.583774,0.954719,0.681686,0.7850780170836199,0.805014
ambient_01::distortion::drv32,ambient_01,ambient,distortion,32.0,0.999322,0.453171,0.946294,0.653117,0.7273545472501305,0.762976
ambient_01::style_swap::swap_cross,ambient_01,ambient,style_swap,nan,0.922525,0.383363,0.938745,0.679743,0.6892395337476056,0.731094
ambient_01::style_swap::swap_same,ambient_01,ambient,style_swap,nan,0.786444,0.436147,0.900649,0.636998,0.666037348524606,0.6900595
ambient_02::control::ctrl,ambient_02,ambient,control,0.0,1.0,1.0,1.0,0.633565,0.8921703672390513,0.90839125
ambient_02::pitch_shift::-4st,ambient_02,ambient,pitch_shift,-4.0,0.980323,0.674426,0.938547,0.651064,0.7972523372863121,0.81109
ambient_02::pitch_shift::-2st,ambient_02,ambient,pitch_shift,-2.0,0.980424,0.785,0.954996,0.652538,0.8321904692393082,0.8432394999999999
ambient_02::pitch_shift::-1st,ambient_02,ambient,pitch_shift,-1.0,0.984497,0.848135,0.965034,0.64116,0.8478072076106765,0.8597064999999999
ambient_02::pitch_shift::+1st,ambient_02,ambient,pitch_shift,1.0,0.986951,0.84441,0.96113,0.600578,0.8328180475249637,0.84826725
ambient_02::pitch_shift::+2st,ambient_02,ambient,pitch_shift,2.0,0.982582,0.782282,0.95443,0.600848,0.814817242805968,0.8300355
ambient_02::pitch_shift::+4st,ambient_02,ambient,pitch_shift,4.0,0.986783,0.681679,0.946592,0.604126,0.7875406554313719,0.804795
ambient_02::time_stretch::-20pct,ambient_02,ambient,time_stretch,-20.0,0.998218,0.850667,0.462415,0.641743,0.7085075931680774,0.73826075
ambient_02::time_stretch::-10pct,ambient_02,ambient,time_stretch,-10.0,0.997818,0.864146,0.575244,0.640562,0.7507804093970891,0.7694425
ambient_02::time_stretch::-5pct,ambient_02,ambient,time_stretch,-5.0,0.999204,0.885862,0.650862,0.642248,0.7799252455824143,0.794544
ambient_02::time_stretch::+5pct,ambient_02,ambient,time_stretch,5.0,0.99961,0.886728,0.692502,0.635779,0.7903820276239959,0.80365475
ambient_02::time_stretch::+10pct,ambient_02,ambient,time_stretch,10.0,0.998716,0.869981,0.592299,0.659402,0.763239360075091,0.7800995000000001
ambient_02::time_stretch::+20pct,ambient_02,ambient,time_stretch,20.0,0.997597,0.851944,0.499157,0.630502,0.7191549173711028,0.7448
ambient_02::lowpass::lp8000,ambient_02,ambient,lowpass,8000.0,0.996569,0.696463,0.997989,0.653775,0.8203324128248309,0.836199
ambient_02::lowpass::lp4000,ambient_02,ambient,lowpass,4000.0,0.999159,0.462093,0.985293,0.654173,0.7385935347546487,0.7751795
ambient_02::lowpass::lp2000,ambient_02,ambient,lowpass,2000.0,0.999628,0.414113,0.949808,0.587965,0.6934036822123918,0.7378785
ambient_02::distortion::drv4,ambient_02,ambient,distortion,4.0,0.999992,0.885198,0.97968,0.631687,0.8603116079497333,0.87413925
ambient_02::distortion::drv12,ambient_02,ambient,distortion,12.0,0.998867,0.634103,0.93458,0.577185,0.7645391828771116,0.78618375
ambient_02::distortion::drv32,ambient_02,ambient,distortion,32.0,0.999022,0.473899,0.90288,0.449738,0.6621595017490933,0.70638475
ambient_02::style_swap::swap_cross,ambient_02,ambient,style_swap,nan,0.981542,0.450337,0.696749,0.618875,0.6607412990852749,0.68687575
ambient_02::style_swap::swap_same,ambient_02,ambient,style_swap,nan,0.7031,0.438493,0.499157,0.552519,0.5399966137529941,0.54831725
ambient_03::control::ctrl,ambient_03,ambient,control,0.0,1.0,0.90974,0.999968,0.84559,0.9365173073543106,0.9388245
ambient_03::pitch_shift::-4st,ambient_03,ambient,pitch_shift,-4.0,0.967706,0.442899,0.981223,0.670424,0.7286875534286705,0.765563
ambient_03::pitch_shift::-2st,ambient_03,ambient,pitch_shift,-2.0,0.967245,0.615032,0.994189,0.778602,0.8237675282051584,0.838767
ambient_03::pitch_shift::-1st,ambient_03,ambient,pitch_shift,-1.0,0.955971,0.735116,0.996533,0.791583,0.8628736048775106,0.86980075
ambient_03::pitch_shift::+1st,ambient_03,ambient,pitch_shift,1.0,0.962826,0.885593,0.993496,0.769742,0.8986142946531943,0.90291425
ambient_03::pitch_shift::+2st,ambient_03,ambient,pitch_shift,2.0,0.963699,0.803881,0.986747,0.800604,0.8844823800769992,0.88873275
ambient_03::pitch_shift::+4st,ambient_03,ambient,pitch_shift,4.0,0.964306,0.719474,0.96633,0.734867,0.8378013296492168,0.84624425
ambient_03::time_stretch::-20pct,ambient_03,ambient,time_stretch,-20.0,0.996471,0.888764,0.295881,0.836448,0.6842294865479084,0.754391
ambient_03::time_stretch::-10pct,ambient_03,ambient,time_stretch,-10.0,0.998134,0.907147,0.439812,0.846571,0.7619899528202605,0.797916
ambient_03::time_stretch::-5pct,ambient_03,ambient,time_stretch,-5.0,0.998928,0.93838,0.541637,0.826722,0.8049060413846206,0.82641675
ambient_03::time_stretch::+5pct,ambient_03,ambient,time_stretch,5.0,0.999007,0.937431,0.534513,0.85535,0.8089142639721107,0.83157525
ambient_03::time_stretch::+10pct,ambient_03,ambient,time_stretch,10.0,0.998988,0.905271,0.422457,0.863704,0.7579168812099518,0.797605
ambient_03::time_stretch::+20pct,ambient_03,ambient,time_stretch,20.0,0.998021,0.869225,0.318227,0.851206,0.6962430889331825,0.75916975
ambient_03::lowpass::lp8000,ambient_03,ambient,lowpass,8000.0,1.0,0.3915,0.995147,0.845272,0.7575370386540672,0.80797975
ambient_03::lowpass::lp4000,ambient_03,ambient,lowpass,4000.0,0.999994,0.392753,0.981564,0.795163,0.7440856389894271,0.7923685
ambient_03::lowpass::lp2000,ambient_03,ambient,lowpass,2000.0,0.999952,0.382287,0.939267,0.729489,0.7153920731994631,0.76274875
ambient_03::distortion::drv4,ambient_03,ambient,distortion,4.0,0.99975,0.587877,0.994579,0.801936,0.8274451586943847,0.8460354999999999
ambient_03::distortion::drv12,ambient_03,ambient,distortion,12.0,0.999094,0.485067,0.974285,0.665063,0.7485817257396974,0.78087725
ambient_03::distortion::drv32,ambient_03,ambient,distortion,32.0,0.998735,0.443486,0.92293,0.584819,0.6992461844931289,0.7374925
ambient_03::style_swap::swap_cross,ambient_03,ambient,style_swap,nan,0.806611,0.376423,0.373746,0.589807,0.5086355277116472,0.53664675
ambient_03::style_swap::swap_same,ambient_03,ambient,style_swap,nan,0.776063,0.358581,0.327914,0.47329,0.4558719649316177,0.483962
ambient_04::control::ctrl,ambient_04,ambient,control,0.0,1.0,1.0,1.0,0.774408,0.9380855746907135,0.943602
ambient_04::pitch_shift::-4st,ambient_04,ambient,pitch_shift,-4.0,0.459223,0.515505,0.970616,0.708538,0.6352091957733873,0.6634705
ambient_04::pitch_shift::-2st,ambient_04,ambient,pitch_shift,-2.0,0.606034,0.656257,0.972521,0.742313,0.7320053383071897,0.74428125
ambient_04::pitch_shift::-1st,ambient_04,ambient,pitch_shift,-1.0,0.472828,0.778053,0.991253,0.735684,0.7196926186733388,0.7444545
ambient_04::pitch_shift::+1st,ambient_04,ambient,pitch_shift,1.0,0.477004,0.745021,0.97341,0.734621,0.7100066550273904,0.732514
ambient_04::pitch_shift::+2st,ambient_04,ambient,pitch_shift,2.0,0.598214,0.608624,0.967539,0.733282,0.7129125954186049,0.72691475
ambient_04::pitch_shift::+4st,ambient_04,ambient,pitch_shift,4.0,0.43418,0.501688,0.971505,0.653398,0.609791816951499,0.64019275
ambient_04::time_stretch::-20pct,ambient_04,ambient,time_stretch,-20.0,0.993377,0.754233,0.95832,0.730214,0.8509324476275717,0.859036
ambient_04::time_stretch::-10pct,ambient_04,ambient,time_stretch,-10.0,0.99767,0.803936,0.956292,0.759191,0.8735494424642138,0.87927225
ambient_04::time_stretch::-5pct,ambient_04,ambient,time_stretch,-5.0,0.999517,0.862829,0.9579,0.745158,0.8857697917700412,0.891351
ambient_04::time_stretch::+5pct,ambient_04,ambient,time_stretch,5.0,0.998323,0.872901,0.959516,0.760368,0.8929518267087568,0.897777
ambient_04::time_stretch::+10pct,ambient_04,ambient,time_stretch,10.0,0.997586,0.86744,0.962529,0.754081,0.890236513257749,0.895409
ambient_04::time_stretch::+20pct,ambient_04,ambient,time_stretch,20.0,0.996147,0.838871,0.961295,0.721409,0.8724975436601086,0.8794305
ambient_04::lowpass::lp8000,ambient_04,ambient,lowpass,8000.0,0.999998,0.862722,0.999735,0.774805,0.9041423851452126,0.909315
ambient_04::lowpass::lp4000,ambient_04,ambient,lowpass,4000.0,0.999999,0.645434,0.998639,0.730122,0.8282545695604392,0.8435485
ambient_04::lowpass::lp2000,ambient_04,ambient,lowpass,2000.0,0.999506,0.500317,0.997306,0.722602,0.7747999144713766,0.80493275
ambient_04::distortion::drv4,ambient_04,ambient,distortion,4.0,0.999892,0.822714,0.995669,0.746894,0.8843903281540817,0.89129225
ambient_04::distortion::drv12,ambient_04,ambient,distortion,12.0,0.994797,0.584906,0.970342,0.666483,0.7832197176080119,0.8041320000000001
ambient_04::distortion::drv32,ambient_04,ambient,distortion,32.0,0.974092,0.484068,0.96521,0.629985,0.7317531372539362,0.76333875
ambient_04::style_swap::swap_cross,ambient_04,ambient,style_swap,nan,0.793058,0.388578,0.927492,0.600138,0.6435556604151865,0.6773165
ambient_04::style_swap::swap_same,ambient_04,ambient,style_swap,nan,0.405134,0.449697,0.960799,0.662684,0.5835988499794377,0.6195785
ambient_05::control::ctrl,ambient_05,ambient,control,0.0,1.0,1.0,1.0,0.772766,0.9375879162249993,0.9431915
ambient_05::pitch_shift::-4st,ambient_05,ambient,pitch_shift,-4.0,0.745785,0.558073,0.982263,0.745498,0.7430101232483242,0.75790475
ambient_05::pitch_shift::-2st,ambient_05,ambient,pitch_shift,-2.0,0.675703,0.696504,0.985147,0.777441,0.7748399160136411,0.78369875
ambient_05::pitch_shift::-1st,ambient_05,ambient,pitch_shift,-1.0,0.710089,0.771922,0.985251,0.736671,0.7941941164649132,0.80098325
ambient_05::pitch_shift::+1st,ambient_05,ambient,pitch_shift,1.0,0.701993,0.743553,0.986949,0.764887,0.7922900022809162,0.7993455
ambient_05::pitch_shift::+2st,ambient_05,ambient,pitch_shift,2.0,0.656682,0.691239,0.98607,0.747858,0.760637195572074,0.77046225
ambient_05::pitch_shift::+4st,ambient_05,ambient,pitch_shift,4.0,0.729949,0.576565,0.985852,0.741096,0.7446578053766645,0.7583655
ambient_05::time_stretch::-20pct,ambient_05,ambient,time_stretch,-20.0,0.966328,0.791811,0.960019,0.796226,0.8745115896742902,0.8785959999999999
ambient_05::time_stretch::-10pct,ambient_05,ambient,time_stretch,-10.0,0.993749,0.793972,0.965629,0.787452,0.8800940208926149,0.8852005000000001
ambient_05::time_stretch::-5pct,ambient_05,ambient,time_stretch,-5.0,0.998396,0.780289,0.95006,0.776643,0.8707283716904166,0.876347
ambient_05::time_stretch::+5pct,ambient_05,ambient,time_stretch,5.0,0.997971,0.746495,0.951705,0.773067,0.8604310567361898,0.8673095
ambient_05::time_stretch::+10pct,ambient_05,ambient,time_stretch,10.0,0.99704,0.799072,0.959307,0.787452,0.8807852836014316,0.88571775
ambient_05::time_stretch::+20pct,ambient_05,ambient,time_stretch,20.0,0.993092,0.781641,0.95712,0.768674,0.8693133507450002,0.87513175
ambient_05::lowpass::lp8000,ambient_05,ambient,lowpass,8000.0,0.999954,0.525608,0.99114,0.774173,0.7968998650619606,0.8227187499999999
ambient_05::lowpass::lp4000,ambient_05,ambient,lowpass,4000.0,0.999843,0.512959,0.989767,0.766551,0.7898090798676344,0.81728
ambient_05::lowpass::lp2000,ambient_05,ambient,lowpass,2000.0,0.999928,0.429033,0.986924,0.758667,0.7528328874926232,0.7936380000000001
ambient_05::distortion::drv4,ambient_05,ambient,distortion,4.0,0.999994,0.926163,0.999031,0.779839,0.9216524547232521,0.92625675
ambient_05::distortion::drv12,ambient_05,ambient,distortion,12.0,0.999769,0.709542,0.98167,0.760329,0.853023925095928,0.8628275000000001
ambient_05::distortion::drv32,ambient_05,ambient,distortion,32.0,0.995251,0.535242,0.956528,0.61397,0.7478799864257244,0.77524775
ambient_05::style_swap::swap_cross,ambient_05,ambient,style_swap,nan,0.559526,0.437993,0.915069,0.619757,0.6105773383132815,0.63308625
ambient_05::style_swap::swap_same,ambient_05,ambient,style_swap,nan,0.797992,0.443337,0.919335,0.390506,0.5969782455113848,0.6377925
ambient_06::control::ctrl,ambient_06,ambient,control,0.0,1.0,1.0,1.0,0.875008,0.9671704207964499,0.9687520000000001
ambient_06::pitch_shift::-4st,ambient_06,ambient,pitch_shift,-4.0,0.933675,0.609247,0.686214,0.75544,0.7369061315192152,0.746144
ambient_06::pitch_shift::-2st,ambient_06,ambient,pitch_shift,-2.0,0.902329,0.724404,0.694207,0.741346,0.7615771813360639,0.7655715000000001
ambient_06::pitch_shift::-1st,ambient_06,ambient,pitch_shift,-1.0,0.903998,0.831501,0.697669,0.741306,0.7896221033007257,0.7936185
ambient_06::pitch_shift::+1st,ambient_06,ambient,pitch_shift,1.0,0.901655,0.7863,0.694405,0.786158,0.7887472119557364,0.7921295
ambient_06::pitch_shift::+2st,ambient_06,ambient,pitch_shift,2.0,0.902507,0.667917,0.688236,0.786523,0.755797537039354,0.7612957499999999
ambient_06::pitch_shift::+4st,ambient_06,ambient,pitch_shift,4.0,0.938176,0.567462,0.671855,0.766856,0.7236900793448122,0.73608725
ambient_06::time_stretch::-20pct,ambient_06,ambient,time_stretch,-20.0,0.998234,0.821801,0.528688,0.847704,0.7786829709476383,0.79910675
ambient_06::time_stretch::-10pct,ambient_06,ambient,time_stretch,-10.0,0.999555,0.847777,0.485237,0.858372,0.7707782380458108,0.79773525
ambient_06::time_stretch::-5pct,ambient_06,ambient,time_stretch,-5.0,0.99963,0.885769,0.470404,0.865404,0.7748406835918485,0.80530175
ambient_06::time_stretch::+5pct,ambient_06,ambient,time_stretch,5.0,0.999795,0.888206,0.511919,0.875483,0.7942704535708355,0.81885075
ambient_06::time_stretch::+10pct,ambient_06,ambient,time_stretch,10.0,0.999554,0.848987,0.524802,0.862778,0.7873185090906041,0.8090302500000001
ambient_06::time_stretch::+20pct,ambient_06,ambient,time_stretch,20.0,0.998073,0.822309,0.603077,0.861623,0.8081125473126894,0.8212705
ambient_06::lowpass::lp8000,ambient_06,ambient,lowpass,8000.0,1.0,0.600507,0.997262,0.877748,0.8514796999014212,0.86887925
ambient_06::lowpass::lp4000,ambient_06,ambient,lowpass,4000.0,0.999997,0.441231,0.989876,0.76145,0.7594019798862439,0.7981385
ambient_06::lowpass::lp2000,ambient_06,ambient,lowpass,2000.0,0.999978,0.39032,0.975048,0.761074,0.7336113350587616,0.781605
ambient_06::distortion::drv4,ambient_06,ambient,distortion,4.0,0.999716,0.707646,0.959996,0.725169,0.8377228049305073,0.84813175
ambient_06::distortion::drv12,ambient_06,ambient,distortion,12.0,0.997673,0.491608,0.748365,0.571179,0.6766642234487833,0.70220625
ambient_06::distortion::drv32,ambient_06,ambient,distortion,32.0,0.9967,0.459338,0.831052,0.477057,0.6527153501550721,0.69103675
ambient_06::style_swap::swap_cross,ambient_06,ambient,style_swap,nan,0.864388,0.470867,0.734756,0.640891,0.6616580100474023,0.6777255
ambient_06::style_swap::swap_same,ambient_06,ambient,style_swap,nan,0.683269,0.453646,0.736086,0.664982,0.6241109648291046,0.63449575
ambient_07::control::ctrl,ambient_07,ambient,control,0.0,1.0,1.0,1.0,0.838622,0.9569551033328587,0.9596555
ambient_07::pitch_shift::-4st,ambient_07,ambient,pitch_shift,-4.0,0.393679,0.604703,0.993247,0.744362,0.6477112749380535,0.68399775
ambient_07::pitch_shift::-2st,ambient_07,ambient,pitch_shift,-2.0,0.689255,0.713976,0.997661,0.780969,0.7869009729835411,0.79546525
ambient_07::pitch_shift::-1st,ambient_07,ambient,pitch_shift,-1.0,0.345517,0.810467,0.998633,0.755294,0.6779250411141073,0.72747775
ambient_07::pitch_shift::+1st,ambient_07,ambient,pitch_shift,1.0,0.355638,0.800128,0.998048,0.748325,0.6789727236144547,0.72553475
ambient_07::pitch_shift::+2st,ambient_07,ambient,pitch_shift,2.0,0.675781,0.725934,0.996368,0.770584,0.7834038801748026,0.79216675
ambient_07::pitch_shift::+4st,ambient_07,ambient,pitch_shift,4.0,0.359361,0.607398,0.989967,0.71619,0.627210496614712,0.668229
ambient_07::time_stretch::-20pct,ambient_07,ambient,time_stretch,-20.0,0.995255,0.839931,0.826812,0.820231,0.8677212479626838,0.8705572500000001
ambient_07::time_stretch::-10pct,ambient_07,ambient,time_stretch,-10.0,0.998026,0.887802,0.864749,0.849696,0.898261744499359,0.90006825
ambient_07::time_stretch::-5pct,ambient_07,ambient,time_stretch,-5.0,0.999378,0.88914,0.886771,0.8439,0.9030267189787685,0.90479725
ambient_07::time_stretch::+5pct,ambient_07,ambient,time_stretch,5.0,0.999451,0.883646,0.896231,0.833091,0.901131262709533,0.90310475
ambient_07::time_stretch::+10pct,ambient_07,ambient,time_stretch,10.0,0.997695,0.857108,0.868288,0.840979,0.8889361619212685,0.8910175
ambient_07::time_stretch::+20pct,ambient_07,ambient,time_stretch,20.0,0.995522,0.8436,0.856894,0.841689,0.8821989703934234,0.88442625
ambient_07::lowpass::lp8000,ambient_07,ambient,lowpass,8000.0,0.999997,0.874025,0.999889,0.845219,0.9270665225803298,0.9297825000000001
ambient_07::lowpass::lp4000,ambient_07,ambient,lowpass,4000.0,0.999993,0.601988,0.999426,0.839012,0.8428997062044263,0.86010475
ambient_07::lowpass::lp2000,ambient_07,ambient,lowpass,2000.0,0.999893,0.480554,0.998851,0.813616,0.7905038300389619,0.8232285
ambient_07::distortion::drv4,ambient_07,ambient,distortion,4.0,0.999939,0.810032,0.99915,0.829498,0.9051705794882351,0.90965475
ambient_07::distortion::drv12,ambient_07,ambient,distortion,12.0,0.998365,0.599668,0.994383,0.76479,0.8214365601387771,0.8393014999999999
ambient_07::distortion::drv32,ambient_07,ambient,distortion,32.0,0.990253,0.493914,0.988822,0.711121,0.7657989770140666,0.7960275
ambient_07::style_swap::swap_cross,ambient_07,ambient,style_swap,nan,0.803303,0.448432,0.877081,0.58814,0.6565595176270685,0.679239
ambient_07::style_swap::swap_same,ambient_07,ambient,style_swap,nan,0.800924,0.441013,0.921674,0.608964,0.667272018949326,0.69314375
ambient_08::control::ctrl,ambient_08,ambient,control,0.0,1.0,1.0,1.0,0.822059,0.9521946721085551,0.95551475
ambient_08::pitch_shift::-4st,ambient_08,ambient,pitch_shift,-4.0,0.7331,0.514572,0.981406,0.768288,0.7302903000563019,0.7493415
ambient_08::pitch_shift::-2st,ambient_08,ambient,pitch_shift,-2.0,0.604723,0.605077,0.985584,0.76821,0.7254962686650898,0.7408985
ambient_08::pitch_shift::-1st,ambient_08,ambient,pitch_shift,-1.0,0.469325,0.735542,0.984724,0.767301,0.7146450057802778,0.739223
ambient_08::pitch_shift::+1st,ambient_08,ambient,pitch_shift,1.0,0.453891,0.705648,0.976476,0.767878,0.7000408303235075,0.72597325
ambient_08::pitch_shift::+2st,ambient_08,ambient,pitch_shift,2.0,0.589068,0.617284,0.984975,0.77387,0.7255810262439991,0.74129925
ambient_08::pitch_shift::+4st,ambient_08,ambient,pitch_shift,4.0,0.676096,0.536126,0.984236,0.749685,0.719139801386688,0.73653575
ambient_08::time_stretch::-20pct,ambient_08,ambient,time_stretch,-20.0,0.978806,0.7726,0.951402,0.81015,0.8737661294456696,0.8782395
ambient_08::time_stretch::-10pct,ambient_08,ambient,time_stretch,-10.0,0.990518,0.788038,0.961923,0.805191,0.8817839472420407,0.8864175
ambient_08::time_stretch::-5pct,ambient_08,ambient,time_stretch,-5.0,0.997707,0.835714,0.946913,0.813619,0.8952574926414364,0.89848825
ambient_08::time_stretch::+5pct,ambient_08,ambient,time_stretch,5.0,0.995546,0.798928,0.953848,0.828767,0.8904717565133692,0.89427225
ambient_08::time_stretch::+10pct,ambient_08,ambient,time_stretch,10.0,0.995721,0.792252,0.962518,0.793567,0.8810455614039034,0.8860144999999999
ambient_08::time_stretch::+20pct,ambient_08,ambient,time_stretch,20.0,0.966593,0.657604,0.94617,0.798695,0.8325101896940018,0.8422655
ambient_08::lowpass::lp8000,ambient_08,ambient,lowpass,8000.0,0.999979,0.467328,0.997865,0.816712,0.7855762629338302,0.820471
ambient_08::lowpass::lp4000,ambient_08,ambient,lowpass,4000.0,0.999978,0.450038,0.99653,0.781847,0.7695076571528177,0.80709825
ambient_08::lowpass::lp2000,ambient_08,ambient,lowpass,2000.0,0.999324,0.423371,0.994445,0.766173,0.7535008715599362,0.79582825
ambient_08::distortion::drv4,ambient_08,ambient,distortion,4.0,0.999838,0.892702,0.997075,0.820312,0.9243485399320077,0.92748175
ambient_08::distortion::drv12,ambient_08,ambient,distortion,12.0,0.995272,0.667039,0.986724,0.743824,0.8354870503187865,0.84821475
ambient_08::distortion::drv32,ambient_08,ambient,distortion,32.0,0.982232,0.547024,0.977122,0.650902,0.7645769733930425,0.78932
ambient_08::style_swap::swap_cross,ambient_08,ambient,style_swap,nan,0.745865,0.41523,0.923419,0.480313,0.6087907214687986,0.64120675
ambient_08::style_swap::swap_same,ambient_08,ambient,style_swap,nan,0.787097,0.417093,0.90142,0.556849,0.6371349779807195,0.66561475
ambient_09::control::ctrl,ambient_09,ambient,control,0.0,1.0,1.0,1.0,0.816552,0.9505959545107253,0.9541379999999999
ambient_09::pitch_shift::-4st,ambient_09,ambient,pitch_shift,-4.0,0.714328,0.505828,0.960777,0.762199,0.7172125462290565,0.735783
ambient_09::pitch_shift::-2st,ambient_09,ambient,pitch_shift,-2.0,0.874739,0.641422,0.968664,0.79008,0.8094996071915036,0.81872625
ambient_09::pitch_shift::-1st,ambient_09,ambient,pitch_shift,-1.0,0.660771,0.731784,0.969192,0.753929,0.7709807566654758,0.778919
ambient_09::pitch_shift::+1st,ambient_09,ambient,pitch_shift,1.0,0.69162,0.818579,0.970283,0.768914,0.8061689801386912,0.812349
ambient_09::pitch_shift::+2st,ambient_09,ambient,pitch_shift,2.0,0.84708,0.744778,0.969422,0.774231,0.8295330119257476,0.8338777500000001
ambient_09::pitch_shift::+4st,ambient_09,ambient,pitch_shift,4.0,0.690873,0.636546,0.96851,0.716196,0.7431748489472365,0.75303125
ambient_09::time_stretch::-20pct,ambient_09,ambient,time_stretch,-20.0,0.992965,0.82489,0.847907,0.805583,0.8648626125698751,0.86783625
ambient_09::time_stretch::-10pct,ambient_09,ambient,time_stretch,-10.0,0.995878,0.853642,0.797284,0.803906,0.8591619953645786,0.8626775
ambient_09::time_stretch::-5pct,ambient_09,ambient,time_stretch,-5.0,0.996091,0.866573,0.823608,0.806642,0.8702146478445119,0.8732285
ambient_09::time_stretch::+5pct,ambient_09,ambient,time_stretch,5.0,0.997754,0.853102,0.804065,0.827377,0.8674705903751618,0.8705745
ambient_09::time_stretch::+10pct,ambient_09,ambient,time_stretch,10.0,0.997904,0.839134,0.770492,0.803843,0.8486231255568107,0.85284325
ambient_09::time_stretch::+20pct,ambient_09,ambient,time_stretch,20.0,0.992656,0.835374,0.724387,0.793293,0.8308468908730257,0.8364275
ambient_09::lowpass::lp8000,ambient_09,ambient,lowpass,8000.0,0.998881,0.453,0.992739,0.810084,0.7766838471042242,0.8136760000000001
ambient_09::lowpass::lp4000,ambient_09,ambient,lowpass,4000.0,0.999997,0.420715,0.987042,0.756408,0.7486341082620175,0.7910405
ambient_09::lowpass::lp2000,ambient_09,ambient,lowpass,2000.0,0.998481,0.423547,0.980518,0.755921,0.7482441827300834,0.78961675
ambient_09::distortion::drv4,ambient_09,ambient,distortion,4.0,0.999147,0.885405,0.995233,0.811377,0.9193475115342886,0.9227905000000001
ambient_09::distortion::drv12,ambient_09,ambient,distortion,12.0,0.999473,0.715357,0.973819,0.788983,0.8609143498809239,0.869408
ambient_09::distortion::drv32,ambient_09,ambient,distortion,32.0,0.996241,0.594114,0.942727,0.72589,0.7977608859746098,0.814743
ambient_09::style_swap::swap_cross,ambient_09,ambient,style_swap,nan,0.842045,0.480484,0.769402,0.599415,0.6572396978678834,0.6728365000000001
ambient_09::style_swap::swap_same,ambient_09,ambient,style_swap,nan,0.545857,0.412381,0.811315,0.633349,0.5831798791169748,0.6007255
ambient_10::control::ctrl,ambient_10,ambient,control,0.0,1.0,1.0,1.0,0.73589,0.9261966915725514,0.9339725
ambient_10::pitch_shift::-4st,ambient_10,ambient,pitch_shift,-4.0,0.871555,0.46465,0.964268,0.660295,0.712589019452113,0.740192
ambient_10::pitch_shift::-2st,ambient_10,ambient,pitch_shift,-2.0,0.921302,0.565918,0.978807,0.716528,0.7776271920341103,0.79563875
ambient_10::pitch_shift::-1st,ambient_10,ambient,pitch_shift,-1.0,0.95926,0.6929,0.967693,0.707251,0.8212578174427897,0.831776
ambient_10::pitch_shift::+1st,ambient_10,ambient,pitch_shift,1.0,0.985337,0.689968,0.969615,0.726409,0.8318567988397015,0.8428322500000001
ambient_10::pitch_shift::+2st,ambient_10,ambient,pitch_shift,2.0,0.959231,0.57823,0.980678,0.695984,0.7843996271459953,0.80353075
ambient_10::pitch_shift::+4st,ambient_10,ambient,pitch_shift,4.0,0.944969,0.451742,0.968545,0.67737,0.7274672531867177,0.7606565
ambient_10::time_stretch::-20pct,ambient_10,ambient,time_stretch,-20.0,0.986184,0.726051,0.937203,0.694503,0.826243810354924,0.83598525
ambient_10::time_stretch::-10pct,ambient_10,ambient,time_stretch,-10.0,0.996962,0.765175,0.949816,0.725651,0.8515333549581472,0.8594010000000001
ambient_10::time_stretch::-5pct,ambient_10,ambient,time_stretch,-5.0,0.987818,0.76276,0.948426,0.731634,0.8503359573921621,0.8576595
ambient_10::time_stretch::+5pct,ambient_10,ambient,time_stretch,5.0,0.99775,0.763643,0.947981,0.712382,0.8469468761414297,0.855439
ambient_10::time_stretch::+10pct,ambient_10,ambient,time_stretch,10.0,0.992429,0.752679,0.938817,0.680691,0.8312086418541351,0.841154
ambient_10::time_stretch::+20pct,ambient_10,ambient,time_stretch,20.0,0.995961,0.791948,0.936855,0.709628,0.8509627119376801,0.858598
ambient_10::lowpass::lp8000,ambient_10,ambient,lowpass,8000.0,1.0,0.551172,0.999327,0.737563,0.7983594542564888,0.8220155
ambient_10::lowpass::lp4000,ambient_10,ambient,lowpass,4000.0,0.999998,0.427674,0.997842,0.709504,0.7417920114823077,0.7837545
ambient_10::lowpass::lp2000,ambient_10,ambient,lowpass,2000.0,0.999463,0.380097,0.995412,0.674398,0.7106325189714081,0.7623425
ambient_10::distortion::drv4,ambient_10,ambient,distortion,4.0,0.999936,0.90638,0.997533,0.717609,0.897479250721251,0.9053645
ambient_10::distortion::drv12,ambient_10,ambient,distortion,12.0,0.999871,0.611584,0.954247,0.663428,0.7887941334315131,0.8072825
ambient_10::distortion::drv32,ambient_10,ambient,distortion,32.0,0.999184,0.459027,0.942729,0.576904,0.7067137317431804,0.744461
ambient_10::style_swap::swap_cross,ambient_10,ambient,style_swap,nan,0.924343,0.396036,0.952957,0.585,0.6721237598920886,0.714584
ambient_10::style_swap::swap_same,ambient_10,ambient,style_swap,nan,0.789284,0.401594,0.938746,0.730966,0.6829146788654018,0.7151475
ambient_11::control::ctrl,ambient_11,ambient,control,0.0,0.999997,0.992369,0.999991,0.829892,0.9526259087432235,0.95556225
ambient_11::pitch_shift::-4st,ambient_11,ambient,pitch_shift,-4.0,0.785119,0.512362,0.991954,0.750112,0.7396606443269229,0.7598867499999999
ambient_11::pitch_shift::-2st,ambient_11,ambient,pitch_shift,-2.0,0.868604,0.648725,0.995753,0.726871,0.7991399761536401,0.80998825
ambient_11::pitch_shift::-1st,ambient_11,ambient,pitch_shift,-1.0,0.794166,0.753632,0.996801,0.856528,0.8454835507280626,0.85028175
ambient_11::pitch_shift::+1st,ambient_11,ambient,pitch_shift,1.0,0.804879,0.759202,0.995456,0.789121,0.8323642180843851,0.8371645
ambient_11::pitch_shift::+2st,ambient_11,ambient,pitch_shift,2.0,0.857167,0.637703,0.99397,0.803184,0.8127707335048362,0.823006
ambient_11::pitch_shift::+4st,ambient_11,ambient,pitch_shift,4.0,0.766488,0.529516,0.987112,0.791045,0.7503053051108179,0.76854025
ambient_11::time_stretch::-20pct,ambient_11,ambient,time_stretch,-20.0,0.995272,0.857772,0.738817,0.849669,0.8556084721796673,0.8603825
ambient_11::time_stretch::-10pct,ambient_11,ambient,time_stretch,-10.0,0.998184,0.879185,0.779856,0.834173,0.8692413050744101,0.8728495000000001
ambient_11::time_stretch::-5pct,ambient_11,ambient,time_stretch,-5.0,0.999147,0.895309,0.825442,0.844242,0.8885645115458639,0.891035
ambient_11::time_stretch::+5pct,ambient_11,ambient,time_stretch,5.0,0.999166,0.90991,0.823214,0.849994,0.8930816647528027,0.895571
ambient_11::time_stretch::+10pct,ambient_11,ambient,time_stretch,10.0,0.998282,0.871446,0.782966,0.842862,0.8704589093327949,0.873889
ambient_11::time_stretch::+20pct,ambient_11,ambient,time_stretch,20.0,0.997743,0.808788,0.761707,0.836809,0.8468703334065475,0.85126175
ambient_11::lowpass::lp8000,ambient_11,ambient,lowpass,8000.0,0.999997,0.453637,0.997641,0.847709,0.7870132832435798,0.824746
ambient_11::lowpass::lp4000,ambient_11,ambient,lowpass,4000.0,0.999875,0.435715,0.837154,0.794298,0.7336421276378923,0.7667605
ambient_11::lowpass::lp2000,ambient_11,ambient,lowpass,2000.0,0.994462,0.402551,0.82183,0.675593,0.6866241249653677,0.723609
ambient_11::distortion::drv4,ambient_11,ambient,distortion,4.0,0.999811,0.723193,0.998499,0.810969,0.8747440618408889,0.8831180000000001
ambient_11::distortion::drv12,ambient_11,ambient,distortion,12.0,0.997487,0.550874,0.992885,0.77854,0.8072998094447329,0.8299465
ambient_11::distortion::drv32,ambient_11,ambient,distortion,32.0,0.992133,0.463777,0.819374,0.735714,0.7257174658717473,0.7527495
ambient_11::style_swap::swap_cross,ambient_11,ambient,style_swap,nan,0.91437,0.374194,0.747802,0.731537,0.6577493489260341,0.69197575
ambient_11::style_swap::swap_same,ambient_11,ambient,style_swap,nan,0.969948,0.474155,0.729045,0.771585,0.7131842187585397,0.7361832500000001
ambient_12::control::ctrl,ambient_12,ambient,control,0.0,1.0,0.999998,1.0,0.582125,0.8734817702344204,0.89553075
ambient_12::pitch_shift::-4st,ambient_12,ambient,pitch_shift,-4.0,0.982408,0.438723,0.994452,0.464105,0.6678371768710265,0.719922
ambient_12::pitch_shift::-2st,ambient_12,ambient,pitch_shift,-2.0,0.991004,0.554906,0.988564,0.488541,0.7178771980254802,0.75575375
ambient_12::pitch_shift::-1st,ambient_12,ambient,pitch_shift,-1.0,0.991636,0.700134,0.996541,0.50778,0.7698853470837005,0.79902275
ambient_12::pitch_shift::+1st,ambient_12,ambient,pitch_shift,1.0,0.992536,0.721378,0.996236,0.589633,0.8053103737906554,0.8249457499999999
ambient_12::pitch_shift::+2st,ambient_12,ambient,pitch_shift,2.0,0.989723,0.610542,0.996312,0.593072,0.7730062359317641,0.79741225
ambient_12::pitch_shift::+4st,ambient_12,ambient,pitch_shift,4.0,0.982607,0.511018,0.977558,0.555993,0.7227814157511196,0.756794
ambient_12::time_stretch::-20pct,ambient_12,ambient,time_stretch,-20.0,0.999624,0.858421,0.958659,0.563059,0.8249711604392959,0.84494075
ambient_12::time_stretch::-10pct,ambient_12,ambient,time_stretch,-10.0,0.99952,0.886303,0.962486,0.565227,0.8331971141681908,0.8533839999999999
ambient_12::time_stretch::-5pct,ambient_12,ambient,time_stretch,-5.0,0.99935,0.872761,0.959116,0.571292,0.8314488876519645,0.85062975
ambient_12::time_stretch::+5pct,ambient_12,ambient,time_stretch,5.0,0.999839,0.860532,0.95869,0.555992,0.8229263326267686,0.8437632500000001
ambient_12::time_stretch::+10pct,ambient_12,ambient,time_stretch,10.0,0.999601,0.90091,0.947215,0.596372,0.8445365996413003,0.8610245
ambient_12::time_stretch::+20pct,ambient_12,ambient,time_stretch,20.0,0.999149,0.872297,0.970967,0.592276,0.8414063986372147,0.85867225
ambient_12::lowpass::lp8000,ambient_12,ambient,lowpass,8000.0,0.99999,0.996663,0.999997,0.568976,0.8677790466161914,0.8914065
ambient_12::lowpass::lp4000,ambient_12,ambient,lowpass,4000.0,0.99999,0.61934,0.999946,0.555715,0.7659287356916328,0.79374775
ambient_12::lowpass::lp2000,ambient_12,ambient,lowpass,2000.0,0.99964,0.444726,0.99947,0.556086,0.7050370949276675,0.7499804999999999
ambient_12::distortion::drv4,ambient_12,ambient,distortion,4.0,0.999194,0.707435,0.992325,0.52141,0.7776647474123336,0.805091
ambient_12::distortion::drv12,ambient_12,ambient,distortion,12.0,0.999,0.547498,0.989891,0.490702,0.7179402588051734,0.75677275
ambient_12::distortion::drv32,ambient_12,ambient,distortion,32.0,0.999091,0.483179,0.988339,0.424497,0.6708468949361233,0.7237765
ambient_12::style_swap::swap_cross,ambient_12,ambient,style_swap,nan,0.957063,0.351425,0.957997,0.43301,0.6111654765304371,0.6748737499999999
ambient_12::style_swap::swap_same,ambient_12,ambient,style_swap,nan,0.73243,0.441402,0.969138,0.582886,0.6537209708841009,0.6814640000000001
ambient_13::control::ctrl,ambient_13,ambient,control,0.0,1.0,1.0,1.0,0.80606,0.9475275419852595,0.951515
ambient_13::pitch_shift::-4st,ambient_13,ambient,pitch_shift,-4.0,0.558973,0.600978,0.972786,0.759677,0.7058686983804429,0.7231035
ambient_13::pitch_shift::-2st,ambient_13,ambient,pitch_shift,-2.0,0.750161,0.680204,0.975444,0.794013,0.7928771545195359,0.7999555
ambient_13::pitch_shift::-1st,ambient_13,ambient,pitch_shift,-1.0,0.487982,0.793336,0.979198,0.76821,0.7346032741679375,0.7571815
ambient_13::pitch_shift::+1st,ambient_13,ambient,pitch_shift,1.0,0.512898,0.815511,0.976416,0.802709,0.7566821029631493,0.7768835
ambient_13::pitch_shift::+2st,ambient_13,ambient,pitch_shift,2.0,0.74339,0.697618,0.971499,0.796399,0.7958878303544402,0.8022265
ambient_13::pitch_shift::+4st,ambient_13,ambient,pitch_shift,4.0,0.644138,0.618232,0.959237,0.725756,0.7256241687166765,0.73684075
ambient_13::time_stretch::-20pct,ambient_13,ambient,time_stretch,-20.0,0.96579,0.797606,0.597845,0.803283,0.7798877046609256,0.791131
ambient_13::time_stretch::-10pct,ambient_13,ambient,time_stretch,-10.0,0.989202,0.785104,0.528232,0.828154,0.7634612458189614,0.782673
ambient_13::time_stretch::-5pct,ambient_13,ambient,time_stretch,-5.0,0.991404,0.815454,0.728115,0.825544,0.8349252290884892,0.8401292499999999
ambient_13::time_stretch::+5pct,ambient_13,ambient,time_stretch,5.0,0.995971,0.877803,0.734427,0.815718,0.8507130766326978,0.85597975
ambient_13::time_stretch::+10pct,ambient_13,ambient,time_stretch,10.0,0.988559,0.833817,0.645178,0.795057,0.8063763626836989,0.81565275
ambient_13::time_stretch::+20pct,ambient_13,ambient,time_stretch,20.0,0.978916,0.763767,0.651629,0.786682,0.7868219799658838,0.7952485
ambient_13::lowpass::lp8000,ambient_13,ambient,lowpass,8000.0,1.0,0.536139,0.984055,0.812374,0.8091204855771259,0.833142
ambient_13::lowpass::lp4000,ambient_13,ambient,lowpass,4000.0,1.0,0.452412,0.956058,0.795859,0.7659732832001213,0.80108225
ambient_13::lowpass::lp2000,ambient_13,ambient,lowpass,2000.0,0.999944,0.430353,0.926303,0.766443,0.7434612911365732,0.78076075
ambient_13::distortion::drv4,ambient_13,ambient,distortion,4.0,0.999734,0.806215,0.986011,0.802788,0.893726205057406,0.898687
ambient_13::distortion::drv12,ambient_13,ambient,distortion,12.0,0.993704,0.615944,0.944278,0.704931,0.7989345212040331,0.81471425
ambient_13::distortion::drv32,ambient_13,ambient,distortion,32.0,0.983502,0.505243,0.884957,0.556149,0.7032297262590219,0.73246275
ambient_13::style_swap::swap_cross,ambient_13,ambient,style_swap,nan,0.833886,0.386474,0.679409,0.57588,0.5958988730090052,0.6189122499999999
ambient_13::style_swap::swap_same,ambient_13,ambient,style_swap,nan,0.942991,0.463723,0.794527,0.681603,0.6975921494898317,0.720711
ambient_14::control::ctrl,ambient_14,ambient,control,0.0,1.0,1.0,1.0,0.839459,0.9571937900750872,0.9598647499999999
ambient_14::pitch_shift::-4st,ambient_14,ambient,pitch_shift,-4.0,0.450231,0.510233,0.988206,0.722976,0.6364932851444505,0.6679115
ambient_14::pitch_shift::-2st,ambient_14,ambient,pitch_shift,-2.0,0.60113,0.615471,0.981732,0.771188,0.7274988343931179,0.7423802500000001
ambient_14::pitch_shift::-1st,ambient_14,ambient,pitch_shift,-1.0,0.353993,0.718307,0.98102,0.721948,0.6514365743160632,0.693817
ambient_14::pitch_shift::+1st,ambient_14,ambient,pitch_shift,1.0,0.351022,0.737858,0.990344,0.757745,0.6639785814942628,0.70924225
ambient_14::pitch_shift::+2st,ambient_14,ambient,pitch_shift,2.0,0.617746,0.619005,0.981803,0.749924,0.7284276567463736,0.7421195
ambient_14::pitch_shift::+4st,ambient_14,ambient,pitch_shift,4.0,0.435289,0.520784,0.988427,0.728772,0.6356863719303905,0.668318
ambient_14::time_stretch::-20pct,ambient_14,ambient,time_stretch,-20.0,0.995341,0.823868,0.969272,0.852833,0.9073707978369034,0.9103285
ambient_14::time_stretch::-10pct,ambient_14,ambient,time_stretch,-10.0,0.998562,0.829967,0.960603,0.824889,0.9002099890569057,0.90350525
ambient_14::time_stretch::-5pct,ambient_14,ambient,time_stretch,-5.0,0.997925,0.854889,0.970082,0.841415,0.913495856897979,0.91607775
ambient_14::time_stretch::+5pct,ambient_14,ambient,time_stretch,5.0,0.996928,0.83666,0.961028,0.832387,0.9037920827155008,0.90675075
ambient_14::time_stretch::+10pct,ambient_14,ambient,time_stretch,10.0,0.998432,0.832609,0.959623,0.831844,0.902558857105031,0.905627
ambient_14::time_stretch::+20pct,ambient_14,ambient,time_stretch,20.0,0.998464,0.825264,0.960412,0.833433,0.9011838400827836,0.90439325
ambient_14::lowpass::lp8000,ambient_14,ambient,lowpass,8000.0,1.0,0.555157,0.991686,0.846583,0.8262564950585991,0.8483565
ambient_14::lowpass::lp4000,ambient_14,ambient,lowpass,4000.0,0.999972,0.480145,0.990442,0.791929,0.7833735185411125,0.815622
ambient_14::lowpass::lp2000,ambient_14,ambient,lowpass,2000.0,0.999001,0.443293,0.996146,0.77081,0.7636278922183665,0.8023125
ambient_14::distortion::drv4,ambient_14,ambient,distortion,4.0,0.999602,0.795468,0.979917,0.820304,0.8941358082936612,0.89882275
ambient_14::distortion::drv12,ambient_14,ambient,distortion,12.0,0.989304,0.555726,0.969933,0.698201,0.7811387290730062,0.803291
ambient_14::distortion::drv32,ambient_14,ambient,distortion,32.0,0.96701,0.457764,0.9649,0.57561,0.7041591213746689,0.741321
ambient_14::style_swap::swap_cross,ambient_14,ambient,style_swap,nan,0.496949,0.40079,0.95101,0.623286,0.5861722956109552,0.61800875
ambient_14::style_swap::swap_same,ambient_14,ambient,style_swap,nan,0.877742,0.34662,0.950541,0.636024,0.654886765519477,0.70273175
ambient_15::control::ctrl,ambient_15,ambient,control,0.0,1.0,1.0,1.0,0.787864,0.9421342975058571,0.946966
ambient_15::pitch_shift::-4st,ambient_15,ambient,pitch_shift,-4.0,0.793501,0.396787,0.968513,0.736827,0.6884841948212103,0.723907
ambient_15::pitch_shift::-2st,ambient_15,ambient,pitch_shift,-2.0,0.902456,0.473862,0.976531,0.77441,0.75410831017756,0.78181475
ambient_15::pitch_shift::-1st,ambient_15,ambient,pitch_shift,-1.0,0.753359,0.596191,0.979445,0.788311,0.7673902185603279,0.7793265
ambient_15::pitch_shift::+1st,ambient_15,ambient,pitch_shift,1.0,0.766285,0.570079,0.979786,0.789709,0.7624843270954186,0.77646475
ambient_15::pitch_shift::+2st,ambient_15,ambient,pitch_shift,2.0,0.911686,0.458135,0.979855,0.797549,0.7558567335544232,0.78680625
ambient_15::pitch_shift::+4st,ambient_15,ambient,pitch_shift,4.0,0.840115,0.413052,0.976093,0.763408,0.7130957421935855,0.748167
ambient_15::time_stretch::-20pct,ambient_15,ambient,time_stretch,-20.0,0.996796,0.819515,0.841459,0.773788,0.8539934426027227,0.8578895
ambient_15::time_stretch::-10pct,ambient_15,ambient,time_stretch,-10.0,0.998583,0.831988,0.70191,0.792343,0.8244683178107759,0.831206
ambient_15::time_stretch::-5pct,ambient_15,ambient,time_stretch,-5.0,0.998127,0.85152,0.772537,0.805448,0.8527748097877129,0.856908
ambient_15::time_stretch::+5pct,ambient_15,ambient,time_stretch,5.0,0.998032,0.856094,0.773961,0.778872,0.8471547924633407,0.85173975
ambient_15::time_stretch::+10pct,ambient_15,ambient,time_stretch,10.0,0.997323,0.829234,0.715832,0.779631,0.8242392390913451,0.830505
ambient_15::time_stretch::+20pct,ambient_15,ambient,time_stretch,20.0,0.994715,0.822843,0.652849,0.776588,0.8026103690448749,0.81174875
ambient_15::lowpass::lp8000,ambient_15,ambient,lowpass,8000.0,1.0,0.458807,0.994995,0.787553,0.7743417594707114,0.81033875
ambient_15::lowpass::lp4000,ambient_15,ambient,lowpass,4000.0,1.0,0.451133,0.977747,0.77964,0.7657840215777018,0.80213
ambient_15::lowpass::lp2000,ambient_15,ambient,lowpass,2000.0,0.99997,0.433478,0.962747,0.764343,0.7515166806471726,0.7901345
ambient_15::distortion::drv4,ambient_15,ambient,distortion,4.0,0.999997,0.918728,0.996114,0.788468,0.921657775747433,0.92582675
ambient_15::distortion::drv12,ambient_15,ambient,distortion,12.0,0.999574,0.594689,0.98591,0.757945,0.8163848845929584,0.8345294999999999
ambient_15::distortion::drv32,ambient_15,ambient,distortion,32.0,0.99624,0.471304,0.978212,0.728469,0.7605491591054048,0.79355625
ambient_15::style_swap::swap_cross,ambient_15,ambient,style_swap,nan,0.89871,0.398311,0.674609,0.687153,0.6382441796824532,0.66469575
ambient_15::style_swap::swap_same,ambient_15,ambient,style_swap,nan,0.903423,0.342104,0.765262,0.637534,0.6231472726936564,0.66208075
electronic_01::control::ctrl,electronic_01,electronic,control,0.0,1.0,1.0,1.0,0.605448,0.8821028235524454,0.901362
electronic_01::pitch_shift::-4st,electronic_01,electronic,pitch_shift,-4.0,0.942103,0.422473,0.977407,0.663594,0.7128018369914534,0.75139425
electronic_01::pitch_shift::-2st,electronic_01,electronic,pitch_shift,-2.0,0.941547,0.582735,0.985395,0.705582,0.7859008140827856,0.80381475
electronic_01::pitch_shift::-1st,electronic_01,electronic,pitch_shift,-1.0,0.960997,0.733019,0.987153,0.655291,0.8216067226842008,0.8341149999999999
electronic_01::pitch_shift::+1st,electronic_01,electronic,pitch_shift,1.0,0.967131,0.794788,0.973107,0.685798,0.8462980771148024,0.855206
electronic_01::pitch_shift::+2st,electronic_01,electronic,pitch_shift,2.0,0.96061,0.689792,0.985945,0.661864,0.8109081705245726,0.82455275
electronic_01::pitch_shift::+4st,electronic_01,electronic,pitch_shift,4.0,0.947104,0.574303,0.971274,0.593226,0.7482128696691454,0.7714767499999999
electronic_01::time_stretch::-20pct,electronic_01,electronic,time_stretch,-20.0,0.997149,0.805027,0.91112,0.572881,0.8045492342655236,0.82154425
electronic_01::time_stretch::-10pct,electronic_01,electronic,time_stretch,-10.0,0.997349,0.839891,0.909726,0.633867,0.8336710267661753,0.84520825
electronic_01::time_stretch::-5pct,electronic_01,electronic,time_stretch,-5.0,0.99834,0.863403,0.919787,0.602906,0.8314903716428131,0.846109
electronic_01::time_stretch::+5pct,electronic_01,electronic,time_stretch,5.0,0.996442,0.873048,0.934455,0.602538,0.8365814780730303,0.85162075
electronic_01::time_stretch::+10pct,electronic_01,electronic,time_stretch,10.0,0.992149,0.877292,0.909638,0.624014,0.8383898251850107,0.8507732499999999
electronic_01::time_stretch::+20pct,electronic_01,electronic,time_stretch,20.0,0.998785,0.7036,0.920977,0.61025,0.7927542950958092,0.808403
electronic_01::lowpass::lp8000,electronic_01,electronic,lowpass,8000.0,0.999998,0.431203,0.999604,0.608343,0.7155901458135141,0.759787
electronic_01::lowpass::lp4000,electronic_01,electronic,lowpass,4000.0,0.999975,0.441031,0.998875,0.658019,0.7337564962558152,0.774475
electronic_01::lowpass::lp2000,electronic_01,electronic,lowpass,2000.0,0.999022,0.428174,0.994026,0.599325,0.7104996537177112,0.75513675
electronic_01::distortion::drv4,electronic_01,electronic,distortion,4.0,0.999998,0.998934,0.999994,0.616078,0.8857114424269498,0.903751
electronic_01::distortion::drv12,electronic_01,electronic,distortion,12.0,0.997341,0.991984,0.999875,0.625838,0.8870314024142376,0.9037595
electronic_01::distortion::drv32,electronic_01,electronic,distortion,32.0,0.999364,0.901259,0.997859,0.614987,0.8622378978019485,0.87836725
electronic_01::style_swap::swap_cross,electronic_01,electronic,style_swap,nan,0.937976,0.349675,0.922401,0.540846,0.6360077741927936,0.6877245000000001
electronic_01::style_swap::swap_same,electronic_01,electronic,style_swap,nan,0.952056,0.384604,0.84588,0.617156,0.6612185072711485,0.699924
electronic_02::control::ctrl,electronic_02,electronic,control,0.0,1.0,0.996412,0.999951,0.874203,0.9660675404243151,0.9676415
electronic_02::pitch_shift::-4st,electronic_02,electronic,pitch_shift,-4.0,0.846467,0.357448,0.986372,0.832489,0.7060094847763152,0.755694
electronic_02::pitch_shift::-2st,electronic_02,electronic,pitch_shift,-2.0,0.930809,0.499901,0.991971,0.857402,0.7931530741887871,0.82002075
electronic_02::pitch_shift::-1st,electronic_02,electronic,pitch_shift,-1.0,0.824533,0.671297,0.994503,0.863993,0.8304428828808704,0.8385815
electronic_02::pitch_shift::+1st,electronic_02,electronic,pitch_shift,1.0,0.844516,0.825959,0.993235,0.855779,0.8774957121497439,0.87987225
electronic_02::pitch_shift::+2st,electronic_02,electronic,pitch_shift,2.0,0.926179,0.745671,0.988947,0.856158,0.8744646941037177,0.87923875
electronic_02::pitch_shift::+4st,electronic_02,electronic,pitch_shift,4.0,0.84494,0.63268,0.976495,0.840862,0.8139564737591937,0.8237442500000001
electronic_02::time_stretch::-20pct,electronic_02,electronic,time_stretch,-20.0,0.99723,0.801495,0.618846,0.869642,0.8098504198875229,0.82180325
electronic_02::time_stretch::-10pct,electronic_02,electronic,time_stretch,-10.0,0.998548,0.832766,0.675697,0.876846,0.8378028085459055,0.84596425
electronic_02::time_stretch::-5pct,electronic_02,electronic,time_stretch,-5.0,0.999544,0.85815,0.730265,0.883943,0.862615917359287,0.8679755
electronic_02::time_stretch::+5pct,electronic_02,electronic,time_stretch,5.0,0.999255,0.86033,0.754085,0.890392,0.8716371602749963,0.8760155000000001
electronic_02::time_stretch::+10pct,electronic_02,electronic,time_stretch,10.0,0.99867,0.839985,0.695556,0.870806,0.8442805067877578,0.85125425
electronic_02::time_stretch::+20pct,electronic_02,electronic,time_stretch,20.0,0.9984,0.830685,0.598735,0.890392,0.8154347386371404,0.829553
electronic_02::lowpass::lp8000,electronic_02,electronic,lowpass,8000.0,0.999868,0.367913,0.99943,0.86929,0.7518846472778634,0.80912525
electronic_02::lowpass::lp4000,electronic_02,electronic,lowpass,4000.0,0.999871,0.384484,0.998986,0.790429,0.7422686663863103,0.7934425
electronic_02::lowpass::lp2000,electronic_02,electronic,lowpass,2000.0,0.999789,0.367604,0.997399,0.763339,0.7273086297984057,0.78203275
electronic_02::distortion::drv4,electronic_02,electronic,distortion,4.0,0.999855,0.405606,0.980504,0.852719,0.7630872123052979,0.809671
electronic_02::distortion::drv12,electronic_02,electronic,distortion,12.0,0.998243,0.371171,0.961512,0.823443,0.7359522549298858,0.78859225
electronic_02::distortion::drv32,electronic_02,electronic,distortion,32.0,0.996908,0.362562,0.952877,0.7986,0.7241872573689411,0.77773675
electronic_02::style_swap::swap_cross,electronic_02,electronic,style_swap,nan,0.96012,0.354984,0.585917,0.617612,0.5926134853624562,0.62965825
electronic_02::style_swap::swap_same,electronic_02,electronic,style_swap,nan,0.884276,0.331471,0.669026,0.599862,0.5856416167442573,0.62115875
electronic_03::control::ctrl,electronic_03,electronic,control,0.0,1.0,1.0,1.0,0.753807,0.9317835553865782,0.93845175
electronic_03::pitch_shift::-4st,electronic_03,electronic,pitch_shift,-4.0,0.785432,0.519233,0.984395,0.696859,0.7272710454807326,0.74647975
electronic_03::pitch_shift::-2st,electronic_03,electronic,pitch_shift,-2.0,0.896433,0.692794,0.993331,0.724209,0.8175606213817413,0.82669175
electronic_03::pitch_shift::-1st,electronic_03,electronic,pitch_shift,-1.0,0.840616,0.81887,0.996125,0.716155,0.8371116195605145,0.8429415
electronic_03::pitch_shift::+1st,electronic_03,electronic,pitch_shift,1.0,0.834654,0.835536,0.994657,0.712004,0.8383142637339129,0.84421275
electronic_03::pitch_shift::+2st,electronic_03,electronic,pitch_shift,2.0,0.882816,0.74938,0.989909,0.689562,0.8197571659970297,0.82791675
electronic_03::pitch_shift::+4st,electronic_03,electronic,pitch_shift,4.0,0.777918,0.608729,0.970949,0.644988,0.7379492004773974,0.7506459999999999
electronic_03::time_stretch::-20pct,electronic_03,electronic,time_stretch,-20.0,0.985783,0.880944,0.522,0.766524,0.7677705891438935,0.78881275
electronic_03::time_stretch::-10pct,electronic_03,electronic,time_stretch,-10.0,0.98818,0.913815,0.608955,0.77111,0.8069543547218485,0.820515
electronic_03::time_stretch::-5pct,electronic_03,electronic,time_stretch,-5.0,0.98375,0.926133,0.67362,0.760122,0.8264452635320135,0.83590625
electronic_03::time_stretch::+5pct,electronic_03,electronic,time_stretch,5.0,0.978772,0.938974,0.6719,0.783392,0.8339782400292404,0.8432595
electronic_03::time_stretch::+10pct,electronic_03,electronic,time_stretch,10.0,0.989451,0.901889,0.608261,0.752892,0.7995442585012449,0.8131232500000001
electronic_03::time_stretch::+20pct,electronic_03,electronic,time_stretch,20.0,0.968126,0.871577,0.529356,0.754039,0.7618067622575935,0.7807745
electronic_03::lowpass::lp8000,electronic_03,electronic,lowpass,8000.0,0.999988,0.46028,0.99718,0.755356,0.7673359294177008,0.803201
electronic_03::lowpass::lp4000,electronic_03,electronic,lowpass,4000.0,0.999992,0.443416,0.987591,0.69207,0.7419655791606424,0.78076725
electronic_03::lowpass::lp2000,electronic_03,electronic,lowpass,2000.0,0.999898,0.405602,0.973443,0.693037,0.7232370795948642,0.767995
electronic_03::distortion::drv4,electronic_03,electronic,distortion,4.0,0.999817,0.727611,0.997881,0.751415,0.8593985106611751,0.869181
electronic_03::distortion::drv12,electronic_03,electronic,distortion,12.0,0.998965,0.570449,0.989218,0.701862,0.7930995598673478,0.8151235
electronic_03::distortion::drv32,electronic_03,electronic,distortion,32.0,0.997222,0.489519,0.970613,0.645676,0.7437132824728666,0.7757575
electronic_03::style_swap::swap_cross,electronic_03,electronic,style_swap,nan,0.742728,0.422853,0.510899,0.426433,0.5114477445788195,0.52572825
electronic_03::style_swap::swap_same,electronic_03,electronic,style_swap,nan,0.883613,0.535962,0.482211,0.469829,0.5723257119656054,0.5929037500000001
electronic_04::control::ctrl,electronic_04,electronic,control,0.0,1.0,1.0,1.0,0.814233,0.9499203136367181,0.9535582499999999
electronic_04::pitch_shift::-4st,electronic_04,electronic,pitch_shift,-4.0,0.808126,0.456744,0.981929,0.734941,0.7184079394568282,0.745435
electronic_04::pitch_shift::-2st,electronic_04,electronic,pitch_shift,-2.0,0.892126,0.592253,0.989731,0.778971,0.7989010321217122,0.81327025
electronic_04::pitch_shift::-1st,electronic_04,electronic,pitch_shift,-1.0,0.968309,0.761266,0.992991,0.796113,0.8737106056884629,0.8796697499999999
electronic_04::pitch_shift::+1st,electronic_04,electronic,pitch_shift,1.0,0.952683,0.872008,0.991355,0.793115,0.8989976623915443,0.90229025
electronic_04::pitch_shift::+2st,electronic_04,electronic,pitch_shift,2.0,0.890444,0.783218,0.988628,0.788126,0.8585774114035181,0.8626039999999999
electronic_04::pitch_shift::+4st,electronic_04,electronic,pitch_shift,4.0,0.754311,0.667636,0.978199,0.761476,0.7826064186099915,0.7904055
electronic_04::time_stretch::-20pct,electronic_04,electronic,time_stretch,-20.0,0.983819,0.907564,0.626503,0.8102,0.8204969386364771,0.8320215
electronic_04::time_stretch::-10pct,electronic_04,electronic,time_stretch,-10.0,0.981774,0.915613,0.677187,0.8202,0.8405972473915637,0.8486935
electronic_04::time_stretch::-5pct,electronic_04,electronic,time_stretch,-5.0,0.981159,0.938569,0.74652,0.798881,0.8608595156243274,0.86628225
electronic_04::time_stretch::+5pct,electronic_04,electronic,time_stretch,5.0,0.96191,0.952585,0.746236,0.798683,0.8596510615755238,0.8648535
electronic_04::time_stretch::+10pct,electronic_04,electronic,time_stretch,10.0,0.980156,0.945114,0.610677,0.790595,0.8177795696562967,0.8316355
electronic_04::time_stretch::+20pct,electronic_04,electronic,time_stretch,20.0,0.977722,0.930157,0.67233,0.798612,0.8359349669631848,0.84470525
electronic_04::lowpass::lp8000,electronic_04,electronic,lowpass,8000.0,0.998054,0.451174,0.997851,0.803408,0.7751307896080535,0.81262175
electronic_04::lowpass::lp4000,electronic_04,electronic,lowpass,4000.0,0.983855,0.445069,0.988253,0.748724,0.7544615033914944,0.79147525
electronic_04::lowpass::lp2000,electronic_04,electronic,lowpass,2000.0,0.998193,0.436671,0.966454,0.755091,0.7509955059099914,0.78910225
electronic_04::distortion::drv4,electronic_04,electronic,distortion,4.0,0.988275,0.960242,0.999833,0.809864,0.9362665701735159,0.9395535
electronic_04::distortion::drv12,electronic_04,electronic,distortion,12.0,0.984722,0.839189,0.998119,0.804014,0.9024119532191002,0.906511
electronic_04::distortion::drv32,electronic_04,electronic,distortion,32.0,0.984007,0.707193,0.99237,0.785091,0.8580892113750658,0.86716525
electronic_04::style_swap::swap_cross,electronic_04,electronic,style_swap,nan,0.870442,0.476422,0.744885,0.672845,0.6752023980976409,0.6911485
electronic_04::style_swap::swap_same,electronic_04,electronic,style_swap,nan,0.932752,0.410372,0.629456,0.685862,0.6375826746360641,0.6646105
electronic_05::control::ctrl,electronic_05,electronic,control,0.0,1.0,1.0,1.0,0.932054,0.9825626891582302,0.9830135
electronic_05::pitch_shift::-4st,electronic_05,electronic,pitch_shift,-4.0,0.978697,0.503214,0.977026,0.917008,0.8150233560335358,0.84398625
electronic_05::pitch_shift::-2st,electronic_05,electronic,pitch_shift,-2.0,0.988503,0.69419,0.990602,0.917071,0.8885658669823265,0.8975915
electronic_05::pitch_shift::-1st,electronic_05,electronic,pitch_shift,-1.0,0.989289,0.820253,0.994977,0.898119,0.9227934077461203,0.9256595
electronic_05::pitch_shift::+1st,electronic_05,electronic,pitch_shift,1.0,0.98824,0.871084,0.989447,0.921052,0.9411303690995236,0.9424557499999999
electronic_05::pitch_shift::+2st,electronic_05,electronic,pitch_shift,2.0,0.989375,0.809444,0.97517,0.888978,0.9128087017040457,0.91574175
electronic_05::pitch_shift::+4st,electronic_05,electronic,pitch_shift,4.0,0.987474,0.747286,0.959466,0.898711,0.8931317751421016,0.89823425
electronic_05::time_stretch::-20pct,electronic_05,electronic,time_stretch,-20.0,0.998988,0.844527,0.467838,0.910191,0.7741951750169868,0.8053859999999999
electronic_05::time_stretch::-10pct,electronic_05,electronic,time_stretch,-10.0,0.998787,0.899799,0.568522,0.919716,0.8279514118426441,0.846706
electronic_05::time_stretch::-5pct,electronic_05,electronic,time_stretch,-5.0,0.999112,0.910808,0.661764,0.912695,0.861028358055035,0.87109475
electronic_05::time_stretch::+5pct,electronic_05,electronic,time_stretch,5.0,0.999054,0.913224,0.65844,0.932957,0.8652388836540953,0.8759187500000001
electronic_05::time_stretch::+10pct,electronic_05,electronic,time_stretch,10.0,0.998966,0.897565,0.578117,0.907456,0.8281604442856317,0.845526
electronic_05::time_stretch::+20pct,electronic_05,electronic,time_stretch,20.0,0.99848,0.859635,0.467838,0.899237,0.7751857498196799,0.8062975
electronic_05::lowpass::lp8000,electronic_05,electronic,lowpass,8000.0,0.999999,0.419915,0.998368,0.929973,0.7901881028784584,0.83706375
electronic_05::lowpass::lp4000,electronic_05,electronic,lowpass,4000.0,0.999999,0.422606,0.995605,0.877809,0.779570830649483,0.82400475
electronic_05::lowpass::lp2000,electronic_05,electronic,lowpass,2000.0,0.999995,0.413037,0.991329,0.888477,0.7766273785768676,0.8232094999999999
electronic_05::distortion::drv4,electronic_05,electronic,distortion,4.0,0.999863,0.805368,0.972337,0.940724,0.9264105151392695,0.929573
electronic_05::distortion::drv12,electronic_05,electronic,distortion,12.0,0.999138,0.58529,0.927254,0.90806,0.8376786764939521,0.8549355
electronic_05::distortion::drv32,electronic_05,electronic,distortion,32.0,0.99845,0.496781,0.891219,0.911356,0.7966929024044662,0.8244515
electronic_05::style_swap::swap_cross,electronic_05,electronic,style_swap,nan,0.938175,0.387428,0.594592,0.678387,0.6187893917951524,0.6496455
electronic_05::style_swap::swap_same,electronic_05,electronic,style_swap,nan,0.910941,0.397804,0.654683,0.575099,0.6077616155755248,0.63463175
electronic_06::control::ctrl,electronic_06,electronic,control,0.0,1.0,0.99994,1.0,0.756988,0.9327510232285979,0.9392320000000001
electronic_06::pitch_shift::-4st,electronic_06,electronic,pitch_shift,-4.0,0.804418,0.536069,0.984786,0.759329,0.7535612909930126,0.7711505000000001
electronic_06::pitch_shift::-2st,electronic_06,electronic,pitch_shift,-2.0,0.88897,0.693956,0.991772,0.773903,0.8295247595879136,0.83715025
electronic_06::pitch_shift::-1st,electronic_06,electronic,pitch_shift,-1.0,0.945645,0.818504,0.994252,0.791458,0.8834222246916664,0.88746475
electronic_06::pitch_shift::+1st,electronic_06,electronic,pitch_shift,1.0,0.942882,0.809393,0.99261,0.783937,0.8778476471551386,0.8822055
electronic_06::pitch_shift::+2st,electronic_06,electronic,pitch_shift,2.0,0.898346,0.695439,0.988879,0.823439,0.8445382359693508,0.85152575
electronic_06::pitch_shift::+4st,electronic_06,electronic,pitch_shift,4.0,0.8722,0.600245,0.977047,0.729081,0.7814639845130775,0.79464325
electronic_06::time_stretch::-20pct,electronic_06,electronic,time_stretch,-20.0,0.993384,0.87174,0.492592,0.809779,0.7666365130496438,0.79187375
electronic_06::time_stretch::-10pct,electronic_06,electronic,time_stretch,-10.0,0.996719,0.867185,0.571162,0.780578,0.7878889809573506,0.803911
electronic_06::time_stretch::-5pct,electronic_06,electronic,time_stretch,-5.0,0.99676,0.911751,0.632944,0.776486,0.8175069278582654,0.82948525
electronic_06::time_stretch::+5pct,electronic_06,electronic,time_stretch,5.0,0.990592,0.932376,0.663358,0.762786,0.826816522562966,0.837278
electronic_06::time_stretch::+10pct,electronic_06,electronic,time_stretch,10.0,0.997908,0.895041,0.620404,0.809468,0.8183741956250704,0.83070525
electronic_06::time_stretch::+20pct,electronic_06,electronic,time_stretch,20.0,0.994315,0.867923,0.492387,0.827685,0.770094838924642,0.7955775
electronic_06::lowpass::lp8000,electronic_06,electronic,lowpass,8000.0,0.999429,0.507961,0.996631,0.75927,0.7872782205526204,0.81582275
electronic_06::lowpass::lp4000,electronic_06,electronic,lowpass,4000.0,0.999979,0.460765,0.985038,0.720381,0.7561734053665821,0.79154075
electronic_06::lowpass::lp2000,electronic_06,electronic,lowpass,2000.0,0.999927,0.444382,0.898836,0.593283,0.6976968774339023,0.734107
electronic_06::distortion::drv4,electronic_06,electronic,distortion,4.0,0.99869,0.732641,0.99082,0.708643,0.8466151708728087,0.8576985
electronic_06::distortion::drv12,electronic_06,electronic,distortion,12.0,0.997279,0.590027,0.968415,0.619637,0.7708535069107392,0.7938395
electronic_06::distortion::drv32,electronic_06,electronic,distortion,32.0,0.995958,0.517626,0.93275,0.570602,0.7237505613033036,0.7542340000000001
electronic_06::style_swap::swap_cross,electronic_06,electronic,style_swap,nan,0.858565,0.373502,0.597205,0.46332,0.5457800398091733,0.573148
electronic_06::style_swap::swap_same,electronic_06,electronic,style_swap,nan,0.896237,0.424328,0.492387,0.732927,0.6086574814874722,0.63646975
electronic_07::control::ctrl,electronic_07,electronic,control,0.0,1.0,1.0,1.0,0.769931,0.9367268126084065,0.94248275
electronic_07::pitch_shift::-4st,electronic_07,electronic,pitch_shift,-4.0,0.766562,0.36215,0.982782,0.676492,0.6554490053038005,0.6969965
electronic_07::pitch_shift::-2st,electronic_07,electronic,pitch_shift,-2.0,0.818366,0.499343,0.99311,0.733329,0.7386023577809067,0.761037
electronic_07::pitch_shift::-1st,electronic_07,electronic,pitch_shift,-1.0,0.760846,0.684194,0.995994,0.708821,0.7786052544718048,0.78746375
electronic_07::pitch_shift::+1st,electronic_07,electronic,pitch_shift,1.0,0.754592,0.822098,0.993963,0.71268,0.8141888384846792,0.82083325
electronic_07::pitch_shift::+2st,electronic_07,electronic,pitch_shift,2.0,0.812698,0.722374,0.989009,0.723844,0.805163594371997,0.81198125
electronic_07::pitch_shift::+4st,electronic_07,electronic,pitch_shift,4.0,0.743983,0.606494,0.976464,0.672821,0.7378809935366858,0.7499405
electronic_07::time_stretch::-20pct,electronic_07,electronic,time_stretch,-20.0,0.996408,0.872849,0.575376,0.750097,0.782728908530719,0.7986825
electronic_07::time_stretch::-10pct,electronic_07,electronic,time_stretch,-10.0,0.997467,0.898456,0.659441,0.773186,0.8221741523324777,0.8321375
electronic_07::time_stretch::-5pct,electronic_07,electronic,time_stretch,-5.0,0.996844,0.940452,0.712757,0.763943,0.8452624380780602,0.853499
electronic_07::time_stretch::+5pct,electronic_07,electronic,time_stretch,5.0,0.995867,0.943528,0.738192,0.76198,0.852643057451067,0.85989175
electronic_07::time_stretch::+10pct,electronic_07,electronic,time_stretch,10.0,0.996091,0.91657,0.664796,0.761568,0.8245470360209536,0.83475625
electronic_07::time_stretch::+20pct,electronic_07,electronic,time_stretch,20.0,0.995923,0.868506,0.599433,0.764097,0.7933629808273336,0.8069897500000001
electronic_07::lowpass::lp8000,electronic_07,electronic,lowpass,8000.0,1.0,0.369149,0.998675,0.770075,0.7299443053298887,0.78447475
electronic_07::lowpass::lp4000,electronic_07,electronic,lowpass,4000.0,0.999998,0.359384,0.992886,0.693546,0.7053150192471955,0.7614535
electronic_07::lowpass::lp2000,electronic_07,electronic,lowpass,2000.0,0.999806,0.343797,0.974246,0.662279,0.6862492127970483,0.7450319999999999
electronic_07::distortion::drv4,electronic_07,electronic,distortion,4.0,0.999882,0.435335,0.98826,0.767996,0.758142124094416,0.7978682500000001
electronic_07::distortion::drv12,electronic_07,electronic,distortion,12.0,0.998433,0.379037,0.962933,0.703612,0.7115942992933937,0.76100375
electronic_07::distortion::drv32,electronic_07,electronic,distortion,32.0,0.99635,0.363467,0.944004,0.642438,0.6845741437258038,0.73656475
electronic_07::style_swap::swap_cross,electronic_07,electronic,style_swap,nan,0.886094,0.417874,0.60697,0.59177,0.6038948545721909,0.625677
electronic_07::style_swap::swap_same,electronic_07,electronic,style_swap,nan,0.882658,0.376619,0.549731,0.453864,0.5366518897658064,0.5657179999999999
electronic_08::control::ctrl,electronic_08,electronic,control,0.0,1.0,1.0,1.0,0.890409,0.9713984032690698,0.97260225
electronic_08::pitch_shift::-4st,electronic_08,electronic,pitch_shift,-4.0,0.908522,0.543821,0.986558,0.749515,0.7774520149185167,0.797104
electronic_08::pitch_shift::-2st,electronic_08,electronic,pitch_shift,-2.0,0.915175,0.708606,0.991649,0.813893,0.8505670726555273,0.85733075
electronic_08::pitch_shift::-1st,electronic_08,electronic,pitch_shift,-1.0,0.94852,0.831964,0.99411,0.851472,0.9040427342417089,0.9065165000000001
electronic_08::pitch_shift::+1st,electronic_08,electronic,pitch_shift,1.0,0.958275,0.831989,0.990914,0.836485,0.9016240053666884,0.90441575
electronic_08::pitch_shift::+2st,electronic_08,electronic,pitch_shift,2.0,0.919678,0.71846,0.985232,0.798669,0.8491529684509022,0.85550975
electronic_08::pitch_shift::+4st,electronic_08,electronic,pitch_shift,4.0,0.903487,0.597304,0.971426,0.733664,0.7875099793312161,0.8014702499999999
electronic_08::time_stretch::-20pct,electronic_08,electronic,time_stretch,-20.0,0.996541,0.8785,0.538606,0.864045,0.7989344004907872,0.819423
electronic_08::time_stretch::-10pct,electronic_08,electronic,time_stretch,-10.0,0.988208,0.875842,0.479271,0.849875,0.7705531223194441,0.798299
electronic_08::time_stretch::-5pct,electronic_08,electronic,time_stretch,-5.0,0.991683,0.930188,0.462448,0.876737,0.7820219810503088,0.815264
electronic_08::time_stretch::+5pct,electronic_08,electronic,time_stretch,5.0,0.993878,0.921473,0.652129,0.885241,0.8527126020989969,0.86318025
electronic_08::time_stretch::+10pct,electronic_08,electronic,time_stretch,10.0,0.997429,0.883477,0.591651,0.877539,0.8224363880767207,0.8375239999999999
electronic_08::time_stretch::+20pct,electronic_08,electronic,time_stretch,20.0,0.992693,0.871431,0.606315,0.863405,0.8203330503908143,0.833461
electronic_08::lowpass::lp8000,electronic_08,electronic,lowpass,8000.0,0.998137,0.496135,0.997432,0.887768,0.8137541212614235,0.844868
electronic_08::lowpass::lp4000,electronic_08,electronic,lowpass,4000.0,0.999998,0.45305,0.98949,0.81545,0.777568221701032,0.814497
electronic_08::lowpass::lp2000,electronic_08,electronic,lowpass,2000.0,0.996882,0.426175,0.953607,0.731751,0.7378891420138426,0.77710375
electronic_08::distortion::drv4,electronic_08,electronic,distortion,4.0,0.999749,0.673292,0.984054,0.733904,0.8350032283756231,0.84774975
electronic_08::distortion::drv12,electronic_08,electronic,distortion,12.0,0.986606,0.507479,0.962554,0.641455,0.7456555957843213,0.7745235
electronic_08::distortion::drv32,electronic_08,electronic,distortion,32.0,0.995942,0.477746,0.930002,0.586715,0.7138147951314943,0.74760125
electronic_08::style_swap::swap_cross,electronic_08,electronic,style_swap,nan,0.927107,0.453751,0.529207,0.684815,0.6248655400840967,0.64872
electronic_08::style_swap::swap_same,electronic_08,electronic,style_swap,nan,0.863319,0.469269,0.492175,0.654547,0.6010538561960542,0.6198275
electronic_09::control::ctrl,electronic_09,electronic,control,0.0,1.0,1.0,1.0,0.718092,0.9205449971645073,0.929523
electronic_09::pitch_shift::-4st,electronic_09,electronic,pitch_shift,-4.0,0.959409,0.47505,0.977902,0.650762,0.7338632798315686,0.76578075
electronic_09::pitch_shift::-2st,electronic_09,electronic,pitch_shift,-2.0,0.963591,0.656302,0.98817,0.711411,0.8165582592571788,0.8298685
electronic_09::pitch_shift::-1st,electronic_09,electronic,pitch_shift,-1.0,0.980598,0.826879,0.992775,0.709682,0.8693845079570212,0.8774835
electronic_09::pitch_shift::+1st,electronic_09,electronic,pitch_shift,1.0,0.984398,0.882336,0.993075,0.758319,0.8993105268887334,0.904532
electronic_09::pitch_shift::+2st,electronic_09,electronic,pitch_shift,2.0,0.956294,0.795031,0.988688,0.779904,0.8750220078817061,0.87997925
electronic_09::pitch_shift::+4st,electronic_09,electronic,pitch_shift,4.0,0.957647,0.674605,0.978896,0.698421,0.8152244807588753,0.8273922499999999
electronic_09::time_stretch::-20pct,electronic_09,electronic,time_stretch,-20.0,0.995786,0.897351,0.626185,0.735415,0.8009232072003727,0.81368425
electronic_09::time_stretch::-10pct,electronic_09,electronic,time_stretch,-10.0,0.994738,0.92423,0.682118,0.773537,0.8345595726380591,0.84365575
electronic_09::time_stretch::-5pct,electronic_09,electronic,time_stretch,-5.0,0.991339,0.942415,0.757467,0.751627,0.8539995028233376,0.860712
electronic_09::time_stretch::+5pct,electronic_09,electronic,time_stretch,5.0,0.993681,0.966391,0.793479,0.753948,0.8706010234010234,0.87687475
electronic_09::time_stretch::+10pct,electronic_09,electronic,time_stretch,10.0,0.993391,0.944324,0.717924,0.705499,0.8302407214121874,0.8402845
electronic_09::time_stretch::+20pct,electronic_09,electronic,time_stretch,20.0,0.994183,0.922112,0.658424,0.724026,0.8130690980638927,0.8246862500000001
electronic_09::lowpass::lp8000,electronic_09,electronic,lowpass,8000.0,0.999474,0.483836,0.998775,0.729085,0.7703336630051042,0.8027925
electronic_09::lowpass::lp4000,electronic_09,electronic,lowpass,4000.0,0.999479,0.453752,0.784357,0.623887,0.6863616107008187,0.71536875
electronic_09::lowpass::lp2000,electronic_09,electronic,lowpass,2000.0,0.999986,0.408429,0.765017,0.603178,0.658880671364925,0.6941525
electronic_09::distortion::drv4,electronic_09,electronic,distortion,4.0,0.999442,0.69507,0.992479,0.683796,0.8286259036336918,0.84269675
electronic_09::distortion::drv12,electronic_09,electronic,distortion,12.0,0.999431,0.580273,0.976129,0.633823,0.7739539078528148,0.7974140000000001
electronic_09::distortion::drv32,electronic_09,electronic,distortion,32.0,0.999298,0.520337,0.954315,0.602336,0.7393968131579379,0.7690715
electronic_09::style_swap::swap_cross,electronic_09,electronic,style_swap,nan,0.962967,0.540225,0.613662,0.629425,0.669521959022847,0.68656975
electronic_09::style_swap::swap_same,electronic_09,electronic,style_swap,nan,0.892172,0.449766,0.724892,0.663505,0.6628086681868053,0.68258375
electronic_10::control::ctrl,electronic_10,electronic,control,0.0,1.0,1.0,1.0,0.810411,0.948803617392015,0.95260275
electronic_10::pitch_shift::-4st,electronic_10,electronic,pitch_shift,-4.0,0.927037,0.63649,0.955138,0.671573,0.7843537928842258,0.7975595
electronic_10::pitch_shift::-2st,electronic_10,electronic,pitch_shift,-2.0,0.934227,0.761208,0.965096,0.71841,0.8379626485565422,0.84473525
electronic_10::pitch_shift::-1st,electronic_10,electronic,pitch_shift,-1.0,0.948845,0.854291,0.968949,0.735278,0.8717428595921409,0.87684075
electronic_10::pitch_shift::+1st,electronic_10,electronic,pitch_shift,1.0,0.957321,0.877158,0.994434,0.770588,0.895639843032457,0.89987525
electronic_10::pitch_shift::+2st,electronic_10,electronic,pitch_shift,2.0,0.942156,0.799083,0.991552,0.722643,0.8570151537027209,0.8638585
electronic_10::pitch_shift::+4st,electronic_10,electronic,pitch_shift,4.0,0.926106,0.701639,0.987228,0.719798,0.8243290969207954,0.83369275
electronic_10::time_stretch::-20pct,electronic_10,electronic,time_stretch,-20.0,0.995521,0.872309,0.87537,0.7565,0.8708239053239072,0.874925
electronic_10::time_stretch::-10pct,electronic_10,electronic,time_stretch,-10.0,0.994197,0.889905,0.886615,0.784036,0.8855677524437905,0.88868825
electronic_10::time_stretch::-5pct,electronic_10,electronic,time_stretch,-5.0,0.997108,0.917396,0.935756,0.763266,0.8990511379912959,0.9033815000000001
electronic_10::time_stretch::+5pct,electronic_10,electronic,time_stretch,5.0,0.996636,0.915546,0.935756,0.782091,0.9039807079097375,0.90750725
electronic_10::time_stretch::+10pct,electronic_10,electronic,time_stretch,10.0,0.996679,0.890654,0.8822,0.77244,0.8819095282091406,0.88549325
electronic_10::time_stretch::+20pct,electronic_10,electronic,time_stretch,20.0,0.994358,0.875533,0.865741,0.784418,0.8768750377643905,0.8800125
electronic_10::lowpass::lp8000,electronic_10,electronic,lowpass,8000.0,0.999418,0.528164,0.99862,0.807738,0.8077866740339934,0.833485
electronic_10::lowpass::lp4000,electronic_10,electronic,lowpass,4000.0,0.999519,0.458573,0.995015,0.728948,0.7593315198688881,0.79551375
electronic_10::lowpass::lp2000,electronic_10,electronic,lowpass,2000.0,0.999878,0.436361,0.971037,0.710243,0.7406429963453897,0.77937975
electronic_10::distortion::drv4,electronic_10,electronic,distortion,4.0,0.998247,0.775004,0.992018,0.692911,0.8539545197867168,0.864545
electronic_10::distortion::drv12,electronic_10,electronic,distortion,12.0,0.99768,0.6507,0.96743,0.566792,0.77242057549462,0.7956505
electronic_10::distortion::drv32,electronic_10,electronic,distortion,32.0,0.997355,0.562191,0.917528,0.534999,0.7243133480123171,0.75301825
electronic_10::style_swap::swap_cross,electronic_10,electronic,style_swap,nan,0.942699,0.416073,0.937445,0.239747,0.5448919473918682,0.633991
electronic_10::style_swap::swap_same,electronic_10,electronic,style_swap,nan,0.859537,0.468063,0.899709,0.635552,0.6925569799457281,0.71571525
electronic_11::control::ctrl,electronic_11,electronic,control,0.0,1.0,1.0,1.0,0.720974,0.9214672422053144,0.9302435
electronic_11::pitch_shift::-4st,electronic_11,electronic,pitch_shift,-4.0,0.938685,0.513101,0.985868,0.698801,0.7589685092983701,0.7841137499999999
electronic_11::pitch_shift::-2st,electronic_11,electronic,pitch_shift,-2.0,0.948451,0.67216,0.947797,0.686351,0.802485679096246,0.81368975
electronic_11::pitch_shift::-1st,electronic_11,electronic,pitch_shift,-1.0,0.934442,0.804707,0.992252,0.661324,0.8381207618251643,0.84818125
electronic_11::pitch_shift::+1st,electronic_11,electronic,pitch_shift,1.0,0.931792,0.869101,0.946374,0.677755,0.8489481951947345,0.8562555000000001
electronic_11::pitch_shift::+2st,electronic_11,electronic,pitch_shift,2.0,0.941306,0.795511,0.944927,0.678035,0.8322558314294732,0.83994475
electronic_11::pitch_shift::+4st,electronic_11,electronic,pitch_shift,4.0,0.931312,0.665806,0.93389,0.626743,0.7761703171771154,0.78943775
electronic_11::time_stretch::-20pct,electronic_11,electronic,time_stretch,-20.0,0.995049,0.841323,0.678262,0.71967,0.7995295667543634,0.808576
electronic_11::time_stretch::-10pct,electronic_11,electronic,time_stretch,-10.0,0.998182,0.889206,0.738501,0.723259,0.8297824843931463,0.837287
electronic_11::time_stretch::-5pct,electronic_11,electronic,time_stretch,-5.0,0.999267,0.925465,0.80105,0.682601,0.8432707224683265,0.85209575
electronic_11::time_stretch::+5pct,electronic_11,electronic,time_stretch,5.0,0.998669,0.907761,0.760252,0.716304,0.8382277016414382,0.8457465000000001
electronic_11::time_stretch::+10pct,electronic_11,electronic,time_stretch,10.0,0.995713,0.891752,0.705064,0.739943,0.8249949098002142,0.833118
electronic_11::time_stretch::+20pct,electronic_11,electronic,time_stretch,20.0,0.994667,0.869275,0.674601,0.715921,0.8038717104538018,0.813616
electronic_11::lowpass::lp8000,electronic_11,electronic,lowpass,8000.0,0.999645,0.460656,0.952868,0.739625,0.7547736216368842,0.7881985
electronic_11::lowpass::lp4000,electronic_11,electronic,lowpass,4000.0,0.999927,0.446934,0.936248,0.742932,0.746685838067519,0.78151025
electronic_11::lowpass::lp2000,electronic_11,electronic,lowpass,2000.0,0.999985,0.414799,0.77553,0.699265,0.6886806726312867,0.72239475
electronic_11::distortion::drv4,electronic_11,electronic,distortion,4.0,0.999866,0.755976,0.946075,0.706237,0.8430075427645689,0.8520385
electronic_11::distortion::drv12,electronic_11,electronic,distortion,12.0,0.999465,0.563732,0.804425,0.682269,0.7457106903554815,0.76247275
electronic_11::distortion::drv32,electronic_11,electronic,distortion,32.0,0.998631,0.484526,0.758401,0.638601,0.6957651237853467,0.72003975
electronic_11::style_swap::swap_cross,electronic_11,electronic,style_swap,nan,0.822051,0.44278,0.665823,0.472771,0.5818005065043581,0.60085625
electronic_11::style_swap::swap_same,electronic_11,electronic,style_swap,nan,0.954572,0.520179,0.651857,0.541555,0.6470518787511438,0.66704075
electronic_12::control::ctrl,electronic_12,electronic,control,0.0,1.0,1.0,1.0,0.844959,0.9587577974712734,0.9612397500000001
electronic_12::pitch_shift::-4st,electronic_12,electronic,pitch_shift,-4.0,0.925351,0.609278,0.961158,0.790859,0.8091032775426799,0.8216615
electronic_12::pitch_shift::-2st,electronic_12,electronic,pitch_shift,-2.0,0.980443,0.741232,0.989681,0.805836,0.8725284608876485,0.879298
electronic_12::pitch_shift::-1st,electronic_12,electronic,pitch_shift,-1.0,0.994124,0.839776,0.996851,0.813193,0.9069993471217382,0.9109860000000001
electronic_12::pitch_shift::+1st,electronic_12,electronic,pitch_shift,1.0,0.989993,0.84999,0.992541,0.785886,0.9000952855873109,0.9046025
electronic_12::pitch_shift::+2st,electronic_12,electronic,pitch_shift,2.0,0.942581,0.718769,0.982626,0.795188,0.8529852514019937,0.859791
electronic_12::pitch_shift::+4st,electronic_12,electronic,pitch_shift,4.0,0.870986,0.580142,0.947041,0.763623,0.7774962732445525,0.790448
electronic_12::time_stretch::-20pct,electronic_12,electronic,time_stretch,-20.0,0.995486,0.893181,0.214705,0.79805,0.6247578522540623,0.7253555
electronic_12::time_stretch::-10pct,electronic_12,electronic,time_stretch,-10.0,0.995077,0.905521,0.353968,0.843262,0.7201458075227891,0.774457
electronic_12::time_stretch::-5pct,electronic_12,electronic,time_stretch,-5.0,0.99615,0.933377,0.503291,0.838201,0.7913840505088957,0.81775475
electronic_12::time_stretch::+5pct,electronic_12,electronic,time_stretch,5.0,0.996161,0.956473,0.497655,0.837304,0.7937860218214531,0.82189825
electronic_12::time_stretch::+10pct,electronic_12,electronic,time_stretch,10.0,0.992855,0.930926,0.376862,0.839752,0.735416882825529,0.7850987500000001
electronic_12::time_stretch::+20pct,electronic_12,electronic,time_stretch,20.0,0.995718,0.903473,0.218076,0.814142,0.6321787482412827,0.73285225
electronic_12::lowpass::lp8000,electronic_12,electronic,lowpass,8000.0,1.0,0.71859,0.999336,0.836792,0.8804456566324252,0.8886795
electronic_12::lowpass::lp4000,electronic_12,electronic,lowpass,4000.0,0.999967,0.617784,0.996177,0.798167,0.837169024032378,0.85302375
electronic_12::lowpass::lp2000,electronic_12,electronic,lowpass,2000.0,0.999998,0.523638,0.990328,0.767548,0.7942893187068263,0.820378
electronic_12::distortion::drv4,electronic_12,electronic,distortion,4.0,0.998066,0.772342,0.994745,0.799252,0.8847918274971608,0.89110125
electronic_12::distortion::drv12,electronic_12,electronic,distortion,12.0,0.996694,0.659341,0.979778,0.696251,0.8182600732953696,0.833016
electronic_12::distortion::drv32,electronic_12,electronic,distortion,32.0,0.996048,0.579753,0.949473,0.629727,0.7665483471092549,0.78875025
electronic_12::style_swap::swap_cross,electronic_12,electronic,style_swap,nan,0.761492,0.406166,0.45872,0.719567,0.5652583105714303,0.58648625
electronic_12::style_swap::swap_same,electronic_12,electronic,style_swap,nan,0.859537,0.468037,0.442778,0.567266,0.5638056035475704,0.5844045
electronic_13::control::ctrl,electronic_13,electronic,control,0.0,1.0,0.993659,0.999997,0.846999,0.9578108255449254,0.96016375
electronic_13::pitch_shift::-4st,electronic_13,electronic,pitch_shift,-4.0,0.969528,0.625518,0.984902,0.721952,0.8103551148869679,0.825475
electronic_13::pitch_shift::-2st,electronic_13,electronic,pitch_shift,-2.0,0.975927,0.764546,0.952799,0.81878,0.8734687423277243,0.8780129999999999
electronic_13::pitch_shift::-1st,electronic_13,electronic,pitch_shift,-1.0,0.980124,0.86583,0.955277,0.834188,0.9068317729199911,0.90885475
electronic_13::pitch_shift::+1st,electronic_13,electronic,pitch_shift,1.0,0.9904,0.872442,0.951772,0.816712,0.9052890436890031,0.9078315
electronic_13::pitch_shift::+2st,electronic_13,electronic,pitch_shift,2.0,0.973172,0.776106,0.988098,0.789235,0.87605071956064,0.88165275
electronic_13::pitch_shift::+4st,electronic_13,electronic,pitch_shift,4.0,0.962658,0.680156,0.922109,0.752466,0.8209891639087309,0.82934725
electronic_13::time_stretch::-20pct,electronic_13,electronic,time_stretch,-20.0,0.993593,0.887697,0.424245,0.843787,0.7496019531857195,0.7873304999999999
electronic_13::time_stretch::-10pct,electronic_13,electronic,time_stretch,-10.0,0.99723,0.912308,0.50519,0.857395,0.7923063333959353,0.81803075
electronic_13::time_stretch::-5pct,electronic_13,electronic,time_stretch,-5.0,0.995355,0.940778,0.593908,0.873587,0.8348772430866732,0.850907
electronic_13::time_stretch::+5pct,electronic_13,electronic,time_stretch,5.0,0.994426,0.950774,0.652717,0.84979,0.8509843572309517,0.8619267500000001
electronic_13::time_stretch::+10pct,electronic_13,electronic,time_stretch,10.0,0.993618,0.932963,0.558868,0.849423,0.814477858646421,0.833718
electronic_13::time_stretch::+20pct,electronic_13,electronic,time_stretch,20.0,0.996687,0.887836,0.481783,0.83454,0.7723204658063652,0.8002115
electronic_13::lowpass::lp8000,electronic_13,electronic,lowpass,8000.0,0.999985,0.491318,0.99848,0.839362,0.801052921544475,0.83228625
electronic_13::lowpass::lp4000,electronic_13,electronic,lowpass,4000.0,0.99999,0.470791,0.995247,0.750912,0.7701688205424436,0.804235
electronic_13::lowpass::lp2000,electronic_13,electronic,lowpass,2000.0,0.999998,0.461128,0.985278,0.744104,0.7625235523955446,0.797627
electronic_13::distortion::drv4,electronic_13,electronic,distortion,4.0,0.999837,0.85634,0.99342,0.8389,0.9190827861033068,0.92212425
electronic_13::distortion::drv12,electronic_13,electronic,distortion,12.0,0.999499,0.741137,0.977622,0.766975,0.8632930773412877,0.87130825
electronic_13::distortion::drv32,electronic_13,electronic,distortion,32.0,0.999227,0.664535,0.955131,0.615189,0.7903389407559175,0.8085205
electronic_13::style_swap::swap_cross,electronic_13,electronic,style_swap,nan,0.779592,0.418635,0.41568,0.60402,0.53503025247477,0.55448175
electronic_13::style_swap::swap_same,electronic_13,electronic,style_swap,nan,0.968089,0.528689,0.450717,0.455917,0.569477174102595,0.600853
electronic_14::control::ctrl,electronic_14,electronic,control,0.0,1.0,1.0,1.0,0.776063,0.9385863730254362,0.9440157499999999
electronic_14::pitch_shift::-4st,electronic_14,electronic,pitch_shift,-4.0,0.944088,0.604467,0.886371,0.713275,0.7750226655696575,0.7870502500000001
electronic_14::pitch_shift::-2st,electronic_14,electronic,pitch_shift,-2.0,0.947731,0.769855,0.944,0.732778,0.8428680844798196,0.848591
electronic_14::pitch_shift::-1st,electronic_14,electronic,pitch_shift,-1.0,0.961905,0.868735,0.947186,0.762986,0.8815416479998824,0.885203
electronic_14::pitch_shift::+1st,electronic_14,electronic,pitch_shift,1.0,0.963249,0.878183,0.992765,0.765915,0.8955455007230828,0.900028
electronic_14::pitch_shift::+2st,electronic_14,electronic,pitch_shift,2.0,0.950868,0.797621,0.98605,0.738692,0.8621241011980565,0.86830775
electronic_14::pitch_shift::+4st,electronic_14,electronic,pitch_shift,4.0,0.944287,0.708866,0.871025,0.729163,0.8074782815937205,0.81333525
electronic_14::time_stretch::-20pct,electronic_14,electronic,time_stretch,-20.0,0.992999,0.903846,0.412351,0.768463,0.7302697586970128,0.76941475
electronic_14::time_stretch::-10pct,electronic_14,electronic,time_stretch,-10.0,0.995971,0.894674,0.579551,0.79776,0.8011592595720792,0.816989
electronic_14::time_stretch::-5pct,electronic_14,electronic,time_stretch,-5.0,0.99772,0.932679,0.611064,0.79849,0.8208697735219052,0.8349882500000001
electronic_14::time_stretch::+5pct,electronic_14,electronic,time_stretch,5.0,0.994496,0.950972,0.644494,0.771504,0.8280984234469613,0.8403665
electronic_14::time_stretch::+10pct,electronic_14,electronic,time_stretch,10.0,0.997219,0.935161,0.574181,0.74698,0.7952591609182814,0.8133852500000001
electronic_14::time_stretch::+20pct,electronic_14,electronic,time_stretch,20.0,0.996834,0.940751,0.434703,0.744978,0.7423494721551455,0.7793165
electronic_14::lowpass::lp8000,electronic_14,electronic,lowpass,8000.0,0.999796,0.506671,0.993608,0.76696,0.7882360783831301,0.81675875
electronic_14::lowpass::lp4000,electronic_14,electronic,lowpass,4000.0,0.999959,0.470805,0.888807,0.735329,0.7447801703422873,0.773725
electronic_14::lowpass::lp2000,electronic_14,electronic,lowpass,2000.0,0.999934,0.452129,0.874068,0.757939,0.7397812055933553,0.7710175
electronic_14::distortion::drv4,electronic_14,electronic,distortion,4.0,0.99954,0.792163,0.985038,0.753353,0.8755209845694887,0.8825235
electronic_14::distortion::drv12,electronic_14,electronic,distortion,12.0,0.998372,0.641792,0.859453,0.643499,0.7715501765582271,0.785779
electronic_14::distortion::drv32,electronic_14,electronic,distortion,32.0,0.997578,0.55305,0.575864,0.625547,0.6676867896472843,0.68800975
electronic_14::style_swap::swap_cross,electronic_14,electronic,style_swap,nan,0.874988,0.389854,0.608194,0.55728,0.5831159488429647,0.607579
electronic_14::style_swap::swap_same,electronic_14,electronic,style_swap,nan,0.883613,0.53598,0.395106,0.70407,0.6024694594200647,0.62969225
electronic_15::control::ctrl,electronic_15,electronic,control,0.0,1.0,1.0,1.0,0.753795,0.9317798470536048,0.93844875
electronic_15::pitch_shift::-4st,electronic_15,electronic,pitch_shift,-4.0,0.840943,0.453885,0.960622,0.637507,0.6953243991091105,0.72323925
electronic_15::pitch_shift::-2st,electronic_15,electronic,pitch_shift,-2.0,0.896542,0.614272,0.974602,0.68489,0.7786546306047707,0.7925765
electronic_15::pitch_shift::-1st,electronic_15,electronic,pitch_shift,-1.0,0.782124,0.679699,0.964412,0.605925,0.746566382884758,0.75804
electronic_15::pitch_shift::+1st,electronic_15,electronic,pitch_shift,1.0,0.7797,0.737446,0.964919,0.671486,0.7812614489510028,0.78838775
electronic_15::pitch_shift::+2st,electronic_15,electronic,pitch_shift,2.0,0.884341,0.628087,0.963924,0.685794,0.7784290052214881,0.7905365
electronic_15::pitch_shift::+4st,electronic_15,electronic,pitch_shift,4.0,0.871583,0.518374,0.963308,0.656424,0.7310976617478526,0.75242225
electronic_15::time_stretch::-20pct,electronic_15,electronic,time_stretch,-20.0,0.997531,0.753489,0.939694,0.734104,0.848568371702875,0.8562045
electronic_15::time_stretch::-10pct,electronic_15,electronic,time_stretch,-10.0,0.998574,0.791701,0.932166,0.749264,0.8620201011457486,0.86792625
electronic_15::time_stretch::-5pct,electronic_15,electronic,time_stretch,-5.0,0.998306,0.796824,0.936356,0.753843,0.8656393653605743,0.87133225
electronic_15::time_stretch::+5pct,electronic_15,electronic,time_stretch,5.0,0.999215,0.764778,0.929735,0.737747,0.8508739759664649,0.85786875
electronic_15::time_stretch::+10pct,electronic_15,electronic,time_stretch,10.0,0.999031,0.797972,0.932326,0.751696,0.8645580582357718,0.87025625
electronic_15::time_stretch::+20pct,electronic_15,electronic,time_stretch,20.0,0.998811,0.790278,0.956694,0.736481,0.8635737876065448,0.8705660000000001
electronic_15::lowpass::lp8000,electronic_15,electronic,lowpass,8000.0,1.0,0.486819,0.998033,0.763447,0.7804100051294789,0.81207475
electronic_15::lowpass::lp4000,electronic_15,electronic,lowpass,4000.0,0.999999,0.431043,0.973595,0.734082,0.7450077114695105,0.78467975
electronic_15::lowpass::lp2000,electronic_15,electronic,lowpass,2000.0,0.999959,0.396597,0.971245,0.727694,0.7276161032672994,0.77387375
electronic_15::distortion::drv4,electronic_15,electronic,distortion,4.0,0.999999,0.955684,0.972045,0.748341,0.9131138872377921,0.91901725
electronic_15::distortion::drv12,electronic_15,electronic,distortion,12.0,0.999742,0.778311,0.975551,0.713352,0.8578250848844113,0.8667389999999999
electronic_15::distortion::drv32,electronic_15,electronic,distortion,32.0,0.996745,0.59547,0.967717,0.593494,0.7641034557768569,0.7883565
electronic_15::style_swap::swap_cross,electronic_15,electronic,style_swap,nan,0.942812,0.412285,0.947201,0.572006,0.6774329895013637,0.718576
electronic_15::style_swap::swap_same,electronic_15,electronic,style_swap,nan,0.87501,0.397523,0.917864,0.586349,0.6577751324786243,0.6941865
folk_01::control::ctrl,folk_01,folk,control,0.0,1.0,1.0,1.0,0.786495,0.9417247651713953,0.94662375
folk_01::pitch_shift::-4st,folk_01,folk,pitch_shift,-4.0,0.878283,0.512452,0.986858,0.598706,0.71810671267776,0.74407475
folk_01::pitch_shift::-2st,folk_01,folk,pitch_shift,-2.0,0.910474,0.645751,0.994751,0.748513,0.8134139043892337,0.82487225
folk_01::pitch_shift::-1st,folk_01,folk,pitch_shift,-1.0,0.852995,0.779787,0.996618,0.664654,0.8147262446807578,0.8235135
folk_01::pitch_shift::+1st,folk_01,folk,pitch_shift,1.0,0.811005,0.785732,0.994595,0.702744,0.8169309456329428,0.823519
folk_01::pitch_shift::+2st,folk_01,folk,pitch_shift,2.0,0.914739,0.648749,0.988924,0.736113,0.8107189516891595,0.82213125
folk_01::pitch_shift::+4st,folk_01,folk,pitch_shift,4.0,0.85088,0.526821,0.974069,0.629265,0.7240001783878645,0.74525875
folk_01::time_stretch::-20pct,folk_01,folk,time_stretch,-20.0,0.995576,0.864157,0.496007,0.773621,0.7580027507750373,0.78234025
folk_01::time_stretch::-10pct,folk_01,folk,time_stretch,-10.0,0.998741,0.893672,0.598147,0.785757,0.8047885786271034,0.81907925
folk_01::time_stretch::-5pct,folk_01,folk,time_stretch,-5.0,0.999482,0.923512,0.646632,0.787687,0.8280510223865003,0.83932825
folk_01::time_stretch::+5pct,folk_01,folk,time_stretch,5.0,0.998548,0.940892,0.664799,0.795272,0.8395154496807431,0.84987775
folk_01::time_stretch::+10pct,folk_01,folk,time_stretch,10.0,0.994638,0.90524,0.590092,0.798462,0.8070504622662934,0.8221080000000001
folk_01::time_stretch::+20pct,folk_01,folk,time_stretch,20.0,0.99474,0.804261,0.521485,0.803135,0.7608240654606032,0.78090525
folk_01::lowpass::lp8000,folk_01,folk,lowpass,8000.0,0.999954,0.501764,0.999435,0.779887,0.7907995965083546,0.82026
folk_01::lowpass::lp4000,folk_01,folk,lowpass,4000.0,0.999555,0.43656,0.997014,0.709616,0.7454076115572955,0.78568625
folk_01::lowpass::lp2000,folk_01,folk,lowpass,2000.0,0.998372,0.442274,0.991835,0.668707,0.7356390505146951,0.775297
folk_01::distortion::drv4,folk_01,folk,distortion,4.0,0.999769,0.677715,0.997098,0.764658,0.8477893595973556,0.85981
folk_01::distortion::drv12,folk_01,folk,distortion,12.0,0.993428,0.489176,0.988871,0.713702,0.765269708602864,0.79629425
folk_01::distortion::drv32,folk_01,folk,distortion,32.0,0.996681,0.423966,0.967467,0.603022,0.7046348705823987,0.747784
folk_01::style_swap::swap_cross,folk_01,folk,style_swap,nan,0.906383,0.349768,0.465617,0.518517,0.5259820377249242,0.56007125
folk_01::style_swap::swap_same,folk_01,folk,style_swap,nan,0.649426,0.38526,0.531447,0.567229,0.5240533415741347,0.5333405
folk_02::control::ctrl,folk_02,folk,control,0.0,1.0,1.0,1.0,0.825891,0.9533023933824191,0.95647275
folk_02::pitch_shift::-4st,folk_02,folk,pitch_shift,-4.0,0.79579,0.561908,0.968751,0.666978,0.7331567568266297,0.74835675
folk_02::pitch_shift::-2st,folk_02,folk,pitch_shift,-2.0,0.726504,0.685723,0.989176,0.695695,0.7651908968322411,0.7742745
folk_02::pitch_shift::-1st,folk_02,folk,pitch_shift,-1.0,0.83772,0.796936,0.990462,0.722679,0.8314313493676516,0.83694925
folk_02::pitch_shift::+1st,folk_02,folk,pitch_shift,1.0,0.80573,0.790353,0.973029,0.706178,0.8133222473196353,0.8188225
folk_02::pitch_shift::+2st,folk_02,folk,pitch_shift,2.0,0.717197,0.67362,0.988302,0.768063,0.7781888232559006,0.7867955
folk_02::pitch_shift::+4st,folk_02,folk,pitch_shift,4.0,0.784144,0.586191,0.969324,0.670735,0.7393732366699637,0.7525985
folk_02::time_stretch::-20pct,folk_02,folk,time_stretch,-20.0,0.997082,0.836732,0.839746,0.805416,0.8667051213673228,0.8697440000000001
folk_02::time_stretch::-10pct,folk_02,folk,time_stretch,-10.0,0.993775,0.852342,0.85426,0.790282,0.8695979945495975,0.87266475
folk_02::time_stretch::-5pct,folk_02,folk,time_stretch,-5.0,0.997667,0.883533,0.871756,0.75505,0.8727598517281391,0.8770015
folk_02::time_stretch::+5pct,folk_02,folk,time_stretch,5.0,0.994668,0.859647,0.88108,0.778004,0.8749814941302085,0.87834975
folk_02::time_stretch::+10pct,folk_02,folk,time_stretch,10.0,0.994877,0.880931,0.854579,0.759298,0.868398248961647,0.87242125
folk_02::time_stretch::+20pct,folk_02,folk,time_stretch,20.0,0.996011,0.844646,0.822836,0.797484,0.8619727408308455,0.8652442499999999
folk_02::lowpass::lp8000,folk_02,folk,lowpass,8000.0,0.999994,0.667875,0.999496,0.819124,0.8599155909990182,0.87162225
folk_02::lowpass::lp4000,folk_02,folk,lowpass,4000.0,0.998544,0.47605,0.995762,0.744524,0.770483790947552,0.80372
folk_02::lowpass::lp2000,folk_02,folk,lowpass,2000.0,0.999954,0.429862,0.989002,0.740867,0.7491376501366079,0.78992125
folk_02::distortion::drv4,folk_02,folk,distortion,4.0,0.996031,0.690976,0.930826,0.760347,0.8354184074616483,0.844545
folk_02::distortion::drv12,folk_02,folk,distortion,12.0,0.9878,0.481315,0.91269,0.692111,0.7402857090287221,0.768479
folk_02::distortion::drv32,folk_02,folk,distortion,32.0,0.984613,0.456286,0.893513,0.618478,0.705881760511437,0.7382225
folk_02::style_swap::swap_cross,folk_02,folk,style_swap,nan,0.89088,0.407892,0.80177,0.532591,0.6276275596205585,0.65828325
folk_02::style_swap::swap_same,folk_02,folk,style_swap,nan,0.821751,0.435787,0.841288,0.648171,0.6647559000278527,0.68674925
folk_03::control::ctrl,folk_03,folk,control,0.0,1.0,1.0,1.0,0.858099,0.9624636782804119,0.96452475
folk_03::pitch_shift::-4st,folk_03,folk,pitch_shift,-4.0,0.81891,0.673368,0.991218,0.722022,0.7925963440475807,0.8013795
folk_03::pitch_shift::-2st,folk_03,folk,pitch_shift,-2.0,0.806482,0.801302,0.995688,0.790532,0.8445170232702827,0.848501
folk_03::pitch_shift::-1st,folk_03,folk,pitch_shift,-1.0,0.889411,0.876651,0.997764,0.783655,0.8836300811734294,0.88687025
folk_03::pitch_shift::+1st,folk_03,folk,pitch_shift,1.0,0.926669,0.871384,0.973889,0.806289,0.8923466608750003,0.89455775
folk_03::pitch_shift::+2st,folk_03,folk,pitch_shift,2.0,0.826011,0.780384,0.994554,0.754181,0.8338722774963419,0.8387825
folk_03::pitch_shift::+4st,folk_03,folk,pitch_shift,4.0,0.81797,0.642399,0.96413,0.770595,0.7904529122058206,0.7987735
folk_03::time_stretch::-20pct,folk_03,folk,time_stretch,-20.0,0.991558,0.887336,0.736883,0.775802,0.8421489551697511,0.84789475
folk_03::time_stretch::-10pct,folk_03,folk,time_stretch,-10.0,0.993192,0.935953,0.818374,0.793901,0.8815589448302477,0.885355
folk_03::time_stretch::-5pct,folk_03,folk,time_stretch,-5.0,0.992738,0.948462,0.865759,0.81264,0.902168061244685,0.90489975
folk_03::time_stretch::+5pct,folk_03,folk,time_stretch,5.0,0.989697,0.925641,0.826593,0.791838,0.8799707262600569,0.8834422500000001
folk_03::time_stretch::+10pct,folk_03,folk,time_stretch,10.0,0.990863,0.909039,0.818869,0.797254,0.8756928751223825,0.87900625
folk_03::time_stretch::+20pct,folk_03,folk,time_stretch,20.0,0.987468,0.900167,0.77387,0.777974,0.8553026214835793,0.85986975
folk_03::lowpass::lp8000,folk_03,folk,lowpass,8000.0,0.994476,0.675563,0.998619,0.858956,0.8712799621748561,0.8819035000000001
folk_03::lowpass::lp4000,folk_03,folk,lowpass,4000.0,0.995525,0.591141,0.993953,0.800612,0.8272424252502627,0.84530775
folk_03::lowpass::lp2000,folk_03,folk,lowpass,2000.0,0.995449,0.498634,0.986788,0.731221,0.7736033726132054,0.803023
folk_03::distortion::drv4,folk_03,folk,distortion,4.0,0.994939,0.813659,0.998427,0.825799,0.903872949358912,0.908206
folk_03::distortion::drv12,folk_03,folk,distortion,12.0,0.994688,0.642654,0.971034,0.67951,0.805885971196655,0.8219715
folk_03::distortion::drv32,folk_03,folk,distortion,32.0,0.99313,0.559313,0.964637,0.603512,0.7540978630856873,0.780148
folk_03::style_swap::swap_cross,folk_03,folk,style_swap,nan,0.802467,0.464467,0.79124,0.574633,0.6416086503262544,0.65820175
folk_03::style_swap::swap_same,folk_03,folk,style_swap,nan,0.838325,0.510036,0.864919,0.547835,0.670902816828808,0.69027875
folk_04::control::ctrl,folk_04,folk,control,0.0,1.0,1.0,1.0,0.766463,0.9356702016114259,0.94161575
folk_04::pitch_shift::-4st,folk_04,folk,pitch_shift,-4.0,0.847736,0.601474,0.990731,0.639485,0.7539037435602949,0.7698564999999999
folk_04::pitch_shift::-2st,folk_04,folk,pitch_shift,-2.0,0.854301,0.752888,0.99428,0.754418,0.833423052432819,0.83897175
folk_04::pitch_shift::-1st,folk_04,folk,pitch_shift,-1.0,0.840002,0.862555,0.995805,0.723987,0.8501450822086354,0.85558725
folk_04::pitch_shift::+1st,folk_04,folk,pitch_shift,1.0,0.849374,0.852991,0.994468,0.706977,0.8448116174623436,0.8509525
folk_04::pitch_shift::+2st,folk_04,folk,pitch_shift,2.0,0.850427,0.74091,0.991388,0.75771,0.8294444266681433,0.8351087500000001
folk_04::pitch_shift::+4st,folk_04,folk,pitch_shift,4.0,0.84471,0.631192,0.985375,0.714459,0.7827300244471722,0.7939339999999999
folk_04::time_stretch::-20pct,folk_04,folk,time_stretch,-20.0,0.996647,0.864388,0.762383,0.749831,0.8377157330766146,0.84331225
folk_04::time_stretch::-10pct,folk_04,folk,time_stretch,-10.0,0.999284,0.910771,0.801553,0.788857,0.870977956767476,0.87511625
folk_04::time_stretch::-5pct,folk_04,folk,time_stretch,-5.0,0.998406,0.932391,0.848898,0.770262,0.8832828732611061,0.88748925
folk_04::time_stretch::+5pct,folk_04,folk,time_stretch,5.0,0.998557,0.943118,0.845804,0.74397,0.8773866318170406,0.8828622500000001
folk_04::time_stretch::+10pct,folk_04,folk,time_stretch,10.0,0.99702,0.922936,0.820057,0.759332,0.8700371554011055,0.87483625
folk_04::time_stretch::+20pct,folk_04,folk,time_stretch,20.0,0.995873,0.893722,0.778709,0.73123,0.8437405086039065,0.8498835
folk_04::lowpass::lp8000,folk_04,folk,lowpass,8000.0,0.999999,0.560813,0.997609,0.76956,0.8100374924999444,0.83199525
folk_04::lowpass::lp4000,folk_04,folk,lowpass,4000.0,0.999999,0.507935,0.990416,0.77269,0.7896009481624602,0.81776
folk_04::lowpass::lp2000,folk_04,folk,lowpass,2000.0,0.999972,0.424061,0.975807,0.755773,0.7478127554688427,0.78890325
folk_04::distortion::drv4,folk_04,folk,distortion,4.0,0.999622,0.842631,0.995711,0.725169,0.8831031693086248,0.89078325
folk_04::distortion::drv12,folk_04,folk,distortion,12.0,0.996128,0.669891,0.984405,0.696795,0.822525804903103,0.83680475
folk_04::distortion::drv32,folk_04,folk,distortion,32.0,0.991641,0.570901,0.973388,0.617984,0.763914272760519,0.7884785
folk_04::style_swap::swap_cross,folk_04,folk,style_swap,nan,0.750422,0.397437,0.869202,0.503905,0.6011887008525785,0.6302415
folk_04::style_swap::swap_same,folk_04,folk,style_swap,nan,0.700553,0.469813,0.894759,0.550336,0.6344903281984295,0.65386525
folk_05::control::ctrl,folk_05,folk,control,0.0,1.0,1.0,1.0,0.787149,0.9419204739932294,0.94678725
folk_05::pitch_shift::-4st,folk_05,folk,pitch_shift,-4.0,0.669109,0.618011,0.9752,0.70618,0.7305089576582716,0.7421249999999999
folk_05::pitch_shift::-2st,folk_05,folk,pitch_shift,-2.0,0.608549,0.749106,0.979225,0.754123,0.7617121393557681,0.77275075
folk_05::pitch_shift::-1st,folk_05,folk,pitch_shift,-1.0,0.578449,0.773226,0.981014,0.736043,0.7538544084565788,0.767183
folk_05::pitch_shift::+1st,folk_05,folk,pitch_shift,1.0,0.582867,0.74813,0.992849,0.759303,0.7572010615078518,0.7707872499999999
folk_05::pitch_shift::+2st,folk_05,folk,pitch_shift,2.0,0.612532,0.732405,0.978642,0.771108,0.7627896390834519,0.77367175
folk_05::pitch_shift::+4st,folk_05,folk,pitch_shift,4.0,0.70687,0.590455,0.989918,0.741153,0.743889385353504,0.757099
folk_05::time_stretch::-20pct,folk_05,folk,time_stretch,-20.0,0.99033,0.786007,0.923406,0.797262,0.870061649918988,0.87425125
folk_05::time_stretch::-10pct,folk_05,folk,time_stretch,-10.0,0.998108,0.806291,0.950248,0.769595,0.8758750142906712,0.8810605
folk_05::time_stretch::-5pct,folk_05,folk,time_stretch,-5.0,0.999441,0.764857,0.944617,0.750275,0.8579330728848402,0.8647975
folk_05::time_stretch::+5pct,folk_05,folk,time_stretch,5.0,0.99839,0.768592,0.898975,0.774395,0.8549221301617412,0.860088
folk_05::time_stretch::+10pct,folk_05,folk,time_stretch,10.0,0.997342,0.787184,0.904006,0.787149,0.8645441110826899,0.86892025
folk_05::time_stretch::+20pct,folk_05,folk,time_stretch,20.0,0.991051,0.749819,0.925591,0.77809,0.8553135465689466,0.86113775
folk_05::lowpass::lp8000,folk_05,folk,lowpass,8000.0,0.999984,0.931768,0.999961,0.783569,0.9243581774899583,0.9288205
folk_05::lowpass::lp4000,folk_05,folk,lowpass,4000.0,0.999898,0.564107,0.999644,0.777438,0.8136864411233429,0.83527175
folk_05::lowpass::lp2000,folk_05,folk,lowpass,2000.0,0.999961,0.452369,0.998639,0.754854,0.764164477309626,0.80145575
folk_05::distortion::drv4,folk_05,folk,distortion,4.0,0.999944,0.85361,0.998292,0.785692,0.9045576976100388,0.9093845
folk_05::distortion::drv12,folk_05,folk,distortion,12.0,0.997911,0.643827,0.977717,0.742049,0.8262789454119676,0.840376
folk_05::distortion::drv32,folk_05,folk,distortion,32.0,0.990057,0.508045,0.91628,0.698374,0.7532162179136351,0.778189
folk_05::style_swap::swap_cross,folk_05,folk,style_swap,nan,0.914382,0.465521,0.921075,0.654134,0.7116347806847004,0.738778
folk_05::style_swap::swap_same,folk_05,folk,style_swap,nan,0.622665,0.467365,0.874674,0.606503,0.6268266503468869,0.64280175
folk_06::control::ctrl,folk_06,folk,control,0.0,1.0,1.0,1.0,0.811906,0.9492408897147405,0.9529765
folk_06::pitch_shift::-4st,folk_06,folk,pitch_shift,-4.0,0.500311,0.404109,0.97596,0.63986,0.5960928170530777,0.63006
folk_06::pitch_shift::-2st,folk_06,folk,pitch_shift,-2.0,0.479379,0.536206,0.995752,0.715462,0.6541647052152134,0.6816997499999999
folk_06::pitch_shift::-1st,folk_06,folk,pitch_shift,-1.0,0.594461,0.696802,0.997566,0.687824,0.7301514131570833,0.7441632499999999
folk_06::pitch_shift::+1st,folk_06,folk,pitch_shift,1.0,0.496503,0.767478,0.960527,0.696954,0.7106820985118649,0.7303655
folk_06::pitch_shift::+2st,folk_06,folk,pitch_shift,2.0,0.504675,0.653127,0.958851,0.709081,0.6880406553647498,0.7064334999999999
folk_06::pitch_shift::+4st,folk_06,folk,pitch_shift,4.0,0.510852,0.52371,0.991714,0.644626,0.6430874832155797,0.6677255
folk_06::time_stretch::-20pct,folk_06,folk,time_stretch,-20.0,0.992793,0.826043,0.857109,0.761394,0.8553162374049412,0.85933475
folk_06::time_stretch::-10pct,folk_06,folk,time_stretch,-10.0,0.998459,0.902841,0.935378,0.754456,0.8930805769041749,0.8977835000000001
folk_06::time_stretch::-5pct,folk_06,folk,time_stretch,-5.0,0.998643,0.922306,0.906693,0.785422,0.8999370982949271,0.9032659999999999
folk_06::time_stretch::+5pct,folk_06,folk,time_stretch,5.0,0.998311,0.923108,0.919805,0.77625,0.9006456123246391,0.9043685
folk_06::time_stretch::+10pct,folk_06,folk,time_stretch,10.0,0.996359,0.892869,0.919506,0.75692,0.8870580373332032,0.8914135000000001
folk_06::time_stretch::+20pct,folk_06,folk,time_stretch,20.0,0.985199,0.879807,0.851655,0.770557,0.8684502839107261,0.8718045000000001
folk_06::lowpass::lp8000,folk_06,folk,lowpass,8000.0,1.0,0.427535,0.998836,0.814885,0.7680518614809358,0.810314
folk_06::lowpass::lp4000,folk_06,folk,lowpass,4000.0,0.999977,0.443911,0.997363,0.729126,0.7537640822532128,0.7925942500000001
folk_06::lowpass::lp2000,folk_06,folk,lowpass,2000.0,0.984626,0.370865,0.996223,0.680653,0.7054112295321401,0.75809175
folk_06::distortion::drv4,folk_06,folk,distortion,4.0,0.999937,0.590138,0.959201,0.781464,0.8155229824181844,0.832685
folk_06::distortion::drv12,folk_06,folk,distortion,12.0,0.998352,0.447169,0.954707,0.750311,0.7519980255006978,0.7876347499999999
folk_06::distortion::drv32,folk_06,folk,distortion,32.0,0.993986,0.401387,0.941683,0.678946,0.7106747470535526,0.7540005000000001
folk_06::style_swap::swap_cross,folk_06,folk,style_swap,nan,0.744829,0.361779,0.864779,0.59455,0.6100962596717466,0.64148425
folk_06::style_swap::swap_same,folk_06,folk,style_swap,nan,0.912357,0.367504,0.921461,0.688159,0.6790443780650927,0.72237025
folk_07::control::ctrl,folk_07,folk,control,0.0,1.0,1.0,1.0,0.861685,0.963467641437446,0.96542125
folk_07::pitch_shift::-4st,folk_07,folk,pitch_shift,-4.0,0.796968,0.485182,0.989702,0.753795,0.7328680963549182,0.75641175
folk_07::pitch_shift::-2st,folk_07,folk,pitch_shift,-2.0,0.757619,0.632054,0.994944,0.71014,0.7626704393643354,0.77368925
folk_07::pitch_shift::-1st,folk_07,folk,pitch_shift,-1.0,0.842584,0.759281,0.997153,0.836789,0.8547682375207976,0.85895175
folk_07::pitch_shift::+1st,folk_07,folk,pitch_shift,1.0,0.848528,0.825588,0.996127,0.749657,0.8504557377338637,0.854975
folk_07::pitch_shift::+2st,folk_07,folk,pitch_shift,2.0,0.750725,0.728953,0.993741,0.692806,0.7834590718487511,0.79155625
folk_07::pitch_shift::+4st,folk_07,folk,pitch_shift,4.0,0.772923,0.604835,0.988649,0.711262,0.7572010732624254,0.76941725
folk_07::time_stretch::-20pct,folk_07,folk,time_stretch,-20.0,0.995357,0.876624,0.839984,0.897139,0.9004938382378463,0.902276
folk_07::time_stretch::-10pct,folk_07,folk,time_stretch,-10.0,0.997135,0.895737,0.858419,0.874474,0.9048887197461047,0.90644125
folk_07::time_stretch::-5pct,folk_07,folk,time_stretch,-5.0,0.996855,0.924252,0.900683,0.897151,0.9288914714447515,0.92973525
folk_07::time_stretch::+5pct,folk_07,folk,time_stretch,5.0,0.996207,0.941659,0.882771,0.857275,0.9179158452619606,0.919478
folk_07::time_stretch::+10pct,folk_07,folk,time_stretch,10.0,0.996562,0.904148,0.858755,0.834596,0.8964423319086016,0.89851525
folk_07::time_stretch::+20pct,folk_07,folk,time_stretch,20.0,0.992535,0.864864,0.831519,0.821165,0.8749818904116323,0.87752075
folk_07::lowpass::lp8000,folk_07,folk,lowpass,8000.0,0.999943,0.448054,0.998557,0.859462,0.7874559808413273,0.826504
folk_07::lowpass::lp4000,folk_07,folk,lowpass,4000.0,0.999932,0.422538,0.995446,0.778058,0.7563389728152693,0.7989935
folk_07::lowpass::lp2000,folk_07,folk,lowpass,2000.0,0.99972,0.408585,0.990009,0.754783,0.7432852472310655,0.78827425
folk_07::distortion::drv4,folk_07,folk,distortion,4.0,0.999439,0.821782,0.999053,0.855143,0.9152401161174848,0.91885425
folk_07::distortion::drv12,folk_07,folk,distortion,12.0,0.99528,0.668085,0.994791,0.817094,0.857423173062798,0.8688125
folk_07::distortion::drv32,folk_07,folk,distortion,32.0,0.989306,0.542109,0.986895,0.762462,0.7970335508685881,0.820193
folk_07::style_swap::swap_cross,folk_07,folk,style_swap,nan,0.848329,0.457508,0.83698,0.660669,0.6806369215480484,0.7008715
folk_07::style_swap::swap_same,folk_07,folk,style_swap,nan,0.754787,0.43625,0.89111,0.686142,0.6698480435209763,0.69207225
folk_08::control::ctrl,folk_08,folk,control,0.0,1.0,1.0,1.0,0.883102,0.9693993341491001,0.9707755
folk_08::pitch_shift::-4st,folk_08,folk,pitch_shift,-4.0,0.811519,0.608798,0.984192,0.809964,0.7921900149673999,0.80361825
folk_08::pitch_shift::-2st,folk_08,folk,pitch_shift,-2.0,0.779549,0.769229,0.989685,0.807805,0.8321002416538963,0.8365670000000001
folk_08::pitch_shift::-1st,folk_08,folk,pitch_shift,-1.0,0.738431,0.866369,0.992819,0.821308,0.8498597073266049,0.85473175
folk_08::pitch_shift::+1st,folk_08,folk,pitch_shift,1.0,0.759673,0.871636,0.991858,0.813464,0.8549435145133445,0.85915775
folk_08::pitch_shift::+2st,folk_08,folk,pitch_shift,2.0,0.788093,0.787837,0.98797,0.827639,0.8441111499591454,0.84788475
folk_08::pitch_shift::+4st,folk_08,folk,pitch_shift,4.0,0.797853,0.662573,0.979784,0.824332,0.8083459741895164,0.8161355
folk_08::time_stretch::-20pct,folk_08,folk,time_stretch,-20.0,0.996396,0.880568,0.65257,0.86801,0.8396275434061734,0.849386
folk_08::time_stretch::-10pct,folk_08,folk,time_stretch,-10.0,0.998267,0.892486,0.714182,0.908603,0.8719825588973832,0.8783845
folk_08::time_stretch::-5pct,folk_08,folk,time_stretch,-5.0,0.99923,0.919156,0.7771,0.893366,0.8935940224135516,0.897213
folk_08::time_stretch::+5pct,folk_08,folk,time_stretch,5.0,0.9985,0.916741,0.774555,0.890735,0.8914538724765133,0.89513275
folk_08::time_stretch::+10pct,folk_08,folk,time_stretch,10.0,0.996703,0.893832,0.724311,0.846587,0.8597151600455682,0.86535825
folk_08::time_stretch::+20pct,folk_08,folk,time_stretch,20.0,0.995654,0.866634,0.676709,0.839264,0.8366834496224919,0.84456525
folk_08::lowpass::lp8000,folk_08,folk,lowpass,8000.0,0.999987,0.483058,0.993999,0.880453,0.8063460067267803,0.83937425
folk_08::lowpass::lp4000,folk_08,folk,lowpass,4000.0,0.999998,0.464628,0.983184,0.874617,0.7950405990537487,0.83060675
folk_08::lowpass::lp2000,folk_08,folk,lowpass,2000.0,0.999908,0.432986,0.93178,0.843302,0.7637172551603169,0.801994
folk_08::distortion::drv4,folk_08,folk,distortion,4.0,0.999216,0.766025,0.989841,0.867352,0.9003591583085404,0.9056085
folk_08::distortion::drv12,folk_08,folk,distortion,12.0,0.994358,0.597912,0.972681,0.799295,0.8245450573277016,0.8410615
folk_08::distortion::drv32,folk_08,folk,distortion,32.0,0.992595,0.522198,0.94581,0.685977,0.7615180221601402,0.786645
folk_08::style_swap::swap_cross,folk_08,folk,style_swap,nan,0.824456,0.540516,0.746492,0.627676,0.6759805178931189,0.684785
folk_08::style_swap::swap_same,folk_08,folk,style_swap,nan,0.869323,0.538745,0.808248,0.740542,0.7276368565136878,0.7392145
folk_09::control::ctrl,folk_09,folk,control,0.0,1.0,1.0,1.0,0.822602,0.9523518730164066,0.9556505
folk_09::pitch_shift::-4st,folk_09,folk,pitch_shift,-4.0,0.860672,0.554144,0.985194,0.70903,0.7597341874680487,0.7772600000000001
folk_09::pitch_shift::-2st,folk_09,folk,pitch_shift,-2.0,0.940819,0.72573,0.993781,0.770586,0.8503510256092556,0.857729
folk_09::pitch_shift::-1st,folk_09,folk,pitch_shift,-1.0,0.953136,0.837137,0.9959,0.789616,0.8900118123782996,0.89394725
folk_09::pitch_shift::+1st,folk_09,folk,pitch_shift,1.0,0.952469,0.870368,0.994372,0.775497,0.8941712323305758,0.8981765
folk_09::pitch_shift::+2st,folk_09,folk,pitch_shift,2.0,0.937555,0.778269,0.990568,0.682227,0.8379824454771219,0.8471547500000001
folk_09::pitch_shift::+4st,folk_09,folk,pitch_shift,4.0,0.862675,0.654368,0.981869,0.68087,0.7837846491469558,0.7949455
folk_09::time_stretch::-20pct,folk_09,folk,time_stretch,-20.0,0.990104,0.888592,0.658617,0.82545,0.8316234568205313,0.84069075
folk_09::time_stretch::-10pct,folk_09,folk,time_stretch,-10.0,0.997053,0.899616,0.711724,0.798697,0.8450205485017179,0.8517725
folk_09::time_stretch::-5pct,folk_09,folk,time_stretch,-5.0,0.994906,0.918413,0.777414,0.83626,0.8779169589187469,0.88174825
folk_09::time_stretch::+5pct,folk_09,folk,time_stretch,5.0,0.994964,0.930842,0.783213,0.762957,0.8625133420553703,0.8679939999999999
folk_09::time_stretch::+10pct,folk_09,folk,time_stretch,10.0,0.996206,0.905211,0.728431,0.767663,0.8426835209171508,0.84937775
folk_09::time_stretch::+20pct,folk_09,folk,time_stretch,20.0,0.992138,0.898712,0.712104,0.832473,0.8526612993350853,0.85885675
folk_09::lowpass::lp8000,folk_09,folk,lowpass,8000.0,0.999992,0.470127,0.996938,0.833056,0.7904756868839149,0.82502825
folk_09::lowpass::lp4000,folk_09,folk,lowpass,4000.0,0.999984,0.451317,0.989423,0.673775,0.7406156920430167,0.77862475
folk_09::lowpass::lp2000,folk_09,folk,lowpass,2000.0,0.99999,0.432733,0.979228,0.611396,0.7134368248857079,0.7558367500000001
folk_09::distortion::drv4,folk_09,folk,distortion,4.0,0.99881,0.75662,0.990994,0.665164,0.8401176619013417,0.852897
folk_09::distortion::drv12,folk_09,folk,distortion,12.0,0.995673,0.575161,0.971065,0.481332,0.7192830054044359,0.75580775
folk_09::distortion::drv32,folk_09,folk,distortion,32.0,0.99428,0.493401,0.944556,0.454058,0.6772701625600662,0.72157375
folk_09::style_swap::swap_cross,folk_09,folk,style_swap,nan,0.930703,0.480277,0.718031,0.602996,0.6632696606947264,0.68300175
folk_09::style_swap::swap_same,folk_09,folk,style_swap,nan,0.861831,0.432369,0.746361,0.588081,0.635939332244976,0.6571605
folk_10::control::ctrl,folk_10,folk,control,0.0,1.0,1.0,1.0,0.830359,0.9545891071349527,0.95758975
folk_10::pitch_shift::-4st,folk_10,folk,pitch_shift,-4.0,0.936492,0.588548,0.967853,0.765232,0.799322652405012,0.8145312499999999
folk_10::pitch_shift::-2st,folk_10,folk,pitch_shift,-2.0,0.932444,0.752688,0.971258,0.806622,0.8611139120652015,0.865753
folk_10::pitch_shift::-1st,folk_10,folk,pitch_shift,-1.0,0.950759,0.868747,0.996632,0.775709,0.8939214432624616,0.89796175
folk_10::pitch_shift::+1st,folk_10,folk,pitch_shift,1.0,0.952071,0.869891,0.994559,0.767365,0.8916443834574478,0.8959714999999999
folk_10::pitch_shift::+2st,folk_10,folk,pitch_shift,2.0,0.927582,0.7768,0.990506,0.82937,0.8771356051771789,0.8810645
folk_10::pitch_shift::+4st,folk_10,folk,pitch_shift,4.0,0.918894,0.640411,0.959584,0.766268,0.8110487728638603,0.82128925
folk_10::time_stretch::-20pct,folk_10,folk,time_stretch,-20.0,0.99793,0.88409,0.687605,0.808719,0.8369187685927693,0.8445860000000001
folk_10::time_stretch::-10pct,folk_10,folk,time_stretch,-10.0,0.998633,0.918427,0.728112,0.829662,0.8627550021123648,0.8687085
folk_10::time_stretch::-5pct,folk_10,folk,time_stretch,-5.0,0.99935,0.933182,0.807367,0.815932,0.8853239898460972,0.88895775
folk_10::time_stretch::+5pct,folk_10,folk,time_stretch,5.0,0.999237,0.960268,0.797689,0.785601,0.880590809613289,0.88569875
folk_10::time_stretch::+10pct,folk_10,folk,time_stretch,10.0,0.998621,0.933421,0.763216,0.800361,0.8686661765293844,0.87390475
folk_10::time_stretch::+20pct,folk_10,folk,time_stretch,20.0,0.995365,0.906378,0.721385,0.814005,0.8531422998407201,0.85928325
folk_10::lowpass::lp8000,folk_10,folk,lowpass,8000.0,0.999222,0.505129,0.997304,0.831001,0.8042171853310128,0.833164
folk_10::lowpass::lp4000,folk_10,folk,lowpass,4000.0,1.0,0.490194,0.987515,0.793183,0.7871749630933669,0.817723
folk_10::lowpass::lp2000,folk_10,folk,lowpass,2000.0,0.999894,0.446114,0.966547,0.788668,0.7636234435905865,0.80030575
folk_10::distortion::drv4,folk_10,folk,distortion,4.0,0.999536,0.766818,0.994307,0.771968,0.8757953471900871,0.88315725
folk_10::distortion::drv12,folk_10,folk,distortion,12.0,0.998239,0.615445,0.960896,0.650745,0.787277340284489,0.8063312499999999
folk_10::distortion::drv32,folk_10,folk,distortion,32.0,0.997095,0.535203,0.950798,0.48263,0.7034600081773972,0.7414315
folk_10::style_swap::swap_cross,folk_10,folk,style_swap,nan,0.960052,0.507955,0.706732,0.534094,0.6550102752431235,0.6772082500000001
folk_10::style_swap::swap_same,folk_10,folk,style_swap,nan,0.830953,0.55799,0.737053,0.501437,0.6433976831033876,0.65685825
folk_11::control::ctrl,folk_11,folk,control,0.0,1.0,1.0,1.0,0.778882,0.9394375534347578,0.9447205
folk_11::pitch_shift::-4st,folk_11,folk,pitch_shift,-4.0,0.822396,0.605726,0.995807,0.732984,0.7765272821038963,0.78922825
folk_11::pitch_shift::-2st,folk_11,folk,pitch_shift,-2.0,0.786404,0.756097,0.997486,0.715837,0.8072090921400704,0.813956
folk_11::pitch_shift::-1st,folk_11,folk,pitch_shift,-1.0,0.756954,0.85017,0.998112,0.746446,0.8321243564479721,0.8379205000000001
folk_11::pitch_shift::+1st,folk_11,folk,pitch_shift,1.0,0.761826,0.848903,0.997555,0.708886,0.8223501519243355,0.8292925
folk_11::pitch_shift::+2st,folk_11,folk,pitch_shift,2.0,0.773342,0.753426,0.996524,0.787704,0.8223671493401731,0.827749
folk_11::pitch_shift::+4st,folk_11,folk,pitch_shift,4.0,0.821725,0.650424,0.993773,0.760141,0.797124398435235,0.80651575
folk_11::time_stretch::-20pct,folk_11,folk,time_stretch,-20.0,0.979773,0.82528,0.943456,0.754771,0.8710957822328087,0.87582
folk_11::time_stretch::-10pct,folk_11,folk,time_stretch,-10.0,0.990834,0.898223,0.916638,0.756645,0.8863776035401529,0.890585
folk_11::time_stretch::-5pct,folk_11,folk,time_stretch,-5.0,0.99144,0.911049,0.92868,0.781402,0.8997817824254846,0.90314275
folk_11::time_stretch::+5pct,folk_11,folk,time_stretch,5.0,0.992846,0.891408,0.93421,0.780364,0.8962414775397618,0.899707
folk_11::time_stretch::+10pct,folk_11,folk,time_stretch,10.0,0.994118,0.886708,0.924703,0.746202,0.8831191653438971,0.88793275
folk_11::time_stretch::+20pct,folk_11,folk,time_stretch,20.0,0.98627,0.861463,0.953649,0.730635,0.8771631341589291,0.8830042499999999
folk_11::lowpass::lp8000,folk_11,folk,lowpass,8000.0,0.999987,0.531837,0.998616,0.77198,0.8001922997014449,0.8256049999999999
folk_11::lowpass::lp4000,folk_11,folk,lowpass,4000.0,0.999987,0.479082,0.9847,0.777339,0.7781792582005358,0.810277
folk_11::lowpass::lp2000,folk_11,folk,lowpass,2000.0,0.99996,0.422928,0.977393,0.768962,0.750854507719375,0.79231075
folk_11::distortion::drv4,folk_11,folk,distortion,4.0,0.99994,0.90784,0.999472,0.77245,0.9149683390314347,0.9199255
folk_11::distortion::drv12,folk_11,folk,distortion,12.0,0.997168,0.707003,0.99705,0.724799,0.8448527621186441,0.8565050000000001
folk_11::distortion::drv32,folk_11,folk,distortion,32.0,0.990868,0.568637,0.993101,0.545189,0.7431865742635766,0.77444875
folk_11::style_swap::swap_cross,folk_11,folk,style_swap,nan,0.896859,0.524589,0.925202,0.602933,0.7157514589689817,0.73739575
folk_11::style_swap::swap_same,folk_11,folk,style_swap,nan,0.761931,0.544451,0.916638,0.605872,0.692808641059405,0.7072229999999999
folk_12::control::ctrl,folk_12,folk,control,0.0,1.0,1.0,1.0,0.778797,0.9394119219976066,0.94469925
folk_12::pitch_shift::-4st,folk_12,folk,pitch_shift,-4.0,0.507855,0.636153,0.913266,0.694345,0.6727728833566222,0.68790475
folk_12::pitch_shift::-2st,folk_12,folk,pitch_shift,-2.0,0.383013,0.782725,0.993539,0.711246,0.678432850988143,0.71763075
folk_12::pitch_shift::-1st,folk_12,folk,pitch_shift,-1.0,0.543272,0.85956,0.996085,0.723957,0.7617731704910554,0.7807185
folk_12::pitch_shift::+1st,folk_12,folk,pitch_shift,1.0,0.593946,0.794277,0.970434,0.711365,0.755430232768108,0.7675055
folk_12::pitch_shift::+2st,folk_12,folk,pitch_shift,2.0,0.42635,0.692017,0.836215,0.729033,0.6512339648326041,0.67090375
folk_12::pitch_shift::+4st,folk_12,folk,pitch_shift,4.0,0.522021,0.605853,0.979241,0.699148,0.6821478055221698,0.70156575
folk_12::time_stretch::-20pct,folk_12,folk,time_stretch,-20.0,0.980165,0.859966,0.715311,0.744842,0.8186247734001896,0.825071
folk_12::time_stretch::-10pct,folk_12,folk,time_stretch,-10.0,0.9954,0.907093,0.694797,0.760451,0.8310834911470963,0.83943525
folk_12::time_stretch::-5pct,folk_12,folk,time_stretch,-5.0,0.998026,0.899755,0.709196,0.764992,0.8354535788750296,0.84299225
folk_12::time_stretch::+5pct,folk_12,folk,time_stretch,5.0,0.997275,0.905409,0.813369,0.754061,0.8626576118671189,0.8675285
folk_12::time_stretch::+10pct,folk_12,folk,time_stretch,10.0,0.996826,0.895358,0.704136,0.758751,0.8309845995694589,0.8387677499999999
folk_12::time_stretch::+20pct,folk_12,folk,time_stretch,20.0,0.995028,0.870568,0.7187,0.752077,0.827202785896729,0.83409325
folk_12::lowpass::lp8000,folk_12,folk,lowpass,8000.0,1.0,0.796596,0.999485,0.754834,0.8804738540464426,0.88772875
folk_12::lowpass::lp4000,folk_12,folk,lowpass,4000.0,0.999996,0.76186,0.998278,0.746776,0.8681181213044724,0.8767275
folk_12::lowpass::lp2000,folk_12,folk,lowpass,2000.0,0.999943,0.728126,0.867799,0.743133,0.8277836974679934,0.83475025
folk_12::distortion::drv4,folk_12,folk,distortion,4.0,0.999955,0.84024,0.998997,0.743306,0.8887485553969046,0.8956245
folk_12::distortion::drv12,folk_12,folk,distortion,12.0,0.999053,0.681044,0.859129,0.694217,0.798140466845533,0.80836075
folk_12::distortion::drv32,folk_12,folk,distortion,32.0,0.996445,0.576462,0.885341,0.607686,0.7455958054008621,0.7664835
folk_12::style_swap::swap_cross,folk_12,folk,style_swap,nan,0.577813,0.391724,0.738924,0.594472,0.5615322016817296,0.57573325
folk_12::style_swap::swap_same,folk_12,folk,style_swap,nan,0.667599,0.518016,0.864849,0.669614,0.668968881413547,0.6800195
folk_13::control::ctrl,folk_13,folk,control,0.0,1.0,1.0,1.0,0.810444,0.9488132760841085,0.952611
folk_13::pitch_shift::-4st,folk_13,folk,pitch_shift,-4.0,0.736122,0.454096,0.972623,0.74882,0.7024329268012943,0.72791525
folk_13::pitch_shift::-2st,folk_13,folk,pitch_shift,-2.0,0.689308,0.589219,0.975904,0.760456,0.7409566713052173,0.75372175
folk_13::pitch_shift::-1st,folk_13,folk,pitch_shift,-1.0,0.650297,0.703933,0.981583,0.771058,0.7672100582117235,0.77671775
folk_13::pitch_shift::+1st,folk_13,folk,pitch_shift,1.0,0.694375,0.740847,0.983062,0.751373,0.7851267495538264,0.79241425
folk_13::pitch_shift::+2st,folk_13,folk,pitch_shift,2.0,0.682166,0.594476,0.989774,0.746731,0.7399138464221117,0.75328675
folk_13::pitch_shift::+4st,folk_13,folk,pitch_shift,4.0,0.748467,0.512482,0.980554,0.747858,0.7282583673201422,0.74734025
folk_13::time_stretch::-20pct,folk_13,folk,time_stretch,-20.0,0.994577,0.740254,0.963606,0.778102,0.8619633501307908,0.86913475
folk_13::time_stretch::-10pct,folk_13,folk,time_stretch,-10.0,0.991782,0.748866,0.964306,0.775668,0.8633318631824075,0.8701555000000001
folk_13::time_stretch::-5pct,folk_13,folk,time_stretch,-5.0,0.997018,0.816445,0.96573,0.79776,0.8898964578356889,0.89423825
folk_13::time_stretch::+5pct,folk_13,folk,time_stretch,5.0,0.995093,0.791274,0.971121,0.791266,0.8819553608171472,0.8871885
folk_13::time_stretch::+10pct,folk_13,folk,time_stretch,10.0,0.996676,0.76393,0.972509,0.796908,0.8764504037547128,0.88250575
folk_13::time_stretch::+20pct,folk_13,folk,time_stretch,20.0,0.99757,0.741038,0.959893,0.789257,0.8650800197778812,0.8719395
folk_13::lowpass::lp8000,folk_13,folk,lowpass,8000.0,0.999938,0.423217,0.991998,0.811785,0.7640503852064109,0.8067345
folk_13::lowpass::lp4000,folk_13,folk,lowpass,4000.0,0.999997,0.391271,0.997481,0.774078,0.741380960224319,0.79070675
folk_13::lowpass::lp2000,folk_13,folk,lowpass,2000.0,0.999466,0.383959,0.984035,0.777065,0.7360040305254473,0.78613125
folk_13::distortion::drv4,folk_13,folk,distortion,4.0,0.999262,0.762219,0.984867,0.764512,0.8702224013690899,0.877715
folk_13::distortion::drv12,folk_13,folk,distortion,12.0,0.984757,0.473816,0.974343,0.669937,0.7428842622195139,0.77571325
folk_13::distortion::drv32,folk_13,folk,distortion,32.0,0.982427,0.446027,0.978675,0.617153,0.7172543560224466,0.7560705
folk_13::style_swap::swap_cross,folk_13,folk,style_swap,nan,0.74674,0.344509,0.944919,0.737233,0.6506423591339694,0.69335025
folk_13::style_swap::swap_same,folk_13,folk,style_swap,nan,0.797704,0.450208,0.942582,0.460206,0.6282487006762193,0.662675
folk_14::control::ctrl,folk_14,folk,control,0.0,1.0,1.0,1.0,0.819484,0.9514481360750192,0.954871
folk_14::pitch_shift::-4st,folk_14,folk,pitch_shift,-4.0,0.475844,0.589478,0.994615,0.726771,0.6710365844964123,0.696677
folk_14::pitch_shift::-2st,folk_14,folk,pitch_shift,-2.0,0.475276,0.727732,0.997732,0.760515,0.715747369463342,0.74031375
folk_14::pitch_shift::-1st,folk_14,folk,pitch_shift,-1.0,0.539004,0.813373,0.998752,0.775805,0.76343663057343,0.7817335
folk_14::pitch_shift::+1st,folk_14,folk,pitch_shift,1.0,0.563854,0.833446,0.998017,0.784186,0.7787539974753613,0.79487575
folk_14::pitch_shift::+2st,folk_14,folk,pitch_shift,2.0,0.465713,0.70613,0.996653,0.782914,0.7117299890185291,0.7378525
folk_14::pitch_shift::+4st,folk_14,folk,pitch_shift,4.0,0.460114,0.555251,0.9925,0.784494,0.6678343216470934,0.6980897500000001
folk_14::time_stretch::-20pct,folk_14,folk,time_stretch,-20.0,0.989518,0.879598,0.849865,0.798597,0.8766906758653106,0.8793945
folk_14::time_stretch::-10pct,folk_14,folk,time_stretch,-10.0,0.996792,0.900433,0.893042,0.808747,0.8972947536069394,0.8997535
folk_14::time_stretch::-5pct,folk_14,folk,time_stretch,-5.0,0.997661,0.909796,0.881001,0.810189,0.8971652435963261,0.89966175
folk_14::time_stretch::+5pct,folk_14,folk,time_stretch,5.0,0.998859,0.912614,0.908071,0.808942,0.904601130512775,0.9071215
folk_14::time_stretch::+10pct,folk_14,folk,time_stretch,10.0,0.993667,0.861007,0.88184,0.806332,0.883156784949078,0.8857115
folk_14::time_stretch::+20pct,folk_14,folk,time_stretch,20.0,0.996762,0.833352,0.853267,0.830685,0.8759621043016614,0.8785165
folk_14::lowpass::lp8000,folk_14,folk,lowpass,8000.0,0.999745,0.820258,0.999847,0.823703,0.906537925562882,0.91088825
folk_14::lowpass::lp4000,folk_14,folk,lowpass,4000.0,0.99962,0.700201,0.979266,0.820617,0.8660135999844374,0.874926
folk_14::lowpass::lp2000,folk_14,folk,lowpass,2000.0,0.999659,0.582963,0.995243,0.792565,0.8234063716476588,0.8426075
folk_14::distortion::drv4,folk_14,folk,distortion,4.0,0.99871,0.725618,0.999146,0.787686,0.869025222679906,0.87779
folk_14::distortion::drv12,folk_14,folk,distortion,12.0,0.995172,0.547153,0.977459,0.748007,0.794333330769666,0.81694775
folk_14::distortion::drv32,folk_14,folk,distortion,32.0,0.983385,0.470636,0.97306,0.569674,0.7116946246428542,0.74918875
folk_14::style_swap::swap_cross,folk_14,folk,style_swap,nan,0.776983,0.426403,0.880538,0.56294,0.636591000929253,0.661716
folk_14::style_swap::swap_same,folk_14,folk,style_swap,nan,0.748645,0.365049,0.855415,0.490474,0.5819088816263919,0.6148957500000001
folk_15::control::ctrl,folk_15,folk,control,0.0,1.0,1.0,1.0,0.659218,0.9010673726675975,0.9148045
folk_15::pitch_shift::-4st,folk_15,folk,pitch_shift,-4.0,0.895364,0.607408,0.995677,0.62347,0.7622607241198336,0.78047975
folk_15::pitch_shift::-2st,folk_15,folk,pitch_shift,-2.0,0.931904,0.731273,0.997597,0.655897,0.8171661596156949,0.82916775
folk_15::pitch_shift::-1st,folk_15,folk,pitch_shift,-1.0,0.915349,0.841736,0.99778,0.634161,0.8356015452390203,0.8472565
folk_15::pitch_shift::+1st,folk_15,folk,pitch_shift,1.0,0.914275,0.826322,0.996553,0.676349,0.8447425169337857,0.85337475
folk_15::pitch_shift::+2st,folk_15,folk,pitch_shift,2.0,0.909214,0.721576,0.992881,0.702399,0.822445861716031,0.8315175
folk_15::pitch_shift::+4st,folk_15,folk,pitch_shift,4.0,0.89859,0.614887,0.986374,0.65673,0.7734751067200842,0.78914525
folk_15::time_stretch::-20pct,folk_15,folk,time_stretch,-20.0,0.987536,0.815378,0.736625,0.650949,0.7882724277634364,0.797622
folk_15::time_stretch::-10pct,folk_15,folk,time_stretch,-10.0,0.995838,0.887949,0.791499,0.672159,0.8281800724625958,0.83686125
folk_15::time_stretch::-5pct,folk_15,folk,time_stretch,-5.0,0.993998,0.928747,0.817101,0.644525,0.8350252555151646,0.84609275
folk_15::time_stretch::+5pct,folk_15,folk,time_stretch,5.0,0.998203,0.934682,0.814124,0.680402,0.8478806465231372,0.8568527499999999
folk_15::time_stretch::+10pct,folk_15,folk,time_stretch,10.0,0.994215,0.926386,0.788537,0.681762,0.8388451354818685,0.8477250000000001
folk_15::time_stretch::+20pct,folk_15,folk,time_stretch,20.0,0.985261,0.830191,0.742585,0.717008,0.812362508004684,0.81876125
folk_15::lowpass::lp8000,folk_15,folk,lowpass,8000.0,1.0,0.745446,0.998443,0.669314,0.8401219729631274,0.85330075
folk_15::lowpass::lp4000,folk_15,folk,lowpass,4000.0,0.994992,0.631605,0.970868,0.668545,0.7991696733777965,0.8165024999999999
folk_15::lowpass::lp2000,folk_15,folk,lowpass,2000.0,0.999971,0.535185,0.967161,0.691962,0.7736029010523896,0.79856975
folk_15::distortion::drv4,folk_15,folk,distortion,4.0,0.999989,0.865085,0.999384,0.658512,0.8686353961596636,0.8807425
folk_15::distortion::drv12,folk_15,folk,distortion,12.0,0.999413,0.710202,0.99639,0.658703,0.8261548784558889,0.8411770000000001
folk_15::distortion::drv32,folk_15,folk,distortion,32.0,0.997231,0.615183,0.991534,0.60692,0.7794886377487584,0.802717
folk_15::style_swap::swap_cross,folk_15,folk,style_swap,nan,0.878508,0.462212,0.747206,0.412627,0.5948346139063745,0.62513825
folk_15::style_swap::swap_same,folk_15,folk,style_swap,nan,0.56321,0.448488,0.890076,0.447165,0.5630915624281205,0.58723475
jazz_01::control::ctrl,jazz_01,jazz,control,0.0,1.0,1.0,1.0,0.801353,0.946141227021217,0.9503382499999999
jazz_01::pitch_shift::-4st,jazz_01,jazz,pitch_shift,-4.0,0.974858,0.543352,0.985202,0.684808,0.7731774603289783,0.797055
jazz_01::pitch_shift::-2st,jazz_01,jazz,pitch_shift,-2.0,0.986855,0.693006,0.992318,0.74635,0.8436181926550765,0.85463225
jazz_01::pitch_shift::-1st,jazz_01,jazz,pitch_shift,-1.0,0.992826,0.812687,0.995077,0.786641,0.8914714317297276,0.89680775
jazz_01::pitch_shift::+1st,jazz_01,jazz,pitch_shift,1.0,0.992729,0.847076,0.992086,0.789577,0.9008950984358273,0.905367
jazz_01::pitch_shift::+2st,jazz_01,jazz,pitch_shift,2.0,0.985518,0.764198,0.987622,0.789837,0.8754869399930386,0.88179375
jazz_01::pitch_shift::+4st,jazz_01,jazz,pitch_shift,4.0,0.979606,0.635717,0.974517,0.707026,0.809347475684293,0.8242165
jazz_01::time_stretch::-20pct,jazz_01,jazz,time_stretch,-20.0,0.999408,0.889529,0.520486,0.798884,0.7797384081507491,0.80207675
jazz_01::time_stretch::-10pct,jazz_01,jazz,time_stretch,-10.0,0.998858,0.895286,0.590474,0.855479,0.8198207749362455,0.83502425
jazz_01::time_stretch::-5pct,jazz_01,jazz,time_stretch,-5.0,0.999234,0.910675,0.662588,0.798067,0.8328722343936882,0.842641
jazz_01::time_stretch::+5pct,jazz_01,jazz,time_stretch,5.0,0.999135,0.930227,0.682922,0.817732,0.848787162718085,0.857504
jazz_01::time_stretch::+10pct,jazz_01,jazz,time_stretch,10.0,0.999321,0.889303,0.615508,0.800213,0.8133894196945186,0.82608625
jazz_01::time_stretch::+20pct,jazz_01,jazz,time_stretch,20.0,0.998795,0.915841,0.533953,0.800953,0.7908636708238405,0.8123855
jazz_01::lowpass::lp8000,jazz_01,jazz,lowpass,8000.0,0.999995,0.456928,0.988913,0.79821,0.7749616523286244,0.8110115
jazz_01::lowpass::lp4000,jazz_01,jazz,lowpass,4000.0,0.999992,0.426408,0.660273,0.740011,0.6756097304717058,0.706671
jazz_01::lowpass::lp2000,jazz_01,jazz,lowpass,2000.0,0.999948,0.404169,0.628172,0.645725,0.6363069221656407,0.6695035
jazz_01::distortion::drv4,jazz_01,jazz,distortion,4.0,0.999865,0.851955,0.995791,0.782526,0.902622694749164,0.90753425
jazz_01::distortion::drv12,jazz_01,jazz,distortion,12.0,0.999282,0.669559,0.984332,0.712176,0.8275637590977257,0.84133725
jazz_01::distortion::drv32,jazz_01,jazz,distortion,32.0,0.999557,0.53785,0.661424,0.627144,0.687193415782143,0.70649375
jazz_01::style_swap::swap_cross,jazz_01,jazz,style_swap,nan,0.97334,0.473619,0.47968,0.587749,0.6004257365154037,0.628597
jazz_01::style_swap::swap_same,jazz_01,jazz,style_swap,nan,0.937352,0.470715,0.682922,0.664207,0.6688578446466963,0.6887989999999999
jazz_02::control::ctrl,jazz_02,jazz,control,0.0,1.0,0.999849,1.0,0.839277,0.9571057702923571,0.9597815000000001
jazz_02::pitch_shift::-4st,jazz_02,jazz,pitch_shift,-4.0,0.973596,0.621051,0.812409,0.822579,0.7972868434473853,0.80740875
jazz_02::pitch_shift::-2st,jazz_02,jazz,pitch_shift,-2.0,0.980281,0.767235,0.817183,0.848609,0.8498190985992521,0.853327
jazz_02::pitch_shift::-1st,jazz_02,jazz,pitch_shift,-1.0,0.97959,0.860854,0.818498,0.800519,0.862165773051288,0.86486525
jazz_02::pitch_shift::+1st,jazz_02,jazz,pitch_shift,1.0,0.976996,0.859703,0.817124,0.82535,0.8675446531679499,0.86979325
jazz_02::pitch_shift::+2st,jazz_02,jazz,pitch_shift,2.0,0.982889,0.779828,0.813769,0.828274,0.8478023527484899,0.85119
jazz_02::pitch_shift::+4st,jazz_02,jazz,pitch_shift,4.0,0.974448,0.678521,0.805918,0.800265,0.8080935870379802,0.8147880000000001
jazz_02::time_stretch::-20pct,jazz_02,jazz,time_stretch,-20.0,0.998501,0.865128,0.733362,0.852751,0.8573188606531154,0.8624355
jazz_02::time_stretch::-10pct,jazz_02,jazz,time_stretch,-10.0,0.99889,0.888447,0.695835,0.835572,0.8475392790825521,0.854686
jazz_02::time_stretch::-5pct,jazz_02,jazz,time_stretch,-5.0,0.99929,0.922872,0.788977,0.826113,0.8805098174901957,0.884313
jazz_02::time_stretch::+5pct,jazz_02,jazz,time_stretch,5.0,0.999133,0.930977,0.70033,0.842839,0.8608002852161809,0.8683197500000001
jazz_02::time_stretch::+10pct,jazz_02,jazz,time_stretch,10.0,0.999555,0.912241,0.710508,0.833513,0.8572340403436844,0.8639542499999999
jazz_02::time_stretch::+20pct,jazz_02,jazz,time_stretch,20.0,0.998527,0.886902,0.766737,0.874819,0.8779100460288566,0.88174625
jazz_02::lowpass::lp8000,jazz_02,jazz,lowpass,8000.0,1.0,0.498445,0.995507,0.836743,0.8027187593647094,0.83267375
jazz_02::lowpass::lp4000,jazz_02,jazz,lowpass,4000.0,1.0,0.458514,0.987944,0.791844,0.7738933944345177,0.8095755
jazz_02::lowpass::lp2000,jazz_02,jazz,lowpass,2000.0,0.999951,0.438284,0.981574,0.757959,0.7556588517258224,0.794442
jazz_02::distortion::drv4,jazz_02,jazz,distortion,4.0,0.999079,0.765838,0.963128,0.803626,0.8772405177734187,0.8829177500000001
jazz_02::distortion::drv12,jazz_02,jazz,distortion,12.0,0.997639,0.622632,0.950938,0.713204,0.8056431281948161,0.82110325
jazz_02::distortion::drv32,jazz_02,jazz,distortion,32.0,0.996706,0.538404,0.928819,0.584294,0.7346144503649812,0.76205575
jazz_02::style_swap::swap_cross,jazz_02,jazz,style_swap,nan,0.909782,0.483636,0.771211,0.587306,0.6681491241430199,0.68798375
jazz_02::style_swap::swap_same,jazz_02,jazz,style_swap,nan,0.932449,0.491929,0.68763,0.644966,0.6715908762849601,0.6892435
jazz_03::control::ctrl,jazz_03,jazz,control,0.0,1.0,1.0,1.0,0.817271,0.9508051429405314,0.95431775
jazz_03::pitch_shift::-4st,jazz_03,jazz,pitch_shift,-4.0,0.972198,0.554783,0.986812,0.778378,0.8022795286035177,0.82304275
jazz_03::pitch_shift::-2st,jazz_03,jazz,pitch_shift,-2.0,0.936474,0.724895,0.991885,0.777914,0.8507284067875625,0.857792
jazz_03::pitch_shift::-1st,jazz_03,jazz,pitch_shift,-1.0,0.952702,0.832016,0.994084,0.800798,0.8912688018127956,0.8949
jazz_03::pitch_shift::+1st,jazz_03,jazz,pitch_shift,1.0,0.959638,0.864857,0.992093,0.794068,0.8992189601896315,0.902664
jazz_03::pitch_shift::+2st,jazz_03,jazz,pitch_shift,2.0,0.938256,0.78106,0.986725,0.807096,0.8740409261296677,0.87828425
jazz_03::pitch_shift::+4st,jazz_03,jazz,pitch_shift,4.0,0.966654,0.700538,0.97699,0.778187,0.8470698228253856,0.8555922499999999
jazz_03::time_stretch::-20pct,jazz_03,jazz,time_stretch,-20.0,0.998218,0.88022,0.563007,0.81052,0.7957443063022108,0.81299125
jazz_03::time_stretch::-10pct,jazz_03,jazz,time_stretch,-10.0,0.999395,0.916006,0.625293,0.808133,0.8247085076963642,0.83720675
jazz_03::time_stretch::-5pct,jazz_03,jazz,time_stretch,-5.0,0.999514,0.938512,0.691143,0.814082,0.8523465240397061,0.86081275
jazz_03::time_stretch::+5pct,jazz_03,jazz,time_stretch,5.0,0.999869,0.957443,0.718085,0.815609,0.8653234519184526,0.8727515
jazz_03::time_stretch::+10pct,jazz_03,jazz,time_stretch,10.0,0.999508,0.942597,0.657857,0.814424,0.8428952332209617,0.8535965
jazz_03::time_stretch::+20pct,jazz_03,jazz,time_stretch,20.0,0.99853,0.912805,0.577205,0.79754,0.8048323447141168,0.82152
jazz_03::lowpass::lp8000,jazz_03,jazz,lowpass,8000.0,0.999942,0.493363,0.99735,0.816465,0.7961256888610722,0.82678
jazz_03::lowpass::lp4000,jazz_03,jazz,lowpass,4000.0,0.999999,0.48101,0.987403,0.79126,0.7829640671224145,0.814918
jazz_03::lowpass::lp2000,jazz_03,jazz,lowpass,2000.0,0.999993,0.464726,0.961541,0.785705,0.7697599541017397,0.80299125
jazz_03::distortion::drv4,jazz_03,jazz,distortion,4.0,0.998592,0.783133,0.994045,0.794088,0.8863894358434508,0.8924645
jazz_03::distortion::drv12,jazz_03,jazz,distortion,12.0,0.997305,0.621797,0.980863,0.779743,0.8298681826659569,0.844927
jazz_03::distortion::drv32,jazz_03,jazz,distortion,32.0,0.99696,0.549119,0.959238,0.696251,0.7776051047187338,0.800392
jazz_03::style_swap::swap_cross,jazz_03,jazz,style_swap,nan,0.827302,0.406029,0.7961,0.491364,0.6020714332696935,0.63019875
jazz_03::style_swap::swap_same,jazz_03,jazz,style_swap,nan,0.96754,0.447431,0.558308,0.514437,0.5938137665970795,0.621929
jazz_04::control::ctrl,jazz_04,jazz,control,0.0,1.0,1.0,1.0,0.847145,0.9593772992141095,0.9617862500000001
jazz_04::pitch_shift::-4st,jazz_04,jazz,pitch_shift,-4.0,0.833361,0.60197,0.98641,0.752875,0.781262701011911,0.793654
jazz_04::pitch_shift::-2st,jazz_04,jazz,pitch_shift,-2.0,0.872333,0.720746,0.994583,0.761504,0.8307004406951104,0.8372915
jazz_04::pitch_shift::-1st,jazz_04,jazz,pitch_shift,-1.0,0.834568,0.843618,0.997925,0.743929,0.8502746659008855,0.8550099999999999
jazz_04::pitch_shift::+1st,jazz_04,jazz,pitch_shift,1.0,0.83982,0.83762,0.99562,0.796232,0.8641549516234505,0.8673230000000001
jazz_04::pitch_shift::+2st,jazz_04,jazz,pitch_shift,2.0,0.875169,0.732879,0.99103,0.809033,0.8468262470572175,0.85202775
jazz_04::pitch_shift::+4st,jazz_04,jazz,pitch_shift,4.0,0.837966,0.613495,0.975102,0.738043,0.7799060413385389,0.7911515
jazz_04::time_stretch::-20pct,jazz_04,jazz,time_stretch,-20.0,0.985618,0.846032,0.569945,0.841402,0.795212093348292,0.81074925
jazz_04::time_stretch::-10pct,jazz_04,jazz,time_stretch,-10.0,0.990255,0.864604,0.652638,0.836427,0.8268298960689525,0.8359810000000001
jazz_04::time_stretch::-5pct,jazz_04,jazz,time_stretch,-5.0,0.985818,0.894939,0.712546,0.851234,0.8552892462583859,0.86113425
jazz_04::time_stretch::+5pct,jazz_04,jazz,time_stretch,5.0,0.985667,0.930872,0.736868,0.851947,0.8711754225169569,0.8763385
jazz_04::time_stretch::+10pct,jazz_04,jazz,time_stretch,10.0,0.982005,0.91713,0.660658,0.860102,0.8458002587335256,0.85497375
jazz_04::time_stretch::+20pct,jazz_04,jazz,time_stretch,20.0,0.977806,0.885337,0.594168,0.824302,0.8069362600144893,0.82040325
jazz_04::lowpass::lp8000,jazz_04,jazz,lowpass,8000.0,1.0,0.731289,0.994781,0.851947,0.887273018687818,0.89450425
jazz_04::lowpass::lp4000,jazz_04,jazz,lowpass,4000.0,0.99996,0.665035,0.984009,0.798242,0.8501394973099792,0.8618115
jazz_04::lowpass::lp2000,jazz_04,jazz,lowpass,2000.0,0.999991,0.579879,0.974123,0.747049,0.8059796744951583,0.8252605
jazz_04::distortion::drv4,jazz_04,jazz,distortion,4.0,0.99982,0.79188,0.995591,0.759865,0.8797305005039944,0.886789
jazz_04::distortion::drv12,jazz_04,jazz,distortion,12.0,0.997467,0.658752,0.982594,0.563463,0.7766314948688104,0.800569
jazz_04::distortion::drv32,jazz_04,jazz,distortion,32.0,0.992587,0.58768,0.707646,0.49065,0.6708483227731756,0.69464075
jazz_04::style_swap::swap_cross,jazz_04,jazz,style_swap,nan,0.917358,0.424875,0.538176,0.713132,0.6219043153580694,0.64838525
jazz_04::style_swap::swap_same,jazz_04,jazz,style_swap,nan,0.895585,0.514792,0.736868,0.614472,0.6759391461075624,0.69042925
jazz_05::control::ctrl,jazz_05,jazz,control,0.0,1.0,1.0,1.0,0.710646,0.9181493454981556,0.9276615
jazz_05::pitch_shift::-4st,jazz_05,jazz,pitch_shift,-4.0,0.957993,0.652013,0.991951,0.658069,0.7990888314298039,0.8150065
jazz_05::pitch_shift::-2st,jazz_05,jazz,pitch_shift,-2.0,0.97082,0.761393,0.995711,0.71362,0.8513085165706981,0.860386
jazz_05::pitch_shift::-1st,jazz_05,jazz,pitch_shift,-1.0,0.978728,0.856756,0.997059,0.716478,0.879752928749987,0.8872552499999999
jazz_05::pitch_shift::+1st,jazz_05,jazz,pitch_shift,1.0,0.985536,0.848576,0.996574,0.690561,0.8710011118806268,0.88031175
jazz_05::pitch_shift::+2st,jazz_05,jazz,pitch_shift,2.0,0.975176,0.753031,0.994658,0.679084,0.8392150901137221,0.85048725
jazz_05::pitch_shift::+4st,jazz_05,jazz,pitch_shift,4.0,0.958809,0.663576,0.989694,0.663265,0.8039012380713979,0.818836
jazz_05::time_stretch::-20pct,jazz_05,jazz,time_stretch,-20.0,0.99563,0.807551,0.787335,0.709874,0.8187516539293012,0.8250975
jazz_05::time_stretch::-10pct,jazz_05,jazz,time_stretch,-10.0,0.996621,0.854422,0.822477,0.720203,0.842743256591922,0.84843075
jazz_05::time_stretch::-5pct,jazz_05,jazz,time_stretch,-5.0,0.999027,0.930575,0.857266,0.730268,0.8734370681718929,0.879284
jazz_05::time_stretch::+5pct,jazz_05,jazz,time_stretch,5.0,0.997841,0.903918,0.856971,0.705132,0.8592246586758425,0.8659654999999999
jazz_05::time_stretch::+10pct,jazz_05,jazz,time_stretch,10.0,0.994727,0.875185,0.832511,0.726563,0.851857119714432,0.8572465
jazz_05::time_stretch::+20pct,jazz_05,jazz,time_stretch,20.0,0.99163,0.82341,0.792965,0.717137,0.8254779667003229,0.8312855
jazz_05::lowpass::lp8000,jazz_05,jazz,lowpass,8000.0,0.997646,0.876396,0.999817,0.696119,0.8832226831699078,0.8924945
jazz_05::lowpass::lp4000,jazz_05,jazz,lowpass,4000.0,0.999587,0.714402,0.998929,0.69573,0.8393336854603684,0.852162
jazz_05::lowpass::lp2000,jazz_05,jazz,lowpass,2000.0,0.999317,0.626045,0.99734,0.662571,0.801855517576487,0.82131825
jazz_05::distortion::drv4,jazz_05,jazz,distortion,4.0,0.992547,0.819238,0.99926,0.699662,0.8683243701800543,0.87767675
jazz_05::distortion::drv12,jazz_05,jazz,distortion,12.0,0.990125,0.683215,0.997736,0.665353,0.8186132979441443,0.83410725
jazz_05::distortion::drv32,jazz_05,jazz,distortion,32.0,0.990099,0.632073,0.995908,0.657113,0.7999747609402048,0.81879825
jazz_05::style_swap::swap_cross,jazz_05,jazz,style_swap,nan,0.975,0.388541,0.851228,0.51904,0.6396200213561796,0.68345225
jazz_05::style_swap::swap_same,jazz_05,jazz,style_swap,nan,0.958225,0.410725,0.832755,0.637977,0.6762156640483388,0.7099205
jazz_06::control::ctrl,jazz_06,jazz,control,0.0,1.0,1.0,1.0,0.790886,0.9430364340813155,0.9477215
jazz_06::pitch_shift::-4st,jazz_06,jazz,pitch_shift,-4.0,0.860231,0.585557,0.955724,0.783123,0.7835860294680237,0.79615875
jazz_06::pitch_shift::-2st,jazz_06,jazz,pitch_shift,-2.0,0.892296,0.730481,0.995966,0.802922,0.8496869247628642,0.85541625
jazz_06::pitch_shift::-1st,jazz_06,jazz,pitch_shift,-1.0,0.888508,0.841532,0.998243,0.770391,0.8708028923913351,0.8746685
jazz_06::pitch_shift::+1st,jazz_06,jazz,pitch_shift,1.0,0.896617,0.83751,0.997364,0.769451,0.8712803243495213,0.8752355
jazz_06::pitch_shift::+2st,jazz_06,jazz,pitch_shift,2.0,0.896201,0.748972,0.960378,0.786685,0.8438757745708447,0.848059
jazz_06::pitch_shift::+4st,jazz_06,jazz,pitch_shift,4.0,0.871637,0.650229,0.952088,0.733771,0.7932496822730942,0.80193125
jazz_06::time_stretch::-20pct,jazz_06,jazz,time_stretch,-20.0,0.996271,0.885504,0.660544,0.791636,0.8241358871301306,0.83348875
jazz_06::time_stretch::-10pct,jazz_06,jazz,time_stretch,-10.0,0.997603,0.914662,0.711212,0.804929,0.8501464747344649,0.8571015
jazz_06::time_stretch::-5pct,jazz_06,jazz,time_stretch,-5.0,0.998416,0.938632,0.772755,0.778782,0.8665949508030909,0.87214625
jazz_06::time_stretch::+5pct,jazz_06,jazz,time_stretch,5.0,0.997706,0.95335,0.74418,0.776521,0.8610364536263458,0.86793925
jazz_06::time_stretch::+10pct,jazz_06,jazz,time_stretch,10.0,0.996074,0.933568,0.708287,0.750401,0.8384652324281932,0.8470825
jazz_06::time_stretch::+20pct,jazz_06,jazz,time_stretch,20.0,0.99723,0.903132,0.64979,0.771037,0.819593871035945,0.83029725
jazz_06::lowpass::lp8000,jazz_06,jazz,lowpass,8000.0,1.0,0.572906,0.995881,0.785187,0.8181180593076699,0.8384935
jazz_06::lowpass::lp4000,jazz_06,jazz,lowpass,4000.0,1.0,0.549055,0.9823,0.800218,0.8105262371500631,0.8328932499999999
jazz_06::lowpass::lp2000,jazz_06,jazz,lowpass,2000.0,0.999995,0.477267,0.972237,0.753982,0.7690827835770941,0.80087025
jazz_06::distortion::drv4,jazz_06,jazz,distortion,4.0,0.999972,0.911932,0.999435,0.800232,0.9241238757812745,0.92789275
jazz_06::distortion::drv12,jazz_06,jazz,distortion,12.0,0.999497,0.78718,0.996933,0.748239,0.8752668189135271,0.88296225
jazz_06::distortion::drv32,jazz_06,jazz,distortion,32.0,0.99757,0.672992,0.988852,0.648524,0.8100328987059013,0.8269845
jazz_06::style_swap::swap_cross,jazz_06,jazz,style_swap,nan,0.824651,0.459862,0.640989,0.58468,0.6139975414756637,0.6275455
jazz_06::style_swap::swap_same,jazz_06,jazz,style_swap,nan,0.93722,0.413917,0.644435,0.610287,0.6249812847332128,0.65146475
jazz_07::control::ctrl,jazz_07,jazz,control,0.0,1.0,1.0,1.0,0.877286,0.967799291198886,0.9693215
jazz_07::pitch_shift::-4st,jazz_07,jazz,pitch_shift,-4.0,0.972921,0.600006,0.982341,0.826771,0.8297937684457944,0.8455097500000001
jazz_07::pitch_shift::-2st,jazz_07,jazz,pitch_shift,-2.0,0.977336,0.74301,0.990932,0.848959,0.8840814562483842,0.89005925
jazz_07::pitch_shift::-1st,jazz_07,jazz,pitch_shift,-1.0,0.967395,0.837053,0.994084,0.822782,0.9021238514449933,0.9053285
jazz_07::pitch_shift::+1st,jazz_07,jazz,pitch_shift,1.0,0.963218,0.822405,0.992153,0.810565,0.8933964187008403,0.89708525
jazz_07::pitch_shift::+2st,jazz_07,jazz,pitch_shift,2.0,0.978903,0.723577,0.989417,0.83961,0.8758310665000328,0.88287675
jazz_07::pitch_shift::+4st,jazz_07,jazz,pitch_shift,4.0,0.96809,0.617172,0.981032,0.778552,0.8219079605109003,0.8362115
jazz_07::time_stretch::-20pct,jazz_07,jazz,time_stretch,-20.0,0.998992,0.836325,0.631958,0.882288,0.826150023401094,0.83739075
jazz_07::time_stretch::-10pct,jazz_07,jazz,time_stretch,-10.0,0.999124,0.870202,0.697584,0.873558,0.8531628398434572,0.860117
jazz_07::time_stretch::-5pct,jazz_07,jazz,time_stretch,-5.0,0.999602,0.909865,0.76335,0.892067,0.8871178437701758,0.891221
jazz_07::time_stretch::+5pct,jazz_07,jazz,time_stretch,5.0,0.999197,0.926238,0.77792,0.891696,0.895120220627589,0.8987627499999999
jazz_07::time_stretch::+10pct,jazz_07,jazz,time_stretch,10.0,0.999188,0.905069,0.716093,0.890319,0.8713868311873944,0.87766725
jazz_07::time_stretch::+20pct,jazz_07,jazz,time_stretch,20.0,0.999443,0.895225,0.662874,0.885944,0.8513965228081694,0.8608715
jazz_07::lowpass::lp8000,jazz_07,jazz,lowpass,8000.0,0.999979,0.495395,0.779294,0.875401,0.762452367670411,0.78751725
jazz_07::lowpass::lp4000,jazz_07,jazz,lowpass,4000.0,0.999996,0.466442,0.764294,0.779408,0.7260312352192813,0.752535
jazz_07::lowpass::lp2000,jazz_07,jazz,lowpass,2000.0,0.999994,0.443111,0.747705,0.723449,0.6997002559195318,0.72856475
jazz_07::distortion::drv4,jazz_07,jazz,distortion,4.0,0.999955,0.831467,0.783639,0.837866,0.8595655882604939,0.86323175
jazz_07::distortion::drv12,jazz_07,jazz,distortion,12.0,0.999672,0.672901,0.766822,0.690822,0.7726225090378938,0.78255425
jazz_07::distortion::drv32,jazz_07,jazz,distortion,32.0,0.997719,0.59119,0.745969,0.570926,0.707960424250493,0.726451
jazz_07::style_swap::swap_cross,jazz_07,jazz,style_swap,nan,0.974894,0.421153,0.624288,0.476909,0.5912953318944899,0.6243110000000001
jazz_07::style_swap::swap_same,jazz_07,jazz,style_swap,nan,0.979577,0.567352,0.684561,0.818358,0.7469846265742246,0.762462
jazz_08::control::ctrl,jazz_08,jazz,control,0.0,1.0,1.0,1.0,0.844803,0.9587135419001133,0.9612007499999999
jazz_08::pitch_shift::-4st,jazz_08,jazz,pitch_shift,-4.0,0.897769,0.5989,0.989343,0.839461,0.8174601336969104,0.83136825
jazz_08::pitch_shift::-2st,jazz_08,jazz,pitch_shift,-2.0,0.878719,0.722232,0.9757,0.850699,0.8519316300229616,0.8568375
jazz_08::pitch_shift::-1st,jazz_08,jazz,pitch_shift,-1.0,0.90452,0.839108,0.997267,0.849194,0.8953928049822943,0.89752225
jazz_08::pitch_shift::+1st,jazz_08,jazz,pitch_shift,1.0,0.908518,0.838669,0.996327,0.821205,0.8885756394948806,0.89117975
jazz_08::pitch_shift::+2st,jazz_08,jazz,pitch_shift,2.0,0.887608,0.732907,0.972295,0.812111,0.8465856071619361,0.85123025
jazz_08::pitch_shift::+4st,jazz_08,jazz,pitch_shift,4.0,0.895828,0.625715,0.965482,0.779459,0.8059065102087943,0.816621
jazz_08::time_stretch::-20pct,jazz_08,jazz,time_stretch,-20.0,0.990844,0.836712,0.756731,0.842342,0.8526146991397971,0.85665725
jazz_08::time_stretch::-10pct,jazz_08,jazz,time_stretch,-10.0,0.995209,0.911011,0.814644,0.857538,0.8921025653323543,0.8946005
jazz_08::time_stretch::-5pct,jazz_08,jazz,time_stretch,-5.0,0.995933,0.93743,0.836929,0.85601,0.9043449263094635,0.9065755
jazz_08::time_stretch::+5pct,jazz_08,jazz,time_stretch,5.0,0.994405,0.953834,0.833367,0.838798,0.9023654237444787,0.9051009999999999
jazz_08::time_stretch::+10pct,jazz_08,jazz,time_stretch,10.0,0.991379,0.935039,0.795431,0.841919,0.8876373454052059,0.890942
jazz_08::time_stretch::+20pct,jazz_08,jazz,time_stretch,20.0,0.987524,0.903079,0.762428,0.82862,0.8663769968486807,0.87041275
jazz_08::lowpass::lp8000,jazz_08,jazz,lowpass,8000.0,1.0,0.652147,0.998614,0.852196,0.8631189676149053,0.87573925
jazz_08::lowpass::lp4000,jazz_08,jazz,lowpass,4000.0,1.0,0.590163,0.972762,0.82008,0.8283401244284178,0.84575125
jazz_08::lowpass::lp2000,jazz_08,jazz,lowpass,2000.0,0.999983,0.544811,0.833877,0.80477,0.7775942931283238,0.79586025
jazz_08::distortion::drv4,jazz_08,jazz,distortion,4.0,0.999986,0.941801,0.999773,0.85099,0.9461167514365013,0.9481375000000001
jazz_08::distortion::drv12,jazz_08,jazz,distortion,12.0,0.999778,0.778938,0.997141,0.822618,0.8940057503961364,0.89961875
jazz_08::distortion::drv32,jazz_08,jazz,distortion,32.0,0.998,0.650928,0.991095,0.705146,0.8208512362900124,0.83629225
jazz_08::style_swap::swap_cross,jazz_08,jazz,style_swap,nan,0.933218,0.452913,0.754467,0.643891,0.6731511998212807,0.6961222499999999
jazz_08::style_swap::swap_same,jazz_08,jazz,style_swap,nan,0.894906,0.483703,0.749487,0.755327,0.7035805555676268,0.72085575
jazz_09::control::ctrl,jazz_09,jazz,control,0.0,1.0,1.0,1.0,0.75322,0.9316021041859647,0.938305
jazz_09::pitch_shift::-4st,jazz_09,jazz,pitch_shift,-4.0,0.993584,0.520334,0.985295,0.669297,0.7641312972166555,0.7921275
jazz_09::pitch_shift::-2st,jazz_09,jazz,pitch_shift,-2.0,0.993845,0.66826,0.995466,0.654154,0.8109473128179062,0.82793125
jazz_09::pitch_shift::-1st,jazz_09,jazz,pitch_shift,-1.0,0.994509,0.797509,0.987305,0.708389,0.8630120584195135,0.871928
jazz_09::pitch_shift::+1st,jazz_09,jazz,pitch_shift,1.0,0.994988,0.872111,0.986779,0.717206,0.885244740144767,0.892771
jazz_09::pitch_shift::+2st,jazz_09,jazz,pitch_shift,2.0,0.992944,0.778236,0.994882,0.68462,0.8517542456817911,0.8626705
jazz_09::pitch_shift::+4st,jazz_09,jazz,pitch_shift,4.0,0.993704,0.680063,0.99351,0.69586,0.8267516591072838,0.84078425
jazz_09::time_stretch::-20pct,jazz_09,jazz,time_stretch,-20.0,0.999838,0.8741,0.929122,0.723033,0.8753473180183624,0.88152325
jazz_09::time_stretch::-10pct,jazz_09,jazz,time_stretch,-10.0,0.999756,0.887672,0.92516,0.716772,0.875862847704216,0.88234
jazz_09::time_stretch::-5pct,jazz_09,jazz,time_stretch,-5.0,0.99976,0.934595,0.936289,0.720375,0.8909881764918357,0.89775475
jazz_09::time_stretch::+5pct,jazz_09,jazz,time_stretch,5.0,0.999829,0.907638,0.950918,0.719434,0.8876527574880553,0.89445475
jazz_09::time_stretch::+10pct,jazz_09,jazz,time_stretch,10.0,0.999653,0.883696,0.937995,0.710321,0.8758945723314783,0.8829162500000001
jazz_09::time_stretch::+20pct,jazz_09,jazz,time_stretch,20.0,0.999401,0.893079,0.924442,0.716772,0.8769454705967364,0.8834234999999999
jazz_09::lowpass::lp8000,jazz_09,jazz,lowpass,8000.0,1.0,0.394304,0.991235,0.753181,0.7365916505974737,0.78468
jazz_09::lowpass::lp4000,jazz_09,jazz,lowpass,4000.0,0.999786,0.401189,0.985243,0.704597,0.7264154187872451,0.77270375
jazz_09::lowpass::lp2000,jazz_09,jazz,lowpass,2000.0,0.999513,0.369264,0.983942,0.65148,0.697427392441286,0.75104975
jazz_09::distortion::drv4,jazz_09,jazz,distortion,4.0,0.999959,0.945587,0.999863,0.739988,0.9145600263062915,0.92134925
jazz_09::distortion::drv12,jazz_09,jazz,distortion,12.0,0.999751,0.626862,0.989583,0.691262,0.8091698178743587,0.8268645
jazz_09::distortion::drv32,jazz_09,jazz,distortion,32.0,0.999888,0.458302,0.984396,0.640767,0.7332351423349711,0.77083825
jazz_09::style_swap::swap_cross,jazz_09,jazz,style_swap,nan,0.952617,0.47284,0.906479,0.609758,0.7063776468326441,0.7354235
jazz_09::style_swap::swap_same,jazz_09,jazz,style_swap,nan,0.97399,0.516828,0.950124,0.611811,0.7354861949288565,0.76318825
jazz_10::control::ctrl,jazz_10,jazz,control,0.0,1.0,1.0,1.0,0.860866,0.963238624627003,0.9652165
jazz_10::pitch_shift::-4st,jazz_10,jazz,pitch_shift,-4.0,0.991669,0.604374,0.988523,0.874829,0.8484878249103417,0.8648487499999999
jazz_10::pitch_shift::-2st,jazz_10,jazz,pitch_shift,-2.0,0.994542,0.789217,0.994306,0.865171,0.9064845228314171,0.910809
jazz_10::pitch_shift::-1st,jazz_10,jazz,pitch_shift,-1.0,0.993901,0.890315,0.996255,0.865165,0.9345210074031945,0.936409
jazz_10::pitch_shift::+1st,jazz_10,jazz,pitch_shift,1.0,0.994183,0.918462,0.994879,0.861068,0.9404458833853859,0.942148
jazz_10::pitch_shift::+2st,jazz_10,jazz,pitch_shift,2.0,0.990314,0.860741,0.992262,0.875253,0.9275799320399747,0.9296424999999999
jazz_10::pitch_shift::+4st,jazz_10,jazz,pitch_shift,4.0,0.979486,0.780678,0.983654,0.851311,0.8945408860232663,0.89878225
jazz_10::time_stretch::-20pct,jazz_10,jazz,time_stretch,-20.0,0.998611,0.896049,0.699548,0.834058,0.8500323794476614,0.8570665
jazz_10::time_stretch::-10pct,jazz_10,jazz,time_stretch,-10.0,0.999012,0.914031,0.747864,0.856854,0.8746116777416407,0.87944025
jazz_10::time_stretch::-5pct,jazz_10,jazz,time_stretch,-5.0,0.999176,0.941274,0.789484,0.85374,0.8922914977075279,0.8959185000000001
jazz_10::time_stretch::+5pct,jazz_10,jazz,time_stretch,5.0,0.999464,0.947284,0.786308,0.858958,0.8942377410928908,0.8980035
jazz_10::time_stretch::+10pct,jazz_10,jazz,time_stretch,10.0,0.998967,0.93055,0.764732,0.858152,0.8837737226079714,0.88810025
jazz_10::time_stretch::+20pct,jazz_10,jazz,time_stretch,20.0,0.998482,0.921307,0.70256,0.862557,0.8640800111788558,0.8712265
jazz_10::lowpass::lp8000,jazz_10,jazz,lowpass,8000.0,0.999996,0.475037,0.994423,0.863805,0.7992417160751031,0.83331525
jazz_10::lowpass::lp4000,jazz_10,jazz,lowpass,4000.0,0.999996,0.465638,0.986251,0.821676,0.7837610631530494,0.81839025
jazz_10::lowpass::lp2000,jazz_10,jazz,lowpass,2000.0,0.999998,0.445785,0.981971,0.781683,0.7648274699885432,0.8023592500000001
jazz_10::distortion::drv4,jazz_10,jazz,distortion,4.0,0.999712,0.871568,0.993246,0.854154,0.9272402948111538,0.92967
jazz_10::distortion::drv12,jazz_10,jazz,distortion,12.0,0.998882,0.708573,0.949376,0.797292,0.8555366334859409,0.86353075
jazz_10::distortion::drv32,jazz_10,jazz,distortion,32.0,0.998055,0.590036,0.947198,0.726889,0.7979679775934272,0.8155445
jazz_10::style_swap::swap_cross,jazz_10,jazz,style_swap,nan,0.924891,0.411552,0.674367,0.536714,0.6092403037230587,0.636881
jazz_10::style_swap::swap_same,jazz_10,jazz,style_swap,nan,0.976866,0.54437,0.789484,0.755721,0.7505134855651865,0.76661025
jazz_11::control::ctrl,jazz_11,jazz,control,0.0,1.0,1.0,1.0,0.869773,0.9657205665189377,0.96744325
jazz_11::pitch_shift::-4st,jazz_11,jazz,pitch_shift,-4.0,0.947244,0.52485,0.990842,0.749957,0.7796226693356503,0.80322325
jazz_11::pitch_shift::-2st,jazz_11,jazz,pitch_shift,-2.0,0.973787,0.687445,0.995179,0.830234,0.8623844400427503,0.87166125
jazz_11::pitch_shift::-1st,jazz_11,jazz,pitch_shift,-1.0,0.956299,0.822674,0.99663,0.848596,0.9031587679616156,0.90604975
jazz_11::pitch_shift::+1st,jazz_11,jazz,pitch_shift,1.0,0.961908,0.874756,0.994828,0.848028,0.9178985096603275,0.91988
jazz_11::pitch_shift::+2st,jazz_11,jazz,pitch_shift,2.0,0.971474,0.774948,0.992127,0.843193,0.8908395732983618,0.8954354999999999
jazz_11::pitch_shift::+4st,jazz_11,jazz,pitch_shift,4.0,0.943951,0.677111,0.983714,0.81728,0.8466662747780289,0.855514
jazz_11::time_stretch::-20pct,jazz_11,jazz,time_stretch,-20.0,0.998424,0.875785,0.618537,0.859247,0.8256558372990458,0.8379982500000001
jazz_11::time_stretch::-10pct,jazz_11,jazz,time_stretch,-10.0,0.998522,0.895161,0.694953,0.87519,0.8586756408159258,0.8659565
jazz_11::time_stretch::-5pct,jazz_11,jazz,time_stretch,-5.0,0.998886,0.927578,0.735504,0.868148,0.8770236271492466,0.882529
jazz_11::time_stretch::+5pct,jazz_11,jazz,time_stretch,5.0,0.999272,0.937048,0.755659,0.862748,0.8839217985397677,0.8886817499999999
jazz_11::time_stretch::+10pct,jazz_11,jazz,time_stretch,10.0,0.998291,0.920859,0.69856,0.865939,0.8635457013737798,0.8709122499999999
jazz_11::time_stretch::+20pct,jazz_11,jazz,time_stretch,20.0,0.996398,0.877369,0.647095,0.846973,0.8319805733396324,0.84195875
jazz_11::lowpass::lp8000,jazz_11,jazz,lowpass,8000.0,1.0,0.457968,0.993689,0.879257,0.7953354904374361,0.8327285
jazz_11::lowpass::lp4000,jazz_11,jazz,lowpass,4000.0,1.0,0.45155,0.97965,0.813058,0.7744164671256452,0.8110645
jazz_11::lowpass::lp2000,jazz_11,jazz,lowpass,2000.0,0.999991,0.440529,0.959965,0.791932,0.7607263707736501,0.79810425
jazz_11::distortion::drv4,jazz_11,jazz,distortion,4.0,0.999738,0.654194,0.988778,0.824373,0.8544837887164658,0.86677075
jazz_11::distortion::drv12,jazz_11,jazz,distortion,12.0,0.998933,0.520993,0.972786,0.745876,0.7839043029811411,0.809647
jazz_11::distortion::drv32,jazz_11,jazz,distortion,32.0,0.998474,0.460108,0.9499,0.703186,0.744279679698546,0.777917
jazz_11::style_swap::swap_cross,jazz_11,jazz,style_swap,nan,0.957214,0.528654,0.786424,0.646518,0.7122041270999745,0.7297025
jazz_11::style_swap::swap_same,jazz_11,jazz,style_swap,nan,0.978943,0.571893,0.644919,0.826714,0.7391509893798911,0.75561725
jazz_12::control::ctrl,jazz_12,jazz,control,0.0,1.0,1.0,1.0,0.858757,0.9626481322517229,0.9646892499999999
jazz_12::pitch_shift::-4st,jazz_12,jazz,pitch_shift,-4.0,0.930824,0.55645,0.984024,0.815317,0.8028907915314478,0.82165375
jazz_12::pitch_shift::-2st,jazz_12,jazz,pitch_shift,-2.0,0.952902,0.698436,0.991839,0.850214,0.8655378652762948,0.87334775
jazz_12::pitch_shift::-1st,jazz_12,jazz,pitch_shift,-1.0,0.961212,0.823336,0.995201,0.832644,0.8998945309894157,0.90309825
jazz_12::pitch_shift::+1st,jazz_12,jazz,pitch_shift,1.0,0.957574,0.833769,0.992788,0.827703,0.8999891721920451,0.9029585
jazz_12::pitch_shift::+2st,jazz_12,jazz,pitch_shift,2.0,0.945027,0.728359,0.985959,0.844091,0.8699803797010789,0.8758589999999999
jazz_12::pitch_shift::+4st,jazz_12,jazz,pitch_shift,4.0,0.927212,0.638955,0.969436,0.816332,0.827482504465978,0.83798375
jazz_12::time_stretch::-20pct,jazz_12,jazz,time_stretch,-20.0,0.99026,0.753253,0.43562,0.845612,0.7240061640466554,0.7561862500000001
jazz_12::time_stretch::-10pct,jazz_12,jazz,time_stretch,-10.0,0.995469,0.889317,0.563049,0.851531,0.8071564977326452,0.8248415
jazz_12::time_stretch::-5pct,jazz_12,jazz,time_stretch,-5.0,0.993,0.932176,0.619823,0.851316,0.8359906349031438,0.84907875
jazz_12::time_stretch::+5pct,jazz_12,jazz,time_stretch,5.0,0.995684,0.936975,0.614296,0.851895,0.8358980692411767,0.8497125
jazz_12::time_stretch::+10pct,jazz_12,jazz,time_stretch,10.0,0.995311,0.906536,0.524673,0.859318,0.798631840413964,0.8214595
jazz_12::time_stretch::+20pct,jazz_12,jazz,time_stretch,20.0,0.993478,0.846854,0.451194,0.839586,0.751361305284173,0.782778
jazz_12::lowpass::lp8000,jazz_12,jazz,lowpass,8000.0,0.999807,0.517995,0.996044,0.856904,0.8153857337818228,0.8426875
jazz_12::lowpass::lp4000,jazz_12,jazz,lowpass,4000.0,0.999978,0.490035,0.983789,0.764088,0.7790506992280225,0.8094725
jazz_12::lowpass::lp2000,jazz_12,jazz,lowpass,2000.0,0.99851,0.474519,0.620515,0.739977,0.6829582139693537,0.70838025
jazz_12::distortion::drv4,jazz_12,jazz,distortion,4.0,0.999785,0.79527,0.994876,0.832114,0.9007271423926181,0.90551125
jazz_12::distortion::drv12,jazz_12,jazz,distortion,12.0,0.995536,0.640309,0.978926,0.705058,0.8144329219723208,0.82995725
jazz_12::distortion::drv32,jazz_12,jazz,distortion,32.0,0.995451,0.555792,0.950169,0.578775,0.7426953414576279,0.77004675
jazz_12::style_swap::swap_cross,jazz_12,jazz,style_swap,nan,0.906809,0.485037,0.395582,0.558876,0.5584196192483126,0.586576
jazz_12::style_swap::swap_same,jazz_12,jazz,style_swap,nan,0.968208,0.46972,0.467118,0.522573,0.57722525226375,0.60690475
jazz_13::control::ctrl,jazz_13,jazz,control,0.0,1.0,1.0,1.0,0.913895,0.977741559025112,0.97847375
jazz_13::pitch_shift::-4st,jazz_13,jazz,pitch_shift,-4.0,0.857157,0.628575,0.990606,0.864783,0.8242451388645585,0.83528025
jazz_13::pitch_shift::-2st,jazz_13,jazz,pitch_shift,-2.0,0.918786,0.766421,0.994031,0.899468,0.8907726060379844,0.8946765
jazz_13::pitch_shift::-1st,jazz_13,jazz,pitch_shift,-1.0,0.965609,0.870787,0.996039,0.889855,0.9291315503972702,0.9305725
jazz_13::pitch_shift::+1st,jazz_13,jazz,pitch_shift,1.0,0.965989,0.889366,0.992753,0.902497,0.936666352810751,0.93765125
jazz_13::pitch_shift::+2st,jazz_13,jazz,pitch_shift,2.0,0.907409,0.812854,0.986246,0.911959,0.902493431117772,0.904617
jazz_13::pitch_shift::+4st,jazz_13,jazz,pitch_shift,4.0,0.840885,0.704617,0.978284,0.902636,0.8504853379080225,0.8566055
jazz_13::time_stretch::-20pct,jazz_13,jazz,time_stretch,-20.0,0.998527,0.848472,0.556853,0.876176,0.8018300183916929,0.820007
jazz_13::time_stretch::-10pct,jazz_13,jazz,time_stretch,-10.0,0.99888,0.879729,0.623756,0.883316,0.8341578955469379,0.84642025
jazz_13::time_stretch::-5pct,jazz_13,jazz,time_stretch,-5.0,0.998961,0.926213,0.71901,0.892187,0.8777332628146363,0.88409275
jazz_13::time_stretch::+5pct,jazz_13,jazz,time_stretch,5.0,0.998978,0.925813,0.684768,0.896514,0.868050382812965,0.87651825
jazz_13::time_stretch::+10pct,jazz_13,jazz,time_stretch,10.0,0.997666,0.89973,0.632258,0.903019,0.8461008838396503,0.8581682500000001
jazz_13::time_stretch::+20pct,jazz_13,jazz,time_stretch,20.0,0.99475,0.871949,0.568804,0.903825,0.817171112876275,0.834832
jazz_13::lowpass::lp8000,jazz_13,jazz,lowpass,8000.0,1.0,0.614482,0.99716,0.920144,0.8665277061074983,0.8829465
jazz_13::lowpass::lp4000,jazz_13,jazz,lowpass,4000.0,1.0,0.541464,0.990086,0.887335,0.8304864093150812,0.85472125
jazz_13::lowpass::lp2000,jazz_13,jazz,lowpass,2000.0,0.999995,0.474856,0.93947,0.850626,0.7848656672809162,0.81623675
jazz_13::distortion::drv4,jazz_13,jazz,distortion,4.0,0.999466,0.794882,0.99447,0.91816,0.9228798963493409,0.9267445
jazz_13::distortion::drv12,jazz_13,jazz,distortion,12.0,0.995084,0.653927,0.978025,0.763696,0.8349584633395252,0.847683
jazz_13::distortion::drv32,jazz_13,jazz,distortion,32.0,0.991993,0.567285,0.955914,0.564704,0.7423990346530102,0.769974
jazz_13::style_swap::swap_cross,jazz_13,jazz,style_swap,nan,0.80875,0.501906,0.514836,0.585862,0.5915278948533299,0.6028384999999999
jazz_13::style_swap::swap_same,jazz_13,jazz,style_swap,nan,0.930396,0.449679,0.595873,0.518592,0.5996357126237084,0.623635
jazz_14::control::ctrl,jazz_14,jazz,control,0.0,1.0,1.0,1.0,0.851425,0.9605867669587095,0.96285625
jazz_14::pitch_shift::-4st,jazz_14,jazz,pitch_shift,-4.0,0.933915,0.590701,0.964245,0.786143,0.8041572857398663,0.818751
jazz_14::pitch_shift::-2st,jazz_14,jazz,pitch_shift,-2.0,0.937529,0.695664,0.971491,0.805457,0.8452133449322706,0.85253525
jazz_14::pitch_shift::-1st,jazz_14,jazz,pitch_shift,-1.0,0.962787,0.821173,0.998017,0.792512,0.8892567414155397,0.89362225
jazz_14::pitch_shift::+1st,jazz_14,jazz,pitch_shift,1.0,0.966039,0.801514,0.971776,0.825113,0.8876593719652506,0.8911104999999999
jazz_14::pitch_shift::+2st,jazz_14,jazz,pitch_shift,2.0,0.949169,0.698654,0.968443,0.812437,0.8498990884231448,0.85717575
jazz_14::pitch_shift::+4st,jazz_14,jazz,pitch_shift,4.0,0.932713,0.58597,0.957434,0.787879,0.8013051716468037,0.815999
jazz_14::time_stretch::-20pct,jazz_14,jazz,time_stretch,-20.0,0.997752,0.858124,0.727825,0.852864,0.8538269366443464,0.85914125
jazz_14::time_stretch::-10pct,jazz_14,jazz,time_stretch,-10.0,0.998975,0.890727,0.779534,0.842808,0.8744112510603517,0.878011
jazz_14::time_stretch::-5pct,jazz_14,jazz,time_stretch,-5.0,0.997459,0.932674,0.818321,0.856533,0.8986139989460264,0.90124675
jazz_14::time_stretch::+5pct,jazz_14,jazz,time_stretch,5.0,0.997984,0.947918,0.71926,0.844261,0.8705911465812505,0.87735575
jazz_14::time_stretch::+10pct,jazz_14,jazz,time_stretch,10.0,0.99867,0.927762,0.722298,0.818617,0.8603277650691932,0.86683675
jazz_14::time_stretch::+20pct,jazz_14,jazz,time_stretch,20.0,0.998893,0.913798,0.744742,0.853333,0.8727169081696168,0.8776915000000001
jazz_14::lowpass::lp8000,jazz_14,jazz,lowpass,8000.0,0.999982,0.686754,0.998291,0.861497,0.8766496754837694,0.886631
jazz_14::lowpass::lp4000,jazz_14,jazz,lowpass,4000.0,0.999909,0.527779,0.992664,0.835214,0.8133044624419861,0.8388915
jazz_14::lowpass::lp2000,jazz_14,jazz,lowpass,2000.0,0.999956,0.452628,0.986559,0.773591,0.766635974223987,0.8031834999999999
jazz_14::distortion::drv4,jazz_14,jazz,distortion,4.0,0.999706,0.712523,0.969466,0.832152,0.870666044587156,0.87846175
jazz_14::distortion::drv12,jazz_14,jazz,distortion,12.0,0.998455,0.571102,0.955522,0.695957,0.7847228861504149,0.805259
jazz_14::distortion::drv32,jazz_14,jazz,distortion,32.0,0.996809,0.513077,0.96126,0.597771,0.7362792351807128,0.76722925
jazz_14::style_swap::swap_cross,jazz_14,jazz,style_swap,nan,0.920173,0.460066,0.773476,0.508909,0.6389165674093092,0.665656
jazz_14::style_swap::swap_same,jazz_14,jazz,style_swap,nan,0.961866,0.467382,0.815302,0.771601,0.7292466813866606,0.75403775
jazz_15::control::ctrl,jazz_15,jazz,control,0.0,1.0,1.0,1.0,0.729589,0.9242076720687727,0.93239725
jazz_15::pitch_shift::-4st,jazz_15,jazz,pitch_shift,-4.0,0.820339,0.553332,0.993068,0.607311,0.723339730845343,0.7435125
jazz_15::pitch_shift::-2st,jazz_15,jazz,pitch_shift,-2.0,0.909927,0.659108,0.994307,0.650093,0.7890686342577833,0.80335875
jazz_15::pitch_shift::-1st,jazz_15,jazz,pitch_shift,-1.0,0.7856,0.768366,0.995505,0.678302,0.799022555827069,0.80694325
jazz_15::pitch_shift::+1st,jazz_15,jazz,pitch_shift,1.0,0.779683,0.774167,0.995931,0.688846,0.8021877540767636,0.80965675
jazz_15::pitch_shift::+2st,jazz_15,jazz,pitch_shift,2.0,0.88578,0.681081,0.994477,0.678302,0.798703557859178,0.80991
jazz_15::pitch_shift::+4st,jazz_15,jazz,pitch_shift,4.0,0.794101,0.551112,0.992303,0.654349,0.730116796268767,0.7479662499999999
jazz_15::time_stretch::-20pct,jazz_15,jazz,time_stretch,-20.0,0.99785,0.753567,0.754556,0.701322,0.7942349940717732,0.8018237500000001
jazz_15::time_stretch::-10pct,jazz_15,jazz,time_stretch,-10.0,0.997344,0.83905,0.805238,0.717332,0.8338142670629872,0.839741
jazz_15::time_stretch::-5pct,jazz_15,jazz,time_stretch,-5.0,0.998597,0.873798,0.844847,0.741501,0.8598501624827753,0.86468575
jazz_15::time_stretch::+5pct,jazz_15,jazz,time_stretch,5.0,0.999443,0.864574,0.847523,0.68733,0.8423047477115757,0.8497175
jazz_15::time_stretch::+10pct,jazz_15,jazz,time_stretch,10.0,0.998463,0.871353,0.825396,0.708495,0.8445615664509307,0.85092675
jazz_15::time_stretch::+20pct,jazz_15,jazz,time_stretch,20.0,0.9971,0.856363,0.772911,0.680721,0.8186981556090298,0.82677375
jazz_15::lowpass::lp8000,jazz_15,jazz,lowpass,8000.0,0.999998,0.965446,0.999997,0.738285,0.9188348632288461,0.9259315
jazz_15::lowpass::lp4000,jazz_15,jazz,lowpass,4000.0,0.999989,0.777753,0.999673,0.732875,0.8688227750313191,0.8775725000000001
jazz_15::lowpass::lp2000,jazz_15,jazz,lowpass,2000.0,0.999987,0.507678,0.998792,0.711016,0.7748796967205251,0.80436825
jazz_15::distortion::drv4,jazz_15,jazz,distortion,4.0,0.999636,0.730561,0.998351,0.687727,0.8414909045058251,0.8540687499999999
jazz_15::distortion::drv12,jazz_15,jazz,distortion,12.0,0.996427,0.507365,0.965091,0.682232,0.7595678703320348,0.78777875
jazz_15::distortion::drv32,jazz_15,jazz,distortion,32.0,0.991463,0.4543,0.959982,0.645431,0.7268303266757974,0.762794
jazz_15::style_swap::swap_cross,jazz_15,jazz,style_swap,nan,0.921302,0.394224,0.805238,0.64062,0.6579114688710666,0.690346
jazz_15::style_swap::swap_same,jazz_15,jazz,style_swap,nan,0.88836,0.39054,0.782155,0.708327,0.6621330789167541,0.6923455000000001
rock_01::control::ctrl,rock_01,rock,control,0.0,1.0,0.999942,1.0,0.852123,0.9607696475603094,0.96301625
rock_01::pitch_shift::-4st,rock_01,rock,pitch_shift,-4.0,0.813833,0.557216,0.979701,0.749739,0.7596973860182014,0.77512225
rock_01::pitch_shift::-2st,rock_01,rock,pitch_shift,-2.0,0.879642,0.679588,0.990183,0.790236,0.8270009031209327,0.83491225
rock_01::pitch_shift::-1st,rock_01,rock,pitch_shift,-1.0,0.838643,0.812859,0.99282,0.800226,0.857864862919814,0.861137
rock_01::pitch_shift::+1st,rock_01,rock,pitch_shift,1.0,0.848026,0.843843,0.991541,0.810633,0.8708662179613585,0.87351075
rock_01::pitch_shift::+2st,rock_01,rock,pitch_shift,2.0,0.881178,0.759704,0.988635,0.797864,0.8524486504566448,0.85684525
rock_01::pitch_shift::+4st,rock_01,rock,pitch_shift,4.0,0.816739,0.645763,0.977506,0.664383,0.7650214261978486,0.7760977499999999
rock_01::time_stretch::-20pct,rock_01,rock,time_stretch,-20.0,0.994147,0.882204,0.57789,0.83712,0.8070735816352751,0.82284025
rock_01::time_stretch::-10pct,rock_01,rock,time_stretch,-10.0,0.99897,0.902,0.643533,0.847076,0.8371688217446699,0.84789475
rock_01::time_stretch::-5pct,rock_01,rock,time_stretch,-5.0,0.998823,0.915492,0.706095,0.850757,0.8609004578974601,0.86779175
rock_01::time_stretch::+5pct,rock_01,rock,time_stretch,5.0,0.999098,0.914686,0.701311,0.836851,0.8557752616351083,0.8629865
rock_01::time_stretch::+10pct,rock_01,rock,time_stretch,10.0,0.997581,0.882312,0.651366,0.829793,0.830503184042757,0.840263
rock_01::time_stretch::+20pct,rock_01,rock,time_stretch,20.0,0.995819,0.822715,0.584485,0.86548,0.8023522181358839,0.8171247500000001
rock_01::lowpass::lp8000,rock_01,rock,lowpass,8000.0,1.0,0.474364,0.991089,0.857176,0.7967527943891165,0.83065725
rock_01::lowpass::lp4000,rock_01,rock,lowpass,4000.0,0.999999,0.425397,0.878785,0.760955,0.730312778547063,0.766284
rock_01::lowpass::lp2000,rock_01,rock,lowpass,2000.0,0.999956,0.398225,0.840811,0.680278,0.6908337646274386,0.7298175
rock_01::distortion::drv4,rock_01,rock,distortion,4.0,0.999287,0.774377,0.981845,0.777299,0.8766342433674855,0.883202
rock_01::distortion::drv12,rock_01,rock,distortion,12.0,0.996281,0.570771,0.947007,0.620318,0.7602437000625805,0.78359425
rock_01::distortion::drv32,rock_01,rock,distortion,32.0,0.994382,0.488409,0.854443,0.563018,0.6952413145842216,0.725063
rock_01::style_swap::swap_cross,rock_01,rock,style_swap,nan,0.902871,0.43894,0.634166,0.498722,0.5950083850158641,0.61867475
rock_01::style_swap::swap_same,rock_01,rock,style_swap,nan,0.945281,0.401226,0.731973,0.705768,0.6653141427643241,0.696062
rock_02::control::ctrl,rock_02,rock,control,0.0,1.0,1.0,1.0,0.804026,0.9469292312430901,0.9510065
rock_02::pitch_shift::-4st,rock_02,rock,pitch_shift,-4.0,0.925931,0.434769,0.749235,0.774874,0.6952989685988552,0.7212022499999999
rock_02::pitch_shift::-2st,rock_02,rock,pitch_shift,-2.0,0.967372,0.592148,0.979024,0.769596,0.8105316535244336,0.827035
rock_02::pitch_shift::-1st,rock_02,rock,pitch_shift,-1.0,0.976893,0.749597,0.983371,0.761729,0.8605937367214946,0.8678975
rock_02::pitch_shift::+1st,rock_02,rock,pitch_shift,1.0,0.981755,0.800876,0.984115,0.762227,0.8763440558772795,0.88224325
rock_02::pitch_shift::+2st,rock_02,rock,pitch_shift,2.0,0.975692,0.730319,0.978986,0.769174,0.8558676377906416,0.86354275
rock_02::pitch_shift::+4st,rock_02,rock,pitch_shift,4.0,0.929742,0.635438,0.976935,0.757324,0.8131033595597696,0.82485975
rock_02::time_stretch::-20pct,rock_02,rock,time_stretch,-20.0,0.998551,0.855249,0.756893,0.809949,0.8506261840487006,0.8551605
rock_02::time_stretch::-10pct,rock_02,rock,time_stretch,-10.0,0.998651,0.85932,0.650501,0.789306,0.8147333771892927,0.8244445
rock_02::time_stretch::-5pct,rock_02,rock,time_stretch,-5.0,0.999315,0.877984,0.752447,0.785791,0.8486780958886013,0.85388425
rock_02::time_stretch::+5pct,rock_02,rock,time_stretch,5.0,0.998863,0.85808,0.748891,0.802308,0.8471266800869609,0.8520355
rock_02::time_stretch::+10pct,rock_02,rock,time_stretch,10.0,0.999028,0.863816,0.707762,0.789644,0.8333537066374314,0.8400625
rock_02::time_stretch::+20pct,rock_02,rock,time_stretch,20.0,0.996639,0.858657,0.650501,0.799784,0.8168542409766395,0.82639525
rock_02::lowpass::lp8000,rock_02,rock,lowpass,8000.0,1.0,0.421983,0.775742,0.793862,0.7139853795320468,0.74789675
rock_02::lowpass::lp4000,rock_02,rock,lowpass,4000.0,0.999968,0.435369,0.768712,0.791629,0.7174344719289476,0.7489195
rock_02::lowpass::lp2000,rock_02,rock,lowpass,2000.0,0.999983,0.408411,0.756543,0.744377,0.6925149488382387,0.7273284999999999
rock_02::distortion::drv4,rock_02,rock,distortion,4.0,0.999895,0.597362,0.774171,0.765171,0.7712529664371311,0.78414975
rock_02::distortion::drv12,rock_02,rock,distortion,12.0,0.999632,0.461474,0.722792,0.746008,0.7062135602646429,0.7324765
rock_02::distortion::drv32,rock_02,rock,distortion,32.0,0.9994,0.427758,0.661058,0.726292,0.6730883564155962,0.703627
rock_02::style_swap::swap_cross,rock_02,rock,style_swap,nan,0.929088,0.524234,0.636276,0.537869,0.6389634597360542,0.65686675
rock_02::style_swap::swap_same,rock_02,rock,style_swap,nan,0.990037,0.517629,0.690209,0.68928,0.7026864516562258,0.72178875
rock_03::control::ctrl,rock_03,rock,control,0.0,0.999823,0.943625,0.999858,0.863036,0.9498881061988012,0.9515855
rock_03::pitch_shift::-4st,rock_03,rock,pitch_shift,-4.0,0.949724,0.602721,0.989028,0.796043,0.819341047486676,0.834379
rock_03::pitch_shift::-2st,rock_03,rock,pitch_shift,-2.0,0.977116,0.765816,0.993807,0.876354,0.8984895829921885,0.90327325
rock_03::pitch_shift::-1st,rock_03,rock,pitch_shift,-1.0,0.986346,0.863648,0.99565,0.866963,0.9260156578214056,0.92815175
rock_03::pitch_shift::+1st,rock_03,rock,pitch_shift,1.0,0.987725,0.868074,0.993055,0.837612,0.9189719319422784,0.9216165000000001
rock_03::pitch_shift::+2st,rock_03,rock,pitch_shift,2.0,0.977977,0.77015,0.987473,0.833738,0.8873903399535232,0.8923345
rock_03::pitch_shift::+4st,rock_03,rock,pitch_shift,4.0,0.957036,0.645562,0.9744,0.767931,0.8245773990079794,0.83623225
rock_03::time_stretch::-20pct,rock_03,rock,time_stretch,-20.0,0.998615,0.870737,0.53038,0.83515,0.7877876664018171,0.8087205
rock_03::time_stretch::-10pct,rock_03,rock,time_stretch,-10.0,0.999768,0.880826,0.614639,0.851623,0.8239753381004299,0.836714
rock_03::time_stretch::-5pct,rock_03,rock,time_stretch,-5.0,0.998701,0.914959,0.685591,0.83495,0.8504341154998581,0.85855025
rock_03::time_stretch::+5pct,rock_03,rock,time_stretch,5.0,0.9995,0.924344,0.678665,0.863452,0.8577831666679187,0.86649025
rock_03::time_stretch::+10pct,rock_03,rock,time_stretch,10.0,0.999411,0.883936,0.614164,0.860841,0.8266907182963917,0.839588
rock_03::time_stretch::+20pct,rock_03,rock,time_stretch,20.0,0.99958,0.864175,0.549795,0.857807,0.7989183695844463,0.81783925
rock_03::lowpass::lp8000,rock_03,rock,lowpass,8000.0,0.998735,0.455113,0.998741,0.865981,0.7918313427198187,0.8296425000000001
rock_03::lowpass::lp4000,rock_03,rock,lowpass,4000.0,0.999979,0.437897,0.994185,0.795376,0.7670976186693307,0.80685925
rock_03::lowpass::lp2000,rock_03,rock,lowpass,2000.0,0.999748,0.43203,0.691917,0.739645,0.6856783610088075,0.715835
rock_03::distortion::drv4,rock_03,rock,distortion,4.0,0.999644,0.666804,0.990538,0.841824,0.8634436522120902,0.8747024999999999
rock_03::distortion::drv12,rock_03,rock,distortion,12.0,0.999471,0.5492,0.676983,0.796268,0.7375380623358446,0.7554805
rock_03::distortion::drv32,rock_03,rock,distortion,32.0,0.999376,0.507933,0.629428,0.774238,0.7052433044091122,0.72774375
rock_03::style_swap::swap_cross,rock_03,rock,style_swap,nan,0.965684,0.456104,0.585605,0.597394,0.6265289415158433,0.65119675
rock_03::style_swap::swap_same,rock_03,rock,style_swap,nan,0.984031,0.447872,0.65355,0.650204,0.6578438017195495,0.68391425
rock_04::control::ctrl,rock_04,rock,control,0.0,1.0,1.0,1.0,0.779956,0.939761233604966,0.944989
rock_04::pitch_shift::-4st,rock_04,rock,pitch_shift,-4.0,0.993308,0.532255,0.974972,0.734213,0.7843401991456879,0.8086869999999999
rock_04::pitch_shift::-2st,rock_04,rock,pitch_shift,-2.0,0.993437,0.69946,0.983079,0.764773,0.8501705270061666,0.8601872500000001
rock_04::pitch_shift::-1st,rock_04,rock,pitch_shift,-1.0,0.994962,0.807215,0.985566,0.775436,0.8851295655858902,0.89079475
rock_04::pitch_shift::+1st,rock_04,rock,pitch_shift,1.0,0.995817,0.847557,0.984539,0.784721,0.8986160322355397,0.9031585
rock_04::pitch_shift::+2st,rock_04,rock,pitch_shift,2.0,0.993026,0.760707,0.979706,0.760071,0.8660281137114645,0.8733775
rock_04::pitch_shift::+4st,rock_04,rock,pitch_shift,4.0,0.993258,0.632999,0.966859,0.728816,0.8158522855823571,0.830483
rock_04::time_stretch::-20pct,rock_04,rock,time_stretch,-20.0,0.999515,0.830355,0.561869,0.791958,0.7795564796027897,0.79592425
rock_04::time_stretch::-10pct,rock_04,rock,time_stretch,-10.0,0.999477,0.856248,0.641402,0.793845,0.8124742386089137,0.822743
rock_04::time_stretch::-5pct,rock_04,rock,time_stretch,-5.0,0.999656,0.884215,0.705147,0.790524,0.8378201367482268,0.8448855
rock_04::time_stretch::+5pct,rock_04,rock,time_stretch,5.0,0.999886,0.887352,0.530131,0.810704,0.7858198304380337,0.80701825
rock_04::time_stretch::+10pct,rock_04,rock,time_stretch,10.0,0.999043,0.896665,0.542417,0.799429,0.7894632125882672,0.8093885000000001
rock_04::time_stretch::+20pct,rock_04,rock,time_stretch,20.0,0.99986,0.890977,0.568112,0.808069,0.7996906608723143,0.8167545
rock_04::lowpass::lp8000,rock_04,rock,lowpass,8000.0,0.999999,0.422854,0.988926,0.787845,0.7576151432625785,0.799906
rock_04::lowpass::lp4000,rock_04,rock,lowpass,4000.0,0.999998,0.41205,0.916593,0.761662,0.7323555358519809,0.77257575
rock_04::lowpass::lp2000,rock_04,rock,lowpass,2000.0,0.999971,0.411064,0.89751,0.686141,0.7093121174638016,0.7486715
rock_04::distortion::drv4,rock_04,rock,distortion,4.0,0.999974,0.744737,0.70521,0.794273,0.8036555998862778,0.8110485000000001
rock_04::distortion::drv12,rock_04,rock,distortion,12.0,0.999856,0.522079,0.613956,0.75134,0.7005060009081787,0.72180775
rock_04::distortion::drv32,rock_04,rock,distortion,32.0,0.999745,0.471436,0.589953,0.736728,0.6727584223601816,0.6994655
rock_04::style_swap::swap_cross,rock_04,rock,style_swap,nan,0.964222,0.453161,0.534822,0.595353,0.6107357508990839,0.6368895
rock_04::style_swap::swap_same,rock_04,rock,style_swap,nan,0.980173,0.524115,0.533974,0.732868,0.669605170727709,0.6927825
rock_05::control::ctrl,rock_05,rock,control,0.0,1.0,1.0,1.0,0.79089,0.9430376264587826,0.9477225
rock_05::pitch_shift::-4st,rock_05,rock,pitch_shift,-4.0,0.86355,0.509731,0.971146,0.654395,0.7272575830733715,0.7497055
rock_05::pitch_shift::-2st,rock_05,rock,pitch_shift,-2.0,0.909335,0.649299,0.985501,0.652262,0.7848956950329002,0.79909925
rock_05::pitch_shift::-1st,rock_05,rock,pitch_shift,-1.0,0.95157,0.800259,0.991201,0.728123,0.8610124821804669,0.86778825
rock_05::pitch_shift::+1st,rock_05,rock,pitch_shift,1.0,0.964085,0.810858,0.988272,0.736828,0.8686117220085109,0.87501075
rock_05::pitch_shift::+2st,rock_05,rock,pitch_shift,2.0,0.916303,0.697245,0.983853,0.67744,0.8078047301944503,0.81871025
rock_05::pitch_shift::+4st,rock_05,rock,pitch_shift,4.0,0.876657,0.573219,0.962706,0.690088,0.7601286626028877,0.7756675
rock_05::time_stretch::-20pct,rock_05,rock,time_stretch,-20.0,0.9987,0.864856,0.424745,0.764017,0.7276164975781669,0.7630795
rock_05::time_stretch::-10pct,rock_05,rock,time_stretch,-10.0,0.997697,0.887121,0.525284,0.753348,0.7692948668961187,0.7908625
rock_05::time_stretch::-5pct,rock_05,rock,time_stretch,-5.0,0.997982,0.928636,0.585699,0.777592,0.8060252047567036,0.8224772499999999
rock_05::time_stretch::+5pct,rock_05,rock,time_stretch,5.0,0.999398,0.943844,0.621215,0.799958,0.8274408422861076,0.84110375
rock_05::time_stretch::+10pct,rock_05,rock,time_stretch,10.0,0.998213,0.918891,0.574654,0.780577,0.8008982615605679,0.81808375
rock_05::time_stretch::+20pct,rock_05,rock,time_stretch,20.0,0.998722,0.89037,0.456249,0.786925,0.751687971762811,0.7830665
rock_05::lowpass::lp8000,rock_05,rock,lowpass,8000.0,0.999536,0.509873,0.984144,0.776751,0.7900420939119207,0.817576
rock_05::lowpass::lp4000,rock_05,rock,lowpass,4000.0,0.999417,0.438412,0.944909,0.713303,0.7371795862840502,0.77401025
rock_05::lowpass::lp2000,rock_05,rock,lowpass,2000.0,0.999939,0.409549,0.923085,0.653779,0.7050793725318012,0.746588
rock_05::distortion::drv4,rock_05,rock,distortion,4.0,0.99681,0.704477,0.97795,0.690384,0.829796585492449,0.84240525
rock_05::distortion::drv12,rock_05,rock,distortion,12.0,0.993765,0.53224,0.937684,0.647161,0.7526880353769124,0.7777125
rock_05::distortion::drv32,rock_05,rock,distortion,32.0,0.99245,0.470004,0.862427,0.617796,0.7060645494084856,0.73566925
rock_05::style_swap::swap_cross,rock_05,rock,style_swap,nan,0.884864,0.394601,0.513749,0.561071,0.563249584321162,0.58857125
rock_05::style_swap::swap_same,rock_05,rock,style_swap,nan,0.920233,0.446908,0.474134,0.583036,0.5806682775726348,0.60607775
rock_06::control::ctrl,rock_06,rock,control,0.0,1.0,1.0,1.0,0.827588,0.9537917161632339,0.956897
rock_06::pitch_shift::-4st,rock_06,rock,pitch_shift,-4.0,0.938169,0.521115,0.982013,0.776489,0.7813881115868907,0.8044465000000001
rock_06::pitch_shift::-2st,rock_06,rock,pitch_shift,-2.0,0.931284,0.707105,0.990296,0.826126,0.8567307229982845,0.86370275
rock_06::pitch_shift::-1st,rock_06,rock,pitch_shift,-1.0,0.948093,0.808971,0.993092,0.829926,0.8916680117993808,0.8950205
rock_06::pitch_shift::+1st,rock_06,rock,pitch_shift,1.0,0.947738,0.831831,0.989724,0.83795,0.8992157407669451,0.90181075
rock_06::pitch_shift::+2st,rock_06,rock,pitch_shift,2.0,0.93015,0.775342,0.984504,0.808334,0.8703895295613125,0.8745825
rock_06::pitch_shift::+4st,rock_06,rock,pitch_shift,4.0,0.949607,0.677082,0.970006,0.785692,0.8366676590190625,0.84559675
rock_06::time_stretch::-20pct,rock_06,rock,time_stretch,-20.0,0.99843,0.828538,0.494202,0.844943,0.7666382629658985,0.79152825
rock_06::time_stretch::-10pct,rock_06,rock,time_stretch,-10.0,0.999561,0.847482,0.599483,0.819586,0.8032075779770727,0.816528
rock_06::time_stretch::-5pct,rock_06,rock,time_stretch,-5.0,0.999366,0.862797,0.679969,0.816042,0.8316846870888143,0.8395435
rock_06::time_stretch::+5pct,rock_06,rock,time_stretch,5.0,0.999392,0.890315,0.679505,0.827542,0.841037896322326,0.8491885
rock_06::time_stretch::+10pct,rock_06,rock,time_stretch,10.0,0.997144,0.861088,0.589361,0.829908,0.8050154037221152,0.81937525
rock_06::time_stretch::+20pct,rock_06,rock,time_stretch,20.0,0.999165,0.879936,0.512217,0.832921,0.7825940193416054,0.80605975
rock_06::lowpass::lp8000,rock_06,rock,lowpass,8000.0,0.999997,0.424493,0.996572,0.832415,0.7703346838535151,0.81336925
rock_06::lowpass::lp4000,rock_06,rock,lowpass,4000.0,0.999986,0.439439,0.992414,0.799458,0.7684139899460228,0.80782425
rock_06::lowpass::lp2000,rock_06,rock,lowpass,2000.0,0.998553,0.415651,0.985587,0.752847,0.7449470595835871,0.7881595
rock_06::distortion::drv4,rock_06,rock,distortion,4.0,0.999869,0.784771,0.992653,0.820667,0.8941546097229072,0.89949
rock_06::distortion::drv12,rock_06,rock,distortion,12.0,0.999664,0.533638,0.956995,0.812945,0.802634657219029,0.8258105
rock_06::distortion::drv32,rock_06,rock,distortion,32.0,0.999508,0.461691,0.89171,0.797088,0.7567752109423761,0.78749925
rock_06::style_swap::swap_cross,rock_06,rock,style_swap,nan,0.887546,0.40398,0.553223,0.59778,0.5868107834581576,0.61063225
rock_06::style_swap::swap_same,rock_06,rock,style_swap,nan,0.951376,0.484016,0.599483,0.73913,0.6720899524808902,0.69350125
rock_07::control::ctrl,rock_07,rock,control,0.0,1.0,1.0,1.0,0.765996,0.9355276448742361,0.941499
rock_07::pitch_shift::-4st,rock_07,rock,pitch_shift,-4.0,0.735964,0.63263,0.975588,0.666742,0.7418355716426761,0.752731
rock_07::pitch_shift::-2st,rock_07,rock,pitch_shift,-2.0,0.81108,0.756119,0.986826,0.719053,0.8122015845398686,0.8182695
rock_07::pitch_shift::-1st,rock_07,rock,pitch_shift,-1.0,0.705207,0.85391,0.992301,0.740352,0.8155537692708131,0.8229425
rock_07::pitch_shift::+1st,rock_07,rock,pitch_shift,1.0,0.703882,0.864309,0.989597,0.715024,0.8100036408918505,0.818203
rock_07::pitch_shift::+2st,rock_07,rock,pitch_shift,2.0,0.798246,0.761986,0.983227,0.724997,0.8114624673207443,0.817114
rock_07::pitch_shift::+4st,rock_07,rock,pitch_shift,4.0,0.72955,0.627638,0.973757,0.690524,0.7449007567548924,0.75536725
rock_07::time_stretch::-20pct,rock_07,rock,time_stretch,-20.0,0.992079,0.731594,0.567383,0.788566,0.7548882921092976,0.7699055
rock_07::time_stretch::-10pct,rock_07,rock,time_stretch,-10.0,0.997448,0.826538,0.648579,0.792169,0.8067397453403167,0.8161835
rock_07::time_stretch::-5pct,rock_07,rock,time_stretch,-5.0,0.998955,0.882843,0.705755,0.787336,0.8366828536924735,0.84372225
rock_07::time_stretch::+5pct,rock_07,rock,time_stretch,5.0,0.997778,0.898955,0.731184,0.754456,0.8387028486747437,0.84559325
rock_07::time_stretch::+10pct,rock_07,rock,time_stretch,10.0,0.994625,0.892475,0.663449,0.790513,0.8260246311052385,0.8352655
rock_07::time_stretch::+20pct,rock_07,rock,time_stretch,20.0,0.987317,0.842336,0.596081,0.762334,0.78405790249862,0.797017
rock_07::lowpass::lp8000,rock_07,rock,lowpass,8000.0,0.999997,0.537304,0.993655,0.756928,0.7973100547787482,0.821971
rock_07::lowpass::lp4000,rock_07,rock,lowpass,4000.0,0.999994,0.5061,0.982593,0.698599,0.7677305793549088,0.7968215000000001
rock_07::lowpass::lp2000,rock_07,rock,lowpass,2000.0,0.999926,0.466434,0.972303,0.642239,0.7346222709698136,0.7702255
rock_07::distortion::drv4,rock_07,rock,distortion,4.0,0.999884,0.787652,0.982693,0.713162,0.8619310262178662,0.87084775
rock_07::distortion::drv12,rock_07,rock,distortion,12.0,0.996426,0.659981,0.949425,0.515216,0.7531068923431282,0.780262
rock_07::distortion::drv32,rock_07,rock,distortion,32.0,0.990829,0.567385,0.753447,0.408017,0.6447656338364162,0.6799195
rock_07::style_swap::swap_cross,rock_07,rock,style_swap,nan,0.795693,0.476206,0.582684,0.40997,0.5485060129090596,0.56613825
rock_07::style_swap::swap_same,rock_07,rock,style_swap,nan,0.851624,0.535156,0.731079,0.596674,0.6677400548934137,0.6786332500000001
rock_08::control::ctrl,rock_08,rock,control,0.0,1.0,1.0,1.0,0.818048,0.9510310509784932,0.954512
rock_08::pitch_shift::-4st,rock_08,rock,pitch_shift,-4.0,0.962647,0.424162,0.962221,0.739298,0.7341305473342913,0.772082
rock_08::pitch_shift::-2st,rock_08,rock,pitch_shift,-2.0,0.967163,0.603592,0.970556,0.817582,0.8249901574334919,0.83972325
rock_08::pitch_shift::-1st,rock_08,rock,pitch_shift,-1.0,0.957176,0.770797,0.976175,0.807806,0.8733566732636826,0.8779885000000001
rock_08::pitch_shift::+1st,rock_08,rock,pitch_shift,1.0,0.960892,0.80437,0.975471,0.775003,0.8743031581714676,0.878934
rock_08::pitch_shift::+2st,rock_08,rock,pitch_shift,2.0,0.958667,0.730797,0.969525,0.80914,0.8610171546592946,0.8670322500000001
rock_08::pitch_shift::+4st,rock_08,rock,pitch_shift,4.0,0.967969,0.614177,0.964967,0.729896,0.8044186125631363,0.81925225
rock_08::time_stretch::-20pct,rock_08,rock,time_stretch,-20.0,0.9977,0.830463,0.703569,0.78737,0.8230978264152979,0.8297755
rock_08::time_stretch::-10pct,rock_08,rock,time_stretch,-10.0,0.998554,0.837736,0.693826,0.808432,0.8276432932604052,0.8346370000000001
rock_08::time_stretch::-5pct,rock_08,rock,time_stretch,-5.0,0.998161,0.858111,0.77547,0.839446,0.8641227874601839,0.8677969999999999
rock_08::time_stretch::+5pct,rock_08,rock,time_stretch,5.0,0.999628,0.86065,0.770773,0.832687,0.862021932462993,0.8659345
rock_08::time_stretch::+10pct,rock_08,rock,time_stretch,10.0,0.997256,0.819834,0.682278,0.794689,0.8159673628490614,0.82351425
rock_08::time_stretch::+20pct,rock_08,rock,time_stretch,20.0,0.994061,0.821964,0.643363,0.817403,0.8096354865134101,0.8191977500000001
rock_08::lowpass::lp8000,rock_08,rock,lowpass,8000.0,1.0,0.398632,0.985534,0.818652,0.7530707410279757,0.8007045
rock_08::lowpass::lp4000,rock_08,rock,lowpass,4000.0,0.999998,0.405805,0.96619,0.742274,0.7344898997145933,0.77856675
rock_08::lowpass::lp2000,rock_08,rock,lowpass,2000.0,0.998148,0.387533,0.949042,0.683109,0.7076520478134568,0.7544580000000001
rock_08::distortion::drv4,rock_08,rock,distortion,4.0,0.999589,0.555807,0.985506,0.805153,0.814837095653393,0.83651375
rock_08::distortion::drv12,rock_08,rock,distortion,12.0,0.999499,0.418826,0.950344,0.774764,0.7451034374472598,0.78585825
rock_08::distortion::drv32,rock_08,rock,distortion,32.0,0.999133,0.395945,0.91501,0.729457,0.7168378453362679,0.75988625
rock_08::style_swap::swap_cross,rock_08,rock,style_swap,nan,0.766064,0.416942,0.711322,0.374926,0.540241726502267,0.5673135
rock_08::style_swap::swap_same,rock_08,rock,style_swap,nan,0.928717,0.484023,0.790245,0.601052,0.6797603039307398,0.70100925
rock_09::control::ctrl,rock_09,rock,control,0.0,1.0,1.0,1.0,0.835722,0.956126727785291,0.9589305
rock_09::pitch_shift::-4st,rock_09,rock,pitch_shift,-4.0,0.970896,0.535053,0.991098,0.750111,0.788320666867046,0.8117894999999999
rock_09::pitch_shift::-2st,rock_09,rock,pitch_shift,-2.0,0.981876,0.687841,0.995246,0.80648,0.858059070532341,0.86786075
rock_09::pitch_shift::-1st,rock_09,rock,pitch_shift,-1.0,0.973112,0.809441,0.996438,0.786315,0.8863366691879244,0.8913265
rock_09::pitch_shift::+1st,rock_09,rock,pitch_shift,1.0,0.975986,0.835457,0.996031,0.756803,0.8854332927208961,0.89106925
rock_09::pitch_shift::+2st,rock_09,rock,pitch_shift,2.0,0.982703,0.741207,0.994194,0.715886,0.8485339052605568,0.8584975
rock_09::pitch_shift::+4st,rock_09,rock,pitch_shift,4.0,0.974613,0.639299,0.990202,0.688116,0.8071986373710109,0.8230575
rock_09::time_stretch::-20pct,rock_09,rock,time_stretch,-20.0,0.997323,0.856981,0.875536,0.786788,0.87596083899795,0.879157
rock_09::time_stretch::-10pct,rock_09,rock,time_stretch,-10.0,0.998288,0.865867,0.885962,0.841584,0.8959935863916824,0.89792525
rock_09::time_stretch::-5pct,rock_09,rock,time_stretch,-5.0,0.99891,0.896966,0.901117,0.828304,0.9043120562948583,0.9063242499999999
rock_09::time_stretch::+5pct,rock_09,rock,time_stretch,5.0,0.999402,0.882233,0.909823,0.790006,0.8922318115686356,0.895366
rock_09::time_stretch::+10pct,rock_09,rock,time_stretch,10.0,0.999302,0.856784,0.890861,0.802457,0.884504313609945,0.887351
rock_09::time_stretch::+20pct,rock_09,rock,time_stretch,20.0,0.998284,0.849038,0.883299,0.820346,0.8852613642401892,0.88774175
rock_09::lowpass::lp8000,rock_09,rock,lowpass,8000.0,0.999475,0.43936,0.997746,0.840579,0.779018453798031,0.81929
rock_09::lowpass::lp4000,rock_09,rock,lowpass,4000.0,0.999667,0.424054,0.991899,0.692642,0.7346207627291726,0.7770655
rock_09::lowpass::lp2000,rock_09,rock,lowpass,2000.0,0.999496,0.422581,0.984204,0.65258,0.7216929753132106,0.7647152500000001
rock_09::distortion::drv4,rock_09,rock,distortion,4.0,0.999784,0.910738,0.996652,0.810144,0.9259794542434131,0.9293295
rock_09::distortion::drv12,rock_09,rock,distortion,12.0,0.998742,0.662598,0.987667,0.664528,0.8118145215022253,0.82838375
rock_09::distortion::drv32,rock_09,rock,distortion,32.0,0.998787,0.503514,0.959489,0.544301,0.7158810904611318,0.75152275
rock_09::style_swap::swap_cross,rock_09,rock,style_swap,nan,0.891277,0.421292,0.901117,0.627538,0.6788194553919306,0.710306
rock_09::style_swap::swap_same,rock_09,rock,style_swap,nan,0.956709,0.488897,0.912413,0.642321,0.723577750801952,0.750085
rock_10::control::ctrl,rock_10,rock,control,0.0,1.0,1.0,1.0,0.819097,0.9513357862139562,0.95477425
rock_10::pitch_shift::-4st,rock_10,rock,pitch_shift,-4.0,0.824539,0.601241,0.957999,0.789798,0.782591666597754,0.79339425
rock_10::pitch_shift::-2st,rock_10,rock,pitch_shift,-2.0,0.870811,0.745049,0.991559,0.812423,0.8502612332144897,0.8549605
rock_10::pitch_shift::-1st,rock_10,rock,pitch_shift,-1.0,0.937895,0.845088,0.834671,0.835789,0.8623171682774107,0.86336075
rock_10::pitch_shift::+1st,rock_10,rock,pitch_shift,1.0,0.939978,0.879705,0.96762,0.859031,0.9105254843618603,0.9115835
rock_10::pitch_shift::+2st,rock_10,rock,pitch_shift,2.0,0.864891,0.787447,0.831159,0.811335,0.8232216026158298,0.823708
rock_10::pitch_shift::+4st,rock_10,rock,pitch_shift,4.0,0.80876,0.651624,0.958937,0.791596,0.795293806836571,0.8027292500000001
rock_10::time_stretch::-20pct,rock_10,rock,time_stretch,-20.0,0.996102,0.844591,0.733444,0.775061,0.8315976941577637,0.8372995
rock_10::time_stretch::-10pct,rock_10,rock,time_stretch,-10.0,0.994756,0.877497,0.70571,0.809332,0.8402892312140904,0.84682375
rock_10::time_stretch::-5pct,rock_10,rock,time_stretch,-5.0,0.998186,0.911081,0.852409,0.83153,0.8960321719795525,0.8983015
rock_10::time_stretch::+5pct,rock_10,rock,time_stretch,5.0,0.997527,0.921226,0.726414,0.82969,0.8626760217200596,0.86871425
rock_10::time_stretch::+10pct,rock_10,rock,time_stretch,10.0,0.997108,0.888297,0.743546,0.779143,0.8463623830980299,0.8520235
rock_10::time_stretch::+20pct,rock_10,rock,time_stretch,20.0,0.997989,0.879193,0.780766,0.841336,0.8713147887354361,0.874821
rock_10::lowpass::lp8000,rock_10,rock,lowpass,8000.0,1.0,0.49346,0.836706,0.810836,0.7606580488082793,0.7852505
rock_10::lowpass::lp4000,rock_10,rock,lowpass,4000.0,0.999973,0.435017,0.829036,0.782794,0.728918285880522,0.761705
rock_10::lowpass::lp2000,rock_10,rock,lowpass,2000.0,0.999896,0.429675,0.82086,0.769184,0.7216864693433991,0.75490375
rock_10::distortion::drv4,rock_10,rock,distortion,4.0,0.999914,0.843263,0.96973,0.804215,0.9005071670600779,0.9042805
rock_10::distortion::drv12,rock_10,rock,distortion,12.0,0.998999,0.623722,0.931258,0.790026,0.8228428112708542,0.83600125
rock_10::distortion::drv32,rock_10,rock,distortion,32.0,0.997845,0.526536,0.887411,0.696033,0.754764471001943,0.77695625
rock_10::style_swap::swap_cross,rock_10,rock,style_swap,nan,0.883339,0.513896,0.712531,0.632357,0.6724998382446449,0.68553075
rock_10::style_swap::swap_same,rock_10,rock,style_swap,nan,0.915243,0.47905,0.813656,0.553473,0.6665974267820592,0.6903555
rock_11::control::ctrl,rock_11,rock,control,0.0,1.0,0.999225,0.999997,0.730712,0.9243832278718439,0.9324835
rock_11::pitch_shift::-4st,rock_11,rock,pitch_shift,-4.0,0.95426,0.482414,0.93917,0.722407,0.747572289540839,0.77456275
rock_11::pitch_shift::-2st,rock_11,rock,pitch_shift,-2.0,0.960748,0.612815,0.942562,0.728074,0.7972712093530846,0.81104975
rock_11::pitch_shift::-1st,rock_11,rock,pitch_shift,-1.0,0.971009,0.770174,0.99431,0.735652,0.8600062035217061,0.86778625
rock_11::pitch_shift::+1st,rock_11,rock,pitch_shift,1.0,0.967677,0.849975,0.941387,0.721589,0.864567026220456,0.8701570000000001
rock_11::pitch_shift::+2st,rock_11,rock,pitch_shift,2.0,0.954275,0.780699,0.936998,0.719068,0.841717678838799,0.8477600000000001
rock_11::pitch_shift::+4st,rock_11,rock,pitch_shift,4.0,0.95392,0.686174,0.928238,0.705007,0.8090022812612567,0.81833475
rock_11::time_stretch::-20pct,rock_11,rock,time_stretch,-20.0,0.998454,0.868247,0.737084,0.78384,0.8412574817761577,0.84690625
rock_11::time_stretch::-10pct,rock_11,rock,time_stretch,-10.0,0.9978,0.863344,0.584534,0.764191,0.7876073633159113,0.80246725
rock_11::time_stretch::-5pct,rock_11,rock,time_stretch,-5.0,0.99934,0.88544,0.65778,0.783748,0.8218307360820999,0.831577
rock_11::time_stretch::+5pct,rock_11,rock,time_stretch,5.0,0.996552,0.90069,0.688403,0.753773,0.826113385993355,0.8348545
rock_11::time_stretch::+10pct,rock_11,rock,time_stretch,10.0,0.996253,0.88826,0.652365,0.742876,0.8092434297548174,0.8199385
rock_11::time_stretch::+20pct,rock_11,rock,time_stretch,20.0,0.99736,0.885588,0.548148,0.764369,0.7799578656954586,0.79886625
rock_11::lowpass::lp8000,rock_11,rock,lowpass,8000.0,1.0,0.413096,0.941118,0.741766,0.7328084999425051,0.773995
rock_11::lowpass::lp4000,rock_11,rock,lowpass,4000.0,0.99948,0.396448,0.973901,0.676923,0.7149136766524945,0.761688
rock_11::lowpass::lp2000,rock_11,rock,lowpass,2000.0,0.999272,0.379263,0.956172,0.614928,0.6870623037226731,0.7374087500000001
rock_11::distortion::drv4,rock_11,rock,distortion,4.0,0.997132,0.798399,0.987904,0.681222,0.8555472738412427,0.86616425
rock_11::distortion::drv12,rock_11,rock,distortion,12.0,0.997661,0.613843,0.972928,0.623075,0.78057624937007,0.80187675
rock_11::distortion::drv32,rock_11,rock,distortion,32.0,0.994355,0.502742,0.898798,0.572096,0.7120400298961052,0.74199775
rock_11::style_swap::swap_cross,rock_11,rock,style_swap,nan,0.950473,0.381667,0.568047,0.462086,0.555498472725384,0.59056825
rock_11::style_swap::swap_same,rock_11,rock,style_swap,nan,0.87967,0.479887,0.606101,0.656751,0.6402522707157302,0.6556022499999999
rock_12::control::ctrl,rock_12,rock,control,0.0,1.0,1.0,1.0,0.811346,0.949077166190783,0.9528365
rock_12::pitch_shift::-4st,rock_12,rock,pitch_shift,-4.0,0.957684,0.538872,0.976001,0.694374,0.7690204535230132,0.79173275
rock_12::pitch_shift::-2st,rock_12,rock,pitch_shift,-2.0,0.97749,0.71966,0.984559,0.781601,0.8577616693962475,0.8658275
rock_12::pitch_shift::-1st,rock_12,rock,pitch_shift,-1.0,0.952926,0.843101,0.987377,0.729051,0.8720571041285441,0.87811375
rock_12::pitch_shift::+1st,rock_12,rock,pitch_shift,1.0,0.949585,0.837653,0.985259,0.750324,0.8756878231544549,0.88070525
rock_12::pitch_shift::+2st,rock_12,rock,pitch_shift,2.0,0.980688,0.739759,0.981244,0.774563,0.8617151334031187,0.8690635
rock_12::pitch_shift::+4st,rock_12,rock,pitch_shift,4.0,0.958547,0.636386,0.97282,0.726562,0.810326048748008,0.82357875
rock_12::time_stretch::-20pct,rock_12,rock,time_stretch,-20.0,0.998488,0.852531,0.57373,0.782029,0.7861327005390876,0.8016945
rock_12::time_stretch::-10pct,rock_12,rock,time_stretch,-10.0,0.999341,0.882881,0.653732,0.80753,0.8261208276491917,0.835871
rock_12::time_stretch::-5pct,rock_12,rock,time_stretch,-5.0,0.999559,0.914093,0.715227,0.80667,0.8520884057102063,0.85888725
rock_12::time_stretch::+5pct,rock_12,rock,time_stretch,5.0,0.99952,0.930938,0.714588,0.827148,0.8611678291251652,0.8680485
rock_12::time_stretch::+10pct,rock_12,rock,time_stretch,10.0,0.998331,0.898505,0.643004,0.774507,0.8175390748926264,0.8285867499999999
rock_12::time_stretch::+20pct,rock_12,rock,time_stretch,20.0,0.997924,0.895842,0.578576,0.785823,0.7984606343425393,0.81454125
rock_12::lowpass::lp8000,rock_12,rock,lowpass,8000.0,0.999996,0.447894,0.989066,0.809738,0.7739017438247541,0.8116734999999999
rock_12::lowpass::lp4000,rock_12,rock,lowpass,4000.0,0.999993,0.453522,0.969855,0.764933,0.7616077967453674,0.79707575
rock_12::lowpass::lp2000,rock_12,rock,lowpass,2000.0,0.99995,0.422382,0.957701,0.706482,0.731145282660388,0.77162875
rock_12::distortion::drv4,rock_12,rock,distortion,4.0,0.99955,0.687981,0.967129,0.81625,0.858365279094017,0.8677275
rock_12::distortion::drv12,rock_12,rock,distortion,12.0,0.999561,0.527825,0.926237,0.739415,0.7753136146797738,0.7982595
rock_12::distortion::drv32,rock_12,rock,distortion,32.0,0.998772,0.467803,0.881015,0.69594,0.7315956519406865,0.7608825
rock_12::style_swap::swap_cross,rock_12,rock,style_swap,nan,0.890166,0.465892,0.557822,0.483442,0.5782945080957501,0.5993305
rock_12::style_swap::swap_same,rock_12,rock,style_swap,nan,0.940486,0.523235,0.564462,0.570084,0.6308203152430975,0.64956675
rock_13::control::ctrl,rock_13,rock,control,0.0,1.0,1.0,1.0,0.834438,0.9557592686686708,0.9586095
rock_13::pitch_shift::-4st,rock_13,rock,pitch_shift,-4.0,0.722858,0.541628,0.988771,0.748624,0.7337166785927842,0.75047025
rock_13::pitch_shift::-2st,rock_13,rock,pitch_shift,-2.0,0.790048,0.728321,0.993141,0.724113,0.8020443642981723,0.80890575
rock_13::pitch_shift::-1st,rock_13,rock,pitch_shift,-1.0,0.76888,0.865015,0.995036,0.733132,0.8345950280199015,0.84051575
rock_13::pitch_shift::+1st,rock_13,rock,pitch_shift,1.0,0.764595,0.868245,0.973114,0.766989,0.8389897406263155,0.8432357500000001
rock_13::pitch_shift::+2st,rock_13,rock,pitch_shift,2.0,0.796989,0.800782,0.971039,0.71742,0.816571457684115,0.8215574999999999
rock_13::pitch_shift::+4st,rock_13,rock,pitch_shift,4.0,0.74185,0.68234,0.988322,0.717423,0.7740119622164564,0.78248375
rock_13::time_stretch::-20pct,rock_13,rock,time_stretch,-20.0,0.995446,0.877025,0.814343,0.833408,0.8773516110984959,0.8800555000000001
rock_13::time_stretch::-10pct,rock_13,rock,time_stretch,-10.0,0.995874,0.916918,0.843618,0.864162,0.9032728855757624,0.905143
rock_13::time_stretch::-5pct,rock_13,rock,time_stretch,-5.0,0.997673,0.927859,0.870866,0.863912,0.9135298893532455,0.9150775
rock_13::time_stretch::+5pct,rock_13,rock,time_stretch,5.0,0.99808,0.935811,0.867559,0.850643,0.9111711548322748,0.91302325
rock_13::time_stretch::+10pct,rock_13,rock,time_stretch,10.0,0.997801,0.921247,0.837879,0.846003,0.8984487474587867,0.9007325
rock_13::time_stretch::+20pct,rock_13,rock,time_stretch,20.0,0.997524,0.892615,0.810672,0.843127,0.8832454850566039,0.8859845
rock_13::lowpass::lp8000,rock_13,rock,lowpass,8000.0,1.0,0.421876,0.972141,0.846978,0.7677088592320075,0.81024875
rock_13::lowpass::lp4000,rock_13,rock,lowpass,4000.0,0.999999,0.437112,0.963333,0.764718,0.7532992089700092,0.7912905
rock_13::lowpass::lp2000,rock_13,rock,lowpass,2000.0,0.99998,0.419893,0.956224,0.739052,0.7380591118048034,0.77878725
rock_13::distortion::drv4,rock_13,rock,distortion,4.0,0.99988,0.798469,0.997065,0.825275,0.9002891692267528,0.90517225
rock_13::distortion::drv12,rock_13,rock,distortion,12.0,0.998655,0.571119,0.987258,0.742036,0.8039877499776646,0.824767
rock_13::distortion::drv32,rock_13,rock,distortion,32.0,0.996824,0.470678,0.943338,0.6524,0.7330454740475136,0.76581
rock_13::style_swap::swap_cross,rock_13,rock,style_swap,nan,0.752659,0.43101,0.830133,0.612647,0.637324918110121,0.65661225
rock_13::style_swap::swap_same,rock_13,rock,style_swap,nan,0.917936,0.477961,0.841512,0.635136,0.695877791781728,0.71813625
rock_14::control::ctrl,rock_14,rock,control,0.0,0.999329,0.997552,0.999911,0.819934,0.9508150973461579,0.9541815
rock_14::pitch_shift::-4st,rock_14,rock,pitch_shift,-4.0,0.945596,0.3959,0.966086,0.72181,0.7147965584296996,0.757348
rock_14::pitch_shift::-2st,rock_14,rock,pitch_shift,-2.0,0.976873,0.547051,0.973301,0.77027,0.7955894562648596,0.81687375
rock_14::pitch_shift::-1st,rock_14,rock,pitch_shift,-1.0,0.963472,0.7056,0.974933,0.769167,0.8449835826008496,0.8532930000000001
rock_14::pitch_shift::+1st,rock_14,rock,pitch_shift,1.0,0.954229,0.804121,0.978779,0.774005,0.8731736191161849,0.8777835
rock_14::pitch_shift::+2st,rock_14,rock,pitch_shift,2.0,0.972613,0.721457,0.975359,0.773962,0.8531171329723727,0.86084775
rock_14::pitch_shift::+4st,rock_14,rock,pitch_shift,4.0,0.950329,0.600073,0.969096,0.716471,0.7932514443450673,0.80899225
rock_14::time_stretch::-20pct,rock_14,rock,time_stretch,-20.0,0.996719,0.809451,0.704601,0.804247,0.8222880927639263,0.8287545000000001
rock_14::time_stretch::-10pct,rock_14,rock,time_stretch,-10.0,0.99863,0.818585,0.760667,0.819029,0.844774043922199,0.8492277500000001
rock_14::time_stretch::-5pct,rock_14,rock,time_stretch,-5.0,0.999019,0.83469,0.784272,0.812106,0.8536789976002503,0.85752175
rock_14::time_stretch::+5pct,rock_14,rock,time_stretch,5.0,0.999607,0.834016,0.804827,0.805702,0.85747242474146,0.861038
rock_14::time_stretch::+10pct,rock_14,rock,time_stretch,10.0,0.998695,0.81841,0.760823,0.804874,0.8411120088740327,0.8457005
rock_14::time_stretch::+20pct,rock_14,rock,time_stretch,20.0,0.997312,0.805679,0.768527,0.81825,0.8431106166728435,0.847442
rock_14::lowpass::lp8000,rock_14,rock,lowpass,8000.0,1.0,0.364058,0.989706,0.82305,0.7379479834758312,0.7942035
rock_14::lowpass::lp4000,rock_14,rock,lowpass,4000.0,0.998873,0.365912,0.976584,0.747676,0.7187493961613212,0.77226125
rock_14::lowpass::lp2000,rock_14,rock,lowpass,2000.0,0.998139,0.3474,0.905453,0.672994,0.6779918695519962,0.7309964999999999
rock_14::distortion::drv4,rock_14,rock,distortion,4.0,0.999057,0.399021,0.966573,0.802889,0.7457942776856218,0.791885
rock_14::distortion::drv12,rock_14,rock,distortion,12.0,0.999098,0.362068,0.927672,0.754047,0.709247435885729,0.76072125
rock_14::distortion::drv32,rock_14,rock,distortion,32.0,0.99903,0.354624,0.909399,0.720635,0.6941512649304923,0.745922
rock_14::style_swap::swap_cross,rock_14,rock,style_swap,nan,0.969653,0.35999,0.816761,0.542987,0.6272603002855526,0.67234775
rock_14::style_swap::swap_same,rock_14,rock,style_swap,nan,0.978102,0.390265,0.846669,0.597986,0.663035995817197,0.7032555
rock_15::control::ctrl,rock_15,rock,control,0.0,1.0,1.0,1.0,0.782294,0.9404647015699515,0.9455735000000001
rock_15::pitch_shift::-4st,rock_15,rock,pitch_shift,-4.0,0.925026,0.538059,0.990163,0.735669,0.7759669914894549,0.79722925
rock_15::pitch_shift::-2st,rock_15,rock,pitch_shift,-2.0,0.95079,0.685859,0.992759,0.784225,0.8441137812950366,0.85340825
rock_15::pitch_shift::-1st,rock_15,rock,pitch_shift,-1.0,0.951743,0.811349,0.994852,0.75715,0.8733070178526977,0.8787735
rock_15::pitch_shift::+1st,rock_15,rock,pitch_shift,1.0,0.950268,0.848243,0.989379,0.749151,0.8791735426280973,0.88426025
rock_15::pitch_shift::+2st,rock_15,rock,pitch_shift,2.0,0.949688,0.731007,0.983077,0.731137,0.8404699609071931,0.84872725
rock_15::pitch_shift::+4st,rock_15,rock,pitch_shift,4.0,0.9252,0.583494,0.971056,0.716134,0.7827582380659072,0.798971
rock_15::time_stretch::-20pct,rock_15,rock,time_stretch,-20.0,0.995194,0.888057,0.768667,0.75117,0.8451937280028451,0.850772
rock_15::time_stretch::-10pct,rock_15,rock,time_stretch,-10.0,0.996448,0.912358,0.75985,0.787703,0.8588702761562768,0.86408975
rock_15::time_stretch::-5pct,rock_15,rock,time_stretch,-5.0,0.996755,0.932232,0.81389,0.781108,0.8766925316846319,0.8809962499999999
rock_15::time_stretch::+5pct,rock_15,rock,time_stretch,5.0,0.997181,0.925458,0.732319,0.793606,0.8557738043850336,0.862141
rock_15::time_stretch::+10pct,rock_15,rock,time_stretch,10.0,0.99522,0.90174,0.762258,0.783387,0.8555978711428645,0.86065125
rock_15::time_stretch::+20pct,rock_15,rock,time_stretch,20.0,0.994067,0.879632,0.838339,0.780557,0.86973158575206,0.8731487499999999
rock_15::lowpass::lp8000,rock_15,rock,lowpass,8000.0,1.0,0.541276,0.998599,0.785965,0.8073340621854355,0.83146
rock_15::lowpass::lp4000,rock_15,rock,lowpass,4000.0,0.999999,0.452586,0.994498,0.783624,0.7706427215620519,0.8076767499999999
rock_15::lowpass::lp2000,rock_15,rock,lowpass,2000.0,0.999971,0.392923,0.958542,0.763089,0.7321841094250572,0.77863125
rock_15::distortion::drv4,rock_15,rock,distortion,4.0,0.999861,0.853633,0.996121,0.772633,0.9002726228073563,0.905562
rock_15::distortion::drv12,rock_15,rock,distortion,12.0,0.998976,0.607725,0.982636,0.721799,0.8100610973688119,0.827784
rock_15::distortion::drv32,rock_15,rock,distortion,32.0,0.997351,0.502678,0.965817,0.621333,0.7406095244899442,0.77179475
rock_15::style_swap::swap_cross,rock_15,rock,style_swap,nan,0.92812,0.43294,0.690423,0.517305,0.6154934600878134,0.642197
rock_15::style_swap::swap_same,rock_15,rock,style_swap,nan,0.863999,0.491131,0.763358,0.545248,0.6482734455480759,0.665934
