pair_id,source_id,genre,perturbation,magnitude,score_H,score_T,score_R,score_S,C_geo,C_lin
classical_01::control::ctrl,classical_01,classical,control,0.0,1.0,1.0,1.0,0.829116,0.9394458783336457,0.9430386666666666
classical_01::pitch_shift::-4st,classical_01,classical,pitch_shift,-4.0,0.862062,0.612549,0.992494,0.825897,0.8906985802638775,0.8934843333333333
classical_01::pitch_shift::-2st,classical_01,classical,pitch_shift,-2.0,0.824331,0.735423,0.983546,0.820352,0.8729020565448983,0.8760763333333332
classical_01::pitch_shift::-1st,classical_01,classical,pitch_shift,-1.0,0.795448,0.849356,0.996963,0.778667,0.8515579377304521,0.857026
classical_01::pitch_shift::+1st,classical_01,classical,pitch_shift,1.0,0.788337,0.819778,0.996755,0.827911,0.8664855582168682,0.8710009999999999
classical_01::pitch_shift::+2st,classical_01,classical,pitch_shift,2.0,0.840758,0.725842,0.983723,0.814273,0.8765390918288385,0.8795846666666667
classical_01::pitch_shift::+4st,classical_01,classical,pitch_shift,4.0,0.861297,0.637273,0.98019,0.79653,0.8761028904085456,0.8793389999999999
classical_01::time_stretch::-20pct,classical_01,classical,time_stretch,-20.0,0.996128,0.857819,0.914693,0.897815,0.9352458435291119,0.9362119999999999
classical_01::time_stretch::-10pct,classical_01,classical,time_stretch,-10.0,0.997444,0.898502,0.904769,0.862071,0.9197216786488953,0.9214279999999999
classical_01::time_stretch::-5pct,classical_01,classical,time_stretch,-5.0,0.998224,0.932719,0.907293,0.877346,0.9262228466083797,0.927621
classical_01::time_stretch::+5pct,classical_01,classical,time_stretch,5.0,0.997039,0.908418,0.932433,0.869116,0.9313991608393785,0.9328626666666666
classical_01::time_stretch::+10pct,classical_01,classical,time_stretch,10.0,0.9955,0.882854,0.913765,0.862229,0.9222163192785489,0.9238313333333333
classical_01::time_stretch::+20pct,classical_01,classical,time_stretch,20.0,0.994233,0.851098,0.887089,0.882407,0.9198311316550326,0.921243
classical_01::lowpass::lp8000,classical_01,classical,lowpass,8000.0,1.0,0.818931,0.998947,0.834595,0.9411801126090334,0.944514
classical_01::lowpass::lp4000,classical_01,classical,lowpass,4000.0,0.999999,0.58382,0.984677,0.823127,0.9323666605732395,0.9359343333333333
classical_01::lowpass::lp2000,classical_01,classical,lowpass,2000.0,0.999966,0.484488,0.982548,0.782339,0.9160334444848974,0.9216176666666667
classical_01::distortion::drv4,classical_01,classical,distortion,4.0,0.999999,0.939766,0.999491,0.82414,0.9374033091227402,0.9412099999999999
classical_01::distortion::drv12,classical_01,classical,distortion,12.0,0.999808,0.741767,0.993548,0.787758,0.9215086744816186,0.9270379999999999
classical_01::distortion::drv32,classical_01,classical,distortion,32.0,0.99767,0.59795,0.984828,0.745197,0.9013071152540131,0.9092316666666667
classical_01::style_swap::swap_cross,classical_01,classical,style_swap,nan,0.756144,0.384217,0.934589,0.646745,0.7702873252503551,0.7791593333333333
classical_01::style_swap::swap_same,classical_01,classical,style_swap,nan,0.845911,0.516401,0.90493,0.711641,0.816708119521074,0.8208273333333334
classical_02::control::ctrl,classical_02,classical,control,0.0,1.0,1.0,1.0,0.799097,0.9279683556639209,0.9330323333333332
classical_02::pitch_shift::-4st,classical_02,classical,pitch_shift,-4.0,0.871717,0.518691,0.991982,0.758212,0.8687403370016958,0.8739703333333333
classical_02::pitch_shift::-2st,classical_02,classical,pitch_shift,-2.0,0.854366,0.672871,0.994172,0.723161,0.8500546101466652,0.8572329999999999
classical_02::pitch_shift::-1st,classical_02,classical,pitch_shift,-1.0,0.861364,0.784459,0.994915,0.746091,0.8614991081940828,0.8674566666666667
classical_02::pitch_shift::+1st,classical_02,classical,pitch_shift,1.0,0.858125,0.795764,0.993865,0.748212,0.8609294026337998,0.8667339999999999
classical_02::pitch_shift::+2st,classical_02,classical,pitch_shift,2.0,0.860851,0.690338,0.992833,0.760362,0.8661800940436232,0.8713486666666665
classical_02::pitch_shift::+4st,classical_02,classical,pitch_shift,4.0,0.872927,0.579022,0.990261,0.721167,0.8542555633531158,0.8614516666666666
classical_02::time_stretch::-20pct,classical_02,classical,time_stretch,-20.0,0.998827,0.794317,0.907132,0.805066,0.9001828794972428,0.903675
classical_02::time_stretch::-10pct,classical_02,classical,time_stretch,-10.0,0.999,0.792003,0.916804,0.799097,0.9011847404330804,0.9049669999999999
classical_02::time_stretch::-5pct,classical_02,classical,time_stretch,-5.0,0.999121,0.832235,0.921918,0.787189,0.8983863254779411,0.9027426666666667
classical_02::time_stretch::+5pct,classical_02,classical,time_stretch,5.0,0.999806,0.896479,0.923776,0.784801,0.8982846679243777,0.9027943333333333
classical_02::time_stretch::+10pct,classical_02,classical,time_stretch,10.0,0.999391,0.888793,0.907349,0.755532,0.8815647591121903,0.8874239999999999
classical_02::time_stretch::+20pct,classical_02,classical,time_stretch,20.0,0.994538,0.863815,0.918092,0.767822,0.8883607840983124,0.893484
classical_02::lowpass::lp8000,classical_02,classical,lowpass,8000.0,1.0,0.540419,0.998866,0.789621,0.9239361793943263,0.9294956666666666
classical_02::lowpass::lp4000,classical_02,classical,lowpass,4000.0,0.996767,0.49875,0.996442,0.772079,0.9153119633589791,0.9217626666666666
classical_02::lowpass::lp2000,classical_02,classical,lowpass,2000.0,0.999545,0.435651,0.992241,0.763336,0.9114057301720907,0.918374
classical_02::distortion::drv4,classical_02,classical,distortion,4.0,1.0,0.971852,0.999929,0.787935,0.9236055176486312,0.9292879999999999
classical_02::distortion::drv12,classical_02,classical,distortion,12.0,0.99995,0.833633,0.998966,0.784493,0.9219471402895949,0.9278029999999999
classical_02::distortion::drv32,classical_02,classical,distortion,32.0,0.992631,0.649915,0.994843,0.740942,0.9011052748880823,0.909472
classical_02::style_swap::swap_cross,classical_02,classical,style_swap,nan,0.86747,0.357397,0.917487,0.49678,0.7339607384843017,0.7605789999999999
classical_02::style_swap::swap_same,classical_02,classical,style_swap,nan,0.942536,0.471133,0.900222,0.693582,0.8380085718282902,0.8454466666666667
classical_03::control::ctrl,classical_03,classical,control,0.0,1.0,0.999997,1.0,0.839157,0.9432230542240837,0.9463856666666666
classical_03::pitch_shift::-4st,classical_03,classical,pitch_shift,-4.0,0.763278,0.57865,0.889923,0.793982,0.8139828929540426,0.8157276666666666
classical_03::pitch_shift::-2st,classical_03,classical,pitch_shift,-2.0,0.782893,0.71388,0.874173,0.80961,0.821344249366255,0.8222253333333333
classical_03::pitch_shift::-1st,classical_03,classical,pitch_shift,-1.0,0.697189,0.819816,0.924334,0.797457,0.8009933484752951,0.8063266666666666
classical_03::pitch_shift::+1st,classical_03,classical,pitch_shift,1.0,0.685872,0.811784,0.988392,0.83292,0.8265298231220026,0.835728
classical_03::pitch_shift::+2st,classical_03,classical,pitch_shift,2.0,0.784037,0.713773,0.879468,0.801912,0.8207819002549563,0.8218056666666667
classical_03::pitch_shift::+4st,classical_03,classical,pitch_shift,4.0,0.755407,0.595073,0.862042,0.780281,0.797970471644665,0.7992433333333333
classical_03::time_stretch::-20pct,classical_03,classical,time_stretch,-20.0,0.988873,0.715888,0.829531,0.826457,0.8784784940239578,0.8816203333333332
classical_03::time_stretch::-10pct,classical_03,classical,time_stretch,-10.0,0.994096,0.828248,0.830914,0.821946,0.8789062706675456,0.8823186666666666
classical_03::time_stretch::-5pct,classical_03,classical,time_stretch,-5.0,0.998272,0.902038,0.858321,0.829734,0.8925087959874497,0.8954423333333333
classical_03::time_stretch::+5pct,classical_03,classical,time_stretch,5.0,0.997052,0.887516,0.796007,0.823327,0.8677654429744072,0.8721286666666667
classical_03::time_stretch::+10pct,classical_03,classical,time_stretch,10.0,0.995176,0.89404,0.781351,0.828741,0.8637504707727074,0.8684226666666666
classical_03::time_stretch::+20pct,classical_03,classical,time_stretch,20.0,0.986146,0.849383,0.769112,0.802008,0.8472986252633081,0.852422
classical_03::lowpass::lp8000,classical_03,classical,lowpass,8000.0,1.0,0.98702,0.999866,0.844438,0.9451553341729412,0.9481013333333332
classical_03::lowpass::lp4000,classical_03,classical,lowpass,4000.0,1.0,0.981225,0.99984,0.853351,0.9484608368495596,0.9510636666666665
classical_03::lowpass::lp2000,classical_03,classical,lowpass,2000.0,1.0,0.956241,0.999435,0.858405,0.9502012505029801,0.9526133333333333
classical_03::distortion::drv4,classical_03,classical,distortion,4.0,1.0,0.963298,0.998158,0.83188,0.9399108399815503,0.9433459999999999
classical_03::distortion::drv12,classical_03,classical,distortion,12.0,0.999997,0.820762,0.992398,0.807928,0.9290071981289427,0.933441
classical_03::distortion::drv32,classical_03,classical,distortion,32.0,0.999737,0.639981,0.892112,0.721117,0.86318448743819,0.8709886666666666
classical_03::style_swap::swap_cross,classical_03,classical,style_swap,nan,0.876701,0.36371,0.767467,0.589374,0.7346842481578055,0.7445139999999999
classical_03::style_swap::swap_same,classical_03,classical,style_swap,nan,0.791802,0.405002,0.900867,0.664596,0.7797313549162677,0.785755
classical_04::control::ctrl,classical_04,classical,control,0.0,1.0,1.0,1.0,0.770551,0.9167842200023688,0.9235169999999999
classical_04::pitch_shift::-4st,classical_04,classical,pitch_shift,-4.0,0.901489,0.521403,0.984482,0.643491,0.8296665159518058,0.843154
classical_04::pitch_shift::-2st,classical_04,classical,pitch_shift,-2.0,0.902143,0.678577,0.987468,0.719199,0.8620831628756308,0.8696033333333333
classical_04::pitch_shift::-1st,classical_04,classical,pitch_shift,-1.0,0.887219,0.788843,0.989224,0.77639,0.8799712238004984,0.8842776666666666
classical_04::pitch_shift::+1st,classical_04,classical,pitch_shift,1.0,0.877595,0.80129,0.986898,0.744842,0.8640592468438252,0.8697783333333333
classical_04::pitch_shift::+2st,classical_04,classical,pitch_shift,2.0,0.905721,0.680111,0.982468,0.791483,0.8897161642070767,0.893224
classical_04::pitch_shift::+4st,classical_04,classical,pitch_shift,4.0,0.908542,0.550581,0.97458,0.721649,0.8613166432015144,0.868257
classical_04::time_stretch::-20pct,classical_04,classical,time_stretch,-20.0,0.99867,0.886804,0.68228,0.767258,0.8055800268997559,0.8160693333333333
classical_04::time_stretch::-10pct,classical_04,classical,time_stretch,-10.0,0.999432,0.906711,0.743844,0.772562,0.8312330819011237,0.8386126666666666
classical_04::time_stretch::-5pct,classical_04,classical,time_stretch,-5.0,0.999685,0.907272,0.799026,0.776949,0.8529800354685726,0.8585533333333333
classical_04::time_stretch::+5pct,classical_04,classical,time_stretch,5.0,0.999197,0.887242,0.829843,0.784653,0.8665126328094156,0.8712309999999999
classical_04::time_stretch::+10pct,classical_04,classical,time_stretch,10.0,0.99876,0.879805,0.671739,0.792519,0.8101345032950437,0.8210059999999999
classical_04::time_stretch::+20pct,classical_04,classical,time_stretch,20.0,0.997952,0.873481,0.675817,0.753843,0.7981292437621914,0.8092039999999999
classical_04::lowpass::lp8000,classical_04,classical,lowpass,8000.0,0.999962,0.494824,0.956801,0.78058,0.9072789724111905,0.9124476666666667
classical_04::lowpass::lp4000,classical_04,classical,lowpass,4000.0,0.999988,0.451422,0.946613,0.694652,0.869583948192181,0.8804176666666667
classical_04::lowpass::lp2000,classical_04,classical,lowpass,2000.0,0.999784,0.424381,0.776986,0.695091,0.8143048355080275,0.8239536666666666
classical_04::distortion::drv4,classical_04,classical,distortion,4.0,0.998683,0.915623,0.998689,0.760515,0.9119868353728815,0.9192956666666666
classical_04::distortion::drv12,classical_04,classical,distortion,12.0,0.999733,0.727059,0.99052,0.740661,0.9018249603251006,0.9103046666666667
classical_04::distortion::drv32,classical_04,classical,distortion,32.0,0.997847,0.596923,0.933518,0.657715,0.84932674415691,0.8630266666666666
classical_04::style_swap::swap_cross,classical_04,classical,style_swap,nan,0.718854,0.437217,0.680686,0.598123,0.6639356748988919,0.6658876666666667
classical_04::style_swap::swap_same,classical_04,classical,style_swap,nan,0.865958,0.423247,0.690671,0.636853,0.7248849498195269,0.7311606666666667
classical_05::control::ctrl,classical_05,classical,control,0.0,1.0,1.0,1.0,0.863103,0.9521109108593272,0.9543676666666666
classical_05::pitch_shift::-4st,classical_05,classical,pitch_shift,-4.0,0.821281,0.543714,0.987096,0.696754,0.8266281921192441,0.8350436666666666
classical_05::pitch_shift::-2st,classical_05,classical,pitch_shift,-2.0,0.930625,0.682357,0.991845,0.812404,0.9085110045403567,0.9116246666666666
classical_05::pitch_shift::-1st,classical_05,classical,pitch_shift,-1.0,0.779984,0.785097,0.99359,0.655161,0.797774801063998,0.8095783333333333
classical_05::pitch_shift::+1st,classical_05,classical,pitch_shift,1.0,0.784711,0.799547,0.991536,0.781985,0.8473683070568977,0.852744
classical_05::pitch_shift::+2st,classical_05,classical,pitch_shift,2.0,0.917062,0.677257,0.987259,0.756069,0.8813134750756437,0.8867966666666667
classical_05::pitch_shift::+4st,classical_05,classical,pitch_shift,4.0,0.813794,0.55841,0.972983,0.606838,0.7832447659843272,0.7978716666666666
classical_05::time_stretch::-20pct,classical_05,classical,time_stretch,-20.0,0.994883,0.833714,0.518475,0.848184,0.7591541467939853,0.7871806666666666
classical_05::time_stretch::-10pct,classical_05,classical,time_stretch,-10.0,0.997262,0.893617,0.612751,0.847492,0.803050707314241,0.8191683333333333
classical_05::time_stretch::-5pct,classical_05,classical,time_stretch,-5.0,0.998358,0.917155,0.69714,0.86115,0.8431309595773735,0.8522159999999999
classical_05::time_stretch::+5pct,classical_05,classical,time_stretch,5.0,0.997766,0.918096,0.699806,0.870052,0.8469358646739975,0.8558746666666667
classical_05::time_stretch::+10pct,classical_05,classical,time_stretch,10.0,0.997508,0.900887,0.634461,0.846979,0.8123278079721528,0.8263159999999999
classical_05::time_stretch::+20pct,classical_05,classical,time_stretch,20.0,0.99558,0.881636,0.540175,0.863696,0.7744448881540622,0.799817
classical_05::lowpass::lp8000,classical_05,classical,lowpass,8000.0,0.999994,0.555207,0.997365,0.864897,0.9519306336340274,0.9540853333333332
classical_05::lowpass::lp4000,classical_05,classical,lowpass,4000.0,0.999994,0.424309,0.988053,0.801758,0.9252810031473074,0.929935
classical_05::lowpass::lp2000,classical_05,classical,lowpass,2000.0,0.999981,0.420024,0.975184,0.811394,0.9249182932788682,0.9288529999999999
classical_05::distortion::drv4,classical_05,classical,distortion,4.0,0.999044,0.611597,0.988816,0.759743,0.9087733918832415,0.9158676666666666
classical_05::distortion::drv12,classical_05,classical,distortion,12.0,0.995044,0.453771,0.9635,0.639261,0.8494231077293481,0.8659349999999999
classical_05::distortion::drv32,classical_05,classical,distortion,32.0,0.992742,0.462087,0.937098,0.596926,0.8219535980072221,0.8422553333333332
classical_05::style_swap::swap_cross,classical_05,classical,style_swap,nan,0.834885,0.443612,0.69714,0.592101,0.7011013741665371,0.708042
classical_05::style_swap::swap_same,classical_05,classical,style_swap,nan,0.942535,0.470888,0.63049,0.628517,0.7201631678278158,0.7338473333333333
classical_06::control::ctrl,classical_06,classical,control,0.0,1.0,1.0,1.0,0.683052,0.880679571491131,0.8943506666666666
classical_06::pitch_shift::-4st,classical_06,classical,pitch_shift,-4.0,0.733397,0.711626,0.939725,0.669314,0.772662686395745,0.780812
classical_06::pitch_shift::-2st,classical_06,classical,pitch_shift,-2.0,0.823548,0.805637,0.991601,0.685565,0.8241852478965537,0.8335713333333332
classical_06::pitch_shift::-1st,classical_06,classical,pitch_shift,-1.0,0.731105,0.846515,0.925951,0.715078,0.7851881294913934,0.7907113333333333
classical_06::pitch_shift::+1st,classical_06,classical,pitch_shift,1.0,0.770905,0.868857,0.992582,0.738644,0.8268006524971574,0.8340436666666666
classical_06::pitch_shift::+2st,classical_06,classical,pitch_shift,2.0,0.851748,0.789879,0.964994,0.662846,0.8167380554915422,0.8265293333333332
classical_06::pitch_shift::+4st,classical_06,classical,pitch_shift,4.0,0.755599,0.653797,0.962346,0.723759,0.8073692398091624,0.8139013333333334
classical_06::time_stretch::-20pct,classical_06,classical,time_stretch,-20.0,0.988113,0.686575,0.852273,0.652644,0.8191320101406057,0.8310099999999999
classical_06::time_stretch::-10pct,classical_06,classical,time_stretch,-10.0,0.993382,0.845399,0.902407,0.689541,0.8518431041873865,0.8617766666666666
classical_06::time_stretch::-5pct,classical_06,classical,time_stretch,-5.0,0.998471,0.87979,0.930706,0.724054,0.876273427439174,0.8844103333333333
classical_06::time_stretch::+5pct,classical_06,classical,time_stretch,5.0,0.996704,0.870391,0.930276,0.695743,0.8640567909675774,0.874241
classical_06::time_stretch::+10pct,classical_06,classical,time_stretch,10.0,0.991961,0.896454,0.864233,0.689626,0.8392918836609171,0.8486066666666666
classical_06::time_stretch::+20pct,classical_06,classical,time_stretch,20.0,0.98738,0.842828,0.910583,0.667647,0.8435618333215649,0.8552033333333333
classical_06::lowpass::lp8000,classical_06,classical,lowpass,8000.0,0.999344,0.847287,0.999466,0.695906,0.8858180762172929,0.8982386666666666
classical_06::lowpass::lp4000,classical_06,classical,lowpass,4000.0,0.998589,0.628359,0.997548,0.649627,0.8649577260952699,0.8819213333333332
classical_06::lowpass::lp2000,classical_06,classical,lowpass,2000.0,0.99923,0.529815,0.993118,0.605904,0.8440277244707968,0.8660839999999999
classical_06::distortion::drv4,classical_06,classical,distortion,4.0,0.999532,0.849352,0.985212,0.68082,0.87522470284059,0.8885213333333333
classical_06::distortion::drv12,classical_06,classical,distortion,12.0,0.994831,0.64884,0.949693,0.540312,0.7992065844875876,0.8282786666666666
classical_06::distortion::drv32,classical_06,classical,distortion,32.0,0.989607,0.587683,0.942812,0.44367,0.7452740070791294,0.7920296666666666
classical_06::style_swap::swap_cross,classical_06,classical,style_swap,nan,0.860518,0.472724,0.758397,0.549085,0.7102840272402454,0.7226666666666667
classical_06::style_swap::swap_same,classical_06,classical,style_swap,nan,0.818979,0.522514,0.856777,0.706083,0.7912834946242915,0.7939463333333333
classical_07::control::ctrl,classical_07,classical,control,0.0,1.0,1.0,1.0,0.726878,0.8991259003012722,0.9089593333333332
classical_07::pitch_shift::-4st,classical_07,classical,pitch_shift,-4.0,0.757175,0.546959,0.992101,0.634361,0.7810812445052511,0.7945456666666666
classical_07::pitch_shift::-2st,classical_07,classical,pitch_shift,-2.0,0.520225,0.674968,0.997295,0.662274,0.7004076088387328,0.7265980000000001
classical_07::pitch_shift::-1st,classical_07,classical,pitch_shift,-1.0,0.613044,0.808133,0.998693,0.697808,0.7531587605553747,0.7698483333333332
classical_07::pitch_shift::+1st,classical_07,classical,pitch_shift,1.0,0.608593,0.789392,0.979729,0.702007,0.7480399392702605,0.763443
classical_07::pitch_shift::+2st,classical_07,classical,pitch_shift,2.0,0.502196,0.669624,0.975705,0.631703,0.6764487621425818,0.7032013333333333
classical_07::pitch_shift::+4st,classical_07,classical,pitch_shift,4.0,0.74198,0.536072,0.967433,0.654416,0.7773602603534708,0.787943
classical_07::time_stretch::-20pct,classical_07,classical,time_stretch,-20.0,0.98842,0.817409,0.735008,0.739775,0.8130384420980639,0.8210676666666665
classical_07::time_stretch::-10pct,classical_07,classical,time_stretch,-10.0,0.999356,0.893115,0.779965,0.758826,0.8394197451056862,0.846049
classical_07::time_stretch::-5pct,classical_07,classical,time_stretch,-5.0,0.999388,0.928266,0.79643,0.742898,0.8393381759705767,0.8462386666666666
classical_07::time_stretch::+5pct,classical_07,classical,time_stretch,5.0,0.998837,0.893304,0.819091,0.742265,0.8468280847138014,0.8533976666666666
classical_07::time_stretch::+10pct,classical_07,classical,time_stretch,10.0,0.9976,0.865128,0.775159,0.709497,0.8186518845267304,0.8274186666666667
classical_07::time_stretch::+20pct,classical_07,classical,time_stretch,20.0,0.994553,0.84689,0.725658,0.726809,0.8064796351210091,0.8156733333333333
classical_07::lowpass::lp8000,classical_07,classical,lowpass,8000.0,1.0,0.887377,0.999931,0.73848,0.9038636551685603,0.9128036666666666
classical_07::lowpass::lp4000,classical_07,classical,lowpass,4000.0,0.999998,0.67577,0.999563,0.746205,0.9068925188526726,0.9152553333333333
classical_07::lowpass::lp2000,classical_07,classical,lowpass,2000.0,0.999805,0.529654,0.997893,0.685526,0.8810645694158602,0.894408
classical_07::distortion::drv4,classical_07,classical,distortion,4.0,0.999685,0.830664,0.999399,0.732884,0.9013202093532855,0.910656
classical_07::distortion::drv12,classical_07,classical,distortion,12.0,0.997603,0.688581,0.997957,0.681682,0.8787873578796216,0.892414
classical_07::distortion::drv32,classical_07,classical,distortion,32.0,0.9914,0.60047,0.995059,0.579242,0.8298238836550172,0.8552336666666667
classical_07::style_swap::swap_cross,classical_07,classical,style_swap,nan,0.561467,0.441637,0.729005,0.65258,0.644015273871324,0.647684
classical_07::style_swap::swap_same,classical_07,classical,style_swap,nan,0.900928,0.479528,0.776503,0.634711,0.7629037491981118,0.770714
classical_08::control::ctrl,classical_08,classical,control,0.0,1.0,1.0,1.0,0.850615,0.9474966409193019,0.950205
classical_08::pitch_shift::-4st,classical_08,classical,pitch_shift,-4.0,0.66046,0.515426,0.969699,0.704359,0.7669360965472708,0.7781726666666666
classical_08::pitch_shift::-2st,classical_08,classical,pitch_shift,-2.0,0.587729,0.626776,0.971708,0.705016,0.7384208608661855,0.7548176666666666
classical_08::pitch_shift::-1st,classical_08,classical,pitch_shift,-1.0,0.622255,0.743194,0.973409,0.794787,0.7837390793704904,0.7968169999999999
classical_08::pitch_shift::+1st,classical_08,classical,pitch_shift,1.0,0.638413,0.712939,0.992423,0.807888,0.7999261604939241,0.812908
classical_08::pitch_shift::+2st,classical_08,classical,pitch_shift,2.0,0.581312,0.619846,0.981159,0.766917,0.7591000411042091,0.7764626666666666
classical_08::pitch_shift::+4st,classical_08,classical,pitch_shift,4.0,0.646051,0.47619,0.978834,0.785706,0.792036701239029,0.8035303333333332
classical_08::time_stretch::-20pct,classical_08,classical,time_stretch,-20.0,0.993109,0.817406,0.907803,0.828568,0.9073445380675907,0.9098266666666666
classical_08::time_stretch::-10pct,classical_08,classical,time_stretch,-10.0,0.998668,0.874913,0.909187,0.829006,0.9096563211767582,0.912287
classical_08::time_stretch::-5pct,classical_08,classical,time_stretch,-5.0,0.998693,0.835193,0.933775,0.844979,0.9236484830374083,0.9258156666666666
classical_08::time_stretch::+5pct,classical_08,classical,time_stretch,5.0,0.998583,0.864724,0.94635,0.832922,0.9233083489980081,0.9259516666666666
classical_08::time_stretch::+10pct,classical_08,classical,time_stretch,10.0,0.998933,0.888601,0.931891,0.814033,0.9116913402093046,0.9149523333333333
classical_08::time_stretch::+20pct,classical_08,classical,time_stretch,20.0,0.997636,0.866634,0.908052,0.785418,0.8927459608279383,0.8970353333333332
classical_08::lowpass::lp8000,classical_08,classical,lowpass,8000.0,0.999998,0.958807,0.999964,0.852992,0.9483663840913675,0.9509846666666666
classical_08::lowpass::lp4000,classical_08,classical,lowpass,4000.0,0.999966,0.949258,0.999725,0.862291,0.9517141940873227,0.953994
classical_08::lowpass::lp2000,classical_08,classical,lowpass,2000.0,0.999991,0.464655,0.978765,0.809842,0.9254613219019668,0.9295326666666666
classical_08::distortion::drv4,classical_08,classical,distortion,4.0,0.99872,0.57373,0.982073,0.786626,0.9171744297096025,0.922473
classical_08::distortion::drv12,classical_08,classical,distortion,12.0,0.984657,0.414515,0.972302,0.548975,0.8070112204155532,0.8353113333333333
classical_08::distortion::drv32,classical_08,classical,distortion,32.0,0.967876,0.408195,0.979023,0.435135,0.7442957587883389,0.7940113333333333
classical_08::style_swap::swap_cross,classical_08,classical,style_swap,nan,0.809106,0.416323,0.888808,0.604412,0.7574991531332218,0.767442
classical_08::style_swap::swap_same,classical_08,classical,style_swap,nan,0.809079,0.380344,0.901233,0.667203,0.7864938572978254,0.7925049999999999
classical_09::control::ctrl,classical_09,classical,control,0.0,1.0,1.0,1.0,0.779827,0.9204483479466142,0.926609
classical_09::pitch_shift::-4st,classical_09,classical,pitch_shift,-4.0,0.847713,0.620719,0.993877,0.656669,0.8209360601790747,0.832753
classical_09::pitch_shift::-2st,classical_09,classical,pitch_shift,-2.0,0.849058,0.72651,0.998212,0.696997,0.8390677283334111,0.8480889999999999
classical_09::pitch_shift::-1st,classical_09,classical,pitch_shift,-1.0,0.806724,0.815524,0.999183,0.706485,0.8288787130374466,0.837464
classical_09::pitch_shift::+1st,classical_09,classical,pitch_shift,1.0,0.798944,0.796562,0.998335,0.687986,0.8186986591810476,0.8284216666666666
classical_09::pitch_shift::+2st,classical_09,classical,pitch_shift,2.0,0.834423,0.709868,0.985911,0.690775,0.8282984780666984,0.8370363333333333
classical_09::pitch_shift::+4st,classical_09,classical,pitch_shift,4.0,0.827298,0.589129,0.978968,0.649953,0.8074286232675915,0.8187396666666666
classical_09::time_stretch::-20pct,classical_09,classical,time_stretch,-20.0,0.990638,0.873388,0.830196,0.755334,0.8532537741238498,0.8587226666666665
classical_09::time_stretch::-10pct,classical_09,classical,time_stretch,-10.0,0.995782,0.889421,0.863167,0.777369,0.874236173780794,0.8787726666666666
classical_09::time_stretch::-5pct,classical_09,classical,time_stretch,-5.0,0.99833,0.891746,0.810619,0.801823,0.8657446242089902,0.8702573333333332
classical_09::time_stretch::+5pct,classical_09,classical,time_stretch,5.0,0.999149,0.896342,0.883323,0.82479,0.899561916848566,0.9024206666666665
classical_09::time_stretch::+10pct,classical_09,classical,time_stretch,10.0,0.998608,0.891156,0.860268,0.788904,0.8783838100754511,0.8825933333333333
classical_09::time_stretch::+20pct,classical_09,classical,time_stretch,20.0,0.995915,0.855669,0.832581,0.808019,0.875031016680392,0.8788383333333333
classical_09::lowpass::lp8000,classical_09,classical,lowpass,8000.0,1.0,0.849612,0.999888,0.781847,0.921208019719985,0.9272449999999999
classical_09::lowpass::lp4000,classical_09,classical,lowpass,4000.0,0.999999,0.586038,0.988682,0.815542,0.9307524220059612,0.9347409999999999
classical_09::lowpass::lp2000,classical_09,classical,lowpass,2000.0,0.99994,0.479378,0.987621,0.73121,0.8971577088889092,0.906257
classical_09::distortion::drv4,classical_09,classical,distortion,4.0,0.999633,0.807796,0.999539,0.695301,0.885668219054834,0.8981576666666666
classical_09::distortion::drv12,classical_09,classical,distortion,12.0,0.996819,0.633971,0.998562,0.655388,0.8672878771130861,0.8835896666666666
classical_09::distortion::drv32,classical_09,classical,distortion,32.0,0.991088,0.52882,0.99644,0.659636,0.8668738589632637,0.882388
classical_09::style_swap::swap_cross,classical_09,classical,style_swap,nan,0.897722,0.377306,0.883131,0.45371,0.7111836819002301,0.7448543333333333
classical_09::style_swap::swap_same,classical_09,classical,style_swap,nan,0.818171,0.530727,0.816501,0.532988,0.7087712257443173,0.7225533333333333
classical_10::control::ctrl,classical_10,classical,control,0.0,1.0,1.0,1.0,0.847845,0.9464670251713868,0.9492816666666666
classical_10::pitch_shift::-4st,classical_10,classical,pitch_shift,-4.0,0.719206,0.613163,0.996574,0.712668,0.7993740352493115,0.8094826666666666
classical_10::pitch_shift::-2st,classical_10,classical,pitch_shift,-2.0,0.685272,0.751577,0.999045,0.717236,0.788926793547355,0.8005176666666666
classical_10::pitch_shift::-1st,classical_10,classical,pitch_shift,-1.0,0.599706,0.837534,0.999695,0.72206,0.7564723645094956,0.7738203333333333
classical_10::pitch_shift::+1st,classical_10,classical,pitch_shift,1.0,0.594883,0.857373,0.999183,0.713025,0.7511507709301544,0.7690303333333334
classical_10::pitch_shift::+2st,classical_10,classical,pitch_shift,2.0,0.662733,0.773572,0.99803,0.747478,0.7907275474887507,0.8027469999999999
classical_10::pitch_shift::+4st,classical_10,classical,pitch_shift,4.0,0.728674,0.641806,0.994788,0.713927,0.8028588630903963,0.8124629999999999
classical_10::time_stretch::-20pct,classical_10,classical,time_stretch,-20.0,0.988434,0.828269,0.928726,0.817851,0.9088729043113137,0.9116703333333334
classical_10::time_stretch::-10pct,classical_10,classical,time_stretch,-10.0,0.995007,0.872862,0.919239,0.813256,0.9060676357702959,0.9091673333333332
classical_10::time_stretch::-5pct,classical_10,classical,time_stretch,-5.0,0.998621,0.921471,0.936839,0.82288,0.9165033452236017,0.9194466666666665
classical_10::time_stretch::+5pct,classical_10,classical,time_stretch,5.0,0.998283,0.933263,0.936183,0.810532,0.9115801587919772,0.9149993333333333
classical_10::time_stretch::+10pct,classical_10,classical,time_stretch,10.0,0.996293,0.89694,0.916669,0.809239,0.9041187503619703,0.9074003333333333
classical_10::time_stretch::+20pct,classical_10,classical,time_stretch,20.0,0.993261,0.850016,0.904104,0.805037,0.8974960346798799,0.9008006666666666
classical_10::lowpass::lp8000,classical_10,classical,lowpass,8000.0,1.0,0.870783,0.999954,0.847845,0.9464525124544703,0.9492663333333333
classical_10::lowpass::lp4000,classical_10,classical,lowpass,4000.0,0.999993,0.65228,0.999774,0.818312,0.9352748139729802,0.9393596666666666
classical_10::lowpass::lp2000,classical_10,classical,lowpass,2000.0,0.999819,0.536521,0.999236,0.778836,0.9197684151188877,0.9259636666666666
classical_10::distortion::drv4,classical_10,classical,distortion,4.0,0.999561,0.723807,0.999312,0.790945,0.9244545482060781,0.9299393333333332
classical_10::distortion::drv12,classical_10,classical,distortion,12.0,0.994965,0.593012,0.998199,0.698214,0.8851247722300813,0.8971259999999999
classical_10::distortion::drv32,classical_10,classical,distortion,32.0,0.986273,0.550735,0.994871,0.627654,0.8508011577421413,0.8695993333333333
classical_10::style_swap::swap_cross,classical_10,classical,style_swap,nan,0.647722,0.481486,0.954542,0.613361,0.7238245064665645,0.7385416666666667
classical_10::style_swap::swap_same,classical_10,classical,style_swap,nan,0.904747,0.493142,0.904104,0.749234,0.8494171133941585,0.8526949999999999
classical_11::control::ctrl,classical_11,classical,control,0.0,1.0,1.0,1.0,0.814832,0.9340196765674983,0.9382773333333333
classical_11::pitch_shift::-4st,classical_11,classical,pitch_shift,-4.0,0.644511,0.61685,0.957136,0.693205,0.7533935375669216,0.7649506666666666
classical_11::pitch_shift::-2st,classical_11,classical,pitch_shift,-2.0,0.657321,0.682686,0.97537,0.737841,0.7791777845663249,0.7901773333333333
classical_11::pitch_shift::-1st,classical_11,classical,pitch_shift,-1.0,0.60803,0.790021,0.994911,0.680746,0.7439860277965795,0.7612289999999999
classical_11::pitch_shift::+1st,classical_11,classical,pitch_shift,1.0,0.643258,0.77334,0.959968,0.717246,0.7622604070414375,0.7734906666666667
classical_11::pitch_shift::+2st,classical_11,classical,pitch_shift,2.0,0.649718,0.677095,0.958427,0.677674,0.7500696403009157,0.7619396666666667
classical_11::pitch_shift::+4st,classical_11,classical,pitch_shift,4.0,0.744317,0.585759,0.97227,0.698332,0.7965302169558091,0.8049729999999999
classical_11::time_stretch::-20pct,classical_11,classical,time_stretch,-20.0,0.994829,0.797909,0.855345,0.821871,0.8876282955627283,0.8906816666666666
classical_11::time_stretch::-10pct,classical_11,classical,time_stretch,-10.0,0.999187,0.868288,0.877872,0.789547,0.8847460926709082,0.8888686666666666
classical_11::time_stretch::-5pct,classical_11,classical,time_stretch,-5.0,0.998641,0.88302,0.877096,0.79492,0.886325645341781,0.8902189999999999
classical_11::time_stretch::+5pct,classical_11,classical,time_stretch,5.0,0.999501,0.870562,0.875965,0.805688,0.8901823122834351,0.8937179999999999
classical_11::time_stretch::+10pct,classical_11,classical,time_stretch,10.0,0.999293,0.854816,0.845234,0.793056,0.8749660853694344,0.8791943333333332
classical_11::time_stretch::+20pct,classical_11,classical,time_stretch,20.0,0.994507,0.840781,0.814446,0.815709,0.8709671951693383,0.8748873333333334
classical_11::lowpass::lp8000,classical_11,classical,lowpass,8000.0,1.0,0.994814,0.999996,0.810969,0.9325400773404482,0.9369883333333333
classical_11::lowpass::lp4000,classical_11,classical,lowpass,4000.0,1.0,0.824766,0.999765,0.813819,0.9335593177058077,0.9378613333333332
classical_11::lowpass::lp2000,classical_11,classical,lowpass,2000.0,0.999993,0.595429,0.980281,0.81431,0.9276392249999481,0.9315279999999999
classical_11::distortion::drv4,classical_11,classical,distortion,4.0,0.99995,0.879139,0.981273,0.793296,0.919886967765282,0.9248396666666666
classical_11::distortion::drv12,classical_11,classical,distortion,12.0,0.998639,0.680253,0.978224,0.760774,0.9058038579228693,0.9125456666666666
classical_11::distortion::drv32,classical_11,classical,distortion,32.0,0.992478,0.554524,0.97551,0.691308,0.8747314318127495,0.8864319999999999
classical_11::style_swap::swap_cross,classical_11,classical,style_swap,nan,0.885847,0.394578,0.790835,0.573354,0.7378291609584429,0.7500119999999999
classical_11::style_swap::swap_same,classical_11,classical,style_swap,nan,0.759333,0.423632,0.821259,0.586973,0.7153361621508255,0.7225216666666666
classical_12::control::ctrl,classical_12,classical,control,0.0,1.0,1.0,1.0,0.828252,0.939119440960943,0.9427506666666666
classical_12::pitch_shift::-4st,classical_12,classical,pitch_shift,-4.0,0.743455,0.57237,0.990987,0.795541,0.8368772017454912,0.8433276666666667
classical_12::pitch_shift::-2st,classical_12,classical,pitch_shift,-2.0,0.758042,0.700802,0.992392,0.811631,0.8483564835421852,0.8540216666666667
classical_12::pitch_shift::-1st,classical_12,classical,pitch_shift,-1.0,0.83163,0.763924,0.992558,0.811276,0.8748861807676306,0.8784879999999999
classical_12::pitch_shift::+1st,classical_12,classical,pitch_shift,1.0,0.824582,0.78472,0.980745,0.812198,0.8692618561710742,0.8725083333333332
classical_12::pitch_shift::+2st,classical_12,classical,pitch_shift,2.0,0.757663,0.701448,0.980585,0.796916,0.8397009098242811,0.8450546666666666
classical_12::pitch_shift::+4st,classical_12,classical,pitch_shift,4.0,0.732591,0.589121,0.991232,0.810486,0.8380323880529663,0.8447696666666666
classical_12::time_stretch::-20pct,classical_12,classical,time_stretch,-20.0,0.990562,0.797208,0.933233,0.819834,0.9117292585979547,0.9145429999999999
classical_12::time_stretch::-10pct,classical_12,classical,time_stretch,-10.0,0.998019,0.847277,0.931675,0.83058,0.9174764106971086,0.9200913333333334
classical_12::time_stretch::-5pct,classical_12,classical,time_stretch,-5.0,0.998018,0.823914,0.931651,0.822312,0.9144137590501373,0.917327
classical_12::time_stretch::+5pct,classical_12,classical,time_stretch,5.0,0.999421,0.817878,0.92275,0.825798,0.9132060578221605,0.9159896666666667
classical_12::time_stretch::+10pct,classical_12,classical,time_stretch,10.0,0.998317,0.853546,0.903186,0.812041,0.9013107280063422,0.9045146666666666
classical_12::time_stretch::+20pct,classical_12,classical,time_stretch,20.0,0.996667,0.842452,0.937447,0.808464,0.9107220035308722,0.9141926666666665
classical_12::lowpass::lp8000,classical_12,classical,lowpass,8000.0,1.0,0.813923,0.999443,0.831197,0.9400565920625145,0.9435466666666665
classical_12::lowpass::lp4000,classical_12,classical,lowpass,4000.0,0.999999,0.509593,0.997705,0.803243,0.9288584891902546,0.933649
classical_12::lowpass::lp2000,classical_12,classical,lowpass,2000.0,0.999363,0.414133,0.98257,0.783656,0.9163697473398296,0.921863
classical_12::distortion::drv4,classical_12,classical,distortion,4.0,0.999485,0.911366,0.99945,0.819492,0.9354645991496949,0.9394756666666666
classical_12::distortion::drv12,classical_12,classical,distortion,12.0,0.997929,0.706351,0.994833,0.816432,0.9323735576748181,0.936398
classical_12::distortion::drv32,classical_12,classical,distortion,32.0,0.995035,0.5538,0.972473,0.715885,0.8848161835121416,0.8944643333333333
classical_12::style_swap::swap_cross,classical_12,classical,style_swap,nan,0.970511,0.410347,0.9129,0.533101,0.7787733036175216,0.805504
classical_12::style_swap::swap_same,classical_12,classical,style_swap,nan,0.654856,0.48404,0.888062,0.59213,0.7009204337206274,0.7116826666666667
classical_13::control::ctrl,classical_13,classical,control,0.0,1.0,1.0,1.0,0.735999,0.9028710781854271,0.9119996666666665
classical_13::pitch_shift::-4st,classical_13,classical,pitch_shift,-4.0,0.841156,0.546658,0.959453,0.684603,0.8205650527077234,0.8284039999999999
classical_13::pitch_shift::-2st,classical_13,classical,pitch_shift,-2.0,0.862278,0.652012,0.941637,0.743706,0.8452347983559394,0.8492069999999999
classical_13::pitch_shift::-1st,classical_13,classical,pitch_shift,-1.0,0.825424,0.750878,0.968598,0.681804,0.8168833953976437,0.8252753333333334
classical_13::pitch_shift::+1st,classical_13,classical,pitch_shift,1.0,0.850371,0.74316,0.967456,0.698453,0.8313660462105049,0.83876
classical_13::pitch_shift::+2st,classical_13,classical,pitch_shift,2.0,0.878071,0.645527,0.96449,0.716563,0.8466305082780219,0.8530413333333333
classical_13::pitch_shift::+4st,classical_13,classical,pitch_shift,4.0,0.87644,0.52088,0.982057,0.719228,0.8522659886180065,0.8592416666666667
classical_13::time_stretch::-20pct,classical_13,classical,time_stretch,-20.0,0.987907,0.772055,0.823149,0.718604,0.8360419110679921,0.84322
classical_13::time_stretch::-10pct,classical_13,classical,time_stretch,-10.0,0.998938,0.803849,0.789457,0.710156,0.8242777777966329,0.8328503333333332
classical_13::time_stretch::-5pct,classical_13,classical,time_stretch,-5.0,0.997454,0.817455,0.875331,0.717547,0.8556677810471988,0.8634439999999999
classical_13::time_stretch::+5pct,classical_13,classical,time_stretch,5.0,0.999296,0.793227,0.845986,0.740836,0.8555783788911375,0.8620393333333334
classical_13::time_stretch::+10pct,classical_13,classical,time_stretch,10.0,0.993953,0.805061,0.846581,0.734197,0.8516915215085507,0.8582436666666666
classical_13::time_stretch::+20pct,classical_13,classical,time_stretch,20.0,0.994975,0.77802,0.803953,0.72461,0.8337753487107982,0.8411793333333333
classical_13::lowpass::lp8000,classical_13,classical,lowpass,8000.0,1.0,0.803034,0.948103,0.733399,0.8859283743531634,0.893834
classical_13::lowpass::lp4000,classical_13,classical,lowpass,4000.0,0.999998,0.652772,0.947634,0.7489,0.8919787992716441,0.898844
classical_13::lowpass::lp2000,classical_13,classical,lowpass,2000.0,0.999967,0.484744,0.99823,0.696788,0.8860107328059431,0.8983283333333333
classical_13::distortion::drv4,classical_13,classical,distortion,4.0,0.999999,0.977888,0.948413,0.746211,0.8911542929770805,0.8982076666666666
classical_13::distortion::drv12,classical_13,classical,distortion,12.0,0.999983,0.874878,0.948076,0.735154,0.8866210365481081,0.8944043333333332
classical_13::distortion::drv32,classical_13,classical,distortion,32.0,0.999935,0.69862,0.94636,0.727989,0.8831835828887623,0.891428
classical_13::style_swap::swap_cross,classical_13,classical,style_swap,nan,0.93863,0.407658,0.735857,0.553928,0.7259617266876979,0.7428049999999999
classical_13::style_swap::swap_same,classical_13,classical,style_swap,nan,0.850502,0.408575,0.846581,0.703039,0.796968380700135,0.8000406666666666
classical_14::control::ctrl,classical_14,classical,control,0.0,1.0,1.0,1.0,0.853792,0.9486747912166547,0.9512639999999999
classical_14::pitch_shift::-4st,classical_14,classical,pitch_shift,-4.0,0.707828,0.578009,0.943716,0.777447,0.803797435408561,0.8096636666666666
classical_14::pitch_shift::-2st,classical_14,classical,pitch_shift,-2.0,0.827862,0.711363,0.949087,0.81957,0.8635417550907726,0.8655063333333333
classical_14::pitch_shift::-1st,classical_14,classical,pitch_shift,-1.0,0.691517,0.815142,0.996563,0.84126,0.8338333986917957,0.8431133333333334
classical_14::pitch_shift::+1st,classical_14,classical,pitch_shift,1.0,0.706686,0.814737,0.970512,0.822655,0.8263202192627487,0.8332843333333333
classical_14::pitch_shift::+2st,classical_14,classical,pitch_shift,2.0,0.834355,0.714599,0.970265,0.838165,0.8787329671859292,0.8809283333333333
classical_14::pitch_shift::+4st,classical_14,classical,pitch_shift,4.0,0.717731,0.575861,0.965025,0.778419,0.8139003443873121,0.8203916666666666
classical_14::time_stretch::-20pct,classical_14,classical,time_stretch,-20.0,0.99348,0.818313,0.707226,0.836961,0.8378009649158273,0.845889
classical_14::time_stretch::-10pct,classical_14,classical,time_stretch,-10.0,0.997792,0.894334,0.770482,0.842501,0.8652155442427722,0.8702583333333332
classical_14::time_stretch::-5pct,classical_14,classical,time_stretch,-5.0,0.998505,0.904537,0.78324,0.842213,0.8700729784333064,0.8746526666666666
classical_14::time_stretch::+5pct,classical_14,classical,time_stretch,5.0,0.998342,0.887296,0.825731,0.859581,0.8915278470051092,0.8945513333333333
classical_14::time_stretch::+10pct,classical_14,classical,time_stretch,10.0,0.99714,0.89474,0.806057,0.864695,0.8857849149859516,0.8892973333333334
classical_14::time_stretch::+20pct,classical_14,classical,time_stretch,20.0,0.989512,0.837994,0.828852,0.842746,0.8841614693830756,0.8870366666666666
classical_14::lowpass::lp8000,classical_14,classical,lowpass,8000.0,1.0,0.984898,0.999993,0.853182,0.9484465943592183,0.9510583333333333
classical_14::lowpass::lp4000,classical_14,classical,lowpass,4000.0,1.0,0.941419,0.99991,0.849606,0.9470934378280738,0.9498386666666665
classical_14::lowpass::lp2000,classical_14,classical,lowpass,2000.0,0.999999,0.586041,0.998457,0.858661,0.9499853104804945,0.9523723333333333
classical_14::distortion::drv4,classical_14,classical,distortion,4.0,0.999914,0.742817,0.996099,0.755639,0.9096196618582438,0.9172173333333332
classical_14::distortion::drv12,classical_14,classical,distortion,12.0,0.998442,0.574651,0.988334,0.570335,0.8256301307236675,0.8523703333333333
classical_14::distortion::drv32,classical_14,classical,distortion,32.0,0.99225,0.502599,0.982553,0.488518,0.7809427929989902,0.821107
classical_14::style_swap::swap_cross,classical_14,classical,style_swap,nan,0.872103,0.34507,0.760395,0.592043,0.7322399637437081,0.7415136666666666
classical_14::style_swap::swap_same,classical_14,classical,style_swap,nan,0.825374,0.443807,0.748869,0.514794,0.68270021224399,0.6963456666666666
classical_15::control::ctrl,classical_15,classical,control,0.0,1.0,1.0,1.0,0.757276,0.9114889282863854,0.9190919999999999
classical_15::pitch_shift::-4st,classical_15,classical,pitch_shift,-4.0,0.956393,0.512275,0.985627,0.792694,0.9074405533337766,0.9115713333333333
classical_15::pitch_shift::-2st,classical_15,classical,pitch_shift,-2.0,0.968809,0.686446,0.996145,0.791384,0.9140767513163368,0.9187793333333332
classical_15::pitch_shift::-1st,classical_15,classical,pitch_shift,-1.0,0.985054,0.818368,0.98649,0.757473,0.902900640400681,0.9096723333333332
classical_15::pitch_shift::+1st,classical_15,classical,pitch_shift,1.0,0.983004,0.815529,0.985582,0.739702,0.8948871674535863,0.9027626666666666
classical_15::pitch_shift::+2st,classical_15,classical,pitch_shift,2.0,0.974903,0.680341,0.994626,0.74399,0.8968698767683687,0.9045063333333333
classical_15::pitch_shift::+4st,classical_15,classical,pitch_shift,4.0,0.968333,0.545058,0.983762,0.713189,0.8791030845085865,0.8884279999999999
classical_15::time_stretch::-20pct,classical_15,classical,time_stretch,-20.0,0.998319,0.811425,0.943046,0.745614,0.8887346019810861,0.8956596666666666
classical_15::time_stretch::-10pct,classical_15,classical,time_stretch,-10.0,0.999528,0.825324,0.927275,0.776347,0.8960930966272623,0.9010499999999999
classical_15::time_stretch::-5pct,classical_15,classical,time_stretch,-5.0,0.999651,0.87658,0.939828,0.747581,0.8888974899635099,0.8956866666666666
classical_15::time_stretch::+5pct,classical_15,classical,time_stretch,5.0,0.998817,0.899563,0.941789,0.773777,0.89953579927558,0.9047943333333333
classical_15::time_stretch::+10pct,classical_15,classical,time_stretch,10.0,0.997413,0.828615,0.93134,0.787083,0.9008820578258427,0.9052786666666666
classical_15::time_stretch::+20pct,classical_15,classical,time_stretch,20.0,0.996189,0.804427,0.930107,0.78526,0.8994203512649462,0.9038519999999999
classical_15::lowpass::lp8000,classical_15,classical,lowpass,8000.0,0.999872,0.638903,0.999001,0.754992,0.9102294717996241,0.917955
classical_15::lowpass::lp4000,classical_15,classical,lowpass,4000.0,0.999872,0.577799,0.984907,0.741679,0.9005722027091521,0.9088193333333332
classical_15::lowpass::lp2000,classical_15,classical,lowpass,2000.0,0.999224,0.476938,0.974413,0.708099,0.8834187969166155,0.8939119999999999
classical_15::distortion::drv4,classical_15,classical,distortion,4.0,0.999986,0.995864,0.999988,0.747486,0.9075361299185324,0.91582
classical_15::distortion::drv12,classical_15,classical,distortion,12.0,1.0,0.946748,0.999811,0.743564,0.9058968618548384,0.9144583333333334
classical_15::distortion::drv32,classical_15,classical,distortion,32.0,0.999869,0.806057,0.998657,0.746713,0.9067851282021493,0.9150796666666666
classical_15::style_swap::swap_cross,classical_15,classical,style_swap,nan,0.982942,0.408907,0.93134,0.670868,0.850010730617557,0.8617166666666666
classical_15::style_swap::swap_same,classical_15,classical,style_swap,nan,0.921747,0.440542,0.958623,0.721377,0.860611786424724,0.8672489999999999
ambient_01::control::ctrl,ambient_01,ambient,control,0.0,1.0,1.0,1.0,0.75281,0.909693573114669,0.9176033333333333
ambient_01::pitch_shift::-4st,ambient_01,ambient,pitch_shift,-4.0,0.992258,0.53536,0.980833,0.725145,0.8903242004197582,0.8994119999999999
ambient_01::pitch_shift::-2st,ambient_01,ambient,pitch_shift,-2.0,0.994315,0.66969,0.983694,0.747035,0.9006892675302164,0.9083479999999999
ambient_01::pitch_shift::-1st,ambient_01,ambient,pitch_shift,-1.0,0.991005,0.792912,0.984659,0.79325,0.9181717514251126,0.9229713333333333
ambient_01::pitch_shift::+1st,ambient_01,ambient,pitch_shift,1.0,0.991134,0.79724,0.995513,0.770594,0.9127145582219047,0.9190803333333333
ambient_01::pitch_shift::+2st,ambient_01,ambient,pitch_shift,2.0,0.995023,0.701998,0.981942,0.760865,0.9058901154413573,0.9126099999999999
ambient_01::pitch_shift::+4st,ambient_01,ambient,pitch_shift,4.0,0.991531,0.599204,0.979406,0.762153,0.9045593634105047,0.91103
ambient_01::time_stretch::-20pct,ambient_01,ambient,time_stretch,-20.0,0.999752,0.828736,0.916876,0.753315,0.8838797154941315,0.8899809999999999
ambient_01::time_stretch::-10pct,ambient_01,ambient,time_stretch,-10.0,0.999647,0.870771,0.909157,0.758625,0.8834274741280579,0.8891429999999999
ambient_01::time_stretch::-5pct,ambient_01,ambient,time_stretch,-5.0,0.999419,0.877774,0.931209,0.699749,0.8667869236524387,0.8767923333333332
ambient_01::time_stretch::+5pct,ambient_01,ambient,time_stretch,5.0,0.999428,0.887332,0.915878,0.76295,0.8872140396334876,0.892752
ambient_01::time_stretch::+10pct,ambient_01,ambient,time_stretch,10.0,0.99913,0.892396,0.91084,0.731208,0.8730417433338705,0.8803926666666666
ambient_01::time_stretch::+20pct,ambient_01,ambient,time_stretch,20.0,0.998592,0.816225,0.910857,0.768841,0.8876156261340035,0.8927633333333334
ambient_01::lowpass::lp8000,ambient_01,ambient,lowpass,8000.0,0.999863,0.668602,0.9535,0.740709,0.8905048152617012,0.8980239999999999
ambient_01::lowpass::lp4000,ambient_01,ambient,lowpass,4000.0,0.999991,0.456822,0.95672,0.808642,0.918006478724009,0.9217843333333333
ambient_01::lowpass::lp2000,ambient_01,ambient,lowpass,2000.0,0.999997,0.407643,0.946946,0.785291,0.905979095789239,0.9107446666666665
ambient_01::distortion::drv4,ambient_01,ambient,distortion,4.0,0.999206,0.816485,0.997343,0.753267,0.908830387512326,0.9166053333333333
ambient_01::distortion::drv12,ambient_01,ambient,distortion,12.0,0.999877,0.583774,0.954719,0.681686,0.8665670528149914,0.8787606666666666
ambient_01::distortion::drv32,ambient_01,ambient,distortion,32.0,0.999322,0.453171,0.946294,0.653117,0.851610173632793,0.8662443333333332
ambient_01::style_swap::swap_cross,ambient_01,ambient,style_swap,nan,0.922525,0.383363,0.938745,0.679743,0.8380890664679918,0.8470043333333332
ambient_01::style_swap::swap_same,ambient_01,ambient,style_swap,nan,0.786444,0.436147,0.900649,0.636998,0.7669854897104987,0.774697
ambient_02::control::ctrl,ambient_02,ambient,control,0.0,1.0,1.0,1.0,0.633565,0.8588758522867067,0.8778549999999999
ambient_02::pitch_shift::-4st,ambient_02,ambient,pitch_shift,-4.0,0.980323,0.674426,0.938547,0.651064,0.842978115315056,0.8566446666666666
ambient_02::pitch_shift::-2st,ambient_02,ambient,pitch_shift,-2.0,0.980424,0.785,0.954996,0.652538,0.8485428232280707,0.8626526666666665
ambient_02::pitch_shift::-1st,ambient_02,ambient,pitch_shift,-1.0,0.984497,0.848135,0.965034,0.64116,0.847697971636032,0.8635636666666666
ambient_02::pitch_shift::+1st,ambient_02,ambient,pitch_shift,1.0,0.986951,0.84441,0.96113,0.600578,0.8289895347210444,0.849553
ambient_02::pitch_shift::+2st,ambient_02,ambient,pitch_shift,2.0,0.982582,0.782282,0.95443,0.600848,0.8259602909061077,0.8459533333333333
ambient_02::pitch_shift::+4st,ambient_02,ambient,pitch_shift,4.0,0.986783,0.681679,0.946592,0.604126,0.8263626352448445,0.8458336666666666
ambient_02::time_stretch::-20pct,ambient_02,ambient,time_stretch,-20.0,0.998218,0.850667,0.462415,0.641743,0.6666115233929898,0.700792
ambient_02::time_stretch::-10pct,ambient_02,ambient,time_stretch,-10.0,0.997818,0.864146,0.575244,0.640562,0.716398829649976,0.7378746666666666
ambient_02::time_stretch::-5pct,ambient_02,ambient,time_stretch,-5.0,0.999204,0.885862,0.650862,0.642248,0.7475070281064915,0.7641046666666667
ambient_02::time_stretch::+5pct,ambient_02,ambient,time_stretch,5.0,0.99961,0.886728,0.692502,0.635779,0.7606518648639693,0.7759636666666666
ambient_02::time_stretch::+10pct,ambient_02,ambient,time_stretch,10.0,0.998716,0.869981,0.592299,0.659402,0.7306528607017944,0.750139
ambient_02::time_stretch::+20pct,ambient_02,ambient,time_stretch,20.0,0.997597,0.851944,0.499157,0.630502,0.6796618964282183,0.7090853333333333
ambient_02::lowpass::lp8000,ambient_02,ambient,lowpass,8000.0,0.996569,0.696463,0.997989,0.653775,0.8663375643586184,0.8827776666666667
ambient_02::lowpass::lp4000,ambient_02,ambient,lowpass,4000.0,0.999159,0.462093,0.985293,0.654173,0.8635699848253494,0.8795416666666667
ambient_02::lowpass::lp2000,ambient_02,ambient,lowpass,2000.0,0.999628,0.414113,0.949808,0.587965,0.8233956532797054,0.8458003333333333
ambient_02::distortion::drv4,ambient_02,ambient,distortion,4.0,0.999992,0.885198,0.97968,0.631687,0.8521726055584069,0.8704529999999999
ambient_02::distortion::drv12,ambient_02,ambient,distortion,12.0,0.998867,0.634103,0.93458,0.577185,0.813728876850828,0.8368773333333333
ambient_02::distortion::drv32,ambient_02,ambient,distortion,32.0,0.999022,0.473899,0.90288,0.449738,0.7402667161906975,0.78388
ambient_02::style_swap::swap_cross,ambient_02,ambient,style_swap,nan,0.981542,0.450337,0.696749,0.618875,0.7508088682809776,0.765722
ambient_02::style_swap::swap_same,ambient_02,ambient,style_swap,nan,0.7031,0.438493,0.499157,0.552519,0.5788070695832863,0.5849253333333333
ambient_03::control::ctrl,ambient_03,ambient,control,0.0,1.0,0.90974,0.999968,0.84559,0.9456170922087244,0.9485193333333333
ambient_03::pitch_shift::-4st,ambient_03,ambient,pitch_shift,-4.0,0.967706,0.442899,0.981223,0.670424,0.860241193650864,0.8731176666666666
ambient_03::pitch_shift::-2st,ambient_03,ambient,pitch_shift,-2.0,0.967245,0.615032,0.994189,0.778602,0.9080441970017176,0.9133453333333332
ambient_03::pitch_shift::-1st,ambient_03,ambient,pitch_shift,-1.0,0.955971,0.735116,0.996533,0.791583,0.9102156264874744,0.9146956666666666
ambient_03::pitch_shift::+1st,ambient_03,ambient,pitch_shift,1.0,0.962826,0.885593,0.993496,0.769742,0.9029971343168528,0.9086879999999999
ambient_03::pitch_shift::+2st,ambient_03,ambient,pitch_shift,2.0,0.963699,0.803881,0.986747,0.800604,0.913106973485732,0.9170166666666666
ambient_03::pitch_shift::+4st,ambient_03,ambient,pitch_shift,4.0,0.964306,0.719474,0.96633,0.734867,0.8814202535248031,0.888501
ambient_03::time_stretch::-20pct,ambient_03,ambient,time_stretch,-20.0,0.996471,0.888764,0.295881,0.836448,0.6271049511633141,0.7095999999999999
ambient_03::time_stretch::-10pct,ambient_03,ambient,time_stretch,-10.0,0.998134,0.907147,0.439812,0.846571,0.7189628282737534,0.7615056666666666
ambient_03::time_stretch::-5pct,ambient_03,ambient,time_stretch,-5.0,0.998928,0.93838,0.541637,0.826722,0.7647755619374377,0.7890956666666666
ambient_03::time_stretch::+5pct,ambient_03,ambient,time_stretch,5.0,0.999007,0.937431,0.534513,0.85535,0.7701173145734747,0.7962899999999999
ambient_03::time_stretch::+10pct,ambient_03,ambient,time_stretch,10.0,0.998988,0.905271,0.422457,0.863704,0.7143360549797265,0.7617163333333333
ambient_03::time_stretch::+20pct,ambient_03,ambient,time_stretch,20.0,0.998021,0.869225,0.318227,0.851206,0.6466021239407403,0.7224846666666667
ambient_03::lowpass::lp8000,ambient_03,ambient,lowpass,8000.0,1.0,0.3915,0.995147,0.845272,0.9439766251304148,0.9468063333333332
ambient_03::lowpass::lp4000,ambient_03,ambient,lowpass,4000.0,0.999994,0.392753,0.981564,0.795163,0.9207125434183836,0.9255736666666665
ambient_03::lowpass::lp2000,ambient_03,ambient,lowpass,2000.0,0.999952,0.382287,0.939267,0.729489,0.8815812031659856,0.8895693333333332
ambient_03::distortion::drv4,ambient_03,ambient,distortion,4.0,0.99975,0.587877,0.994579,0.801936,0.9273068529373718,0.9320883333333333
ambient_03::distortion::drv12,ambient_03,ambient,distortion,12.0,0.999094,0.485067,0.974285,0.665063,0.865070929786815,0.8794806666666666
ambient_03::distortion::drv32,ambient_03,ambient,distortion,32.0,0.998735,0.443486,0.92293,0.584819,0.8138546243910801,0.8354946666666666
ambient_03::style_swap::swap_cross,ambient_03,ambient,style_swap,nan,0.806611,0.376423,0.373746,0.589807,0.562320010924236,0.5900546666666666
ambient_03::style_swap::swap_same,ambient_03,ambient,style_swap,nan,0.776063,0.358581,0.327914,0.47329,0.49384965557530586,0.5257556666666666
ambient_04::control::ctrl,ambient_04,ambient,control,0.0,1.0,1.0,1.0,0.774408,0.9183113320735486,0.9248026666666667
ambient_04::pitch_shift::-4st,ambient_04,ambient,pitch_shift,-4.0,0.459223,0.515505,0.970616,0.708538,0.6809962831180111,0.7127923333333333
ambient_04::pitch_shift::-2st,ambient_04,ambient,pitch_shift,-2.0,0.606034,0.656257,0.972521,0.742313,0.759150148620383,0.7736226666666666
ambient_04::pitch_shift::-1st,ambient_04,ambient,pitch_shift,-1.0,0.472828,0.778053,0.991253,0.735684,0.7012286808324368,0.733255
ambient_04::pitch_shift::+1st,ambient_04,ambient,pitch_shift,1.0,0.477004,0.745021,0.97341,0.734621,0.6987047908860663,0.728345
ambient_04::pitch_shift::+2st,ambient_04,ambient,pitch_shift,2.0,0.598214,0.608624,0.967539,0.733282,0.7515052615915806,0.766345
ambient_04::pitch_shift::+4st,ambient_04,ambient,pitch_shift,4.0,0.43418,0.501688,0.971505,0.653398,0.6507750363029193,0.686361
ambient_04::time_stretch::-20pct,ambient_04,ambient,time_stretch,-20.0,0.993377,0.754233,0.95832,0.730214,0.8858460830006907,0.8939703333333333
ambient_04::time_stretch::-10pct,ambient_04,ambient,time_stretch,-10.0,0.99767,0.803936,0.956292,0.759191,0.8980685660514652,0.9043843333333332
ambient_04::time_stretch::-5pct,ambient_04,ambient,time_stretch,-5.0,0.999517,0.862829,0.9579,0.745158,0.8935514740284196,0.9008583333333333
ambient_04::time_stretch::+5pct,ambient_04,ambient,time_stretch,5.0,0.998323,0.872901,0.959516,0.760368,0.8997372679201466,0.906069
ambient_04::time_stretch::+10pct,ambient_04,ambient,time_stretch,10.0,0.997586,0.86744,0.962529,0.754081,0.8979677146522463,0.9047319999999999
ambient_04::time_stretch::+20pct,ambient_04,ambient,time_stretch,20.0,0.996147,0.838871,0.961295,0.721409,0.8840033082419054,0.8929503333333333
ambient_04::lowpass::lp8000,ambient_04,ambient,lowpass,8000.0,0.999998,0.862722,0.999735,0.774805,0.9183864784773428,0.9248460000000001
ambient_04::lowpass::lp4000,ambient_04,ambient,lowpass,4000.0,0.999999,0.645434,0.998639,0.730122,0.900052496867722,0.9095866666666667
ambient_04::lowpass::lp2000,ambient_04,ambient,lowpass,2000.0,0.999506,0.500317,0.997306,0.722602,0.8964051278021188,0.9064713333333333
ambient_04::distortion::drv4,ambient_04,ambient,distortion,4.0,0.999892,0.822714,0.995669,0.746894,0.9059599865423836,0.9141516666666666
ambient_04::distortion::drv12,ambient_04,ambient,distortion,12.0,0.994797,0.584906,0.970342,0.666483,0.8632755833758109,0.8772073333333332
ambient_04::distortion::drv32,ambient_04,ambient,distortion,32.0,0.974092,0.484068,0.96521,0.629985,0.8398157195532762,0.8564289999999999
ambient_04::style_swap::swap_cross,ambient_04,ambient,style_swap,nan,0.793058,0.388578,0.927492,0.600138,0.7614161481879901,0.7735626666666666
ambient_04::style_swap::swap_same,ambient_04,ambient,style_swap,nan,0.405134,0.449697,0.960799,0.662684,0.6365696173243831,0.6762056666666667
ambient_05::control::ctrl,ambient_05,ambient,control,0.0,1.0,1.0,1.0,0.772766,0.9176618319868377,0.9242553333333332
ambient_05::pitch_shift::-4st,ambient_05,ambient,pitch_shift,-4.0,0.745785,0.558073,0.982263,0.745498,0.8173899695363329,0.8245153333333333
ambient_05::pitch_shift::-2st,ambient_05,ambient,pitch_shift,-2.0,0.675703,0.696504,0.985147,0.777441,0.8028629968943832,0.8127636666666667
ambient_05::pitch_shift::-1st,ambient_05,ambient,pitch_shift,-1.0,0.710089,0.771922,0.985251,0.736671,0.8017600534192983,0.8106703333333333
ambient_05::pitch_shift::+1st,ambient_05,ambient,pitch_shift,1.0,0.701993,0.743553,0.986949,0.764887,0.809235495918133,0.8179429999999999
ambient_05::pitch_shift::+2st,ambient_05,ambient,pitch_shift,2.0,0.656682,0.691239,0.98607,0.747858,0.7852850580507371,0.79687
ambient_05::pitch_shift::+4st,ambient_05,ambient,pitch_shift,4.0,0.729949,0.576565,0.985852,0.741096,0.8109478056706634,0.8189656666666666
ambient_05::time_stretch::-20pct,ambient_05,ambient,time_stretch,-20.0,0.966328,0.791811,0.960019,0.796226,0.9039552172490308,0.9075243333333332
ambient_05::time_stretch::-10pct,ambient_05,ambient,time_stretch,-10.0,0.993749,0.793972,0.965629,0.787452,0.9108293816807081,0.91561
ambient_05::time_stretch::-5pct,ambient_05,ambient,time_stretch,-5.0,0.998396,0.780289,0.95006,0.776643,0.9031469772464462,0.9083663333333333
ambient_05::time_stretch::+5pct,ambient_05,ambient,time_stretch,5.0,0.997971,0.746495,0.951705,0.773067,0.9021507940888547,0.907581
ambient_05::time_stretch::+10pct,ambient_05,ambient,time_stretch,10.0,0.99704,0.799072,0.959307,0.787452,0.9098394465552276,0.9145996666666667
ambient_05::time_stretch::+20pct,ambient_05,ambient,time_stretch,20.0,0.993092,0.781641,0.95712,0.768674,0.9006706736286306,0.9062953333333332
ambient_05::lowpass::lp8000,ambient_05,ambient,lowpass,8000.0,0.999954,0.525608,0.99114,0.774173,0.9154845416693479,0.9217556666666666
ambient_05::lowpass::lp4000,ambient_05,ambient,lowpass,4000.0,0.999843,0.512959,0.989767,0.766551,0.9120149236731966,0.9187203333333334
ambient_05::lowpass::lp2000,ambient_05,ambient,lowpass,2000.0,0.999928,0.429033,0.986924,0.758667,0.9080321201561831,0.915173
ambient_05::distortion::drv4,ambient_05,ambient,distortion,4.0,0.999994,0.926163,0.999031,0.779839,0.9201538264794452,0.9262879999999999
ambient_05::distortion::drv12,ambient_05,ambient,distortion,12.0,0.999769,0.709542,0.98167,0.760329,0.9070312434516293,0.9139226666666667
ambient_05::distortion::drv32,ambient_05,ambient,distortion,32.0,0.995251,0.535242,0.956528,0.61397,0.8361017909413804,0.8552496666666667
ambient_05::style_swap::swap_cross,ambient_05,ambient,style_swap,nan,0.559526,0.437993,0.915069,0.619757,0.6820745605885266,0.6981173333333333
ambient_05::style_swap::swap_same,ambient_05,ambient,style_swap,nan,0.797992,0.443337,0.919335,0.390506,0.6592245124168289,0.7026109999999999
ambient_06::control::ctrl,ambient_06,ambient,control,0.0,1.0,1.0,1.0,0.875008,0.9564685063200656,0.958336
ambient_06::pitch_shift::-4st,ambient_06,ambient,pitch_shift,-4.0,0.933675,0.609247,0.686214,0.75544,0.7851484187956517,0.7917763333333333
ambient_06::pitch_shift::-2st,ambient_06,ambient,pitch_shift,-2.0,0.902329,0.724404,0.694207,0.741346,0.7743874110679269,0.7792939999999999
ambient_06::pitch_shift::-1st,ambient_06,ambient,pitch_shift,-1.0,0.903998,0.831501,0.697669,0.741306,0.7761365521162539,0.780991
ambient_06::pitch_shift::+1st,ambient_06,ambient,pitch_shift,1.0,0.901655,0.7863,0.694405,0.786158,0.7895646406586276,0.7940726666666666
ambient_06::pitch_shift::+2st,ambient_06,ambient,pitch_shift,2.0,0.902507,0.667917,0.688236,0.786523,0.7875892818974074,0.7924219999999998
ambient_06::pitch_shift::+4st,ambient_06,ambient,pitch_shift,4.0,0.938176,0.567462,0.671855,0.766856,0.7847980177618161,0.7922956666666666
ambient_06::time_stretch::-20pct,ambient_06,ambient,time_stretch,-20.0,0.998234,0.821801,0.528688,0.847704,0.7648190224976653,0.791542
ambient_06::time_stretch::-10pct,ambient_06,ambient,time_stretch,-10.0,0.999555,0.847777,0.485237,0.858372,0.7466986781306121,0.7810546666666666
ambient_06::time_stretch::-5pct,ambient_06,ambient,time_stretch,-5.0,0.99963,0.885769,0.470404,0.865404,0.7410424072841347,0.7784793333333333
ambient_06::time_stretch::+5pct,ambient_06,ambient,time_stretch,5.0,0.999795,0.888206,0.511919,0.875483,0.7652205812819735,0.7957323333333333
ambient_06::time_stretch::+10pct,ambient_06,ambient,time_stretch,10.0,0.999554,0.848987,0.524802,0.862778,0.7677743549370821,0.7957113333333333
ambient_06::time_stretch::+20pct,ambient_06,ambient,time_stretch,20.0,0.998073,0.822309,0.603077,0.861623,0.8034350712094304,0.8209243333333333
ambient_06::lowpass::lp8000,ambient_06,ambient,lowpass,8000.0,1.0,0.600507,0.997262,0.877748,0.9565911819553219,0.9583366666666666
ambient_06::lowpass::lp4000,ambient_06,ambient,lowpass,4000.0,0.999997,0.441231,0.989876,0.76145,0.9100675468021712,0.9171076666666667
ambient_06::lowpass::lp2000,ambient_06,ambient,lowpass,2000.0,0.999978,0.39032,0.975048,0.761074,0.9053456981197853,0.9120333333333333
ambient_06::distortion::drv4,ambient_06,ambient,distortion,4.0,0.999716,0.707646,0.959996,0.725169,0.8861932386965551,0.8949603333333334
ambient_06::distortion::drv12,ambient_06,ambient,distortion,12.0,0.997673,0.491608,0.748365,0.571179,0.7527047203730338,0.7724056666666665
ambient_06::distortion::drv32,ambient_06,ambient,distortion,32.0,0.9967,0.459338,0.831052,0.477057,0.7338167882941267,0.7682696666666666
ambient_06::style_swap::swap_cross,ambient_06,ambient,style_swap,nan,0.864388,0.470867,0.734756,0.640891,0.741103187273006,0.7466783333333333
ambient_06::style_swap::swap_same,ambient_06,ambient,style_swap,nan,0.683269,0.453646,0.736086,0.664982,0.69413411307763,0.694779
ambient_07::control::ctrl,ambient_07,ambient,control,0.0,1.0,1.0,1.0,0.838622,0.943022562694219,0.9462073333333333
ambient_07::pitch_shift::-4st,ambient_07,ambient,pitch_shift,-4.0,0.393679,0.604703,0.993247,0.744362,0.6627166801660694,0.7104293333333334
ambient_07::pitch_shift::-2st,ambient_07,ambient,pitch_shift,-2.0,0.689255,0.713976,0.997661,0.780969,0.8128284672648929,0.8226283333333333
ambient_07::pitch_shift::-1st,ambient_07,ambient,pitch_shift,-1.0,0.345517,0.810467,0.998633,0.755294,0.638749327759701,0.6998146666666666
ambient_07::pitch_shift::+1st,ambient_07,ambient,pitch_shift,1.0,0.355638,0.800128,0.998048,0.748325,0.6428109716008835,0.7006703333333334
ambient_07::pitch_shift::+2st,ambient_07,ambient,pitch_shift,2.0,0.675781,0.725934,0.996368,0.770584,0.803554329073982,0.8142443333333333
ambient_07::pitch_shift::+4st,ambient_07,ambient,pitch_shift,4.0,0.359361,0.607398,0.989967,0.71619,0.6339572476696237,0.688506
ambient_07::time_stretch::-20pct,ambient_07,ambient,time_stretch,-20.0,0.995255,0.839931,0.826812,0.820231,0.8771875103672618,0.8807659999999999
ambient_07::time_stretch::-10pct,ambient_07,ambient,time_stretch,-10.0,0.998026,0.887802,0.864749,0.849696,0.9017756396999094,0.9041569999999999
ambient_07::time_stretch::-5pct,ambient_07,ambient,time_stretch,-5.0,0.999378,0.88914,0.886771,0.8439,0.9077036557340606,0.9100163333333333
ambient_07::time_stretch::+5pct,ambient_07,ambient,time_stretch,5.0,0.999451,0.883646,0.896231,0.833091,0.9070362353815702,0.9095909999999999
ambient_07::time_stretch::+10pct,ambient_07,ambient,time_stretch,10.0,0.997695,0.857108,0.868288,0.840979,0.8998060632956512,0.9023206666666667
ambient_07::time_stretch::+20pct,ambient_07,ambient,time_stretch,20.0,0.995522,0.8436,0.856894,0.841689,0.8954538439001293,0.898035
ambient_07::lowpass::lp8000,ambient_07,ambient,lowpass,8000.0,0.999997,0.874025,0.999889,0.845219,0.9454529319372663,0.9483683333333333
ambient_07::lowpass::lp4000,ambient_07,ambient,lowpass,4000.0,0.999993,0.601988,0.999426,0.839012,0.9429860293524804,0.9461436666666666
ambient_07::lowpass::lp2000,ambient_07,ambient,lowpass,2000.0,0.999893,0.480554,0.998851,0.813616,0.9331638489725046,0.9374533333333332
ambient_07::distortion::drv4,ambient_07,ambient,distortion,4.0,0.999939,0.810032,0.99915,0.829498,0.9393047410297828,0.9428623333333332
ambient_07::distortion::drv12,ambient_07,ambient,distortion,12.0,0.998365,0.599668,0.994383,0.76479,0.9122805443482844,0.9191793333333333
ambient_07::distortion::drv32,ambient_07,ambient,distortion,32.0,0.990253,0.493914,0.988822,0.711121,0.8863445875107256,0.896732
ambient_07::style_swap::swap_cross,ambient_07,ambient,style_swap,nan,0.803303,0.448432,0.877081,0.58814,0.7455325388965942,0.7561746666666667
ambient_07::style_swap::swap_same,ambient_07,ambient,style_swap,nan,0.800924,0.441013,0.921674,0.608964,0.7660434810450092,0.7771873333333332
ambient_08::control::ctrl,ambient_08,ambient,control,0.0,1.0,1.0,1.0,0.822059,0.9367729236705253,0.9406863333333333
ambient_08::pitch_shift::-4st,ambient_08,ambient,pitch_shift,-4.0,0.7331,0.514572,0.981406,0.768288,0.8206890887367744,0.827598
ambient_08::pitch_shift::-2st,ambient_08,ambient,pitch_shift,-2.0,0.604723,0.605077,0.985584,0.76821,0.7707437810484143,0.7861723333333333
ambient_08::pitch_shift::-1st,ambient_08,ambient,pitch_shift,-1.0,0.469325,0.735542,0.984724,0.767301,0.7078121152313992,0.7404499999999999
ambient_08::pitch_shift::+1st,ambient_08,ambient,pitch_shift,1.0,0.453891,0.705648,0.976476,0.767878,0.698181692482082,0.7327483333333333
ambient_08::pitch_shift::+2st,ambient_08,ambient,pitch_shift,2.0,0.589068,0.617284,0.984975,0.77387,0.7657486090751747,0.7826376666666666
ambient_08::pitch_shift::+4st,ambient_08,ambient,pitch_shift,4.0,0.676096,0.536126,0.984236,0.749685,0.7931015731224489,0.803339
ambient_08::time_stretch::-20pct,ambient_08,ambient,time_stretch,-20.0,0.978806,0.7726,0.951402,0.81015,0.910350649541956,0.9134526666666667
ambient_08::time_stretch::-10pct,ambient_08,ambient,time_stretch,-10.0,0.990518,0.788038,0.961923,0.805191,0.9154483881612249,0.9192106666666666
ambient_08::time_stretch::-5pct,ambient_08,ambient,time_stretch,-5.0,0.997707,0.835714,0.946913,0.813619,0.9160335779315377,0.919413
ambient_08::time_stretch::+5pct,ambient_08,ambient,time_stretch,5.0,0.995546,0.798928,0.953848,0.828767,0.9232606337156523,0.9260536666666667
ambient_08::time_stretch::+10pct,ambient_08,ambient,time_stretch,10.0,0.995721,0.792252,0.962518,0.793567,0.912802264339692,0.9172686666666665
ambient_08::time_stretch::+20pct,ambient_08,ambient,time_stretch,20.0,0.966593,0.657604,0.94617,0.798695,0.9005985880279755,0.9038193333333333
ambient_08::lowpass::lp8000,ambient_08,ambient,lowpass,8000.0,0.999979,0.467328,0.997865,0.816712,0.934065221700644,0.9381853333333332
ambient_08::lowpass::lp4000,ambient_08,ambient,lowpass,4000.0,0.999978,0.450038,0.99653,0.781847,0.9201688607667217,0.9261183333333334
ambient_08::lowpass::lp2000,ambient_08,ambient,lowpass,2000.0,0.999324,0.423371,0.994445,0.766173,0.9131412806381023,0.9199806666666666
ambient_08::distortion::drv4,ambient_08,ambient,distortion,4.0,0.999838,0.892702,0.997075,0.820312,0.9351447574632045,0.9390749999999999
ambient_08::distortion::drv12,ambient_08,ambient,distortion,12.0,0.995272,0.667039,0.986724,0.743824,0.9006081822316667,0.9086066666666667
ambient_08::distortion::drv32,ambient_08,ambient,distortion,32.0,0.982232,0.547024,0.977122,0.650902,0.8548557268577053,0.8700853333333333
ambient_08::style_swap::swap_cross,ambient_08,ambient,style_swap,nan,0.745865,0.41523,0.923419,0.480313,0.6916097788244439,0.7165323333333333
ambient_08::style_swap::swap_same,ambient_08,ambient,style_swap,nan,0.787097,0.417093,0.90142,0.556849,0.7337773415005744,0.7484553333333333
ambient_09::control::ctrl,ambient_09,ambient,control,0.0,1.0,1.0,1.0,0.816552,0.9346764110394352,0.9388506666666666
ambient_09::pitch_shift::-4st,ambient_09,ambient,pitch_shift,-4.0,0.714328,0.505828,0.960777,0.762199,0.8057423956531278,0.8124346666666665
ambient_09::pitch_shift::-2st,ambient_09,ambient,pitch_shift,-2.0,0.874739,0.641422,0.968664,0.79008,0.8747975792654263,0.8778276666666667
ambient_09::pitch_shift::-1st,ambient_09,ambient,pitch_shift,-1.0,0.660771,0.731784,0.969192,0.753929,0.7845074664677114,0.7946306666666667
ambient_09::pitch_shift::+1st,ambient_09,ambient,pitch_shift,1.0,0.69162,0.818579,0.970283,0.768914,0.8020742578016032,0.8102723333333333
ambient_09::pitch_shift::+2st,ambient_09,ambient,pitch_shift,2.0,0.84708,0.744778,0.969422,0.774231,0.8598762462279692,0.8635776666666666
ambient_09::pitch_shift::+4st,ambient_09,ambient,pitch_shift,4.0,0.690873,0.636546,0.96851,0.716196,0.7825487587242472,0.7918596666666666
ambient_09::time_stretch::-20pct,ambient_09,ambient,time_stretch,-20.0,0.992965,0.82489,0.847907,0.805583,0.8786127166368054,0.8821516666666667
ambient_09::time_stretch::-10pct,ambient_09,ambient,time_stretch,-10.0,0.995878,0.853642,0.797284,0.803906,0.8610099145692345,0.8656893333333333
ambient_09::time_stretch::-5pct,ambient_09,ambient,time_stretch,-5.0,0.996091,0.866573,0.823608,0.806642,0.8714319280666099,0.875447
ambient_09::time_stretch::+5pct,ambient_09,ambient,time_stretch,5.0,0.997754,0.853102,0.804065,0.827377,0.8723136998772891,0.8763986666666665
ambient_09::time_stretch::+10pct,ambient_09,ambient,time_stretch,10.0,0.997904,0.839134,0.770492,0.803843,0.8518099533835495,0.857413
ambient_09::time_stretch::+20pct,ambient_09,ambient,time_stretch,20.0,0.992656,0.835374,0.724387,0.793293,0.8293433129851078,0.8367786666666666
ambient_09::lowpass::lp8000,ambient_09,ambient,lowpass,8000.0,0.998881,0.453,0.992739,0.810084,0.9295932541503404,0.9339013333333333
ambient_09::lowpass::lp4000,ambient_09,ambient,lowpass,4000.0,0.999997,0.420715,0.987042,0.756408,0.9071869923329874,0.9144823333333333
ambient_09::lowpass::lp2000,ambient_09,ambient,lowpass,2000.0,0.998481,0.423547,0.980518,0.755921,0.9045319856269814,0.91164
ambient_09::distortion::drv4,ambient_09,ambient,distortion,4.0,0.999147,0.885405,0.995233,0.811377,0.9309484141111609,0.9352523333333334
ambient_09::distortion::drv12,ambient_09,ambient,distortion,12.0,0.999473,0.715357,0.973819,0.788983,0.9157402821724655,0.9207583333333333
ambient_09::distortion::drv32,ambient_09,ambient,distortion,32.0,0.996241,0.594114,0.942727,0.72589,0.8801169600923546,0.8882859999999999
ambient_09::style_swap::swap_cross,ambient_09,ambient,style_swap,nan,0.842045,0.480484,0.769402,0.599415,0.729578576839128,0.736954
ambient_09::style_swap::swap_same,ambient_09,ambient,style_swap,nan,0.545857,0.412381,0.811315,0.633349,0.6545916978866311,0.6635070000000001
ambient_10::control::ctrl,ambient_10,ambient,control,0.0,1.0,1.0,1.0,0.73589,0.9028265048430827,0.9119633333333332
ambient_10::pitch_shift::-4st,ambient_10,ambient,pitch_shift,-4.0,0.871555,0.46465,0.964268,0.660295,0.8217572051480071,0.8320393333333332
ambient_10::pitch_shift::-2st,ambient_10,ambient,pitch_shift,-2.0,0.921302,0.565918,0.978807,0.716528,0.8645247193204478,0.8722123333333333
ambient_10::pitch_shift::-1st,ambient_10,ambient,pitch_shift,-1.0,0.95926,0.6929,0.967693,0.707251,0.8691255188527239,0.878068
ambient_10::pitch_shift::+1st,ambient_10,ambient,pitch_shift,1.0,0.985337,0.689968,0.969615,0.726409,0.8853638340122618,0.8937869999999999
ambient_10::pitch_shift::+2st,ambient_10,ambient,pitch_shift,2.0,0.959231,0.57823,0.980678,0.695984,0.8683263189611953,0.8786309999999999
ambient_10::pitch_shift::+4st,ambient_10,ambient,pitch_shift,4.0,0.944969,0.451742,0.968545,0.67737,0.8526833336506098,0.8636279999999998
ambient_10::time_stretch::-20pct,ambient_10,ambient,time_stretch,-20.0,0.986184,0.726051,0.937203,0.694503,0.8626247531279121,0.8726299999999999
ambient_10::time_stretch::-10pct,ambient_10,ambient,time_stretch,-10.0,0.996962,0.765175,0.949816,0.725651,0.8824334482087802,0.8908096666666666
ambient_10::time_stretch::-5pct,ambient_10,ambient,time_stretch,-5.0,0.987818,0.76276,0.948426,0.731634,0.8817079474744379,0.8892926666666666
ambient_10::time_stretch::+5pct,ambient_10,ambient,time_stretch,5.0,0.99775,0.763643,0.947981,0.712382,0.8766874084567208,0.8860376666666666
ambient_10::time_stretch::+10pct,ambient_10,ambient,time_stretch,10.0,0.992429,0.752679,0.938817,0.680691,0.8591654416472754,0.8706456666666667
ambient_10::time_stretch::+20pct,ambient_10,ambient,time_stretch,20.0,0.995961,0.791948,0.936855,0.709628,0.8715958457060045,0.8808146666666666
ambient_10::lowpass::lp8000,ambient_10,ambient,lowpass,8000.0,1.0,0.551172,0.999327,0.737563,0.9033074273320163,0.9122966666666666
ambient_10::lowpass::lp4000,ambient_10,ambient,lowpass,4000.0,0.999998,0.427674,0.997842,0.709504,0.8912617186172689,0.9024479999999999
ambient_10::lowpass::lp2000,ambient_10,ambient,lowpass,2000.0,0.999463,0.380097,0.995412,0.674398,0.8754445074497952,0.8897576666666667
ambient_10::distortion::drv4,ambient_10,ambient,distortion,4.0,0.999936,0.90638,0.997533,0.717609,0.8945318004825142,0.905026
ambient_10::distortion::drv12,ambient_10,ambient,distortion,12.0,0.999871,0.611584,0.954247,0.663428,0.8586170815920104,0.8725153333333333
ambient_10::distortion::drv32,ambient_10,ambient,distortion,32.0,0.999184,0.459027,0.942729,0.576904,0.8160409687060534,0.8396056666666667
ambient_10::style_swap::swap_cross,ambient_10,ambient,style_swap,nan,0.924343,0.396036,0.952957,0.585,0.8017164149569832,0.8207666666666666
ambient_10::style_swap::swap_same,ambient_10,ambient,style_swap,nan,0.789284,0.401594,0.938746,0.730966,0.81512871354585,0.8196653333333332
ambient_11::control::ctrl,ambient_11,ambient,control,0.0,0.999997,0.992369,0.999991,0.829892,0.9397351152386791,0.9432933333333333
ambient_11::pitch_shift::-4st,ambient_11,ambient,pitch_shift,-4.0,0.785119,0.512362,0.991954,0.750112,0.8359578453037627,0.842395
ambient_11::pitch_shift::-2st,ambient_11,ambient,pitch_shift,-2.0,0.868604,0.648725,0.995753,0.726871,0.8566635006176393,0.8637426666666667
ambient_11::pitch_shift::-1st,ambient_11,ambient,pitch_shift,-1.0,0.794166,0.753632,0.996801,0.856528,0.8785242891570472,0.8824983333333333
ambient_11::pitch_shift::+1st,ambient_11,ambient,pitch_shift,1.0,0.804879,0.759202,0.995456,0.789121,0.8582861187666145,0.8631519999999999
ambient_11::pitch_shift::+2st,ambient_11,ambient,pitch_shift,2.0,0.857167,0.637703,0.99397,0.803184,0.8812204952394104,0.8847736666666666
ambient_11::pitch_shift::+4st,ambient_11,ambient,pitch_shift,4.0,0.766488,0.529516,0.987112,0.791045,0.8427349274399619,0.8482149999999999
ambient_11::time_stretch::-20pct,ambient_11,ambient,time_stretch,-20.0,0.995272,0.857772,0.738817,0.849669,0.8548885095842638,0.8612526666666667
ambient_11::time_stretch::-10pct,ambient_11,ambient,time_stretch,-10.0,0.998184,0.879185,0.779856,0.834173,0.8659517953140793,0.8707376666666666
ambient_11::time_stretch::-5pct,ambient_11,ambient,time_stretch,-5.0,0.999147,0.895309,0.825442,0.844242,0.8863276581722002,0.8896103333333333
ambient_11::time_stretch::+5pct,ambient_11,ambient,time_stretch,5.0,0.999166,0.90991,0.823214,0.849994,0.8875416687409998,0.8907913333333333
ambient_11::time_stretch::+10pct,ambient_11,ambient,time_stretch,10.0,0.998282,0.871446,0.782966,0.842862,0.8701301276356048,0.8747033333333333
ambient_11::time_stretch::+20pct,ambient_11,ambient,time_stretch,20.0,0.997743,0.808788,0.761707,0.836809,0.8599588288276202,0.8654196666666667
ambient_11::lowpass::lp8000,ambient_11,ambient,lowpass,8000.0,0.999997,0.453637,0.997641,0.847709,0.9456706855173914,0.948449
ambient_11::lowpass::lp4000,ambient_11,ambient,lowpass,4000.0,0.999875,0.435715,0.837154,0.794298,0.8727935172483574,0.8771089999999999
ambient_11::lowpass::lp2000,ambient_11,ambient,lowpass,2000.0,0.994462,0.402551,0.82183,0.675593,0.8203863797087687,0.8306283333333333
ambient_11::distortion::drv4,ambient_11,ambient,distortion,4.0,0.999811,0.723193,0.998499,0.810969,0.9320157811882733,0.9364263333333334
ambient_11::distortion::drv12,ambient_11,ambient,distortion,12.0,0.997487,0.550874,0.992885,0.77854,0.9169853026884104,0.9229706666666666
ambient_11::distortion::drv32,ambient_11,ambient,distortion,32.0,0.992133,0.463777,0.819374,0.735714,0.8425332160843552,0.8490736666666666
ambient_11::style_swap::swap_cross,ambient_11,ambient,style_swap,nan,0.91437,0.374194,0.747802,0.731537,0.7938070700712068,0.797903
ambient_11::style_swap::swap_same,ambient_11,ambient,style_swap,nan,0.969948,0.474155,0.729045,0.771585,0.8171382144429339,0.823526
ambient_12::control::ctrl,ambient_12,ambient,control,0.0,1.0,0.999998,1.0,0.582125,0.8349723298706074,0.8607083333333333
ambient_12::pitch_shift::-4st,ambient_12,ambient,pitch_shift,-4.0,0.982408,0.438723,0.994452,0.464105,0.7682407167916878,0.8136549999999999
ambient_12::pitch_shift::-2st,ambient_12,ambient,pitch_shift,-2.0,0.991004,0.554906,0.988564,0.488541,0.7822166785387302,0.822703
ambient_12::pitch_shift::-1st,ambient_12,ambient,pitch_shift,-1.0,0.991636,0.700134,0.996541,0.50778,0.7946471847602252,0.8319856666666666
ambient_12::pitch_shift::+1st,ambient_12,ambient,pitch_shift,1.0,0.992536,0.721378,0.996236,0.589633,0.8354044038284959,0.8594683333333333
ambient_12::pitch_shift::+2st,ambient_12,ambient,pitch_shift,2.0,0.989723,0.610542,0.996312,0.593072,0.8362551684221357,0.8597023333333333
ambient_12::pitch_shift::+4st,ambient_12,ambient,pitch_shift,4.0,0.982607,0.511018,0.977558,0.555993,0.811329443921223,0.8387193333333334
ambient_12::time_stretch::-20pct,ambient_12,ambient,time_stretch,-20.0,0.999624,0.858421,0.958659,0.563059,0.8141134148083249,0.8404473333333332
ambient_12::time_stretch::-10pct,ambient_12,ambient,time_stretch,-10.0,0.99952,0.886303,0.962486,0.565227,0.8162119263476035,0.842411
ambient_12::time_stretch::-5pct,ambient_12,ambient,time_stretch,-5.0,0.99935,0.872761,0.959116,0.571292,0.8181174042984534,0.8432526666666665
ambient_12::time_stretch::+5pct,ambient_12,ambient,time_stretch,5.0,0.999839,0.860532,0.95869,0.555992,0.8107599196822446,0.8381736666666666
ambient_12::time_stretch::+10pct,ambient_12,ambient,time_stretch,10.0,0.999601,0.90091,0.947215,0.596372,0.8265405494047765,0.8477293333333333
ambient_12::time_stretch::+20pct,ambient_12,ambient,time_stretch,20.0,0.999149,0.872297,0.970967,0.592276,0.8313545682264987,0.8541306666666666
ambient_12::lowpass::lp8000,ambient_12,ambient,lowpass,8000.0,0.99999,0.996663,0.999997,0.568976,0.8286340348790817,0.856321
ambient_12::lowpass::lp4000,ambient_12,ambient,lowpass,4000.0,0.99999,0.61934,0.999946,0.555715,0.8221317892719539,0.8518836666666666
ambient_12::lowpass::lp2000,ambient_12,ambient,lowpass,2000.0,0.99964,0.444726,0.99947,0.556086,0.8220882672707168,0.8517319999999999
ambient_12::distortion::drv4,ambient_12,ambient,distortion,4.0,0.999194,0.707435,0.992325,0.52141,0.8025911542025368,0.837643
ambient_12::distortion::drv12,ambient_12,ambient,distortion,12.0,0.999,0.547498,0.989891,0.490702,0.7858208795675208,0.8265309999999999
ambient_12::distortion::drv32,ambient_12,ambient,distortion,32.0,0.999091,0.483179,0.988339,0.424497,0.748390963694679,0.8039756666666666
ambient_12::style_swap::swap_cross,ambient_12,ambient,style_swap,nan,0.957063,0.351425,0.957997,0.43301,0.7349664826167485,0.78269
ambient_12::style_swap::swap_same,ambient_12,ambient,style_swap,nan,0.73243,0.441402,0.969138,0.582886,0.7451524330511345,0.7614846666666666
ambient_13::control::ctrl,ambient_13,ambient,control,0.0,1.0,1.0,1.0,0.80606,0.9306558752599474,0.9353533333333333
ambient_13::pitch_shift::-4st,ambient_13,ambient,pitch_shift,-4.0,0.558973,0.600978,0.972786,0.759677,0.7447531923218604,0.763812
ambient_13::pitch_shift::-2st,ambient_13,ambient,pitch_shift,-2.0,0.750161,0.680204,0.975444,0.794013,0.8344394193683045,0.8398726666666666
ambient_13::pitch_shift::-1st,ambient_13,ambient,pitch_shift,-1.0,0.487982,0.793336,0.979198,0.76821,0.7160083585344096,0.74513
ambient_13::pitch_shift::+1st,ambient_13,ambient,pitch_shift,1.0,0.512898,0.815511,0.976416,0.802709,0.7380311205258817,0.7640076666666666
ambient_13::pitch_shift::+2st,ambient_13,ambient,pitch_shift,2.0,0.74339,0.697618,0.971499,0.796399,0.8316295761394453,0.837096
ambient_13::pitch_shift::+4st,ambient_13,ambient,pitch_shift,4.0,0.644138,0.618232,0.959237,0.725756,0.7654176852430646,0.776377
ambient_13::time_stretch::-20pct,ambient_13,ambient,time_stretch,-20.0,0.96579,0.797606,0.597845,0.803283,0.7740695087819245,0.7889726666666665
ambient_13::time_stretch::-10pct,ambient_13,ambient,time_stretch,-10.0,0.989202,0.785104,0.528232,0.828154,0.7563803983239535,0.7818626666666666
ambient_13::time_stretch::-5pct,ambient_13,ambient,time_stretch,-5.0,0.991404,0.815454,0.728115,0.825544,0.8415184136541829,0.8483543333333332
ambient_13::time_stretch::+5pct,ambient_13,ambient,time_stretch,5.0,0.995971,0.877803,0.734427,0.815718,0.8418701759400724,0.8487053333333333
ambient_13::time_stretch::+10pct,ambient_13,ambient,time_stretch,10.0,0.988559,0.833817,0.645178,0.795057,0.7974316521703877,0.809598
ambient_13::time_stretch::+20pct,ambient_13,ambient,time_stretch,20.0,0.978916,0.763767,0.651629,0.786682,0.7946606009238331,0.8057423333333333
ambient_13::lowpass::lp8000,ambient_13,ambient,lowpass,8000.0,1.0,0.536139,0.984055,0.812374,0.9280936385869346,0.9321429999999999
ambient_13::lowpass::lp4000,ambient_13,ambient,lowpass,4000.0,1.0,0.452412,0.956058,0.795859,0.9129355604029881,0.9173056666666666
ambient_13::lowpass::lp2000,ambient_13,ambient,lowpass,2000.0,0.999944,0.430353,0.926303,0.766443,0.8920780849868911,0.8975633333333333
ambient_13::distortion::drv4,ambient_13,ambient,distortion,4.0,0.999734,0.806215,0.986011,0.802788,0.924958749285269,0.9295109999999999
ambient_13::distortion::drv12,ambient_13,ambient,distortion,12.0,0.993704,0.615944,0.944278,0.704931,0.8713002520601847,0.880971
ambient_13::distortion::drv32,ambient_13,ambient,distortion,32.0,0.983502,0.505243,0.884957,0.556149,0.7851684838537867,0.8082026666666666
ambient_13::style_swap::swap_cross,ambient_13,ambient,style_swap,nan,0.833886,0.386474,0.679409,0.57588,0.68842503931549,0.6963916666666666
ambient_13::style_swap::swap_same,ambient_13,ambient,style_swap,nan,0.942991,0.463723,0.794527,0.681603,0.7993112037691669,0.8063736666666665
ambient_14::control::ctrl,ambient_14,ambient,control,0.0,1.0,1.0,1.0,0.839459,0.943336191256337,0.9464863333333333
ambient_14::pitch_shift::-4st,ambient_14,ambient,pitch_shift,-4.0,0.450231,0.510233,0.988206,0.722976,0.6851761759332156,0.720471
ambient_14::pitch_shift::-2st,ambient_14,ambient,pitch_shift,-2.0,0.60113,0.615471,0.981732,0.771188,0.7692022352599118,0.7846833333333333
ambient_14::pitch_shift::-1st,ambient_14,ambient,pitch_shift,-1.0,0.353993,0.718307,0.98102,0.721948,0.6305596131395166,0.6856536666666666
ambient_14::pitch_shift::+1st,ambient_14,ambient,pitch_shift,1.0,0.351022,0.737858,0.990344,0.757745,0.6410341456454792,0.6997036666666666
ambient_14::pitch_shift::+2st,ambient_14,ambient,pitch_shift,2.0,0.617746,0.619005,0.981803,0.749924,0.7690428105278662,0.7831576666666666
ambient_14::pitch_shift::+4st,ambient_14,ambient,pitch_shift,4.0,0.435289,0.520784,0.988427,0.728772,0.6793673279042796,0.7174959999999999
ambient_14::time_stretch::-20pct,ambient_14,ambient,time_stretch,-20.0,0.995341,0.823868,0.969272,0.852833,0.9370451545798321,0.9391486666666666
ambient_14::time_stretch::-10pct,ambient_14,ambient,time_stretch,-10.0,0.998562,0.829967,0.960603,0.824889,0.9249214016595473,0.9280179999999999
ambient_14::time_stretch::-5pct,ambient_14,ambient,time_stretch,-5.0,0.997925,0.854889,0.970082,0.841415,0.9339110908365127,0.9364739999999999
ambient_14::time_stretch::+5pct,ambient_14,ambient,time_stretch,5.0,0.996928,0.83666,0.961028,0.832387,0.9273457970943679,0.9301143333333333
ambient_14::time_stretch::+10pct,ambient_14,ambient,time_stretch,10.0,0.998432,0.832609,0.959623,0.831844,0.927157842579528,0.9299663333333332
ambient_14::time_stretch::+20pct,ambient_14,ambient,time_stretch,20.0,0.998464,0.825264,0.960412,0.833433,0.9280119322591779,0.9307696666666666
ambient_14::lowpass::lp8000,ambient_14,ambient,lowpass,8000.0,1.0,0.555157,0.991686,0.846583,0.9433682201929073,0.9460896666666666
ambient_14::lowpass::lp4000,ambient_14,ambient,lowpass,4000.0,0.999972,0.480145,0.990442,0.791929,0.9222196642012538,0.9274476666666667
ambient_14::lowpass::lp2000,ambient_14,ambient,lowpass,2000.0,0.999001,0.443293,0.996146,0.77081,0.9154024832296136,0.9219856666666666
ambient_14::distortion::drv4,ambient_14,ambient,distortion,4.0,0.999602,0.795468,0.979917,0.820304,0.9296734161774324,0.9332743333333333
ambient_14::distortion::drv12,ambient_14,ambient,distortion,12.0,0.989304,0.555726,0.969933,0.698201,0.8750186757274547,0.8858126666666666
ambient_14::distortion::drv32,ambient_14,ambient,distortion,32.0,0.96701,0.457764,0.9649,0.57561,0.8128564707683642,0.8358399999999999
ambient_14::style_swap::swap_cross,ambient_14,ambient,style_swap,nan,0.496949,0.40079,0.95101,0.623286,0.6653672574895783,0.690415
ambient_14::style_swap::swap_same,ambient_14,ambient,style_swap,nan,0.877742,0.34662,0.950541,0.636024,0.8095998380428611,0.8214356666666667
ambient_15::control::ctrl,ambient_15,ambient,control,0.0,1.0,1.0,1.0,0.787864,0.9235996341477901,0.9292879999999999
ambient_15::pitch_shift::-4st,ambient_15,ambient,pitch_shift,-4.0,0.793501,0.396787,0.968513,0.736827,0.8273186631094125,0.832947
ambient_15::pitch_shift::-2st,ambient_15,ambient,pitch_shift,-2.0,0.902456,0.473862,0.976531,0.77441,0.8804290042420433,0.8844656666666667
ambient_15::pitch_shift::-1st,ambient_15,ambient,pitch_shift,-1.0,0.753359,0.596191,0.979445,0.788311,0.834756623517231,0.8403716666666666
ambient_15::pitch_shift::+1st,ambient_15,ambient,pitch_shift,1.0,0.766285,0.570079,0.979786,0.789709,0.8400972191999007,0.8452599999999999
ambient_15::pitch_shift::+2st,ambient_15,ambient,pitch_shift,2.0,0.911686,0.458135,0.979855,0.797549,0.893144012691237,0.8963633333333333
ambient_15::pitch_shift::+4st,ambient_15,ambient,pitch_shift,4.0,0.840115,0.413052,0.976093,0.763408,0.8554518069592061,0.859872
ambient_15::time_stretch::-20pct,ambient_15,ambient,time_stretch,-20.0,0.996796,0.819515,0.841459,0.773788,0.8658056434032148,0.8706809999999999
ambient_15::time_stretch::-10pct,ambient_15,ambient,time_stretch,-10.0,0.998583,0.831988,0.70191,0.792343,0.8219768907451888,0.8309453333333333
ambient_15::time_stretch::-5pct,ambient_15,ambient,time_stretch,-5.0,0.998127,0.85152,0.772537,0.805448,0.853193490494098,0.8587039999999999
ambient_15::time_stretch::+5pct,ambient_15,ambient,time_stretch,5.0,0.998032,0.856094,0.773961,0.778872,0.8441958476019084,0.8502883333333333
ambient_15::time_stretch::+10pct,ambient_15,ambient,time_stretch,10.0,0.997323,0.829234,0.715832,0.779631,0.8225810133506276,0.8309286666666666
ambient_15::time_stretch::+20pct,ambient_15,ambient,time_stretch,20.0,0.994715,0.822843,0.652849,0.776588,0.7959773232781822,0.8080506666666666
ambient_15::lowpass::lp8000,ambient_15,ambient,lowpass,8000.0,1.0,0.458807,0.994995,0.787553,0.9219348446714312,0.927516
ambient_15::lowpass::lp4000,ambient_15,ambient,lowpass,4000.0,1.0,0.451133,0.977747,0.77964,0.9134964591500262,0.919129
ambient_15::lowpass::lp2000,ambient_15,ambient,lowpass,2000.0,0.99997,0.433478,0.962747,0.764343,0.9028088600069104,0.9090199999999999
ambient_15::distortion::drv4,ambient_15,ambient,distortion,4.0,0.999997,0.918728,0.996114,0.788468,0.9226364423943934,0.928193
ambient_15::distortion::drv12,ambient_15,ambient,distortion,12.0,0.999574,0.594689,0.98591,0.757945,0.9073258934656838,0.9144763333333332
ambient_15::distortion::drv32,ambient_15,ambient,distortion,32.0,0.99624,0.471304,0.978212,0.728469,0.8920776911334015,0.9009736666666666
ambient_15::style_swap::swap_cross,ambient_15,ambient,style_swap,nan,0.89871,0.398311,0.674609,0.687153,0.7468643284908806,0.7534906666666666
ambient_15::style_swap::swap_same,ambient_15,ambient,style_swap,nan,0.903423,0.342104,0.765262,0.637534,0.7610295975101543,0.7687396666666666
electronic_01::control::ctrl,electronic_01,electronic,control,0.0,1.0,1.0,1.0,0.605448,0.8459777671336474,0.8684826666666666
electronic_01::pitch_shift::-4st,electronic_01,electronic,pitch_shift,-4.0,0.942103,0.422473,0.977407,0.663594,0.8485786368976195,0.8610346666666666
electronic_01::pitch_shift::-2st,electronic_01,electronic,pitch_shift,-2.0,0.941547,0.582735,0.985395,0.705582,0.868293634275753,0.877508
electronic_01::pitch_shift::-1st,electronic_01,electronic,pitch_shift,-1.0,0.960997,0.733019,0.987153,0.655291,0.8534542294205639,0.8678136666666666
electronic_01::pitch_shift::+1st,electronic_01,electronic,pitch_shift,1.0,0.967131,0.794788,0.973107,0.685798,0.8641995550355465,0.8753453333333333
electronic_01::pitch_shift::+2st,electronic_01,electronic,pitch_shift,2.0,0.96061,0.689792,0.985945,0.661864,0.85583396345856,0.8694729999999999
electronic_01::pitch_shift::+4st,electronic_01,electronic,pitch_shift,4.0,0.947104,0.574303,0.971274,0.593226,0.8171840293414195,0.8372013333333332
electronic_01::time_stretch::-20pct,electronic_01,electronic,time_stretch,-20.0,0.997149,0.805027,0.91112,0.572881,0.8043900420386557,0.82705
electronic_01::time_stretch::-10pct,electronic_01,electronic,time_stretch,-10.0,0.997349,0.839891,0.909726,0.633867,0.8316079555196507,0.8469806666666666
electronic_01::time_stretch::-5pct,electronic_01,electronic,time_stretch,-5.0,0.99834,0.863403,0.919787,0.602906,0.821117134990722,0.8403443333333334
electronic_01::time_stretch::+5pct,electronic_01,electronic,time_stretch,5.0,0.996442,0.873048,0.934455,0.602538,0.8247676524446566,0.8444783333333333
electronic_01::time_stretch::+10pct,electronic_01,electronic,time_stretch,10.0,0.992149,0.877292,0.909638,0.624014,0.8258096287318198,0.8419336666666666
electronic_01::time_stretch::+20pct,electronic_01,electronic,time_stretch,20.0,0.998785,0.7036,0.920977,0.61025,0.8249156215630136,0.8433373333333333
electronic_01::lowpass::lp8000,electronic_01,electronic,lowpass,8000.0,0.999998,0.431203,0.999604,0.608343,0.8472115683987611,0.8693150000000001
electronic_01::lowpass::lp4000,electronic_01,electronic,lowpass,4000.0,0.999975,0.441031,0.998875,0.658019,0.8694532596229642,0.8856229999999999
electronic_01::lowpass::lp2000,electronic_01,electronic,lowpass,2000.0,0.999022,0.428174,0.994026,0.599325,0.8411595824682874,0.8641243333333333
electronic_01::distortion::drv4,electronic_01,electronic,distortion,4.0,0.999998,0.998934,0.999994,0.616078,0.8508978155359679,0.8720233333333334
electronic_01::distortion::drv12,electronic_01,electronic,distortion,12.0,0.997341,0.991984,0.999875,0.625838,0.8545754991881224,0.8743513333333333
electronic_01::distortion::drv32,electronic_01,electronic,distortion,32.0,0.999364,0.901259,0.997859,0.614987,0.8496099795514156,0.8707366666666666
electronic_01::style_swap::swap_cross,electronic_01,electronic,style_swap,nan,0.937976,0.349675,0.922401,0.540846,0.7763574135074032,0.8004076666666666
electronic_01::style_swap::swap_same,electronic_01,electronic,style_swap,nan,0.952056,0.384604,0.84588,0.617156,0.7921159084337529,0.8050306666666667
electronic_02::control::ctrl,electronic_02,electronic,control,0.0,1.0,0.996412,0.999951,0.874203,0.9561594842165264,0.9580513333333333
electronic_02::pitch_shift::-4st,electronic_02,electronic,pitch_shift,-4.0,0.846467,0.357448,0.986372,0.832489,0.8858151225790475,0.8884426666666667
electronic_02::pitch_shift::-2st,electronic_02,electronic,pitch_shift,-2.0,0.930809,0.499901,0.991971,0.857402,0.9250843785641774,0.9267273333333332
electronic_02::pitch_shift::-1st,electronic_02,electronic,pitch_shift,-1.0,0.824533,0.671297,0.994503,0.863993,0.8914728498838547,0.8943429999999999
electronic_02::pitch_shift::+1st,electronic_02,electronic,pitch_shift,1.0,0.844516,0.825959,0.993235,0.855779,0.8953795560577897,0.8978433333333333
electronic_02::pitch_shift::+2st,electronic_02,electronic,pitch_shift,2.0,0.926179,0.745671,0.988947,0.856158,0.9221621415264637,0.9237613333333332
electronic_02::pitch_shift::+4st,electronic_02,electronic,pitch_shift,4.0,0.84494,0.63268,0.976495,0.840862,0.8852655014707677,0.8874323333333334
electronic_02::time_stretch::-20pct,electronic_02,electronic,time_stretch,-20.0,0.99723,0.801495,0.618846,0.869642,0.8126548715417995,0.8285726666666666
electronic_02::time_stretch::-10pct,electronic_02,electronic,time_stretch,-10.0,0.998548,0.832766,0.675697,0.876846,0.8394885054446586,0.8503636666666666
electronic_02::time_stretch::-5pct,electronic_02,electronic,time_stretch,-5.0,0.999544,0.85815,0.730265,0.883943,0.8641097152255992,0.8712506666666666
electronic_02::time_stretch::+5pct,electronic_02,electronic,time_stretch,5.0,0.999255,0.86033,0.754085,0.890392,0.875439141761601,0.8812439999999999
electronic_02::time_stretch::+10pct,electronic_02,electronic,time_stretch,10.0,0.99867,0.839985,0.695556,0.870806,0.845717218252496,0.8550106666666666
electronic_02::time_stretch::+20pct,electronic_02,electronic,time_stretch,20.0,0.9984,0.830685,0.598735,0.890392,0.8104137904850499,0.8291756666666666
electronic_02::lowpass::lp8000,electronic_02,electronic,lowpass,8000.0,0.999868,0.367913,0.99943,0.86929,0.954157155474786,0.956196
electronic_02::lowpass::lp4000,electronic_02,electronic,lowpass,4000.0,0.999871,0.384484,0.998986,0.790429,0.9242484835506961,0.929762
electronic_02::lowpass::lp2000,electronic_02,electronic,lowpass,2000.0,0.999789,0.367604,0.997399,0.763339,0.9130577450806782,0.9201756666666666
electronic_02::distortion::drv4,electronic_02,electronic,distortion,4.0,0.999855,0.405606,0.980504,0.852719,0.9420286490361279,0.9443593333333333
electronic_02::distortion::drv12,electronic_02,electronic,distortion,12.0,0.998243,0.371171,0.961512,0.823443,0.9245736415397249,0.9277326666666666
electronic_02::distortion::drv32,electronic_02,electronic,distortion,32.0,0.996908,0.362562,0.952877,0.7986,0.9120257012812677,0.9161283333333332
electronic_02::style_swap::swap_cross,electronic_02,electronic,style_swap,nan,0.96012,0.354984,0.585917,0.617612,0.7030061327906092,0.7212163333333333
electronic_02::style_swap::swap_same,electronic_02,electronic,style_swap,nan,0.884276,0.331471,0.669026,0.599862,0.7079904425678092,0.7177213333333332
electronic_03::control::ctrl,electronic_03,electronic,control,0.0,1.0,1.0,1.0,0.753807,0.9100949866633701,0.9179356666666666
electronic_03::pitch_shift::-4st,electronic_03,electronic,pitch_shift,-4.0,0.785432,0.519233,0.984395,0.696859,0.8137187087479195,0.8222286666666666
electronic_03::pitch_shift::-2st,electronic_03,electronic,pitch_shift,-2.0,0.896433,0.692794,0.993331,0.724209,0.8639565751135997,0.8713243333333333
electronic_03::pitch_shift::-1st,electronic_03,electronic,pitch_shift,-1.0,0.840616,0.81887,0.996125,0.716155,0.8432820188904524,0.8509653333333334
electronic_03::pitch_shift::+1st,electronic_03,electronic,pitch_shift,1.0,0.834654,0.835536,0.994657,0.712004,0.8392424030373101,0.847105
electronic_03::pitch_shift::+2st,electronic_03,electronic,pitch_shift,2.0,0.882816,0.74938,0.989909,0.689562,0.8446554650150325,0.8540956666666666
electronic_03::pitch_shift::+4st,electronic_03,electronic,pitch_shift,4.0,0.777918,0.608729,0.970949,0.644988,0.7868536396452193,0.7979516666666666
electronic_03::time_stretch::-20pct,electronic_03,electronic,time_stretch,-20.0,0.985783,0.880944,0.522,0.766524,0.7333745952666265,0.7581023333333332
electronic_03::time_stretch::-10pct,electronic_03,electronic,time_stretch,-10.0,0.98818,0.913815,0.608955,0.77111,0.7741869836277151,0.789415
electronic_03::time_stretch::-5pct,electronic_03,electronic,time_stretch,-5.0,0.98375,0.926133,0.67362,0.760122,0.7956602714237713,0.8058306666666666
electronic_03::time_stretch::+5pct,electronic_03,electronic,time_stretch,5.0,0.978772,0.938974,0.6719,0.783392,0.801656718658609,0.8113546666666666
electronic_03::time_stretch::+10pct,electronic_03,electronic,time_stretch,10.0,0.989451,0.901889,0.608261,0.752892,0.7680785708800786,0.7835346666666666
electronic_03::time_stretch::+20pct,electronic_03,electronic,time_stretch,20.0,0.968126,0.871577,0.529356,0.754039,0.7283797179173208,0.750507
electronic_03::lowpass::lp8000,electronic_03,electronic,lowpass,8000.0,0.999988,0.46028,0.99718,0.755356,0.9098574253826074,0.917508
electronic_03::lowpass::lp4000,electronic_03,electronic,lowpass,4000.0,0.999992,0.443416,0.987591,0.69207,0.8808620321496686,0.8932176666666666
electronic_03::lowpass::lp2000,electronic_03,electronic,lowpass,2000.0,0.999898,0.405602,0.973443,0.693037,0.877016065898884,0.8887926666666666
electronic_03::distortion::drv4,electronic_03,electronic,distortion,4.0,0.999817,0.727611,0.997881,0.751415,0.9084332958754072,0.9163709999999999
electronic_03::distortion::drv12,electronic_03,electronic,distortion,12.0,0.998965,0.570449,0.989218,0.701862,0.8851794795249198,0.8966816666666666
electronic_03::distortion::drv32,electronic_03,electronic,distortion,32.0,0.997222,0.489519,0.970613,0.645676,0.8549699806234097,0.8711703333333333
electronic_03::style_swap::swap_cross,electronic_03,electronic,style_swap,nan,0.742728,0.422853,0.510899,0.426433,0.5449272820935279,0.56002
electronic_03::style_swap::swap_same,electronic_03,electronic,style_swap,nan,0.883613,0.535962,0.482211,0.469829,0.5849871727665731,0.6118843333333333
electronic_04::control::ctrl,electronic_04,electronic,control,0.0,1.0,1.0,1.0,0.814233,0.9337907480125414,0.9380776666666666
electronic_04::pitch_shift::-4st,electronic_04,electronic,pitch_shift,-4.0,0.808126,0.456744,0.981929,0.734941,0.8354822238260535,0.8416653333333333
electronic_04::pitch_shift::-2st,electronic_04,electronic,pitch_shift,-2.0,0.892126,0.592253,0.989731,0.778971,0.8827171272324321,0.8869426666666667
electronic_04::pitch_shift::-1st,electronic_04,electronic,pitch_shift,-1.0,0.968309,0.761266,0.992991,0.796113,0.9147687756329437,0.9191376666666666
electronic_04::pitch_shift::+1st,electronic_04,electronic,pitch_shift,1.0,0.952683,0.872008,0.991355,0.793115,0.9081785917910996,0.9123843333333332
electronic_04::pitch_shift::+2st,electronic_04,electronic,pitch_shift,2.0,0.890444,0.783218,0.988628,0.788126,0.8852753895295592,0.8890659999999999
electronic_04::pitch_shift::+4st,electronic_04,electronic,pitch_shift,4.0,0.754311,0.667636,0.978199,0.761476,0.8251722702067192,0.8313286666666666
electronic_04::time_stretch::-20pct,electronic_04,electronic,time_stretch,-20.0,0.983819,0.907564,0.626503,0.8102,0.7933719951677332,0.8068406666666667
electronic_04::time_stretch::-10pct,electronic_04,electronic,time_stretch,-10.0,0.981774,0.915613,0.677187,0.8202,0.8169835297351867,0.826387
electronic_04::time_stretch::-5pct,electronic_04,electronic,time_stretch,-5.0,0.981159,0.938569,0.74652,0.798881,0.8364133908985343,0.8421866666666666
electronic_04::time_stretch::+5pct,electronic_04,electronic,time_stretch,5.0,0.96191,0.952585,0.746236,0.798683,0.8307334390704125,0.8356096666666666
electronic_04::time_stretch::+10pct,electronic_04,electronic,time_stretch,10.0,0.980156,0.945114,0.610677,0.790595,0.7792681803949738,0.7938093333333334
electronic_04::time_stretch::+20pct,electronic_04,electronic,time_stretch,20.0,0.977722,0.930157,0.67233,0.798612,0.8066984759965575,0.8162213333333332
electronic_04::lowpass::lp8000,electronic_04,electronic,lowpass,8000.0,0.998054,0.451174,0.997851,0.803408,0.9283647233229545,0.9331043333333333
electronic_04::lowpass::lp4000,electronic_04,electronic,lowpass,4000.0,0.983855,0.445069,0.988253,0.748724,0.8995811176967612,0.906944
electronic_04::lowpass::lp2000,electronic_04,electronic,lowpass,2000.0,0.998193,0.436671,0.966454,0.755091,0.8997703281017039,0.9065793333333333
electronic_04::distortion::drv4,electronic_04,electronic,distortion,4.0,0.988275,0.960242,0.999833,0.809864,0.9284085330470431,0.9326573333333332
electronic_04::distortion::drv12,electronic_04,electronic,distortion,12.0,0.984722,0.839189,0.998119,0.804014,0.9245275520499634,0.9289516666666666
electronic_04::distortion::drv32,electronic_04,electronic,distortion,32.0,0.984007,0.707193,0.99237,0.785091,0.9152307528281449,0.9204893333333333
electronic_04::style_swap::swap_cross,electronic_04,electronic,style_swap,nan,0.870442,0.476422,0.744885,0.672845,0.7584285949804153,0.762724
electronic_04::style_swap::swap_same,electronic_04,electronic,style_swap,nan,0.932752,0.410372,0.629456,0.685862,0.738452847292898,0.7493566666666667
electronic_05::control::ctrl,electronic_05,electronic,control,0.0,1.0,1.0,1.0,0.932054,0.9768180848041395,0.9773513333333332
electronic_05::pitch_shift::-4st,electronic_05,electronic,pitch_shift,-4.0,0.978697,0.503214,0.977026,0.917008,0.9571408108534947,0.957577
electronic_05::pitch_shift::-2st,electronic_05,electronic,pitch_shift,-2.0,0.988503,0.69419,0.990602,0.917071,0.9647765023791407,0.9653919999999999
electronic_05::pitch_shift::-1st,electronic_05,electronic,pitch_shift,-1.0,0.989289,0.820253,0.994977,0.898119,0.9597468645631629,0.960795
electronic_05::pitch_shift::+1st,electronic_05,electronic,pitch_shift,1.0,0.98824,0.871084,0.989447,0.921052,0.9657092059150107,0.9662463333333333
electronic_05::pitch_shift::+2st,electronic_05,electronic,pitch_shift,2.0,0.989375,0.809444,0.97517,0.888978,0.9501177376051694,0.9511743333333333
electronic_05::pitch_shift::+4st,electronic_05,electronic,pitch_shift,4.0,0.987474,0.747286,0.959466,0.898711,0.9478183347058958,0.9485503333333333
electronic_05::time_stretch::-20pct,electronic_05,electronic,time_stretch,-20.0,0.998988,0.844527,0.467838,0.910191,0.7520777970347751,0.7923389999999999
electronic_05::time_stretch::-10pct,electronic_05,electronic,time_stretch,-10.0,0.998787,0.899799,0.568522,0.919716,0.8053004949383484,0.8290083333333332
electronic_05::time_stretch::-5pct,electronic_05,electronic,time_stretch,-5.0,0.999112,0.910808,0.661764,0.912695,0.8450472538819437,0.857857
electronic_05::time_stretch::+5pct,electronic_05,electronic,time_stretch,5.0,0.999054,0.913224,0.65844,0.932957,0.8498108381223624,0.8634836666666666
electronic_05::time_stretch::+10pct,electronic_05,electronic,time_stretch,10.0,0.998966,0.897565,0.578117,0.907456,0.8062393817987016,0.8281796666666666
electronic_05::time_stretch::+20pct,electronic_05,electronic,time_stretch,20.0,0.99848,0.859635,0.467838,0.899237,0.7489215788584519,0.7885183333333332
electronic_05::lowpass::lp8000,electronic_05,electronic,lowpass,8000.0,0.999999,0.419915,0.998368,0.929973,0.9755589538735013,0.9761133333333334
electronic_05::lowpass::lp4000,electronic_05,electronic,lowpass,4000.0,0.999999,0.422606,0.995605,0.877809,0.9560829087154112,0.9578043333333333
electronic_05::lowpass::lp2000,electronic_05,electronic,lowpass,2000.0,0.999995,0.413037,0.991329,0.888477,0.9585628859161401,0.9599336666666666
electronic_05::distortion::drv4,electronic_05,electronic,distortion,4.0,0.999863,0.805368,0.972337,0.940724,0.9706735103469575,0.9709746666666667
electronic_05::distortion::drv12,electronic_05,electronic,distortion,12.0,0.999138,0.58529,0.927254,0.90806,0.9440164870142663,0.9448173333333333
electronic_05::distortion::drv32,electronic_05,electronic,distortion,32.0,0.99845,0.496781,0.891219,0.911356,0.93253742842259,0.933675
electronic_05::style_swap::swap_cross,electronic_05,electronic,style_swap,nan,0.938175,0.387428,0.594592,0.678387,0.7233139007086961,0.7370513333333333
electronic_05::style_swap::swap_same,electronic_05,electronic,style_swap,nan,0.910941,0.397804,0.654683,0.575099,0.6999837776752849,0.7135743333333333
electronic_06::control::ctrl,electronic_06,electronic,control,0.0,1.0,0.99994,1.0,0.756988,0.9113733640373913,0.9189959999999999
electronic_06::pitch_shift::-4st,electronic_06,electronic,pitch_shift,-4.0,0.804418,0.536069,0.984786,0.759329,0.8441466037247882,0.8495109999999999
electronic_06::pitch_shift::-2st,electronic_06,electronic,pitch_shift,-2.0,0.88897,0.693956,0.991772,0.773903,0.880363090033888,0.8848816666666666
electronic_06::pitch_shift::-1st,electronic_06,electronic,pitch_shift,-1.0,0.945645,0.818504,0.994252,0.791458,0.906186300599498,0.9104516666666667
electronic_06::pitch_shift::+1st,electronic_06,electronic,pitch_shift,1.0,0.942882,0.809393,0.99261,0.783937,0.901929069416786,0.9064763333333332
electronic_06::pitch_shift::+2st,electronic_06,electronic,pitch_shift,2.0,0.898346,0.695439,0.988879,0.823439,0.901030326089073,0.9035546666666666
electronic_06::pitch_shift::+4st,electronic_06,electronic,pitch_shift,4.0,0.8722,0.600245,0.977047,0.729081,0.853301363307819,0.8594426666666666
electronic_06::time_stretch::-20pct,electronic_06,electronic,time_stretch,-20.0,0.993384,0.87174,0.492592,0.809779,0.7344975334381364,0.7652516666666667
electronic_06::time_stretch::-10pct,electronic_06,electronic,time_stretch,-10.0,0.996719,0.867185,0.571162,0.780578,0.7631023363397912,0.7828196666666666
electronic_06::time_stretch::-5pct,electronic_06,electronic,time_stretch,-5.0,0.99676,0.911751,0.632944,0.776486,0.7883090387105993,0.8020633333333332
electronic_06::time_stretch::+5pct,electronic_06,electronic,time_stretch,5.0,0.990592,0.932376,0.663358,0.762786,0.7943559756849575,0.8055786666666667
electronic_06::time_stretch::+10pct,electronic_06,electronic,time_stretch,10.0,0.997908,0.895041,0.620404,0.809468,0.7943067614474233,0.80926
electronic_06::time_stretch::+20pct,electronic_06,electronic,time_stretch,20.0,0.994315,0.867923,0.492387,0.827685,0.7400002809900748,0.7714623333333332
electronic_06::lowpass::lp8000,electronic_06,electronic,lowpass,8000.0,0.999429,0.507961,0.996631,0.75927,0.9110891185628602,0.9184433333333333
electronic_06::lowpass::lp4000,electronic_06,electronic,lowpass,4000.0,0.999979,0.460765,0.985038,0.720381,0.8919394468059852,0.9017993333333333
electronic_06::lowpass::lp2000,electronic_06,electronic,lowpass,2000.0,0.999927,0.444382,0.898836,0.593283,0.8109054500605981,0.8306819999999999
electronic_06::distortion::drv4,electronic_06,electronic,distortion,4.0,0.99869,0.732641,0.99082,0.708643,0.8884186272391119,0.8993843333333332
electronic_06::distortion::drv12,electronic_06,electronic,distortion,12.0,0.997279,0.590027,0.968415,0.619637,0.8426977637901908,0.861777
electronic_06::distortion::drv32,electronic_06,electronic,distortion,32.0,0.995958,0.517626,0.93275,0.570602,0.8093068020528372,0.8331033333333333
electronic_06::style_swap::swap_cross,electronic_06,electronic,style_swap,nan,0.858565,0.373502,0.597205,0.46332,0.6193353764981242,0.6396966666666666
electronic_06::style_swap::swap_same,electronic_06,electronic,style_swap,nan,0.896237,0.424328,0.492387,0.732927,0.6864307379712713,0.7071836666666667
electronic_07::control::ctrl,electronic_07,electronic,control,0.0,1.0,1.0,1.0,0.769931,0.9165382666803356,0.9233103333333332
electronic_07::pitch_shift::-4st,electronic_07,electronic,pitch_shift,-4.0,0.766562,0.36215,0.982782,0.676492,0.798771170495374,0.8086119999999999
electronic_07::pitch_shift::-2st,electronic_07,electronic,pitch_shift,-2.0,0.818366,0.499343,0.99311,0.733329,0.8415525963228774,0.8482683333333333
electronic_07::pitch_shift::-1st,electronic_07,electronic,pitch_shift,-1.0,0.760846,0.684194,0.995994,0.708821,0.8128867036872218,0.821887
electronic_07::pitch_shift::+1st,electronic_07,electronic,pitch_shift,1.0,0.754592,0.822098,0.993963,0.71268,0.8115693968765387,0.8204116666666667
electronic_07::pitch_shift::+2st,electronic_07,electronic,pitch_shift,2.0,0.812698,0.722374,0.989009,0.723844,0.8348173591375336,0.8418503333333334
electronic_07::pitch_shift::+4st,electronic_07,electronic,pitch_shift,4.0,0.743983,0.606494,0.976464,0.672821,0.7877219165536793,0.7977559999999999
electronic_07::time_stretch::-20pct,electronic_07,electronic,time_stretch,-20.0,0.996408,0.872849,0.575376,0.750097,0.7548062003075156,0.7739603333333333
electronic_07::time_stretch::-10pct,electronic_07,electronic,time_stretch,-10.0,0.997467,0.898456,0.659441,0.773186,0.7982142705356127,0.8100313333333333
electronic_07::time_stretch::-5pct,electronic_07,electronic,time_stretch,-5.0,0.996844,0.940452,0.712757,0.763943,0.8157239534650603,0.8245146666666666
electronic_07::time_stretch::+5pct,electronic_07,electronic,time_stretch,5.0,0.995867,0.943528,0.738192,0.76198,0.8243369164324528,0.8320129999999999
electronic_07::time_stretch::+10pct,electronic_07,electronic,time_stretch,10.0,0.996091,0.91657,0.664796,0.761568,0.7959736671114095,0.807485
electronic_07::time_stretch::+20pct,electronic_07,electronic,time_stretch,20.0,0.995923,0.868506,0.599433,0.764097,0.7697888830624511,0.7864843333333333
electronic_07::lowpass::lp8000,electronic_07,electronic,lowpass,8000.0,1.0,0.369149,0.998675,0.770075,0.9161903945238827,0.9229166666666666
electronic_07::lowpass::lp4000,electronic_07,electronic,lowpass,4000.0,0.999998,0.359384,0.992886,0.693546,0.8830621355883309,0.8954766666666667
electronic_07::lowpass::lp2000,electronic_07,electronic,lowpass,2000.0,0.999806,0.343797,0.974246,0.662279,0.864055790148817,0.8787769999999999
electronic_07::distortion::drv4,electronic_07,electronic,distortion,4.0,0.999882,0.435335,0.98826,0.767996,0.91213609503,0.9187126666666666
electronic_07::distortion::drv12,electronic_07,electronic,distortion,12.0,0.998433,0.379037,0.962933,0.703612,0.8778414393367382,0.888326
electronic_07::distortion::drv32,electronic_07,electronic,distortion,32.0,0.99635,0.363467,0.944004,0.642438,0.8454196288839647,0.8609306666666665
electronic_07::style_swap::swap_cross,electronic_07,electronic,style_swap,nan,0.886094,0.417874,0.60697,0.59177,0.6827577768053099,0.6949446666666667
electronic_07::style_swap::swap_same,electronic_07,electronic,style_swap,nan,0.882658,0.376619,0.549731,0.453864,0.6038876417224844,0.628751
electronic_08::control::ctrl,electronic_08,electronic,control,0.0,1.0,1.0,1.0,0.890409,0.9620474962970461,0.9634696666666667
electronic_08::pitch_shift::-4st,electronic_08,electronic,pitch_shift,-4.0,0.908522,0.543821,0.986558,0.749515,0.8758158487123118,0.8815316666666666
electronic_08::pitch_shift::-2st,electronic_08,electronic,pitch_shift,-2.0,0.915175,0.708606,0.991649,0.813893,0.9039473719778587,0.9069056666666666
electronic_08::pitch_shift::-1st,electronic_08,electronic,pitch_shift,-1.0,0.94852,0.831964,0.99411,0.851472,0.9294308894499647,0.9313673333333332
electronic_08::pitch_shift::+1st,electronic_08,electronic,pitch_shift,1.0,0.958275,0.831989,0.990914,0.836485,0.9261075540923797,0.928558
electronic_08::pitch_shift::+2st,electronic_08,electronic,pitch_shift,2.0,0.919678,0.71846,0.985232,0.798669,0.8978016065449946,0.9011929999999999
electronic_08::pitch_shift::+4st,electronic_08,electronic,pitch_shift,4.0,0.903487,0.597304,0.971426,0.733664,0.8635277135751955,0.8695256666666666
electronic_08::time_stretch::-20pct,electronic_08,electronic,time_stretch,-20.0,0.996541,0.8785,0.538606,0.864045,0.7740474304008449,0.7997306666666666
electronic_08::time_stretch::-10pct,electronic_08,electronic,time_stretch,-10.0,0.988208,0.875842,0.479271,0.849875,0.7383487153768362,0.7724513333333333
electronic_08::time_stretch::-5pct,electronic_08,electronic,time_stretch,-5.0,0.991683,0.930188,0.462448,0.876737,0.7380770525958913,0.776956
electronic_08::time_stretch::+5pct,electronic_08,electronic,time_stretch,5.0,0.993878,0.921473,0.652129,0.885241,0.8309521905041355,0.8437493333333332
electronic_08::time_stretch::+10pct,electronic_08,electronic,time_stretch,10.0,0.997429,0.883477,0.591651,0.877539,0.8030415320359406,0.8222063333333333
electronic_08::time_stretch::+20pct,electronic_08,electronic,time_stretch,20.0,0.992693,0.871431,0.606315,0.863405,0.8039751224060182,0.8208043333333332
electronic_08::lowpass::lp8000,electronic_08,electronic,lowpass,8000.0,0.998137,0.496135,0.997432,0.887768,0.9596752906595664,0.9611123333333333
electronic_08::lowpass::lp4000,electronic_08,electronic,lowpass,4000.0,0.999998,0.45305,0.98949,0.81545,0.9309705852494532,0.9349793333333333
electronic_08::lowpass::lp2000,electronic_08,electronic,lowpass,2000.0,0.996882,0.426175,0.953607,0.731751,0.8860512374211533,0.89408
electronic_08::distortion::drv4,electronic_08,electronic,distortion,4.0,0.999749,0.673292,0.984054,0.733904,0.897118311566595,0.9059023333333334
electronic_08::distortion::drv12,electronic_08,electronic,distortion,12.0,0.986606,0.507479,0.962554,0.641455,0.8477055308138396,0.8635383333333333
electronic_08::distortion::drv32,electronic_08,electronic,distortion,32.0,0.995942,0.477746,0.930002,0.586715,0.8160467519054799,0.837553
electronic_08::style_swap::swap_cross,electronic_08,electronic,style_swap,nan,0.927107,0.453751,0.529207,0.684815,0.6951996875347222,0.7137096666666667
electronic_08::style_swap::swap_same,electronic_08,electronic,style_swap,nan,0.863319,0.469269,0.492175,0.654547,0.6527455131106142,0.6700136666666665
electronic_09::control::ctrl,electronic_09,electronic,control,0.0,1.0,1.0,1.0,0.718092,0.8954885340933488,0.9060306666666667
electronic_09::pitch_shift::-4st,electronic_09,electronic,pitch_shift,-4.0,0.959409,0.47505,0.977902,0.650762,0.8483474704788824,0.8626909999999999
electronic_09::pitch_shift::-2st,electronic_09,electronic,pitch_shift,-2.0,0.963591,0.656302,0.98817,0.711411,0.8782435966648668,0.887724
electronic_09::pitch_shift::-1st,electronic_09,electronic,pitch_shift,-1.0,0.980598,0.826879,0.992775,0.709682,0.8840331318748771,0.8943516666666667
electronic_09::pitch_shift::+1st,electronic_09,electronic,pitch_shift,1.0,0.984398,0.882336,0.993075,0.758319,0.9050409633549888,0.9119306666666667
electronic_09::pitch_shift::+2st,electronic_09,electronic,pitch_shift,2.0,0.956294,0.795031,0.988688,0.779904,0.9034357676264331,0.9082953333333332
electronic_09::pitch_shift::+4st,electronic_09,electronic,pitch_shift,4.0,0.957647,0.674605,0.978896,0.698421,0.8683332512349818,0.8783213333333333
electronic_09::time_stretch::-20pct,electronic_09,electronic,time_stretch,-20.0,0.995786,0.897351,0.626185,0.735415,0.7711408680627287,0.7857953333333333
electronic_09::time_stretch::-10pct,electronic_09,electronic,time_stretch,-10.0,0.994738,0.92423,0.682118,0.773537,0.8066462209498159,0.8167976666666666
electronic_09::time_stretch::-5pct,electronic_09,electronic,time_stretch,-5.0,0.991339,0.942415,0.757467,0.751627,0.8264110086750455,0.8334776666666666
electronic_09::time_stretch::+5pct,electronic_09,electronic,time_stretch,5.0,0.993681,0.966391,0.793479,0.753948,0.8408294973530852,0.8470359999999999
electronic_09::time_stretch::+10pct,electronic_09,electronic,time_stretch,10.0,0.993391,0.944324,0.717924,0.705499,0.7953623552021737,0.8056046666666666
electronic_09::time_stretch::+20pct,electronic_09,electronic,time_stretch,20.0,0.994183,0.922112,0.658424,0.724026,0.779666215665349,0.792211
electronic_09::lowpass::lp8000,electronic_09,electronic,lowpass,8000.0,0.999474,0.483836,0.998775,0.729085,0.899509544276746,0.9091113333333333
electronic_09::lowpass::lp4000,electronic_09,electronic,lowpass,4000.0,0.999479,0.453752,0.784357,0.623887,0.7878879569187638,0.8025743333333333
electronic_09::lowpass::lp2000,electronic_09,electronic,lowpass,2000.0,0.999986,0.408429,0.765017,0.603178,0.7727461196531874,0.7893936666666665
electronic_09::distortion::drv4,electronic_09,electronic,distortion,4.0,0.999442,0.69507,0.992479,0.683796,0.8786214995432297,0.8919056666666667
electronic_09::distortion::drv12,electronic_09,electronic,distortion,12.0,0.999431,0.580273,0.976129,0.633823,0.8519406523182341,0.8697943333333333
electronic_09::distortion::drv32,electronic_09,electronic,distortion,32.0,0.999298,0.520337,0.954315,0.602336,0.8312695322003835,0.8519829999999999
electronic_09::style_swap::swap_cross,electronic_09,electronic,style_swap,nan,0.962967,0.540225,0.613662,0.629425,0.7191644450715328,0.7353513333333332
electronic_09::style_swap::swap_same,electronic_09,electronic,style_swap,nan,0.892172,0.449766,0.724892,0.663505,0.7542616589763855,0.7601896666666667
electronic_10::control::ctrl,electronic_10,electronic,control,0.0,1.0,1.0,1.0,0.810411,0.9323273884061728,0.9368036666666666
electronic_10::pitch_shift::-4st,electronic_10,electronic,pitch_shift,-4.0,0.927037,0.63649,0.955138,0.671573,0.8409150781745194,0.8512493333333333
electronic_10::pitch_shift::-2st,electronic_10,electronic,pitch_shift,-2.0,0.934227,0.761208,0.965096,0.71841,0.865230392736339,0.8725776666666666
electronic_10::pitch_shift::-1st,electronic_10,electronic,pitch_shift,-1.0,0.948845,0.854291,0.968949,0.735278,0.877639015010175,0.8843573333333333
electronic_10::pitch_shift::+1st,electronic_10,electronic,pitch_shift,1.0,0.957321,0.877158,0.994434,0.770588,0.9018865923843244,0.9074476666666667
electronic_10::pitch_shift::+2st,electronic_10,electronic,pitch_shift,2.0,0.942156,0.799083,0.991552,0.722643,0.8772446017775655,0.8854503333333333
electronic_10::pitch_shift::+4st,electronic_10,electronic,pitch_shift,4.0,0.926106,0.701639,0.987228,0.719798,0.8698204206311413,0.8777106666666666
electronic_10::time_stretch::-20pct,electronic_10,electronic,time_stretch,-20.0,0.995521,0.872309,0.87537,0.7565,0.8703294358344356,0.8757969999999999
electronic_10::time_stretch::-10pct,electronic_10,electronic,time_stretch,-10.0,0.994197,0.889905,0.886615,0.784036,0.8841267059157434,0.8882826666666667
electronic_10::time_stretch::-5pct,electronic_10,electronic,time_stretch,-5.0,0.997108,0.917396,0.935756,0.763266,0.8930180684172996,0.8987099999999999
electronic_10::time_stretch::+5pct,electronic_10,electronic,time_stretch,5.0,0.996636,0.915546,0.935756,0.782091,0.9001581675468965,0.9048276666666666
electronic_10::time_stretch::+10pct,electronic_10,electronic,time_stretch,10.0,0.996679,0.890654,0.8822,0.77244,0.8790138246368341,0.8837729999999999
electronic_10::time_stretch::+20pct,electronic_10,electronic,time_stretch,20.0,0.994358,0.875533,0.865741,0.784418,0.877322840665205,0.8815056666666665
electronic_10::lowpass::lp8000,electronic_10,electronic,lowpass,8000.0,0.999418,0.528164,0.99862,0.807738,0.930691999239933,0.9352586666666667
electronic_10::lowpass::lp4000,electronic_10,electronic,lowpass,4000.0,0.999519,0.458573,0.995015,0.728948,0.8983365645052237,0.9078273333333333
electronic_10::lowpass::lp2000,electronic_10,electronic,lowpass,2000.0,0.999878,0.436361,0.971037,0.710243,0.8834797191584002,0.8937193333333333
electronic_10::distortion::drv4,electronic_10,electronic,distortion,4.0,0.998247,0.775004,0.992018,0.692911,0.8820198125164296,0.8943919999999999
electronic_10::distortion::drv12,electronic_10,electronic,distortion,12.0,0.99768,0.6507,0.96743,0.566792,0.8178585086162583,0.8439673333333333
electronic_10::distortion::drv32,electronic_10,electronic,distortion,32.0,0.997355,0.562191,0.917528,0.534999,0.7881472331993375,0.8166273333333333
electronic_10::style_swap::swap_cross,electronic_10,electronic,style_swap,nan,0.942699,0.416073,0.937445,0.239747,0.5961524617011982,0.7066303333333332
electronic_10::style_swap::swap_same,electronic_10,electronic,style_swap,nan,0.859537,0.468063,0.899709,0.635552,0.7891736516979583,0.7982659999999999
electronic_11::control::ctrl,electronic_11,electronic,control,0.0,1.0,1.0,1.0,0.720974,0.8966849235206708,0.9069913333333333
electronic_11::pitch_shift::-4st,electronic_11,electronic,pitch_shift,-4.0,0.938685,0.513101,0.985868,0.698801,0.8647635757885862,0.8744513333333332
electronic_11::pitch_shift::-2st,electronic_11,electronic,pitch_shift,-2.0,0.948451,0.67216,0.947797,0.686351,0.8513186867613498,0.8608663333333333
electronic_11::pitch_shift::-1st,electronic_11,electronic,pitch_shift,-1.0,0.934442,0.804707,0.992252,0.661324,0.8495642047518455,0.8626726666666666
electronic_11::pitch_shift::+1st,electronic_11,electronic,pitch_shift,1.0,0.931792,0.869101,0.946374,0.677755,0.8423349795672391,0.8519736666666666
electronic_11::pitch_shift::+2st,electronic_11,electronic,pitch_shift,2.0,0.941306,0.795511,0.944927,0.678035,0.8448774769783716,0.854756
electronic_11::pitch_shift::+4st,electronic_11,electronic,pitch_shift,4.0,0.931312,0.665806,0.93389,0.626743,0.8168835276873475,0.8306483333333333
electronic_11::time_stretch::-20pct,electronic_11,electronic,time_stretch,-20.0,0.995049,0.841323,0.678262,0.71967,0.7860649845742324,0.7976603333333333
electronic_11::time_stretch::-10pct,electronic_11,electronic,time_stretch,-10.0,0.998182,0.889206,0.738501,0.723259,0.8108706033098891,0.8199806666666666
electronic_11::time_stretch::-5pct,electronic_11,electronic,time_stretch,-5.0,0.999267,0.925465,0.80105,0.682601,0.8175281144291809,0.8276393333333333
electronic_11::time_stretch::+5pct,electronic_11,electronic,time_stretch,5.0,0.998669,0.907761,0.760252,0.716304,0.8162543440308716,0.825075
electronic_11::time_stretch::+10pct,electronic_11,electronic,time_stretch,10.0,0.995713,0.891752,0.705064,0.739943,0.8038721717378422,0.8135733333333333
electronic_11::time_stretch::+20pct,electronic_11,electronic,time_stretch,20.0,0.994667,0.869275,0.674601,0.715921,0.7831830216588902,0.795063
electronic_11::lowpass::lp8000,electronic_11,electronic,lowpass,8000.0,0.999645,0.460656,0.952868,0.739625,0.8898088226859977,0.8973793333333333
electronic_11::lowpass::lp4000,electronic_11,electronic,lowpass,4000.0,0.999927,0.446934,0.936248,0.742932,0.886004826592043,0.8930356666666666
electronic_11::lowpass::lp2000,electronic_11,electronic,lowpass,2000.0,0.999985,0.414799,0.77553,0.699265,0.8154762047860981,0.8249266666666667
electronic_11::distortion::drv4,electronic_11,electronic,distortion,4.0,0.999866,0.755976,0.946075,0.706237,0.874190222133659,0.8840593333333333
electronic_11::distortion::drv12,electronic_11,electronic,distortion,12.0,0.999465,0.563732,0.804425,0.682269,0.8185959584054996,0.8287196666666665
electronic_11::distortion::drv32,electronic_11,electronic,distortion,32.0,0.998631,0.484526,0.758401,0.638601,0.7849545507076483,0.7985443333333333
electronic_11::style_swap::swap_cross,electronic_11,electronic,style_swap,nan,0.822051,0.44278,0.665823,0.472771,0.6372396562641304,0.6535483333333333
electronic_11::style_swap::swap_same,electronic_11,electronic,style_swap,nan,0.954572,0.520179,0.651857,0.541555,0.695880283262715,0.7159946666666666
electronic_12::control::ctrl,electronic_12,electronic,control,0.0,1.0,1.0,1.0,0.844959,0.9453919037415115,0.9483196666666667
electronic_12::pitch_shift::-4st,electronic_12,electronic,pitch_shift,-4.0,0.925351,0.609278,0.961158,0.790859,0.8893378612151708,0.8924559999999999
electronic_12::pitch_shift::-2st,electronic_12,electronic,pitch_shift,-2.0,0.980443,0.741232,0.989681,0.805836,0.9212724470425149,0.9253199999999999
electronic_12::pitch_shift::-1st,electronic_12,electronic,pitch_shift,-1.0,0.994124,0.839776,0.996851,0.813193,0.9305823539229965,0.9347226666666666
electronic_12::pitch_shift::+1st,electronic_12,electronic,pitch_shift,1.0,0.989993,0.84999,0.992541,0.785886,0.9174450121674844,0.9228066666666666
electronic_12::pitch_shift::+2st,electronic_12,electronic,pitch_shift,2.0,0.942581,0.718769,0.982626,0.795188,0.9030786672191176,0.9067983333333334
electronic_12::pitch_shift::+4st,electronic_12,electronic,pitch_shift,4.0,0.870986,0.580142,0.947041,0.763623,0.8572082037831852,0.86055
electronic_12::time_stretch::-20pct,electronic_12,electronic,time_stretch,-20.0,0.995486,0.893181,0.214705,0.79805,0.5545863025893866,0.6694136666666667
electronic_12::time_stretch::-10pct,electronic_12,electronic,time_stretch,-10.0,0.995077,0.905521,0.353968,0.843262,0.667207736457654,0.730769
electronic_12::time_stretch::-5pct,electronic_12,electronic,time_stretch,-5.0,0.99615,0.933377,0.503291,0.838201,0.7490268042609205,0.779214
electronic_12::time_stretch::+5pct,electronic_12,electronic,time_stretch,5.0,0.996161,0.956473,0.497655,0.837304,0.7459568234705165,0.77704
electronic_12::time_stretch::+10pct,electronic_12,electronic,time_stretch,10.0,0.992855,0.930926,0.376862,0.839752,0.6798395207061498,0.7364896666666667
electronic_12::time_stretch::+20pct,electronic_12,electronic,time_stretch,20.0,0.995718,0.903473,0.218076,0.814142,0.5612393722042995,0.6759786666666666
electronic_12::lowpass::lp8000,electronic_12,electronic,lowpass,8000.0,1.0,0.71859,0.999336,0.836792,0.9421275073004628,0.945376
electronic_12::lowpass::lp4000,electronic_12,electronic,lowpass,4000.0,0.999967,0.617784,0.996177,0.798167,0.9264144394025549,0.931437
electronic_12::lowpass::lp2000,electronic_12,electronic,lowpass,2000.0,0.999998,0.523638,0.990328,0.767548,0.9126296578861117,0.9192913333333332
electronic_12::distortion::drv4,electronic_12,electronic,distortion,4.0,0.998066,0.772342,0.994745,0.799252,0.9258022940693487,0.9306876666666666
electronic_12::distortion::drv12,electronic_12,electronic,distortion,12.0,0.996694,0.659341,0.979778,0.696251,0.8793297899668239,0.8909076666666667
electronic_12::distortion::drv32,electronic_12,electronic,distortion,32.0,0.996048,0.579753,0.949473,0.629727,0.8413403809824341,0.858416
electronic_12::style_swap::swap_cross,electronic_12,electronic,style_swap,nan,0.761492,0.406166,0.45872,0.719567,0.6310950196472582,0.646593
electronic_12::style_swap::swap_same,electronic_12,electronic,style_swap,nan,0.859537,0.468037,0.442778,0.567266,0.5999003586390342,0.6231936666666666
electronic_13::control::ctrl,electronic_13,electronic,control,0.0,1.0,0.993659,0.999997,0.846999,0.9461511717833451,0.9489986666666665
electronic_13::pitch_shift::-4st,electronic_13,electronic,pitch_shift,-4.0,0.969528,0.625518,0.984902,0.721952,0.8833928904753965,0.8921273333333333
electronic_13::pitch_shift::-2st,electronic_13,electronic,pitch_shift,-2.0,0.975927,0.764546,0.952799,0.81878,0.9131216022745399,0.9158353333333332
electronic_13::pitch_shift::-1st,electronic_13,electronic,pitch_shift,-1.0,0.980124,0.86583,0.955277,0.834188,0.9209260567706394,0.9231963333333333
electronic_13::pitch_shift::+1st,electronic_13,electronic,pitch_shift,1.0,0.9904,0.872442,0.951772,0.816712,0.9165106112784213,0.9196279999999999
electronic_13::pitch_shift::+2st,electronic_13,electronic,pitch_shift,2.0,0.973172,0.776106,0.988098,0.789235,0.9121480217656234,0.916835
electronic_13::pitch_shift::+4st,electronic_13,electronic,pitch_shift,4.0,0.962658,0.680156,0.922109,0.752466,0.8741387824862066,0.8790776666666666
electronic_13::time_stretch::-20pct,electronic_13,electronic,time_stretch,-20.0,0.993593,0.887697,0.424245,0.843787,0.7085209483619349,0.7538749999999999
electronic_13::time_stretch::-10pct,electronic_13,electronic,time_stretch,-10.0,0.99723,0.912308,0.50519,0.857395,0.7559220416701442,0.786605
electronic_13::time_stretch::-5pct,electronic_13,electronic,time_stretch,-5.0,0.995355,0.940778,0.593908,0.873587,0.8022956671389172,0.82095
electronic_13::time_stretch::+5pct,electronic_13,electronic,time_stretch,5.0,0.994426,0.950774,0.652717,0.84979,0.8201053977089733,0.832311
electronic_13::time_stretch::+10pct,electronic_13,electronic,time_stretch,10.0,0.993618,0.932963,0.558868,0.849423,0.7784264243016781,0.8006363333333333
electronic_13::time_stretch::+20pct,electronic_13,electronic,time_stretch,20.0,0.996687,0.887836,0.481783,0.83454,0.737257400998723,0.7710033333333333
electronic_13::lowpass::lp8000,electronic_13,electronic,lowpass,8000.0,0.999985,0.491318,0.99848,0.839362,0.9428169604134921,0.9459423333333333
electronic_13::lowpass::lp4000,electronic_13,electronic,lowpass,4000.0,0.99999,0.470791,0.995247,0.750912,0.9074830589100596,0.915383
electronic_13::lowpass::lp2000,electronic_13,electronic,lowpass,2000.0,0.999998,0.461128,0.985278,0.744104,0.9017037006827159,0.9097933333333333
electronic_13::distortion::drv4,electronic_13,electronic,distortion,4.0,0.999837,0.85634,0.99342,0.8389,0.9410024755044645,0.9440523333333333
electronic_13::distortion::drv12,electronic_13,electronic,distortion,12.0,0.999499,0.741137,0.977622,0.766975,0.9083324845627483,0.9146986666666667
electronic_13::distortion::drv32,electronic_13,electronic,distortion,32.0,0.999227,0.664535,0.955131,0.615189,0.8373593761501297,0.8565156666666667
electronic_13::style_swap::swap_cross,electronic_13,electronic,style_swap,nan,0.779592,0.418635,0.41568,0.60402,0.5806208235127044,0.599764
electronic_13::style_swap::swap_same,electronic_13,electronic,style_swap,nan,0.968089,0.528689,0.450717,0.455917,0.5837609009990385,0.6249076666666666
electronic_14::control::ctrl,electronic_14,electronic,control,0.0,1.0,1.0,1.0,0.776063,0.9189650459949363,0.9253543333333333
electronic_14::pitch_shift::-4st,electronic_14,electronic,pitch_shift,-4.0,0.944088,0.604467,0.886371,0.713275,0.8419668759693993,0.8479113333333332
electronic_14::pitch_shift::-2st,electronic_14,electronic,pitch_shift,-2.0,0.947731,0.769855,0.944,0.732778,0.8687133607486136,0.8748363333333333
electronic_14::pitch_shift::-1st,electronic_14,electronic,pitch_shift,-1.0,0.961905,0.868735,0.947186,0.762986,0.8858523478477344,0.8906923333333333
electronic_14::pitch_shift::+1st,electronic_14,electronic,pitch_shift,1.0,0.963249,0.878183,0.992765,0.765915,0.9014089514125794,0.9073096666666667
electronic_14::pitch_shift::+2st,electronic_14,electronic,pitch_shift,2.0,0.950868,0.797621,0.98605,0.738692,0.8847641596136658,0.8918699999999999
electronic_14::pitch_shift::+4st,electronic_14,electronic,pitch_shift,4.0,0.944287,0.708866,0.871025,0.729163,0.8433083840408583,0.8481583333333333
electronic_14::time_stretch::-20pct,electronic_14,electronic,time_stretch,-20.0,0.992999,0.903846,0.412351,0.768463,0.6801629037556423,0.7246043333333333
electronic_14::time_stretch::-10pct,electronic_14,electronic,time_stretch,-10.0,0.995971,0.894674,0.579551,0.79776,0.7722125754693719,0.791094
electronic_14::time_stretch::-5pct,electronic_14,electronic,time_stretch,-5.0,0.99772,0.932679,0.611064,0.79849,0.7866622067693138,0.8024246666666667
electronic_14::time_stretch::+5pct,electronic_14,electronic,time_stretch,5.0,0.994496,0.950972,0.644494,0.771504,0.790775794394576,0.8034979999999999
electronic_14::time_stretch::+10pct,electronic_14,electronic,time_stretch,10.0,0.997219,0.935161,0.574181,0.74698,0.7534413396094392,0.7727933333333333
electronic_14::time_stretch::+20pct,electronic_14,electronic,time_stretch,20.0,0.996834,0.940751,0.434703,0.744978,0.6859929343387117,0.725505
electronic_14::lowpass::lp8000,electronic_14,electronic,lowpass,8000.0,0.999796,0.506671,0.993608,0.76696,0.9133412298875206,0.9201213333333332
electronic_14::lowpass::lp4000,electronic_14,electronic,lowpass,4000.0,0.999959,0.470805,0.888807,0.735329,0.8678082702427693,0.8746983333333334
electronic_14::lowpass::lp2000,electronic_14,electronic,lowpass,2000.0,0.999934,0.452129,0.874068,0.757939,0.8717332345023463,0.8773136666666665
electronic_14::distortion::drv4,electronic_14,electronic,distortion,4.0,0.99954,0.792163,0.985038,0.753353,0.9052125402544963,0.9126436666666666
electronic_14::distortion::drv12,electronic_14,electronic,distortion,12.0,0.998372,0.641792,0.859453,0.643499,0.8203908354069199,0.8337746666666667
electronic_14::distortion::drv32,electronic_14,electronic,distortion,32.0,0.997578,0.55305,0.575864,0.625547,0.7109552180003774,0.7329963333333334
electronic_14::style_swap::swap_cross,electronic_14,electronic,style_swap,nan,0.874988,0.389854,0.608194,0.55728,0.6668670025375515,0.6801539999999999
electronic_14::style_swap::swap_same,electronic_14,electronic,style_swap,nan,0.883613,0.53598,0.395106,0.70407,0.6264174593291887,0.6609296666666666
electronic_15::control::ctrl,electronic_15,electronic,control,0.0,1.0,1.0,1.0,0.753795,0.9100901573114748,0.9179316666666666
electronic_15::pitch_shift::-4st,electronic_15,electronic,pitch_shift,-4.0,0.840943,0.453885,0.960622,0.637507,0.80155750000431,0.813024
electronic_15::pitch_shift::-2st,electronic_15,electronic,pitch_shift,-2.0,0.896542,0.614272,0.974602,0.68489,0.8426998585461996,0.8520113333333332
electronic_15::pitch_shift::-1st,electronic_15,electronic,pitch_shift,-1.0,0.782124,0.679699,0.964412,0.605925,0.7702866361571283,0.7841536666666666
electronic_15::pitch_shift::+1st,electronic_15,electronic,pitch_shift,1.0,0.7797,0.737446,0.964919,0.671486,0.7964376548514432,0.8053683333333332
electronic_15::pitch_shift::+2st,electronic_15,electronic,pitch_shift,2.0,0.884341,0.628087,0.963924,0.685794,0.836152344231762,0.8446863333333333
electronic_15::pitch_shift::+4st,electronic_15,electronic,pitch_shift,4.0,0.871583,0.518374,0.963308,0.656424,0.8198847144318383,0.8304383333333333
electronic_15::time_stretch::-20pct,electronic_15,electronic,time_stretch,-20.0,0.997531,0.753489,0.939694,0.734104,0.8828565601978254,0.8904429999999999
electronic_15::time_stretch::-10pct,electronic_15,electronic,time_stretch,-10.0,0.998574,0.791701,0.932166,0.749264,0.8868213218363952,0.8933346666666666
electronic_15::time_stretch::-5pct,electronic_15,electronic,time_stretch,-5.0,0.998306,0.796824,0.936356,0.753843,0.8898740216810921,0.8961683333333332
electronic_15::time_stretch::+5pct,electronic_15,electronic,time_stretch,5.0,0.999215,0.764778,0.929735,0.737747,0.8816749986141168,0.888899
electronic_15::time_stretch::+10pct,electronic_15,electronic,time_stretch,10.0,0.999031,0.797972,0.932326,0.751696,0.8879659920425448,0.8943509999999999
electronic_15::time_stretch::+20pct,electronic_15,electronic,time_stretch,20.0,0.998811,0.790278,0.956694,0.736481,0.8894863845950906,0.8973286666666667
electronic_15::lowpass::lp8000,electronic_15,electronic,lowpass,8000.0,1.0,0.486819,0.998033,0.763447,0.9133584789117251,0.9204933333333333
electronic_15::lowpass::lp4000,electronic_15,electronic,lowpass,4000.0,0.999999,0.431043,0.973595,0.734082,0.8940754265459634,0.9025586666666666
electronic_15::lowpass::lp2000,electronic_15,electronic,lowpass,2000.0,0.999959,0.396597,0.971245,0.727694,0.890744729302448,0.8996326666666666
electronic_15::distortion::drv4,electronic_15,electronic,distortion,4.0,0.999999,0.955684,0.972045,0.748341,0.8993494887464777,0.906795
electronic_15::distortion::drv12,electronic_15,electronic,distortion,12.0,0.999742,0.778311,0.975551,0.713352,0.886095640204526,0.896215
electronic_15::distortion::drv32,electronic_15,electronic,distortion,32.0,0.996745,0.59547,0.967717,0.593494,0.8303278209908896,0.852652
electronic_15::style_swap::swap_cross,electronic_15,electronic,style_swap,nan,0.942812,0.412285,0.947201,0.572006,0.7993849077105905,0.820673
electronic_15::style_swap::swap_same,electronic_15,electronic,style_swap,nan,0.87501,0.397523,0.917864,0.586349,0.7780052253937304,0.7930743333333333
folk_01::control::ctrl,folk_01,folk,control,0.0,1.0,1.0,1.0,0.786495,0.923064372158408,0.9288316666666666
folk_01::pitch_shift::-4st,folk_01,folk,pitch_shift,-4.0,0.878283,0.512452,0.986858,0.598706,0.8035894955980392,0.8212823333333333
folk_01::pitch_shift::-2st,folk_01,folk,pitch_shift,-2.0,0.910474,0.645751,0.994751,0.748513,0.8784703208188188,0.8845793333333334
folk_01::pitch_shift::-1st,folk_01,folk,pitch_shift,-1.0,0.852995,0.779787,0.996618,0.664654,0.8267171461087119,0.838089
folk_01::pitch_shift::+1st,folk_01,folk,pitch_shift,1.0,0.811005,0.785732,0.994595,0.702744,0.8276034959815356,0.8361146666666667
folk_01::pitch_shift::+2st,folk_01,folk,pitch_shift,2.0,0.914739,0.648749,0.988924,0.736113,0.8732425047955656,0.8799253333333333
folk_01::pitch_shift::+4st,folk_01,folk,pitch_shift,4.0,0.85088,0.526821,0.974069,0.629265,0.8049406711251541,0.8180713333333333
folk_01::time_stretch::-20pct,folk_01,folk,time_stretch,-20.0,0.995576,0.864157,0.496007,0.773621,0.7255992494504887,0.755068
folk_01::time_stretch::-10pct,folk_01,folk,time_stretch,-10.0,0.998741,0.893672,0.598147,0.785757,0.777170586316364,0.794215
folk_01::time_stretch::-5pct,folk_01,folk,time_stretch,-5.0,0.999482,0.923512,0.646632,0.787687,0.7984761513813676,0.811267
folk_01::time_stretch::+5pct,folk_01,folk,time_stretch,5.0,0.998548,0.940892,0.664799,0.795272,0.8082114495021462,0.8195396666666667
folk_01::time_stretch::+10pct,folk_01,folk,time_stretch,10.0,0.994638,0.90524,0.590092,0.798462,0.7767471626112941,0.7943973333333333
folk_01::time_stretch::+20pct,folk_01,folk,time_stretch,20.0,0.99474,0.804261,0.521485,0.803135,0.7468728144805863,0.77312
folk_01::lowpass::lp8000,folk_01,folk,lowpass,8000.0,0.999954,0.501764,0.999435,0.779887,0.9202844541454642,0.9264253333333332
folk_01::lowpass::lp4000,folk_01,folk,lowpass,4000.0,0.999555,0.43656,0.997014,0.709616,0.8909304121049432,0.9020616666666665
folk_01::lowpass::lp2000,folk_01,folk,lowpass,2000.0,0.998372,0.442274,0.991835,0.668707,0.8716107216237802,0.8863046666666666
folk_01::distortion::drv4,folk_01,folk,distortion,4.0,0.999769,0.677715,0.997098,0.764658,0.9134853414576565,0.9205083333333333
folk_01::distortion::drv12,folk_01,folk,distortion,12.0,0.993428,0.489176,0.988871,0.713702,0.8883777040595924,0.8986669999999999
folk_01::distortion::drv32,folk_01,folk,distortion,32.0,0.996681,0.423966,0.967467,0.603022,0.8346578816600081,0.8557233333333333
folk_01::style_swap::swap_cross,folk_01,folk,style_swap,nan,0.906383,0.349768,0.465617,0.518517,0.6026074915152315,0.6301723333333333
folk_01::style_swap::swap_same,folk_01,folk,style_swap,nan,0.649426,0.38526,0.531447,0.567229,0.5806521244164015,0.5827006666666666
folk_02::control::ctrl,folk_02,folk,control,0.0,1.0,1.0,1.0,0.825891,0.9382262461479165,0.9419636666666666
folk_02::pitch_shift::-4st,folk_02,folk,pitch_shift,-4.0,0.79579,0.561908,0.968751,0.666978,0.8011380950980898,0.8105063333333333
folk_02::pitch_shift::-2st,folk_02,folk,pitch_shift,-2.0,0.726504,0.685723,0.989176,0.695695,0.7936764379830241,0.8037916666666667
folk_02::pitch_shift::-1st,folk_02,folk,pitch_shift,-1.0,0.83772,0.796936,0.990462,0.722679,0.8432584705033451,0.8502869999999999
folk_02::pitch_shift::+1st,folk_02,folk,pitch_shift,1.0,0.80573,0.790353,0.973029,0.706178,0.8211260570582524,0.8283123333333333
folk_02::pitch_shift::+2st,folk_02,folk,pitch_shift,2.0,0.717197,0.67362,0.988302,0.768063,0.8165353556638337,0.8245206666666667
folk_02::pitch_shift::+4st,folk_02,folk,pitch_shift,4.0,0.784144,0.586191,0.969324,0.670735,0.7988622874434942,0.8080676666666666
folk_02::time_stretch::-20pct,folk_02,folk,time_stretch,-20.0,0.997082,0.836732,0.839746,0.805416,0.8769328873621401,0.8807479999999999
folk_02::time_stretch::-10pct,folk_02,folk,time_stretch,-10.0,0.993775,0.852342,0.85426,0.790282,0.8754272806631909,0.879439
folk_02::time_stretch::-5pct,folk_02,folk,time_stretch,-5.0,0.997667,0.883533,0.871756,0.75505,0.8691980728732361,0.8748243333333332
folk_02::time_stretch::+5pct,folk_02,folk,time_stretch,5.0,0.994668,0.859647,0.88108,0.778004,0.8801535393632829,0.8845839999999999
folk_02::time_stretch::+10pct,folk_02,folk,time_stretch,10.0,0.994877,0.880931,0.854579,0.759298,0.8642604134803311,0.8695846666666667
folk_02::time_stretch::+20pct,folk_02,folk,time_stretch,20.0,0.996011,0.844646,0.822836,0.797484,0.8678269494352876,0.8721103333333333
folk_02::lowpass::lp8000,folk_02,folk,lowpass,8000.0,0.999994,0.667875,0.999496,0.819124,0.9354976519906149,0.939538
folk_02::lowpass::lp4000,folk_02,folk,lowpass,4000.0,0.998544,0.47605,0.995762,0.744524,0.9046220146329138,0.9129433333333332
folk_02::lowpass::lp2000,folk_02,folk,lowpass,2000.0,0.999954,0.429862,0.989002,0.740867,0.9015140111816722,0.909941
folk_02::distortion::drv4,folk_02,folk,distortion,4.0,0.996031,0.690976,0.930826,0.760347,0.8899885088231296,0.8957346666666666
folk_02::distortion::drv12,folk_02,folk,distortion,12.0,0.9878,0.481315,0.91269,0.692111,0.8545208986988856,0.8642003333333333
folk_02::distortion::drv32,folk_02,folk,distortion,32.0,0.984613,0.456286,0.893513,0.618478,0.8163885386549565,0.8322013333333333
folk_02::style_swap::swap_cross,folk_02,folk,style_swap,nan,0.89088,0.407892,0.80177,0.532591,0.7245821174740469,0.7417469999999999
folk_02::style_swap::swap_same,folk_02,folk,style_swap,nan,0.821751,0.435787,0.841288,0.648171,0.7652291592679071,0.7704033333333333
folk_03::control::ctrl,folk_03,folk,control,0.0,1.0,1.0,1.0,0.858099,0.9502673301217072,0.9526996666666666
folk_03::pitch_shift::-4st,folk_03,folk,pitch_shift,-4.0,0.81891,0.673368,0.991218,0.722022,0.8368583010701236,0.84405
folk_03::pitch_shift::-2st,folk_03,folk,pitch_shift,-2.0,0.806482,0.801302,0.995688,0.790532,0.8594338772617145,0.864234
folk_03::pitch_shift::-1st,folk_03,folk,pitch_shift,-1.0,0.889411,0.876651,0.997764,0.783655,0.8859687666742532,0.8902766666666666
folk_03::pitch_shift::+1st,folk_03,folk,pitch_shift,1.0,0.926669,0.871384,0.973889,0.806289,0.8994456865225601,0.9022823333333332
folk_03::pitch_shift::+2st,folk_03,folk,pitch_shift,2.0,0.826011,0.780384,0.994554,0.754181,0.8525043337979883,0.8582486666666667
folk_03::pitch_shift::+4st,folk_03,folk,pitch_shift,4.0,0.81797,0.642399,0.96413,0.770595,0.8470318086003923,0.8508983333333333
folk_03::time_stretch::-20pct,folk_03,folk,time_stretch,-20.0,0.991558,0.887336,0.736883,0.775802,0.8276038805534035,0.8347476666666667
folk_03::time_stretch::-10pct,folk_03,folk,time_stretch,-10.0,0.993192,0.935953,0.818374,0.793901,0.8641393760471163,0.868489
folk_03::time_stretch::-5pct,folk_03,folk,time_stretch,-5.0,0.992738,0.948462,0.865759,0.81264,0.88724443802916,0.8903789999999999
folk_03::time_stretch::+5pct,folk_03,folk,time_stretch,5.0,0.989697,0.925641,0.826593,0.791838,0.8652536476665185,0.8693759999999999
folk_03::time_stretch::+10pct,folk_03,folk,time_stretch,10.0,0.990863,0.909039,0.818869,0.797254,0.8648515795432261,0.8689953333333333
folk_03::time_stretch::+20pct,folk_03,folk,time_stretch,20.0,0.987468,0.900167,0.77387,0.777974,0.840850348029076,0.8464373333333333
folk_03::lowpass::lp8000,folk_03,folk,lowpass,8000.0,0.994476,0.675563,0.998619,0.858956,0.9483930215538853,0.9506836666666667
folk_03::lowpass::lp4000,folk_03,folk,lowpass,4000.0,0.995525,0.591141,0.993953,0.800612,0.9252946226265125,0.9300299999999999
folk_03::lowpass::lp2000,folk_03,folk,lowpass,2000.0,0.995449,0.498634,0.986788,0.731221,0.8955651323386227,0.9044859999999999
folk_03::distortion::drv4,folk_03,folk,distortion,4.0,0.994939,0.813659,0.998427,0.825799,0.9361146490301077,0.9397216666666666
folk_03::distortion::drv12,folk_03,folk,distortion,12.0,0.994688,0.642654,0.971034,0.67951,0.869038577986056,0.881744
folk_03::distortion::drv32,folk_03,folk,distortion,32.0,0.99313,0.559313,0.964637,0.603512,0.833077315569653,0.8537596666666666
folk_03::style_swap::swap_cross,folk_03,folk,style_swap,nan,0.802467,0.464467,0.79124,0.574633,0.7145654159109595,0.72278
folk_03::style_swap::swap_same,folk_03,folk,style_swap,nan,0.838325,0.510036,0.864919,0.547835,0.7350990757266183,0.7503596666666666
folk_04::control::ctrl,folk_04,folk,control,0.0,1.0,1.0,1.0,0.766463,0.9151600743163839,0.9221543333333333
folk_04::pitch_shift::-4st,folk_04,folk,pitch_shift,-4.0,0.847736,0.601474,0.990731,0.639485,0.8128596767498734,0.8259839999999999
folk_04::pitch_shift::-2st,folk_04,folk,pitch_shift,-2.0,0.854301,0.752888,0.99428,0.754418,0.8621388583792158,0.8676663333333333
folk_04::pitch_shift::-1st,folk_04,folk,pitch_shift,-1.0,0.840002,0.862555,0.995805,0.723987,0.846048247536275,0.8532646666666667
folk_04::pitch_shift::+1st,folk_04,folk,pitch_shift,1.0,0.849374,0.852991,0.994468,0.706977,0.8421026233719352,0.850273
folk_04::pitch_shift::+2st,folk_04,folk,pitch_shift,2.0,0.850427,0.74091,0.991388,0.75771,0.8612473638351235,0.8665083333333333
folk_04::pitch_shift::+4st,folk_04,folk,pitch_shift,4.0,0.84471,0.631192,0.985375,0.714459,0.8409344846111386,0.8481813333333332
folk_04::time_stretch::-20pct,folk_04,folk,time_stretch,-20.0,0.996647,0.864388,0.762383,0.749831,0.8290091415896208,0.836287
folk_04::time_stretch::-10pct,folk_04,folk,time_stretch,-10.0,0.999284,0.910771,0.801553,0.788857,0.8581037906109358,0.8632313333333332
folk_04::time_stretch::-5pct,folk_04,folk,time_stretch,-5.0,0.998406,0.932391,0.848898,0.770262,0.8674951495935613,0.872522
folk_04::time_stretch::+5pct,folk_04,folk,time_stretch,5.0,0.998557,0.943118,0.845804,0.74397,0.8565104634332256,0.8627769999999999
folk_04::time_stretch::+10pct,folk_04,folk,time_stretch,10.0,0.99702,0.922936,0.820057,0.759332,0.8530867650086034,0.858803
folk_04::time_stretch::+20pct,folk_04,folk,time_stretch,20.0,0.995873,0.893722,0.778709,0.73123,0.8277090765322426,0.8352706666666666
folk_04::lowpass::lp8000,folk_04,folk,lowpass,8000.0,0.999999,0.560813,0.997609,0.76956,0.9156597764919967,0.9223893333333333
folk_04::lowpass::lp4000,folk_04,folk,lowpass,4000.0,0.999999,0.507935,0.990416,0.77269,0.9146904997025358,0.9210349999999999
folk_04::lowpass::lp2000,folk_04,folk,lowpass,2000.0,0.999972,0.424061,0.975807,0.755773,0.9034713402272717,0.9105173333333332
folk_04::distortion::drv4,folk_04,folk,distortion,4.0,0.999622,0.842631,0.995711,0.725169,0.897021351043257,0.9068339999999999
folk_04::distortion::drv12,folk_04,folk,distortion,12.0,0.996128,0.669891,0.984405,0.696795,0.880774355808112,0.8924426666666666
folk_04::distortion::drv32,folk_04,folk,distortion,32.0,0.991641,0.570901,0.973388,0.617984,0.8417941394564565,0.8610043333333333
folk_04::style_swap::swap_cross,folk_04,folk,style_swap,nan,0.750422,0.397437,0.869202,0.503905,0.6901205833829627,0.707843
folk_04::style_swap::swap_same,folk_04,folk,style_swap,nan,0.700553,0.469813,0.894759,0.550336,0.7013341694748326,0.715216
folk_05::control::ctrl,folk_05,folk,control,0.0,1.0,1.0,1.0,0.787149,0.9233201554534978,0.9290496666666666
folk_05::pitch_shift::-4st,folk_05,folk,pitch_shift,-4.0,0.669109,0.618011,0.9752,0.70618,0.7723876585911583,0.7834963333333332
folk_05::pitch_shift::-2st,folk_05,folk,pitch_shift,-2.0,0.608549,0.749106,0.979225,0.754123,0.765961152784979,0.7806323333333333
folk_05::pitch_shift::-1st,folk_05,folk,pitch_shift,-1.0,0.578449,0.773226,0.981014,0.736043,0.7475056659398432,0.7651686666666666
folk_05::pitch_shift::+1st,folk_05,folk,pitch_shift,1.0,0.582867,0.74813,0.992849,0.759303,0.7602491245833002,0.7783396666666667
folk_05::pitch_shift::+2st,folk_05,folk,pitch_shift,2.0,0.612532,0.732405,0.978642,0.771108,0.7731954334718478,0.7874273333333333
folk_05::pitch_shift::+4st,folk_05,folk,pitch_shift,4.0,0.70687,0.590455,0.989918,0.741153,0.8034315476773974,0.8126469999999999
folk_05::time_stretch::-20pct,folk_05,folk,time_stretch,-20.0,0.99033,0.786007,0.923406,0.797262,0.9000318894371452,0.903666
folk_05::time_stretch::-10pct,folk_05,folk,time_stretch,-10.0,0.998108,0.806291,0.950248,0.769595,0.9003794607291656,0.9059836666666666
folk_05::time_stretch::-5pct,folk_05,folk,time_stretch,-5.0,0.999441,0.764857,0.944617,0.750275,0.8914106081608292,0.8981109999999999
folk_05::time_stretch::+5pct,folk_05,folk,time_stretch,5.0,0.99839,0.768592,0.898975,0.774395,0.8858022770435561,0.8905866666666666
folk_05::time_stretch::+10pct,folk_05,folk,time_stretch,10.0,0.997342,0.787184,0.904006,0.787149,0.8919848055279489,0.8961656666666666
folk_05::time_stretch::+20pct,folk_05,folk,time_stretch,20.0,0.991051,0.749819,0.925591,0.77809,0.893679207460458,0.8982439999999999
folk_05::lowpass::lp8000,folk_05,folk,lowpass,8000.0,0.999984,0.931768,0.999961,0.783569,0.9219013545638536,0.9278379999999999
folk_05::lowpass::lp4000,folk_05,folk,lowpass,4000.0,0.999898,0.564107,0.999644,0.777438,0.9193670668761451,0.9256599999999999
folk_05::lowpass::lp2000,folk_05,folk,lowpass,2000.0,0.999961,0.452369,0.998639,0.754854,0.9100910605920761,0.917818
folk_05::distortion::drv4,folk_05,folk,distortion,4.0,0.999944,0.85361,0.998292,0.785692,0.9222072531038576,0.9279759999999999
folk_05::distortion::drv12,folk_05,folk,distortion,12.0,0.997911,0.643827,0.977717,0.742049,0.8979369715625474,0.9058923333333333
folk_05::distortion::drv32,folk_05,folk,distortion,32.0,0.990057,0.508045,0.91628,0.698374,0.8588661558885161,0.8682369999999999
folk_05::style_swap::swap_cross,folk_05,folk,style_swap,nan,0.914382,0.465521,0.921075,0.654134,0.8197783828796686,0.8298636666666667
folk_05::style_swap::swap_same,folk_05,folk,style_swap,nan,0.622665,0.467365,0.874674,0.606503,0.6912649577152125,0.7012806666666667
folk_06::control::ctrl,folk_06,folk,control,0.0,1.0,1.0,1.0,0.811906,0.9329003377027996,0.937302
folk_06::pitch_shift::-4st,folk_06,folk,pitch_shift,-4.0,0.500311,0.404109,0.97596,0.63986,0.6785559721414658,0.7053769999999999
folk_06::pitch_shift::-2st,folk_06,folk,pitch_shift,-2.0,0.479379,0.536206,0.995752,0.715462,0.6989920799210129,0.7301976666666666
folk_06::pitch_shift::-1st,folk_06,folk,pitch_shift,-1.0,0.594461,0.696802,0.997566,0.687824,0.7416188796758199,0.7599503333333333
folk_06::pitch_shift::+1st,folk_06,folk,pitch_shift,1.0,0.496503,0.767478,0.960527,0.696954,0.6927000033023631,0.7179946666666666
folk_06::pitch_shift::+2st,folk_06,folk,pitch_shift,2.0,0.504675,0.653127,0.958851,0.709081,0.7000884647458582,0.7242023333333333
folk_06::pitch_shift::+4st,folk_06,folk,pitch_shift,4.0,0.510852,0.52371,0.991714,0.644626,0.6886466726595999,0.7157306666666666
folk_06::time_stretch::-20pct,folk_06,folk,time_stretch,-20.0,0.992793,0.826043,0.857109,0.761394,0.8653027234879785,0.8704319999999999
folk_06::time_stretch::-10pct,folk_06,folk,time_stretch,-10.0,0.998459,0.902841,0.935378,0.754456,0.889850607542027,0.8960976666666667
folk_06::time_stretch::-5pct,folk_06,folk,time_stretch,-5.0,0.998643,0.922306,0.906693,0.785422,0.8926020137412618,0.8969193333333332
folk_06::time_stretch::+5pct,folk_06,folk,time_stretch,5.0,0.998311,0.923108,0.919805,0.77625,0.8932802771045639,0.8981219999999999
folk_06::time_stretch::+10pct,folk_06,folk,time_stretch,10.0,0.996359,0.892869,0.919506,0.75692,0.8851294661563286,0.8909283333333333
folk_06::time_stretch::+20pct,folk_06,folk,time_stretch,20.0,0.985199,0.879807,0.851655,0.770557,0.8646973824217241,0.869137
folk_06::lowpass::lp8000,folk_06,folk,lowpass,8000.0,1.0,0.427535,0.998836,0.814885,0.9336773787493833,0.9379069999999999
folk_06::lowpass::lp4000,folk_06,folk,lowpass,4000.0,0.999977,0.443911,0.997363,0.729126,0.8992531124725197,0.9088219999999999
folk_06::lowpass::lp2000,folk_06,folk,lowpass,2000.0,0.984626,0.370865,0.996223,0.680653,0.8740129662584671,0.8871673333333332
folk_06::distortion::drv4,folk_06,folk,distortion,4.0,0.999937,0.590138,0.959201,0.781464,0.9083720144720295,0.913534
folk_06::distortion::drv12,folk_06,folk,distortion,12.0,0.998352,0.447169,0.954707,0.750311,0.8942625373205243,0.9011233333333333
folk_06::distortion::drv32,folk_06,folk,distortion,32.0,0.993986,0.401387,0.941683,0.678946,0.8597524272740958,0.8715383333333333
folk_06::style_swap::swap_cross,folk_06,folk,style_swap,nan,0.744829,0.361779,0.864779,0.59455,0.7261896117188987,0.7347193333333333
folk_06::style_swap::swap_same,folk_06,folk,style_swap,nan,0.912357,0.367504,0.921461,0.688159,0.8332529383450062,0.8406589999999999
folk_07::control::ctrl,folk_07,folk,control,0.0,1.0,1.0,1.0,0.861685,0.9515892144115624,0.9538949999999999
folk_07::pitch_shift::-4st,folk_07,folk,pitch_shift,-4.0,0.796968,0.485182,0.989702,0.753795,0.8408777507446181,0.8468216666666666
folk_07::pitch_shift::-2st,folk_07,folk,pitch_shift,-2.0,0.757619,0.632054,0.994944,0.71014,0.811953497586409,0.820901
folk_07::pitch_shift::-1st,folk_07,folk,pitch_shift,-1.0,0.842584,0.759281,0.997153,0.836789,0.8891949555021947,0.8921753333333332
folk_07::pitch_shift::+1st,folk_07,folk,pitch_shift,1.0,0.848528,0.825588,0.996127,0.749657,0.8589103381571787,0.8647706666666666
folk_07::pitch_shift::+2st,folk_07,folk,pitch_shift,2.0,0.750725,0.728953,0.993741,0.692806,0.8025188504931762,0.8124239999999999
folk_07::pitch_shift::+4st,folk_07,folk,pitch_shift,4.0,0.772923,0.604835,0.988649,0.711262,0.8160861166215028,0.824278
folk_07::time_stretch::-20pct,folk_07,folk,time_stretch,-20.0,0.995357,0.876624,0.839984,0.897139,0.9085940219989059,0.9108266666666666
folk_07::time_stretch::-10pct,folk_07,folk,time_stretch,-10.0,0.997135,0.895737,0.858419,0.874474,0.9079600244325244,0.9100093333333333
folk_07::time_stretch::-5pct,folk_07,folk,time_stretch,-5.0,0.996855,0.924252,0.900683,0.897151,0.9304431314483544,0.9315629999999999
folk_07::time_stretch::+5pct,folk_07,folk,time_stretch,5.0,0.996207,0.941659,0.882771,0.857275,0.9101352501678438,0.9120843333333333
folk_07::time_stretch::+10pct,folk_07,folk,time_stretch,10.0,0.996562,0.904148,0.858755,0.834596,0.8938883974216383,0.8966376666666667
folk_07::time_stretch::+20pct,folk_07,folk,time_stretch,20.0,0.992535,0.864864,0.831519,0.821165,0.8783807563644669,0.8817396666666666
folk_07::lowpass::lp8000,folk_07,folk,lowpass,8000.0,0.999943,0.448054,0.998557,0.859462,0.9502946003015433,0.9526539999999999
folk_07::lowpass::lp4000,folk_07,folk,lowpass,4000.0,0.999932,0.422538,0.995446,0.778058,0.9183326988803366,0.9244786666666667
folk_07::lowpass::lp2000,folk_07,folk,lowpass,2000.0,0.99972,0.408585,0.990009,0.754783,0.9073605177071913,0.9148373333333333
folk_07::distortion::drv4,folk_07,folk,distortion,4.0,0.999439,0.821782,0.999053,0.855143,0.9486977165053729,0.9512116666666666
folk_07::distortion::drv12,folk_07,folk,distortion,12.0,0.99528,0.668085,0.994791,0.817094,0.9317864314207183,0.9357216666666666
folk_07::distortion::drv32,folk_07,folk,distortion,32.0,0.989306,0.542109,0.986895,0.762462,0.9063026820455845,0.9128876666666665
folk_07::style_swap::swap_cross,folk_07,folk,style_swap,nan,0.848329,0.457508,0.83698,0.660669,0.7770001591525535,0.7819926666666666
folk_07::style_swap::swap_same,folk_07,folk,style_swap,nan,0.754787,0.43625,0.89111,0.686142,0.7727812525053694,0.7773463333333333
folk_08::control::ctrl,folk_08,folk,control,0.0,1.0,1.0,1.0,0.883102,0.9594086346330208,0.9610339999999999
folk_08::pitch_shift::-4st,folk_08,folk,pitch_shift,-4.0,0.811519,0.608798,0.984192,0.809964,0.8648645174497481,0.8685583333333333
folk_08::pitch_shift::-2st,folk_08,folk,pitch_shift,-2.0,0.779549,0.769229,0.989685,0.807805,0.8541791792851342,0.859013
folk_08::pitch_shift::-1st,folk_08,folk,pitch_shift,-1.0,0.738431,0.866369,0.992819,0.821308,0.8444268185426471,0.8508526666666666
folk_08::pitch_shift::+1st,folk_08,folk,pitch_shift,1.0,0.759673,0.871636,0.991858,0.813464,0.8494506960337785,0.8549983333333333
folk_08::pitch_shift::+2st,folk_08,folk,pitch_shift,2.0,0.788093,0.787837,0.98797,0.827639,0.8637486697808288,0.8679006666666667
folk_08::pitch_shift::+4st,folk_08,folk,pitch_shift,4.0,0.797853,0.662573,0.979784,0.824332,0.8637441683540503,0.867323
folk_08::time_stretch::-20pct,folk_08,folk,time_stretch,-20.0,0.996396,0.880568,0.65257,0.86801,0.8264081714778831,0.838992
folk_08::time_stretch::-10pct,folk_08,folk,time_stretch,-10.0,0.998267,0.892486,0.714182,0.908603,0.8652532922753945,0.8736839999999999
folk_08::time_stretch::-5pct,folk_08,folk,time_stretch,-5.0,0.99923,0.919156,0.7771,0.893366,0.8852323255556951,0.8898986666666666
folk_08::time_stretch::+5pct,folk_08,folk,time_stretch,5.0,0.9985,0.916741,0.774555,0.890735,0.8831807940775825,0.88793
folk_08::time_stretch::+10pct,folk_08,folk,time_stretch,10.0,0.996703,0.893832,0.724311,0.846587,0.8486347548953472,0.8558669999999999
folk_08::time_stretch::+20pct,folk_08,folk,time_stretch,20.0,0.995654,0.866634,0.676709,0.839264,0.8269317430283197,0.837209
folk_08::lowpass::lp8000,folk_08,folk,lowpass,8000.0,0.999987,0.483058,0.993999,0.880453,0.9565231669101618,0.9581463333333333
folk_08::lowpass::lp4000,folk_08,folk,lowpass,4000.0,0.999998,0.464628,0.983184,0.874617,0.9509345266385414,0.9525996666666666
folk_08::lowpass::lp2000,folk_08,folk,lowpass,2000.0,0.999908,0.432986,0.93178,0.843302,0.9227531135333801,0.9249966666666667
folk_08::distortion::drv4,folk_08,folk,distortion,4.0,0.999216,0.766025,0.989841,0.867352,0.9501818581577051,0.9521363333333333
folk_08::distortion::drv12,folk_08,folk,distortion,12.0,0.994358,0.597912,0.972681,0.799295,0.9177831929301694,0.9221113333333333
folk_08::distortion::drv32,folk_08,folk,distortion,32.0,0.992595,0.522198,0.94581,0.685977,0.8635652933686679,0.874794
folk_08::style_swap::swap_cross,folk_08,folk,style_swap,nan,0.824456,0.540516,0.746492,0.627676,0.7282984538787219,0.7328746666666667
folk_08::style_swap::swap_same,folk_08,folk,style_swap,nan,0.869323,0.538745,0.808248,0.740542,0.8043131473904698,0.8060376666666667
folk_09::control::ctrl,folk_09,folk,control,0.0,1.0,1.0,1.0,0.822602,0.9369791358526878,0.9408673333333333
folk_09::pitch_shift::-4st,folk_09,folk,pitch_shift,-4.0,0.860672,0.554144,0.985194,0.70903,0.843997864830679,0.851632
folk_09::pitch_shift::-2st,folk_09,folk,pitch_shift,-2.0,0.940819,0.72573,0.993781,0.770586,0.896477294392703,0.9017286666666666
folk_09::pitch_shift::-1st,folk_09,folk,pitch_shift,-1.0,0.953136,0.837137,0.9959,0.789616,0.9083687431885877,0.9128839999999999
folk_09::pitch_shift::+1st,folk_09,folk,pitch_shift,1.0,0.952469,0.870368,0.994372,0.775497,0.9022494364623364,0.907446
folk_09::pitch_shift::+2st,folk_09,folk,pitch_shift,2.0,0.937555,0.778269,0.990568,0.682227,0.8588882284237577,0.8701166666666666
folk_09::pitch_shift::+4st,folk_09,folk,pitch_shift,4.0,0.862675,0.654368,0.981869,0.68087,0.8323800319999687,0.8418046666666665
folk_09::time_stretch::-20pct,folk_09,folk,time_stretch,-20.0,0.990104,0.888592,0.658617,0.82545,0.813457450249924,0.8247236666666666
folk_09::time_stretch::-10pct,folk_09,folk,time_stretch,-10.0,0.997053,0.899616,0.711724,0.798697,0.8275685341527576,0.8358246666666665
folk_09::time_stretch::-5pct,folk_09,folk,time_stretch,-5.0,0.994906,0.918413,0.777414,0.83626,0.8648190424943791,0.8695266666666666
folk_09::time_stretch::+5pct,folk_09,folk,time_stretch,5.0,0.994964,0.930842,0.783213,0.762957,0.8408704787448772,0.8470446666666667
folk_09::time_stretch::+10pct,folk_09,folk,time_stretch,10.0,0.996206,0.905211,0.728431,0.767663,0.822815998381286,0.8307666666666667
folk_09::time_stretch::+20pct,folk_09,folk,time_stretch,20.0,0.992138,0.898712,0.712104,0.832473,0.8378415397209983,0.8455716666666666
folk_09::lowpass::lp8000,folk_09,folk,lowpass,8000.0,0.999992,0.470127,0.996938,0.833056,0.9399677589992582,0.9433286666666667
folk_09::lowpass::lp4000,folk_09,folk,lowpass,4000.0,0.999984,0.451317,0.989423,0.673775,0.8735678626245623,0.8877273333333333
folk_09::lowpass::lp2000,folk_09,folk,lowpass,2000.0,0.99999,0.432733,0.979228,0.611396,0.8428184312082092,0.863538
folk_09::distortion::drv4,folk_09,folk,distortion,4.0,0.99881,0.75662,0.990994,0.665164,0.8699498436367474,0.8849893333333333
folk_09::distortion::drv12,folk_09,folk,distortion,12.0,0.995673,0.575161,0.971065,0.481332,0.7749432902644858,0.8160233333333333
folk_09::distortion::drv32,folk_09,folk,distortion,32.0,0.99428,0.493401,0.944556,0.454058,0.7526896002689032,0.7976313333333332
folk_09::style_swap::swap_cross,folk_09,folk,style_swap,nan,0.930703,0.480277,0.718031,0.602996,0.7386231466392736,0.7505766666666666
folk_09::style_swap::swap_same,folk_09,folk,style_swap,nan,0.861831,0.432369,0.746361,0.588081,0.7232182874042344,0.732091
folk_10::control::ctrl,folk_10,folk,control,0.0,1.0,1.0,1.0,0.830359,0.9399151122981408,0.9434529999999999
folk_10::pitch_shift::-4st,folk_10,folk,pitch_shift,-4.0,0.936492,0.588548,0.967853,0.765232,0.8851880283222853,0.889859
folk_10::pitch_shift::-2st,folk_10,folk,pitch_shift,-2.0,0.932444,0.752688,0.971258,0.806622,0.9006218452178926,0.9034413333333333
folk_10::pitch_shift::-1st,folk_10,folk,pitch_shift,-1.0,0.950759,0.868747,0.996632,0.775709,0.902474004376164,0.9077
folk_10::pitch_shift::+1st,folk_10,folk,pitch_shift,1.0,0.952071,0.869891,0.994559,0.767365,0.8990157324820759,0.9046649999999999
folk_10::pitch_shift::+2st,folk_10,folk,pitch_shift,2.0,0.927582,0.7768,0.990506,0.82937,0.9133822796406296,0.9158193333333333
folk_10::pitch_shift::+4st,folk_10,folk,pitch_shift,4.0,0.918894,0.640411,0.959584,0.766268,0.8774917346131319,0.8815819999999999
folk_10::time_stretch::-20pct,folk_10,folk,time_stretch,-20.0,0.99793,0.88409,0.687605,0.808719,0.8217611088786122,0.8314179999999999
folk_10::time_stretch::-10pct,folk_10,folk,time_stretch,-10.0,0.998633,0.918427,0.728112,0.829662,0.8449579575543381,0.8521356666666666
folk_10::time_stretch::-5pct,folk_10,folk,time_stretch,-5.0,0.99935,0.933182,0.807367,0.815932,0.8699230914851525,0.8742163333333333
folk_10::time_stretch::+5pct,folk_10,folk,time_stretch,5.0,0.999237,0.960268,0.797689,0.785601,0.8555289548536611,0.8608423333333333
folk_10::time_stretch::+10pct,folk_10,folk,time_stretch,10.0,0.998621,0.933421,0.763216,0.800361,0.8480953714627302,0.854066
folk_10::time_stretch::+20pct,folk_10,folk,time_stretch,20.0,0.995365,0.906378,0.721385,0.814005,0.8361012035485886,0.843585
folk_10::lowpass::lp8000,folk_10,folk,lowpass,8000.0,0.999222,0.505129,0.997304,0.831001,0.9390679782390873,0.9425089999999999
folk_10::lowpass::lp4000,folk_10,folk,lowpass,4000.0,1.0,0.490194,0.987515,0.793183,0.9218049435955414,0.9268993333333333
folk_10::lowpass::lp2000,folk_10,folk,lowpass,2000.0,0.999894,0.446114,0.966547,0.788668,0.9134617918149123,0.9183696666666666
folk_10::distortion::drv4,folk_10,folk,distortion,4.0,0.999536,0.766818,0.994307,0.771968,0.9154600818463827,0.921937
folk_10::distortion::drv12,folk_10,folk,distortion,12.0,0.998239,0.615445,0.960896,0.650745,0.8546217070822222,0.86996
folk_10::distortion::drv32,folk_10,folk,distortion,32.0,0.997095,0.535203,0.950798,0.48263,0.7705716684452253,0.8101743333333333
folk_10::style_swap::swap_cross,folk_10,folk,style_swap,nan,0.960052,0.507955,0.706732,0.534094,0.712944523486846,0.733626
folk_10::style_swap::swap_same,folk_10,folk,style_swap,nan,0.830953,0.55799,0.737053,0.501437,0.6746789881760594,0.6898143333333333
folk_11::control::ctrl,folk_11,folk,control,0.0,1.0,1.0,1.0,0.778882,0.9200763956724045,0.926294
folk_11::pitch_shift::-4st,folk_11,folk,pitch_shift,-4.0,0.822396,0.605726,0.995807,0.732984,0.8435617639412709,0.8503956666666665
folk_11::pitch_shift::-2st,folk_11,folk,pitch_shift,-2.0,0.786404,0.756097,0.997486,0.715837,0.8250030517565755,0.8332423333333332
folk_11::pitch_shift::-1st,folk_11,folk,pitch_shift,-1.0,0.756954,0.85017,0.998112,0.746446,0.8261946660071977,0.8338373333333333
folk_11::pitch_shift::+1st,folk_11,folk,pitch_shift,1.0,0.761826,0.848903,0.997555,0.708886,0.8136850684422589,0.8227556666666667
folk_11::pitch_shift::+2st,folk_11,folk,pitch_shift,2.0,0.773342,0.753426,0.996524,0.787704,0.8467219211522957,0.8525233333333333
folk_11::pitch_shift::+4st,folk_11,folk,pitch_shift,4.0,0.821725,0.650424,0.993773,0.760141,0.8530397790105909,0.8585463333333333
folk_11::time_stretch::-20pct,folk_11,folk,time_stretch,-20.0,0.979773,0.82528,0.943456,0.754771,0.8869261118635764,0.8926666666666665
folk_11::time_stretch::-10pct,folk_11,folk,time_stretch,-10.0,0.990834,0.898223,0.916638,0.756645,0.8824639541767407,0.8880389999999999
folk_11::time_stretch::-5pct,folk_11,folk,time_stretch,-5.0,0.99144,0.911049,0.92868,0.781402,0.896057094350156,0.9005073333333333
folk_11::time_stretch::+5pct,folk_11,folk,time_stretch,5.0,0.992846,0.891408,0.93421,0.780364,0.8978584538384148,0.9024733333333332
folk_11::time_stretch::+10pct,folk_11,folk,time_stretch,10.0,0.994118,0.886708,0.924703,0.746202,0.881926117886368,0.888341
folk_11::time_stretch::+20pct,folk_11,folk,time_stretch,20.0,0.98627,0.861463,0.953649,0.730635,0.8824598420539798,0.8901846666666666
folk_11::lowpass::lp8000,folk_11,folk,lowpass,8000.0,0.999987,0.531837,0.998616,0.77198,0.9169232275268547,0.9235276666666665
folk_11::lowpass::lp4000,folk_11,folk,lowpass,4000.0,0.999987,0.479082,0.9847,0.777339,0.9147510495570285,0.9206753333333333
folk_11::lowpass::lp2000,folk_11,folk,lowpass,2000.0,0.99996,0.422928,0.977393,0.768962,0.9091849615501449,0.9154383333333332
folk_11::distortion::drv4,folk_11,folk,distortion,4.0,0.99994,0.90784,0.999472,0.77245,0.9173568685330841,0.9239539999999999
folk_11::distortion::drv12,folk_11,folk,distortion,12.0,0.997168,0.707003,0.99705,0.724799,0.8965357639929298,0.906339
folk_11::distortion::drv32,folk_11,folk,distortion,32.0,0.990868,0.568637,0.993101,0.545189,0.812553756358672,0.8430526666666667
folk_11::style_swap::swap_cross,folk_11,folk,style_swap,nan,0.896859,0.524589,0.925202,0.602933,0.7938587988147754,0.8083313333333333
folk_11::style_swap::swap_same,folk_11,folk,style_swap,nan,0.761931,0.544451,0.916638,0.605872,0.7507548176353475,0.7614803333333333
folk_12::control::ctrl,folk_12,folk,control,0.0,1.0,1.0,1.0,0.778797,0.9200429249033122,0.9262656666666667
folk_12::pitch_shift::-4st,folk_12,folk,pitch_shift,-4.0,0.507855,0.636153,0.913266,0.694345,0.6854421044901521,0.7051553333333332
folk_12::pitch_shift::-2st,folk_12,folk,pitch_shift,-2.0,0.383013,0.782725,0.993539,0.711246,0.646853735348465,0.6959326666666666
folk_12::pitch_shift::-1st,folk_12,folk,pitch_shift,-1.0,0.543272,0.85956,0.996085,0.723957,0.7317153481345057,0.7544379999999999
folk_12::pitch_shift::+1st,folk_12,folk,pitch_shift,1.0,0.593946,0.794277,0.970434,0.711365,0.7429082019884462,0.7585816666666667
folk_12::pitch_shift::+2st,folk_12,folk,pitch_shift,2.0,0.42635,0.692017,0.836215,0.729033,0.6381809009133856,0.663866
folk_12::pitch_shift::+4st,folk_12,folk,pitch_shift,4.0,0.522021,0.605853,0.979241,0.699148,0.7096576589118769,0.73347
folk_12::time_stretch::-20pct,folk_12,folk,time_stretch,-20.0,0.980165,0.859966,0.715311,0.744842,0.8052908241807077,0.8134393333333333
folk_12::time_stretch::-10pct,folk_12,folk,time_stretch,-10.0,0.9954,0.907093,0.694797,0.760451,0.8071896824901473,0.8168826666666666
folk_12::time_stretch::-5pct,folk_12,folk,time_stretch,-5.0,0.998026,0.899755,0.709196,0.764992,0.8150576765033866,0.8240713333333333
folk_12::time_stretch::+5pct,folk_12,folk,time_stretch,5.0,0.997275,0.905409,0.813369,0.754061,0.8488605343928867,0.8549016666666667
folk_12::time_stretch::+10pct,folk_12,folk,time_stretch,10.0,0.996826,0.895358,0.704136,0.758751,0.810572242350073,0.8199043333333332
folk_12::time_stretch::+20pct,folk_12,folk,time_stretch,20.0,0.995028,0.870568,0.7187,0.752077,0.8132331708342511,0.8219349999999999
folk_12::lowpass::lp8000,folk_12,folk,lowpass,8000.0,1.0,0.796596,0.999485,0.754834,0.9103517782130461,0.9181063333333332
folk_12::lowpass::lp4000,folk_12,folk,lowpass,4000.0,0.999996,0.76186,0.998278,0.746776,0.9067342871118659,0.9150166666666666
folk_12::lowpass::lp2000,folk_12,folk,lowpass,2000.0,0.999943,0.728126,0.867799,0.743133,0.8639467575558455,0.8702916666666667
folk_12::distortion::drv4,folk_12,folk,distortion,4.0,0.999955,0.84024,0.998997,0.743306,0.9055326062686365,0.914086
folk_12::distortion::drv12,folk_12,folk,distortion,12.0,0.999053,0.681044,0.859129,0.694217,0.8414869474489907,0.8507996666666666
folk_12::distortion::drv32,folk_12,folk,distortion,32.0,0.996445,0.576462,0.885341,0.607686,0.8123584707827388,0.8298239999999999
folk_12::style_swap::swap_cross,folk_12,folk,style_swap,nan,0.577813,0.391724,0.738924,0.594472,0.6331493446531921,0.6370696666666666
folk_12::style_swap::swap_same,folk_12,folk,style_swap,nan,0.667599,0.518016,0.864849,0.669614,0.7284954272583914,0.7340206666666667
folk_13::control::ctrl,folk_13,folk,control,0.0,1.0,1.0,1.0,0.810444,0.9323400430494003,0.9368146666666666
folk_13::pitch_shift::-4st,folk_13,folk,pitch_shift,-4.0,0.736122,0.454096,0.972623,0.74882,0.812376320671124,0.8191883333333334
folk_13::pitch_shift::-2st,folk_13,folk,pitch_shift,-2.0,0.689308,0.589219,0.975904,0.760456,0.7997694964323546,0.808556
folk_13::pitch_shift::-1st,folk_13,folk,pitch_shift,-1.0,0.650297,0.703933,0.981583,0.771058,0.7895420690538468,0.8009793333333333
folk_13::pitch_shift::+1st,folk_13,folk,pitch_shift,1.0,0.694375,0.740847,0.983062,0.751373,0.800467167642489,0.8096033333333332
folk_13::pitch_shift::+2st,folk_13,folk,pitch_shift,2.0,0.682166,0.594476,0.989774,0.746731,0.7959090276726166,0.8062236666666667
folk_13::pitch_shift::+4st,folk_13,folk,pitch_shift,4.0,0.748467,0.512482,0.980554,0.747858,0.8187558929211839,0.8256263333333334
folk_13::time_stretch::-20pct,folk_13,folk,time_stretch,-20.0,0.994577,0.740254,0.963606,0.778102,0.9068277737728495,0.9120949999999999
folk_13::time_stretch::-10pct,folk_13,folk,time_stretch,-10.0,0.991782,0.748866,0.964306,0.775668,0.9052509488062785,0.9105853333333334
folk_13::time_stretch::-5pct,folk_13,folk,time_stretch,-5.0,0.997018,0.816445,0.96573,0.79776,0.9158204273501903,0.9201693333333333
folk_13::time_stretch::+5pct,folk_13,folk,time_stretch,5.0,0.995093,0.791274,0.971121,0.791266,0.9144357023588273,0.91916
folk_13::time_stretch::+10pct,folk_13,folk,time_stretch,10.0,0.996676,0.76393,0.972509,0.796908,0.9175264768745345,0.9220309999999999
folk_13::time_stretch::+20pct,folk_13,folk,time_stretch,20.0,0.99757,0.741038,0.959893,0.789257,0.9108808023724101,0.9155733333333332
folk_13::lowpass::lp8000,folk_13,folk,lowpass,8000.0,0.999938,0.423217,0.991998,0.811785,0.9303398644159029,0.9345736666666666
folk_13::lowpass::lp4000,folk_13,folk,lowpass,4000.0,0.999997,0.391271,0.997481,0.774078,0.9174083413928477,0.9238519999999999
folk_13::lowpass::lp2000,folk_13,folk,lowpass,2000.0,0.999466,0.383959,0.984035,0.777065,0.9142787788312725,0.9201886666666665
folk_13::distortion::drv4,folk_13,folk,distortion,4.0,0.999262,0.762219,0.984867,0.764512,0.9095231443730487,0.9162136666666666
folk_13::distortion::drv12,folk_13,folk,distortion,12.0,0.984757,0.473816,0.974343,0.669937,0.8630281667082821,0.8763456666666667
folk_13::distortion::drv32,folk_13,folk,distortion,32.0,0.982427,0.446027,0.978675,0.617153,0.840318405901818,0.8594183333333333
folk_13::style_swap::swap_cross,folk_13,folk,style_swap,nan,0.74674,0.344509,0.944919,0.737233,0.8042472563289946,0.8096306666666666
folk_13::style_swap::swap_same,folk_13,folk,style_swap,nan,0.797704,0.450208,0.942582,0.460206,0.7020548804708435,0.7334973333333332
folk_14::control::ctrl,folk_14,folk,control,0.0,1.0,1.0,1.0,0.819484,0.9357937914745705,0.9398279999999999
folk_14::pitch_shift::-4st,folk_14,folk,pitch_shift,-4.0,0.475844,0.589478,0.994615,0.726771,0.7006574280905308,0.73241
folk_14::pitch_shift::-2st,folk_14,folk,pitch_shift,-2.0,0.475276,0.727732,0.997732,0.760515,0.711796513905806,0.7445076666666666
folk_14::pitch_shift::-1st,folk_14,folk,pitch_shift,-1.0,0.539004,0.813373,0.998752,0.775805,0.7474820043444751,0.7711869999999998
folk_14::pitch_shift::+1st,folk_14,folk,pitch_shift,1.0,0.563854,0.833446,0.998017,0.784186,0.7613328394209896,0.782019
folk_14::pitch_shift::+2st,folk_14,folk,pitch_shift,2.0,0.465713,0.70613,0.996653,0.782914,0.7136065037806959,0.7484266666666666
folk_14::pitch_shift::+4st,folk_14,folk,pitch_shift,4.0,0.460114,0.555251,0.9925,0.784494,0.7102237589218207,0.7457026666666666
folk_14::time_stretch::-20pct,folk_14,folk,time_stretch,-20.0,0.989518,0.879598,0.849865,0.798597,0.8757237048447885,0.8793266666666666
folk_14::time_stretch::-10pct,folk_14,folk,time_stretch,-10.0,0.996792,0.900433,0.893042,0.808747,0.8962511039424926,0.899527
folk_14::time_stretch::-5pct,folk_14,folk,time_stretch,-5.0,0.997661,0.909796,0.881001,0.810189,0.8929940798494211,0.8962836666666667
folk_14::time_stretch::+5pct,folk_14,folk,time_stretch,5.0,0.998859,0.912614,0.908071,0.808942,0.901945838863757,0.9052906666666667
folk_14::time_stretch::+10pct,folk_14,folk,time_stretch,10.0,0.993667,0.861007,0.88184,0.806332,0.8906659554762315,0.8939463333333333
folk_14::time_stretch::+20pct,folk_14,folk,time_stretch,20.0,0.996762,0.833352,0.853267,0.830685,0.8906442400756398,0.8935713333333333
folk_14::lowpass::lp8000,folk_14,folk,lowpass,8000.0,0.999745,0.820258,0.999847,0.823703,0.9372694871721,0.9410983333333334
folk_14::lowpass::lp4000,folk_14,folk,lowpass,4000.0,0.99962,0.700201,0.979266,0.820617,0.9295912792342229,0.9331676666666666
folk_14::lowpass::lp2000,folk_14,folk,lowpass,2000.0,0.999659,0.582963,0.995243,0.792565,0.9238581632323886,0.9291556666666666
folk_14::distortion::drv4,folk_14,folk,distortion,4.0,0.99871,0.725618,0.999146,0.787686,0.9228699246572588,0.928514
folk_14::distortion::drv12,folk_14,folk,distortion,12.0,0.995172,0.547153,0.977459,0.748007,0.8994301744756693,0.9068793333333333
folk_14::distortion::drv32,folk_14,folk,distortion,32.0,0.983385,0.470636,0.97306,0.569674,0.8168892848591986,0.8420396666666666
folk_14::style_swap::swap_cross,folk_14,folk,style_swap,nan,0.776983,0.426403,0.880538,0.56294,0.7275685358610994,0.7401536666666666
folk_14::style_swap::swap_same,folk_14,folk,style_swap,nan,0.748645,0.365049,0.855415,0.490474,0.6797610249762248,0.698178
folk_15::control::ctrl,folk_15,folk,control,0.0,1.0,1.0,1.0,0.659218,0.8703147669769593,0.8864059999999999
folk_15::pitch_shift::-4st,folk_15,folk,pitch_shift,-4.0,0.895364,0.607408,0.995677,0.62347,0.8222007872289264,0.8381703333333332
folk_15::pitch_shift::-2st,folk_15,folk,pitch_shift,-2.0,0.931904,0.731273,0.997597,0.655897,0.8479833367596264,0.8617993333333333
folk_15::pitch_shift::-1st,folk_15,folk,pitch_shift,-1.0,0.915349,0.841736,0.99778,0.634161,0.8335666780246942,0.8490966666666666
folk_15::pitch_shift::+1st,folk_15,folk,pitch_shift,1.0,0.914275,0.826322,0.996553,0.676349,0.8509734932246664,0.8623923333333332
folk_15::pitch_shift::+2st,folk_15,folk,pitch_shift,2.0,0.909214,0.721576,0.992881,0.702399,0.8591105777915818,0.8681646666666666
folk_15::pitch_shift::+4st,folk_15,folk,pitch_shift,4.0,0.89859,0.614887,0.986374,0.65673,0.8349555407015112,0.8472313333333332
folk_15::time_stretch::-20pct,folk_15,folk,time_stretch,-20.0,0.987536,0.815378,0.736625,0.650949,0.7794389747096403,0.7917033333333332
folk_15::time_stretch::-10pct,folk_15,folk,time_stretch,-10.0,0.995838,0.887949,0.791499,0.672159,0.8091648851092169,0.8198319999999999
folk_15::time_stretch::-5pct,folk_15,folk,time_stretch,-5.0,0.993998,0.928747,0.817101,0.644525,0.8059356001313542,0.8185413333333333
folk_15::time_stretch::+5pct,folk_15,folk,time_stretch,5.0,0.998203,0.934682,0.814124,0.680402,0.8207766698328056,0.8309096666666667
folk_15::time_stretch::+10pct,folk_15,folk,time_stretch,10.0,0.994215,0.926386,0.788537,0.681762,0.8115433551029997,0.8215046666666665
folk_15::time_stretch::+20pct,folk_15,folk,time_stretch,20.0,0.985261,0.830191,0.742585,0.717008,0.8065051692443672,0.8149513333333334
folk_15::lowpass::lp8000,folk_15,folk,lowpass,8000.0,1.0,0.745446,0.998443,0.669314,0.8742810434241798,0.8892523333333333
folk_15::lowpass::lp4000,folk_15,folk,lowpass,4000.0,0.994992,0.631605,0.970868,0.668545,0.8643775399845224,0.8781349999999999
folk_15::lowpass::lp2000,folk_15,folk,lowpass,2000.0,0.999971,0.535185,0.967161,0.691962,0.8746939890840739,0.8863646666666667
folk_15::distortion::drv4,folk_15,folk,distortion,4.0,0.999989,0.865085,0.999384,0.658512,0.8698220966390261,0.8859616666666665
folk_15::distortion::drv12,folk_15,folk,distortion,12.0,0.999413,0.710202,0.99639,0.658703,0.8688697258397656,0.8848353333333333
folk_15::distortion::drv32,folk_15,folk,distortion,32.0,0.997231,0.615183,0.991534,0.60692,0.8434867733934317,0.8652283333333333
folk_15::style_swap::swap_cross,folk_15,folk,style_swap,nan,0.878508,0.462212,0.747206,0.412627,0.647015330750237,0.6794469999999999
folk_15::style_swap::swap_same,folk_15,folk,style_swap,nan,0.56321,0.448488,0.890076,0.447165,0.6074656855383177,0.6334836666666666
jazz_01::control::ctrl,jazz_01,jazz,control,0.0,1.0,1.0,1.0,0.801353,0.9288408111080003,0.9337843333333333
jazz_01::pitch_shift::-4st,jazz_01,jazz,pitch_shift,-4.0,0.974858,0.543352,0.985202,0.684808,0.8696513123301776,0.8816226666666667
jazz_01::pitch_shift::-2st,jazz_01,jazz,pitch_shift,-2.0,0.986855,0.693006,0.992318,0.74635,0.900773464674753,0.9085076666666666
jazz_01::pitch_shift::-1st,jazz_01,jazz,pitch_shift,-1.0,0.992826,0.812687,0.995077,0.786641,0.919394996880429,0.9248479999999999
jazz_01::pitch_shift::+1st,jazz_01,jazz,pitch_shift,1.0,0.992729,0.847076,0.992086,0.789577,0.9195842117856906,0.9247973333333332
jazz_01::pitch_shift::+2st,jazz_01,jazz,pitch_shift,2.0,0.985518,0.764198,0.987622,0.789837,0.9160747870485759,0.9209923333333332
jazz_01::pitch_shift::+4st,jazz_01,jazz,pitch_shift,4.0,0.979606,0.635717,0.974517,0.707026,0.8771867848892761,0.8870496666666666
jazz_01::time_stretch::-20pct,jazz_01,jazz,time_stretch,-20.0,0.999408,0.889529,0.520486,0.798884,0.7462400136968725,0.772926
jazz_01::time_stretch::-10pct,jazz_01,jazz,time_stretch,-10.0,0.998858,0.895286,0.590474,0.855479,0.7961067292726726,0.814937
jazz_01::time_stretch::-5pct,jazz_01,jazz,time_stretch,-5.0,0.999234,0.910675,0.662588,0.798067,0.8084441834791274,0.819963
jazz_01::time_stretch::+5pct,jazz_01,jazz,time_stretch,5.0,0.999135,0.930227,0.682922,0.817732,0.8232569829576237,0.833263
jazz_01::time_stretch::+10pct,jazz_01,jazz,time_stretch,10.0,0.999321,0.889303,0.615508,0.800213,0.7895532753107342,0.805014
jazz_01::time_stretch::+20pct,jazz_01,jazz,time_stretch,20.0,0.998795,0.915841,0.533953,0.800953,0.7531164624092113,0.7779003333333333
jazz_01::lowpass::lp8000,jazz_01,jazz,lowpass,8000.0,0.999995,0.456928,0.988913,0.79821,0.9241823986230272,0.9290393333333333
jazz_01::lowpass::lp4000,jazz_01,jazz,lowpass,4000.0,0.999992,0.426408,0.660273,0.740011,0.7876248558584021,0.800092
jazz_01::lowpass::lp2000,jazz_01,jazz,lowpass,2000.0,0.999948,0.404169,0.628172,0.645725,0.7402320140083005,0.7579483333333332
jazz_01::distortion::drv4,jazz_01,jazz,distortion,4.0,0.999865,0.851955,0.995791,0.782526,0.9201729163396636,0.9260606666666666
jazz_01::distortion::drv12,jazz_01,jazz,distortion,12.0,0.999282,0.669559,0.984332,0.712176,0.8881213986424707,0.8985966666666667
jazz_01::distortion::drv32,jazz_01,jazz,distortion,32.0,0.999557,0.53785,0.661424,0.627144,0.7456784553154497,0.7627083333333333
jazz_01::style_swap::swap_cross,jazz_01,jazz,style_swap,nan,0.97334,0.473619,0.47968,0.587749,0.6498343941982734,0.6802563333333334
jazz_01::style_swap::swap_same,jazz_01,jazz,style_swap,nan,0.937352,0.470715,0.682922,0.664207,0.7519559856620318,0.7614936666666666
jazz_02::control::ctrl,jazz_02,jazz,control,0.0,1.0,0.999849,1.0,0.839277,0.9432680125857391,0.9464256666666666
jazz_02::pitch_shift::-4st,jazz_02,jazz,pitch_shift,-4.0,0.973596,0.621051,0.812409,0.822579,0.8665169085622497,0.869528
jazz_02::pitch_shift::-2st,jazz_02,jazz,pitch_shift,-2.0,0.980281,0.767235,0.817183,0.848609,0.8792772717090473,0.8820243333333333
jazz_02::pitch_shift::-1st,jazz_02,jazz,pitch_shift,-1.0,0.97959,0.860854,0.818498,0.800519,0.862603474781498,0.8662023333333333
jazz_02::pitch_shift::+1st,jazz_02,jazz,pitch_shift,1.0,0.976996,0.859703,0.817124,0.82535,0.8701744002329767,0.8731566666666666
jazz_02::pitch_shift::+2st,jazz_02,jazz,pitch_shift,2.0,0.982889,0.779828,0.813769,0.828274,0.8717525271874847,0.8749773333333333
jazz_02::pitch_shift::+4st,jazz_02,jazz,pitch_shift,4.0,0.974448,0.678521,0.805918,0.800265,0.8565665602614602,0.8602103333333333
jazz_02::time_stretch::-20pct,jazz_02,jazz,time_stretch,-20.0,0.998501,0.865128,0.733362,0.852751,0.8547315101332953,0.8615379999999999
jazz_02::time_stretch::-10pct,jazz_02,jazz,time_stretch,-10.0,0.99889,0.888447,0.695835,0.835572,0.8343263076403644,0.8434323333333332
jazz_02::time_stretch::-5pct,jazz_02,jazz,time_stretch,-5.0,0.99929,0.922872,0.788977,0.826113,0.8668257025790962,0.8714599999999999
jazz_02::time_stretch::+5pct,jazz_02,jazz,time_stretch,5.0,0.999133,0.930977,0.70033,0.842839,0.8386039152705951,0.847434
jazz_02::time_stretch::+10pct,jazz_02,jazz,time_stretch,10.0,0.999555,0.912241,0.710508,0.833513,0.8396455977313751,0.8478586666666665
jazz_02::time_stretch::+20pct,jazz_02,jazz,time_stretch,20.0,0.998527,0.886902,0.766737,0.874819,0.8749330329697725,0.8800276666666667
jazz_02::lowpass::lp8000,jazz_02,jazz,lowpass,8000.0,1.0,0.498445,0.995507,0.836743,0.9409043333003749,0.9440833333333333
jazz_02::lowpass::lp4000,jazz_02,jazz,lowpass,4000.0,1.0,0.458514,0.987944,0.791844,0.9214193312277983,0.926596
jazz_02::lowpass::lp2000,jazz_02,jazz,lowpass,2000.0,0.999951,0.438284,0.981574,0.757959,0.9061132751404921,0.9131613333333333
jazz_02::distortion::drv4,jazz_02,jazz,distortion,4.0,0.999079,0.765838,0.963128,0.803626,0.91786597887459,0.9219443333333333
jazz_02::distortion::drv12,jazz_02,jazz,distortion,12.0,0.997639,0.622632,0.950938,0.713204,0.8779028596224638,0.8872603333333333
jazz_02::distortion::drv32,jazz_02,jazz,distortion,32.0,0.996706,0.538404,0.928819,0.584294,0.8147853218498307,0.8366063333333333
jazz_02::style_swap::swap_cross,jazz_02,jazz,style_swap,nan,0.909782,0.483636,0.771211,0.587306,0.7441463074194975,0.7560996666666666
jazz_02::style_swap::swap_same,jazz_02,jazz,style_swap,nan,0.932449,0.491929,0.68763,0.644966,0.7450273936562366,0.755015
jazz_03::control::ctrl,jazz_03,jazz,control,0.0,1.0,1.0,1.0,0.817271,0.9349506679911693,0.9390903333333332
jazz_03::pitch_shift::-4st,jazz_03,jazz,pitch_shift,-4.0,0.972198,0.554783,0.986812,0.778378,0.907249141623515,0.9124626666666666
jazz_03::pitch_shift::-2st,jazz_03,jazz,pitch_shift,-2.0,0.936474,0.724895,0.991885,0.777914,0.8973520888818229,0.902091
jazz_03::pitch_shift::-1st,jazz_03,jazz,pitch_shift,-1.0,0.952702,0.832016,0.994084,0.800798,0.9119430408147984,0.9158613333333332
jazz_03::pitch_shift::+1st,jazz_03,jazz,pitch_shift,1.0,0.959638,0.864857,0.992093,0.794068,0.9109737001202609,0.9152663333333333
jazz_03::pitch_shift::+2st,jazz_03,jazz,pitch_shift,2.0,0.938256,0.78106,0.986725,0.807096,0.9074322828463884,0.9106923333333332
jazz_03::pitch_shift::+4st,jazz_03,jazz,pitch_shift,4.0,0.966654,0.700538,0.97699,0.778187,0.9024331648052354,0.9072769999999999
jazz_03::time_stretch::-20pct,jazz_03,jazz,time_stretch,-20.0,0.998218,0.88022,0.563007,0.81052,0.7694273903142314,0.7905816666666666
jazz_03::time_stretch::-10pct,jazz_03,jazz,time_stretch,-10.0,0.999395,0.916006,0.625293,0.808133,0.7963448825710494,0.8109403333333333
jazz_03::time_stretch::-5pct,jazz_03,jazz,time_stretch,-5.0,0.999514,0.938512,0.691143,0.814082,0.8254199902557073,0.8349129999999999
jazz_03::time_stretch::+5pct,jazz_03,jazz,time_stretch,5.0,0.999869,0.957443,0.718085,0.815609,0.8366304286098896,0.844521
jazz_03::time_stretch::+10pct,jazz_03,jazz,time_stretch,10.0,0.999508,0.942597,0.657857,0.814424,0.8120624816935497,0.8239296666666667
jazz_03::time_stretch::+20pct,jazz_03,jazz,time_stretch,20.0,0.99853,0.912805,0.577205,0.79754,0.7717581514819148,0.7910916666666666
jazz_03::lowpass::lp8000,jazz_03,jazz,lowpass,8000.0,0.999942,0.493363,0.99735,0.816465,0.933798828644159,0.937919
jazz_03::lowpass::lp4000,jazz_03,jazz,lowpass,4000.0,0.999999,0.48101,0.987403,0.79126,0.9210242674194151,0.9262206666666666
jazz_03::lowpass::lp2000,jazz_03,jazz,lowpass,2000.0,0.999993,0.464726,0.961541,0.785705,0.9107686951664121,0.9157463333333333
jazz_03::distortion::drv4,jazz_03,jazz,distortion,4.0,0.998592,0.783133,0.994045,0.794088,0.9237495792729765,0.9289083333333332
jazz_03::distortion::drv12,jazz_03,jazz,distortion,12.0,0.997305,0.621797,0.980863,0.779743,0.9136838415190197,0.9193036666666666
jazz_03::distortion::drv32,jazz_03,jazz,distortion,32.0,0.99696,0.549119,0.959238,0.696251,0.8732192750986357,0.8841496666666666
jazz_03::style_swap::swap_cross,jazz_03,jazz,style_swap,nan,0.827302,0.406029,0.7961,0.491364,0.686559758191549,0.7049219999999999
jazz_03::style_swap::swap_same,jazz_03,jazz,style_swap,nan,0.96754,0.447431,0.558308,0.514437,0.6525668260234141,0.680095
jazz_04::control::ctrl,jazz_04,jazz,control,0.0,1.0,1.0,1.0,0.847145,0.9462064785959717,0.9490483333333333
jazz_04::pitch_shift::-4st,jazz_04,jazz,pitch_shift,-4.0,0.833361,0.60197,0.98641,0.752875,0.8521927561823259,0.8575486666666666
jazz_04::pitch_shift::-2st,jazz_04,jazz,pitch_shift,-2.0,0.872333,0.720746,0.994583,0.761504,0.8709605968906863,0.8761399999999999
jazz_04::pitch_shift::-1st,jazz_04,jazz,pitch_shift,-1.0,0.834568,0.843618,0.997925,0.743929,0.8525052064003602,0.8588073333333333
jazz_04::pitch_shift::+1st,jazz_04,jazz,pitch_shift,1.0,0.83982,0.83762,0.99562,0.796232,0.8731854376134465,0.877224
jazz_04::pitch_shift::+2st,jazz_04,jazz,pitch_shift,2.0,0.875169,0.732879,0.99103,0.809033,0.8886177581701991,0.8917439999999999
jazz_04::pitch_shift::+4st,jazz_04,jazz,pitch_shift,4.0,0.837966,0.613495,0.975102,0.738043,0.8448625055180548,0.8503703333333332
jazz_04::time_stretch::-20pct,jazz_04,jazz,time_stretch,-20.0,0.985618,0.846032,0.569945,0.841402,0.7789597867408453,0.7989883333333332
jazz_04::time_stretch::-10pct,jazz_04,jazz,time_stretch,-10.0,0.990255,0.864604,0.652638,0.836427,0.8146088953184394,0.82644
jazz_04::time_stretch::-5pct,jazz_04,jazz,time_stretch,-5.0,0.985818,0.894939,0.712546,0.851234,0.8424669464437046,0.8498659999999999
jazz_04::time_stretch::+5pct,jazz_04,jazz,time_stretch,5.0,0.985667,0.930872,0.736868,0.851947,0.8521397618608466,0.8581606666666666
jazz_04::time_stretch::+10pct,jazz_04,jazz,time_stretch,10.0,0.982005,0.91713,0.660658,0.860102,0.8232785209367246,0.834255
jazz_04::time_stretch::+20pct,jazz_04,jazz,time_stretch,20.0,0.977806,0.885337,0.594168,0.824302,0.7823770513611832,0.7987586666666666
jazz_04::lowpass::lp8000,jazz_04,jazz,lowpass,8000.0,1.0,0.731289,0.994781,0.851947,0.9463388871653351,0.9489093333333334
jazz_04::lowpass::lp4000,jazz_04,jazz,lowpass,4000.0,0.99996,0.665035,0.984009,0.798242,0.9226537638624763,0.9274036666666665
jazz_04::lowpass::lp2000,jazz_04,jazz,lowpass,2000.0,0.999991,0.579879,0.974123,0.747049,0.8994692605638853,0.9070543333333332
jazz_04::distortion::drv4,jazz_04,jazz,distortion,4.0,0.99982,0.79188,0.995591,0.759865,0.9111287296290922,0.9184253333333333
jazz_04::distortion::drv12,jazz_04,jazz,distortion,12.0,0.997467,0.658752,0.982594,0.563463,0.8204384696382772,0.8478413333333332
jazz_04::distortion::drv32,jazz_04,jazz,distortion,32.0,0.992587,0.58768,0.707646,0.49065,0.7011089009454384,0.7302943333333333
jazz_04::style_swap::swap_cross,jazz_04,jazz,style_swap,nan,0.917358,0.424875,0.538176,0.713132,0.7061186809984374,0.7228886666666666
jazz_04::style_swap::swap_same,jazz_04,jazz,style_swap,nan,0.895585,0.514792,0.736868,0.614472,0.7401723689281627,0.748975
jazz_05::control::ctrl,jazz_05,jazz,control,0.0,1.0,1.0,1.0,0.710646,0.8923826238943358,0.9035486666666666
jazz_05::pitch_shift::-4st,jazz_05,jazz,pitch_shift,-4.0,0.957993,0.652013,0.991951,0.658069,0.8551480886195285,0.8693376666666666
jazz_05::pitch_shift::-2st,jazz_05,jazz,pitch_shift,-2.0,0.97082,0.761393,0.995711,0.71362,0.8835809507272055,0.8933836666666666
jazz_05::pitch_shift::-1st,jazz_05,jazz,pitch_shift,-1.0,0.978728,0.856756,0.997059,0.716478,0.8875549359026862,0.8974216666666667
jazz_05::pitch_shift::+1st,jazz_05,jazz,pitch_shift,1.0,0.985536,0.848576,0.996574,0.690561,0.8786070781809588,0.8908903333333332
jazz_05::pitch_shift::+2st,jazz_05,jazz,pitch_shift,2.0,0.975176,0.753031,0.994658,0.679084,0.870081819607081,0.8829726666666666
jazz_05::pitch_shift::+4st,jazz_05,jazz,pitch_shift,4.0,0.958809,0.663576,0.989694,0.663265,0.8569853015950654,0.8705893333333332
jazz_05::time_stretch::-20pct,jazz_05,jazz,time_stretch,-20.0,0.99563,0.807551,0.787335,0.709874,0.8225196221063914,0.8309463333333333
jazz_05::time_stretch::-10pct,jazz_05,jazz,time_stretch,-10.0,0.996621,0.854422,0.822477,0.720203,0.8388859242570804,0.8464336666666666
jazz_05::time_stretch::-5pct,jazz_05,jazz,time_stretch,-5.0,0.999027,0.930575,0.857266,0.730268,0.8551816338470937,0.862187
jazz_05::time_stretch::+5pct,jazz_05,jazz,time_stretch,5.0,0.997841,0.903918,0.856971,0.705132,0.8448234588747111,0.8533146666666667
jazz_05::time_stretch::+10pct,jazz_05,jazz,time_stretch,10.0,0.994727,0.875185,0.832511,0.726563,0.8442201650764991,0.851267
jazz_05::time_stretch::+20pct,jazz_05,jazz,time_stretch,20.0,0.99163,0.82341,0.792965,0.717137,0.8261684424301441,0.8339106666666667
jazz_05::lowpass::lp8000,jazz_05,jazz,lowpass,8000.0,0.997646,0.876396,0.999817,0.696119,0.8855100408200296,0.8978606666666666
jazz_05::lowpass::lp4000,jazz_05,jazz,lowpass,4000.0,0.999587,0.714402,0.998929,0.69573,0.8856565056147893,0.8980819999999999
jazz_05::lowpass::lp2000,jazz_05,jazz,lowpass,2000.0,0.999317,0.626045,0.99734,0.662571,0.8708158238498388,0.8864093333333333
jazz_05::distortion::drv4,jazz_05,jazz,distortion,4.0,0.992547,0.819238,0.99926,0.699662,0.885331582486199,0.8971563333333332
jazz_05::distortion::drv12,jazz_05,jazz,distortion,12.0,0.990125,0.683215,0.997736,0.665353,0.8694659845343006,0.8844046666666666
jazz_05::distortion::drv32,jazz_05,jazz,distortion,32.0,0.990099,0.632073,0.995908,0.657113,0.8653250988918936,0.8810399999999999
jazz_05::style_swap::swap_cross,jazz_05,jazz,style_swap,nan,0.975,0.388541,0.851228,0.51904,0.7552379096690174,0.7817559999999999
jazz_05::style_swap::swap_same,jazz_05,jazz,style_swap,nan,0.958225,0.410725,0.832755,0.637977,0.7984785540490816,0.8096523333333332
jazz_06::control::ctrl,jazz_06,jazz,control,0.0,1.0,1.0,1.0,0.790886,0.9247790073478569,0.9302953333333333
jazz_06::pitch_shift::-4st,jazz_06,jazz,pitch_shift,-4.0,0.860231,0.585557,0.955724,0.783123,0.8634937267778735,0.8663593333333333
jazz_06::pitch_shift::-2st,jazz_06,jazz,pitch_shift,-2.0,0.892296,0.730481,0.995966,0.802922,0.8935981731192887,0.8970613333333333
jazz_06::pitch_shift::-1st,jazz_06,jazz,pitch_shift,-1.0,0.888508,0.841532,0.998243,0.770391,0.8807843826994747,0.8857139999999999
jazz_06::pitch_shift::+1st,jazz_06,jazz,pitch_shift,1.0,0.896617,0.83751,0.997364,0.769451,0.8828370316078781,0.8878106666666666
jazz_06::pitch_shift::+2st,jazz_06,jazz,pitch_shift,2.0,0.896201,0.748972,0.960378,0.786685,0.8781111642938944,0.8810879999999999
jazz_06::pitch_shift::+4st,jazz_06,jazz,pitch_shift,4.0,0.871637,0.650229,0.952088,0.733771,0.8476002915692421,0.8524986666666666
jazz_06::time_stretch::-20pct,jazz_06,jazz,time_stretch,-20.0,0.996271,0.885504,0.660544,0.791636,0.8046399516704877,0.8161503333333333
jazz_06::time_stretch::-10pct,jazz_06,jazz,time_stretch,-10.0,0.997603,0.914662,0.711212,0.804929,0.8296688769567775,0.8379146666666666
jazz_06::time_stretch::-5pct,jazz_06,jazz,time_stretch,-5.0,0.998416,0.938632,0.772755,0.778782,0.843832834639695,0.8499843333333332
jazz_06::time_stretch::+5pct,jazz_06,jazz,time_stretch,5.0,0.997706,0.95335,0.74418,0.776521,0.8322962305733049,0.8394689999999999
jazz_06::time_stretch::+10pct,jazz_06,jazz,time_stretch,10.0,0.996074,0.933568,0.708287,0.750401,0.8089681556733587,0.8182539999999999
jazz_06::time_stretch::+20pct,jazz_06,jazz,time_stretch,20.0,0.99723,0.903132,0.64979,0.771037,0.7935016957999441,0.8060189999999999
jazz_06::lowpass::lp8000,jazz_06,jazz,lowpass,8000.0,1.0,0.572906,0.995881,0.785187,0.9212839723282251,0.9270226666666666
jazz_06::lowpass::lp4000,jazz_06,jazz,lowpass,4000.0,1.0,0.549055,0.9823,0.800218,0.9228918697159341,0.9275059999999999
jazz_06::lowpass::lp2000,jazz_06,jazz,lowpass,2000.0,0.999995,0.477267,0.972237,0.753982,0.9016617580295658,0.908738
jazz_06::distortion::drv4,jazz_06,jazz,distortion,4.0,0.999972,0.911932,0.999435,0.800232,0.9282239488294675,0.9332129999999998
jazz_06::distortion::drv12,jazz_06,jazz,distortion,12.0,0.999497,0.78718,0.996933,0.748239,0.9067674791955599,0.9148896666666666
jazz_06::distortion::drv32,jazz_06,jazz,distortion,32.0,0.99757,0.672992,0.988852,0.648524,0.8616553251363623,0.8783153333333332
jazz_06::style_swap::swap_cross,jazz_06,jazz,style_swap,nan,0.824651,0.459862,0.640989,0.58468,0.6761032158428804,0.6834399999999999
jazz_06::style_swap::swap_same,jazz_06,jazz,style_swap,nan,0.93722,0.413917,0.644435,0.610287,0.7169985246573447,0.7306473333333333
jazz_07::control::ctrl,jazz_07,jazz,control,0.0,1.0,1.0,1.0,0.877286,0.9572978119533426,0.9590953333333333
jazz_07::pitch_shift::-4st,jazz_07,jazz,pitch_shift,-4.0,0.972921,0.600006,0.982341,0.826771,0.9245030770523042,0.9273443333333333
jazz_07::pitch_shift::-2st,jazz_07,jazz,pitch_shift,-2.0,0.977336,0.74301,0.990932,0.848959,0.9368243175988001,0.9390756666666666
jazz_07::pitch_shift::-1st,jazz_07,jazz,pitch_shift,-1.0,0.967395,0.837053,0.994084,0.822782,0.9249194269117208,0.9280869999999999
jazz_07::pitch_shift::+1st,jazz_07,jazz,pitch_shift,1.0,0.963218,0.822405,0.992153,0.810565,0.9183968009195231,0.9219786666666666
jazz_07::pitch_shift::+2st,jazz_07,jazz,pitch_shift,2.0,0.978903,0.723577,0.989417,0.83961,0.9333951573671027,0.9359766666666666
jazz_07::pitch_shift::+4st,jazz_07,jazz,pitch_shift,4.0,0.96809,0.617172,0.981032,0.778552,0.9042645611452437,0.9092246666666666
jazz_07::time_stretch::-20pct,jazz_07,jazz,time_stretch,-20.0,0.998992,0.836325,0.631958,0.882288,0.8227859485703137,0.8377459999999999
jazz_07::time_stretch::-10pct,jazz_07,jazz,time_stretch,-10.0,0.999124,0.870202,0.697584,0.873558,0.8475575869738909,0.8567553333333332
jazz_07::time_stretch::-5pct,jazz_07,jazz,time_stretch,-5.0,0.999602,0.909865,0.76335,0.892067,0.8796625439200662,0.8850063333333333
jazz_07::time_stretch::+5pct,jazz_07,jazz,time_stretch,5.0,0.999197,0.926238,0.77792,0.891696,0.8849817042378082,0.8896043333333332
jazz_07::time_stretch::+10pct,jazz_07,jazz,time_stretch,10.0,0.999188,0.905069,0.716093,0.890319,0.8604403334049915,0.8685333333333332
jazz_07::time_stretch::+20pct,jazz_07,jazz,time_stretch,20.0,0.999443,0.895225,0.662874,0.885944,0.8372691617580656,0.8494203333333332
jazz_07::lowpass::lp8000,jazz_07,jazz,lowpass,8000.0,0.999979,0.495395,0.779294,0.875401,0.880304827594505,0.8848913333333333
jazz_07::lowpass::lp4000,jazz_07,jazz,lowpass,4000.0,0.999996,0.466442,0.764294,0.779408,0.8414103645861406,0.8478993333333332
jazz_07::lowpass::lp2000,jazz_07,jazz,lowpass,2000.0,0.999994,0.443111,0.747705,0.723449,0.8147890801182233,0.8237159999999999
jazz_07::distortion::drv4,jazz_07,jazz,distortion,4.0,0.999955,0.831467,0.783639,0.837866,0.8691412356952788,0.8738199999999999
jazz_07::distortion::drv12,jazz_07,jazz,distortion,12.0,0.999672,0.672901,0.766822,0.690822,0.809045134917183,0.8191053333333332
jazz_07::distortion::drv32,jazz_07,jazz,distortion,32.0,0.997719,0.59119,0.745969,0.570926,0.7518010847451491,0.7715380000000001
jazz_07::style_swap::swap_cross,jazz_07,jazz,style_swap,nan,0.974894,0.421153,0.624288,0.476909,0.6621036280328749,0.6920303333333333
jazz_07::style_swap::swap_same,jazz_07,jazz,style_swap,nan,0.979577,0.567352,0.684561,0.818358,0.8187123753601445,0.8274986666666666
jazz_08::control::ctrl,jazz_08,jazz,control,0.0,1.0,1.0,1.0,0.844803,0.9453337193743341,0.9482676666666666
jazz_08::pitch_shift::-4st,jazz_08,jazz,pitch_shift,-4.0,0.897769,0.5989,0.989343,0.839461,0.9067843266048754,0.9088576666666667
jazz_08::pitch_shift::-2st,jazz_08,jazz,pitch_shift,-2.0,0.878719,0.722232,0.9757,0.850699,0.9001483327441934,0.9017059999999999
jazz_08::pitch_shift::-1st,jazz_08,jazz,pitch_shift,-1.0,0.90452,0.839108,0.997267,0.849194,0.9149812189875759,0.9169936666666666
jazz_08::pitch_shift::+1st,jazz_08,jazz,pitch_shift,1.0,0.908518,0.838669,0.996327,0.821205,0.9058626224989224,0.9086833333333333
jazz_08::pitch_shift::+2st,jazz_08,jazz,pitch_shift,2.0,0.887608,0.732907,0.972295,0.812111,0.8882697744613116,0.8906713333333334
jazz_08::pitch_shift::+4st,jazz_08,jazz,pitch_shift,4.0,0.895828,0.625715,0.965482,0.779459,0.8768406930804657,0.8802563333333333
jazz_08::time_stretch::-20pct,jazz_08,jazz,time_stretch,-20.0,0.990844,0.836712,0.756731,0.842342,0.8579824839631884,0.8633056666666666
jazz_08::time_stretch::-10pct,jazz_08,jazz,time_stretch,-10.0,0.995209,0.911011,0.814644,0.857538,0.8858873712964626,0.8891303333333334
jazz_08::time_stretch::-5pct,jazz_08,jazz,time_stretch,-5.0,0.995933,0.93743,0.836929,0.85601,0.8935781194074268,0.8962906666666666
jazz_08::time_stretch::+5pct,jazz_08,jazz,time_stretch,5.0,0.994405,0.953834,0.833367,0.838798,0.8858339651500505,0.8888566666666666
jazz_08::time_stretch::+10pct,jazz_08,jazz,time_stretch,10.0,0.991379,0.935039,0.795431,0.841919,0.8723769446390628,0.8762429999999999
jazz_08::time_stretch::+20pct,jazz_08,jazz,time_stretch,20.0,0.987524,0.903079,0.762428,0.82862,0.8544775089601443,0.859524
jazz_08::lowpass::lp8000,jazz_08,jazz,lowpass,8000.0,1.0,0.652147,0.998614,0.852196,0.94764508378835,0.95027
jazz_08::lowpass::lp4000,jazz_08,jazz,lowpass,4000.0,1.0,0.590163,0.972762,0.82008,0.927443807557024,0.9309473333333333
jazz_08::lowpass::lp2000,jazz_08,jazz,lowpass,2000.0,0.999983,0.544811,0.833877,0.80477,0.8754986153793073,0.8795433333333332
jazz_08::distortion::drv4,jazz_08,jazz,distortion,4.0,0.999986,0.941801,0.999773,0.85099,0.9475597256028075,0.9502496666666667
jazz_08::distortion::drv12,jazz_08,jazz,distortion,12.0,0.999778,0.778938,0.997141,0.822618,0.9360221355803144,0.9398456666666666
jazz_08::distortion::drv32,jazz_08,jazz,distortion,32.0,0.998,0.650928,0.991095,0.705146,0.8868325488636973,0.8980803333333334
jazz_08::style_swap::swap_cross,jazz_08,jazz,style_swap,nan,0.933218,0.452913,0.754467,0.643891,0.7682075482405195,0.7771919999999999
jazz_08::style_swap::swap_same,jazz_08,jazz,style_swap,nan,0.894906,0.483703,0.749487,0.755327,0.7971844973667664,0.7999066666666665
jazz_09::control::ctrl,jazz_09,jazz,control,0.0,1.0,1.0,1.0,0.75322,0.9098586907738074,0.91774
jazz_09::pitch_shift::-4st,jazz_09,jazz,pitch_shift,-4.0,0.993584,0.520334,0.985295,0.669297,0.8685535149903929,0.8827253333333334
jazz_09::pitch_shift::-2st,jazz_09,jazz,pitch_shift,-2.0,0.993845,0.66826,0.995466,0.654154,0.8649845757634657,0.8811549999999999
jazz_09::pitch_shift::-1st,jazz_09,jazz,pitch_shift,-1.0,0.994509,0.797509,0.987305,0.708389,0.8860208752832974,0.8967343333333333
jazz_09::pitch_shift::+1st,jazz_09,jazz,pitch_shift,1.0,0.994988,0.872111,0.986779,0.717206,0.8896664607560498,0.8996576666666667
jazz_09::pitch_shift::+2st,jazz_09,jazz,pitch_shift,2.0,0.992944,0.778236,0.994882,0.68462,0.8777724998051015,0.8908153333333333
jazz_09::pitch_shift::+4st,jazz_09,jazz,pitch_shift,4.0,0.993704,0.680063,0.99351,0.69586,0.8823692900182072,0.894358
jazz_09::time_stretch::-20pct,jazz_09,jazz,time_stretch,-20.0,0.999838,0.8741,0.929122,0.723033,0.8757634860970098,0.8839976666666667
jazz_09::time_stretch::-10pct,jazz_09,jazz,time_stretch,-10.0,0.999756,0.887672,0.92516,0.716772,0.8719614792066125,0.8805626666666666
jazz_09::time_stretch::-5pct,jazz_09,jazz,time_stretch,-5.0,0.99976,0.934595,0.936289,0.720375,0.8769094901797171,0.8854746666666666
jazz_09::time_stretch::+5pct,jazz_09,jazz,time_stretch,5.0,0.999829,0.907638,0.950918,0.719434,0.8810892827451371,0.8900603333333332
jazz_09::time_stretch::+10pct,jazz_09,jazz,time_stretch,10.0,0.999653,0.883696,0.937995,0.710321,0.8733094315586342,0.8826563333333333
jazz_09::time_stretch::+20pct,jazz_09,jazz,time_stretch,20.0,0.999401,0.893079,0.924442,0.716772,0.8716326568318604,0.8802049999999999
jazz_09::lowpass::lp8000,jazz_09,jazz,lowpass,8000.0,1.0,0.394304,0.991235,0.753181,0.9071769245271213,0.9148053333333332
jazz_09::lowpass::lp4000,jazz_09,jazz,lowpass,4000.0,0.999786,0.401189,0.985243,0.704597,0.8853814111052875,0.896542
jazz_09::lowpass::lp2000,jazz_09,jazz,lowpass,2000.0,0.999513,0.369264,0.983942,0.65148,0.8620908016266926,0.8783116666666666
jazz_09::distortion::drv4,jazz_09,jazz,distortion,4.0,0.999959,0.945587,0.999863,0.739988,0.9044456119647375,0.91327
jazz_09::distortion::drv12,jazz_09,jazz,distortion,12.0,0.999751,0.626862,0.989583,0.691262,0.8810399175406224,0.893532
jazz_09::distortion::drv32,jazz_09,jazz,distortion,32.0,0.999888,0.458302,0.984396,0.640767,0.8575782896106925,0.8750169999999999
jazz_09::style_swap::swap_cross,jazz_09,jazz,style_swap,nan,0.952617,0.47284,0.906479,0.609758,0.8075037117784001,0.8229513333333334
jazz_09::style_swap::swap_same,jazz_09,jazz,style_swap,nan,0.97399,0.516828,0.950124,0.611811,0.8272765027360368,0.8453083333333333
jazz_10::control::ctrl,jazz_10,jazz,control,0.0,1.0,1.0,1.0,0.860866,0.9512876352915455,0.953622
jazz_10::pitch_shift::-4st,jazz_10,jazz,pitch_shift,-4.0,0.991669,0.604374,0.988523,0.874829,0.9500771992089836,0.9516736666666666
jazz_10::pitch_shift::-2st,jazz_10,jazz,pitch_shift,-2.0,0.994542,0.789217,0.994306,0.865171,0.9493252829283626,0.9513396666666666
jazz_10::pitch_shift::-1st,jazz_10,jazz,pitch_shift,-1.0,0.993901,0.890315,0.996255,0.865165,0.9497388300579349,0.9517736666666665
jazz_10::pitch_shift::+1st,jazz_10,jazz,pitch_shift,1.0,0.994183,0.918462,0.994879,0.861068,0.9478901611421164,0.9500433333333334
jazz_10::pitch_shift::+2st,jazz_10,jazz,pitch_shift,2.0,0.990314,0.860741,0.992262,0.875253,0.9509936757628564,0.9526096666666666
jazz_10::pitch_shift::+4st,jazz_10,jazz,pitch_shift,4.0,0.979486,0.780678,0.983654,0.851311,0.9360727731675409,0.9381503333333333
jazz_10::time_stretch::-20pct,jazz_10,jazz,time_stretch,-20.0,0.998611,0.896049,0.699548,0.834058,0.835224783129756,0.8440723333333333
jazz_10::time_stretch::-10pct,jazz_10,jazz,time_stretch,-10.0,0.999012,0.914031,0.747864,0.856854,0.8618533759898624,0.86791
jazz_10::time_stretch::-5pct,jazz_10,jazz,time_stretch,-5.0,0.999176,0.941274,0.789484,0.85374,0.8765371326889425,0.8807999999999999
jazz_10::time_stretch::+5pct,jazz_10,jazz,time_stretch,5.0,0.999464,0.947284,0.786308,0.858958,0.8772241775900815,0.8815766666666667
jazz_10::time_stretch::+10pct,jazz_10,jazz,time_stretch,10.0,0.998967,0.93055,0.764732,0.858152,0.8687101079327563,0.8739503333333333
jazz_10::time_stretch::+20pct,jazz_10,jazz,time_stretch,20.0,0.998482,0.921307,0.70256,0.862557,0.8458054669952387,0.854533
jazz_10::lowpass::lp8000,jazz_10,jazz,lowpass,8000.0,0.999996,0.475037,0.994423,0.863805,0.9505939493791378,0.9527413333333332
jazz_10::lowpass::lp4000,jazz_10,jazz,lowpass,4000.0,0.999996,0.465638,0.986251,0.821676,0.9323137881781571,0.9359743333333332
jazz_10::lowpass::lp2000,jazz_10,jazz,lowpass,2000.0,0.999998,0.445785,0.981971,0.781683,0.9156078066254871,0.9212173333333333
jazz_10::distortion::drv4,jazz_10,jazz,distortion,4.0,0.999712,0.871568,0.993246,0.854154,0.9465770477491088,0.9490373333333333
jazz_10::distortion::drv12,jazz_10,jazz,distortion,12.0,0.998882,0.708573,0.949376,0.797292,0.9110102864754711,0.9151833333333333
jazz_10::distortion::drv32,jazz_10,jazz,distortion,32.0,0.998055,0.590036,0.947198,0.726889,0.8824452734160974,0.890714
jazz_10::style_swap::swap_cross,jazz_10,jazz,style_swap,nan,0.924891,0.411552,0.674367,0.536714,0.6943470516989398,0.7119906666666667
jazz_10::style_swap::swap_same,jazz_10,jazz,style_swap,nan,0.976866,0.54437,0.789484,0.755721,0.8353079328095859,0.8406903333333333
jazz_11::control::ctrl,jazz_11,jazz,control,0.0,1.0,1.0,1.0,0.869773,0.9545572356135467,0.956591
jazz_11::pitch_shift::-4st,jazz_11,jazz,pitch_shift,-4.0,0.947244,0.52485,0.990842,0.749957,0.889544224873123,0.8960143333333332
jazz_11::pitch_shift::-2st,jazz_11,jazz,pitch_shift,-2.0,0.973787,0.687445,0.995179,0.830234,0.9300834075961438,0.9330666666666666
jazz_11::pitch_shift::-1st,jazz_11,jazz,pitch_shift,-1.0,0.956299,0.822674,0.99663,0.848596,0.9317002512926255,0.9338416666666667
jazz_11::pitch_shift::+1st,jazz_11,jazz,pitch_shift,1.0,0.961908,0.874756,0.994828,0.848028,0.9327471046558349,0.9349213333333333
jazz_11::pitch_shift::+2st,jazz_11,jazz,pitch_shift,2.0,0.971474,0.774948,0.992127,0.843193,0.9332008973059478,0.9355979999999999
jazz_11::pitch_shift::+4st,jazz_11,jazz,pitch_shift,4.0,0.943951,0.677111,0.983714,0.81728,0.9121432699142008,0.9149816666666666
jazz_11::time_stretch::-20pct,jazz_11,jazz,time_stretch,-20.0,0.998424,0.875785,0.618537,0.859247,0.809592059668003,0.8254026666666666
jazz_11::time_stretch::-10pct,jazz_11,jazz,time_stretch,-10.0,0.998522,0.895161,0.694953,0.87519,0.846847363103116,0.8562216666666667
jazz_11::time_stretch::-5pct,jazz_11,jazz,time_stretch,-5.0,0.998886,0.927578,0.735504,0.868148,0.8607920449083496,0.8675126666666666
jazz_11::time_stretch::+5pct,jazz_11,jazz,time_stretch,5.0,0.999272,0.937048,0.755659,0.862748,0.8668910375329392,0.8725596666666666
jazz_11::time_stretch::+10pct,jazz_11,jazz,time_stretch,10.0,0.998291,0.920859,0.69856,0.865939,0.8452452195206148,0.8542633333333334
jazz_11::time_stretch::+20pct,jazz_11,jazz,time_stretch,20.0,0.996398,0.877369,0.647095,0.846973,0.8173790189605527,0.8301553333333332
jazz_11::lowpass::lp8000,jazz_11,jazz,lowpass,8000.0,1.0,0.457968,0.993689,0.879257,0.9559945995450284,0.9576486666666666
jazz_11::lowpass::lp4000,jazz_11,jazz,lowpass,4000.0,1.0,0.45155,0.97965,0.813058,0.9269667506568454,0.9309026666666667
jazz_11::lowpass::lp2000,jazz_11,jazz,lowpass,2000.0,0.999991,0.440529,0.959965,0.791932,0.9126686387611265,0.9172959999999999
jazz_11::distortion::drv4,jazz_11,jazz,distortion,4.0,0.999738,0.654194,0.988778,0.824373,0.9340488384621198,0.9376296666666666
jazz_11::distortion::drv12,jazz_11,jazz,distortion,12.0,0.998933,0.520993,0.972786,0.745876,0.8982697370332405,0.9058649999999999
jazz_11::distortion::drv32,jazz_11,jazz,distortion,32.0,0.998474,0.460108,0.9499,0.703186,0.8736985626562109,0.8838533333333333
jazz_11::style_swap::swap_cross,jazz_11,jazz,style_swap,nan,0.957214,0.528654,0.786424,0.646518,0.7865906996021813,0.7967186666666667
jazz_11::style_swap::swap_same,jazz_11,jazz,style_swap,nan,0.978943,0.571893,0.644919,0.826714,0.805142261525285,0.8168586666666666
jazz_12::control::ctrl,jazz_12,jazz,control,0.0,1.0,1.0,1.0,0.858757,0.9505101599693888,0.952919
jazz_12::pitch_shift::-4st,jazz_12,jazz,pitch_shift,-4.0,0.930824,0.55645,0.984024,0.815317,0.9072631125059407,0.9100549999999998
jazz_12::pitch_shift::-2st,jazz_12,jazz,pitch_shift,-2.0,0.952902,0.698436,0.991839,0.850214,0.9296922782697032,0.9316516666666665
jazz_12::pitch_shift::-1st,jazz_12,jazz,pitch_shift,-1.0,0.961212,0.823336,0.995201,0.832644,0.9269645269096666,0.9296856666666666
jazz_12::pitch_shift::+1st,jazz_12,jazz,pitch_shift,1.0,0.957574,0.833769,0.992788,0.827703,0.9232113420677257,0.9260216666666665
jazz_12::pitch_shift::+2st,jazz_12,jazz,pitch_shift,2.0,0.945027,0.728359,0.985959,0.844091,0.9230618046977619,0.9250256666666666
jazz_12::pitch_shift::+4st,jazz_12,jazz,pitch_shift,4.0,0.927212,0.638955,0.969436,0.816332,0.9019621973718068,0.9043266666666665
jazz_12::time_stretch::-20pct,jazz_12,jazz,time_stretch,-20.0,0.99026,0.753253,0.43562,0.845612,0.7145117826905316,0.757164
jazz_12::time_stretch::-10pct,jazz_12,jazz,time_stretch,-10.0,0.995469,0.889317,0.563049,0.851531,0.781492470853289,0.8033496666666666
jazz_12::time_stretch::-5pct,jazz_12,jazz,time_stretch,-5.0,0.993,0.932176,0.619823,0.851316,0.8061872226115777,0.8213796666666666
jazz_12::time_stretch::+5pct,jazz_12,jazz,time_stretch,5.0,0.995684,0.936975,0.614296,0.851895,0.8046896739363979,0.8206249999999999
jazz_12::time_stretch::+10pct,jazz_12,jazz,time_stretch,10.0,0.995311,0.906536,0.524673,0.859318,0.7655974463439227,0.7931006666666666
jazz_12::time_stretch::+20pct,jazz_12,jazz,time_stretch,20.0,0.993478,0.846854,0.451194,0.839586,0.7219862379823577,0.7614193333333332
jazz_12::lowpass::lp8000,jazz_12,jazz,lowpass,8000.0,0.999807,0.517995,0.996044,0.856904,0.9485108190318308,0.9509183333333333
jazz_12::lowpass::lp4000,jazz_12,jazz,lowpass,4000.0,0.999978,0.490035,0.983789,0.764088,0.9092401304729648,0.9159516666666667
jazz_12::lowpass::lp2000,jazz_12,jazz,lowpass,2000.0,0.99851,0.474519,0.620515,0.739977,0.7710945638544512,0.786334
jazz_12::distortion::drv4,jazz_12,jazz,distortion,4.0,0.999785,0.79527,0.994876,0.832114,0.9389002757285024,0.9422583333333333
jazz_12::distortion::drv12,jazz_12,jazz,distortion,12.0,0.995536,0.640309,0.978926,0.705058,0.8824238260147408,0.8931733333333333
jazz_12::distortion::drv32,jazz_12,jazz,distortion,32.0,0.995451,0.555792,0.950169,0.578775,0.818044324669829,0.8414649999999999
jazz_12::style_swap::swap_cross,jazz_12,jazz,style_swap,nan,0.906809,0.485037,0.395582,0.558876,0.5852695567581362,0.6204223333333333
jazz_12::style_swap::swap_same,jazz_12,jazz,style_swap,nan,0.968208,0.46972,0.467118,0.522573,0.618273660969331,0.6526329999999999
jazz_13::control::ctrl,jazz_13,jazz,control,0.0,1.0,1.0,1.0,0.913895,0.970432725764995,0.9712983333333333
jazz_13::pitch_shift::-4st,jazz_13,jazz,pitch_shift,-4.0,0.857157,0.628575,0.990606,0.864783,0.9021723057643778,0.9041819999999999
jazz_13::pitch_shift::-2st,jazz_13,jazz,pitch_shift,-2.0,0.918786,0.766421,0.994031,0.899468,0.9365551110602189,0.9374283333333333
jazz_13::pitch_shift::-1st,jazz_13,jazz,pitch_shift,-1.0,0.965609,0.870787,0.996039,0.889855,0.9494358606441269,0.950501
jazz_13::pitch_shift::+1st,jazz_13,jazz,pitch_shift,1.0,0.965989,0.889366,0.992753,0.902497,0.9529857032136098,0.9537463333333334
jazz_13::pitch_shift::+2st,jazz_13,jazz,pitch_shift,2.0,0.907409,0.812854,0.986246,0.911959,0.9345184578813541,0.9352046666666666
jazz_13::pitch_shift::+4st,jazz_13,jazz,pitch_shift,4.0,0.840885,0.704617,0.978284,0.902636,0.9055339461657036,0.9072683333333332
jazz_13::time_stretch::-20pct,jazz_13,jazz,time_stretch,-20.0,0.998527,0.848472,0.556853,0.876176,0.7868595915449875,0.8105186666666666
jazz_13::time_stretch::-10pct,jazz_13,jazz,time_stretch,-10.0,0.99888,0.879729,0.623756,0.883316,0.8194982873827839,0.8353173333333332
jazz_13::time_stretch::-5pct,jazz_13,jazz,time_stretch,-5.0,0.998961,0.926213,0.71901,0.892187,0.8621439500856832,0.8700526666666666
jazz_13::time_stretch::+5pct,jazz_13,jazz,time_stretch,5.0,0.998978,0.925813,0.684768,0.896514,0.8496084419205988,0.8600866666666667
jazz_13::time_stretch::+10pct,jazz_13,jazz,time_stretch,10.0,0.997666,0.89973,0.632258,0.903019,0.828944519212068,0.8443143333333333
jazz_13::time_stretch::+20pct,jazz_13,jazz,time_stretch,20.0,0.99475,0.871949,0.568804,0.903825,0.7996875102998121,0.8224596666666666
jazz_13::lowpass::lp8000,jazz_13,jazz,lowpass,8000.0,1.0,0.614482,0.99716,0.920144,0.9717179288434952,0.9724346666666666
jazz_13::lowpass::lp4000,jazz_13,jazz,lowpass,4000.0,1.0,0.541464,0.990086,0.887335,0.9577529769644851,0.9591403333333333
jazz_13::lowpass::lp2000,jazz_13,jazz,lowpass,2000.0,0.999995,0.474856,0.93947,0.850626,0.9279825278074805,0.9300303333333333
jazz_13::distortion::drv4,jazz_13,jazz,distortion,4.0,0.999466,0.794882,0.99447,0.91816,0.969972362235474,0.9706986666666666
jazz_13::distortion::drv12,jazz_13,jazz,distortion,12.0,0.995084,0.653927,0.978025,0.763696,0.9058231279784503,0.9122683333333332
jazz_13::distortion::drv32,jazz_13,jazz,distortion,32.0,0.991993,0.567285,0.955914,0.564704,0.8120499885915847,0.837537
jazz_13::style_swap::swap_cross,jazz_13,jazz,style_swap,nan,0.80875,0.501906,0.514836,0.585862,0.6248266004991943,0.6364826666666665
jazz_13::style_swap::swap_same,jazz_13,jazz,style_swap,nan,0.930396,0.449679,0.595873,0.518592,0.6600078762354555,0.6816203333333333
jazz_14::control::ctrl,jazz_14,jazz,control,0.0,1.0,1.0,1.0,0.851425,0.9477972974242562,0.950475
jazz_14::pitch_shift::-4st,jazz_14,jazz,pitch_shift,-4.0,0.933915,0.590701,0.964245,0.786143,0.8912484058222997,0.8947676666666666
jazz_14::pitch_shift::-2st,jazz_14,jazz,pitch_shift,-2.0,0.937529,0.695664,0.971491,0.805457,0.9018935562886,0.9048256666666665
jazz_14::pitch_shift::-1st,jazz_14,jazz,pitch_shift,-1.0,0.962787,0.821173,0.998017,0.792512,0.9131833852055738,0.917772
jazz_14::pitch_shift::+1st,jazz_14,jazz,pitch_shift,1.0,0.966039,0.801514,0.971776,0.825113,0.9183849387467378,0.9209759999999999
jazz_14::pitch_shift::+2st,jazz_14,jazz,pitch_shift,2.0,0.949169,0.698654,0.968443,0.812437,0.9072683649281199,0.9100163333333333
jazz_14::pitch_shift::+4st,jazz_14,jazz,pitch_shift,4.0,0.932713,0.58597,0.957434,0.787879,0.8894170835749498,0.8926753333333333
jazz_14::time_stretch::-20pct,jazz_14,jazz,time_stretch,-20.0,0.997752,0.858124,0.727825,0.852864,0.8523993692094306,0.8594803333333333
jazz_14::time_stretch::-10pct,jazz_14,jazz,time_stretch,-10.0,0.998975,0.890727,0.779534,0.842808,0.8690393540828181,0.8737723333333332
jazz_14::time_stretch::-5pct,jazz_14,jazz,time_stretch,-5.0,0.997459,0.932674,0.818321,0.856533,0.8875393488344655,0.890771
jazz_14::time_stretch::+5pct,jazz_14,jazz,time_stretch,5.0,0.997984,0.947918,0.71926,0.844261,0.8462436152491302,0.8538349999999999
jazz_14::time_stretch::+10pct,jazz_14,jazz,time_stretch,10.0,0.99867,0.927762,0.722298,0.818617,0.8389570447113326,0.8465283333333333
jazz_14::time_stretch::+20pct,jazz_14,jazz,time_stretch,20.0,0.998893,0.913798,0.744742,0.853333,0.8594378028692704,0.865656
jazz_14::lowpass::lp8000,jazz_14,jazz,lowpass,8000.0,0.999982,0.686754,0.998291,0.861497,0.9509719401519418,0.9532566666666666
jazz_14::lowpass::lp4000,jazz_14,jazz,lowpass,4000.0,0.999909,0.527779,0.992664,0.835214,0.9394063790825663,0.9425956666666666
jazz_14::lowpass::lp2000,jazz_14,jazz,lowpass,2000.0,0.999956,0.452628,0.986559,0.773591,0.9138434162337342,0.9200353333333333
jazz_14::distortion::drv4,jazz_14,jazz,distortion,4.0,0.999706,0.712523,0.969466,0.832152,0.9308274473256729,0.9337746666666666
jazz_14::distortion::drv12,jazz_14,jazz,distortion,12.0,0.998455,0.571102,0.955522,0.695957,0.8724030958863865,0.8833113333333333
jazz_14::distortion::drv32,jazz_14,jazz,distortion,32.0,0.996809,0.513077,0.96126,0.597771,0.8304800823786266,0.8519466666666666
jazz_14::style_swap::swap_cross,jazz_14,jazz,style_swap,nan,0.920173,0.460066,0.773476,0.508909,0.7128292082321434,0.734186
jazz_14::style_swap::swap_same,jazz_14,jazz,style_swap,nan,0.961866,0.467382,0.815302,0.771601,0.8458148147392761,0.8495896666666666
jazz_15::control::ctrl,jazz_15,jazz,control,0.0,1.0,1.0,1.0,0.729589,0.900242321581255,0.909863
jazz_15::pitch_shift::-4st,jazz_15,jazz,pitch_shift,-4.0,0.820339,0.553332,0.993068,0.607311,0.7909113926376407,0.806906
jazz_15::pitch_shift::-2st,jazz_15,jazz,pitch_shift,-2.0,0.909927,0.659108,0.994307,0.650093,0.837852390009888,0.8514423333333334
jazz_15::pitch_shift::-1st,jazz_15,jazz,pitch_shift,-1.0,0.7856,0.768366,0.995505,0.678302,0.8095108474471682,0.8198023333333333
jazz_15::pitch_shift::+1st,jazz_15,jazz,pitch_shift,1.0,0.779683,0.774167,0.995931,0.688846,0.8117515979698867,0.8214866666666666
jazz_15::pitch_shift::+2st,jazz_15,jazz,pitch_shift,2.0,0.88578,0.681081,0.994477,0.678302,0.8422633506769819,0.852853
jazz_15::pitch_shift::+4st,jazz_15,jazz,pitch_shift,4.0,0.794101,0.551112,0.992303,0.654349,0.8018808279254529,0.8135843333333332
jazz_15::time_stretch::-20pct,jazz_15,jazz,time_stretch,-20.0,0.99785,0.753567,0.754556,0.701322,0.8082729914704693,0.8179093333333334
jazz_15::time_stretch::-10pct,jazz_15,jazz,time_stretch,-10.0,0.997344,0.83905,0.805238,0.717332,0.8320762931454875,0.8399713333333332
jazz_15::time_stretch::-5pct,jazz_15,jazz,time_stretch,-5.0,0.998597,0.873798,0.844847,0.741501,0.8552505354869784,0.8616483333333332
jazz_15::time_stretch::+5pct,jazz_15,jazz,time_stretch,5.0,0.999443,0.864574,0.847523,0.68733,0.8350098678136986,0.8447653333333333
jazz_15::time_stretch::+10pct,jazz_15,jazz,time_stretch,10.0,0.998463,0.871353,0.825396,0.708495,0.8358154121990462,0.8441179999999999
jazz_15::time_stretch::+20pct,jazz_15,jazz,time_stretch,20.0,0.9971,0.856363,0.772911,0.680721,0.8065150036838944,0.8169106666666667
jazz_15::lowpass::lp8000,jazz_15,jazz,lowpass,8000.0,0.999998,0.965446,0.999997,0.738285,0.9038033729700086,0.91276
jazz_15::lowpass::lp4000,jazz_15,jazz,lowpass,4000.0,0.999989,0.777753,0.999673,0.732875,0.9014902433532516,0.9108456666666667
jazz_15::lowpass::lp2000,jazz_15,jazz,lowpass,2000.0,0.999987,0.507678,0.998792,0.711016,0.8921740649090938,0.903265
jazz_15::distortion::drv4,jazz_15,jazz,distortion,4.0,0.999636,0.730561,0.998351,0.687727,0.8820917090840068,0.895238
jazz_15::distortion::drv12,jazz_15,jazz,distortion,12.0,0.996427,0.507365,0.965091,0.682232,0.8689243070637188,0.88125
jazz_15::distortion::drv32,jazz_15,jazz,distortion,32.0,0.991463,0.4543,0.959982,0.645431,0.8500865419399253,0.8656253333333332
jazz_15::style_swap::swap_cross,jazz_15,jazz,style_swap,nan,0.921302,0.394224,0.805238,0.64062,0.7803850175109778,0.7890533333333333
jazz_15::style_swap::swap_same,jazz_15,jazz,style_swap,nan,0.88836,0.39054,0.782155,0.708327,0.7895358828674736,0.7929473333333333
rock_01::control::ctrl,rock_01,rock,control,0.0,1.0,0.999942,1.0,0.852123,0.9480562287501506,0.9507076666666666
rock_01::pitch_shift::-4st,rock_01,rock,pitch_shift,-4.0,0.813833,0.557216,0.979701,0.749739,0.8423895744729628,0.8477576666666666
rock_01::pitch_shift::-2st,rock_01,rock,pitch_shift,-2.0,0.879642,0.679588,0.990183,0.790236,0.8829296024710713,0.886687
rock_01::pitch_shift::-1st,rock_01,rock,pitch_shift,-1.0,0.838643,0.812859,0.99282,0.800226,0.87341390251568,0.8772296666666666
rock_01::pitch_shift::+1st,rock_01,rock,pitch_shift,1.0,0.848026,0.843843,0.991541,0.810633,0.8800649158363373,0.8834
rock_01::pitch_shift::+2st,rock_01,rock,pitch_shift,2.0,0.881178,0.759704,0.988635,0.797864,0.8858145965988217,0.8892256666666667
rock_01::pitch_shift::+4st,rock_01,rock,pitch_shift,4.0,0.816739,0.645763,0.977506,0.664383,0.8094817819725457,0.8195426666666665
rock_01::time_stretch::-20pct,rock_01,rock,time_stretch,-20.0,0.994147,0.882204,0.57789,0.83712,0.7834798554786498,0.8030523333333333
rock_01::time_stretch::-10pct,rock_01,rock,time_stretch,-10.0,0.99897,0.902,0.643533,0.847076,0.8166109801764557,0.8298596666666667
rock_01::time_stretch::-5pct,rock_01,rock,time_stretch,-5.0,0.998823,0.915492,0.706095,0.850757,0.8434365179202713,0.8518916666666666
rock_01::time_stretch::+5pct,rock_01,rock,time_stretch,5.0,0.999098,0.914686,0.701311,0.836851,0.8369939007918193,0.8457533333333332
rock_01::time_stretch::+10pct,rock_01,rock,time_stretch,10.0,0.997581,0.882312,0.651366,0.829793,0.8139186634237553,0.8262466666666666
rock_01::time_stretch::+20pct,rock_01,rock,time_stretch,20.0,0.995819,0.822715,0.584485,0.86548,0.7956772451499144,0.8152613333333333
rock_01::lowpass::lp8000,rock_01,rock,lowpass,8000.0,1.0,0.474364,0.991089,0.857176,0.9470964736160709,0.9494216666666666
rock_01::lowpass::lp4000,rock_01,rock,lowpass,4000.0,0.999999,0.425397,0.878785,0.760955,0.8744743164968372,0.879913
rock_01::lowpass::lp2000,rock_01,rock,lowpass,2000.0,0.999956,0.398225,0.840811,0.680278,0.8300837279971224,0.8403483333333333
rock_01::distortion::drv4,rock_01,rock,distortion,4.0,0.999287,0.774377,0.981845,0.777299,0.9136371697979835,0.9194769999999999
rock_01::distortion::drv12,rock_01,rock,distortion,12.0,0.996281,0.570771,0.947007,0.620318,0.8364689161607295,0.8545353333333332
rock_01::distortion::drv32,rock_01,rock,distortion,32.0,0.994382,0.488409,0.854443,0.563018,0.7820830556498726,0.8039476666666665
rock_01::style_swap::swap_cross,rock_01,rock,style_swap,nan,0.902871,0.43894,0.634166,0.498722,0.6585100309224265,0.6785863333333333
rock_01::style_swap::swap_same,rock_01,rock,style_swap,nan,0.945281,0.401226,0.731973,0.705768,0.7874796106594814,0.7943406666666666
rock_02::control::ctrl,rock_02,rock,control,0.0,1.0,1.0,1.0,0.804026,0.9298724147633551,0.9346753333333333
rock_02::pitch_shift::-4st,rock_02,rock,pitch_shift,-4.0,0.925931,0.434769,0.749235,0.774874,0.8130974332252812,0.81668
rock_02::pitch_shift::-2st,rock_02,rock,pitch_shift,-2.0,0.967372,0.592148,0.979024,0.769596,0.8999462072009171,0.9053306666666666
rock_02::pitch_shift::-1st,rock_02,rock,pitch_shift,-1.0,0.976893,0.749597,0.983371,0.761729,0.901131756461828,0.9073309999999999
rock_02::pitch_shift::+1st,rock_02,rock,pitch_shift,1.0,0.981755,0.800876,0.984115,0.762227,0.9030485519635679,0.9093656666666666
rock_02::pitch_shift::+2st,rock_02,rock,pitch_shift,2.0,0.975692,0.730319,0.978986,0.769174,0.9023422105062446,0.9079506666666666
rock_02::pitch_shift::+4st,rock_02,rock,pitch_shift,4.0,0.929742,0.635438,0.976935,0.757324,0.8827477374168162,0.8880003333333333
rock_02::time_stretch::-20pct,rock_02,rock,time_stretch,-20.0,0.998551,0.855249,0.756893,0.809949,0.8490908048330416,0.8551309999999999
rock_02::time_stretch::-10pct,rock_02,rock,time_stretch,-10.0,0.998651,0.85932,0.650501,0.789306,0.8003913220360722,0.8128193333333332
rock_02::time_stretch::-5pct,rock_02,rock,time_stretch,-5.0,0.999315,0.877984,0.752447,0.785791,0.8391284721658416,0.8458509999999999
rock_02::time_stretch::+5pct,rock_02,rock,time_stretch,5.0,0.998863,0.85808,0.748891,0.802308,0.8435067327732312,0.8500206666666666
rock_02::time_stretch::+10pct,rock_02,rock,time_stretch,10.0,0.999028,0.863816,0.707762,0.789644,0.8234402290812708,0.8321446666666666
rock_02::time_stretch::+20pct,rock_02,rock,time_stretch,20.0,0.996639,0.858657,0.650501,0.799784,0.8033772316453323,0.8156413333333332
rock_02::lowpass::lp8000,rock_02,rock,lowpass,8000.0,1.0,0.421983,0.775742,0.793862,0.8507868587279547,0.8565346666666667
rock_02::lowpass::lp4000,rock_02,rock,lowpass,4000.0,0.999968,0.435369,0.768712,0.791629,0.8474039541524077,0.8534363333333332
rock_02::lowpass::lp2000,rock_02,rock,lowpass,2000.0,0.999983,0.408411,0.756543,0.744377,0.825796542033677,0.8336343333333333
rock_02::distortion::drv4,rock_02,rock,distortion,4.0,0.999895,0.597362,0.774171,0.765171,0.839814300907749,0.8464123333333333
rock_02::distortion::drv12,rock_02,rock,distortion,12.0,0.999632,0.461474,0.722792,0.746008,0.8138274307159105,0.8228106666666666
rock_02::distortion::drv32,rock_02,rock,distortion,32.0,0.9994,0.427758,0.661058,0.726292,0.7828827494660273,0.7955833333333333
rock_02::style_swap::swap_cross,rock_02,rock,style_swap,nan,0.929088,0.524234,0.636276,0.537869,0.6825371622767408,0.7010776666666666
rock_02::style_swap::swap_same,rock_02,rock,style_swap,nan,0.990037,0.517629,0.690209,0.68928,0.7780531050939284,0.7898419999999999
rock_03::control::ctrl,rock_03,rock,control,0.0,0.999823,0.943625,0.999858,0.863036,0.9519850324570004,0.954239
rock_03::pitch_shift::-4st,rock_03,rock,pitch_shift,-4.0,0.949724,0.602721,0.989028,0.796043,0.9076411468226617,0.9115983333333333
rock_03::pitch_shift::-2st,rock_03,rock,pitch_shift,-2.0,0.977116,0.765816,0.993807,0.876354,0.947638252433506,0.9490923333333332
rock_03::pitch_shift::-1st,rock_03,rock,pitch_shift,-1.0,0.986346,0.863648,0.99565,0.866963,0.9477901326339226,0.9496529999999999
rock_03::pitch_shift::+1st,rock_03,rock,pitch_shift,1.0,0.987725,0.868074,0.993055,0.837612,0.9365926524022506,0.939464
rock_03::pitch_shift::+2st,rock_03,rock,pitch_shift,2.0,0.977977,0.77015,0.987473,0.833738,0.9303102851448932,0.9330626666666666
rock_03::pitch_shift::+4st,rock_03,rock,pitch_shift,4.0,0.957036,0.645562,0.9744,0.767931,0.894669399086327,0.899789
rock_03::time_stretch::-20pct,rock_03,rock,time_stretch,-20.0,0.998615,0.870737,0.53038,0.83515,0.7619326249396046,0.7880483333333332
rock_03::time_stretch::-10pct,rock_03,rock,time_stretch,-10.0,0.999768,0.880826,0.614639,0.851623,0.8058525339694392,0.82201
rock_03::time_stretch::-5pct,rock_03,rock,time_stretch,-5.0,0.998701,0.914959,0.685591,0.83495,0.829953359462247,0.8397473333333333
rock_03::time_stretch::+5pct,rock_03,rock,time_stretch,5.0,0.9995,0.924344,0.678665,0.863452,0.8366789002418152,0.8472056666666666
rock_03::time_stretch::+10pct,rock_03,rock,time_stretch,10.0,0.999411,0.883936,0.614164,0.860841,0.8084449915977026,0.8248053333333333
rock_03::time_stretch::+20pct,rock_03,rock,time_stretch,20.0,0.99958,0.864175,0.549795,0.857807,0.7782801906478702,0.802394
rock_03::lowpass::lp8000,rock_03,rock,lowpass,8000.0,0.998735,0.455113,0.998741,0.865981,0.9523659010395275,0.9544856666666666
rock_03::lowpass::lp4000,rock_03,rock,lowpass,4000.0,0.999979,0.437897,0.994185,0.795376,0.9247198695107848,0.9298466666666666
rock_03::lowpass::lp2000,rock_03,rock,lowpass,2000.0,0.999748,0.43203,0.691917,0.739645,0.7998145313184367,0.8104366666666666
rock_03::distortion::drv4,rock_03,rock,distortion,4.0,0.999644,0.666804,0.990538,0.841824,0.941122022040014,0.944002
rock_03::distortion::drv12,rock_03,rock,distortion,12.0,0.999471,0.5492,0.676983,0.796268,0.8137089155739183,0.8242406666666666
rock_03::distortion::drv32,rock_03,rock,distortion,32.0,0.999376,0.507933,0.629428,0.774238,0.786773672797306,0.801014
rock_03::style_swap::swap_cross,rock_03,rock,style_swap,nan,0.965684,0.456104,0.585605,0.597394,0.6964664856802979,0.7162276666666667
rock_03::style_swap::swap_same,rock_03,rock,style_swap,nan,0.984031,0.447872,0.65355,0.650204,0.747789010917382,0.7625949999999999
rock_04::control::ctrl,rock_04,rock,control,0.0,1.0,1.0,1.0,0.779956,0.9204990990705731,0.9266519999999999
rock_04::pitch_shift::-4st,rock_04,rock,pitch_shift,-4.0,0.993308,0.532255,0.974972,0.734213,0.8925503313025781,0.9008309999999999
rock_04::pitch_shift::-2st,rock_04,rock,pitch_shift,-2.0,0.993437,0.69946,0.983079,0.764773,0.9073059640611478,0.913763
rock_04::pitch_shift::-1st,rock_04,rock,pitch_shift,-1.0,0.994962,0.807215,0.985566,0.775436,0.9127378395454981,0.9186546666666666
rock_04::pitch_shift::+1st,rock_04,rock,pitch_shift,1.0,0.995817,0.847557,0.984539,0.784721,0.9163103211871014,0.9216923333333333
rock_04::pitch_shift::+2st,rock_04,rock,pitch_shift,2.0,0.993026,0.760707,0.979706,0.760071,0.9042812306558867,0.9109343333333333
rock_04::pitch_shift::+4st,rock_04,rock,pitch_shift,4.0,0.993258,0.632999,0.966859,0.728816,0.8878665710607281,0.896311
rock_04::time_stretch::-20pct,rock_04,rock,time_stretch,-20.0,0.999515,0.830355,0.561869,0.791958,0.7633238742755697,0.7844473333333333
rock_04::time_stretch::-10pct,rock_04,rock,time_stretch,-10.0,0.999477,0.856248,0.641402,0.793845,0.7983860549203308,0.8115746666666667
rock_04::time_stretch::-5pct,rock_04,rock,time_stretch,-5.0,0.999656,0.884215,0.705147,0.790524,0.8229025971864303,0.8317756666666666
rock_04::time_stretch::+5pct,rock_04,rock,time_stretch,5.0,0.999886,0.887352,0.530131,0.810704,0.7546264118893701,0.7802403333333333
rock_04::time_stretch::+10pct,rock_04,rock,time_stretch,10.0,0.999043,0.896665,0.542417,0.799429,0.7566571217522521,0.7802963333333333
rock_04::time_stretch::+20pct,rock_04,rock,time_stretch,20.0,0.99986,0.890977,0.568112,0.808069,0.7713897572015813,0.7920136666666666
rock_04::lowpass::lp8000,rock_04,rock,lowpass,8000.0,0.999999,0.422854,0.988926,0.787845,0.920169953380761,0.9255899999999999
rock_04::lowpass::lp4000,rock_04,rock,lowpass,4000.0,0.999998,0.41205,0.916593,0.761662,0.8871137664954518,0.892751
rock_04::lowpass::lp2000,rock_04,rock,lowpass,2000.0,0.999971,0.411064,0.89751,0.686141,0.8507723315573522,0.8612073333333333
rock_04::distortion::drv4,rock_04,rock,distortion,4.0,0.999974,0.744737,0.70521,0.794273,0.8243133307838572,0.8331523333333333
rock_04::distortion::drv12,rock_04,rock,distortion,12.0,0.999856,0.522079,0.613956,0.75134,0.7726279328960176,0.788384
rock_04::distortion::drv32,rock_04,rock,distortion,32.0,0.999745,0.471436,0.589953,0.736728,0.7574220490093057,0.7754753333333333
rock_04::style_swap::swap_cross,rock_04,rock,style_swap,nan,0.964222,0.453161,0.534822,0.595353,0.6746113061352912,0.6981323333333334
rock_04::style_swap::swap_same,rock_04,rock,style_swap,nan,0.980173,0.524115,0.533974,0.732868,0.7265790451065115,0.7490049999999999
rock_05::control::ctrl,rock_05,rock,control,0.0,1.0,1.0,1.0,0.79089,0.9247805664051644,0.9302966666666665
rock_05::pitch_shift::-4st,rock_05,rock,pitch_shift,-4.0,0.86355,0.509731,0.971146,0.654395,0.8187236369625225,0.8296969999999999
rock_05::pitch_shift::-2st,rock_05,rock,pitch_shift,-2.0,0.909335,0.649299,0.985501,0.652262,0.8361182151042611,0.8490326666666665
rock_05::pitch_shift::-1st,rock_05,rock,pitch_shift,-1.0,0.95157,0.800259,0.991201,0.728123,0.8822718193640223,0.8902979999999999
rock_05::pitch_shift::+1st,rock_05,rock,pitch_shift,1.0,0.964085,0.810858,0.988272,0.736828,0.8887630266636034,0.896395
rock_05::pitch_shift::+2st,rock_05,rock,pitch_shift,2.0,0.916303,0.697245,0.983853,0.67744,0.8484248617438602,0.8591986666666667
rock_05::pitch_shift::+4st,rock_05,rock,pitch_shift,4.0,0.876657,0.573219,0.962706,0.690088,0.8351079530504204,0.8431503333333333
rock_05::time_stretch::-20pct,rock_05,rock,time_stretch,-20.0,0.9987,0.864856,0.424745,0.764017,0.6868925125262438,0.7291539999999999
rock_05::time_stretch::-10pct,rock_05,rock,time_stretch,-10.0,0.997697,0.887121,0.525284,0.753348,0.7336059180528574,0.7587763333333333
rock_05::time_stretch::-5pct,rock_05,rock,time_stretch,-5.0,0.997982,0.928636,0.585699,0.777592,0.7688642328150145,0.787091
rock_05::time_stretch::+5pct,rock_05,rock,time_stretch,5.0,0.999398,0.943844,0.621215,0.799958,0.7919222258152151,0.8068569999999999
rock_05::time_stretch::+10pct,rock_05,rock,time_stretch,10.0,0.998213,0.918891,0.574654,0.780577,0.7650358766026651,0.7844813333333333
rock_05::time_stretch::+20pct,rock_05,rock,time_stretch,20.0,0.998722,0.89037,0.456249,0.786925,0.7104387285109703,0.7472986666666667
rock_05::lowpass::lp8000,rock_05,rock,lowpass,8000.0,0.999536,0.509873,0.984144,0.776751,0.9142107075096941,0.9201436666666666
rock_05::lowpass::lp4000,rock_05,rock,lowpass,4000.0,0.999417,0.438412,0.944909,0.713303,0.8766042856077237,0.8858763333333333
rock_05::lowpass::lp2000,rock_05,rock,lowpass,2000.0,0.999939,0.409549,0.923085,0.653779,0.8450493185066257,0.8589343333333332
rock_05::distortion::drv4,rock_05,rock,distortion,4.0,0.99681,0.704477,0.97795,0.690384,0.8763412438586994,0.8883813333333332
rock_05::distortion::drv12,rock_05,rock,distortion,12.0,0.993765,0.53224,0.937684,0.647161,0.8448588933255788,0.8595366666666666
rock_05::distortion::drv32,rock_05,rock,distortion,32.0,0.99245,0.470004,0.862427,0.617796,0.8086464622394317,0.8242243333333333
rock_05::style_swap::swap_cross,rock_05,rock,style_swap,nan,0.884864,0.394601,0.513749,0.561071,0.6341837543582323,0.6532279999999999
rock_05::style_swap::swap_same,rock_05,rock,style_swap,nan,0.920233,0.446908,0.474134,0.583036,0.6336237168367562,0.6591343333333333
rock_06::control::ctrl,rock_06,rock,control,0.0,1.0,1.0,1.0,0.827588,0.9388684134875221,0.9425293333333333
rock_06::pitch_shift::-4st,rock_06,rock,pitch_shift,-4.0,0.938169,0.521115,0.982013,0.776489,0.8943576121283842,0.8988903333333332
rock_06::pitch_shift::-2st,rock_06,rock,pitch_shift,-2.0,0.931284,0.707105,0.990296,0.826126,0.9133372118273678,0.915902
rock_06::pitch_shift::-1st,rock_06,rock,pitch_shift,-1.0,0.948093,0.808971,0.993092,0.829926,0.9210713306589188,0.9237036666666666
rock_06::pitch_shift::+1st,rock_06,rock,pitch_shift,1.0,0.947738,0.831831,0.989724,0.83795,0.9228692319950083,0.9251373333333333
rock_06::pitch_shift::+2st,rock_06,rock,pitch_shift,2.0,0.93015,0.775342,0.984504,0.808334,0.9045941481088283,0.9076626666666667
rock_06::pitch_shift::+4st,rock_06,rock,pitch_shift,4.0,0.949607,0.677082,0.970006,0.785692,0.8978219517541618,0.9017683333333333
rock_06::time_stretch::-20pct,rock_06,rock,time_stretch,-20.0,0.99843,0.828538,0.494202,0.844943,0.7470502996420361,0.7791916666666666
rock_06::time_stretch::-10pct,rock_06,rock,time_stretch,-10.0,0.999561,0.847482,0.599483,0.819586,0.7889695377906272,0.80621
rock_06::time_stretch::-5pct,rock_06,rock,time_stretch,-5.0,0.999366,0.862797,0.679969,0.816042,0.8215652566946097,0.8317923333333332
rock_06::time_stretch::+5pct,rock_06,rock,time_stretch,5.0,0.999392,0.890315,0.679505,0.827542,0.825225912690828,0.8354796666666666
rock_06::time_stretch::+10pct,rock_06,rock,time_stretch,10.0,0.997144,0.861088,0.589361,0.829908,0.7871480218559206,0.8054709999999999
rock_06::time_stretch::+20pct,rock_06,rock,time_stretch,20.0,0.999165,0.879936,0.512217,0.832921,0.7526013694338236,0.7814343333333333
rock_06::lowpass::lp8000,rock_06,rock,lowpass,8000.0,0.999997,0.424493,0.996572,0.832415,0.9396131623506673,0.9429946666666666
rock_06::lowpass::lp4000,rock_06,rock,lowpass,4000.0,0.999986,0.439439,0.992414,0.799458,0.925750918497832,0.9306193333333332
rock_06::lowpass::lp2000,rock_06,rock,lowpass,2000.0,0.998553,0.415651,0.985587,0.752847,0.9048798911302812,0.912329
rock_06::distortion::drv4,rock_06,rock,distortion,4.0,0.999869,0.784771,0.992653,0.820667,0.9339045926686649,0.9377296666666666
rock_06::distortion::drv12,rock_06,rock,distortion,12.0,0.999664,0.533638,0.956995,0.812945,0.9196197615630044,0.9232013333333333
rock_06::distortion::drv32,rock_06,rock,distortion,32.0,0.999508,0.461691,0.89171,0.797088,0.8922887022304876,0.896102
rock_06::style_swap::swap_cross,rock_06,rock,style_swap,nan,0.887546,0.40398,0.553223,0.59778,0.6645752444933053,0.6795163333333333
rock_06::style_swap::swap_same,rock_06,rock,style_swap,nan,0.951376,0.484016,0.599483,0.73913,0.7498078181471014,0.7633296666666666
rock_07::control::ctrl,rock_07,rock,control,0.0,1.0,1.0,1.0,0.765996,0.9149741698940224,0.9219986666666666
rock_07::pitch_shift::-4st,rock_07,rock,pitch_shift,-4.0,0.735964,0.63263,0.975588,0.666742,0.7822764893826571,0.7927646666666666
rock_07::pitch_shift::-2st,rock_07,rock,pitch_shift,-2.0,0.81108,0.756119,0.986826,0.719053,0.8318053821981872,0.8389863333333333
rock_07::pitch_shift::-1st,rock_07,rock,pitch_shift,-1.0,0.705207,0.85391,0.992301,0.740352,0.8031551204136645,0.81262
rock_07::pitch_shift::+1st,rock_07,rock,pitch_shift,1.0,0.703882,0.864309,0.989597,0.715024,0.7926709631523008,0.8028343333333332
rock_07::pitch_shift::+2st,rock_07,rock,pitch_shift,2.0,0.798246,0.761986,0.983227,0.724997,0.8286584923395002,0.83549
rock_07::pitch_shift::+4st,rock_07,rock,pitch_shift,4.0,0.72955,0.627638,0.973757,0.690524,0.7886690730578079,0.7979436666666666
rock_07::time_stretch::-20pct,rock_07,rock,time_stretch,-20.0,0.992079,0.731594,0.567383,0.788566,0.7628167275903863,0.7826759999999999
rock_07::time_stretch::-10pct,rock_07,rock,time_stretch,-10.0,0.997448,0.826538,0.648579,0.792169,0.8002462786700765,0.812732
rock_07::time_stretch::-5pct,rock_07,rock,time_stretch,-5.0,0.998955,0.882843,0.705755,0.787336,0.82183884741919,0.8306819999999999
rock_07::time_stretch::+5pct,rock_07,rock,time_stretch,5.0,0.997778,0.898955,0.731184,0.754456,0.8195299696436775,0.8278059999999999
rock_07::time_stretch::+10pct,rock_07,rock,time_stretch,10.0,0.994625,0.892475,0.663449,0.790513,0.8049927649481878,0.8161956666666665
rock_07::time_stretch::+20pct,rock_07,rock,time_stretch,20.0,0.987317,0.842336,0.596081,0.762334,0.7655420683374523,0.7819106666666666
rock_07::lowpass::lp8000,rock_07,rock,lowpass,8000.0,0.999997,0.537304,0.993655,0.756928,0.9094167802059969,0.91686
rock_07::lowpass::lp4000,rock_07,rock,lowpass,4000.0,0.999994,0.5061,0.982593,0.698599,0.8821308419482856,0.8937286666666666
rock_07::lowpass::lp2000,rock_07,rock,lowpass,2000.0,0.999926,0.466434,0.972303,0.642239,0.8547164327805173,0.8714893333333333
rock_07::distortion::drv4,rock_07,rock,distortion,4.0,0.999884,0.787652,0.982693,0.713162,0.8882159313046081,0.8985796666666666
rock_07::distortion::drv12,rock_07,rock,distortion,12.0,0.996426,0.659981,0.949425,0.515216,0.7869823976651016,0.8203556666666666
rock_07::distortion::drv32,rock_07,rock,distortion,32.0,0.990829,0.567385,0.753447,0.408017,0.6728370404229375,0.7174309999999999
rock_07::style_swap::swap_cross,rock_07,rock,style_swap,nan,0.795693,0.476206,0.582684,0.40997,0.5749678607644589,0.5961156666666666
rock_07::style_swap::swap_same,rock_07,rock,style_swap,nan,0.851624,0.535156,0.731079,0.596674,0.7188690262707492,0.726459
rock_08::control::ctrl,rock_08,rock,control,0.0,1.0,1.0,1.0,0.818048,0.9352468678116161,0.9393493333333333
rock_08::pitch_shift::-4st,rock_08,rock,pitch_shift,-4.0,0.962647,0.424162,0.962221,0.739298,0.8814286065534852,0.8880553333333333
rock_08::pitch_shift::-2st,rock_08,rock,pitch_shift,-2.0,0.967163,0.603592,0.970556,0.817582,0.9155537897015102,0.9184336666666666
rock_08::pitch_shift::-1st,rock_08,rock,pitch_shift,-1.0,0.957176,0.770797,0.976175,0.807806,0.9104907097268411,0.913719
rock_08::pitch_shift::+1st,rock_08,rock,pitch_shift,1.0,0.960892,0.80437,0.975471,0.775003,0.8989401429456133,0.9037886666666666
rock_08::pitch_shift::+2st,rock_08,rock,pitch_shift,2.0,0.958667,0.730797,0.969525,0.80914,0.9093899571819963,0.912444
rock_08::pitch_shift::+4st,rock_08,rock,pitch_shift,4.0,0.967969,0.614177,0.964967,0.729896,0.880126230871915,0.8876106666666667
rock_08::time_stretch::-20pct,rock_08,rock,time_stretch,-20.0,0.9977,0.830463,0.703569,0.78737,0.8206573128068474,0.8295463333333333
rock_08::time_stretch::-10pct,rock_08,rock,time_stretch,-10.0,0.998554,0.837736,0.693826,0.808432,0.8243061510259233,0.833604
rock_08::time_stretch::-5pct,rock_08,rock,time_stretch,-5.0,0.998161,0.858111,0.77547,0.839446,0.8661360615545687,0.8710256666666666
rock_08::time_stretch::+5pct,rock_08,rock,time_stretch,5.0,0.999628,0.86065,0.770773,0.832687,0.8624797291008813,0.8676959999999999
rock_08::time_stretch::+10pct,rock_08,rock,time_stretch,10.0,0.997256,0.819834,0.682278,0.794689,0.8146825406046841,0.824741
rock_08::time_stretch::+20pct,rock_08,rock,time_stretch,20.0,0.994061,0.821964,0.643363,0.817403,0.805567211733345,0.8182756666666666
rock_08::lowpass::lp8000,rock_08,rock,lowpass,8000.0,1.0,0.398632,0.985534,0.818652,0.9309441908703519,0.9347286666666667
rock_08::lowpass::lp4000,rock_08,rock,lowpass,4000.0,0.999998,0.405805,0.96619,0.742274,0.8951077267849449,0.9028206666666666
rock_08::lowpass::lp2000,rock_08,rock,lowpass,2000.0,0.998148,0.387533,0.949042,0.683109,0.8649482551542064,0.8767663333333333
rock_08::distortion::drv4,rock_08,rock,distortion,4.0,0.999589,0.555807,0.985506,0.805153,0.9256633141881067,0.9300826666666666
rock_08::distortion::drv12,rock_08,rock,distortion,12.0,0.999499,0.418826,0.950344,0.774764,0.9028401784350149,0.9082023333333333
rock_08::distortion::drv32,rock_08,rock,distortion,32.0,0.999133,0.395945,0.91501,0.729457,0.8736744058950803,0.8812
rock_08::style_swap::swap_cross,rock_08,rock,style_swap,nan,0.766064,0.416942,0.711322,0.374926,0.5889687936275504,0.6174373333333333
rock_08::style_swap::swap_same,rock_08,rock,style_swap,nan,0.928717,0.484023,0.790245,0.601052,0.7612355576813978,0.773338
rock_09::control::ctrl,rock_09,rock,control,0.0,1.0,1.0,1.0,0.835722,0.9419342997168308,0.9452406666666666
rock_09::pitch_shift::-4st,rock_09,rock,pitch_shift,-4.0,0.970896,0.535053,0.991098,0.750111,0.897025829586353,0.9040349999999999
rock_09::pitch_shift::-2st,rock_09,rock,pitch_shift,-2.0,0.981876,0.687841,0.995246,0.80648,0.92369139060209,0.9278673333333333
rock_09::pitch_shift::-1st,rock_09,rock,pitch_shift,-1.0,0.973112,0.809441,0.996438,0.786315,0.9135589078749295,0.9186216666666667
rock_09::pitch_shift::+1st,rock_09,rock,pitch_shift,1.0,0.975986,0.835457,0.996031,0.756803,0.9027477807310139,0.9096066666666667
rock_09::pitch_shift::+2st,rock_09,rock,pitch_shift,2.0,0.982703,0.741207,0.994194,0.715886,0.8876581870601632,0.8975943333333333
rock_09::pitch_shift::+4st,rock_09,rock,pitch_shift,4.0,0.974613,0.639299,0.990202,0.688116,0.8724473310879237,0.8843103333333333
rock_09::time_stretch::-20pct,rock_09,rock,time_stretch,-20.0,0.997323,0.856981,0.875536,0.786788,0.8823804081665786,0.8865489999999999
rock_09::time_stretch::-10pct,rock_09,rock,time_stretch,-10.0,0.998288,0.865867,0.885962,0.841584,0.9062669422058938,0.9086113333333333
rock_09::time_stretch::-5pct,rock_09,rock,time_stretch,-5.0,0.99891,0.896966,0.901117,0.828304,0.9067740871258173,0.9094436666666665
rock_09::time_stretch::+5pct,rock_09,rock,time_stretch,5.0,0.999402,0.882233,0.909823,0.790006,0.8955898682544309,0.8997436666666666
rock_09::time_stretch::+10pct,rock_09,rock,time_stretch,10.0,0.999302,0.856784,0.890861,0.802457,0.8939423065500556,0.89754
rock_09::time_stretch::+20pct,rock_09,rock,time_stretch,20.0,0.998284,0.849038,0.883299,0.820346,0.8976760493224463,0.9006429999999999
rock_09::lowpass::lp8000,rock_09,rock,lowpass,8000.0,0.999475,0.43936,0.997746,0.840579,0.9428808652048235,0.9459333333333333
rock_09::lowpass::lp4000,rock_09,rock,lowpass,4000.0,0.999667,0.424054,0.991899,0.692642,0.8822883477228429,0.8947359999999999
rock_09::lowpass::lp2000,rock_09,rock,lowpass,2000.0,0.999496,0.422581,0.984204,0.65258,0.8626473951262805,0.87876
rock_09::distortion::drv4,rock_09,rock,distortion,4.0,0.999784,0.910738,0.996652,0.810144,0.9311164118685066,0.9355266666666666
rock_09::distortion::drv12,rock_09,rock,distortion,12.0,0.998742,0.662598,0.987667,0.664528,0.8686784489351829,0.8836456666666666
rock_09::distortion::drv32,rock_09,rock,distortion,32.0,0.998787,0.503514,0.959489,0.544301,0.804977987357222,0.8341923333333333
rock_09::style_swap::swap_cross,rock_09,rock,style_swap,nan,0.891277,0.421292,0.901117,0.627538,0.7958135031577892,0.8066439999999999
rock_09::style_swap::swap_same,rock_09,rock,style_swap,nan,0.956709,0.488897,0.912413,0.642321,0.8245958567627192,0.8371476666666666
rock_10::control::ctrl,rock_10,rock,control,0.0,1.0,1.0,1.0,0.819097,0.9356464592423938,0.939699
rock_10::pitch_shift::-4st,rock_10,rock,pitch_shift,-4.0,0.824539,0.601241,0.957999,0.789798,0.8544711996484498,0.8574453333333333
rock_10::pitch_shift::-2st,rock_10,rock,pitch_shift,-2.0,0.870811,0.745049,0.991559,0.812423,0.888535721684768,0.8915976666666666
rock_10::pitch_shift::-1st,rock_10,rock,pitch_shift,-1.0,0.937895,0.845088,0.834671,0.835789,0.8681379311167293,0.8694516666666666
rock_10::pitch_shift::+1st,rock_10,rock,pitch_shift,1.0,0.939978,0.879705,0.96762,0.859031,0.9210370924861336,0.9222096666666666
rock_10::pitch_shift::+2st,rock_10,rock,pitch_shift,2.0,0.864891,0.787447,0.831159,0.811335,0.8355040646413173,0.835795
rock_10::pitch_shift::+4st,rock_10,rock,pitch_shift,4.0,0.80876,0.651624,0.958937,0.791596,0.8499064207181083,0.8530976666666665
rock_10::time_stretch::-20pct,rock_10,rock,time_stretch,-20.0,0.996102,0.844591,0.733444,0.775061,0.8273111652356541,0.834869
rock_10::time_stretch::-10pct,rock_10,rock,time_stretch,-10.0,0.994756,0.877497,0.70571,0.809332,0.8282406026493728,0.8365993333333333
rock_10::time_stretch::-5pct,rock_10,rock,time_stretch,-5.0,0.998186,0.911081,0.852409,0.83153,0.891071337868408,0.8940416666666666
rock_10::time_stretch::+5pct,rock_10,rock,time_stretch,5.0,0.997527,0.921226,0.726414,0.82969,0.8439983034369627,0.8512103333333333
rock_10::time_stretch::+10pct,rock_10,rock,time_stretch,10.0,0.997108,0.888297,0.743546,0.779143,0.8328288066038129,0.8399323333333333
rock_10::time_stretch::+20pct,rock_10,rock,time_stretch,20.0,0.997989,0.879193,0.780766,0.841336,0.8687044373419042,0.8733636666666666
rock_10::lowpass::lp8000,rock_10,rock,lowpass,8000.0,1.0,0.49346,0.836706,0.810836,0.8786892271940214,0.882514
rock_10::lowpass::lp4000,rock_10,rock,lowpass,4000.0,0.999973,0.435017,0.829036,0.782794,0.8657710320576364,0.870601
rock_10::lowpass::lp2000,rock_10,rock,lowpass,2000.0,0.999896,0.429675,0.82086,0.769184,0.8578632339572336,0.8633133333333333
rock_10::distortion::drv4,rock_10,rock,distortion,4.0,0.999914,0.843263,0.96973,0.804215,0.92043943366507,0.9246196666666666
rock_10::distortion::drv12,rock_10,rock,distortion,12.0,0.998999,0.623722,0.931258,0.790026,0.9024548531452115,0.9067609999999999
rock_10::distortion::drv32,rock_10,rock,distortion,32.0,0.997845,0.526536,0.887411,0.696033,0.8510189705736849,0.8604296666666666
rock_10::style_swap::swap_cross,rock_10,rock,style_swap,nan,0.883339,0.513896,0.712531,0.632357,0.7355821239718527,0.7427423333333333
rock_10::style_swap::swap_same,rock_10,rock,style_swap,nan,0.915243,0.47905,0.813656,0.553473,0.7442026788218267,0.7607906666666666
rock_11::control::ctrl,rock_11,rock,control,0.0,1.0,0.999225,0.999997,0.730712,0.9007030752536898,0.9102363333333333
rock_11::pitch_shift::-4st,rock_11,rock,pitch_shift,-4.0,0.95426,0.482414,0.93917,0.722407,0.8650959766914307,0.8719456666666666
rock_11::pitch_shift::-2st,rock_11,rock,pitch_shift,-2.0,0.960748,0.612815,0.942562,0.728074,0.8703587760658938,0.8771279999999999
rock_11::pitch_shift::-1st,rock_11,rock,pitch_shift,-1.0,0.971009,0.770174,0.99431,0.735652,0.8922211094184664,0.9003236666666666
rock_11::pitch_shift::+1st,rock_11,rock,pitch_shift,1.0,0.967677,0.849975,0.941387,0.721589,0.869486492974833,0.8768843333333333
rock_11::pitch_shift::+2st,rock_11,rock,pitch_shift,2.0,0.954275,0.780699,0.936998,0.719068,0.8630992200467422,0.8701136666666667
rock_11::pitch_shift::+4st,rock_11,rock,pitch_shift,4.0,0.95392,0.686174,0.928238,0.705007,0.8546498924695529,0.8623883333333333
rock_11::time_stretch::-20pct,rock_11,rock,time_stretch,-20.0,0.998454,0.868247,0.737084,0.78384,0.8324487185496433,0.8397926666666665
rock_11::time_stretch::-10pct,rock_11,rock,time_stretch,-10.0,0.9978,0.863344,0.584534,0.764191,0.7638681435649834,0.782175
rock_11::time_stretch::-5pct,rock_11,rock,time_stretch,-5.0,0.99934,0.88544,0.65778,0.783748,0.8016598387658633,0.8136226666666666
rock_11::time_stretch::+5pct,rock_11,rock,time_stretch,5.0,0.996552,0.90069,0.688403,0.753773,0.8026528747190546,0.8129093333333333
rock_11::time_stretch::+10pct,rock_11,rock,time_stretch,10.0,0.996253,0.88826,0.652365,0.742876,0.7844986626690791,0.7971646666666666
rock_11::time_stretch::+20pct,rock_11,rock,time_stretch,20.0,0.99736,0.885588,0.548148,0.764369,0.7476258030195766,0.769959
rock_11::lowpass::lp8000,rock_11,rock,lowpass,8000.0,1.0,0.413096,0.941118,0.741766,0.8870954143514626,0.8942946666666667
rock_11::lowpass::lp4000,rock_11,rock,lowpass,4000.0,0.99948,0.396448,0.973901,0.676923,0.8701805999803518,0.8834346666666667
rock_11::lowpass::lp2000,rock_11,rock,lowpass,2000.0,0.999272,0.379263,0.956172,0.614928,0.8375575727707436,0.8567906666666667
rock_11::distortion::drv4,rock_11,rock,distortion,4.0,0.997132,0.798399,0.987904,0.681222,0.8754916753368429,0.8887526666666666
rock_11::distortion::drv12,rock_11,rock,distortion,12.0,0.997661,0.613843,0.972928,0.623075,0.8456708117777081,0.8645546666666666
rock_11::distortion::drv32,rock_11,rock,distortion,32.0,0.994355,0.502742,0.898798,0.572096,0.7996332113985969,0.8217496666666666
rock_11::style_swap::swap_cross,rock_11,rock,style_swap,nan,0.950473,0.381667,0.568047,0.462086,0.6295288270788849,0.660202
rock_11::style_swap::swap_same,rock_11,rock,style_swap,nan,0.87967,0.479887,0.606101,0.656751,0.7048366983264528,0.7141739999999999
rock_12::control::ctrl,rock_12,rock,control,0.0,1.0,1.0,1.0,0.811346,0.9326858036941093,0.9371153333333333
rock_12::pitch_shift::-4st,rock_12,rock,pitch_shift,-4.0,0.957684,0.538872,0.976001,0.694374,0.8658087723077692,0.8760196666666666
rock_12::pitch_shift::-2st,rock_12,rock,pitch_shift,-2.0,0.97749,0.71966,0.984559,0.781601,0.9094518805646613,0.91455
rock_12::pitch_shift::-1st,rock_12,rock,pitch_shift,-1.0,0.952926,0.843101,0.987377,0.729051,0.8819284737458264,0.8897846666666667
rock_12::pitch_shift::+1st,rock_12,rock,pitch_shift,1.0,0.949585,0.837653,0.985259,0.750324,0.8887460799426294,0.895056
rock_12::pitch_shift::+2st,rock_12,rock,pitch_shift,2.0,0.980688,0.739759,0.981244,0.774563,0.9066817501225498,0.9121649999999999
rock_12::pitch_shift::+4st,rock_12,rock,pitch_shift,4.0,0.958547,0.636386,0.97282,0.726562,0.8782932147837751,0.8859763333333333
rock_12::time_stretch::-20pct,rock_12,rock,time_stretch,-20.0,0.998488,0.852531,0.57373,0.782029,0.7651696855941362,0.7847489999999999
rock_12::time_stretch::-10pct,rock_12,rock,time_stretch,-10.0,0.999341,0.882881,0.653732,0.80753,0.8080235868962616,0.820201
rock_12::time_stretch::-5pct,rock_12,rock,time_stretch,-5.0,0.999559,0.914093,0.715227,0.80667,0.8323693503989245,0.8404853333333333
rock_12::time_stretch::+5pct,rock_12,rock,time_stretch,5.0,0.99952,0.930938,0.714588,0.827148,0.8390930883794504,0.8470853333333332
rock_12::time_stretch::+10pct,rock_12,rock,time_stretch,10.0,0.998331,0.898505,0.643004,0.774507,0.7922055116317899,0.8052806666666666
rock_12::time_stretch::+20pct,rock_12,rock,time_stretch,20.0,0.997924,0.895842,0.578576,0.785823,0.7684121195316104,0.787441
rock_12::lowpass::lp8000,rock_12,rock,lowpass,8000.0,0.999996,0.447894,0.989066,0.809738,0.928658458522586,0.9329333333333332
rock_12::lowpass::lp4000,rock_12,rock,lowpass,4000.0,0.999993,0.453522,0.969855,0.764933,0.9052649841537832,0.9115936666666666
rock_12::lowpass::lp2000,rock_12,rock,lowpass,2000.0,0.99995,0.422382,0.957701,0.706482,0.8778826021620509,0.8880443333333333
rock_12::distortion::drv4,rock_12,rock,distortion,4.0,0.99955,0.687981,0.967129,0.81625,0.9240682344364364,0.927643
rock_12::distortion::drv12,rock_12,rock,distortion,12.0,0.999561,0.527825,0.926237,0.739415,0.881332722311852,0.8884043333333334
rock_12::distortion::drv32,rock_12,rock,distortion,32.0,0.998772,0.467803,0.881015,0.69594,0.8491944622446734,0.8585756666666666
rock_12::style_swap::swap_cross,rock_12,rock,style_swap,nan,0.890166,0.465892,0.557822,0.483442,0.6214940944260591,0.64381
rock_12::style_swap::swap_same,rock_12,rock,style_swap,nan,0.940486,0.523235,0.564462,0.570084,0.6713906659935733,0.6916773333333334
rock_13::control::ctrl,rock_13,rock,control,0.0,1.0,1.0,1.0,0.834438,0.9414516577358508,0.9448126666666666
rock_13::pitch_shift::-4st,rock_13,rock,pitch_shift,-4.0,0.722858,0.541628,0.988771,0.748624,0.8118406988211683,0.8200843333333333
rock_13::pitch_shift::-2st,rock_13,rock,pitch_shift,-2.0,0.790048,0.728321,0.993141,0.724113,0.8282413545084069,0.8357673333333333
rock_13::pitch_shift::-1st,rock_13,rock,pitch_shift,-1.0,0.76888,0.865015,0.995036,0.733132,0.8246946515450615,0.8323493333333334
rock_13::pitch_shift::+1st,rock_13,rock,pitch_shift,1.0,0.764595,0.868245,0.973114,0.766989,0.8294587061375615,0.8348993333333333
rock_13::pitch_shift::+2st,rock_13,rock,pitch_shift,2.0,0.796989,0.800782,0.971039,0.71742,0.8219034938763498,0.8284826666666666
rock_13::pitch_shift::+4st,rock_13,rock,pitch_shift,4.0,0.74185,0.68234,0.988322,0.717423,0.8072287475035964,0.815865
rock_13::time_stretch::-20pct,rock_13,rock,time_stretch,-20.0,0.995446,0.877025,0.814343,0.833408,0.8774605084918858,0.8810656666666666
rock_13::time_stretch::-10pct,rock_13,rock,time_stretch,-10.0,0.995874,0.916918,0.843618,0.864162,0.8987697886508551,0.9012179999999999
rock_13::time_stretch::-5pct,rock_13,rock,time_stretch,-5.0,0.997673,0.927859,0.870866,0.863912,0.9088028639476141,0.910817
rock_13::time_stretch::+5pct,rock_13,rock,time_stretch,5.0,0.99808,0.935811,0.867559,0.850643,0.9031028961794627,0.9054273333333333
rock_13::time_stretch::+10pct,rock_13,rock,time_stretch,10.0,0.997801,0.921247,0.837879,0.846003,0.8909754026708114,0.8938943333333333
rock_13::time_stretch::+20pct,rock_13,rock,time_stretch,20.0,0.997524,0.892615,0.810672,0.843127,0.8801442199505303,0.8837743333333332
rock_13::lowpass::lp8000,rock_13,rock,lowpass,8000.0,1.0,0.421876,0.972141,0.846978,0.9372752086435038,0.9397063333333333
rock_13::lowpass::lp4000,rock_13,rock,lowpass,4000.0,0.999999,0.437112,0.963333,0.764718,0.9031483761616149,0.9093499999999999
rock_13::lowpass::lp2000,rock_13,rock,lowpass,2000.0,0.99998,0.419893,0.956224,0.739052,0.8907215987061976,0.8984186666666667
rock_13::distortion::drv4,rock_13,rock,distortion,4.0,0.99988,0.798469,0.997065,0.825275,0.9370368724920901,0.9407399999999999
rock_13::distortion::drv12,rock_13,rock,distortion,12.0,0.998655,0.571119,0.987258,0.742036,0.901066905876994,0.9093163333333333
rock_13::distortion::drv32,rock_13,rock,distortion,32.0,0.996824,0.470678,0.943338,0.6524,0.8497018994956157,0.8641873333333333
rock_13::style_swap::swap_cross,rock_13,rock,style_swap,nan,0.752659,0.43101,0.830133,0.612647,0.726081575050906,0.731813
rock_13::style_swap::swap_same,rock_13,rock,style_swap,nan,0.917936,0.477961,0.841512,0.635136,0.7887023748241507,0.7981946666666666
rock_14::control::ctrl,rock_14,rock,control,0.0,0.999329,0.997552,0.999911,0.819934,0.9357278971107865,0.9397246666666667
rock_14::pitch_shift::-4st,rock_14,rock,pitch_shift,-4.0,0.945596,0.3959,0.966086,0.72181,0.8703917578588605,0.8778306666666665
rock_14::pitch_shift::-2st,rock_14,rock,pitch_shift,-2.0,0.976873,0.547051,0.973301,0.77027,0.9013831177349705,0.9068146666666665
rock_14::pitch_shift::-1st,rock_14,rock,pitch_shift,-1.0,0.963472,0.7056,0.974933,0.769167,0.8973148132203095,0.9025239999999999
rock_14::pitch_shift::+1st,rock_14,rock,pitch_shift,1.0,0.954229,0.804121,0.978779,0.774005,0.897484603069962,0.9023376666666666
rock_14::pitch_shift::+2st,rock_14,rock,pitch_shift,2.0,0.972613,0.721457,0.975359,0.773962,0.9021416518987879,0.9073113333333334
rock_14::pitch_shift::+4st,rock_14,rock,pitch_shift,4.0,0.950329,0.600073,0.969096,0.716471,0.8705889153554677,0.878632
rock_14::time_stretch::-20pct,rock_14,rock,time_stretch,-20.0,0.996719,0.809451,0.704601,0.804247,0.8266122060917735,0.835189
rock_14::time_stretch::-10pct,rock_14,rock,time_stretch,-10.0,0.99863,0.818585,0.760667,0.819029,0.8536886116760891,0.8594419999999999
rock_14::time_stretch::-5pct,rock_14,rock,time_stretch,-5.0,0.999019,0.83469,0.784272,0.812106,0.8601041816112999,0.8651323333333333
rock_14::time_stretch::+5pct,rock_14,rock,time_stretch,5.0,0.999607,0.834016,0.804827,0.805702,0.8654369282565979,0.8700453333333333
rock_14::time_stretch::+10pct,rock_14,rock,time_stretch,10.0,0.998695,0.81841,0.760823,0.804874,0.8488184334106772,0.8547973333333333
rock_14::time_stretch::+20pct,rock_14,rock,time_stretch,20.0,0.997312,0.805679,0.768527,0.81825,0.8559703659405999,0.8613629999999999
rock_14::lowpass::lp8000,rock_14,rock,lowpass,8000.0,1.0,0.364058,0.989706,0.82305,0.933922433212257,0.9375853333333333
rock_14::lowpass::lp4000,rock_14,rock,lowpass,4000.0,0.998873,0.365912,0.976584,0.747676,0.9001421664208522,0.9077109999999999
rock_14::lowpass::lp2000,rock_14,rock,lowpass,2000.0,0.998139,0.3474,0.905453,0.672994,0.8472717178264753,0.858862
rock_14::distortion::drv4,rock_14,rock,distortion,4.0,0.999057,0.399021,0.966573,0.802889,0.9186712914000508,0.9228396666666666
rock_14::distortion::drv12,rock_14,rock,distortion,12.0,0.999098,0.362068,0.927672,0.754047,0.887429070935956,0.8936056666666666
rock_14::distortion::drv32,rock_14,rock,distortion,32.0,0.99903,0.354624,0.909399,0.720635,0.8683259586686547,0.8763546666666666
rock_14::style_swap::swap_cross,rock_14,rock,style_swap,nan,0.969653,0.35999,0.816761,0.542987,0.7548029517863556,0.7764669999999999
rock_14::style_swap::swap_same,rock_14,rock,style_swap,nan,0.978102,0.390265,0.846669,0.597986,0.7911574840853892,0.8075856666666666
rock_15::control::ctrl,rock_15,rock,control,0.0,1.0,1.0,1.0,0.782294,0.9214179457999039,0.9274313333333333
rock_15::pitch_shift::-4st,rock_15,rock,pitch_shift,-4.0,0.925026,0.538059,0.990163,0.735669,0.8766933180496154,0.8836193333333333
rock_15::pitch_shift::-2st,rock_15,rock,pitch_shift,-2.0,0.95079,0.685859,0.992759,0.784225,0.9045995632320682,0.9092579999999999
rock_15::pitch_shift::-1st,rock_15,rock,pitch_shift,-1.0,0.951743,0.811349,0.994852,0.75715,0.8949938102961574,0.9012483333333332
rock_15::pitch_shift::+1st,rock_15,rock,pitch_shift,1.0,0.950268,0.848243,0.989379,0.749151,0.8897323581586857,0.896266
rock_15::pitch_shift::+2st,rock_15,rock,pitch_shift,2.0,0.949688,0.731007,0.983077,0.731137,0.8804859212694559,0.8879673333333333
rock_15::pitch_shift::+4st,rock_15,rock,pitch_shift,4.0,0.9252,0.583494,0.971056,0.716134,0.8632926919235894,0.8707966666666667
rock_15::time_stretch::-20pct,rock_15,rock,time_stretch,-20.0,0.995194,0.888057,0.768667,0.75117,0.8313707489190698,0.8383436666666666
rock_15::time_stretch::-10pct,rock_15,rock,time_stretch,-10.0,0.996448,0.912358,0.75985,0.787703,0.8417471779443362,0.8480003333333332
rock_15::time_stretch::-5pct,rock_15,rock,time_stretch,-5.0,0.996755,0.932232,0.81389,0.781108,0.858924664097476,0.8639176666666666
rock_15::time_stretch::+5pct,rock_15,rock,time_stretch,5.0,0.997181,0.925458,0.732319,0.793606,0.8337318895448114,0.8410353333333334
rock_15::time_stretch::+10pct,rock_15,rock,time_stretch,10.0,0.99522,0.90174,0.762258,0.783387,0.840747946948219,0.8469549999999999
rock_15::time_stretch::+20pct,rock_15,rock,time_stretch,20.0,0.994067,0.879632,0.838339,0.780557,0.8664562723226567,0.8709876666666666
rock_15::lowpass::lp8000,rock_15,rock,lowpass,8000.0,1.0,0.541276,0.998599,0.785965,0.9224258063326604,0.928188
rock_15::lowpass::lp4000,rock_15,rock,lowpass,4000.0,0.999999,0.452586,0.994498,0.783624,0.9202455714327281,0.9260403333333334
rock_15::lowpass::lp2000,rock_15,rock,lowpass,2000.0,0.999971,0.392923,0.958542,0.763089,0.9009995660285629,0.9072006666666667
rock_15::distortion::drv4,rock_15,rock,distortion,4.0,0.999861,0.853633,0.996121,0.772633,0.9163787140987618,0.9228716666666666
rock_15::distortion::drv12,rock_15,rock,distortion,12.0,0.998976,0.607725,0.982636,0.721799,0.8914999719963641,0.9011369999999999
rock_15::distortion::drv32,rock_15,rock,distortion,32.0,0.997351,0.502678,0.965817,0.621333,0.8427312482344764,0.8615003333333333
rock_15::style_swap::swap_cross,rock_15,rock,style_swap,nan,0.92812,0.43294,0.690423,0.517305,0.6920784919417855,0.7119493333333333
rock_15::style_swap::swap_same,rock_15,rock,style_swap,nan,0.863999,0.491131,0.763358,0.545248,0.7111237676178704,0.7242016666666666
