pair_id,source_id,genre,perturbation,magnitude,score_H,score_T,score_R,score_S,C_geo,C_lin
classical_01::control::ctrl,classical_01,classical,control,0.0,1.0,1.0,1.0,0.829116,1.0,1.0
classical_01::pitch_shift::-4st,classical_01,classical,pitch_shift,-4.0,0.862062,0.612549,0.992494,0.825897,0.8062487895303085,0.8223683333333334
classical_01::pitch_shift::-2st,classical_01,classical,pitch_shift,-2.0,0.824331,0.735423,0.983546,0.820352,0.8416751511298368,0.8477666666666667
classical_01::pitch_shift::-1st,classical_01,classical,pitch_shift,-1.0,0.795448,0.849356,0.996963,0.778667,0.876583983845871,0.880589
classical_01::pitch_shift::+1st,classical_01,classical,pitch_shift,1.0,0.788337,0.819778,0.996755,0.827911,0.8636389037349904,0.8682899999999999
classical_01::pitch_shift::+2st,classical_01,classical,pitch_shift,2.0,0.840758,0.725842,0.983723,0.814273,0.8435845998621361,0.8501076666666666
classical_01::pitch_shift::+4st,classical_01,classical,pitch_shift,4.0,0.861297,0.637273,0.98019,0.79653,0.813322724672585,0.8262533333333333
classical_01::time_stretch::-20pct,classical_01,classical,time_stretch,-20.0,0.996128,0.857819,0.914693,0.897815,0.9211465323147744,0.9228799999999999
classical_01::time_stretch::-10pct,classical_01,classical,time_stretch,-10.0,0.997444,0.898502,0.904769,0.862071,0.9324991131730952,0.9335716666666666
classical_01::time_stretch::-5pct,classical_01,classical,time_stretch,-5.0,0.998224,0.932719,0.907293,0.877346,0.9453126372230898,0.9460786666666666
classical_01::time_stretch::+5pct,classical_01,classical,time_stretch,5.0,0.997039,0.908418,0.932433,0.869116,0.9452321924142341,0.9459633333333333
classical_01::time_stretch::+10pct,classical_01,classical,time_stretch,10.0,0.9955,0.882854,0.913765,0.862229,0.9295117645505974,0.9307063333333333
classical_01::time_stretch::+20pct,classical_01,classical,time_stretch,20.0,0.994233,0.851098,0.887089,0.882407,0.9088209140916519,0.9108066666666667
classical_01::lowpass::lp8000,classical_01,classical,lowpass,8000.0,1.0,0.818931,0.998947,0.834595,0.9352547431963659,0.9392926666666666
classical_01::lowpass::lp4000,classical_01,classical,lowpass,4000.0,0.999999,0.58382,0.984677,0.823127,0.8314907892031113,0.8561653333333332
classical_01::lowpass::lp2000,classical_01,classical,lowpass,2000.0,0.999966,0.484488,0.982548,0.782339,0.7808015704094186,0.8223339999999999
classical_01::distortion::drv4,classical_01,classical,distortion,4.0,0.999999,0.939766,0.999491,0.82414,0.9793382731965687,0.979752
classical_01::distortion::drv12,classical_01,classical,distortion,12.0,0.999808,0.741767,0.993548,0.787758,0.9032146845222837,0.9117076666666666
classical_01::distortion::drv32,classical_01,classical,distortion,32.0,0.99767,0.59795,0.984828,0.745197,0.8375371060530339,0.8601493333333332
classical_01::style_swap::swap_cross,classical_01,classical,style_swap,nan,0.756144,0.384217,0.934589,0.646745,0.6475409688605762,0.69165
classical_01::style_swap::swap_same,classical_01,classical,style_swap,nan,0.845911,0.516401,0.90493,0.711641,0.7339090521177704,0.7557473333333333
classical_02::control::ctrl,classical_02,classical,control,0.0,1.0,1.0,1.0,0.799097,1.0,1.0
classical_02::pitch_shift::-4st,classical_02,classical,pitch_shift,-4.0,0.871717,0.518691,0.991982,0.758212,0.7654720538280753,0.79413
classical_02::pitch_shift::-2st,classical_02,classical,pitch_shift,-2.0,0.854366,0.672871,0.994172,0.723161,0.8298745226638233,0.8404696666666666
classical_02::pitch_shift::-1st,classical_02,classical,pitch_shift,-1.0,0.861364,0.784459,0.994915,0.746091,0.8760205924032629,0.880246
classical_02::pitch_shift::+1st,classical_02,classical,pitch_shift,1.0,0.858125,0.795764,0.993865,0.748212,0.8787946677528062,0.8825846666666666
classical_02::pitch_shift::+2st,classical_02,classical,pitch_shift,2.0,0.860851,0.690338,0.992833,0.760362,0.838729639700398,0.8480073333333332
classical_02::pitch_shift::+4st,classical_02,classical,pitch_shift,4.0,0.872927,0.579022,0.990261,0.721167,0.7939763304301685,0.81407
classical_02::time_stretch::-20pct,classical_02,classical,time_stretch,-20.0,0.998827,0.794317,0.907132,0.805066,0.8961585916119694,0.900092
classical_02::time_stretch::-10pct,classical_02,classical,time_stretch,-10.0,0.999,0.792003,0.916804,0.799097,0.89851004786681,0.9026023333333333
classical_02::time_stretch::-5pct,classical_02,classical,time_stretch,-5.0,0.999121,0.832235,0.921918,0.787189,0.9152058469047306,0.9177579999999999
classical_02::time_stretch::+5pct,classical_02,classical,time_stretch,5.0,0.999806,0.896479,0.923776,0.784801,0.939018563865809,0.9400203333333332
classical_02::time_stretch::+10pct,classical_02,classical,time_stretch,10.0,0.999391,0.888793,0.907349,0.755532,0.9306151995678249,0.9318443333333333
classical_02::time_stretch::+20pct,classical_02,classical,time_stretch,20.0,0.994538,0.863815,0.918092,0.767822,0.9239378851916427,0.9254816666666666
classical_02::lowpass::lp8000,classical_02,classical,lowpass,8000.0,1.0,0.540419,0.998866,0.789621,0.8142278382188305,0.8464283333333333
classical_02::lowpass::lp4000,classical_02,classical,lowpass,4000.0,0.996767,0.49875,0.996442,0.772079,0.7912423575169575,0.830653
classical_02::lowpass::lp2000,classical_02,classical,lowpass,2000.0,0.999545,0.435651,0.992241,0.763336,0.7559958501565792,0.8091456666666667
classical_02::distortion::drv4,classical_02,classical,distortion,4.0,1.0,0.971852,0.999929,0.787935,0.9905044528095427,0.9905936666666666
classical_02::distortion::drv12,classical_02,classical,distortion,12.0,0.99995,0.833633,0.998966,0.784493,0.9408086390554458,0.944183
classical_02::distortion::drv32,classical_02,classical,distortion,32.0,0.992631,0.649915,0.994843,0.740942,0.8625805232887941,0.8791296666666666
classical_02::style_swap::swap_cross,classical_02,classical,style_swap,nan,0.86747,0.357397,0.917487,0.49678,0.6576605058170614,0.714118
classical_02::style_swap::swap_same,classical_02,classical,style_swap,nan,0.942536,0.471133,0.900222,0.693582,0.7366542487804635,0.7712969999999999
classical_03::control::ctrl,classical_03,classical,control,0.0,1.0,0.999997,1.0,0.839157,0.999998999999,0.999999
classical_03::pitch_shift::-4st,classical_03,classical,pitch_shift,-4.0,0.763278,0.57865,0.889923,0.793982,0.7325158807525203,0.7439503333333333
classical_03::pitch_shift::-2st,classical_03,classical,pitch_shift,-2.0,0.782893,0.71388,0.874173,0.80961,0.7876047702508275,0.7903153333333333
classical_03::pitch_shift::-1st,classical_03,classical,pitch_shift,-1.0,0.697189,0.819816,0.924334,0.797457,0.808410504568963,0.8137796666666666
classical_03::pitch_shift::+1st,classical_03,classical,pitch_shift,1.0,0.685872,0.811784,0.988392,0.83292,0.8194785572321245,0.8286826666666667
classical_03::pitch_shift::+2st,classical_03,classical,pitch_shift,2.0,0.784037,0.713773,0.879468,0.801912,0.7895365483412161,0.792426
classical_03::pitch_shift::+4st,classical_03,classical,pitch_shift,4.0,0.755407,0.595073,0.862042,0.780281,0.7290543274185144,0.7375073333333333
classical_03::time_stretch::-20pct,classical_03,classical,time_stretch,-20.0,0.988873,0.715888,0.829531,0.826457,0.8374124385726882,0.8447639999999998
classical_03::time_stretch::-10pct,classical_03,classical,time_stretch,-10.0,0.994096,0.828248,0.830914,0.821946,0.8811467955906805,0.8844193333333332
classical_03::time_stretch::-5pct,classical_03,classical,time_stretch,-5.0,0.998272,0.902038,0.858321,0.829734,0.9177149794230122,0.9195436666666666
classical_03::time_stretch::+5pct,classical_03,classical,time_stretch,5.0,0.997052,0.887516,0.796007,0.823327,0.8897547100618397,0.8935249999999999
classical_03::time_stretch::+10pct,classical_03,classical,time_stretch,10.0,0.995176,0.89404,0.781351,0.828741,0.8858652625579813,0.8901889999999999
classical_03::time_stretch::+20pct,classical_03,classical,time_stretch,20.0,0.986146,0.849383,0.769112,0.802008,0.8636639452936259,0.8682136666666667
classical_03::lowpass::lp8000,classical_03,classical,lowpass,8000.0,1.0,0.98702,0.999866,0.844438,0.9956100025639686,0.9956286666666667
classical_03::lowpass::lp4000,classical_03,classical,lowpass,4000.0,1.0,0.981225,0.99984,0.853351,0.9936490859434672,0.9936883333333333
classical_03::lowpass::lp2000,classical_03,classical,lowpass,2000.0,1.0,0.956241,0.999435,0.858405,0.9850099971792334,0.9852253333333333
classical_03::distortion::drv4,classical_03,classical,distortion,4.0,1.0,0.963298,0.998158,0.83188,0.9870064335043317,0.9871519999999999
classical_03::distortion::drv12,classical_03,classical,distortion,12.0,0.999997,0.820762,0.992398,0.807928,0.9339004962678471,0.937719
classical_03::distortion::drv32,classical_03,classical,distortion,32.0,0.999737,0.639981,0.892112,0.721117,0.8295146792796305,0.8439433333333333
classical_03::style_swap::swap_cross,classical_03,classical,style_swap,nan,0.876701,0.36371,0.767467,0.589374,0.625492564540468,0.6692926666666665
classical_03::style_swap::swap_same,classical_03,classical,style_swap,nan,0.791802,0.405002,0.900867,0.664596,0.6610659885704822,0.6992236666666667
classical_04::control::ctrl,classical_04,classical,control,0.0,1.0,1.0,1.0,0.770551,1.0,1.0
classical_04::pitch_shift::-4st,classical_04,classical,pitch_shift,-4.0,0.901489,0.521403,0.984482,0.643491,0.7734767180999297,0.8024579999999999
classical_04::pitch_shift::-2st,classical_04,classical,pitch_shift,-2.0,0.902143,0.678577,0.987468,0.719199,0.8455368050551331,0.8560626666666666
classical_04::pitch_shift::-1st,classical_04,classical,pitch_shift,-1.0,0.887219,0.788843,0.989224,0.77639,0.8846510923044821,0.8884286666666665
classical_04::pitch_shift::+1st,classical_04,classical,pitch_shift,1.0,0.877595,0.80129,0.986898,0.744842,0.8853575815930612,0.8885943333333333
classical_04::pitch_shift::+2st,classical_04,classical,pitch_shift,2.0,0.905721,0.680111,0.982468,0.791483,0.845858173266729,0.8561
classical_04::pitch_shift::+4st,classical_04,classical,pitch_shift,4.0,0.908542,0.550581,0.97458,0.721649,0.7870359574945631,0.8112343333333333
classical_04::time_stretch::-20pct,classical_04,classical,time_stretch,-20.0,0.99867,0.886804,0.68228,0.767258,0.8454165836568885,0.855918
classical_04::time_stretch::-10pct,classical_04,classical,time_stretch,-10.0,0.999432,0.906711,0.743844,0.772562,0.8768015989752828,0.8833289999999999
classical_04::time_stretch::-5pct,classical_04,classical,time_stretch,-5.0,0.999685,0.907272,0.799026,0.776949,0.8982292603040408,0.9019943333333333
classical_04::time_stretch::+5pct,classical_04,classical,time_stretch,5.0,0.999197,0.887242,0.829843,0.784653,0.9027407550043167,0.9054273333333333
classical_04::time_stretch::+10pct,classical_04,classical,time_stretch,10.0,0.99876,0.879805,0.671739,0.792519,0.8388469116751157,0.8501013333333333
classical_04::time_stretch::+20pct,classical_04,classical,time_stretch,20.0,0.997952,0.873481,0.675817,0.753843,0.8382960295773867,0.8490833333333333
classical_04::lowpass::lp8000,classical_04,classical,lowpass,8000.0,0.999962,0.494824,0.956801,0.78058,0.7793848464500082,0.8171956666666667
classical_04::lowpass::lp4000,classical_04,classical,lowpass,4000.0,0.999988,0.451422,0.946613,0.694652,0.7532110067823711,0.799341
classical_04::lowpass::lp2000,classical_04,classical,lowpass,2000.0,0.999784,0.424381,0.776986,0.695091,0.6908097140224643,0.733717
classical_04::distortion::drv4,classical_04,classical,distortion,4.0,0.998683,0.915623,0.998689,0.760515,0.9701931537479027,0.9709983333333333
classical_04::distortion::drv12,classical_04,classical,distortion,12.0,0.999733,0.727059,0.99052,0.740661,0.8962702420410312,0.9057706666666666
classical_04::distortion::drv32,classical_04,classical,distortion,32.0,0.997847,0.596923,0.933518,0.657715,0.8223088956707867,0.8427626666666665
classical_04::style_swap::swap_cross,classical_04,classical,style_swap,nan,0.718854,0.437217,0.680686,0.598123,0.5980830815206984,0.6122523333333334
classical_04::style_swap::swap_same,classical_04,classical,style_swap,nan,0.865958,0.423247,0.690671,0.636853,0.6325875585099129,0.6599586666666666
classical_05::control::ctrl,classical_05,classical,control,0.0,1.0,1.0,1.0,0.863103,1.0,1.0
classical_05::pitch_shift::-4st,classical_05,classical,pitch_shift,-4.0,0.821281,0.543714,0.987096,0.696754,0.7610395515405798,0.7840303333333334
classical_05::pitch_shift::-2st,classical_05,classical,pitch_shift,-2.0,0.930625,0.682357,0.991845,0.812404,0.8571892676411644,0.8682756666666667
classical_05::pitch_shift::-1st,classical_05,classical,pitch_shift,-1.0,0.779984,0.785097,0.99359,0.655161,0.8473680298448533,0.8528903333333333
classical_05::pitch_shift::+1st,classical_05,classical,pitch_shift,1.0,0.784711,0.799547,0.991536,0.781985,0.8536648676368803,0.858598
classical_05::pitch_shift::+2st,classical_05,classical,pitch_shift,2.0,0.917062,0.677257,0.987259,0.756069,0.849560739042351,0.8605259999999999
classical_05::pitch_shift::+4st,classical_05,classical,pitch_shift,4.0,0.813794,0.55841,0.972983,0.606838,0.7618292461857162,0.781729
classical_05::time_stretch::-20pct,classical_05,classical,time_stretch,-20.0,0.994883,0.833714,0.518475,0.848184,0.7548123109407207,0.7823573333333333
classical_05::time_stretch::-10pct,classical_05,classical,time_stretch,-10.0,0.997262,0.893617,0.612751,0.847492,0.8173628735960698,0.8345433333333333
classical_05::time_stretch::-5pct,classical_05,classical,time_stretch,-5.0,0.998358,0.917155,0.69714,0.86115,0.8610261618763453,0.8708843333333333
classical_05::time_stretch::+5pct,classical_05,classical,time_stretch,5.0,0.997766,0.918096,0.699806,0.870052,0.8622465908202624,0.8718893333333333
classical_05::time_stretch::+10pct,classical_05,classical,time_stretch,10.0,0.997508,0.900887,0.634461,0.846979,0.8292087564480604,0.8442853333333332
classical_05::time_stretch::+20pct,classical_05,classical,time_stretch,20.0,0.99558,0.881636,0.540175,0.863696,0.7797702345102904,0.8057969999999999
classical_05::lowpass::lp8000,classical_05,classical,lowpass,8000.0,0.999994,0.555207,0.997365,0.864897,0.8211745546831355,0.8508553333333333
classical_05::lowpass::lp4000,classical_05,classical,lowpass,4000.0,0.999994,0.424309,0.988053,0.801758,0.7484336286597303,0.8041186666666666
classical_05::lowpass::lp2000,classical_05,classical,lowpass,2000.0,0.999981,0.420024,0.975184,0.811394,0.7426499235116456,0.7983963333333333
classical_05::distortion::drv4,classical_05,classical,distortion,4.0,0.999044,0.611597,0.988816,0.759743,0.8453861902228407,0.8664856666666666
classical_05::distortion::drv12,classical_05,classical,distortion,12.0,0.995044,0.453771,0.9635,0.639261,0.7577226110723716,0.804105
classical_05::distortion::drv32,classical_05,classical,distortion,32.0,0.992742,0.462087,0.937098,0.596926,0.7547128060112095,0.7973089999999999
classical_05::style_swap::swap_cross,classical_05,classical,style_swap,nan,0.834885,0.443612,0.69714,0.592101,0.6367710570693991,0.6585456666666666
classical_05::style_swap::swap_same,classical_05,classical,style_swap,nan,0.942535,0.470888,0.63049,0.628517,0.6540803528029614,0.6813043333333333
classical_06::control::ctrl,classical_06,classical,control,0.0,1.0,1.0,1.0,0.683052,1.0,1.0
classical_06::pitch_shift::-4st,classical_06,classical,pitch_shift,-4.0,0.733397,0.711626,0.939725,0.669314,0.7886129522137503,0.794916
classical_06::pitch_shift::-2st,classical_06,classical,pitch_shift,-2.0,0.823548,0.805637,0.991601,0.685565,0.8697379601632836,0.8735953333333333
classical_06::pitch_shift::-1st,classical_06,classical,pitch_shift,-1.0,0.731105,0.846515,0.925951,0.715078,0.8306169814070742,0.8345236666666667
classical_06::pitch_shift::+1st,classical_06,classical,pitch_shift,1.0,0.770905,0.868857,0.992582,0.738644,0.8727808071561507,0.8774479999999999
classical_06::pitch_shift::+2st,classical_06,classical,pitch_shift,2.0,0.851748,0.789879,0.964994,0.662846,0.8658954037995583,0.8688736666666665
classical_06::pitch_shift::+4st,classical_06,classical,pitch_shift,4.0,0.755599,0.653797,0.962346,0.723759,0.7804681436032808,0.7905806666666666
classical_06::time_stretch::-20pct,classical_06,classical,time_stretch,-20.0,0.988113,0.686575,0.852273,0.652644,0.8330884427153804,0.8423203333333333
classical_06::time_stretch::-10pct,classical_06,classical,time_stretch,-10.0,0.993382,0.845399,0.902407,0.689541,0.9117172192013713,0.9137293333333333
classical_06::time_stretch::-5pct,classical_06,classical,time_stretch,-5.0,0.998471,0.87979,0.930706,0.724054,0.9350661384933581,0.9363223333333333
classical_06::time_stretch::+5pct,classical_06,classical,time_stretch,5.0,0.996704,0.870391,0.930276,0.695743,0.931030989056999,0.932457
classical_06::time_stretch::+10pct,classical_06,classical,time_stretch,10.0,0.991961,0.896454,0.864233,0.689626,0.915976821653291,0.9175493333333333
classical_06::time_stretch::+20pct,classical_06,classical,time_stretch,20.0,0.98738,0.842828,0.910583,0.667647,0.9116908715940912,0.913597
classical_06::lowpass::lp8000,classical_06,classical,lowpass,8000.0,0.999344,0.847287,0.999466,0.695906,0.9458839559848724,0.948699
classical_06::lowpass::lp4000,classical_06,classical,lowpass,4000.0,0.998589,0.628359,0.997548,0.649627,0.8554135788126095,0.8748319999999999
classical_06::lowpass::lp2000,classical_06,classical,lowpass,2000.0,0.99923,0.529815,0.993118,0.605904,0.8071052814657554,0.8407209999999999
classical_06::distortion::drv4,classical_06,classical,distortion,4.0,0.999532,0.849352,0.985212,0.68082,0.9421890149174024,0.9446986666666666
classical_06::distortion::drv12,classical_06,classical,distortion,12.0,0.994831,0.64884,0.949693,0.540312,0.8494869681485172,0.8644546666666666
classical_06::distortion::drv32,classical_06,classical,distortion,32.0,0.989607,0.587683,0.942812,0.44367,0.8184842549635505,0.840034
classical_06::style_swap::swap_cross,classical_06,classical,style_swap,nan,0.860518,0.472724,0.758397,0.549085,0.6757012761138919,0.697213
classical_06::style_swap::swap_same,classical_06,classical,style_swap,nan,0.818979,0.522514,0.856777,0.706083,0.7157249642197292,0.7327566666666667
classical_07::control::ctrl,classical_07,classical,control,0.0,1.0,1.0,1.0,0.726878,1.0,1.0
classical_07::pitch_shift::-4st,classical_07,classical,pitch_shift,-4.0,0.757175,0.546959,0.992101,0.634361,0.7434223991676238,0.7654116666666666
classical_07::pitch_shift::-2st,classical_07,classical,pitch_shift,-2.0,0.520225,0.674968,0.997295,0.662274,0.7048542911041735,0.7308293333333333
classical_07::pitch_shift::-1st,classical_07,classical,pitch_shift,-1.0,0.613044,0.808133,0.998693,0.697808,0.7909253545441831,0.8066233333333332
classical_07::pitch_shift::+1st,classical_07,classical,pitch_shift,1.0,0.608593,0.789392,0.979729,0.702007,0.7778727282531084,0.7925713333333333
classical_07::pitch_shift::+2st,classical_07,classical,pitch_shift,2.0,0.502196,0.669624,0.975705,0.631703,0.6897222932757685,0.7158416666666666
classical_07::pitch_shift::+4st,classical_07,classical,pitch_shift,4.0,0.74198,0.536072,0.967433,0.654416,0.7273532886563486,0.7484949999999999
classical_07::time_stretch::-20pct,classical_07,classical,time_stretch,-20.0,0.98842,0.817409,0.735008,0.739775,0.840538612107762,0.8469456666666666
classical_07::time_stretch::-10pct,classical_07,classical,time_stretch,-10.0,0.999356,0.893115,0.779965,0.758826,0.8862731127703686,0.8908119999999999
classical_07::time_stretch::-5pct,classical_07,classical,time_stretch,-5.0,0.999388,0.928266,0.79643,0.742898,0.9040339250731666,0.908028
classical_07::time_stretch::+5pct,classical_07,classical,time_stretch,5.0,0.998837,0.893304,0.819091,0.742265,0.9007591548362059,0.9037439999999999
classical_07::time_stretch::+10pct,classical_07,classical,time_stretch,10.0,0.9976,0.865128,0.775159,0.709497,0.8745994518864072,0.8792956666666667
classical_07::time_stretch::+20pct,classical_07,classical,time_stretch,20.0,0.994553,0.84689,0.725658,0.726809,0.8486507017506897,0.8557003333333333
classical_07::lowpass::lp8000,classical_07,classical,lowpass,8000.0,1.0,0.887377,0.999931,0.73848,0.9609321714479901,0.962436
classical_07::lowpass::lp4000,classical_07,classical,lowpass,4000.0,0.999998,0.67577,0.999563,0.746205,0.8774103176168294,0.891777
classical_07::lowpass::lp2000,classical_07,classical,lowpass,2000.0,0.999805,0.529654,0.997893,0.685526,0.8084698818396826,0.8424506666666667
classical_07::distortion::drv4,classical_07,classical,distortion,4.0,0.999685,0.830664,0.999399,0.732884,0.9397431277263526,0.9432493333333334
classical_07::distortion::drv12,classical_07,classical,distortion,12.0,0.997603,0.688581,0.997957,0.681682,0.8817420177734321,0.8947136666666666
classical_07::distortion::drv32,classical_07,classical,distortion,32.0,0.9914,0.60047,0.995059,0.579242,0.8398396099956373,0.8623096666666665
classical_07::style_swap::swap_cross,classical_07,classical,style_swap,nan,0.561467,0.441637,0.729005,0.65258,0.5654229055538934,0.5773696666666667
classical_07::style_swap::swap_same,classical_07,classical,style_swap,nan,0.900928,0.479528,0.776503,0.634711,0.6948361381721961,0.7189863333333333
classical_08::control::ctrl,classical_08,classical,control,0.0,1.0,1.0,1.0,0.850615,1.0,1.0
classical_08::pitch_shift::-4st,classical_08,classical,pitch_shift,-4.0,0.66046,0.515426,0.969699,0.704359,0.6911143810005517,0.715195
classical_08::pitch_shift::-2st,classical_08,classical,pitch_shift,-2.0,0.587729,0.626776,0.971708,0.705016,0.710027362750404,0.7287376666666666
classical_08::pitch_shift::-1st,classical_08,classical,pitch_shift,-1.0,0.622255,0.743194,0.973409,0.794787,0.7663996817319658,0.7796193333333333
classical_08::pitch_shift::+1st,classical_08,classical,pitch_shift,1.0,0.638413,0.712939,0.992423,0.807888,0.7672736877470621,0.7812583333333333
classical_08::pitch_shift::+2st,classical_08,classical,pitch_shift,2.0,0.581312,0.619846,0.981159,0.766917,0.7070945572556258,0.727439
classical_08::pitch_shift::+4st,classical_08,classical,pitch_shift,4.0,0.646051,0.47619,0.978834,0.785706,0.6702734855952365,0.7003583333333333
classical_08::time_stretch::-20pct,classical_08,classical,time_stretch,-20.0,0.993109,0.817406,0.907803,0.828568,0.9032516928356172,0.906106
classical_08::time_stretch::-10pct,classical_08,classical,time_stretch,-10.0,0.998668,0.874913,0.909187,0.829006,0.9261466077688835,0.9275893333333334
classical_08::time_stretch::-5pct,classical_08,classical,time_stretch,-5.0,0.998693,0.835193,0.933775,0.844979,0.9200689288903316,0.9225536666666666
classical_08::time_stretch::+5pct,classical_08,classical,time_stretch,5.0,0.998583,0.864724,0.94635,0.832922,0.9349129077402755,0.9365523333333333
classical_08::time_stretch::+10pct,classical_08,classical,time_stretch,10.0,0.998933,0.888601,0.931891,0.814033,0.9387200452848052,0.9398083333333332
classical_08::time_stretch::+20pct,classical_08,classical,time_stretch,20.0,0.997636,0.866634,0.908052,0.785418,0.9225137578327531,0.9241073333333332
classical_08::lowpass::lp8000,classical_08,classical,lowpass,8000.0,0.999998,0.958807,0.999964,0.852992,0.9860635322723866,0.9862563333333333
classical_08::lowpass::lp4000,classical_08,classical,lowpass,4000.0,0.999966,0.949258,0.999725,0.862291,0.9826903336351895,0.9829829999999999
classical_08::lowpass::lp2000,classical_08,classical,lowpass,2000.0,0.999991,0.464655,0.978765,0.809842,0.7690154155325902,0.8144703333333332
classical_08::distortion::drv4,classical_08,classical,distortion,4.0,0.99872,0.57373,0.982073,0.786626,0.8255911443748537,0.8515076666666667
classical_08::distortion::drv12,classical_08,classical,distortion,12.0,0.984657,0.414515,0.972302,0.548975,0.7348670939882268,0.7904913333333333
classical_08::distortion::drv32,classical_08,classical,distortion,32.0,0.967876,0.408195,0.979023,0.435135,0.7286071556624846,0.7850313333333333
classical_08::style_swap::swap_cross,classical_08,classical,style_swap,nan,0.809106,0.416323,0.888808,0.604412,0.668982248215089,0.7047456666666667
classical_08::style_swap::swap_same,classical_08,classical,style_swap,nan,0.809079,0.380344,0.901233,0.667203,0.6521310238781826,0.6968853333333332
classical_09::control::ctrl,classical_09,classical,control,0.0,1.0,1.0,1.0,0.779827,1.0,1.0
classical_09::pitch_shift::-4st,classical_09,classical,pitch_shift,-4.0,0.847713,0.620719,0.993877,0.656669,0.8056730580730314,0.8207696666666666
classical_09::pitch_shift::-2st,classical_09,classical,pitch_shift,-2.0,0.849058,0.72651,0.998212,0.696997,0.8507473018912346,0.8579266666666666
classical_09::pitch_shift::-1st,classical_09,classical,pitch_shift,-1.0,0.806724,0.815524,0.999183,0.706485,0.8694986660244262,0.8738103333333334
classical_09::pitch_shift::+1st,classical_09,classical,pitch_shift,1.0,0.798944,0.796562,0.998335,0.687986,0.8596811556861403,0.8646136666666666
classical_09::pitch_shift::+2st,classical_09,classical,pitch_shift,2.0,0.834423,0.709868,0.985911,0.690775,0.8358606094202244,0.8434006666666666
classical_09::pitch_shift::+4st,classical_09,classical,pitch_shift,4.0,0.827298,0.589129,0.978968,0.649953,0.7814123856425369,0.798465
classical_09::time_stretch::-20pct,classical_09,classical,time_stretch,-20.0,0.990638,0.873388,0.830196,0.755334,0.8955729069792907,0.898074
classical_09::time_stretch::-10pct,classical_09,classical,time_stretch,-10.0,0.995782,0.889421,0.863167,0.777369,0.9143704023495586,0.9161233333333332
classical_09::time_stretch::-5pct,classical_09,classical,time_stretch,-5.0,0.99833,0.891746,0.810619,0.801823,0.8969688413969424,0.9002316666666667
classical_09::time_stretch::+5pct,classical_09,classical,time_stretch,5.0,0.999149,0.896342,0.883323,0.82479,0.9248568435394849,0.9262713333333332
classical_09::time_stretch::+10pct,classical_09,classical,time_stretch,10.0,0.998608,0.891156,0.860268,0.788904,0.9148028626372959,0.9166773333333333
classical_09::time_stretch::+20pct,classical_09,classical,time_stretch,20.0,0.995915,0.855669,0.832581,0.808019,0.8919041592657103,0.8947216666666666
classical_09::lowpass::lp8000,classical_09,classical,lowpass,8000.0,1.0,0.849612,0.999888,0.781847,0.947088721267098,0.9498333333333333
classical_09::lowpass::lp4000,classical_09,classical,lowpass,4000.0,0.999999,0.586038,0.988682,0.815542,0.8336696482132319,0.8582396666666665
classical_09::lowpass::lp2000,classical_09,classical,lowpass,2000.0,0.99994,0.479378,0.987621,0.73121,0.7793767611411783,0.822313
classical_09::distortion::drv4,classical_09,classical,distortion,4.0,0.999633,0.807796,0.999539,0.695301,0.9310664459403141,0.9356559999999999
classical_09::distortion::drv12,classical_09,classical,distortion,12.0,0.996819,0.633971,0.998562,0.655388,0.857735881484022,0.8764506666666666
classical_09::distortion::drv32,classical_09,classical,distortion,32.0,0.991088,0.52882,0.99644,0.659636,0.8052988536786003,0.8387826666666666
classical_09::style_swap::swap_cross,classical_09,classical,style_swap,nan,0.897722,0.377306,0.883131,0.45371,0.6687855841722866,0.7193863333333332
classical_09::style_swap::swap_same,classical_09,classical,style_swap,nan,0.818171,0.530727,0.816501,0.532988,0.7077675739160364,0.7217996666666666
classical_10::control::ctrl,classical_10,classical,control,0.0,1.0,1.0,1.0,0.847845,1.0,1.0
classical_10::pitch_shift::-4st,classical_10,classical,pitch_shift,-4.0,0.719206,0.613163,0.996574,0.712668,0.7602905601233027,0.7763143333333333
classical_10::pitch_shift::-2st,classical_10,classical,pitch_shift,-2.0,0.685272,0.751577,0.999045,0.717236,0.8013221967856756,0.8119646666666666
classical_10::pitch_shift::-1st,classical_10,classical,pitch_shift,-1.0,0.599706,0.837534,0.999695,0.72206,0.7948212202362943,0.8123116666666665
classical_10::pitch_shift::+1st,classical_10,classical,pitch_shift,1.0,0.594883,0.857373,0.999183,0.713025,0.7987584504602554,0.8171463333333333
classical_10::pitch_shift::+2st,classical_10,classical,pitch_shift,2.0,0.662733,0.773572,0.99803,0.747478,0.7998237783947703,0.811445
classical_10::pitch_shift::+4st,classical_10,classical,pitch_shift,4.0,0.728674,0.641806,0.994788,0.713927,0.7748587258495518,0.7884226666666667
classical_10::time_stretch::-20pct,classical_10,classical,time_stretch,-20.0,0.988434,0.828269,0.928726,0.817851,0.9127157866055999,0.915143
classical_10::time_stretch::-10pct,classical_10,classical,time_stretch,-10.0,0.995007,0.872862,0.919239,0.813256,0.9276839756385963,0.929036
classical_10::time_stretch::-5pct,classical_10,classical,time_stretch,-5.0,0.998621,0.921471,0.936839,0.82288,0.9517344200391309,0.9523103333333333
classical_10::time_stretch::+5pct,classical_10,classical,time_stretch,5.0,0.998283,0.933263,0.936183,0.810532,0.955446025300225,0.9559096666666667
classical_10::time_stretch::+10pct,classical_10,classical,time_stretch,10.0,0.996293,0.89694,0.916669,0.809239,0.9356663378054393,0.936634
classical_10::time_stretch::+20pct,classical_10,classical,time_stretch,20.0,0.993261,0.850016,0.904104,0.805037,0.9139090084825139,0.9157936666666666
classical_10::lowpass::lp8000,classical_10,classical,lowpass,8000.0,1.0,0.870783,0.999954,0.847845,0.9549119347105577,0.9569123333333334
classical_10::lowpass::lp4000,classical_10,classical,lowpass,4000.0,0.999993,0.65228,0.999774,0.818312,0.8671833955726685,0.8840156666666666
classical_10::lowpass::lp2000,classical_10,classical,lowpass,2000.0,0.999819,0.536521,0.999236,0.778836,0.8123167236176966,0.8451919999999999
classical_10::distortion::drv4,classical_10,classical,distortion,4.0,0.999561,0.723807,0.999312,0.790945,0.8975205368211091,0.9075599999999999
classical_10::distortion::drv12,classical_10,classical,distortion,12.0,0.994965,0.593012,0.998199,0.698214,0.8382292381273582,0.8620586666666665
classical_10::distortion::drv32,classical_10,classical,distortion,32.0,0.986273,0.550735,0.994871,0.627654,0.8145208348118397,0.8439596666666666
classical_10::style_swap::swap_cross,classical_10,classical,style_swap,nan,0.647722,0.481486,0.954542,0.613361,0.6677119026746909,0.6945833333333333
classical_10::style_swap::swap_same,classical_10,classical,style_swap,nan,0.904747,0.493142,0.904104,0.749234,0.7388776186313811,0.767331
classical_11::control::ctrl,classical_11,classical,control,0.0,1.0,1.0,1.0,0.814832,1.0,1.0
classical_11::pitch_shift::-4st,classical_11,classical,pitch_shift,-4.0,0.644511,0.61685,0.957136,0.693205,0.7246492573207625,0.7394989999999999
classical_11::pitch_shift::-2st,classical_11,classical,pitch_shift,-2.0,0.657321,0.682686,0.97537,0.737841,0.7592578647208372,0.7717923333333333
classical_11::pitch_shift::-1st,classical_11,classical,pitch_shift,-1.0,0.60803,0.790021,0.994911,0.680746,0.7818365307413568,0.7976539999999999
classical_11::pitch_shift::+1st,classical_11,classical,pitch_shift,1.0,0.643258,0.77334,0.959968,0.717246,0.7816352595426443,0.7921886666666667
classical_11::pitch_shift::+2st,classical_11,classical,pitch_shift,2.0,0.649718,0.677095,0.958427,0.677674,0.7498559613218574,0.7617466666666667
classical_11::pitch_shift::+4st,classical_11,classical,pitch_shift,4.0,0.744317,0.585759,0.97227,0.698332,0.7511983026723309,0.7674486666666667
classical_11::time_stretch::-20pct,classical_11,classical,time_stretch,-20.0,0.994829,0.797909,0.855345,0.821871,0.8789166812588165,0.8826943333333332
classical_11::time_stretch::-10pct,classical_11,classical,time_stretch,-10.0,0.999187,0.868288,0.877872,0.789547,0.9132308844423579,0.9151156666666667
classical_11::time_stretch::-5pct,classical_11,classical,time_stretch,-5.0,0.998641,0.88302,0.877096,0.79492,0.9179288527725287,0.9195856666666666
classical_11::time_stretch::+5pct,classical_11,classical,time_stretch,5.0,0.999501,0.870562,0.875965,0.805688,0.9134607638535973,0.9153426666666666
classical_11::time_stretch::+10pct,classical_11,classical,time_stretch,10.0,0.999293,0.854816,0.845234,0.793056,0.897113685795676,0.8997809999999999
classical_11::time_stretch::+20pct,classical_11,classical,time_stretch,20.0,0.994507,0.840781,0.814446,0.815709,0.87980077994929,0.8832446666666667
classical_11::lowpass::lp8000,classical_11,classical,lowpass,8000.0,1.0,0.994814,0.999996,0.810969,0.9982670053791947,0.99827
classical_11::lowpass::lp4000,classical_11,classical,lowpass,4000.0,1.0,0.824766,0.999765,0.813819,0.9377265794236042,0.9415103333333332
classical_11::lowpass::lp2000,classical_11,classical,lowpass,2000.0,0.999993,0.595429,0.980281,0.81431,0.8357168833554244,0.8585676666666666
classical_11::distortion::drv4,classical_11,classical,distortion,4.0,0.99995,0.879139,0.981273,0.793296,0.951937773315265,0.9534539999999999
classical_11::distortion::drv12,classical_11,classical,distortion,12.0,0.998639,0.680253,0.978224,0.760774,0.8726480060636679,0.8857053333333333
classical_11::distortion::drv32,classical_11,classical,distortion,32.0,0.992478,0.554524,0.97551,0.691308,0.8127512645778557,0.8408373333333332
classical_11::style_swap::swap_cross,classical_11,classical,style_swap,nan,0.885847,0.394578,0.790835,0.573354,0.6514171015600754,0.6904199999999999
classical_11::style_swap::swap_same,classical_11,classical,style_swap,nan,0.759333,0.423632,0.821259,0.586973,0.641653239863274,0.6680746666666666
classical_12::control::ctrl,classical_12,classical,control,0.0,1.0,1.0,1.0,0.828252,1.0,1.0
classical_12::pitch_shift::-4st,classical_12,classical,pitch_shift,-4.0,0.743455,0.57237,0.990987,0.795541,0.7498939253819494,0.7689373333333334
classical_12::pitch_shift::-2st,classical_12,classical,pitch_shift,-2.0,0.758042,0.700802,0.992392,0.811631,0.8078373933106417,0.8170786666666667
classical_12::pitch_shift::-1st,classical_12,classical,pitch_shift,-1.0,0.83163,0.763924,0.992558,0.811276,0.8575222524619249,0.8627039999999999
classical_12::pitch_shift::+1st,classical_12,classical,pitch_shift,1.0,0.824582,0.78472,0.980745,0.812198,0.8593463265428437,0.8633489999999999
classical_12::pitch_shift::+2st,classical_12,classical,pitch_shift,2.0,0.757663,0.701448,0.980585,0.796916,0.804733848154605,0.813232
classical_12::pitch_shift::+4st,classical_12,classical,pitch_shift,4.0,0.732591,0.589121,0.991232,0.810486,0.7534951576331222,0.7709813333333333
classical_12::time_stretch::-20pct,classical_12,classical,time_stretch,-20.0,0.990562,0.797208,0.933233,0.819834,0.9032635108764379,0.907001
classical_12::time_stretch::-10pct,classical_12,classical,time_stretch,-10.0,0.998019,0.847277,0.931675,0.83058,0.9235836219394266,0.925657
classical_12::time_stretch::-5pct,classical_12,classical,time_stretch,-5.0,0.998018,0.823914,0.931651,0.822312,0.915007183681707,0.9178609999999999
classical_12::time_stretch::+5pct,classical_12,classical,time_stretch,5.0,0.999421,0.817878,0.92275,0.825798,0.9102772391126035,0.9133496666666666
classical_12::time_stretch::+10pct,classical_12,classical,time_stretch,10.0,0.998317,0.853546,0.903186,0.812041,0.9164122059753836,0.9183496666666666
classical_12::time_stretch::+20pct,classical_12,classical,time_stretch,20.0,0.996667,0.842452,0.937447,0.808464,0.9233095396008401,0.925522
classical_12::lowpass::lp8000,classical_12,classical,lowpass,8000.0,1.0,0.813923,0.999443,0.831197,0.9334988427004434,0.9377886666666666
classical_12::lowpass::lp4000,classical_12,classical,lowpass,4000.0,0.999999,0.509593,0.997705,0.803243,0.7981326109441877,0.8357656666666666
classical_12::lowpass::lp2000,classical_12,classical,lowpass,2000.0,0.999363,0.414133,0.98257,0.783656,0.7408703280531631,0.7986886666666666
classical_12::distortion::drv4,classical_12,classical,distortion,4.0,0.999485,0.911366,0.99945,0.819492,0.9691925307477621,0.9701003333333332
classical_12::distortion::drv12,classical_12,classical,distortion,12.0,0.997929,0.706351,0.994833,0.816432,0.8884305082973328,0.8997043333333332
classical_12::distortion::drv32,classical_12,classical,distortion,32.0,0.995035,0.5538,0.972473,0.715885,0.8122498134856558,0.840436
classical_12::style_swap::swap_cross,classical_12,classical,style_swap,nan,0.970511,0.410347,0.9129,0.533101,0.7137152514003227,0.764586
classical_12::style_swap::swap_same,classical_12,classical,style_swap,nan,0.654856,0.48404,0.888062,0.59213,0.655375371327607,0.6756526666666667
classical_13::control::ctrl,classical_13,classical,control,0.0,1.0,1.0,1.0,0.735999,1.0,1.0
classical_13::pitch_shift::-4st,classical_13,classical,pitch_shift,-4.0,0.841156,0.546658,0.959453,0.684603,0.7612698911963951,0.7824223333333333
classical_13::pitch_shift::-2st,classical_13,classical,pitch_shift,-2.0,0.862278,0.652012,0.941637,0.743706,0.808963269524105,0.8186423333333332
classical_13::pitch_shift::-1st,classical_13,classical,pitch_shift,-1.0,0.825424,0.750878,0.968598,0.681804,0.8435872621651131,0.8483
classical_13::pitch_shift::+1st,classical_13,classical,pitch_shift,1.0,0.850371,0.74316,0.967456,0.698453,0.8487386830692464,0.8536623333333333
classical_13::pitch_shift::+2st,classical_13,classical,pitch_shift,2.0,0.878071,0.645527,0.96449,0.716563,0.8176747591199324,0.8293626666666667
classical_13::pitch_shift::+4st,classical_13,classical,pitch_shift,4.0,0.87644,0.52088,0.982057,0.719228,0.765359580132497,0.7931256666666666
classical_13::time_stretch::-20pct,classical_13,classical,time_stretch,-20.0,0.987907,0.772055,0.823149,0.718604,0.8562769481218946,0.8610369999999999
classical_13::time_stretch::-10pct,classical_13,classical,time_stretch,-10.0,0.998938,0.803849,0.789457,0.710156,0.8590408769640463,0.8640813333333333
classical_13::time_stretch::-5pct,classical_13,classical,time_stretch,-5.0,0.997454,0.817455,0.875331,0.717547,0.893668287074537,0.8967466666666666
classical_13::time_stretch::+5pct,classical_13,classical,time_stretch,5.0,0.999296,0.793227,0.845986,0.740836,0.8752892698357758,0.8795029999999999
classical_13::time_stretch::+10pct,classical_13,classical,time_stretch,10.0,0.993953,0.805061,0.846581,0.734197,0.8782558504721398,0.8818649999999999
classical_13::time_stretch::+20pct,classical_13,classical,time_stretch,20.0,0.994975,0.77802,0.803953,0.72461,0.8537771551195129,0.8589826666666667
classical_13::lowpass::lp8000,classical_13,classical,lowpass,8000.0,1.0,0.803034,0.948103,0.733399,0.9131241270164401,0.9170456666666666
classical_13::lowpass::lp4000,classical_13,classical,lowpass,4000.0,0.999998,0.652772,0.947634,0.7489,0.8520539505822163,0.8668013333333333
classical_13::lowpass::lp2000,classical_13,classical,lowpass,2000.0,0.999967,0.484744,0.99823,0.696788,0.785072158502382,0.8276469999999999
classical_13::distortion::drv4,classical_13,classical,distortion,4.0,0.999999,0.977888,0.948413,0.746211,0.97520381951605,0.9754333333333333
classical_13::distortion::drv12,classical_13,classical,distortion,12.0,0.999983,0.874878,0.948076,0.735154,0.9395670006894883,0.940979
classical_13::distortion::drv32,classical_13,classical,distortion,32.0,0.999935,0.69862,0.94636,0.727989,0.8711435390690644,0.8816383333333333
classical_13::style_swap::swap_cross,classical_13,classical,style_swap,nan,0.93863,0.407658,0.735857,0.553928,0.6554324541405092,0.6940483333333333
classical_13::style_swap::swap_same,classical_13,classical,style_swap,nan,0.850502,0.408575,0.846581,0.703039,0.6650769277756953,0.701886
classical_14::control::ctrl,classical_14,classical,control,0.0,1.0,1.0,1.0,0.853792,1.0,1.0
classical_14::pitch_shift::-4st,classical_14,classical,pitch_shift,-4.0,0.707828,0.578009,0.943716,0.777447,0.7281729677788128,0.7431843333333332
classical_14::pitch_shift::-2st,classical_14,classical,pitch_shift,-2.0,0.827862,0.711363,0.949087,0.81957,0.8237303769366676,0.8294373333333332
classical_14::pitch_shift::-1st,classical_14,classical,pitch_shift,-1.0,0.691517,0.815142,0.996563,0.84126,0.8251133809836704,0.8344073333333333
classical_14::pitch_shift::+1st,classical_14,classical,pitch_shift,1.0,0.706686,0.814737,0.970512,0.822655,0.8236605754604592,0.8306450000000001
classical_14::pitch_shift::+2st,classical_14,classical,pitch_shift,2.0,0.834355,0.714599,0.970265,0.838165,0.8332357226521275,0.8397396666666666
classical_14::pitch_shift::+4st,classical_14,classical,pitch_shift,4.0,0.717731,0.575861,0.965025,0.778419,0.7361042276092695,0.7528723333333333
classical_14::time_stretch::-20pct,classical_14,classical,time_stretch,-20.0,0.99348,0.818313,0.707226,0.836961,0.8315319342029079,0.839673
classical_14::time_stretch::-10pct,classical_14,classical,time_stretch,-10.0,0.997792,0.894334,0.770482,0.842501,0.8826071042156739,0.8875359999999999
classical_14::time_stretch::-5pct,classical_14,classical,time_stretch,-5.0,0.998505,0.904537,0.78324,0.842213,0.8910262109189234,0.8954273333333334
classical_14::time_stretch::+5pct,classical_14,classical,time_stretch,5.0,0.998342,0.887296,0.825731,0.859581,0.9010083554765741,0.9037896666666666
classical_14::time_stretch::+10pct,classical_14,classical,time_stretch,10.0,0.99714,0.89474,0.806057,0.864695,0.8959275987570129,0.8993123333333333
classical_14::time_stretch::+20pct,classical_14,classical,time_stretch,20.0,0.989512,0.837994,0.828852,0.842746,0.8824964927417845,0.8854526666666667
classical_14::lowpass::lp8000,classical_14,classical,lowpass,8000.0,1.0,0.984898,0.999993,0.853182,0.9949381225340124,0.9949636666666666
classical_14::lowpass::lp4000,classical_14,classical,lowpass,4000.0,1.0,0.941419,0.99991,0.849606,0.9800493770380014,0.980443
classical_14::lowpass::lp2000,classical_14,classical,lowpass,2000.0,0.999999,0.586041,0.998457,0.858661,0.8364095396563367,0.861499
classical_14::distortion::drv4,classical_14,classical,distortion,4.0,0.999914,0.742817,0.996099,0.755639,0.90444534772282,0.9129433333333332
classical_14::distortion::drv12,classical_14,classical,distortion,12.0,0.998442,0.574651,0.988334,0.570335,0.8277075463592379,0.853809
classical_14::distortion::drv32,classical_14,classical,distortion,32.0,0.99225,0.502599,0.982553,0.488518,0.7883751099715632,0.8258006666666666
classical_14::style_swap::swap_cross,classical_14,classical,style_swap,nan,0.872103,0.34507,0.760395,0.592043,0.6116524865310694,0.6591893333333333
classical_14::style_swap::swap_same,classical_14,classical,style_swap,nan,0.825374,0.443807,0.748869,0.514794,0.6497559448016418,0.6726833333333333
classical_15::control::ctrl,classical_15,classical,control,0.0,1.0,1.0,1.0,0.757276,1.0,1.0
classical_15::pitch_shift::-4st,classical_15,classical,pitch_shift,-4.0,0.956393,0.512275,0.985627,0.792694,0.7845441364354527,0.8180983333333334
classical_15::pitch_shift::-2st,classical_15,classical,pitch_shift,-2.0,0.968809,0.686446,0.996145,0.791384,0.8717441351573273,0.8837999999999999
classical_15::pitch_shift::-1st,classical_15,classical,pitch_shift,-1.0,0.985054,0.818368,0.98649,0.757473,0.926475178341519,0.9299706666666666
classical_15::pitch_shift::+1st,classical_15,classical,pitch_shift,1.0,0.983004,0.815529,0.985582,0.739702,0.924476378985661,0.9280383333333332
classical_15::pitch_shift::+2st,classical_15,classical,pitch_shift,2.0,0.974903,0.680341,0.994626,0.74399,0.8705277494896728,0.8832899999999999
classical_15::pitch_shift::+4st,classical_15,classical,pitch_shift,4.0,0.968333,0.545058,0.983762,0.713189,0.8037466292472185,0.8323843333333333
classical_15::time_stretch::-20pct,classical_15,classical,time_stretch,-20.0,0.998319,0.811425,0.943046,0.745614,0.9141487422419939,0.9175966666666666
classical_15::time_stretch::-10pct,classical_15,classical,time_stretch,-10.0,0.999528,0.825324,0.927275,0.776347,0.9145539503922846,0.9173756666666666
classical_15::time_stretch::-5pct,classical_15,classical,time_stretch,-5.0,0.999651,0.87658,0.939828,0.747581,0.9373377629872084,0.9386863333333333
classical_15::time_stretch::+5pct,classical_15,classical,time_stretch,5.0,0.998817,0.899563,0.941789,0.773777,0.9458531352387316,0.946723
classical_15::time_stretch::+10pct,classical_15,classical,time_stretch,10.0,0.997413,0.828615,0.93134,0.787083,0.9164568542420674,0.9191226666666665
classical_15::time_stretch::+20pct,classical_15,classical,time_stretch,20.0,0.996189,0.804427,0.930107,0.78526,0.9066794334607008,0.910241
classical_15::lowpass::lp8000,classical_15,classical,lowpass,8000.0,0.999872,0.638903,0.999001,0.754992,0.8609575767978979,0.8792586666666666
classical_15::lowpass::lp4000,classical_15,classical,lowpass,4000.0,0.999872,0.577799,0.984907,0.741679,0.8286519160840006,0.8541926666666666
classical_15::lowpass::lp2000,classical_15,classical,lowpass,2000.0,0.999224,0.476938,0.974413,0.708099,0.7743832503392003,0.8168583333333332
classical_15::distortion::drv4,classical_15,classical,distortion,4.0,0.999986,0.995864,0.999988,0.747486,0.998610773511244,0.9986126666666666
classical_15::distortion::drv12,classical_15,classical,distortion,12.0,1.0,0.946748,0.999811,0.743564,0.9818627159570141,0.9821863333333334
classical_15::distortion::drv32,classical_15,classical,distortion,32.0,0.999869,0.806057,0.998657,0.746713,0.9301972887777249,0.9348609999999999
classical_15::style_swap::swap_cross,classical_15,classical,style_swap,nan,0.982942,0.408907,0.93134,0.670868,0.7206984109079209,0.7743963333333332
classical_15::style_swap::swap_same,classical_15,classical,style_swap,nan,0.921747,0.440542,0.958623,0.721377,0.730155956043005,0.7736373333333333
ambient_01::control::ctrl,ambient_01,ambient,control,0.0,1.0,1.0,1.0,0.75281,1.0,1.0
ambient_01::pitch_shift::-4st,ambient_01,ambient,pitch_shift,-4.0,0.992258,0.53536,0.980833,0.725145,0.8046775146025272,0.8361503333333332
ambient_01::pitch_shift::-2st,ambient_01,ambient,pitch_shift,-2.0,0.994315,0.66969,0.983694,0.747035,0.868465577002589,0.8825663333333332
ambient_01::pitch_shift::-1st,ambient_01,ambient,pitch_shift,-1.0,0.991005,0.792912,0.984659,0.79325,0.9180413233797986,0.9228586666666666
ambient_01::pitch_shift::+1st,ambient_01,ambient,pitch_shift,1.0,0.991134,0.79724,0.995513,0.770594,0.9231156848426588,0.9279623333333332
ambient_01::pitch_shift::+2st,ambient_01,ambient,pitch_shift,2.0,0.995023,0.701998,0.981942,0.760865,0.8818978359022289,0.8929876666666666
ambient_01::pitch_shift::+4st,ambient_01,ambient,pitch_shift,4.0,0.991531,0.599204,0.979406,0.762153,0.8348617944106742,0.8567136666666666
ambient_01::time_stretch::-20pct,ambient_01,ambient,time_stretch,-20.0,0.999752,0.828736,0.916876,0.753315,0.9124443026571211,0.9151213333333332
ambient_01::time_stretch::-10pct,ambient_01,ambient,time_stretch,-10.0,0.999647,0.870771,0.909157,0.758625,0.9249746635969748,0.9265249999999999
ambient_01::time_stretch::-5pct,ambient_01,ambient,time_stretch,-5.0,0.999419,0.877774,0.931209,0.699749,0.9348153312611479,0.9361339999999999
ambient_01::time_stretch::+5pct,ambient_01,ambient,time_stretch,5.0,0.999428,0.887332,0.915878,0.76295,0.9330217355682291,0.9342126666666666
ambient_01::time_stretch::+10pct,ambient_01,ambient,time_stretch,10.0,0.99913,0.892396,0.91084,0.731208,0.9329833705690244,0.9341219999999999
ambient_01::time_stretch::+20pct,ambient_01,ambient,time_stretch,20.0,0.998592,0.816225,0.910857,0.768841,0.9054880540210772,0.908558
ambient_01::lowpass::lp8000,ambient_01,ambient,lowpass,8000.0,0.999863,0.668602,0.9535,0.740709,0.8606164085655623,0.8739883333333333
ambient_01::lowpass::lp4000,ambient_01,ambient,lowpass,4000.0,0.999991,0.456822,0.95672,0.808642,0.7588850284863974,0.804511
ambient_01::lowpass::lp2000,ambient_01,ambient,lowpass,2000.0,0.999997,0.407643,0.946946,0.785291,0.7281172162563823,0.784862
ambient_01::distortion::drv4,ambient_01,ambient,distortion,4.0,0.999206,0.816485,0.997343,0.753267,0.9335751058002787,0.937678
ambient_01::distortion::drv12,ambient_01,ambient,distortion,12.0,0.999877,0.583774,0.954719,0.681686,0.8229162358553909,0.8461233333333333
ambient_01::distortion::drv32,ambient_01,ambient,distortion,32.0,0.999322,0.453171,0.946294,0.653117,0.7539303300299821,0.7995956666666666
ambient_01::style_swap::swap_cross,ambient_01,ambient,style_swap,nan,0.922525,0.383363,0.938745,0.679743,0.6924344370804112,0.748211
ambient_01::style_swap::swap_same,ambient_01,ambient,style_swap,nan,0.786444,0.436147,0.900649,0.636998,0.6760083931231042,0.7077466666666666
ambient_02::control::ctrl,ambient_02,ambient,control,0.0,1.0,1.0,1.0,0.633565,1.0,1.0
ambient_02::pitch_shift::-4st,ambient_02,ambient,pitch_shift,-4.0,0.980323,0.674426,0.938547,0.651064,0.8529426689938774,0.864432
ambient_02::pitch_shift::-2st,ambient_02,ambient,pitch_shift,-2.0,0.980424,0.785,0.954996,0.652538,0.9024608715498585,0.9068066666666665
ambient_02::pitch_shift::-1st,ambient_02,ambient,pitch_shift,-1.0,0.984497,0.848135,0.965034,0.64116,0.9305520405079012,0.9325553333333332
ambient_02::pitch_shift::+1st,ambient_02,ambient,pitch_shift,1.0,0.986951,0.84441,0.96113,0.600578,0.9287033899696896,0.9308303333333333
ambient_02::pitch_shift::+2st,ambient_02,ambient,pitch_shift,2.0,0.982582,0.782282,0.95443,0.600848,0.9019007354417485,0.9064313333333333
ambient_02::pitch_shift::+4st,ambient_02,ambient,pitch_shift,4.0,0.986783,0.681679,0.946592,0.604126,0.8603096637797725,0.8716846666666666
ambient_02::time_stretch::-20pct,ambient_02,ambient,time_stretch,-20.0,0.998218,0.850667,0.462415,0.641743,0.7322717813765555,0.7704333333333333
ambient_02::time_stretch::-10pct,ambient_02,ambient,time_stretch,-10.0,0.997818,0.864146,0.575244,0.640562,0.7915837165305074,0.8124026666666666
ambient_02::time_stretch::-5pct,ambient_02,ambient,time_stretch,-5.0,0.999204,0.885862,0.650862,0.642248,0.8320888789810955,0.8453093333333334
ambient_02::time_stretch::+5pct,ambient_02,ambient,time_stretch,5.0,0.99961,0.886728,0.692502,0.635779,0.8498599214147059,0.8596133333333332
ambient_02::time_stretch::+10pct,ambient_02,ambient,time_stretch,10.0,0.998716,0.869981,0.592299,0.659402,0.8013660231285057,0.820332
ambient_02::time_stretch::+20pct,ambient_02,ambient,time_stretch,20.0,0.997597,0.851944,0.499157,0.630502,0.7513941040925585,0.7828993333333333
ambient_02::lowpass::lp8000,ambient_02,ambient,lowpass,8000.0,0.996569,0.696463,0.997989,0.653775,0.8847971717585754,0.897007
ambient_02::lowpass::lp4000,ambient_02,ambient,lowpass,4000.0,0.999159,0.462093,0.985293,0.654173,0.7690887592619684,0.815515
ambient_02::lowpass::lp2000,ambient_02,ambient,lowpass,2000.0,0.999628,0.414113,0.949808,0.587965,0.7325957023578652,0.7878496666666666
ambient_02::distortion::drv4,ambient_02,ambient,distortion,4.0,0.999992,0.885198,0.97968,0.631687,0.9536164422860143,0.9549566666666667
ambient_02::distortion::drv12,ambient_02,ambient,distortion,12.0,0.998867,0.634103,0.93458,0.577185,0.8396429620684378,0.8558499999999999
ambient_02::distortion::drv32,ambient_02,ambient,distortion,32.0,0.999022,0.473899,0.90288,0.449738,0.7532924692913836,0.7919336666666666
ambient_02::style_swap::swap_cross,ambient_02,ambient,style_swap,nan,0.981542,0.450337,0.696749,0.618875,0.6753169090947485,0.7095426666666667
ambient_02::style_swap::swap_same,ambient_02,ambient,style_swap,nan,0.7031,0.438493,0.499157,0.552519,0.5358858744695526,0.5469166666666666
ambient_03::control::ctrl,ambient_03,ambient,control,0.0,1.0,0.90974,0.999968,0.84559,0.9689494731938386,0.9699026666666666
ambient_03::pitch_shift::-4st,ambient_03,ambient,pitch_shift,-4.0,0.967706,0.442899,0.981223,0.670424,0.7492129653432438,0.7972759999999999
ambient_03::pitch_shift::-2st,ambient_03,ambient,pitch_shift,-2.0,0.967245,0.615032,0.994189,0.778602,0.8393975937163876,0.858822
ambient_03::pitch_shift::-1st,ambient_03,ambient,pitch_shift,-1.0,0.955971,0.735116,0.996533,0.791583,0.8880363832260668,0.8958733333333333
ambient_03::pitch_shift::+1st,ambient_03,ambient,pitch_shift,1.0,0.962826,0.885593,0.993496,0.769742,0.9461994743716325,0.9473049999999998
ambient_03::pitch_shift::+2st,ambient_03,ambient,pitch_shift,2.0,0.963699,0.803881,0.986747,0.800604,0.9143511084233468,0.918109
ambient_03::pitch_shift::+4st,ambient_03,ambient,pitch_shift,4.0,0.964306,0.719474,0.96633,0.734867,0.8752225095217733,0.88337
ambient_03::time_stretch::-20pct,ambient_03,ambient,time_stretch,-20.0,0.996471,0.888764,0.295881,0.836448,0.6399156510477236,0.7270386666666666
ambient_03::time_stretch::-10pct,ambient_03,ambient,time_stretch,-10.0,0.998134,0.907147,0.439812,0.846571,0.7357176883163835,0.7816976666666666
ambient_03::time_stretch::-5pct,ambient_03,ambient,time_stretch,-5.0,0.998928,0.93838,0.541637,0.826722,0.7977627449846174,0.8263149999999999
ambient_03::time_stretch::+5pct,ambient_03,ambient,time_stretch,5.0,0.999007,0.937431,0.534513,0.85535,0.7940028078512384,0.8236503333333333
ambient_03::time_stretch::+10pct,ambient_03,ambient,time_stretch,10.0,0.998988,0.905271,0.422457,0.863704,0.7256164671998998,0.7755719999999999
ambient_03::time_stretch::+20pct,ambient_03,ambient,time_stretch,20.0,0.998021,0.869225,0.318227,0.851206,0.6511328970275394,0.728491
ambient_03::lowpass::lp8000,ambient_03,ambient,lowpass,8000.0,1.0,0.3915,0.995147,0.845272,0.7303645208321492,0.795549
ambient_03::lowpass::lp4000,ambient_03,ambient,lowpass,4000.0,0.999994,0.392753,0.981564,0.795163,0.7277996499018176,0.791437
ambient_03::lowpass::lp2000,ambient_03,ambient,lowpass,2000.0,0.999952,0.382287,0.939267,0.729489,0.7107538962214506,0.7738353333333332
ambient_03::distortion::drv4,ambient_03,ambient,distortion,4.0,0.99975,0.587877,0.994579,0.801936,0.8361272719766923,0.8607353333333333
ambient_03::distortion::drv12,ambient_03,ambient,distortion,12.0,0.999094,0.485067,0.974285,0.665063,0.7786901819365524,0.8194819999999999
ambient_03::distortion::drv32,ambient_03,ambient,distortion,32.0,0.998735,0.443486,0.92293,0.584819,0.7421635980756324,0.7883836666666666
ambient_03::style_swap::swap_cross,ambient_03,ambient,style_swap,nan,0.806611,0.376423,0.373746,0.589807,0.48414146693507126,0.5189266666666666
ambient_03::style_swap::swap_same,ambient_03,ambient,style_swap,nan,0.776063,0.358581,0.327914,0.47329,0.4502095851393638,0.4875193333333333
ambient_04::control::ctrl,ambient_04,ambient,control,0.0,1.0,1.0,1.0,0.774408,1.0,1.0
ambient_04::pitch_shift::-4st,ambient_04,ambient,pitch_shift,-4.0,0.459223,0.515505,0.970616,0.708538,0.612493268216369,0.6484479999999999
ambient_04::pitch_shift::-2st,ambient_04,ambient,pitch_shift,-2.0,0.606034,0.656257,0.972521,0.742313,0.7286013566515556,0.7449373333333333
ambient_04::pitch_shift::-1st,ambient_04,ambient,pitch_shift,-1.0,0.472828,0.778053,0.991253,0.735684,0.7144397793727034,0.747378
ambient_04::pitch_shift::+1st,ambient_04,ambient,pitch_shift,1.0,0.477004,0.745021,0.97341,0.734621,0.701986531331929,0.7318116666666666
ambient_04::pitch_shift::+2st,ambient_04,ambient,pitch_shift,2.0,0.598214,0.608624,0.967539,0.733282,0.7062493191062784,0.7247923333333334
ambient_04::pitch_shift::+4st,ambient_04,ambient,pitch_shift,4.0,0.43418,0.501688,0.971505,0.653398,0.5959129946179709,0.635791
ambient_04::time_stretch::-20pct,ambient_04,ambient,time_stretch,-20.0,0.993377,0.754233,0.95832,0.730214,0.8954542337634857,0.9019766666666666
ambient_04::time_stretch::-10pct,ambient_04,ambient,time_stretch,-10.0,0.99767,0.803936,0.956292,0.759191,0.9153762442792269,0.9192993333333332
ambient_04::time_stretch::-5pct,ambient_04,ambient,time_stretch,-5.0,0.999517,0.862829,0.9579,0.745158,0.9383071605851104,0.9400819999999999
ambient_04::time_stretch::+5pct,ambient_04,ambient,time_stretch,5.0,0.998323,0.872901,0.959516,0.760368,0.9420980313545411,0.9435799999999999
ambient_04::time_stretch::+10pct,ambient_04,ambient,time_stretch,10.0,0.997586,0.86744,0.962529,0.754081,0.9408806519360646,0.9425183333333333
ambient_04::time_stretch::+20pct,ambient_04,ambient,time_stretch,20.0,0.996147,0.838871,0.961295,0.721409,0.9295906893921676,0.9321043333333333
ambient_04::lowpass::lp8000,ambient_04,ambient,lowpass,8000.0,0.999998,0.862722,0.999735,0.774805,0.9518860605299291,0.9541516666666667
ambient_04::lowpass::lp4000,ambient_04,ambient,lowpass,4000.0,0.999999,0.645434,0.998639,0.730122,0.8638134777233878,0.8813573333333333
ambient_04::lowpass::lp2000,ambient_04,ambient,lowpass,2000.0,0.999506,0.500317,0.997306,0.722602,0.7930240634695558,0.8323763333333333
ambient_04::distortion::drv4,ambient_04,ambient,distortion,4.0,0.999892,0.822714,0.995669,0.746894,0.9356332684136807,0.939425
ambient_04::distortion::drv12,ambient_04,ambient,distortion,12.0,0.994797,0.584906,0.970342,0.666483,0.8265106568760391,0.850015
ambient_04::distortion::drv32,ambient_04,ambient,distortion,32.0,0.974092,0.484068,0.96521,0.629985,0.7692061025621907,0.80779
ambient_04::style_swap::swap_cross,ambient_04,ambient,style_swap,nan,0.793058,0.388578,0.927492,0.600138,0.6587153397556407,0.7030426666666667
ambient_04::style_swap::swap_same,ambient_04,ambient,style_swap,nan,0.405134,0.449697,0.960799,0.662684,0.5593930610371975,0.60521
ambient_05::control::ctrl,ambient_05,ambient,control,0.0,1.0,1.0,1.0,0.772766,1.0,1.0
ambient_05::pitch_shift::-4st,ambient_05,ambient,pitch_shift,-4.0,0.745785,0.558073,0.982263,0.745498,0.7421826773779432,0.7620403333333333
ambient_05::pitch_shift::-2st,ambient_05,ambient,pitch_shift,-2.0,0.675703,0.696504,0.985147,0.777441,0.7739748233347815,0.7857846666666667
ambient_05::pitch_shift::-1st,ambient_05,ambient,pitch_shift,-1.0,0.710089,0.771922,0.985251,0.736671,0.8143498661560684,0.8224206666666666
ambient_05::pitch_shift::+1st,ambient_05,ambient,pitch_shift,1.0,0.701993,0.743553,0.986949,0.764887,0.8016407906315558,0.8108316666666666
ambient_05::pitch_shift::+2st,ambient_05,ambient,pitch_shift,2.0,0.656682,0.691239,0.98607,0.747858,0.7649452705612269,0.7779969999999999
ambient_05::pitch_shift::+4st,ambient_05,ambient,pitch_shift,4.0,0.729949,0.576565,0.985852,0.741096,0.7458488738935737,0.764122
ambient_05::time_stretch::-20pct,ambient_05,ambient,time_stretch,-20.0,0.966328,0.791811,0.960019,0.796226,0.9022813367183655,0.9060526666666666
ambient_05::time_stretch::-10pct,ambient_05,ambient,time_stretch,-10.0,0.993749,0.793972,0.965629,0.787452,0.9133363248552426,0.9177833333333333
ambient_05::time_stretch::-5pct,ambient_05,ambient,time_stretch,-5.0,0.998396,0.780289,0.95006,0.776643,0.9045580650553869,0.9095816666666666
ambient_05::time_stretch::+5pct,ambient_05,ambient,time_stretch,5.0,0.997971,0.746495,0.951705,0.773067,0.891693755210359,0.8987236666666667
ambient_05::time_stretch::+10pct,ambient_05,ambient,time_stretch,10.0,0.99704,0.799072,0.959307,0.787452,0.9142929468545461,0.918473
ambient_05::time_stretch::+20pct,ambient_05,ambient,time_stretch,20.0,0.993092,0.781641,0.95712,0.768674,0.9057070232611201,0.9106176666666665
ambient_05::lowpass::lp8000,ambient_05,ambient,lowpass,8000.0,0.999954,0.525608,0.99114,0.774173,0.804622792743816,0.8389006666666666
ambient_05::lowpass::lp4000,ambient_05,ambient,lowpass,4000.0,0.999843,0.512959,0.989767,0.766551,0.7977175463351481,0.8341896666666666
ambient_05::lowpass::lp2000,ambient_05,ambient,lowpass,2000.0,0.999928,0.429033,0.986924,0.758667,0.7508981702027493,0.805295
ambient_05::distortion::drv4,ambient_05,ambient,distortion,4.0,0.999994,0.926163,0.999031,0.779839,0.9744388606162554,0.9750626666666666
ambient_05::distortion::drv12,ambient_05,ambient,distortion,12.0,0.999769,0.709542,0.98167,0.760329,0.8863687398178429,0.8969936666666667
ambient_05::distortion::drv32,ambient_05,ambient,distortion,32.0,0.995251,0.535242,0.956528,0.61397,0.7987180486403591,0.8290069999999999
ambient_05::style_swap::swap_cross,ambient_05,ambient,style_swap,nan,0.559526,0.437993,0.915069,0.619757,0.6075477659319727,0.6375293333333333
ambient_05::style_swap::swap_same,ambient_05,ambient,style_swap,nan,0.797992,0.443337,0.919335,0.390506,0.6877048756133965,0.7202213333333333
ambient_06::control::ctrl,ambient_06,ambient,control,0.0,1.0,1.0,1.0,0.875008,1.0,1.0
ambient_06::pitch_shift::-4st,ambient_06,ambient,pitch_shift,-4.0,0.933675,0.609247,0.686214,0.75544,0.7308297780908771,0.7430453333333333
ambient_06::pitch_shift::-2st,ambient_06,ambient,pitch_shift,-2.0,0.902329,0.724404,0.694207,0.741346,0.768442862705888,0.7736466666666666
ambient_06::pitch_shift::-1st,ambient_06,ambient,pitch_shift,-1.0,0.903998,0.831501,0.697669,0.741306,0.8064174011119223,0.811056
ambient_06::pitch_shift::+1st,ambient_06,ambient,pitch_shift,1.0,0.901655,0.7863,0.694405,0.786158,0.789612176238495,0.7941199999999999
ambient_06::pitch_shift::+2st,ambient_06,ambient,pitch_shift,2.0,0.902507,0.667917,0.688236,0.786523,0.7458248007148879,0.7528866666666666
ambient_06::pitch_shift::+4st,ambient_06,ambient,pitch_shift,4.0,0.938176,0.567462,0.671855,0.766856,0.7098483092649843,0.7258309999999999
ambient_06::time_stretch::-20pct,ambient_06,ambient,time_stretch,-20.0,0.998234,0.821801,0.528688,0.847704,0.7569481968674736,0.7829076666666666
ambient_06::time_stretch::-10pct,ambient_06,ambient,time_stretch,-10.0,0.999555,0.847777,0.485237,0.858372,0.7436137501053783,0.777523
ambient_06::time_stretch::-5pct,ambient_06,ambient,time_stretch,-5.0,0.99963,0.885769,0.470404,0.865404,0.7468102236936833,0.7852676666666667
ambient_06::time_stretch::+5pct,ambient_06,ambient,time_stretch,5.0,0.999795,0.888206,0.511919,0.875483,0.7689096367665987,0.7999733333333333
ambient_06::time_stretch::+10pct,ambient_06,ambient,time_stretch,10.0,0.999554,0.848987,0.524802,0.862778,0.7636615554115603,0.7911143333333333
ambient_06::time_stretch::+20pct,ambient_06,ambient,time_stretch,20.0,0.998073,0.822309,0.603077,0.861623,0.7910246893113146,0.8078196666666666
ambient_06::lowpass::lp8000,ambient_06,ambient,lowpass,8000.0,1.0,0.600507,0.997262,0.877748,0.84289947183357,0.865923
ambient_06::lowpass::lp4000,ambient_06,ambient,lowpass,4000.0,0.999997,0.441231,0.989876,0.76145,0.7587205313407753,0.810368
ambient_06::lowpass::lp2000,ambient_06,ambient,lowpass,2000.0,0.999978,0.39032,0.975048,0.761074,0.7246791208379778,0.7884486666666666
ambient_06::distortion::drv4,ambient_06,ambient,distortion,4.0,0.999716,0.707646,0.959996,0.725169,0.878996962189905,0.8891193333333334
ambient_06::distortion::drv12,ambient_06,ambient,distortion,12.0,0.997673,0.491608,0.748365,0.571179,0.7159898672998278,0.7458819999999999
ambient_06::distortion::drv32,ambient_06,ambient,distortion,32.0,0.9967,0.459338,0.831052,0.477057,0.7246167087933953,0.7623633333333333
ambient_06::style_swap::swap_cross,ambient_06,ambient,style_swap,nan,0.864388,0.470867,0.734756,0.640891,0.6687288221314892,0.6900036666666667
ambient_06::style_swap::swap_same,ambient_06,ambient,style_swap,nan,0.683269,0.453646,0.736086,0.664982,0.6110533371515787,0.6243336666666667
ambient_07::control::ctrl,ambient_07,ambient,control,0.0,1.0,1.0,1.0,0.838622,1.0,1.0
ambient_07::pitch_shift::-4st,ambient_07,ambient,pitch_shift,-4.0,0.393679,0.604703,0.993247,0.744362,0.6183682907673921,0.6638763333333333
ambient_07::pitch_shift::-2st,ambient_07,ambient,pitch_shift,-2.0,0.689255,0.713976,0.997661,0.780969,0.7888882931827622,0.8002973333333333
ambient_07::pitch_shift::-1st,ambient_07,ambient,pitch_shift,-1.0,0.345517,0.810467,0.998633,0.755294,0.6539384746182747,0.7182056666666666
ambient_07::pitch_shift::+1st,ambient_07,ambient,pitch_shift,1.0,0.355638,0.800128,0.998048,0.748325,0.6573142065932991,0.717938
ambient_07::pitch_shift::+2st,ambient_07,ambient,pitch_shift,2.0,0.675781,0.725934,0.996368,0.770584,0.7877243948658798,0.799361
ambient_07::pitch_shift::+4st,ambient_07,ambient,pitch_shift,4.0,0.359361,0.607398,0.989967,0.71619,0.6000788767332599,0.652242
ambient_07::time_stretch::-20pct,ambient_07,ambient,time_stretch,-20.0,0.995255,0.839931,0.826812,0.820231,0.884154679619369,0.8873326666666665
ambient_07::time_stretch::-10pct,ambient_07,ambient,time_stretch,-10.0,0.998026,0.887802,0.864749,0.849696,0.9150595284263702,0.9168589999999999
ambient_07::time_stretch::-5pct,ambient_07,ambient,time_stretch,-5.0,0.999378,0.88914,0.886771,0.8439,0.9236422808534227,0.9250963333333333
ambient_07::time_stretch::+5pct,ambient_07,ambient,time_stretch,5.0,0.999451,0.883646,0.896231,0.833091,0.925024555339731,0.9264426666666666
ambient_07::time_stretch::+10pct,ambient_07,ambient,time_stretch,10.0,0.997695,0.857108,0.868288,0.840979,0.9055220869036524,0.907697
ambient_07::time_stretch::+20pct,ambient_07,ambient,time_stretch,20.0,0.995522,0.8436,0.856894,0.841689,0.8961310215201451,0.898672
ambient_07::lowpass::lp8000,ambient_07,ambient,lowpass,8000.0,0.999997,0.874025,0.999889,0.845219,0.9560738672408061,0.9579703333333334
ambient_07::lowpass::lp4000,ambient_07,ambient,lowpass,4000.0,0.999993,0.601988,0.999426,0.839012,0.8441996073482749,0.8671356666666666
ambient_07::lowpass::lp2000,ambient_07,ambient,lowpass,2000.0,0.999893,0.480554,0.998851,0.813616,0.7829466034890332,0.8264326666666666
ambient_07::distortion::drv4,ambient_07,ambient,distortion,4.0,0.999939,0.810032,0.99915,0.829498,0.9318988846198101,0.9363736666666665
ambient_07::distortion::drv12,ambient_07,ambient,distortion,12.0,0.998365,0.599668,0.994383,0.76479,0.8412362347629304,0.8641386666666666
ambient_07::distortion::drv32,ambient_07,ambient,distortion,32.0,0.990253,0.493914,0.988822,0.711121,0.7849437597212712,0.8243296666666666
ambient_07::style_swap::swap_cross,ambient_07,ambient,style_swap,nan,0.803303,0.448432,0.877081,0.58814,0.6810911378016676,0.7096053333333333
ambient_07::style_swap::swap_same,ambient_07,ambient,style_swap,nan,0.800924,0.441013,0.921674,0.608964,0.6879232883085934,0.7212036666666666
ambient_08::control::ctrl,ambient_08,ambient,control,0.0,1.0,1.0,1.0,0.822059,1.0,1.0
ambient_08::pitch_shift::-4st,ambient_08,ambient,pitch_shift,-4.0,0.7331,0.514572,0.981406,0.768288,0.7180467039752048,0.743026
ambient_08::pitch_shift::-2st,ambient_08,ambient,pitch_shift,-2.0,0.604723,0.605077,0.985584,0.76821,0.7117928023759803,0.7317946666666666
ambient_08::pitch_shift::-1st,ambient_08,ambient,pitch_shift,-1.0,0.469325,0.735542,0.984724,0.767301,0.6979086203803443,0.7298636666666667
ambient_08::pitch_shift::+1st,ambient_08,ambient,pitch_shift,1.0,0.453891,0.705648,0.976476,0.767878,0.6787873706047809,0.712005
ambient_08::pitch_shift::+2st,ambient_08,ambient,pitch_shift,2.0,0.589068,0.617284,0.984975,0.77387,0.7101638364130073,0.7304423333333333
ambient_08::pitch_shift::+4st,ambient_08,ambient,pitch_shift,4.0,0.676096,0.536126,0.984236,0.749685,0.7092371793568021,0.7321526666666667
ambient_08::time_stretch::-20pct,ambient_08,ambient,time_stretch,-20.0,0.978806,0.7726,0.951402,0.81015,0.8960628294161417,0.900936
ambient_08::time_stretch::-10pct,ambient_08,ambient,time_stretch,-10.0,0.990518,0.788038,0.961923,0.805191,0.9089010680087178,0.9134929999999999
ambient_08::time_stretch::-5pct,ambient_08,ambient,time_stretch,-5.0,0.997707,0.835714,0.946913,0.813619,0.9242517011692133,0.9267779999999999
ambient_08::time_stretch::+5pct,ambient_08,ambient,time_stretch,5.0,0.995546,0.798928,0.953848,0.828767,0.912044542811457,0.9161073333333333
ambient_08::time_stretch::+10pct,ambient_08,ambient,time_stretch,10.0,0.995721,0.792252,0.962518,0.793567,0.9122977916639294,0.9168303333333332
ambient_08::time_stretch::+20pct,ambient_08,ambient,time_stretch,20.0,0.966593,0.657604,0.94617,0.798695,0.8440971266630205,0.8567889999999999
ambient_08::lowpass::lp8000,ambient_08,ambient,lowpass,8000.0,0.999979,0.467328,0.997865,0.816712,0.7754637317795473,0.8217239999999999
ambient_08::lowpass::lp4000,ambient_08,ambient,lowpass,4000.0,0.999978,0.450038,0.99653,0.781847,0.7654379719198374,0.8155153333333334
ambient_08::lowpass::lp2000,ambient_08,ambient,lowpass,2000.0,0.999324,0.423371,0.994445,0.766173,0.7493235768647275,0.8057133333333333
ambient_08::distortion::drv4,ambient_08,ambient,distortion,4.0,0.999838,0.892702,0.997075,0.820312,0.9618809519296897,0.9632049999999999
ambient_08::distortion::drv12,ambient_08,ambient,distortion,12.0,0.995272,0.667039,0.986724,0.743824,0.8684861590088029,0.8830116666666666
ambient_08::distortion::drv32,ambient_08,ambient,distortion,32.0,0.982232,0.547024,0.977122,0.650902,0.8067204825390808,0.8354593333333333
ambient_08::style_swap::swap_cross,ambient_08,ambient,style_swap,nan,0.745865,0.41523,0.923419,0.480313,0.6588439858856393,0.694838
ambient_08::style_swap::swap_same,ambient_08,ambient,style_swap,nan,0.787097,0.417093,0.90142,0.556849,0.6663915006459443,0.70187
ambient_09::control::ctrl,ambient_09,ambient,control,0.0,1.0,1.0,1.0,0.816552,1.0,1.0
ambient_09::pitch_shift::-4st,ambient_09,ambient,pitch_shift,-4.0,0.714328,0.505828,0.960777,0.762199,0.7028150387495721,0.7269776666666666
ambient_09::pitch_shift::-2st,ambient_09,ambient,pitch_shift,-2.0,0.874739,0.641422,0.968664,0.79008,0.8160783072335328,0.828275
ambient_09::pitch_shift::-1st,ambient_09,ambient,pitch_shift,-1.0,0.660771,0.731784,0.969192,0.753929,0.7767499516738744,0.787249
ambient_09::pitch_shift::+1st,ambient_09,ambient,pitch_shift,1.0,0.69162,0.818579,0.970283,0.768914,0.8189841967228478,0.8268273333333332
ambient_09::pitch_shift::+2st,ambient_09,ambient,pitch_shift,2.0,0.84708,0.744778,0.969422,0.774231,0.8488312885600221,0.85376
ambient_09::pitch_shift::+4st,ambient_09,ambient,pitch_shift,4.0,0.690873,0.636546,0.96851,0.716196,0.7523917779786882,0.7653096666666666
ambient_09::time_stretch::-20pct,ambient_09,ambient,time_stretch,-20.0,0.992965,0.82489,0.847907,0.805583,0.885576465962573,0.8885873333333333
ambient_09::time_stretch::-10pct,ambient_09,ambient,time_stretch,-10.0,0.995878,0.853642,0.797284,0.803906,0.8784121224680295,0.8822679999999999
ambient_09::time_stretch::-5pct,ambient_09,ambient,time_stretch,-5.0,0.996091,0.866573,0.823608,0.806642,0.8925000354170011,0.895424
ambient_09::time_stretch::+5pct,ambient_09,ambient,time_stretch,5.0,0.997754,0.853102,0.804065,0.827377,0.8812623142466826,0.8849736666666665
ambient_09::time_stretch::+10pct,ambient_09,ambient,time_stretch,10.0,0.997904,0.839134,0.770492,0.803843,0.8640974797855477,0.8691766666666666
ambient_09::time_stretch::+20pct,ambient_09,ambient,time_stretch,20.0,0.992656,0.835374,0.724387,0.793293,0.8437558391123302,0.8508056666666666
ambient_09::lowpass::lp8000,ambient_09,ambient,lowpass,8000.0,0.998881,0.453,0.992739,0.810084,0.7658593391389732,0.8148733333333333
ambient_09::lowpass::lp4000,ambient_09,ambient,lowpass,4000.0,0.999997,0.420715,0.987042,0.756408,0.7460606062354717,0.8025846666666666
ambient_09::lowpass::lp2000,ambient_09,ambient,lowpass,2000.0,0.998481,0.423547,0.980518,0.755921,0.745702607915005,0.8008486666666667
ambient_09::distortion::drv4,ambient_09,ambient,distortion,4.0,0.999147,0.885405,0.995233,0.811377,0.958440982358404,0.9599283333333333
ambient_09::distortion::drv12,ambient_09,ambient,distortion,12.0,0.999473,0.715357,0.973819,0.788983,0.8863203356102402,0.8962163333333333
ambient_09::distortion::drv32,ambient_09,ambient,distortion,32.0,0.996241,0.594114,0.942727,0.72589,0.823265749386007,0.8443606666666665
ambient_09::style_swap::swap_cross,ambient_09,ambient,style_swap,nan,0.842045,0.480484,0.769402,0.599415,0.6777286536533433,0.6973103333333333
ambient_09::style_swap::swap_same,ambient_09,ambient,style_swap,nan,0.545857,0.412381,0.811315,0.633349,0.5673560351894745,0.589851
ambient_10::control::ctrl,ambient_10,ambient,control,0.0,1.0,1.0,1.0,0.73589,1.0,1.0
ambient_10::pitch_shift::-4st,ambient_10,ambient,pitch_shift,-4.0,0.871555,0.46465,0.964268,0.660295,0.730925025559153,0.7668243333333333
ambient_10::pitch_shift::-2st,ambient_10,ambient,pitch_shift,-2.0,0.921302,0.565918,0.978807,0.716528,0.7991301741479011,0.822009
ambient_10::pitch_shift::-1st,ambient_10,ambient,pitch_shift,-1.0,0.95926,0.6929,0.967693,0.707251,0.8632067585657439,0.8732843333333333
ambient_10::pitch_shift::+1st,ambient_10,ambient,pitch_shift,1.0,0.985337,0.689968,0.969615,0.726409,0.8703040847476289,0.88164
ambient_10::pitch_shift::+2st,ambient_10,ambient,pitch_shift,2.0,0.959231,0.57823,0.980678,0.695984,0.8163005444738253,0.8393796666666666
ambient_10::pitch_shift::+4st,ambient_10,ambient,pitch_shift,4.0,0.944969,0.451742,0.968545,0.67737,0.7449765659865705,0.7884186666666666
ambient_10::time_stretch::-20pct,ambient_10,ambient,time_stretch,-20.0,0.986184,0.726051,0.937203,0.694503,0.8754934812074798,0.883146
ambient_10::time_stretch::-10pct,ambient_10,ambient,time_stretch,-10.0,0.996962,0.765175,0.949816,0.725651,0.8981722222148087,0.9039843333333333
ambient_10::time_stretch::-5pct,ambient_10,ambient,time_stretch,-5.0,0.987818,0.76276,0.948426,0.731634,0.8940382482560761,0.8996679999999999
ambient_10::time_stretch::+5pct,ambient_10,ambient,time_stretch,5.0,0.99775,0.763643,0.947981,0.712382,0.8972302655553687,0.9031246666666666
ambient_10::time_stretch::+10pct,ambient_10,ambient,time_stretch,10.0,0.992429,0.752679,0.938817,0.680691,0.8884440099218411,0.8946416666666666
ambient_10::time_stretch::+20pct,ambient_10,ambient,time_stretch,20.0,0.995961,0.791948,0.936855,0.709628,0.9040736106460215,0.9082546666666667
ambient_10::lowpass::lp8000,ambient_10,ambient,lowpass,8000.0,1.0,0.551172,0.999327,0.737563,0.8197188512871854,0.8501663333333334
ambient_10::lowpass::lp4000,ambient_10,ambient,lowpass,4000.0,0.999998,0.427674,0.997842,0.709504,0.7528779651148813,0.8085046666666666
ambient_10::lowpass::lp2000,ambient_10,ambient,lowpass,2000.0,0.999463,0.380097,0.995412,0.674398,0.723138268504515,0.7916573333333333
ambient_10::distortion::drv4,ambient_10,ambient,distortion,4.0,0.999936,0.90638,0.997533,0.717609,0.9669483202770683,0.9679496666666667
ambient_10::distortion::drv12,ambient_10,ambient,distortion,12.0,0.999871,0.611584,0.954247,0.663428,0.835642071354068,0.8552339999999999
ambient_10::distortion::drv32,ambient_10,ambient,distortion,32.0,0.999184,0.459027,0.942729,0.576904,0.7561771036174307,0.8003133333333333
ambient_10::style_swap::swap_cross,ambient_10,ambient,style_swap,nan,0.924343,0.396036,0.952957,0.585,0.7039584756872077,0.7577786666666666
ambient_10::style_swap::swap_same,ambient_10,ambient,style_swap,nan,0.789284,0.401594,0.938746,0.730966,0.6676100586114428,0.7098746666666667
ambient_11::control::ctrl,ambient_11,ambient,control,0.0,0.999997,0.992369,0.999991,0.829892,0.9974458457163421,0.9974523333333333
ambient_11::pitch_shift::-4st,ambient_11,ambient,pitch_shift,-4.0,0.785119,0.512362,0.991954,0.750112,0.7362093197419078,0.763145
ambient_11::pitch_shift::-2st,ambient_11,ambient,pitch_shift,-2.0,0.868604,0.648725,0.995753,0.726871,0.8247924833699176,0.8376939999999999
ambient_11::pitch_shift::-1st,ambient_11,ambient,pitch_shift,-1.0,0.794166,0.753632,0.996801,0.856528,0.8418338059202208,0.8481996666666667
ambient_11::pitch_shift::+1st,ambient_11,ambient,pitch_shift,1.0,0.804879,0.759202,0.995456,0.789121,0.8472989525190066,0.8531789999999999
ambient_11::pitch_shift::+2st,ambient_11,ambient,pitch_shift,2.0,0.857167,0.637703,0.99397,0.803184,0.8159916723174395,0.8296133333333333
ambient_11::pitch_shift::+4st,ambient_11,ambient,pitch_shift,4.0,0.766488,0.529516,0.987112,0.791045,0.7371971139091628,0.7610386666666665
ambient_11::time_stretch::-20pct,ambient_11,ambient,time_stretch,-20.0,0.995272,0.857772,0.738817,0.849669,0.8575975083729359,0.8639536666666666
ambient_11::time_stretch::-10pct,ambient_11,ambient,time_stretch,-10.0,0.998184,0.879185,0.779856,0.834173,0.8812553447711788,0.8857416666666666
ambient_11::time_stretch::-5pct,ambient_11,ambient,time_stretch,-5.0,0.999147,0.895309,0.825442,0.844242,0.9038498714236028,0.9066326666666666
ambient_11::time_stretch::+5pct,ambient_11,ambient,time_stretch,5.0,0.999166,0.90991,0.823214,0.849994,0.9079242396122201,0.9107633333333333
ambient_11::time_stretch::+10pct,ambient_11,ambient,time_stretch,10.0,0.998282,0.871446,0.782966,0.842862,0.8798572322663385,0.8842313333333334
ambient_11::time_stretch::+20pct,ambient_11,ambient,time_stretch,20.0,0.997743,0.808788,0.761707,0.836809,0.8502509223981985,0.8560793333333333
ambient_11::lowpass::lp8000,ambient_11,ambient,lowpass,8000.0,0.999997,0.453637,0.997641,0.847709,0.7677629525443193,0.8170916666666667
ambient_11::lowpass::lp4000,ambient_11,ambient,lowpass,4000.0,0.999875,0.435715,0.837154,0.794298,0.7144708687511487,0.7575813333333333
ambient_11::lowpass::lp2000,ambient_11,ambient,lowpass,2000.0,0.994462,0.402551,0.82183,0.675593,0.690341048345609,0.7396143333333333
ambient_11::distortion::drv4,ambient_11,ambient,distortion,4.0,0.999811,0.723193,0.998499,0.810969,0.8970980642410155,0.9071676666666666
ambient_11::distortion::drv12,ambient_11,ambient,distortion,12.0,0.997487,0.550874,0.992885,0.77854,0.8171205942998088,0.8470819999999999
ambient_11::distortion::drv32,ambient_11,ambient,distortion,32.0,0.992133,0.463777,0.819374,0.735714,0.7224155635282545,0.758428
ambient_11::style_swap::swap_cross,ambient_11,ambient,style_swap,nan,0.91437,0.374194,0.747802,0.731537,0.6348461207720398,0.6787886666666667
ambient_11::style_swap::swap_same,ambient_11,ambient,style_swap,nan,0.969948,0.474155,0.729045,0.771585,0.6947166497676818,0.7243826666666666
ambient_12::control::ctrl,ambient_12,ambient,control,0.0,1.0,0.999998,1.0,0.582125,0.9999993333328889,0.9999993333333332
ambient_12::pitch_shift::-4st,ambient_12,ambient,pitch_shift,-4.0,0.982408,0.438723,0.994452,0.464105,0.7539722690817517,0.8051943333333332
ambient_12::pitch_shift::-2st,ambient_12,ambient,pitch_shift,-2.0,0.991004,0.554906,0.988564,0.488541,0.816143525496416,0.8448246666666667
ambient_12::pitch_shift::-1st,ambient_12,ambient,pitch_shift,-1.0,0.991636,0.700134,0.996541,0.50778,0.8844559505702388,0.8961036666666666
ambient_12::pitch_shift::+1st,ambient_12,ambient,pitch_shift,1.0,0.992536,0.721378,0.996236,0.589633,0.8934915800532501,0.9033833333333332
ambient_12::pitch_shift::+2st,ambient_12,ambient,pitch_shift,2.0,0.989723,0.610542,0.996312,0.593072,0.8443869701280944,0.8655256666666666
ambient_12::pitch_shift::+4st,ambient_12,ambient,pitch_shift,4.0,0.982607,0.511018,0.977558,0.555993,0.7888350428425421,0.8237276666666666
ambient_12::time_stretch::-20pct,ambient_12,ambient,time_stretch,-20.0,0.999624,0.858421,0.958659,0.563059,0.936987334850298,0.9389013333333333
ambient_12::time_stretch::-10pct,ambient_12,ambient,time_stretch,-10.0,0.99952,0.886303,0.962486,0.565227,0.9482496906293367,0.9494363333333333
ambient_12::time_stretch::-5pct,ambient_12,ambient,time_stretch,-5.0,0.99935,0.872761,0.959116,0.571292,0.9422396189258753,0.9437423333333332
ambient_12::time_stretch::+5pct,ambient_12,ambient,time_stretch,5.0,0.999839,0.860532,0.95869,0.555992,0.937832110175371,0.9396869999999999
ambient_12::time_stretch::+10pct,ambient_12,ambient,time_stretch,10.0,0.999601,0.90091,0.947215,0.596372,0.9483869123431007,0.9492419999999999
ambient_12::time_stretch::+20pct,ambient_12,ambient,time_stretch,20.0,0.999149,0.872297,0.970967,0.592276,0.9458734506622555,0.947471
ambient_12::lowpass::lp8000,ambient_12,ambient,lowpass,8000.0,0.99999,0.996663,0.999997,0.568976,0.9988820985656983,0.9988833333333333
ambient_12::lowpass::lp4000,ambient_12,ambient,lowpass,4000.0,0.99999,0.61934,0.999946,0.555715,0.8523810345079575,0.873092
ambient_12::lowpass::lp2000,ambient_12,ambient,lowpass,2000.0,0.99964,0.444726,0.99947,0.556086,0.7630774792041067,0.8146119999999999
ambient_12::distortion::drv4,ambient_12,ambient,distortion,4.0,0.999194,0.707435,0.992325,0.52141,0.8885122727300971,0.8996513333333334
ambient_12::distortion::drv12,ambient_12,ambient,distortion,12.0,0.999,0.547498,0.989891,0.490702,0.8150391436781842,0.845463
ambient_12::distortion::drv32,ambient_12,ambient,distortion,32.0,0.999091,0.483179,0.988339,0.424497,0.7813992861770822,0.8235363333333332
ambient_12::style_swap::swap_cross,ambient_12,ambient,style_swap,nan,0.957063,0.351425,0.957997,0.43301,0.6855604835699428,0.755495
ambient_12::style_swap::swap_same,ambient_12,ambient,style_swap,nan,0.73243,0.441402,0.969138,0.582886,0.6791963571556209,0.7143233333333333
ambient_13::control::ctrl,ambient_13,ambient,control,0.0,1.0,1.0,1.0,0.80606,1.0,1.0
ambient_13::pitch_shift::-4st,ambient_13,ambient,pitch_shift,-4.0,0.558973,0.600978,0.972786,0.759677,0.6887932865241935,0.7109123333333334
ambient_13::pitch_shift::-2st,ambient_13,ambient,pitch_shift,-2.0,0.750161,0.680204,0.975444,0.794013,0.7924989005500325,0.8019363333333333
ambient_13::pitch_shift::-1st,ambient_13,ambient,pitch_shift,-1.0,0.487982,0.793336,0.979198,0.76821,0.7237309757271323,0.7535053333333332
ambient_13::pitch_shift::+1st,ambient_13,ambient,pitch_shift,1.0,0.512898,0.815511,0.976416,0.802709,0.7419339405113047,0.7682749999999999
ambient_13::pitch_shift::+2st,ambient_13,ambient,pitch_shift,2.0,0.74339,0.697618,0.971499,0.796399,0.7957175133929549,0.8041689999999999
ambient_13::pitch_shift::+4st,ambient_13,ambient,pitch_shift,4.0,0.644138,0.618232,0.959237,0.725756,0.7255802302772804,0.7405356666666667
ambient_13::time_stretch::-20pct,ambient_13,ambient,time_stretch,-20.0,0.96579,0.797606,0.597845,0.803283,0.7722416824219153,0.7870803333333333
ambient_13::time_stretch::-10pct,ambient_13,ambient,time_stretch,-10.0,0.989202,0.785104,0.528232,0.828154,0.7430401720129467,0.7675126666666666
ambient_13::time_stretch::-5pct,ambient_13,ambient,time_stretch,-5.0,0.991404,0.815454,0.728115,0.825544,0.838075936000922,0.8449909999999999
ambient_13::time_stretch::+5pct,ambient_13,ambient,time_stretch,5.0,0.995971,0.877803,0.734427,0.815718,0.8627086042293496,0.8694003333333333
ambient_13::time_stretch::+10pct,ambient_13,ambient,time_stretch,10.0,0.988559,0.833817,0.645178,0.795057,0.8101851833205186,0.822518
ambient_13::time_stretch::+20pct,ambient_13,ambient,time_stretch,20.0,0.978916,0.763767,0.651629,0.786682,0.7868686454893234,0.7981039999999999
ambient_13::lowpass::lp8000,ambient_13,ambient,lowpass,8000.0,1.0,0.536139,0.984055,0.812374,0.8080388789400196,0.8400646666666667
ambient_13::lowpass::lp4000,ambient_13,ambient,lowpass,4000.0,1.0,0.452412,0.956058,0.795859,0.7562628817453222,0.8028233333333332
ambient_13::lowpass::lp2000,ambient_13,ambient,lowpass,2000.0,0.999944,0.430353,0.926303,0.766443,0.7359548890758063,0.7855333333333333
ambient_13::distortion::drv4,ambient_13,ambient,distortion,4.0,0.999734,0.806215,0.986011,0.802788,0.92627305798677,0.9306533333333332
ambient_13::distortion::drv12,ambient_13,ambient,distortion,12.0,0.993704,0.615944,0.944278,0.704931,0.8329764302417663,0.8513086666666666
ambient_13::distortion::drv32,ambient_13,ambient,distortion,32.0,0.983502,0.505243,0.884957,0.556149,0.7604416704166804,0.791234
ambient_13::style_swap::swap_cross,ambient_13,ambient,style_swap,nan,0.833886,0.386474,0.679409,0.57588,0.6027252976403635,0.6332563333333333
ambient_13::style_swap::swap_same,ambient_13,ambient,style_swap,nan,0.942991,0.463723,0.794527,0.681603,0.703004785896588,0.7337469999999999
ambient_14::control::ctrl,ambient_14,ambient,control,0.0,1.0,1.0,1.0,0.839459,1.0,1.0
ambient_14::pitch_shift::-4st,ambient_14,ambient,pitch_shift,-4.0,0.450231,0.510233,0.988206,0.722976,0.6100289909505309,0.6495566666666667
ambient_14::pitch_shift::-2st,ambient_14,ambient,pitch_shift,-2.0,0.60113,0.615471,0.981732,0.771188,0.7134928872924651,0.7327776666666667
ambient_14::pitch_shift::-1st,ambient_14,ambient,pitch_shift,-1.0,0.353993,0.718307,0.98102,0.721948,0.629497792443099,0.6844399999999999
ambient_14::pitch_shift::+1st,ambient_14,ambient,pitch_shift,1.0,0.351022,0.737858,0.990344,0.757745,0.6353763817190476,0.6930746666666666
ambient_14::pitch_shift::+2st,ambient_14,ambient,pitch_shift,2.0,0.617746,0.619005,0.981803,0.749924,0.7214000220642532,0.7395179999999999
ambient_14::pitch_shift::+4st,ambient_14,ambient,pitch_shift,4.0,0.435289,0.520784,0.988427,0.728772,0.6073792838725499,0.6481666666666666
ambient_14::time_stretch::-20pct,ambient_14,ambient,time_stretch,-20.0,0.995341,0.823868,0.969272,0.852833,0.9263143640576312,0.9294936666666667
ambient_14::time_stretch::-10pct,ambient_14,ambient,time_stretch,-10.0,0.998562,0.829967,0.960603,0.824889,0.9268154528602371,0.9297106666666666
ambient_14::time_stretch::-5pct,ambient_14,ambient,time_stretch,-5.0,0.997925,0.854889,0.970082,0.841415,0.9388697777172339,0.9409653333333332
ambient_14::time_stretch::+5pct,ambient_14,ambient,time_stretch,5.0,0.996928,0.83666,0.961028,0.832387,0.9289299109638343,0.9315386666666666
ambient_14::time_stretch::+10pct,ambient_14,ambient,time_stretch,10.0,0.998432,0.832609,0.959623,0.831844,0.9274419737522106,0.9302213333333333
ambient_14::time_stretch::+20pct,ambient_14,ambient,time_stretch,20.0,0.998464,0.825264,0.960412,0.833433,0.9249699625914729,0.9280466666666667
ambient_14::lowpass::lp8000,ambient_14,ambient,lowpass,8000.0,1.0,0.555157,0.991686,0.846583,0.8195900313842014,0.8489476666666667
ambient_14::lowpass::lp4000,ambient_14,ambient,lowpass,4000.0,0.999972,0.480145,0.990442,0.791929,0.7805422804347877,0.8235196666666666
ambient_14::lowpass::lp2000,ambient_14,ambient,lowpass,2000.0,0.999001,0.443293,0.996146,0.77081,0.7612487583335894,0.8128133333333334
ambient_14::distortion::drv4,ambient_14,ambient,distortion,4.0,0.999602,0.795468,0.979917,0.820304,0.9201946571782778,0.9249956666666665
ambient_14::distortion::drv12,ambient_14,ambient,distortion,12.0,0.989304,0.555726,0.969933,0.698201,0.8109188681611859,0.838321
ambient_14::distortion::drv32,ambient_14,ambient,distortion,32.0,0.96701,0.457764,0.9649,0.57561,0.753098245237103,0.796558
ambient_14::style_swap::swap_cross,ambient_14,ambient,style_swap,nan,0.496949,0.40079,0.95101,0.623286,0.5742988243369656,0.6162496666666666
ambient_14::style_swap::swap_same,ambient_14,ambient,style_swap,nan,0.877742,0.34662,0.950541,0.636024,0.6612978600287497,0.7249676666666667
ambient_15::control::ctrl,ambient_15,ambient,control,0.0,1.0,1.0,1.0,0.787864,1.0,1.0
ambient_15::pitch_shift::-4st,ambient_15,ambient,pitch_shift,-4.0,0.793501,0.396787,0.968513,0.736827,0.6730853260208594,0.7196003333333333
ambient_15::pitch_shift::-2st,ambient_15,ambient,pitch_shift,-2.0,0.902456,0.473862,0.976531,0.77441,0.7474600486057761,0.7842830000000001
ambient_15::pitch_shift::-1st,ambient_15,ambient,pitch_shift,-1.0,0.753359,0.596191,0.979445,0.788311,0.7605407408103899,0.7763316666666666
ambient_15::pitch_shift::+1st,ambient_15,ambient,pitch_shift,1.0,0.766285,0.570079,0.979786,0.789709,0.7536196244033037,0.77205
ambient_15::pitch_shift::+2st,ambient_15,ambient,pitch_shift,2.0,0.911686,0.458135,0.979855,0.797549,0.7424493935568248,0.7832253333333333
ambient_15::pitch_shift::+4st,ambient_15,ambient,pitch_shift,4.0,0.840115,0.413052,0.976093,0.763408,0.6970729371365888,0.7430866666666666
ambient_15::time_stretch::-20pct,ambient_15,ambient,time_stretch,-20.0,0.996796,0.819515,0.841459,0.773788,0.8825352302639384,0.8859233333333332
ambient_15::time_stretch::-10pct,ambient_15,ambient,time_stretch,-10.0,0.998583,0.831988,0.70191,0.792343,0.8354636393579932,0.8441603333333333
ambient_15::time_stretch::-5pct,ambient_15,ambient,time_stretch,-5.0,0.998127,0.85152,0.772537,0.805448,0.8691605013875385,0.8740613333333334
ambient_15::time_stretch::+5pct,ambient_15,ambient,time_stretch,5.0,0.998032,0.856094,0.773961,0.778872,0.871220994137132,0.876029
ambient_15::time_stretch::+10pct,ambient_15,ambient,time_stretch,10.0,0.997323,0.829234,0.715832,0.779631,0.8396687971869148,0.847463
ambient_15::time_stretch::+20pct,ambient_15,ambient,time_stretch,20.0,0.994715,0.822843,0.652849,0.776588,0.8114768407152223,0.823469
ambient_15::lowpass::lp8000,ambient_15,ambient,lowpass,8000.0,1.0,0.458807,0.994995,0.787553,0.7699874462253062,0.8179339999999999
ambient_15::lowpass::lp4000,ambient_15,ambient,lowpass,4000.0,1.0,0.451133,0.977747,0.77964,0.7612203025728984,0.8096266666666666
ambient_15::lowpass::lp2000,ambient_15,ambient,lowpass,2000.0,0.99997,0.433478,0.962747,0.764343,0.7472892508047414,0.7987316666666666
ambient_15::distortion::drv4,ambient_15,ambient,distortion,4.0,0.999997,0.918728,0.996114,0.788468,0.970878531495123,0.9716130000000001
ambient_15::distortion::drv12,ambient_15,ambient,distortion,12.0,0.999574,0.594689,0.98591,0.757945,0.836849529050508,0.8600576666666666
ambient_15::distortion::drv32,ambient_15,ambient,distortion,32.0,0.99624,0.471304,0.978212,0.728469,0.7715534702797548,0.8152519999999999
ambient_15::style_swap::swap_cross,ambient_15,ambient,style_swap,nan,0.89871,0.398311,0.674609,0.687153,0.6227274382420437,0.65721
ambient_15::style_swap::swap_same,ambient_15,ambient,style_swap,nan,0.903423,0.342104,0.765262,0.637534,0.6184242074754226,0.670263
electronic_01::control::ctrl,electronic_01,electronic,control,0.0,1.0,1.0,1.0,0.605448,1.0,1.0
electronic_01::pitch_shift::-4st,electronic_01,electronic,pitch_shift,-4.0,0.942103,0.422473,0.977407,0.663594,0.7300023589004375,0.7806609999999999
electronic_01::pitch_shift::-2st,electronic_01,electronic,pitch_shift,-2.0,0.941547,0.582735,0.985395,0.705582,0.8146564252563674,0.836559
electronic_01::pitch_shift::-1st,electronic_01,electronic,pitch_shift,-1.0,0.960997,0.733019,0.987153,0.655291,0.8859459853108062,0.8937229999999999
electronic_01::pitch_shift::+1st,electronic_01,electronic,pitch_shift,1.0,0.967131,0.794788,0.973107,0.685798,0.9077489057549984,0.9116753333333334
electronic_01::pitch_shift::+2st,electronic_01,electronic,pitch_shift,2.0,0.96061,0.689792,0.985945,0.661864,0.8677060958809498,0.8787823333333332
electronic_01::pitch_shift::+4st,electronic_01,electronic,pitch_shift,4.0,0.947104,0.574303,0.971274,0.593226,0.8084009955350074,0.8308936666666666
electronic_01::time_stretch::-20pct,electronic_01,electronic,time_stretch,-20.0,0.997149,0.805027,0.91112,0.572881,0.9009804375533389,0.904432
electronic_01::time_stretch::-10pct,electronic_01,electronic,time_stretch,-10.0,0.997349,0.839891,0.909726,0.633867,0.9133983660474662,0.9156553333333333
electronic_01::time_stretch::-5pct,electronic_01,electronic,time_stretch,-5.0,0.99834,0.863403,0.919787,0.602906,0.9255355345956958,0.9271766666666665
electronic_01::time_stretch::+5pct,electronic_01,electronic,time_stretch,5.0,0.996442,0.873048,0.934455,0.602538,0.9332890696650251,0.9346483333333333
electronic_01::time_stretch::+10pct,electronic_01,electronic,time_stretch,10.0,0.992149,0.877292,0.909638,0.624014,0.9251167711853535,0.9263596666666665
electronic_01::time_stretch::+20pct,electronic_01,electronic,time_stretch,20.0,0.998785,0.7036,0.920977,0.61025,0.8649988741821479,0.874454
electronic_01::lowpass::lp8000,electronic_01,electronic,lowpass,8000.0,0.999998,0.431203,0.999604,0.608343,0.755387215113634,0.8102683333333334
electronic_01::lowpass::lp4000,electronic_01,electronic,lowpass,4000.0,0.999975,0.441031,0.998875,0.658019,0.76089220400506,0.8132936666666666
electronic_01::lowpass::lp2000,electronic_01,electronic,lowpass,2000.0,0.999022,0.428174,0.994026,0.599325,0.7519651197543815,0.807074
electronic_01::distortion::drv4,electronic_01,electronic,distortion,4.0,0.999998,0.998934,0.999994,0.616078,0.9996418746081764,0.9996419999999999
electronic_01::distortion::drv12,electronic_01,electronic,distortion,12.0,0.997341,0.991984,0.999875,0.625838,0.9963945652141064,0.9964
electronic_01::distortion::drv32,electronic_01,electronic,distortion,32.0,0.999364,0.901259,0.997859,0.614987,0.9650448513717402,0.9661606666666667
electronic_01::style_swap::swap_cross,electronic_01,electronic,style_swap,nan,0.937976,0.349675,0.922401,0.540846,0.671313465123881,0.736684
electronic_01::style_swap::swap_same,electronic_01,electronic,style_swap,nan,0.952056,0.384604,0.84588,0.617156,0.6765943225923241,0.7275133333333332
electronic_02::control::ctrl,electronic_02,electronic,control,0.0,1.0,0.996412,0.999951,0.874203,0.9987862526841437,0.9987876666666666
electronic_02::pitch_shift::-4st,electronic_02,electronic,pitch_shift,-4.0,0.846467,0.357448,0.986372,0.832489,0.668273971473002,0.7300956666666667
electronic_02::pitch_shift::-2st,electronic_02,electronic,pitch_shift,-2.0,0.930809,0.499901,0.991971,0.857402,0.772825040051091,0.8075603333333333
electronic_02::pitch_shift::-1st,electronic_02,electronic,pitch_shift,-1.0,0.824533,0.671297,0.994503,0.863993,0.81955156122356,0.8301109999999999
electronic_02::pitch_shift::+1st,electronic_02,electronic,pitch_shift,1.0,0.844516,0.825959,0.993235,0.855779,0.8848563983636056,0.8879033333333333
electronic_02::pitch_shift::+2st,electronic_02,electronic,pitch_shift,2.0,0.926179,0.745671,0.988947,0.856158,0.8806535025950841,0.8869323333333332
electronic_02::pitch_shift::+4st,electronic_02,electronic,pitch_shift,4.0,0.84494,0.63268,0.976495,0.840862,0.8051806573672051,0.8180383333333333
electronic_02::time_stretch::-20pct,electronic_02,electronic,time_stretch,-20.0,0.99723,0.801495,0.618846,0.869642,0.7908478049447023,0.8058569999999999
electronic_02::time_stretch::-10pct,electronic_02,electronic,time_stretch,-10.0,0.998548,0.832766,0.675697,0.876846,0.8251786334456537,0.8356703333333333
electronic_02::time_stretch::-5pct,electronic_02,electronic,time_stretch,-5.0,0.999544,0.85815,0.730265,0.883943,0.8556218564978676,0.862653
electronic_02::time_stretch::+5pct,electronic_02,electronic,time_stretch,5.0,0.999255,0.86033,0.754085,0.890392,0.8654737491508108,0.8712233333333332
electronic_02::time_stretch::+10pct,electronic_02,electronic,time_stretch,10.0,0.99867,0.839985,0.695556,0.870806,0.8356194599496624,0.844737
electronic_02::time_stretch::+20pct,electronic_02,electronic,time_stretch,20.0,0.9984,0.830685,0.598735,0.890392,0.7918784584503155,0.8092733333333333
electronic_02::lowpass::lp8000,electronic_02,electronic,lowpass,8000.0,0.999868,0.367913,0.99943,0.86929,0.7163854031060191,0.7890703333333333
electronic_02::lowpass::lp4000,electronic_02,electronic,lowpass,4000.0,0.999871,0.384484,0.998986,0.790429,0.7268763667624242,0.7944469999999999
electronic_02::lowpass::lp2000,electronic_02,electronic,lowpass,2000.0,0.999789,0.367604,0.997399,0.763339,0.7156804771165285,0.788264
electronic_02::distortion::drv4,electronic_02,electronic,distortion,4.0,0.999855,0.405606,0.980504,0.852719,0.7353547821622862,0.7953216666666667
electronic_02::distortion::drv12,electronic_02,electronic,distortion,12.0,0.998243,0.371171,0.961512,0.823443,0.7089054900676901,0.7769753333333334
electronic_02::distortion::drv32,electronic_02,electronic,distortion,32.0,0.996908,0.362562,0.952877,0.7986,0.7009570419660224,0.7707823333333332
electronic_02::style_swap::swap_cross,electronic_02,electronic,style_swap,nan,0.96012,0.354984,0.585917,0.617612,0.5845075582711599,0.6336736666666667
electronic_02::style_swap::swap_same,electronic_02,electronic,style_swap,nan,0.884276,0.331471,0.669026,0.599862,0.5809768008521452,0.6282576666666666
electronic_03::control::ctrl,electronic_03,electronic,control,0.0,1.0,1.0,1.0,0.753807,1.0,1.0
electronic_03::pitch_shift::-4st,electronic_03,electronic,pitch_shift,-4.0,0.785432,0.519233,0.984395,0.696859,0.7377005245475066,0.7630199999999999
electronic_03::pitch_shift::-2st,electronic_03,electronic,pitch_shift,-2.0,0.896433,0.692794,0.993331,0.724209,0.8512791192971022,0.8608526666666666
electronic_03::pitch_shift::-1st,electronic_03,electronic,pitch_shift,-1.0,0.840616,0.81887,0.996125,0.716155,0.881810943339633,0.8852036666666666
electronic_03::pitch_shift::+1st,electronic_03,electronic,pitch_shift,1.0,0.834654,0.835536,0.994657,0.712004,0.885214113852059,0.8882823333333333
electronic_03::pitch_shift::+2st,electronic_03,electronic,pitch_shift,2.0,0.882816,0.74938,0.989909,0.689562,0.8684054136382865,0.874035
electronic_03::pitch_shift::+4st,electronic_03,electronic,pitch_shift,4.0,0.777918,0.608729,0.970949,0.644988,0.7718236414906596,0.7858653333333332
electronic_03::time_stretch::-20pct,electronic_03,electronic,time_stretch,-20.0,0.985783,0.880944,0.522,0.766524,0.7681865692099431,0.7962423333333333
electronic_03::time_stretch::-10pct,electronic_03,electronic,time_stretch,-10.0,0.98818,0.913815,0.608955,0.77111,0.8192689855115861,0.8369833333333333
electronic_03::time_stretch::-5pct,electronic_03,electronic,time_stretch,-5.0,0.98375,0.926133,0.67362,0.760122,0.8498149348650046,0.8611676666666666
electronic_03::time_stretch::+5pct,electronic_03,electronic,time_stretch,5.0,0.978772,0.938974,0.6719,0.783392,0.8515560686120175,0.8632153333333332
electronic_03::time_stretch::+10pct,electronic_03,electronic,time_stretch,10.0,0.989451,0.901889,0.608261,0.752892,0.8157287788739703,0.8332003333333333
electronic_03::time_stretch::+20pct,electronic_03,electronic,time_stretch,20.0,0.968126,0.871577,0.529356,0.754039,0.7644137580111752,0.7896863333333333
electronic_03::lowpass::lp8000,electronic_03,electronic,lowpass,8000.0,0.999988,0.46028,0.99718,0.755356,0.7713713139246495,0.8191493333333333
electronic_03::lowpass::lp4000,electronic_03,electronic,lowpass,4000.0,0.999992,0.443416,0.987591,0.69207,0.7593843973546857,0.810333
electronic_03::lowpass::lp2000,electronic_03,electronic,lowpass,2000.0,0.999898,0.405602,0.973443,0.693037,0.7335934381398327,0.7929809999999999
electronic_03::distortion::drv4,electronic_03,electronic,distortion,4.0,0.999817,0.727611,0.997881,0.751415,0.89873745670753,0.9084363333333333
electronic_03::distortion::drv12,electronic_03,electronic,distortion,12.0,0.998965,0.570449,0.989218,0.701862,0.82607542398347,0.8528773333333333
electronic_03::distortion::drv32,electronic_03,electronic,distortion,32.0,0.997222,0.489519,0.970613,0.645676,0.7795952229563868,0.8191179999999999
electronic_03::style_swap::swap_cross,electronic_03,electronic,style_swap,nan,0.742728,0.422853,0.510899,0.426433,0.5433980660777565,0.5588266666666667
electronic_03::style_swap::swap_same,electronic_03,electronic,style_swap,nan,0.883613,0.535962,0.482211,0.469829,0.6112390184307284,0.6339286666666666
electronic_04::control::ctrl,electronic_04,electronic,control,0.0,1.0,1.0,1.0,0.814233,1.0,1.0
electronic_04::pitch_shift::-4st,electronic_04,electronic,pitch_shift,-4.0,0.808126,0.456744,0.981929,0.734941,0.7129799861124522,0.748933
electronic_04::pitch_shift::-2st,electronic_04,electronic,pitch_shift,-2.0,0.892126,0.592253,0.989731,0.778971,0.8056570523259153,0.8247033333333333
electronic_04::pitch_shift::-1st,electronic_04,electronic,pitch_shift,-1.0,0.968309,0.761266,0.992991,0.796113,0.9012222487895399,0.9075219999999999
electronic_04::pitch_shift::+1st,electronic_04,electronic,pitch_shift,1.0,0.952683,0.872008,0.991355,0.793115,0.9373447732821475,0.938682
electronic_04::pitch_shift::+2st,electronic_04,electronic,pitch_shift,2.0,0.890444,0.783218,0.988628,0.788126,0.8834338979410186,0.8874299999999999
electronic_04::pitch_shift::+4st,electronic_04,electronic,pitch_shift,4.0,0.754311,0.667636,0.978199,0.761476,0.7897793980490471,0.8000486666666666
electronic_04::time_stretch::-20pct,electronic_04,electronic,time_stretch,-20.0,0.983819,0.907564,0.626503,0.8102,0.8239582509594915,0.8392953333333333
electronic_04::time_stretch::-10pct,electronic_04,electronic,time_stretch,-10.0,0.981774,0.915613,0.677187,0.8202,0.8475084358415936,0.8581913333333333
electronic_04::time_stretch::-5pct,electronic_04,electronic,time_stretch,-5.0,0.981159,0.938569,0.74652,0.798881,0.8825697034074655,0.8887493333333333
electronic_04::time_stretch::+5pct,electronic_04,electronic,time_stretch,5.0,0.96191,0.952585,0.746236,0.798683,0.8809909725312677,0.8869103333333332
electronic_04::time_stretch::+10pct,electronic_04,electronic,time_stretch,10.0,0.980156,0.945114,0.610677,0.790595,0.8270472480132843,0.8453156666666666
electronic_04::time_stretch::+20pct,electronic_04,electronic,time_stretch,20.0,0.977722,0.930157,0.67233,0.798612,0.8487596248651016,0.8600696666666666
electronic_04::lowpass::lp8000,electronic_04,electronic,lowpass,8000.0,0.998054,0.451174,0.997851,0.803408,0.7659279776369589,0.815693
electronic_04::lowpass::lp4000,electronic_04,electronic,lowpass,4000.0,0.983855,0.445069,0.988253,0.748724,0.7563837583211422,0.8057256666666666
electronic_04::lowpass::lp2000,electronic_04,electronic,lowpass,2000.0,0.998193,0.436671,0.966454,0.755091,0.7496352834680271,0.8004393333333333
electronic_04::distortion::drv4,electronic_04,electronic,distortion,4.0,0.988275,0.960242,0.999833,0.809864,0.9826420040866752,0.9827833333333333
electronic_04::distortion::drv12,electronic_04,electronic,distortion,12.0,0.984722,0.839189,0.998119,0.804014,0.9378180387009494,0.9406766666666666
electronic_04::distortion::drv32,electronic_04,electronic,distortion,32.0,0.984007,0.707193,0.99237,0.785091,0.8839002484780049,0.8945233333333332
electronic_04::style_swap::swap_cross,electronic_04,electronic,style_swap,nan,0.870442,0.476422,0.744885,0.672845,0.6759900314686293,0.6972496666666667
electronic_04::style_swap::swap_same,electronic_04,electronic,style_swap,nan,0.932752,0.410372,0.629456,0.685862,0.6222569593367183,0.6575266666666666
electronic_05::control::ctrl,electronic_05,electronic,control,0.0,1.0,1.0,1.0,0.932054,1.0,1.0
electronic_05::pitch_shift::-4st,electronic_05,electronic,pitch_shift,-4.0,0.978697,0.503214,0.977026,0.917008,0.7836143211079512,0.8196456666666667
electronic_05::pitch_shift::-2st,electronic_05,electronic,pitch_shift,-2.0,0.988503,0.69419,0.990602,0.917071,0.8792624270641187,0.8910983333333333
electronic_05::pitch_shift::-1st,electronic_05,electronic,pitch_shift,-1.0,0.989289,0.820253,0.994977,0.898119,0.9311679433500076,0.9348396666666666
electronic_05::pitch_shift::+1st,electronic_05,electronic,pitch_shift,1.0,0.98824,0.871084,0.989447,0.921052,0.9479199576535374,0.9495903333333333
electronic_05::pitch_shift::+2st,electronic_05,electronic,pitch_shift,2.0,0.989375,0.809444,0.97517,0.888978,0.9208933939310469,0.924663
electronic_05::pitch_shift::+4st,electronic_05,electronic,pitch_shift,4.0,0.987474,0.747286,0.959466,0.898711,0.8912797410565503,0.8980753333333333
electronic_05::time_stretch::-20pct,electronic_05,electronic,time_stretch,-20.0,0.998988,0.844527,0.467838,0.910191,0.7335388186489425,0.770451
electronic_05::time_stretch::-10pct,electronic_05,electronic,time_stretch,-10.0,0.998787,0.899799,0.568522,0.919716,0.7994449327893804,0.8223693333333333
electronic_05::time_stretch::-5pct,electronic_05,electronic,time_stretch,-5.0,0.999112,0.910808,0.661764,0.912695,0.84446447271119,0.8572279999999999
electronic_05::time_stretch::+5pct,electronic_05,electronic,time_stretch,5.0,0.999054,0.913224,0.65844,0.932957,0.8437766350934159,0.856906
electronic_05::time_stretch::+10pct,electronic_05,electronic,time_stretch,10.0,0.998966,0.897565,0.578117,0.907456,0.8032994178667675,0.8248826666666667
electronic_05::time_stretch::+20pct,electronic_05,electronic,time_stretch,20.0,0.99848,0.859635,0.467838,0.899237,0.7377620607960673,0.7753176666666666
electronic_05::lowpass::lp8000,electronic_05,electronic,lowpass,8000.0,0.999999,0.419915,0.998368,0.929973,0.7484288766841132,0.806094
electronic_05::lowpass::lp4000,electronic_05,electronic,lowpass,4000.0,0.999999,0.422606,0.995605,0.877809,0.7493316866570197,0.80607
electronic_05::lowpass::lp2000,electronic_05,electronic,lowpass,2000.0,0.999995,0.413037,0.991329,0.888477,0.742565667472766,0.8014536666666666
electronic_05::distortion::drv4,electronic_05,electronic,distortion,4.0,0.999863,0.805368,0.972337,0.940724,0.9216879149349414,0.925856
electronic_05::distortion::drv12,electronic_05,electronic,distortion,12.0,0.999138,0.58529,0.927254,0.90806,0.8154520560306895,0.8372273333333333
electronic_05::distortion::drv32,electronic_05,electronic,distortion,32.0,0.99845,0.496781,0.891219,0.911356,0.7617724202900662,0.7954833333333333
electronic_05::style_swap::swap_cross,electronic_05,electronic,style_swap,nan,0.938175,0.387428,0.594592,0.678387,0.6001106130444753,0.640065
electronic_05::style_swap::swap_same,electronic_05,electronic,style_swap,nan,0.910941,0.397804,0.654683,0.575099,0.6190563075860375,0.654476
electronic_06::control::ctrl,electronic_06,electronic,control,0.0,1.0,0.99994,1.0,0.756988,0.9999799995999867,0.99998
electronic_06::pitch_shift::-4st,electronic_06,electronic,pitch_shift,-4.0,0.804418,0.536069,0.984786,0.759329,0.7516484734422763,0.775091
electronic_06::pitch_shift::-2st,electronic_06,electronic,pitch_shift,-2.0,0.88897,0.693956,0.991772,0.773903,0.8489399298022136,0.8582326666666666
electronic_06::pitch_shift::-1st,electronic_06,electronic,pitch_shift,-1.0,0.945645,0.818504,0.994252,0.791458,0.9163930848881593,0.919467
electronic_06::pitch_shift::+1st,electronic_06,electronic,pitch_shift,1.0,0.942882,0.809393,0.99261,0.783937,0.9115877456898773,0.9149616666666667
electronic_06::pitch_shift::+2st,electronic_06,electronic,pitch_shift,2.0,0.898346,0.695439,0.988879,0.823439,0.8516907782639781,0.8608879999999999
electronic_06::pitch_shift::+4st,electronic_06,electronic,pitch_shift,4.0,0.8722,0.600245,0.977047,0.729081,0.7997483689003183,0.8164973333333332
electronic_06::time_stretch::-20pct,electronic_06,electronic,time_stretch,-20.0,0.993384,0.87174,0.492592,0.809779,0.7527726464894289,0.7859053333333332
electronic_06::time_stretch::-10pct,electronic_06,electronic,time_stretch,-10.0,0.996719,0.867185,0.571162,0.780578,0.790341159831533,0.8116886666666666
electronic_06::time_stretch::-5pct,electronic_06,electronic,time_stretch,-5.0,0.99676,0.911751,0.632944,0.776486,0.8316566139180015,0.8471516666666665
electronic_06::time_stretch::+5pct,electronic_06,electronic,time_stretch,5.0,0.990592,0.932376,0.663358,0.762786,0.8493329203392642,0.8621086666666666
electronic_06::time_stretch::+10pct,electronic_06,electronic,time_stretch,10.0,0.997908,0.895041,0.620404,0.809468,0.8213646502078791,0.8377843333333332
electronic_06::time_stretch::+20pct,electronic_06,electronic,time_stretch,20.0,0.994315,0.867923,0.492387,0.827685,0.7518027711855574,0.7848749999999999
electronic_06::lowpass::lp8000,electronic_06,electronic,lowpass,8000.0,0.999429,0.507961,0.996631,0.75927,0.7968420352806393,0.8346736666666666
electronic_06::lowpass::lp4000,electronic_06,electronic,lowpass,4000.0,0.999979,0.460765,0.985038,0.720381,0.7684951227480789,0.8152606666666666
electronic_06::lowpass::lp2000,electronic_06,electronic,lowpass,2000.0,0.999927,0.444382,0.898836,0.593283,0.7364361026615381,0.7810483333333333
electronic_06::distortion::drv4,electronic_06,electronic,distortion,4.0,0.99869,0.732641,0.99082,0.708643,0.898336187975224,0.9073836666666666
electronic_06::distortion::drv12,electronic_06,electronic,distortion,12.0,0.997279,0.590027,0.968415,0.619637,0.8290550247397415,0.851907
electronic_06::distortion::drv32,electronic_06,electronic,distortion,32.0,0.995958,0.517626,0.93275,0.570602,0.7834430908463286,0.8154446666666666
electronic_06::style_swap::swap_cross,electronic_06,electronic,style_swap,nan,0.858565,0.373502,0.597205,0.46332,0.5764077998772899,0.6097573333333333
electronic_06::style_swap::swap_same,electronic_06,electronic,style_swap,nan,0.896237,0.424328,0.492387,0.732927,0.5721067158909582,0.6043173333333333
electronic_07::control::ctrl,electronic_07,electronic,control,0.0,1.0,1.0,1.0,0.769931,1.0,1.0
electronic_07::pitch_shift::-4st,electronic_07,electronic,pitch_shift,-4.0,0.766562,0.36215,0.982782,0.676492,0.6485811512385284,0.7038313333333333
electronic_07::pitch_shift::-2st,electronic_07,electronic,pitch_shift,-2.0,0.818366,0.499343,0.99311,0.733329,0.740368557090121,0.770273
electronic_07::pitch_shift::-1st,electronic_07,electronic,pitch_shift,-1.0,0.760846,0.684194,0.995994,0.708821,0.8033613153221901,0.8136779999999999
electronic_07::pitch_shift::+1st,electronic_07,electronic,pitch_shift,1.0,0.754592,0.822098,0.993963,0.71268,0.8511419620706633,0.8568843333333334
electronic_07::pitch_shift::+2st,electronic_07,electronic,pitch_shift,2.0,0.812698,0.722374,0.989009,0.723844,0.8342518536849376,0.8413603333333333
electronic_07::pitch_shift::+4st,electronic_07,electronic,pitch_shift,4.0,0.743983,0.606494,0.976464,0.672821,0.7609367965800165,0.775647
electronic_07::time_stretch::-20pct,electronic_07,electronic,time_stretch,-20.0,0.996408,0.872849,0.575376,0.750097,0.7939186834118791,0.8148776666666666
electronic_07::time_stretch::-10pct,electronic_07,electronic,time_stretch,-10.0,0.997467,0.898456,0.659441,0.773186,0.8391838134493981,0.851788
electronic_07::time_stretch::-5pct,electronic_07,electronic,time_stretch,-5.0,0.996844,0.940452,0.712757,0.763943,0.8742489276154604,0.883351
electronic_07::time_stretch::+5pct,electronic_07,electronic,time_stretch,5.0,0.995867,0.943528,0.738192,0.76198,0.8852008511114715,0.8925289999999999
electronic_07::time_stretch::+10pct,electronic_07,electronic,time_stretch,10.0,0.996091,0.91657,0.664796,0.761568,0.846676847443482,0.8591523333333333
electronic_07::time_stretch::+20pct,electronic_07,electronic,time_stretch,20.0,0.995923,0.868506,0.599433,0.764097,0.8033653158620238,0.8212873333333333
electronic_07::lowpass::lp8000,electronic_07,electronic,lowpass,8000.0,1.0,0.369149,0.998675,0.770075,0.7170376468707186,0.7892746666666666
electronic_07::lowpass::lp4000,electronic_07,electronic,lowpass,4000.0,0.999998,0.359384,0.992886,0.693546,0.7092822400363966,0.7840893333333333
electronic_07::lowpass::lp2000,electronic_07,electronic,lowpass,2000.0,0.999806,0.343797,0.974246,0.662279,0.6944305486052904,0.7726163333333333
electronic_07::distortion::drv4,electronic_07,electronic,distortion,4.0,0.999882,0.435335,0.98826,0.767996,0.7548856752165098,0.8078256666666667
electronic_07::distortion::drv12,electronic_07,electronic,distortion,12.0,0.998433,0.379037,0.962933,0.703612,0.7142751390422268,0.7801343333333333
electronic_07::distortion::drv32,electronic_07,electronic,distortion,32.0,0.99635,0.363467,0.944004,0.642438,0.6992249480613564,0.7679403333333332
electronic_07::style_swap::swap_cross,electronic_07,electronic,style_swap,nan,0.886094,0.417874,0.60697,0.59177,0.6079914296941681,0.6369793333333333
electronic_07::style_swap::swap_same,electronic_07,electronic,style_swap,nan,0.882658,0.376619,0.549731,0.453864,0.5674770537099991,0.6030026666666666
electronic_08::control::ctrl,electronic_08,electronic,control,0.0,1.0,1.0,1.0,0.890409,1.0,1.0
electronic_08::pitch_shift::-4st,electronic_08,electronic,pitch_shift,-4.0,0.908522,0.543821,0.986558,0.749515,0.7869938677387779,0.812967
electronic_08::pitch_shift::-2st,electronic_08,electronic,pitch_shift,-2.0,0.915175,0.708606,0.991649,0.813893,0.8631553840167981,0.87181
electronic_08::pitch_shift::-1st,electronic_08,electronic,pitch_shift,-1.0,0.94852,0.831964,0.99411,0.851472,0.9222779448503015,0.9248646666666667
electronic_08::pitch_shift::+1st,electronic_08,electronic,pitch_shift,1.0,0.958275,0.831989,0.990914,0.836485,0.924445335863044,0.9270593333333332
electronic_08::pitch_shift::+2st,electronic_08,electronic,pitch_shift,2.0,0.919678,0.71846,0.985232,0.798669,0.8666803836874617,0.8744566666666665
electronic_08::pitch_shift::+4st,electronic_08,electronic,pitch_shift,4.0,0.903487,0.597304,0.971426,0.733664,0.806322944380787,0.8240723333333333
electronic_08::time_stretch::-20pct,electronic_08,electronic,time_stretch,-20.0,0.996541,0.8785,0.538606,0.864045,0.7783400442666751,0.804549
electronic_08::time_stretch::-10pct,electronic_08,electronic,time_stretch,-10.0,0.988208,0.875842,0.479271,0.849875,0.7457932151093615,0.781107
electronic_08::time_stretch::-5pct,electronic_08,electronic,time_stretch,-5.0,0.991683,0.930188,0.462448,0.876737,0.7527813231143904,0.794773
electronic_08::time_stretch::+5pct,electronic_08,electronic,time_stretch,5.0,0.993878,0.921473,0.652129,0.885241,0.8421376197885942,0.8558266666666666
electronic_08::time_stretch::+10pct,electronic_08,electronic,time_stretch,10.0,0.997429,0.883477,0.591651,0.877539,0.8048487623948203,0.8241856666666666
electronic_08::time_stretch::+20pct,electronic_08,electronic,time_stretch,20.0,0.992693,0.871431,0.606315,0.863405,0.8064586277149652,0.8234796666666666
electronic_08::lowpass::lp8000,electronic_08,electronic,lowpass,8000.0,0.998137,0.496135,0.997432,0.887768,0.790480399694225,0.830568
electronic_08::lowpass::lp4000,electronic_08,electronic,lowpass,4000.0,0.999998,0.45305,0.98949,0.81545,0.7653361462475746,0.8141793333333333
electronic_08::lowpass::lp2000,electronic_08,electronic,lowpass,2000.0,0.996882,0.426175,0.953607,0.731751,0.7399466099943528,0.7922213333333332
electronic_08::distortion::drv4,electronic_08,electronic,distortion,4.0,0.999749,0.673292,0.984054,0.733904,0.8717081797002352,0.8856983333333333
electronic_08::distortion::drv12,electronic_08,electronic,distortion,12.0,0.986606,0.507479,0.962554,0.641455,0.7840233134896999,0.8188796666666667
electronic_08::distortion::drv32,electronic_08,electronic,distortion,32.0,0.995942,0.477746,0.930002,0.586715,0.7620292875465334,0.8012299999999999
electronic_08::style_swap::swap_cross,electronic_08,electronic,style_swap,nan,0.927107,0.453751,0.529207,0.684815,0.6060721740298884,0.6366883333333333
electronic_08::style_swap::swap_same,electronic_08,electronic,style_swap,nan,0.863319,0.469269,0.492175,0.654547,0.5842125804554129,0.6082543333333332
electronic_09::control::ctrl,electronic_09,electronic,control,0.0,1.0,1.0,1.0,0.718092,1.0,1.0
electronic_09::pitch_shift::-4st,electronic_09,electronic,pitch_shift,-4.0,0.959409,0.47505,0.977902,0.650762,0.763858322858086,0.8041203333333333
electronic_09::pitch_shift::-2st,electronic_09,electronic,pitch_shift,-2.0,0.963591,0.656302,0.98817,0.711411,0.8549539225833916,0.8693543333333332
electronic_09::pitch_shift::-1st,electronic_09,electronic,pitch_shift,-1.0,0.980598,0.826879,0.992775,0.709682,0.9302391200404846,0.9334173333333333
electronic_09::pitch_shift::+1st,electronic_09,electronic,pitch_shift,1.0,0.984398,0.882336,0.993075,0.758319,0.9519093447803817,0.9532696666666667
electronic_09::pitch_shift::+2st,electronic_09,electronic,pitch_shift,2.0,0.956294,0.795031,0.988688,0.779904,0.9092394117960596,0.9133376666666666
electronic_09::pitch_shift::+4st,electronic_09,electronic,pitch_shift,4.0,0.957647,0.674605,0.978896,0.698421,0.858348898269546,0.8703826666666666
electronic_09::time_stretch::-20pct,electronic_09,electronic,time_stretch,-20.0,0.995786,0.897351,0.626185,0.735415,0.8240312383763552,0.8397739999999999
electronic_09::time_stretch::-10pct,electronic_09,electronic,time_stretch,-10.0,0.994738,0.92423,0.682118,0.773537,0.8559520309035995,0.8670286666666667
electronic_09::time_stretch::-5pct,electronic_09,electronic,time_stretch,-5.0,0.991339,0.942415,0.757467,0.751627,0.891133355193407,0.8970736666666665
electronic_09::time_stretch::+5pct,electronic_09,electronic,time_stretch,5.0,0.993681,0.966391,0.793479,0.753948,0.9133665446444268,0.9178503333333332
electronic_09::time_stretch::+10pct,electronic_09,electronic,time_stretch,10.0,0.993391,0.944324,0.717924,0.705499,0.8765430287961665,0.8852129999999999
electronic_09::time_stretch::+20pct,electronic_09,electronic,time_stretch,20.0,0.994183,0.922112,0.658424,0.724026,0.8451203377521488,0.8582396666666667
electronic_09::lowpass::lp8000,electronic_09,electronic,lowpass,8000.0,0.999474,0.483836,0.998775,0.729085,0.7845954424409816,0.8273616666666666
electronic_09::lowpass::lp4000,electronic_09,electronic,lowpass,4000.0,0.999479,0.453752,0.784357,0.623887,0.7085470065087777,0.7458626666666666
electronic_09::lowpass::lp2000,electronic_09,electronic,lowpass,2000.0,0.999986,0.408429,0.765017,0.603178,0.6785687557630597,0.7244773333333333
electronic_09::distortion::drv4,electronic_09,electronic,distortion,4.0,0.999442,0.69507,0.992479,0.683796,0.8834239225955625,0.8956636666666666
electronic_09::distortion::drv12,electronic_09,electronic,distortion,12.0,0.999431,0.580273,0.976129,0.633823,0.8272386140578962,0.8519443333333333
electronic_09::distortion::drv32,electronic_09,electronic,distortion,32.0,0.999298,0.520337,0.954315,0.602336,0.7916936453523575,0.8246499999999999
electronic_09::style_swap::swap_cross,electronic_09,electronic,style_swap,nan,0.962967,0.540225,0.613662,0.629425,0.6834474140394697,0.705618
electronic_09::style_swap::swap_same,electronic_09,electronic,style_swap,nan,0.892172,0.449766,0.724892,0.663505,0.662576720016459,0.6889433333333332
electronic_10::control::ctrl,electronic_10,electronic,control,0.0,1.0,1.0,1.0,0.810411,1.0,1.0
electronic_10::pitch_shift::-4st,electronic_10,electronic,pitch_shift,-4.0,0.927037,0.63649,0.955138,0.671573,0.8260092781027488,0.839555
electronic_10::pitch_shift::-2st,electronic_10,electronic,pitch_shift,-2.0,0.934227,0.761208,0.965096,0.71841,0.8820815901578876,0.8868436666666666
electronic_10::pitch_shift::-1st,electronic_10,electronic,pitch_shift,-1.0,0.948845,0.854291,0.968949,0.735278,0.9226436726632246,0.9240283333333332
electronic_10::pitch_shift::+1st,electronic_10,electronic,pitch_shift,1.0,0.957321,0.877158,0.994434,0.770588,0.9416809677213147,0.942971
electronic_10::pitch_shift::+2st,electronic_10,electronic,pitch_shift,2.0,0.942156,0.799083,0.991552,0.722643,0.9071450494259764,0.9109303333333333
electronic_10::pitch_shift::+4st,electronic_10,electronic,pitch_shift,4.0,0.926106,0.701639,0.987228,0.719798,0.8624434490971612,0.8716576666666667
electronic_10::time_stretch::-20pct,electronic_10,electronic,time_stretch,-20.0,0.995521,0.872309,0.87537,0.7565,0.912649764153438,0.9143999999999999
electronic_10::time_stretch::-10pct,electronic_10,electronic,time_stretch,-10.0,0.994197,0.889905,0.886615,0.784036,0.9222536653095047,0.9235723333333333
electronic_10::time_stretch::-5pct,electronic_10,electronic,time_stretch,-5.0,0.997108,0.917396,0.935756,0.763266,0.9494830607708459,0.9500866666666666
electronic_10::time_stretch::+5pct,electronic_10,electronic,time_stretch,5.0,0.996636,0.915546,0.935756,0.782091,0.9486946544601094,0.9493126666666666
electronic_10::time_stretch::+10pct,electronic_10,electronic,time_stretch,10.0,0.996679,0.890654,0.8822,0.77244,0.9217443014151454,0.9231776666666666
electronic_10::time_stretch::+20pct,electronic_10,electronic,time_stretch,20.0,0.994358,0.875533,0.865741,0.784418,0.9100552494841714,0.9118773333333332
electronic_10::lowpass::lp8000,electronic_10,electronic,lowpass,8000.0,0.999418,0.528164,0.99862,0.807738,0.8078028993637785,0.8420673333333333
electronic_10::lowpass::lp4000,electronic_10,electronic,lowpass,4000.0,0.999519,0.458573,0.995015,0.728948,0.7697382252568179,0.8177023333333333
electronic_10::lowpass::lp2000,electronic_10,electronic,lowpass,2000.0,0.999878,0.436361,0.971037,0.710243,0.7510627790321283,0.8024253333333333
electronic_10::distortion::drv4,electronic_10,electronic,distortion,4.0,0.998247,0.775004,0.992018,0.692911,0.9155607580284988,0.9217563333333332
electronic_10::distortion::drv12,electronic_10,electronic,distortion,12.0,0.99768,0.6507,0.96743,0.566792,0.8563747910472369,0.8719366666666666
electronic_10::distortion::drv32,electronic_10,electronic,distortion,32.0,0.997355,0.562191,0.917528,0.534999,0.8012800466545261,0.8256913333333333
electronic_10::style_swap::swap_cross,electronic_10,electronic,style_swap,nan,0.942699,0.416073,0.937445,0.239747,0.7164119024046519,0.7654056666666667
electronic_10::style_swap::swap_same,electronic_10,electronic,style_swap,nan,0.859537,0.468063,0.899709,0.635552,0.7126730197333596,0.7424363333333333
electronic_11::control::ctrl,electronic_11,electronic,control,0.0,1.0,1.0,1.0,0.720974,1.0,1.0
electronic_11::pitch_shift::-4st,electronic_11,electronic,pitch_shift,-4.0,0.938685,0.513101,0.985868,0.698801,0.7801542937734812,0.8125513333333333
electronic_11::pitch_shift::-2st,electronic_11,electronic,pitch_shift,-2.0,0.948451,0.67216,0.947797,0.686351,0.8454104872099919,0.856136
electronic_11::pitch_shift::-1st,electronic_11,electronic,pitch_shift,-1.0,0.934442,0.804707,0.992252,0.661324,0.9069932134399105,0.9104669999999999
electronic_11::pitch_shift::+1st,electronic_11,electronic,pitch_shift,1.0,0.931792,0.869101,0.946374,0.677755,0.9151325631518846,0.9157556666666666
electronic_11::pitch_shift::+2st,electronic_11,electronic,pitch_shift,2.0,0.941306,0.795511,0.944927,0.678035,0.8910972257534999,0.8939146666666666
electronic_11::pitch_shift::+4st,electronic_11,electronic,pitch_shift,4.0,0.931312,0.665806,0.93389,0.626743,0.8335139565674684,0.8436693333333334
electronic_11::time_stretch::-20pct,electronic_11,electronic,time_stretch,-20.0,0.995049,0.841323,0.678262,0.71967,0.8280722643198246,0.8382113333333333
electronic_11::time_stretch::-10pct,electronic_11,electronic,time_stretch,-10.0,0.998182,0.889206,0.738501,0.723259,0.86866915775627,0.8752963333333332
electronic_11::time_stretch::-5pct,electronic_11,electronic,time_stretch,-5.0,0.999267,0.925465,0.80105,0.682601,0.9048301354074292,0.9085939999999999
electronic_11::time_stretch::+5pct,electronic_11,electronic,time_stretch,5.0,0.998669,0.907761,0.760252,0.716304,0.8833176062653754,0.888894
electronic_11::time_stretch::+10pct,electronic_11,electronic,time_stretch,10.0,0.995713,0.891752,0.705064,0.739943,0.8554650476374608,0.8641763333333333
electronic_11::time_stretch::+20pct,electronic_11,electronic,time_stretch,20.0,0.994667,0.869275,0.674601,0.715921,0.83552726547128,0.846181
electronic_11::lowpass::lp8000,electronic_11,electronic,lowpass,8000.0,0.999645,0.460656,0.952868,0.739625,0.7598917990928048,0.8043896666666667
electronic_11::lowpass::lp4000,electronic_11,electronic,lowpass,4000.0,0.999927,0.446934,0.936248,0.742932,0.7479413276221462,0.7943696666666666
electronic_11::lowpass::lp2000,electronic_11,electronic,lowpass,2000.0,0.999985,0.414799,0.77553,0.699265,0.6851882858432129,0.7301046666666666
electronic_11::distortion::drv4,electronic_11,electronic,distortion,4.0,0.999866,0.755976,0.946075,0.706237,0.8942489901905322,0.900639
electronic_11::distortion::drv12,electronic_11,electronic,distortion,12.0,0.999465,0.563732,0.804425,0.682269,0.7681427676021793,0.7892073333333333
electronic_11::distortion::drv32,electronic_11,electronic,distortion,32.0,0.998631,0.484526,0.758401,0.638601,0.7159351340856056,0.7471859999999999
electronic_11::style_swap::swap_cross,electronic_11,electronic,style_swap,nan,0.822051,0.44278,0.665823,0.472771,0.6234694583336159,0.6435513333333333
electronic_11::style_swap::swap_same,electronic_11,electronic,style_swap,nan,0.954572,0.520179,0.651857,0.541555,0.6866012874317041,0.7088693333333332
electronic_12::control::ctrl,electronic_12,electronic,control,0.0,1.0,1.0,1.0,0.844959,1.0,1.0
electronic_12::pitch_shift::-4st,electronic_12,electronic,pitch_shift,-4.0,0.925351,0.609278,0.961158,0.790859,0.8152777565034729,0.8319289999999999
electronic_12::pitch_shift::-2st,electronic_12,electronic,pitch_shift,-2.0,0.980443,0.741232,0.989681,0.805836,0.8959640433783523,0.9037853333333332
electronic_12::pitch_shift::-1st,electronic_12,electronic,pitch_shift,-1.0,0.994124,0.839776,0.996851,0.813193,0.9406139645307229,0.9435836666666666
electronic_12::pitch_shift::+1st,electronic_12,electronic,pitch_shift,1.0,0.989993,0.84999,0.992541,0.785886,0.9417409714612878,0.9441746666666666
electronic_12::pitch_shift::+2st,electronic_12,electronic,pitch_shift,2.0,0.942581,0.718769,0.982626,0.795188,0.8731699011945467,0.8813253333333333
electronic_12::pitch_shift::+4st,electronic_12,electronic,pitch_shift,4.0,0.870986,0.580142,0.947041,0.763623,0.7821764833293292,0.7993896666666667
electronic_12::time_stretch::-20pct,electronic_12,electronic,time_stretch,-20.0,0.995486,0.893181,0.214705,0.79805,0.5758007996749209,0.701124
electronic_12::time_stretch::-10pct,electronic_12,electronic,time_stretch,-10.0,0.995077,0.905521,0.353968,0.843262,0.6832396668109205,0.751522
electronic_12::time_stretch::-5pct,electronic_12,electronic,time_stretch,-5.0,0.99615,0.933377,0.503291,0.838201,0.7763668791017384,0.8109393333333332
electronic_12::time_stretch::+5pct,electronic_12,electronic,time_stretch,5.0,0.996161,0.956473,0.497655,0.837304,0.7797885858632466,0.8167629999999999
electronic_12::time_stretch::+10pct,electronic_12,electronic,time_stretch,10.0,0.992855,0.930926,0.376862,0.839752,0.7036031556580233,0.7668809999999999
electronic_12::time_stretch::+20pct,electronic_12,electronic,time_stretch,20.0,0.995718,0.903473,0.218076,0.814142,0.5810584256048609,0.7057556666666667
electronic_12::lowpass::lp8000,electronic_12,electronic,lowpass,8000.0,1.0,0.71859,0.999336,0.836792,0.8954972035224164,0.9059753333333332
electronic_12::lowpass::lp4000,electronic_12,electronic,lowpass,4000.0,0.999967,0.617784,0.996177,0.798167,0.8505887053597602,0.8713093333333333
electronic_12::lowpass::lp2000,electronic_12,electronic,lowpass,2000.0,0.999998,0.523638,0.990328,0.767548,0.8034085483497936,0.837988
electronic_12::distortion::drv4,electronic_12,electronic,distortion,4.0,0.998066,0.772342,0.994745,0.799252,0.9152931795854857,0.9217176666666667
electronic_12::distortion::drv12,electronic_12,electronic,distortion,12.0,0.996694,0.659341,0.979778,0.696251,0.863508340320214,0.8786043333333333
electronic_12::distortion::drv32,electronic_12,electronic,distortion,32.0,0.996048,0.579753,0.949473,0.629727,0.8184684892723186,0.8417579999999999
electronic_12::style_swap::swap_cross,electronic_12,electronic,style_swap,nan,0.761492,0.406166,0.45872,0.719567,0.5215615038685609,0.542126
electronic_12::style_swap::swap_same,electronic_12,electronic,style_swap,nan,0.859537,0.468037,0.442778,0.567266,0.5626568352982475,0.5901173333333333
electronic_13::control::ctrl,electronic_13,electronic,control,0.0,1.0,0.993659,0.999997,0.846999,0.9978808520585503,0.9978853333333333
electronic_13::pitch_shift::-4st,electronic_13,electronic,pitch_shift,-4.0,0.969528,0.625518,0.984902,0.721952,0.8421660483055886,0.8599826666666667
electronic_13::pitch_shift::-2st,electronic_13,electronic,pitch_shift,-2.0,0.975927,0.764546,0.952799,0.81878,0.8924983368812132,0.8977573333333332
electronic_13::pitch_shift::-1st,electronic_13,electronic,pitch_shift,-1.0,0.980124,0.86583,0.955277,0.834188,0.9324258924889106,0.9337436666666666
electronic_13::pitch_shift::+1st,electronic_13,electronic,pitch_shift,1.0,0.9904,0.872442,0.951772,0.816712,0.9369002903111678,0.9382046666666666
electronic_13::pitch_shift::+2st,electronic_13,electronic,pitch_shift,2.0,0.973172,0.776106,0.988098,0.789235,0.9070618235263889,0.9124586666666666
electronic_13::pitch_shift::+4st,electronic_13,electronic,pitch_shift,4.0,0.962658,0.680156,0.922109,0.752466,0.8451898499863734,0.8549743333333333
electronic_13::time_stretch::-20pct,electronic_13,electronic,time_stretch,-20.0,0.993593,0.887697,0.424245,0.843787,0.7206040013139589,0.7685116666666666
electronic_13::time_stretch::-10pct,electronic_13,electronic,time_stretch,-10.0,0.99723,0.912308,0.50519,0.857395,0.7717272835601876,0.8049093333333333
electronic_13::time_stretch::-5pct,electronic_13,electronic,time_stretch,-5.0,0.995355,0.940778,0.593908,0.873587,0.8223589882286999,0.843347
electronic_13::time_stretch::+5pct,electronic_13,electronic,time_stretch,5.0,0.994426,0.950774,0.652717,0.84979,0.8513828492220082,0.8659723333333333
electronic_13::time_stretch::+10pct,electronic_13,electronic,time_stretch,10.0,0.993618,0.932963,0.558868,0.849423,0.8031519252331708,0.828483
electronic_13::time_stretch::+20pct,electronic_13,electronic,time_stretch,20.0,0.996687,0.887836,0.481783,0.83454,0.7526290987947573,0.7887686666666667
electronic_13::lowpass::lp8000,electronic_13,electronic,lowpass,8000.0,0.999985,0.491318,0.99848,0.839362,0.7886757915572972,0.8299276666666666
electronic_13::lowpass::lp4000,electronic_13,electronic,lowpass,4000.0,0.99999,0.470791,0.995247,0.750912,0.7766968825962712,0.8220093333333334
electronic_13::lowpass::lp2000,electronic_13,electronic,lowpass,2000.0,0.999998,0.461128,0.985278,0.744104,0.7687641754184211,0.815468
electronic_13::distortion::drv4,electronic_13,electronic,distortion,4.0,0.999837,0.85634,0.99342,0.8389,0.9474786763468864,0.9498656666666666
electronic_13::distortion::drv12,electronic_13,electronic,distortion,12.0,0.999499,0.741137,0.977622,0.766975,0.898015725400609,0.906086
electronic_13::distortion::drv32,electronic_13,electronic,distortion,32.0,0.999227,0.664535,0.955131,0.615189,0.8591750436370342,0.8729643333333332
electronic_13::style_swap::swap_cross,electronic_13,electronic,style_swap,nan,0.779592,0.418635,0.41568,0.60402,0.5138314461935831,0.5379689999999999
electronic_13::style_swap::swap_same,electronic_13,electronic,style_swap,nan,0.968089,0.528689,0.450717,0.455917,0.6133002847076198,0.649165
electronic_14::control::ctrl,electronic_14,electronic,control,0.0,1.0,1.0,1.0,0.776063,1.0,1.0
electronic_14::pitch_shift::-4st,electronic_14,electronic,pitch_shift,-4.0,0.944088,0.604467,0.886371,0.713275,0.7967710342366917,0.811642
electronic_14::pitch_shift::-2st,electronic_14,electronic,pitch_shift,-2.0,0.947731,0.769855,0.944,0.732778,0.8831246461525738,0.8871953333333332
electronic_14::pitch_shift::-1st,electronic_14,electronic,pitch_shift,-1.0,0.961905,0.868735,0.947186,0.762986,0.925020996138442,0.925942
electronic_14::pitch_shift::+1st,electronic_14,electronic,pitch_shift,1.0,0.963249,0.878183,0.992765,0.765915,0.943459691563439,0.9447323333333333
electronic_14::pitch_shift::+2st,electronic_14,electronic,pitch_shift,2.0,0.950868,0.797621,0.98605,0.738692,0.9076921573836725,0.911513
electronic_14::pitch_shift::+4st,electronic_14,electronic,pitch_shift,4.0,0.944287,0.708866,0.871025,0.729163,0.8354098517450965,0.8413926666666667
electronic_14::time_stretch::-20pct,electronic_14,electronic,time_stretch,-20.0,0.992999,0.903846,0.412351,0.768463,0.7179652664292301,0.769732
electronic_14::time_stretch::-10pct,electronic_14,electronic,time_stretch,-10.0,0.995971,0.894674,0.579551,0.79776,0.8022955617788334,0.8233986666666666
electronic_14::time_stretch::-5pct,electronic_14,electronic,time_stretch,-5.0,0.99772,0.932679,0.611064,0.79849,0.8284682291336141,0.8471543333333333
electronic_14::time_stretch::+5pct,electronic_14,electronic,time_stretch,5.0,0.994496,0.950972,0.644494,0.771504,0.8478711988659693,0.8633206666666666
electronic_14::time_stretch::+10pct,electronic_14,electronic,time_stretch,10.0,0.997219,0.935161,0.574181,0.74698,0.8120359369201516,0.8355203333333333
electronic_14::time_stretch::+20pct,electronic_14,electronic,time_stretch,20.0,0.996834,0.940751,0.434703,0.744978,0.7414753587834727,0.7907626666666666
electronic_14::lowpass::lp8000,electronic_14,electronic,lowpass,8000.0,0.999796,0.506671,0.993608,0.76696,0.795458464126574,0.8333583333333332
electronic_14::lowpass::lp4000,electronic_14,electronic,lowpass,4000.0,0.999959,0.470805,0.888807,0.735329,0.7479574783687932,0.7865236666666666
electronic_14::lowpass::lp2000,electronic_14,electronic,lowpass,2000.0,0.999934,0.452129,0.874068,0.757939,0.7338257945548752,0.7753769999999999
electronic_14::distortion::drv4,electronic_14,electronic,distortion,4.0,0.99954,0.792163,0.985038,0.753353,0.9204974130789431,0.9255803333333332
electronic_14::distortion::drv12,electronic_14,electronic,distortion,12.0,0.998372,0.641792,0.859453,0.643499,0.8196647802699665,0.8332056666666667
electronic_14::distortion::drv32,electronic_14,electronic,distortion,32.0,0.997578,0.55305,0.575864,0.625547,0.6823550285280934,0.7088306666666666
electronic_14::style_swap::swap_cross,electronic_14,electronic,style_swap,nan,0.874988,0.389854,0.608194,0.55728,0.591991413576666,0.6243453333333333
electronic_14::style_swap::swap_same,electronic_14,electronic,style_swap,nan,0.883613,0.53598,0.395106,0.70407,0.5719719993997961,0.6048996666666666
electronic_15::control::ctrl,electronic_15,electronic,control,0.0,1.0,1.0,1.0,0.753795,1.0,1.0
electronic_15::pitch_shift::-4st,electronic_15,electronic,pitch_shift,-4.0,0.840943,0.453885,0.960622,0.637507,0.7157394791715991,0.7518166666666666
electronic_15::pitch_shift::-2st,electronic_15,electronic,pitch_shift,-2.0,0.896542,0.614272,0.974602,0.68489,0.8126799636307352,0.8284719999999999
electronic_15::pitch_shift::-1st,electronic_15,electronic,pitch_shift,-1.0,0.782124,0.679699,0.964412,0.605925,0.8003592153056589,0.808745
electronic_15::pitch_shift::+1st,electronic_15,electronic,pitch_shift,1.0,0.7797,0.737446,0.964919,0.671486,0.8217055220316977,0.827355
electronic_15::pitch_shift::+2st,electronic_15,electronic,pitch_shift,2.0,0.884341,0.628087,0.963924,0.685794,0.8120088940501362,0.8254506666666666
electronic_15::pitch_shift::+4st,electronic_15,electronic,pitch_shift,4.0,0.871583,0.518374,0.963308,0.656424,0.7578310165655061,0.7844216666666666
electronic_15::time_stretch::-20pct,electronic_15,electronic,time_stretch,-20.0,0.997531,0.753489,0.939694,0.734104,0.8905601486447949,0.8969046666666666
electronic_15::time_stretch::-10pct,electronic_15,electronic,time_stretch,-10.0,0.998574,0.791701,0.932166,0.749264,0.9032574840257497,0.9074803333333332
electronic_15::time_stretch::-5pct,electronic_15,electronic,time_stretch,-5.0,0.998306,0.796824,0.936356,0.753843,0.9064747163458514,0.9104953333333332
electronic_15::time_stretch::+5pct,electronic_15,electronic,time_stretch,5.0,0.999215,0.764778,0.929735,0.737747,0.8923142676724873,0.8979093333333332
electronic_15::time_stretch::+10pct,electronic_15,electronic,time_stretch,10.0,0.999031,0.797972,0.932326,0.751696,0.9058260463151205,0.9097763333333333
electronic_15::time_stretch::+20pct,electronic_15,electronic,time_stretch,20.0,0.998811,0.790278,0.956694,0.736481,0.9106372674494833,0.915261
electronic_15::lowpass::lp8000,electronic_15,electronic,lowpass,8000.0,1.0,0.486819,0.998033,0.763447,0.7861476860716841,0.828284
electronic_15::lowpass::lp4000,electronic_15,electronic,lowpass,4000.0,0.999999,0.431043,0.973595,0.734082,0.7486856326999657,0.8015456666666667
electronic_15::lowpass::lp2000,electronic_15,electronic,lowpass,2000.0,0.999959,0.396597,0.971245,0.727694,0.7275901395427841,0.7892669999999999
electronic_15::distortion::drv4,electronic_15,electronic,distortion,4.0,0.999999,0.955684,0.972045,0.748341,0.9757384455495486,0.9759093333333333
electronic_15::distortion::drv12,electronic_15,electronic,distortion,12.0,0.999742,0.778311,0.975551,0.713352,0.9122146195430058,0.9178679999999999
electronic_15::distortion::drv32,electronic_15,electronic,distortion,32.0,0.996745,0.59547,0.967717,0.593494,0.8312483078229984,0.8533106666666667
electronic_15::style_swap::swap_cross,electronic_15,electronic,style_swap,nan,0.942812,0.412285,0.947201,0.572006,0.7167289188725448,0.7674326666666667
electronic_15::style_swap::swap_same,electronic_15,electronic,style_swap,nan,0.87501,0.397523,0.917864,0.586349,0.683467505342633,0.7301323333333333
folk_01::control::ctrl,folk_01,folk,control,0.0,1.0,1.0,1.0,0.786495,1.0,1.0
folk_01::pitch_shift::-4st,folk_01,folk,pitch_shift,-4.0,0.878283,0.512452,0.986858,0.598706,0.762981682667252,0.792531
folk_01::pitch_shift::-2st,folk_01,folk,pitch_shift,-2.0,0.910474,0.645751,0.994751,0.748513,0.8362747934629151,0.8503253333333334
folk_01::pitch_shift::-1st,folk_01,folk,pitch_shift,-1.0,0.852995,0.779787,0.996618,0.664654,0.8719342439839517,0.8764666666666666
folk_01::pitch_shift::+1st,folk_01,folk,pitch_shift,1.0,0.811005,0.785732,0.994595,0.702744,0.8589767614605827,0.8637773333333333
folk_01::pitch_shift::+2st,folk_01,folk,pitch_shift,2.0,0.914739,0.648749,0.988924,0.736113,0.8372315863079793,0.850804
folk_01::pitch_shift::+4st,folk_01,folk,pitch_shift,4.0,0.85088,0.526821,0.974069,0.629265,0.7586480956805656,0.7839233333333333
folk_01::time_stretch::-20pct,folk_01,folk,time_stretch,-20.0,0.995576,0.864157,0.496007,0.773621,0.7528670534042321,0.7852466666666666
folk_01::time_stretch::-10pct,folk_01,folk,time_stretch,-10.0,0.998741,0.893672,0.598147,0.785757,0.811234327432368,0.8301866666666666
folk_01::time_stretch::-5pct,folk_01,folk,time_stretch,-5.0,0.999482,0.923512,0.646632,0.787687,0.8419602162577345,0.8565419999999999
folk_01::time_stretch::+5pct,folk_01,folk,time_stretch,5.0,0.998548,0.940892,0.664799,0.795272,0.854803634127498,0.8680796666666666
folk_01::time_stretch::+10pct,folk_01,folk,time_stretch,10.0,0.994638,0.90524,0.590092,0.798462,0.8099337629941264,0.82999
folk_01::time_stretch::+20pct,folk_01,folk,time_stretch,20.0,0.99474,0.804261,0.521485,0.803135,0.7472216915169779,0.7734953333333332
folk_01::lowpass::lp8000,folk_01,folk,lowpass,8000.0,0.999954,0.501764,0.999435,0.779887,0.794470955976448,0.8337176666666666
folk_01::lowpass::lp4000,folk_01,folk,lowpass,4000.0,0.999555,0.43656,0.997014,0.709616,0.7577349125884679,0.811043
folk_01::lowpass::lp2000,folk_01,folk,lowpass,2000.0,0.998372,0.442274,0.991835,0.668707,0.7594066754787608,0.810827
folk_01::distortion::drv4,folk_01,folk,distortion,4.0,0.999769,0.677715,0.997098,0.764658,0.8774617687071558,0.8915273333333333
folk_01::distortion::drv12,folk_01,folk,distortion,12.0,0.993428,0.489176,0.988871,0.713702,0.7832740278833573,0.8238249999999999
folk_01::distortion::drv32,folk_01,folk,distortion,32.0,0.996681,0.423966,0.967467,0.603022,0.7421775097354892,0.796038
folk_01::style_swap::swap_cross,folk_01,folk,style_swap,nan,0.906383,0.349768,0.465617,0.518517,0.5284941906582017,0.5739226666666667
folk_01::style_swap::swap_same,folk_01,folk,style_swap,nan,0.649426,0.38526,0.531447,0.567229,0.5104045265529569,0.5220443333333333
folk_02::control::ctrl,folk_02,folk,control,0.0,1.0,1.0,1.0,0.825891,1.0,1.0
folk_02::pitch_shift::-4st,folk_02,folk,pitch_shift,-4.0,0.79579,0.561908,0.968751,0.666978,0.7566446265162879,0.7754829999999999
folk_02::pitch_shift::-2st,folk_02,folk,pitch_shift,-2.0,0.726504,0.685723,0.989176,0.695695,0.789866022589938,0.8004676666666666
folk_02::pitch_shift::-1st,folk_02,folk,pitch_shift,-1.0,0.83772,0.796936,0.990462,0.722679,0.87120437816591,0.8750393333333333
folk_02::pitch_shift::+1st,folk_02,folk,pitch_shift,1.0,0.80573,0.790353,0.973029,0.706178,0.8525348505974953,0.8563706666666666
folk_02::pitch_shift::+2st,folk_02,folk,pitch_shift,2.0,0.717197,0.67362,0.988302,0.768063,0.7815936767145073,0.7930396666666666
folk_02::pitch_shift::+4st,folk_02,folk,pitch_shift,4.0,0.784144,0.586191,0.969324,0.670735,0.763779466517403,0.7798863333333332
folk_02::time_stretch::-20pct,folk_02,folk,time_stretch,-20.0,0.997082,0.836732,0.839746,0.805416,0.8881542523537755,0.8911866666666666
folk_02::time_stretch::-10pct,folk_02,folk,time_stretch,-10.0,0.993775,0.852342,0.85426,0.790282,0.8977677682658756,0.9001256666666666
folk_02::time_stretch::-5pct,folk_02,folk,time_stretch,-5.0,0.997667,0.883533,0.871756,0.75505,0.9159415824421984,0.9176519999999999
folk_02::time_stretch::+5pct,folk_02,folk,time_stretch,5.0,0.994668,0.859647,0.88108,0.778004,0.9099227995385236,0.9117983333333333
folk_02::time_stretch::+10pct,folk_02,folk,time_stretch,10.0,0.994877,0.880931,0.854579,0.759298,0.9081435444771254,0.910129
folk_02::time_stretch::+20pct,folk_02,folk,time_stretch,20.0,0.996011,0.844646,0.822836,0.797484,0.8846077019290114,0.887831
folk_02::lowpass::lp8000,folk_02,folk,lowpass,8000.0,0.999994,0.667875,0.999496,0.819124,0.8739593116460831,0.8891216666666666
folk_02::lowpass::lp4000,folk_02,folk,lowpass,4000.0,0.998544,0.47605,0.995762,0.744524,0.7793366641671995,0.823452
folk_02::lowpass::lp2000,folk_02,folk,lowpass,2000.0,0.999954,0.429862,0.989002,0.740867,0.7519150004502247,0.8062726666666666
folk_02::distortion::drv4,folk_02,folk,distortion,4.0,0.996031,0.690976,0.930826,0.760347,0.8620546021018367,0.872611
folk_02::distortion::drv12,folk_02,folk,distortion,12.0,0.9878,0.481315,0.91269,0.692111,0.7570779023792941,0.793935
folk_02::distortion::drv32,folk_02,folk,distortion,32.0,0.984613,0.456286,0.893513,0.618478,0.7376797496282756,0.7781373333333333
folk_02::style_swap::swap_cross,folk_02,folk,style_swap,nan,0.89088,0.407892,0.80177,0.532591,0.6629356887785338,0.7001806666666666
folk_02::style_swap::swap_same,folk_02,folk,style_swap,nan,0.821751,0.435787,0.841288,0.648171,0.670377972054516,0.6996086666666665
folk_03::control::ctrl,folk_03,folk,control,0.0,1.0,1.0,1.0,0.858099,1.0,1.0
folk_03::pitch_shift::-4st,folk_03,folk,pitch_shift,-4.0,0.81891,0.673368,0.991218,0.722022,0.8176220768234325,0.8278319999999999
folk_03::pitch_shift::-2st,folk_03,folk,pitch_shift,-2.0,0.806482,0.801302,0.995688,0.790532,0.8633191865246201,0.8678239999999999
folk_03::pitch_shift::-1st,folk_03,folk,pitch_shift,-1.0,0.889411,0.876651,0.997764,0.783655,0.9197130589699243,0.9212753333333332
folk_03::pitch_shift::+1st,folk_03,folk,pitch_shift,1.0,0.926669,0.871384,0.973889,0.806289,0.9230273270061089,0.9239806666666666
folk_03::pitch_shift::+2st,folk_03,folk,pitch_shift,2.0,0.826011,0.780384,0.994554,0.754181,0.8622651863300528,0.866983
folk_03::pitch_shift::+4st,folk_03,folk,pitch_shift,4.0,0.81797,0.642399,0.96413,0.770595,0.7971852897646501,0.8081663333333333
folk_03::time_stretch::-20pct,folk_03,folk,time_stretch,-20.0,0.991558,0.887336,0.736883,0.775802,0.8655023550457572,0.8719256666666666
folk_03::time_stretch::-10pct,folk_03,folk,time_stretch,-10.0,0.993192,0.935953,0.818374,0.793901,0.912878598370685,0.9158396666666666
folk_03::time_stretch::-5pct,folk_03,folk,time_stretch,-5.0,0.992738,0.948462,0.865759,0.81264,0.9341512491896184,0.9356529999999998
folk_03::time_stretch::+5pct,folk_03,folk,time_stretch,5.0,0.989697,0.925641,0.826593,0.791838,0.9114765921990207,0.913977
folk_03::time_stretch::+10pct,folk_03,folk,time_stretch,10.0,0.990863,0.909039,0.818869,0.797254,0.9035180906381157,0.9062569999999999
folk_03::time_stretch::+20pct,folk_03,folk,time_stretch,20.0,0.987468,0.900167,0.77387,0.777974,0.8827506441884506,0.8871683333333333
folk_03::lowpass::lp8000,folk_03,folk,lowpass,8000.0,0.994476,0.675563,0.998619,0.858956,0.8754271182184618,0.8895526666666667
folk_03::lowpass::lp4000,folk_03,folk,lowpass,4000.0,0.995525,0.591141,0.993953,0.800612,0.8363146422086333,0.8602063333333333
folk_03::lowpass::lp2000,folk_03,folk,lowpass,2000.0,0.995449,0.498634,0.986788,0.731221,0.7882698589320946,0.8269569999999999
folk_03::distortion::drv4,folk_03,folk,distortion,4.0,0.994939,0.813659,0.998427,0.825799,0.9315047377617007,0.9356749999999999
folk_03::distortion::drv12,folk_03,folk,distortion,12.0,0.994688,0.642654,0.971034,0.67951,0.8530336764117067,0.8694586666666666
folk_03::distortion::drv32,folk_03,folk,distortion,32.0,0.99313,0.559313,0.964637,0.603512,0.8122224267218099,0.8390266666666666
folk_03::style_swap::swap_cross,folk_03,folk,style_swap,nan,0.802467,0.464467,0.79124,0.574633,0.6656257172589162,0.6860580000000001
folk_03::style_swap::swap_same,folk_03,folk,style_swap,nan,0.838325,0.510036,0.864919,0.547835,0.7177880582304044,0.73776
folk_04::control::ctrl,folk_04,folk,control,0.0,1.0,1.0,1.0,0.766463,1.0,1.0
folk_04::pitch_shift::-4st,folk_04,folk,pitch_shift,-4.0,0.847736,0.601474,0.990731,0.639485,0.7964241349233402,0.8133136666666666
folk_04::pitch_shift::-2st,folk_04,folk,pitch_shift,-2.0,0.854301,0.752888,0.99428,0.754418,0.8615556427190036,0.8671563333333333
folk_04::pitch_shift::-1st,folk_04,folk,pitch_shift,-1.0,0.840002,0.862555,0.995805,0.723987,0.8969064348881719,0.899454
folk_04::pitch_shift::+1st,folk_04,folk,pitch_shift,1.0,0.849374,0.852991,0.994468,0.706977,0.8964885385225965,0.8989443333333333
folk_04::pitch_shift::+2st,folk_04,folk,pitch_shift,2.0,0.850427,0.74091,0.991388,0.75771,0.8548345197438196,0.8609083333333334
folk_04::pitch_shift::+4st,folk_04,folk,pitch_shift,4.0,0.84471,0.631192,0.985375,0.714459,0.8069071311938945,0.8204256666666666
folk_04::time_stretch::-20pct,folk_04,folk,time_stretch,-20.0,0.996647,0.864388,0.762383,0.749831,0.8692427935348233,0.8744726666666667
folk_04::time_stretch::-10pct,folk_04,folk,time_stretch,-10.0,0.999284,0.910771,0.801553,0.788857,0.9002092209081897,0.9038693333333332
folk_04::time_stretch::-5pct,folk_04,folk,time_stretch,-5.0,0.998406,0.932391,0.848898,0.770262,0.9245283970968702,0.926565
folk_04::time_stretch::+5pct,folk_04,folk,time_stretch,5.0,0.998557,0.943118,0.845804,0.74397,0.9269782472101137,0.9291596666666666
folk_04::time_stretch::+10pct,folk_04,folk,time_stretch,10.0,0.99702,0.922936,0.820057,0.759332,0.9104158965875824,0.9133376666666666
folk_04::time_stretch::+20pct,folk_04,folk,time_stretch,20.0,0.995873,0.893722,0.778709,0.73123,0.884967252501679,0.8894346666666666
folk_04::lowpass::lp8000,folk_04,folk,lowpass,8000.0,0.999999,0.560813,0.997609,0.76956,0.823997698805168,0.852807
folk_04::lowpass::lp4000,folk_04,folk,lowpass,4000.0,0.999999,0.507935,0.990416,0.77269,0.7953197811111617,0.8327833333333333
folk_04::lowpass::lp2000,folk_04,folk,lowpass,2000.0,0.999972,0.424061,0.975807,0.755773,0.7451780159737706,0.7999466666666666
folk_04::distortion::drv4,folk_04,folk,distortion,4.0,0.999622,0.842631,0.995711,0.725169,0.9430517262927596,0.9459879999999999
folk_04::distortion::drv12,folk_04,folk,distortion,12.0,0.996128,0.669891,0.984405,0.696795,0.8692893666285211,0.8834746666666666
folk_04::distortion::drv32,folk_04,folk,distortion,32.0,0.991641,0.570901,0.973388,0.617984,0.819848781300888,0.84531
folk_04::style_swap::swap_cross,folk_04,folk,style_swap,nan,0.750422,0.397437,0.869202,0.503905,0.637624295752852,0.6723536666666666
folk_04::style_swap::swap_same,folk_04,folk,style_swap,nan,0.700553,0.469813,0.894759,0.550336,0.6653099738923812,0.688375
folk_05::control::ctrl,folk_05,folk,control,0.0,1.0,1.0,1.0,0.787149,1.0,1.0
folk_05::pitch_shift::-4st,folk_05,folk,pitch_shift,-4.0,0.669109,0.618011,0.9752,0.70618,0.7388034641049758,0.7541066666666666
folk_05::pitch_shift::-2st,folk_05,folk,pitch_shift,-2.0,0.608549,0.749106,0.979225,0.754123,0.7642587865734614,0.77896
folk_05::pitch_shift::-1st,folk_05,folk,pitch_shift,-1.0,0.578449,0.773226,0.981014,0.736043,0.7598868159911827,0.777563
folk_05::pitch_shift::+1st,folk_05,folk,pitch_shift,1.0,0.582867,0.74813,0.992849,0.759303,0.7565017091813987,0.7746153333333332
folk_05::pitch_shift::+2st,folk_05,folk,pitch_shift,2.0,0.612532,0.732405,0.978642,0.771108,0.7600368411703043,0.7745263333333333
folk_05::pitch_shift::+4st,folk_05,folk,pitch_shift,4.0,0.70687,0.590455,0.989918,0.741153,0.7448037570574292,0.7624143333333333
folk_05::time_stretch::-20pct,folk_05,folk,time_stretch,-20.0,0.99033,0.786007,0.923406,0.797262,0.8957765320251531,0.8999143333333333
folk_05::time_stretch::-10pct,folk_05,folk,time_stretch,-10.0,0.998108,0.806291,0.950248,0.769595,0.9144685435958269,0.9182156666666665
folk_05::time_stretch::-5pct,folk_05,folk,time_stretch,-5.0,0.999441,0.764857,0.944617,0.750275,0.8971486090573079,0.9029716666666666
folk_05::time_stretch::+5pct,folk_05,folk,time_stretch,5.0,0.99839,0.768592,0.898975,0.774395,0.8835841135602007,0.8886523333333333
folk_05::time_stretch::+10pct,folk_05,folk,time_stretch,10.0,0.997342,0.787184,0.904006,0.787149,0.8919980258142768,0.8961773333333333
folk_05::time_stretch::+20pct,folk_05,folk,time_stretch,20.0,0.991051,0.749819,0.925591,0.77809,0.8827218078368204,0.8888203333333333
folk_05::lowpass::lp8000,folk_05,folk,lowpass,8000.0,0.999984,0.931768,0.999961,0.783569,0.9767002560175034,0.9772376666666667
folk_05::lowpass::lp4000,folk_05,folk,lowpass,4000.0,0.999898,0.564107,0.999644,0.777438,0.8261410153658212,0.8545496666666665
folk_05::lowpass::lp2000,folk_05,folk,lowpass,2000.0,0.999961,0.452369,0.998639,0.754854,0.7672934194369976,0.8169896666666667
folk_05::distortion::drv4,folk_05,folk,distortion,4.0,0.999944,0.85361,0.998292,0.785692,0.9480492986545193,0.9506153333333333
folk_05::distortion::drv12,folk_05,folk,distortion,12.0,0.997911,0.643827,0.977717,0.742049,0.8564290445603716,0.8731516666666665
folk_05::distortion::drv32,folk_05,folk,distortion,32.0,0.990057,0.508045,0.91628,0.698374,0.7724378193596476,0.8047939999999999
folk_05::style_swap::swap_cross,folk_05,folk,style_swap,nan,0.914382,0.465521,0.921075,0.654134,0.7319037629691099,0.7669926666666667
folk_05::style_swap::swap_same,folk_05,folk,style_swap,nan,0.622665,0.467365,0.874674,0.606503,0.6337514304221811,0.6549013333333333
folk_06::control::ctrl,folk_06,folk,control,0.0,1.0,1.0,1.0,0.811906,1.0,1.0
folk_06::pitch_shift::-4st,folk_06,folk,pitch_shift,-4.0,0.500311,0.404109,0.97596,0.63986,0.5821794402890408,0.6267933333333333
folk_06::pitch_shift::-2st,folk_06,folk,pitch_shift,-2.0,0.479379,0.536206,0.995752,0.715462,0.6349223581739918,0.6704456666666666
folk_06::pitch_shift::-1st,folk_06,folk,pitch_shift,-1.0,0.594461,0.696802,0.997566,0.687824,0.7448316652323067,0.7629429999999999
folk_06::pitch_shift::+1st,folk_06,folk,pitch_shift,1.0,0.496503,0.767478,0.960527,0.696954,0.7153179607285102,0.7415026666666666
folk_06::pitch_shift::+2st,folk_06,folk,pitch_shift,2.0,0.504675,0.653127,0.958851,0.709081,0.6811668720880009,0.7055509999999999
folk_06::pitch_shift::+4st,folk_06,folk,pitch_shift,4.0,0.510852,0.52371,0.991714,0.644626,0.6425754607093505,0.6754253333333333
folk_06::time_stretch::-20pct,folk_06,folk,time_stretch,-20.0,0.992793,0.826043,0.857109,0.761394,0.8891311090776765,0.8919816666666667
folk_06::time_stretch::-10pct,folk_06,folk,time_stretch,-10.0,0.998459,0.902841,0.935378,0.754456,0.9447340173509192,0.9455593333333332
folk_06::time_stretch::-5pct,folk_06,folk,time_stretch,-5.0,0.998643,0.922306,0.906693,0.785422,0.9417056721554121,0.9425473333333332
folk_06::time_stretch::+5pct,folk_06,folk,time_stretch,5.0,0.998311,0.923108,0.919805,0.77625,0.9463926942886453,0.9470746666666666
folk_06::time_stretch::+10pct,folk_06,folk,time_stretch,10.0,0.996359,0.892869,0.919506,0.75692,0.9352320613347297,0.9362446666666666
folk_06::time_stretch::+20pct,folk_06,folk,time_stretch,20.0,0.985199,0.879807,0.851655,0.770557,0.9037709103921195,0.9055536666666666
folk_06::lowpass::lp8000,folk_06,folk,lowpass,8000.0,1.0,0.427535,0.998836,0.814885,0.7530467760460058,0.8087903333333333
folk_06::lowpass::lp4000,folk_06,folk,lowpass,4000.0,0.999977,0.443911,0.997363,0.729126,0.7621604177613811,0.8137503333333332
folk_06::lowpass::lp2000,folk_06,folk,lowpass,2000.0,0.984626,0.370865,0.996223,0.680653,0.7138625039116616,0.7839046666666666
folk_06::distortion::drv4,folk_06,folk,distortion,4.0,0.999937,0.590138,0.959201,0.781464,0.8272027076611436,0.8497586666666667
folk_06::distortion::drv12,folk_06,folk,distortion,12.0,0.998352,0.447169,0.954707,0.750311,0.7525612098395221,0.8000759999999999
folk_06::distortion::drv32,folk_06,folk,distortion,32.0,0.993986,0.401387,0.941683,0.678946,0.7215771412504891,0.7790186666666666
folk_06::style_swap::swap_cross,folk_06,folk,style_swap,nan,0.744829,0.361779,0.864779,0.59455,0.6153681609068874,0.657129
folk_06::style_swap::swap_same,folk_06,folk,style_swap,nan,0.912357,0.367504,0.921461,0.688159,0.6760330773944526,0.7337739999999999
folk_07::control::ctrl,folk_07,folk,control,0.0,1.0,1.0,1.0,0.861685,1.0,1.0
folk_07::pitch_shift::-4st,folk_07,folk,pitch_shift,-4.0,0.796968,0.485182,0.989702,0.753795,0.7260223729877242,0.757284
folk_07::pitch_shift::-2st,folk_07,folk,pitch_shift,-2.0,0.757619,0.632054,0.994944,0.71014,0.7810303187320767,0.7948723333333333
folk_07::pitch_shift::-1st,folk_07,folk,pitch_shift,-1.0,0.842584,0.759281,0.997153,0.836789,0.8608467552561,0.8663393333333332
folk_07::pitch_shift::+1st,folk_07,folk,pitch_shift,1.0,0.848528,0.825588,0.996127,0.749657,0.8869818923299035,0.8900809999999999
folk_07::pitch_shift::+2st,folk_07,folk,pitch_shift,2.0,0.750725,0.728953,0.993741,0.692806,0.8162399960682424,0.8244729999999999
folk_07::pitch_shift::+4st,folk_07,folk,pitch_shift,4.0,0.772923,0.604835,0.988649,0.711262,0.7731642398034938,0.7888023333333333
folk_07::time_stretch::-20pct,folk_07,folk,time_stretch,-20.0,0.995357,0.876624,0.839984,0.897139,0.9016149031970907,0.9039883333333332
folk_07::time_stretch::-10pct,folk_07,folk,time_stretch,-10.0,0.997135,0.895737,0.858419,0.874474,0.9152602445693716,0.917097
folk_07::time_stretch::-5pct,folk_07,folk,time_stretch,-5.0,0.996855,0.924252,0.900683,0.897151,0.939719239941366,0.9405966666666666
folk_07::time_stretch::+5pct,folk_07,folk,time_stretch,5.0,0.996207,0.941659,0.882771,0.857275,0.9390681321793963,0.9402123333333332
folk_07::time_stretch::+10pct,folk_07,folk,time_stretch,10.0,0.996562,0.904148,0.858755,0.834596,0.9180599514457521,0.9198216666666665
folk_07::time_stretch::+20pct,folk_07,folk,time_stretch,20.0,0.992535,0.864864,0.831519,0.821165,0.8936935204127469,0.8963059999999999
folk_07::lowpass::lp8000,folk_07,folk,lowpass,8000.0,0.999943,0.448054,0.998557,0.859462,0.7648204433431686,0.815518
folk_07::lowpass::lp4000,folk_07,folk,lowpass,4000.0,0.999932,0.422538,0.995446,0.778058,0.7492348701967271,0.805972
folk_07::lowpass::lp2000,folk_07,folk,lowpass,2000.0,0.99972,0.408585,0.990009,0.754783,0.7394917172295041,0.799438
folk_07::distortion::drv4,folk_07,folk,distortion,4.0,0.999439,0.821782,0.999053,0.855143,0.9361967914387558,0.9400913333333333
folk_07::distortion::drv12,folk_07,folk,distortion,12.0,0.99528,0.668085,0.994791,0.817094,0.8713038141789351,0.886052
folk_07::distortion::drv32,folk_07,folk,distortion,32.0,0.989306,0.542109,0.986895,0.762462,0.8089022989403524,0.8394366666666666
folk_07::style_swap::swap_cross,folk_07,folk,style_swap,nan,0.848329,0.457508,0.83698,0.660669,0.687426118315119,0.7142723333333333
folk_07::style_swap::swap_same,folk_07,folk,style_swap,nan,0.754787,0.43625,0.89111,0.686142,0.6645031687728501,0.6940489999999999
folk_08::control::ctrl,folk_08,folk,control,0.0,1.0,1.0,1.0,0.883102,1.0,1.0
folk_08::pitch_shift::-4st,folk_08,folk,pitch_shift,-4.0,0.811519,0.608798,0.984192,0.809964,0.7863524543759355,0.8015029999999999
folk_08::pitch_shift::-2st,folk_08,folk,pitch_shift,-2.0,0.779549,0.769229,0.989685,0.807805,0.840359960266655,0.8461543333333332
folk_08::pitch_shift::-1st,folk_08,folk,pitch_shift,-1.0,0.738431,0.866369,0.992819,0.821308,0.8595958329482419,0.8658729999999999
folk_08::pitch_shift::+1st,folk_08,folk,pitch_shift,1.0,0.759673,0.871636,0.991858,0.813464,0.8692348236979126,0.874389
folk_08::pitch_shift::+2st,folk_08,folk,pitch_shift,2.0,0.788093,0.787837,0.98797,0.827639,0.8496743999877707,0.8546333333333334
folk_08::pitch_shift::+4st,folk_08,folk,pitch_shift,4.0,0.797853,0.662573,0.979784,0.824332,0.8030864898430488,0.8134033333333333
folk_08::time_stretch::-20pct,folk_08,folk,time_stretch,-20.0,0.996396,0.880568,0.65257,0.86801,0.8303744790532018,0.843178
folk_08::time_stretch::-10pct,folk_08,folk,time_stretch,-10.0,0.998267,0.892486,0.714182,0.908603,0.8601067231420833,0.8683116666666666
folk_08::time_stretch::-5pct,folk_08,folk,time_stretch,-5.0,0.99923,0.919156,0.7771,0.893366,0.8936700428174148,0.8984953333333332
folk_08::time_stretch::+5pct,folk_08,folk,time_stretch,5.0,0.9985,0.916741,0.774555,0.890735,0.8916936255388811,0.8965986666666667
folk_08::time_stretch::+10pct,folk_08,folk,time_stretch,10.0,0.996703,0.893832,0.724311,0.846587,0.864136298600373,0.8716153333333333
folk_08::time_stretch::+20pct,folk_08,folk,time_stretch,20.0,0.995654,0.866634,0.676709,0.839264,0.8358250306183801,0.8463323333333332
folk_08::lowpass::lp8000,folk_08,folk,lowpass,8000.0,0.999987,0.483058,0.993999,0.880453,0.7830566705805518,0.8256813333333333
folk_08::lowpass::lp4000,folk_08,folk,lowpass,4000.0,0.999998,0.464628,0.983184,0.874617,0.7701578930284204,0.8159366666666666
folk_08::lowpass::lp2000,folk_08,folk,lowpass,2000.0,0.999908,0.432986,0.93178,0.843302,0.7388944887135409,0.7882246666666666
folk_08::distortion::drv4,folk_08,folk,distortion,4.0,0.999216,0.766025,0.989841,0.867352,0.9116383517676887,0.9183606666666666
folk_08::distortion::drv12,folk_08,folk,distortion,12.0,0.994358,0.597912,0.972681,0.799295,0.8331377725537296,0.8549836666666666
folk_08::distortion::drv32,folk_08,folk,distortion,32.0,0.992595,0.522198,0.94581,0.685977,0.7885036891837505,0.820201
folk_08::style_swap::swap_cross,folk_08,folk,style_swap,nan,0.824456,0.540516,0.746492,0.627676,0.6928944217397182,0.7038213333333333
folk_08::style_swap::swap_same,folk_08,folk,style_swap,nan,0.869323,0.538745,0.808248,0.740542,0.7233853132009254,0.738772
folk_09::control::ctrl,folk_09,folk,control,0.0,1.0,1.0,1.0,0.822602,1.0,1.0
folk_09::pitch_shift::-4st,folk_09,folk,pitch_shift,-4.0,0.860672,0.554144,0.985194,0.70903,0.7774289149136797,0.8000033333333332
folk_09::pitch_shift::-2st,folk_09,folk,pitch_shift,-2.0,0.940819,0.72573,0.993781,0.770586,0.8787336988760859,0.8867766666666667
folk_09::pitch_shift::-1st,folk_09,folk,pitch_shift,-1.0,0.953136,0.837137,0.9959,0.789616,0.926237544714695,0.9287243333333333
folk_09::pitch_shift::+1st,folk_09,folk,pitch_shift,1.0,0.952469,0.870368,0.994372,0.775497,0.9376358785468363,0.9390696666666667
folk_09::pitch_shift::+2st,folk_09,folk,pitch_shift,2.0,0.937555,0.778269,0.990568,0.682227,0.8974362200687112,0.9021306666666666
folk_09::pitch_shift::+4st,folk_09,folk,pitch_shift,4.0,0.862675,0.654368,0.981869,0.68087,0.8214370199300429,0.8329706666666665
folk_09::time_stretch::-20pct,folk_09,folk,time_stretch,-20.0,0.990104,0.888592,0.658617,0.82545,0.8336915189075831,0.8457709999999999
folk_09::time_stretch::-10pct,folk_09,folk,time_stretch,-10.0,0.997053,0.899616,0.711724,0.798697,0.8610512643652307,0.8694643333333333
folk_09::time_stretch::-5pct,folk_09,folk,time_stretch,-5.0,0.994906,0.918413,0.777414,0.83626,0.8922587383656269,0.8969109999999999
folk_09::time_stretch::+5pct,folk_09,folk,time_stretch,5.0,0.994964,0.930842,0.783213,0.762957,0.8985061935204064,0.9030063333333334
folk_09::time_stretch::+10pct,folk_09,folk,time_stretch,10.0,0.996206,0.905211,0.728431,0.767663,0.8692855595779547,0.8766160000000001
folk_09::time_stretch::+20pct,folk_09,folk,time_stretch,20.0,0.992138,0.898712,0.712104,0.832473,0.8594989489469198,0.8676513333333333
folk_09::lowpass::lp8000,folk_09,folk,lowpass,8000.0,0.999992,0.470127,0.996938,0.833056,0.7767715127952192,0.8223523333333334
folk_09::lowpass::lp4000,folk_09,folk,lowpass,4000.0,0.999984,0.451317,0.989423,0.673775,0.7643382292352193,0.8135746666666666
folk_09::lowpass::lp2000,folk_09,folk,lowpass,2000.0,0.99999,0.432733,0.979228,0.611396,0.7511035799039416,0.8039836666666667
folk_09::distortion::drv4,folk_09,folk,distortion,4.0,0.99881,0.75662,0.990994,0.665164,0.9081213956935751,0.9154746666666667
folk_09::distortion::drv12,folk_09,folk,distortion,12.0,0.995673,0.575161,0.971065,0.481332,0.8223401356464446,0.8472996666666666
folk_09::distortion::drv32,folk_09,folk,distortion,32.0,0.99428,0.493401,0.944556,0.454058,0.7738298530037796,0.8107456666666666
folk_09::style_swap::swap_cross,folk_09,folk,style_swap,nan,0.930703,0.480277,0.718031,0.602996,0.6846711566103445,0.7096703333333333
folk_09::style_swap::swap_same,folk_09,folk,style_swap,nan,0.861831,0.432369,0.746361,0.588081,0.65274246310965,0.680187
folk_10::control::ctrl,folk_10,folk,control,0.0,1.0,1.0,1.0,0.830359,1.0,1.0
folk_10::pitch_shift::-4st,folk_10,folk,pitch_shift,-4.0,0.936492,0.588548,0.967853,0.765232,0.8110204158215157,0.8309643333333333
folk_10::pitch_shift::-2st,folk_10,folk,pitch_shift,-2.0,0.932444,0.752688,0.971258,0.806622,0.8800839886972865,0.8854633333333333
folk_10::pitch_shift::-1st,folk_10,folk,pitch_shift,-1.0,0.950759,0.868747,0.996632,0.775709,0.9372012593515238,0.9387126666666666
folk_10::pitch_shift::+1st,folk_10,folk,pitch_shift,1.0,0.952071,0.869891,0.994559,0.767365,0.9373927178828326,0.9388403333333333
folk_10::pitch_shift::+2st,folk_10,folk,pitch_shift,2.0,0.927582,0.7768,0.990506,0.82937,0.8936611534209695,0.898296
folk_10::pitch_shift::+4st,folk_10,folk,pitch_shift,4.0,0.918894,0.640411,0.959584,0.766268,0.8265498769527097,0.8396296666666666
folk_10::time_stretch::-20pct,folk_10,folk,time_stretch,-20.0,0.99793,0.88409,0.687605,0.808719,0.8465355372147245,0.8565416666666666
folk_10::time_stretch::-10pct,folk_10,folk,time_stretch,-10.0,0.998633,0.918427,0.728112,0.829662,0.87407677652953,0.881724
folk_10::time_stretch::-5pct,folk_10,folk,time_stretch,-5.0,0.99935,0.933182,0.807367,0.815932,0.9097421595972739,0.9132996666666666
folk_10::time_stretch::+5pct,folk_10,folk,time_stretch,5.0,0.999237,0.960268,0.797689,0.785601,0.9147410920240396,0.9190646666666666
folk_10::time_stretch::+10pct,folk_10,folk,time_stretch,10.0,0.998621,0.933421,0.763216,0.800361,0.8927062514991673,0.8984193333333332
folk_10::time_stretch::+20pct,folk_10,folk,time_stretch,20.0,0.995365,0.906378,0.721385,0.814005,0.8666018455913078,0.874376
folk_10::lowpass::lp8000,folk_10,folk,lowpass,8000.0,0.999222,0.505129,0.997304,0.831001,0.7954824761971856,0.833885
folk_10::lowpass::lp4000,folk_10,folk,lowpass,4000.0,1.0,0.490194,0.987515,0.793183,0.7851824141839207,0.8259029999999999
folk_10::lowpass::lp2000,folk_10,folk,lowpass,2000.0,0.999894,0.446114,0.966547,0.788668,0.7554532560181577,0.8041849999999999
folk_10::distortion::drv4,folk_10,folk,distortion,4.0,0.999536,0.766818,0.994307,0.771968,0.9134197802603368,0.9202203333333333
folk_10::distortion::drv12,folk_10,folk,distortion,12.0,0.998239,0.615445,0.960896,0.650745,0.8388804155318111,0.8581933333333333
folk_10::distortion::drv32,folk_10,folk,distortion,32.0,0.997095,0.535203,0.950798,0.48263,0.7975925933901482,0.8276986666666666
folk_10::style_swap::swap_cross,folk_10,folk,style_swap,nan,0.960052,0.507955,0.706732,0.534094,0.701118754104454,0.724913
folk_10::style_swap::swap_same,folk_10,folk,style_swap,nan,0.830953,0.55799,0.737053,0.501437,0.6991449065408899,0.7086653333333333
folk_11::control::ctrl,folk_11,folk,control,0.0,1.0,1.0,1.0,0.778882,1.0,1.0
folk_11::pitch_shift::-4st,folk_11,folk,pitch_shift,-4.0,0.822396,0.605726,0.995807,0.732984,0.791609127729495,0.8079763333333333
folk_11::pitch_shift::-2st,folk_11,folk,pitch_shift,-2.0,0.786404,0.756097,0.997486,0.715837,0.8401883962149345,0.8466623333333332
folk_11::pitch_shift::-1st,folk_11,folk,pitch_shift,-1.0,0.756954,0.85017,0.998112,0.746446,0.8628159808762496,0.868412
folk_11::pitch_shift::+1st,folk_11,folk,pitch_shift,1.0,0.761826,0.848903,0.997555,0.708886,0.8640726048420523,0.8694279999999999
folk_11::pitch_shift::+2st,folk_11,folk,pitch_shift,2.0,0.773342,0.753426,0.996524,0.787704,0.8342572464582889,0.8410973333333333
folk_11::pitch_shift::+4st,folk_11,folk,pitch_shift,4.0,0.821725,0.650424,0.993773,0.760141,0.8098478192072509,0.821974
folk_11::time_stretch::-20pct,folk_11,folk,time_stretch,-20.0,0.979773,0.82528,0.943456,0.754771,0.9137263434809498,0.9161696666666665
folk_11::time_stretch::-10pct,folk_11,folk,time_stretch,-10.0,0.990834,0.898223,0.916638,0.756645,0.9343888409573027,0.9352316666666666
folk_11::time_stretch::-5pct,folk_11,folk,time_stretch,-5.0,0.99144,0.911049,0.92868,0.781402,0.9431007460043905,0.9437229999999999
folk_11::time_stretch::+5pct,folk_11,folk,time_stretch,5.0,0.992846,0.891408,0.93421,0.780364,0.9385721064155997,0.9394879999999999
folk_11::time_stretch::+10pct,folk_11,folk,time_stretch,10.0,0.994118,0.886708,0.924703,0.746202,0.9341291906714339,0.9351763333333334
folk_11::time_stretch::+20pct,folk_11,folk,time_stretch,20.0,0.98627,0.861463,0.953649,0.730635,0.9322670539701087,0.9337939999999999
folk_11::lowpass::lp8000,folk_11,folk,lowpass,8000.0,0.999987,0.531837,0.998616,0.77198,0.8098236842672891,0.8434799999999999
folk_11::lowpass::lp4000,folk_11,folk,lowpass,4000.0,0.999987,0.479082,0.9847,0.777339,0.7784595460567404,0.8212563333333334
folk_11::lowpass::lp2000,folk_11,folk,lowpass,2000.0,0.99996,0.422928,0.977393,0.768962,0.7449139320894211,0.8000936666666666
folk_11::distortion::drv4,folk_11,folk,distortion,4.0,0.99994,0.90784,0.999472,0.77245,0.9680949675599954,0.969084
folk_11::distortion::drv12,folk_11,folk,distortion,12.0,0.997168,0.707003,0.99705,0.724799,0.8891373264540642,0.900407
folk_11::distortion::drv32,folk_11,folk,distortion,32.0,0.990868,0.568637,0.993101,0.545189,0.8240396565047278,0.8508686666666666
folk_11::style_swap::swap_cross,folk_11,folk,style_swap,nan,0.896859,0.524589,0.925202,0.602933,0.7578675366852736,0.7822166666666666
folk_11::style_swap::swap_same,folk_11,folk,style_swap,nan,0.761931,0.544451,0.916638,0.605872,0.7244761622666905,0.7410066666666666
folk_12::control::ctrl,folk_12,folk,control,0.0,1.0,1.0,1.0,0.778797,1.0,1.0
folk_12::pitch_shift::-4st,folk_12,folk,pitch_shift,-4.0,0.507855,0.636153,0.913266,0.694345,0.6657321549206731,0.6857579999999999
folk_12::pitch_shift::-2st,folk_12,folk,pitch_shift,-2.0,0.383013,0.782725,0.993539,0.711246,0.6678350573111905,0.7197589999999999
folk_12::pitch_shift::-1st,folk_12,folk,pitch_shift,-1.0,0.543272,0.85956,0.996085,0.723957,0.7748125380312224,0.799639
folk_12::pitch_shift::+1st,folk_12,folk,pitch_shift,1.0,0.593946,0.794277,0.970434,0.711365,0.7707170811639766,0.786219
folk_12::pitch_shift::+2st,folk_12,folk,pitch_shift,2.0,0.42635,0.692017,0.836215,0.729033,0.627191737096511,0.6515273333333333
folk_12::pitch_shift::+4st,folk_12,folk,pitch_shift,4.0,0.522021,0.605853,0.979241,0.699148,0.6765734354240579,0.7023716666666666
folk_12::time_stretch::-20pct,folk_12,folk,time_stretch,-20.0,0.980165,0.859966,0.715311,0.744842,0.8448088571337299,0.851814
folk_12::time_stretch::-10pct,folk_12,folk,time_stretch,-10.0,0.9954,0.907093,0.694797,0.760451,0.8560565649959843,0.8657633333333333
folk_12::time_stretch::-5pct,folk_12,folk,time_stretch,-5.0,0.998026,0.899755,0.709196,0.764992,0.8603545646127818,0.8689923333333333
folk_12::time_stretch::+5pct,folk_12,folk,time_stretch,5.0,0.997275,0.905409,0.813369,0.754061,0.902226928339689,0.905351
folk_12::time_stretch::+10pct,folk_12,folk,time_stretch,10.0,0.996826,0.895358,0.704136,0.758751,0.8565595103976601,0.86544
folk_12::time_stretch::+20pct,folk_12,folk,time_stretch,20.0,0.995028,0.870568,0.7187,0.752077,0.8538768030919272,0.861432
folk_12::lowpass::lp8000,folk_12,folk,lowpass,8000.0,1.0,0.796596,0.999485,0.754834,0.9268400686006277,0.9320269999999999
folk_12::lowpass::lp4000,folk_12,folk,lowpass,4000.0,0.999996,0.76186,0.998278,0.746776,0.9127986276789661,0.9200446666666666
folk_12::lowpass::lp2000,folk_12,folk,lowpass,2000.0,0.999943,0.728126,0.867799,0.743133,0.8580915849652989,0.8652893333333334
folk_12::distortion::drv4,folk_12,folk,distortion,4.0,0.999955,0.84024,0.998997,0.743306,0.9432989063882145,0.9463973333333333
folk_12::distortion::drv12,folk_12,folk,distortion,12.0,0.999053,0.681044,0.859129,0.694217,0.8361304237481318,0.8464086666666666
folk_12::distortion::drv32,folk_12,folk,distortion,32.0,0.996445,0.576462,0.885341,0.607686,0.7981996464430278,0.8194159999999999
folk_12::style_swap::swap_cross,folk_12,folk,style_swap,nan,0.577813,0.391724,0.738924,0.594472,0.5509629820537213,0.569487
folk_12::style_swap::swap_same,folk_12,folk,style_swap,nan,0.667599,0.518016,0.864849,0.669614,0.6687539800296995,0.683488
folk_13::control::ctrl,folk_13,folk,control,0.0,1.0,1.0,1.0,0.810444,1.0,1.0
folk_13::pitch_shift::-4st,folk_13,folk,pitch_shift,-4.0,0.736122,0.454096,0.972623,0.74882,0.6876181575582188,0.720947
folk_13::pitch_shift::-2st,folk_13,folk,pitch_shift,-2.0,0.689308,0.589219,0.975904,0.760456,0.7345686449409675,0.751477
folk_13::pitch_shift::-1st,folk_13,folk,pitch_shift,-1.0,0.650297,0.703933,0.981583,0.771058,0.7659316830330432,0.7786043333333333
folk_13::pitch_shift::+1st,folk_13,folk,pitch_shift,1.0,0.694375,0.740847,0.983062,0.751373,0.7967116552392254,0.8060946666666666
folk_13::pitch_shift::+2st,folk_13,folk,pitch_shift,2.0,0.682166,0.594476,0.989774,0.746731,0.7376553202932055,0.7554719999999999
folk_13::pitch_shift::+4st,folk_13,folk,pitch_shift,4.0,0.748467,0.512482,0.980554,0.747858,0.7218399754956955,0.7471676666666667
folk_13::time_stretch::-20pct,folk_13,folk,time_stretch,-20.0,0.994577,0.740254,0.963606,0.778102,0.8918795855466678,0.8994789999999999
folk_13::time_stretch::-10pct,folk_13,folk,time_stretch,-10.0,0.991782,0.748866,0.964306,0.775668,0.8947019860397339,0.9016513333333334
folk_13::time_stretch::-5pct,folk_13,folk,time_stretch,-5.0,0.997018,0.816445,0.96573,0.79776,0.9229153838379506,0.9263976666666667
folk_13::time_stretch::+5pct,folk_13,folk,time_stretch,5.0,0.995093,0.791274,0.971121,0.791266,0.9144387841126096,0.9191626666666666
folk_13::time_stretch::+10pct,folk_13,folk,time_stretch,10.0,0.996676,0.76393,0.972509,0.796908,0.9046912675782584,0.9110383333333333
folk_13::time_stretch::+20pct,folk_13,folk,time_stretch,20.0,0.99757,0.741038,0.959893,0.789257,0.891939836614019,0.8995003333333332
folk_13::lowpass::lp8000,folk_13,folk,lowpass,8000.0,0.999938,0.423217,0.991998,0.811785,0.7487709577545136,0.805051
folk_13::lowpass::lp4000,folk_13,folk,lowpass,4000.0,0.999997,0.391271,0.997481,0.774078,0.7307917958331277,0.7962496666666666
folk_13::lowpass::lp2000,folk_13,folk,lowpass,2000.0,0.999466,0.383959,0.984035,0.777065,0.7228049877657091,0.7891533333333333
folk_13::distortion::drv4,folk_13,folk,distortion,4.0,0.999262,0.762219,0.984867,0.764512,0.9086129231685597,0.9154493333333333
folk_13::distortion::drv12,folk_13,folk,distortion,12.0,0.984757,0.473816,0.974343,0.669937,0.7689242470029617,0.810972
folk_13::distortion::drv32,folk_13,folk,distortion,32.0,0.982427,0.446027,0.978675,0.617153,0.7541075886529308,0.8023763333333334
folk_13::style_swap::swap_cross,folk_13,folk,style_swap,nan,0.74674,0.344509,0.944919,0.737233,0.6241009682480859,0.6787226666666666
folk_13::style_swap::swap_same,folk_13,folk,style_swap,nan,0.797704,0.450208,0.942582,0.460206,0.6969335524478057,0.7301646666666666
folk_14::control::ctrl,folk_14,folk,control,0.0,1.0,1.0,1.0,0.819484,1.0,1.0
folk_14::pitch_shift::-4st,folk_14,folk,pitch_shift,-4.0,0.475844,0.589478,0.994615,0.726771,0.6534249819301549,0.6866456666666666
folk_14::pitch_shift::-2st,folk_14,folk,pitch_shift,-2.0,0.475276,0.727732,0.997732,0.760515,0.701418289600802,0.7335799999999999
folk_14::pitch_shift::-1st,folk_14,folk,pitch_shift,-1.0,0.539004,0.813373,0.998752,0.775805,0.7593578157782276,0.7837096666666665
folk_14::pitch_shift::+1st,folk_14,folk,pitch_shift,1.0,0.563854,0.833446,0.998017,0.784186,0.7769517044551536,0.7984389999999999
folk_14::pitch_shift::+2st,folk_14,folk,pitch_shift,2.0,0.465713,0.70613,0.996653,0.782914,0.6894704658157105,0.7228319999999999
folk_14::pitch_shift::+4st,folk_14,folk,pitch_shift,4.0,0.460114,0.555251,0.9925,0.784494,0.6329388751454692,0.6692883333333333
folk_14::time_stretch::-20pct,folk_14,folk,time_stretch,-20.0,0.989518,0.879598,0.849865,0.798597,0.904383489704565,0.9063269999999999
folk_14::time_stretch::-10pct,folk_14,folk,time_stretch,-10.0,0.996792,0.900433,0.893042,0.808747,0.9289149312964597,0.9300889999999999
folk_14::time_stretch::-5pct,folk_14,folk,time_stretch,-5.0,0.997661,0.909796,0.881001,0.810189,0.9281848452142951,0.929486
folk_14::time_stretch::+5pct,folk_14,folk,time_stretch,5.0,0.998859,0.912614,0.908071,0.808942,0.938938268556731,0.939848
folk_14::time_stretch::+10pct,folk_14,folk,time_stretch,10.0,0.993667,0.861007,0.88184,0.806332,0.9103584923151222,0.9121713333333332
folk_14::time_stretch::+20pct,folk_14,folk,time_stretch,20.0,0.996762,0.833352,0.853267,0.830685,0.8915963902539552,0.8944603333333333
folk_14::lowpass::lp8000,folk_14,folk,lowpass,8000.0,0.999745,0.820258,0.999847,0.823703,0.9359610036907164,0.9399500000000001
folk_14::lowpass::lp4000,folk_14,folk,lowpass,4000.0,0.99962,0.700201,0.979266,0.820617,0.881697169340569,0.893029
folk_14::lowpass::lp2000,folk_14,folk,lowpass,2000.0,0.999659,0.582963,0.995243,0.792565,0.8339512573766442,0.8592883333333333
folk_14::distortion::drv4,folk_14,folk,distortion,4.0,0.99871,0.725618,0.999146,0.787686,0.8979637397839848,0.9078246666666666
folk_14::distortion::drv12,folk_14,folk,distortion,12.0,0.995172,0.547153,0.977459,0.748007,0.8104044695816954,0.8399279999999999
folk_14::distortion::drv32,folk_14,folk,distortion,32.0,0.983385,0.470636,0.97306,0.569674,0.7665069811646461,0.8090269999999999
folk_14::style_swap::swap_cross,folk_14,folk,style_swap,nan,0.776983,0.426403,0.880538,0.56294,0.663223577713934,0.6946413333333332
folk_14::style_swap::swap_same,folk_14,folk,style_swap,nan,0.748645,0.365049,0.855415,0.490474,0.6160292273708389,0.6563696666666666
folk_15::control::ctrl,folk_15,folk,control,0.0,1.0,1.0,1.0,0.659218,1.0,1.0
folk_15::pitch_shift::-4st,folk_15,folk,pitch_shift,-4.0,0.895364,0.607408,0.995677,0.62347,0.8150786868862638,0.8328163333333333
folk_15::pitch_shift::-2st,folk_15,folk,pitch_shift,-2.0,0.931904,0.731273,0.997597,0.655897,0.8792963755681701,0.8869246666666666
folk_15::pitch_shift::-1st,folk_15,folk,pitch_shift,-1.0,0.915349,0.841736,0.99778,0.634161,0.916078033183898,0.9182883333333333
folk_15::pitch_shift::+1st,folk_15,folk,pitch_shift,1.0,0.914275,0.826322,0.996553,0.676349,0.9097223271760468,0.9123833333333333
folk_15::pitch_shift::+2st,folk_15,folk,pitch_shift,2.0,0.909214,0.721576,0.992881,0.702399,0.8668590044453597,0.8745569999999999
folk_15::pitch_shift::+4st,folk_15,folk,pitch_shift,4.0,0.89859,0.614887,0.986374,0.65673,0.8168321748526667,0.8332836666666665
folk_15::time_stretch::-20pct,folk_15,folk,time_stretch,-20.0,0.987536,0.815378,0.736625,0.650949,0.8402066734991134,0.846513
folk_15::time_stretch::-10pct,folk_15,folk,time_stretch,-10.0,0.995838,0.887949,0.791499,0.672159,0.8878556494505656,0.8917619999999999
folk_15::time_stretch::-5pct,folk_15,folk,time_stretch,-5.0,0.993998,0.928747,0.817101,0.644525,0.9103035271636645,0.9132819999999999
folk_15::time_stretch::+5pct,folk_15,folk,time_stretch,5.0,0.998203,0.934682,0.814124,0.680402,0.9124122397001682,0.9156696666666666
folk_15::time_stretch::+10pct,folk_15,folk,time_stretch,10.0,0.994215,0.926386,0.788537,0.681762,0.898872561376641,0.9030459999999999
folk_15::time_stretch::+20pct,folk_15,folk,time_stretch,20.0,0.985261,0.830191,0.742585,0.717008,0.8468864062200145,0.852679
folk_15::lowpass::lp8000,folk_15,folk,lowpass,8000.0,1.0,0.745446,0.998443,0.669314,0.9062468048844434,0.9146296666666667
folk_15::lowpass::lp4000,folk_15,folk,lowpass,4000.0,0.994992,0.631605,0.970868,0.668545,0.8481547755434607,0.8658216666666665
folk_15::lowpass::lp2000,folk_15,folk,lowpass,2000.0,0.999971,0.535185,0.967161,0.691962,0.8029035371602172,0.8341056666666666
folk_15::distortion::drv4,folk_15,folk,distortion,4.0,0.999989,0.865085,0.999384,0.658512,0.9526399690759231,0.9548193333333332
folk_15::distortion::drv12,folk_15,folk,distortion,12.0,0.999413,0.710202,0.99639,0.658703,0.890947434938053,0.9020016666666666
folk_15::distortion::drv32,folk_15,folk,distortion,32.0,0.997231,0.615183,0.991534,0.60692,0.8472974558346907,0.8679826666666666
folk_15::style_swap::swap_cross,folk_15,folk,style_swap,nan,0.878508,0.462212,0.747206,0.412627,0.671958464873737,0.6959753333333333
folk_15::style_swap::swap_same,folk_15,folk,style_swap,nan,0.56321,0.448488,0.890076,0.447165,0.6080641863193605,0.6339246666666666
jazz_01::control::ctrl,jazz_01,jazz,control,0.0,1.0,1.0,1.0,0.801353,1.0,1.0
jazz_01::pitch_shift::-4st,jazz_01,jazz,pitch_shift,-4.0,0.974858,0.543352,0.985202,0.684808,0.805099032835956,0.8344706666666666
jazz_01::pitch_shift::-2st,jazz_01,jazz,pitch_shift,-2.0,0.986855,0.693006,0.992318,0.74635,0.8787804834965623,0.8907263333333333
jazz_01::pitch_shift::-1st,jazz_01,jazz,pitch_shift,-1.0,0.992826,0.812687,0.995077,0.786641,0.9294321995650798,0.93353
jazz_01::pitch_shift::+1st,jazz_01,jazz,pitch_shift,1.0,0.992729,0.847076,0.992086,0.789577,0.9413854227473347,0.9439636666666666
jazz_01::pitch_shift::+2st,jazz_01,jazz,pitch_shift,2.0,0.985518,0.764198,0.987622,0.789837,0.9060532817592717,0.9124459999999999
jazz_01::pitch_shift::+4st,jazz_01,jazz,pitch_shift,4.0,0.979606,0.635717,0.974517,0.707026,0.8466454142940963,0.8632799999999999
jazz_01::time_stretch::-20pct,jazz_01,jazz,time_stretch,-20.0,0.999408,0.889529,0.520486,0.798884,0.7734590554179589,0.803141
jazz_01::time_stretch::-10pct,jazz_01,jazz,time_stretch,-10.0,0.998858,0.895286,0.590474,0.855479,0.8082681052919494,0.828206
jazz_01::time_stretch::-5pct,jazz_01,jazz,time_stretch,-5.0,0.999234,0.910675,0.662588,0.798067,0.8448080843838557,0.857499
jazz_01::time_stretch::+5pct,jazz_01,jazz,time_stretch,5.0,0.999135,0.930227,0.682922,0.817732,0.8593987922617345,0.8707613333333333
jazz_01::time_stretch::+10pct,jazz_01,jazz,time_stretch,10.0,0.999321,0.889303,0.615508,0.800213,0.8178295987643847,0.8347106666666666
jazz_01::time_stretch::+20pct,jazz_01,jazz,time_stretch,20.0,0.998795,0.915841,0.533953,0.800953,0.7875288831981031,0.8161963333333333
jazz_01::lowpass::lp8000,jazz_01,jazz,lowpass,8000.0,0.999995,0.456928,0.988913,0.79821,0.7673636606048384,0.8152786666666666
jazz_01::lowpass::lp4000,jazz_01,jazz,lowpass,4000.0,0.999992,0.426408,0.660273,0.740011,0.6554131278847688,0.6955576666666666
jazz_01::lowpass::lp2000,jazz_01,jazz,lowpass,2000.0,0.999948,0.404169,0.628172,0.645725,0.6331981880482435,0.6774296666666666
jazz_01::distortion::drv4,jazz_01,jazz,distortion,4.0,0.999865,0.851955,0.995791,0.782526,0.946619412501753,0.9492036666666666
jazz_01::distortion::drv12,jazz_01,jazz,distortion,12.0,0.999282,0.669559,0.984332,0.712176,0.8700405752481408,0.8843909999999999
jazz_01::distortion::drv32,jazz_01,jazz,distortion,32.0,0.999557,0.53785,0.661424,0.627144,0.7084614588534233,0.7329436666666667
jazz_01::style_swap::swap_cross,jazz_01,jazz,style_swap,nan,0.97334,0.473619,0.47968,0.587749,0.6047117857119827,0.6422129999999999
jazz_01::style_swap::swap_same,jazz_01,jazz,style_swap,nan,0.937352,0.470715,0.682922,0.664207,0.6704153517865593,0.6969963333333333
jazz_02::control::ctrl,jazz_02,jazz,control,0.0,1.0,0.999849,1.0,0.839277,0.9999496641330097,0.9999496666666666
jazz_02::pitch_shift::-4st,jazz_02,jazz,pitch_shift,-4.0,0.973596,0.621051,0.812409,0.822579,0.7890301358415067,0.802352
jazz_02::pitch_shift::-2st,jazz_02,jazz,pitch_shift,-2.0,0.980281,0.767235,0.817183,0.848609,0.8502228481387111,0.8548996666666666
jazz_02::pitch_shift::-1st,jazz_02,jazz,pitch_shift,-1.0,0.97959,0.860854,0.818498,0.800519,0.8837521617262091,0.8863139999999999
jazz_02::pitch_shift::+1st,jazz_02,jazz,pitch_shift,1.0,0.976996,0.859703,0.817124,0.82535,0.8820835672085191,0.8846076666666667
jazz_02::pitch_shift::+2st,jazz_02,jazz,pitch_shift,2.0,0.982889,0.779828,0.813769,0.828274,0.8544135890583449,0.8588286666666667
jazz_02::pitch_shift::+4st,jazz_02,jazz,pitch_shift,4.0,0.974448,0.678521,0.805918,0.800265,0.8107200976712281,0.8196289999999999
jazz_02::time_stretch::-20pct,jazz_02,jazz,time_stretch,-20.0,0.998501,0.865128,0.733362,0.852751,0.8588469118085105,0.8656636666666666
jazz_02::time_stretch::-10pct,jazz_02,jazz,time_stretch,-10.0,0.99889,0.888447,0.695835,0.835572,0.8515663401532148,0.8610573333333332
jazz_02::time_stretch::-5pct,jazz_02,jazz,time_stretch,-5.0,0.99929,0.922872,0.788977,0.826113,0.8994267185917625,0.903713
jazz_02::time_stretch::+5pct,jazz_02,jazz,time_stretch,5.0,0.999133,0.930977,0.70033,0.842839,0.8668720395094627,0.8768133333333333
jazz_02::time_stretch::+10pct,jazz_02,jazz,time_stretch,10.0,0.999555,0.912241,0.710508,0.833513,0.8652901338489645,0.8741013333333332
jazz_02::time_stretch::+20pct,jazz_02,jazz,time_stretch,20.0,0.998527,0.886902,0.766737,0.874819,0.8789428198606257,0.8840553333333333
jazz_02::lowpass::lp8000,jazz_02,jazz,lowpass,8000.0,1.0,0.498445,0.995507,0.836743,0.7916876205197864,0.8313173333333332
jazz_02::lowpass::lp4000,jazz_02,jazz,lowpass,4000.0,1.0,0.458514,0.987944,0.791844,0.7680007478020062,0.8154859999999999
jazz_02::lowpass::lp2000,jazz_02,jazz,lowpass,2000.0,0.999951,0.438284,0.981574,0.757959,0.7548936878305171,0.806603
jazz_02::distortion::drv4,jazz_02,jazz,distortion,4.0,0.999079,0.765838,0.963128,0.803626,0.903247809492227,0.9093483333333332
jazz_02::distortion::drv12,jazz_02,jazz,distortion,12.0,0.997639,0.622632,0.950938,0.713204,0.8390458352530934,0.8570696666666666
jazz_02::distortion::drv32,jazz_02,jazz,distortion,32.0,0.996706,0.538404,0.928819,0.584294,0.7928702946601559,0.8213096666666666
jazz_02::style_swap::swap_cross,jazz_02,jazz,style_swap,nan,0.909782,0.483636,0.771211,0.587306,0.6974981478198103,0.7215429999999999
jazz_02::style_swap::swap_same,jazz_02,jazz,style_swap,nan,0.932449,0.491929,0.68763,0.644966,0.6807078772606487,0.7040026666666666
jazz_03::control::ctrl,jazz_03,jazz,control,0.0,1.0,1.0,1.0,0.817271,1.0,1.0
jazz_03::pitch_shift::-4st,jazz_03,jazz,pitch_shift,-4.0,0.972198,0.554783,0.986812,0.778378,0.8104087037466797,0.837931
jazz_03::pitch_shift::-2st,jazz_03,jazz,pitch_shift,-2.0,0.936474,0.724895,0.991885,0.777914,0.8764841166179306,0.8844179999999999
jazz_03::pitch_shift::-1st,jazz_03,jazz,pitch_shift,-1.0,0.952702,0.832016,0.994084,0.800798,0.9236425811274172,0.9262673333333332
jazz_03::pitch_shift::+1st,jazz_03,jazz,pitch_shift,1.0,0.959638,0.864857,0.992093,0.794068,0.9372771779583788,0.9388626666666666
jazz_03::pitch_shift::+2st,jazz_03,jazz,pitch_shift,2.0,0.938256,0.78106,0.986725,0.807096,0.8975678600836204,0.9020136666666666
jazz_03::pitch_shift::+4st,jazz_03,jazz,pitch_shift,4.0,0.966654,0.700538,0.97699,0.778187,0.8713600067281225,0.881394
jazz_03::time_stretch::-20pct,jazz_03,jazz,time_stretch,-20.0,0.998218,0.88022,0.563007,0.81052,0.7908791770470279,0.813815
jazz_03::time_stretch::-10pct,jazz_03,jazz,time_stretch,-10.0,0.999395,0.916006,0.625293,0.808133,0.8303088861525348,0.8468979999999999
jazz_03::time_stretch::-5pct,jazz_03,jazz,time_stretch,-5.0,0.999514,0.938512,0.691143,0.814082,0.8654969500164711,0.8763896666666666
jazz_03::time_stretch::+5pct,jazz_03,jazz,time_stretch,5.0,0.999869,0.957443,0.718085,0.815609,0.8825594353398837,0.891799
jazz_03::time_stretch::+10pct,jazz_03,jazz,time_stretch,10.0,0.999508,0.942597,0.657857,0.814424,0.8526051324384615,0.866654
jazz_03::time_stretch::+20pct,jazz_03,jazz,time_stretch,20.0,0.99853,0.912805,0.577205,0.79754,0.8072779136032009,0.8295133333333333
jazz_03::lowpass::lp8000,jazz_03,jazz,lowpass,8000.0,0.999942,0.493363,0.99735,0.816465,0.7894591442075977,0.8302183333333333
jazz_03::lowpass::lp4000,jazz_03,jazz,lowpass,4000.0,0.999999,0.48101,0.987403,0.79126,0.7802181299200938,0.822804
jazz_03::lowpass::lp2000,jazz_03,jazz,lowpass,2000.0,0.999993,0.464726,0.961541,0.785705,0.7645171742462651,0.8087533333333332
jazz_03::distortion::drv4,jazz_03,jazz,distortion,4.0,0.998592,0.783133,0.994045,0.794088,0.9194819697099246,0.9252566666666666
jazz_03::distortion::drv12,jazz_03,jazz,distortion,12.0,0.997305,0.621797,0.980863,0.779743,0.8472826702450107,0.866655
jazz_03::distortion::drv32,jazz_03,jazz,distortion,32.0,0.99696,0.549119,0.959238,0.696251,0.8067832256173573,0.8351056666666665
jazz_03::style_swap::swap_cross,jazz_03,jazz,style_swap,nan,0.827302,0.406029,0.7961,0.491364,0.6442625945266914,0.676477
jazz_03::style_swap::swap_same,jazz_03,jazz,style_swap,nan,0.96754,0.447431,0.558308,0.514437,0.6229066252511021,0.6577596666666666
jazz_04::control::ctrl,jazz_04,jazz,control,0.0,1.0,1.0,1.0,0.847145,1.0,1.0
jazz_04::pitch_shift::-4st,jazz_04,jazz,pitch_shift,-4.0,0.833361,0.60197,0.98641,0.752875,0.7909611676487909,0.807247
jazz_04::pitch_shift::-2st,jazz_04,jazz,pitch_shift,-2.0,0.872333,0.720746,0.994583,0.761504,0.8551360029830529,0.862554
jazz_04::pitch_shift::-1st,jazz_04,jazz,pitch_shift,-1.0,0.834568,0.843618,0.997925,0.743929,0.8890001267864079,0.8920369999999999
jazz_04::pitch_shift::+1st,jazz_04,jazz,pitch_shift,1.0,0.83982,0.83762,0.99562,0.796232,0.888059956789053,0.8910199999999999
jazz_04::pitch_shift::+2st,jazz_04,jazz,pitch_shift,2.0,0.875169,0.732879,0.99103,0.809033,0.8598123290267173,0.8663593333333333
jazz_04::pitch_shift::+4st,jazz_04,jazz,pitch_shift,4.0,0.837966,0.613495,0.975102,0.738043,0.7943815658290053,0.8088543333333333
jazz_04::time_stretch::-20pct,jazz_04,jazz,time_stretch,-20.0,0.985618,0.846032,0.569945,0.841402,0.7803859732808557,0.8005316666666666
jazz_04::time_stretch::-10pct,jazz_04,jazz,time_stretch,-10.0,0.990255,0.864604,0.652638,0.836427,0.8236553944496261,0.8358323333333333
jazz_04::time_stretch::-5pct,jazz_04,jazz,time_stretch,-5.0,0.985818,0.894939,0.712546,0.851234,0.8566452835948476,0.8644343333333333
jazz_04::time_stretch::+5pct,jazz_04,jazz,time_stretch,5.0,0.985667,0.930872,0.736868,0.851947,0.8776808585935538,0.884469
jazz_04::time_stretch::+10pct,jazz_04,jazz,time_stretch,10.0,0.982005,0.91713,0.660658,0.860102,0.8410860546770696,0.8532643333333333
jazz_04::time_stretch::+20pct,jazz_04,jazz,time_stretch,20.0,0.977806,0.885337,0.594168,0.824302,0.8012293634812849,0.8191036666666667
jazz_04::lowpass::lp8000,jazz_04,jazz,lowpass,8000.0,1.0,0.731289,0.994781,0.851947,0.8993709195283565,0.90869
jazz_04::lowpass::lp4000,jazz_04,jazz,lowpass,4000.0,0.99996,0.665035,0.984009,0.798242,0.868177914368971,0.8830013333333333
jazz_04::lowpass::lp2000,jazz_04,jazz,lowpass,2000.0,0.999991,0.579879,0.974123,0.747049,0.8266387444303651,0.8513309999999998
jazz_04::distortion::drv4,jazz_04,jazz,distortion,4.0,0.99982,0.79188,0.995591,0.759865,0.9237491507212238,0.929097
jazz_04::distortion::drv12,jazz_04,jazz,distortion,12.0,0.997467,0.658752,0.982594,0.563463,0.8643006979529264,0.8796043333333332
jazz_04::distortion::drv32,jazz_04,jazz,distortion,32.0,0.992587,0.58768,0.707646,0.49065,0.7445751140367566,0.7626376666666665
jazz_04::style_swap::swap_cross,jazz_04,jazz,style_swap,nan,0.917358,0.424875,0.538176,0.713132,0.5941664410664153,0.626803
jazz_04::style_swap::swap_same,jazz_04,jazz,style_swap,nan,0.895585,0.514792,0.736868,0.614472,0.6977654032438205,0.7157483333333332
jazz_05::control::ctrl,jazz_05,jazz,control,0.0,1.0,1.0,1.0,0.710646,1.0,1.0
jazz_05::pitch_shift::-4st,jazz_05,jazz,pitch_shift,-4.0,0.957993,0.652013,0.991951,0.658069,0.8525167815889074,0.867319
jazz_05::pitch_shift::-2st,jazz_05,jazz,pitch_shift,-2.0,0.97082,0.761393,0.995711,0.71362,0.902873624996334,0.909308
jazz_05::pitch_shift::-1st,jazz_05,jazz,pitch_shift,-1.0,0.978728,0.856756,0.997059,0.716478,0.9420631334975502,0.9441809999999999
jazz_05::pitch_shift::+1st,jazz_05,jazz,pitch_shift,1.0,0.985536,0.848576,0.996574,0.690561,0.9410750584542648,0.9435619999999999
jazz_05::pitch_shift::+2st,jazz_05,jazz,pitch_shift,2.0,0.975176,0.753031,0.994658,0.679084,0.9005818978269859,0.9076216666666667
jazz_05::pitch_shift::+4st,jazz_05,jazz,pitch_shift,4.0,0.958809,0.663576,0.989694,0.663265,0.8571192253323612,0.8706929999999999
jazz_05::time_stretch::-20pct,jazz_05,jazz,time_stretch,-20.0,0.99563,0.807551,0.787335,0.709874,0.8586361395739074,0.8635053333333333
jazz_05::time_stretch::-10pct,jazz_05,jazz,time_stretch,-10.0,0.996621,0.854422,0.822477,0.720203,0.888059516924571,0.8911733333333333
jazz_05::time_stretch::-5pct,jazz_05,jazz,time_stretch,-5.0,0.999027,0.930575,0.857266,0.730268,0.9271458714577698,0.9289559999999999
jazz_05::time_stretch::+5pct,jazz_05,jazz,time_stretch,5.0,0.997841,0.903918,0.856971,0.705132,0.9177382544708904,0.9195766666666666
jazz_05::time_stretch::+10pct,jazz_05,jazz,time_stretch,10.0,0.994727,0.875185,0.832511,0.726563,0.8982514303843968,0.9008076666666667
jazz_05::time_stretch::+20pct,jazz_05,jazz,time_stretch,20.0,0.99163,0.82341,0.792965,0.717137,0.8651138621204815,0.869335
jazz_05::lowpass::lp8000,jazz_05,jazz,lowpass,8000.0,0.997646,0.876396,0.999817,0.696119,0.9561641499333152,0.9579529999999998
jazz_05::lowpass::lp4000,jazz_05,jazz,lowpass,4000.0,0.999587,0.714402,0.998929,0.69573,0.8935097463624612,0.9043059999999999
jazz_05::lowpass::lp2000,jazz_05,jazz,lowpass,2000.0,0.999317,0.626045,0.99734,0.662571,0.8545104039884547,0.874234
jazz_05::distortion::drv4,jazz_05,jazz,distortion,4.0,0.992547,0.819238,0.99926,0.699662,0.9331394656331802,0.9370149999999999
jazz_05::distortion::drv12,jazz_05,jazz,distortion,12.0,0.990125,0.683215,0.997736,0.665353,0.8771779118410011,0.8903586666666666
jazz_05::distortion::drv32,jazz_05,jazz,distortion,32.0,0.990099,0.632073,0.995908,0.657113,0.8541910709667536,0.8726933333333333
jazz_05::style_swap::swap_cross,jazz_05,jazz,style_swap,nan,0.975,0.388541,0.851228,0.51904,0.6857446952123127,0.7382563333333333
jazz_05::style_swap::swap_same,jazz_05,jazz,style_swap,nan,0.958225,0.410725,0.832755,0.637977,0.6894645824544676,0.7339016666666666
jazz_06::control::ctrl,jazz_06,jazz,control,0.0,1.0,1.0,1.0,0.790886,1.0,1.0
jazz_06::pitch_shift::-4st,jazz_06,jazz,pitch_shift,-4.0,0.860231,0.585557,0.955724,0.783123,0.7837404334540174,0.8005039999999999
jazz_06::pitch_shift::-2st,jazz_06,jazz,pitch_shift,-2.0,0.892296,0.730481,0.995966,0.802922,0.8658728609439612,0.8729143333333333
jazz_06::pitch_shift::-1st,jazz_06,jazz,pitch_shift,-1.0,0.888508,0.841532,0.998243,0.770391,0.907101914744366,0.9094276666666665
jazz_06::pitch_shift::+1st,jazz_06,jazz,pitch_shift,1.0,0.896617,0.83751,0.997364,0.769451,0.9081345933707253,0.9104969999999999
jazz_06::pitch_shift::+2st,jazz_06,jazz,pitch_shift,2.0,0.896201,0.748972,0.960378,0.786685,0.863848804119997,0.868517
jazz_06::pitch_shift::+4st,jazz_06,jazz,pitch_shift,4.0,0.871637,0.650229,0.952088,0.733771,0.814128630534905,0.8246513333333333
jazz_06::time_stretch::-20pct,jazz_06,jazz,time_stretch,-20.0,0.996271,0.885504,0.660544,0.791636,0.8352630237639321,0.8474396666666666
jazz_06::time_stretch::-10pct,jazz_06,jazz,time_stretch,-10.0,0.997603,0.914662,0.711212,0.804929,0.8657765520370885,0.8744923333333332
jazz_06::time_stretch::-5pct,jazz_06,jazz,time_stretch,-5.0,0.998416,0.938632,0.772755,0.778782,0.8980135795748753,0.9032676666666666
jazz_06::time_stretch::+5pct,jazz_06,jazz,time_stretch,5.0,0.997706,0.95335,0.74418,0.776521,0.8912050723623778,0.8984119999999999
jazz_06::time_stretch::+10pct,jazz_06,jazz,time_stretch,10.0,0.996074,0.933568,0.708287,0.750401,0.870059481125339,0.8793096666666667
jazz_06::time_stretch::+20pct,jazz_06,jazz,time_stretch,20.0,0.99723,0.903132,0.64979,0.771037,0.8364497641218852,0.8500506666666666
jazz_06::lowpass::lp8000,jazz_06,jazz,lowpass,8000.0,1.0,0.572906,0.995881,0.785187,0.8293991878717748,0.8562623333333332
jazz_06::lowpass::lp4000,jazz_06,jazz,lowpass,4000.0,1.0,0.549055,0.9823,0.800218,0.813991740735641,0.8437849999999999
jazz_06::lowpass::lp2000,jazz_06,jazz,lowpass,2000.0,0.999995,0.477267,0.972237,0.753982,0.7741832901453943,0.8164996666666666
jazz_06::distortion::drv4,jazz_06,jazz,distortion,4.0,0.999972,0.911932,0.999435,0.800232,0.969545696760356,0.9704463333333333
jazz_06::distortion::drv12,jazz_06,jazz,distortion,12.0,0.999497,0.78718,0.996933,0.748239,0.922232676623303,0.92787
jazz_06::distortion::drv32,jazz_06,jazz,distortion,32.0,0.99757,0.672992,0.988852,0.648524,0.8723582233860195,0.8864713333333333
jazz_06::style_swap::swap_cross,jazz_06,jazz,style_swap,nan,0.824651,0.459862,0.640989,0.58468,0.6240931705672845,0.641834
jazz_06::style_swap::swap_same,jazz_06,jazz,style_swap,nan,0.93722,0.413917,0.644435,0.610287,0.6299575862502207,0.6651906666666666
jazz_07::control::ctrl,jazz_07,jazz,control,0.0,1.0,1.0,1.0,0.877286,1.0,1.0
jazz_07::pitch_shift::-4st,jazz_07,jazz,pitch_shift,-4.0,0.972921,0.600006,0.982341,0.826771,0.830803811842944,0.851756
jazz_07::pitch_shift::-2st,jazz_07,jazz,pitch_shift,-2.0,0.977336,0.74301,0.990932,0.848959,0.896108924953185,0.9037593333333332
jazz_07::pitch_shift::-1st,jazz_07,jazz,pitch_shift,-1.0,0.967395,0.837053,0.994084,0.822782,0.9302363223871812,0.932844
jazz_07::pitch_shift::+1st,jazz_07,jazz,pitch_shift,1.0,0.963218,0.822405,0.992153,0.810565,0.9228469061627611,0.9259253333333333
jazz_07::pitch_shift::+2st,jazz_07,jazz,pitch_shift,2.0,0.978903,0.723577,0.989417,0.83961,0.8882487269904398,0.897299
jazz_07::pitch_shift::+4st,jazz_07,jazz,pitch_shift,4.0,0.96809,0.617172,0.981032,0.778552,0.8368899916129153,0.8554313333333333
jazz_07::time_stretch::-20pct,jazz_07,jazz,time_stretch,-20.0,0.998992,0.836325,0.631958,0.882288,0.8082426585783689,0.822425
jazz_07::time_stretch::-10pct,jazz_07,jazz,time_stretch,-10.0,0.999124,0.870202,0.697584,0.873558,0.8464708232021346,0.8556366666666666
jazz_07::time_stretch::-5pct,jazz_07,jazz,time_stretch,-5.0,0.999602,0.909865,0.76335,0.892067,0.8854742342879448,0.8909389999999999
jazz_07::time_stretch::+5pct,jazz_07,jazz,time_stretch,5.0,0.999197,0.926238,0.77792,0.891696,0.8962645471075895,0.9011183333333332
jazz_07::time_stretch::+10pct,jazz_07,jazz,time_stretch,10.0,0.999188,0.905069,0.716093,0.890319,0.8651659976091981,0.8734499999999998
jazz_07::time_stretch::+20pct,jazz_07,jazz,time_stretch,20.0,0.999443,0.895225,0.662874,0.885944,0.8401827082453248,0.852514
jazz_07::lowpass::lp8000,jazz_07,jazz,lowpass,8000.0,0.999979,0.495395,0.779294,0.875401,0.7281395321249614,0.7582226666666666
jazz_07::lowpass::lp4000,jazz_07,jazz,lowpass,4000.0,0.999996,0.466442,0.764294,0.779408,0.7090640288323385,0.7435773333333333
jazz_07::lowpass::lp2000,jazz_07,jazz,lowpass,2000.0,0.999994,0.443111,0.747705,0.723449,0.6919585343561262,0.73027
jazz_07::distortion::drv4,jazz_07,jazz,distortion,4.0,0.999955,0.831467,0.783639,0.837866,0.8669229598621542,0.8716869999999999
jazz_07::distortion::drv12,jazz_07,jazz,distortion,12.0,0.999672,0.672901,0.766822,0.690822,0.8019877881189954,0.8131316666666666
jazz_07::distortion::drv32,jazz_07,jazz,distortion,32.0,0.997719,0.59119,0.745969,0.570926,0.7605924919461066,0.7782926666666666
jazz_07::style_swap::swap_cross,jazz_07,jazz,style_swap,nan,0.974894,0.421153,0.624288,0.476909,0.6352247745077266,0.673445
jazz_07::style_swap::swap_same,jazz_07,jazz,style_swap,nan,0.979577,0.567352,0.684561,0.818358,0.7246046349769637,0.74383
jazz_08::control::ctrl,jazz_08,jazz,control,0.0,1.0,1.0,1.0,0.844803,1.0,1.0
jazz_08::pitch_shift::-4st,jazz_08,jazz,pitch_shift,-4.0,0.897769,0.5989,0.989343,0.839461,0.810255400758216,0.8286706666666667
jazz_08::pitch_shift::-2st,jazz_08,jazz,pitch_shift,-2.0,0.878719,0.722232,0.9757,0.850699,0.8523429034658591,0.8588836666666666
jazz_08::pitch_shift::-1st,jazz_08,jazz,pitch_shift,-1.0,0.90452,0.839108,0.997267,0.849194,0.9113443273548877,0.9136316666666666
jazz_08::pitch_shift::+1st,jazz_08,jazz,pitch_shift,1.0,0.908518,0.838669,0.996327,0.821205,0.9122390843450126,0.9145046666666666
jazz_08::pitch_shift::+2st,jazz_08,jazz,pitch_shift,2.0,0.887608,0.732907,0.972295,0.812111,0.8583993431750375,0.86427
jazz_08::pitch_shift::+4st,jazz_08,jazz,pitch_shift,4.0,0.895828,0.625715,0.965482,0.779459,0.8149202819331341,0.8290083333333332
jazz_08::time_stretch::-20pct,jazz_08,jazz,time_stretch,-20.0,0.990844,0.836712,0.756731,0.842342,0.8560666970505042,0.861429
jazz_08::time_stretch::-10pct,jazz_08,jazz,time_stretch,-10.0,0.995209,0.911011,0.814644,0.857538,0.9039309563226646,0.9069546666666666
jazz_08::time_stretch::-5pct,jazz_08,jazz,time_stretch,-5.0,0.995933,0.93743,0.836929,0.85601,0.921055631921861,0.9234306666666665
jazz_08::time_stretch::+5pct,jazz_08,jazz,time_stretch,5.0,0.994405,0.953834,0.833367,0.838798,0.9246076147799859,0.9272019999999999
jazz_08::time_stretch::+10pct,jazz_08,jazz,time_stretch,10.0,0.991379,0.935039,0.795431,0.841919,0.9034219767665569,0.907283
jazz_08::time_stretch::+20pct,jazz_08,jazz,time_stretch,20.0,0.987524,0.903079,0.762428,0.82862,0.8793411828813246,0.8843436666666665
jazz_08::lowpass::lp8000,jazz_08,jazz,lowpass,8000.0,1.0,0.652147,0.998614,0.852196,0.8667909807699472,0.8835869999999999
jazz_08::lowpass::lp4000,jazz_08,jazz,lowpass,4000.0,1.0,0.590163,0.972762,0.82008,0.8311119466454052,0.8543083333333332
jazz_08::lowpass::lp2000,jazz_08,jazz,lowpass,2000.0,0.999983,0.544811,0.833877,0.80477,0.7687412046458753,0.7928903333333333
jazz_08::distortion::drv4,jazz_08,jazz,distortion,4.0,0.999986,0.941801,0.999773,0.85099,0.9801325757584681,0.9805200000000001
jazz_08::distortion::drv12,jazz_08,jazz,distortion,12.0,0.999778,0.778938,0.997141,0.822618,0.9191527275116473,0.9252856666666667
jazz_08::distortion::drv32,jazz_08,jazz,distortion,32.0,0.998,0.650928,0.991095,0.705146,0.8634945349445879,0.8800076666666666
jazz_08::style_swap::swap_cross,jazz_08,jazz,style_swap,nan,0.933218,0.452913,0.754467,0.643891,0.6831971521421106,0.7135326666666666
jazz_08::style_swap::swap_same,jazz_08,jazz,style_swap,nan,0.894906,0.483703,0.749487,0.755327,0.6871318852057345,0.7093653333333333
jazz_09::control::ctrl,jazz_09,jazz,control,0.0,1.0,1.0,1.0,0.75322,1.0,1.0
jazz_09::pitch_shift::-4st,jazz_09,jazz,pitch_shift,-4.0,0.993584,0.520334,0.985295,0.669297,0.7986399378926803,0.8330709999999999
jazz_09::pitch_shift::-2st,jazz_09,jazz,pitch_shift,-2.0,0.993845,0.66826,0.995466,0.654154,0.8711578444137438,0.8858569999999999
jazz_09::pitch_shift::-1st,jazz_09,jazz,pitch_shift,-1.0,0.994509,0.797509,0.987305,0.708389,0.9217190191104743,0.926441
jazz_09::pitch_shift::+1st,jazz_09,jazz,pitch_shift,1.0,0.994988,0.872111,0.986779,0.717206,0.9495908078546333,0.9512926666666666
jazz_09::pitch_shift::+2st,jazz_09,jazz,pitch_shift,2.0,0.992944,0.778236,0.994882,0.68462,0.9160852319369153,0.9220206666666666
jazz_09::pitch_shift::+4st,jazz_09,jazz,pitch_shift,4.0,0.993704,0.680063,0.99351,0.69586,0.8756411094939015,0.8890923333333333
jazz_09::time_stretch::-20pct,jazz_09,jazz,time_stretch,-20.0,0.999838,0.8741,0.929122,0.723033,0.9329416902859666,0.9343533333333334
jazz_09::time_stretch::-10pct,jazz_09,jazz,time_stretch,-10.0,0.999756,0.887672,0.92516,0.716772,0.9363850312273553,0.9375293333333332
jazz_09::time_stretch::-5pct,jazz_09,jazz,time_stretch,-5.0,0.99976,0.934595,0.936289,0.720375,0.95640765547046,0.9568813333333333
jazz_09::time_stretch::+5pct,jazz_09,jazz,time_stretch,5.0,0.999829,0.907638,0.950918,0.719434,0.9520516043939627,0.952795
jazz_09::time_stretch::+10pct,jazz_09,jazz,time_stretch,10.0,0.999653,0.883696,0.937995,0.710321,0.9392565422101777,0.940448
jazz_09::time_stretch::+20pct,jazz_09,jazz,time_stretch,20.0,0.999401,0.893079,0.924442,0.716772,0.9379285920106595,0.938974
jazz_09::lowpass::lp8000,jazz_09,jazz,lowpass,8000.0,1.0,0.394304,0.991235,0.753181,0.7311434668692093,0.7951796666666666
jazz_09::lowpass::lp4000,jazz_09,jazz,lowpass,4000.0,0.999786,0.401189,0.985243,0.704597,0.7338373439188596,0.795406
jazz_09::lowpass::lp2000,jazz_09,jazz,lowpass,2000.0,0.999513,0.369264,0.983942,0.65148,0.7134523486431363,0.7842396666666667
jazz_09::distortion::drv4,jazz_09,jazz,distortion,4.0,0.999959,0.945587,0.999863,0.739988,0.9814647992192082,0.981803
jazz_09::distortion::drv12,jazz_09,jazz,distortion,12.0,0.999751,0.626862,0.989583,0.691262,0.8527832712779647,0.8720653333333332
jazz_09::distortion::drv32,jazz_09,jazz,distortion,32.0,0.999888,0.458302,0.984396,0.640767,0.7669333964041163,0.8141953333333333
jazz_09::style_swap::swap_cross,jazz_09,jazz,style_swap,nan,0.952617,0.47284,0.906479,0.609758,0.7418739037065896,0.777312
jazz_09::style_swap::swap_same,jazz_09,jazz,style_swap,nan,0.97399,0.516828,0.950124,0.611811,0.7820363502831953,0.8136473333333333
jazz_10::control::ctrl,jazz_10,jazz,control,0.0,1.0,1.0,1.0,0.860866,1.0,1.0
jazz_10::pitch_shift::-4st,jazz_10,jazz,pitch_shift,-4.0,0.991669,0.604374,0.988523,0.874829,0.8398848798018415,0.8615219999999999
jazz_10::pitch_shift::-2st,jazz_10,jazz,pitch_shift,-2.0,0.994542,0.789217,0.994306,0.865171,0.9206895347325105,0.9260216666666665
jazz_10::pitch_shift::-1st,jazz_10,jazz,pitch_shift,-1.0,0.993901,0.890315,0.996255,0.865165,0.9588539110151585,0.9601569999999999
jazz_10::pitch_shift::+1st,jazz_10,jazz,pitch_shift,1.0,0.994183,0.918462,0.994879,0.861068,0.968499192761733,0.9691746666666666
jazz_10::pitch_shift::+2st,jazz_10,jazz,pitch_shift,2.0,0.990314,0.860741,0.992262,0.875253,0.9457084211731349,0.9477723333333332
jazz_10::pitch_shift::+4st,jazz_10,jazz,pitch_shift,4.0,0.979486,0.780678,0.983654,0.851311,0.9094332853144265,0.9146059999999999
jazz_10::time_stretch::-20pct,jazz_10,jazz,time_stretch,-20.0,0.998611,0.896049,0.699548,0.834058,0.8554248746018662,0.864736
jazz_10::time_stretch::-10pct,jazz_10,jazz,time_stretch,-10.0,0.999012,0.914031,0.747864,0.856854,0.8806123113475854,0.8869689999999999
jazz_10::time_stretch::-5pct,jazz_10,jazz,time_stretch,-5.0,0.999176,0.941274,0.789484,0.85374,0.9055250379141488,0.909978
jazz_10::time_stretch::+5pct,jazz_10,jazz,time_stretch,5.0,0.999464,0.947284,0.786308,0.858958,0.9063167727200633,0.9110186666666666
jazz_10::time_stretch::+10pct,jazz_10,jazz,time_stretch,10.0,0.998967,0.93055,0.764732,0.858152,0.8924831791958063,0.898083
jazz_10::time_stretch::+20pct,jazz_10,jazz,time_stretch,20.0,0.998482,0.921307,0.70256,0.862557,0.8645882789309974,0.8741163333333333
jazz_10::lowpass::lp8000,jazz_10,jazz,lowpass,8000.0,0.999996,0.475037,0.994423,0.863805,0.7788113767084001,0.8231519999999999
jazz_10::lowpass::lp4000,jazz_10,jazz,lowpass,4000.0,0.999996,0.465638,0.986251,0.821676,0.7715155993406915,0.8172949999999999
jazz_10::lowpass::lp2000,jazz_10,jazz,lowpass,2000.0,0.999998,0.445785,0.981971,0.781683,0.7592901189600412,0.8092513333333333
jazz_10::distortion::drv4,jazz_10,jazz,distortion,4.0,0.999712,0.871568,0.993246,0.854154,0.9529665764460199,0.954842
jazz_10::distortion::drv12,jazz_10,jazz,distortion,12.0,0.998882,0.708573,0.949376,0.797292,0.8758821555072728,0.8856103333333334
jazz_10::distortion::drv32,jazz_10,jazz,distortion,32.0,0.998055,0.590036,0.947198,0.726889,0.823173256335425,0.8450963333333333
jazz_10::style_swap::swap_cross,jazz_10,jazz,style_swap,nan,0.924891,0.411552,0.674367,0.536714,0.635531664159511,0.6702699999999999
jazz_10::style_swap::swap_same,jazz_10,jazz,style_swap,nan,0.976866,0.54437,0.789484,0.755721,0.7487856338632177,0.7702399999999999
jazz_11::control::ctrl,jazz_11,jazz,control,0.0,1.0,1.0,1.0,0.869773,1.0,1.0
jazz_11::pitch_shift::-4st,jazz_11,jazz,pitch_shift,-4.0,0.947244,0.52485,0.990842,0.749957,0.7897697415994361,0.8209786666666666
jazz_11::pitch_shift::-2st,jazz_11,jazz,pitch_shift,-2.0,0.973787,0.687445,0.995179,0.830234,0.8733755793664527,0.8854703333333332
jazz_11::pitch_shift::-1st,jazz_11,jazz,pitch_shift,-1.0,0.956299,0.822674,0.99663,0.848596,0.922115119853863,0.9252009999999999
jazz_11::pitch_shift::+1st,jazz_11,jazz,pitch_shift,1.0,0.961908,0.874756,0.994828,0.848028,0.9424453058776978,0.9438306666666666
jazz_11::pitch_shift::+2st,jazz_11,jazz,pitch_shift,2.0,0.971474,0.774948,0.992127,0.843193,0.9073127297522646,0.9128496666666666
jazz_11::pitch_shift::+4st,jazz_11,jazz,pitch_shift,4.0,0.943951,0.677111,0.983714,0.81728,0.8566946552426992,0.8682586666666666
jazz_11::time_stretch::-20pct,jazz_11,jazz,time_stretch,-20.0,0.998424,0.875785,0.618537,0.859247,0.814753183465597,0.8309153333333333
jazz_11::time_stretch::-10pct,jazz_11,jazz,time_stretch,-10.0,0.998522,0.895161,0.694953,0.87519,0.8532403953163382,0.8628786666666666
jazz_11::time_stretch::-5pct,jazz_11,jazz,time_stretch,-5.0,0.998886,0.927578,0.735504,0.868148,0.8800022886162702,0.8873226666666667
jazz_11::time_stretch::+5pct,jazz_11,jazz,time_stretch,5.0,0.999272,0.937048,0.755659,0.862748,0.8910945864277479,0.8973263333333332
jazz_11::time_stretch::+10pct,jazz_11,jazz,time_stretch,10.0,0.998291,0.920859,0.69856,0.865939,0.8627494059897953,0.87257
jazz_11::time_stretch::+20pct,jazz_11,jazz,time_stretch,20.0,0.996398,0.877369,0.647095,0.846973,0.8270423056571293,0.8402873333333333
jazz_11::lowpass::lp8000,jazz_11,jazz,lowpass,8000.0,1.0,0.457968,0.993689,0.879257,0.7691809832913107,0.8172189999999999
jazz_11::lowpass::lp4000,jazz_11,jazz,lowpass,4000.0,1.0,0.45155,0.97965,0.813058,0.7619484614944921,0.8104
jazz_11::lowpass::lp2000,jazz_11,jazz,lowpass,2000.0,0.999991,0.440529,0.959965,0.791932,0.7506001805922009,0.8001616666666667
jazz_11::distortion::drv4,jazz_11,jazz,distortion,4.0,0.999738,0.654194,0.988778,0.824373,0.8647631679431894,0.8809033333333334
jazz_11::distortion::drv12,jazz_11,jazz,distortion,12.0,0.998933,0.520993,0.972786,0.745876,0.7970064819171737,0.830904
jazz_11::distortion::drv32,jazz_11,jazz,distortion,32.0,0.998474,0.460108,0.9499,0.703186,0.7585044694803216,0.8028273333333333
jazz_11::style_swap::swap_cross,jazz_11,jazz,style_swap,nan,0.957214,0.528654,0.786424,0.646518,0.7355504086253581,0.7574306666666666
jazz_11::style_swap::swap_same,jazz_11,jazz,style_swap,nan,0.978943,0.571893,0.644919,0.826714,0.7120750778034086,0.7319183333333333
jazz_12::control::ctrl,jazz_12,jazz,control,0.0,1.0,1.0,1.0,0.858757,1.0,1.0
jazz_12::pitch_shift::-4st,jazz_12,jazz,pitch_shift,-4.0,0.930824,0.55645,0.984024,0.815317,0.7987909515538497,0.823766
jazz_12::pitch_shift::-2st,jazz_12,jazz,pitch_shift,-2.0,0.952902,0.698436,0.991839,0.850214,0.8707069519923003,0.8810589999999999
jazz_12::pitch_shift::-1st,jazz_12,jazz,pitch_shift,-1.0,0.961212,0.823336,0.995201,0.832644,0.9234974437197164,0.9265829999999999
jazz_12::pitch_shift::+1st,jazz_12,jazz,pitch_shift,1.0,0.957574,0.833769,0.992788,0.827703,0.9254611726928256,0.9280436666666666
jazz_12::pitch_shift::+2st,jazz_12,jazz,pitch_shift,2.0,0.945027,0.728359,0.985959,0.844091,0.8787854434096256,0.8864483333333333
jazz_12::pitch_shift::+4st,jazz_12,jazz,pitch_shift,4.0,0.927212,0.638955,0.969436,0.816332,0.8312330833148417,0.845201
jazz_12::time_stretch::-20pct,jazz_12,jazz,time_stretch,-20.0,0.99026,0.753253,0.43562,0.845612,0.6874893462891816,0.7263776666666666
jazz_12::time_stretch::-10pct,jazz_12,jazz,time_stretch,-10.0,0.995469,0.889317,0.563049,0.851531,0.7928849515709766,0.8159449999999999
jazz_12::time_stretch::-5pct,jazz_12,jazz,time_stretch,-5.0,0.993,0.932176,0.619823,0.851316,0.8309437351573918,0.8483329999999999
jazz_12::time_stretch::+5pct,jazz_12,jazz,time_stretch,5.0,0.995684,0.936975,0.614296,0.851895,0.8306327933544391,0.8489849999999999
jazz_12::time_stretch::+10pct,jazz_12,jazz,time_stretch,10.0,0.995311,0.906536,0.524673,0.859318,0.7793709098023548,0.8088399999999999
jazz_12::time_stretch::+20pct,jazz_12,jazz,time_stretch,20.0,0.993478,0.846854,0.451194,0.839586,0.7240635819593791,0.7638419999999999
jazz_12::lowpass::lp8000,jazz_12,jazz,lowpass,8000.0,0.999807,0.517995,0.996044,0.856904,0.8019982515816504,0.8379486666666667
jazz_12::lowpass::lp4000,jazz_12,jazz,lowpass,4000.0,0.999978,0.490035,0.983789,0.764088,0.7841030970231411,0.8246006666666666
jazz_12::lowpass::lp2000,jazz_12,jazz,lowpass,2000.0,0.99851,0.474519,0.620515,0.739977,0.664945579439139,0.697848
jazz_12::distortion::drv4,jazz_12,jazz,distortion,4.0,0.999785,0.79527,0.994876,0.832114,0.9248331540657602,0.929977
jazz_12::distortion::drv12,jazz_12,jazz,distortion,12.0,0.995536,0.640309,0.978926,0.705058,0.85453950803511,0.8715903333333332
jazz_12::distortion::drv32,jazz_12,jazz,distortion,32.0,0.995451,0.555792,0.950169,0.578775,0.8070696425410662,0.833804
jazz_12::style_swap::swap_cross,jazz_12,jazz,style_swap,nan,0.906809,0.485037,0.395582,0.558876,0.5582675751644849,0.5958093333333333
jazz_12::style_swap::swap_same,jazz_12,jazz,style_swap,nan,0.968208,0.46972,0.467118,0.522573,0.5966845241001701,0.6350153333333333
jazz_13::control::ctrl,jazz_13,jazz,control,0.0,1.0,1.0,1.0,0.913895,1.0,1.0
jazz_13::pitch_shift::-4st,jazz_13,jazz,pitch_shift,-4.0,0.857157,0.628575,0.990606,0.864783,0.8111592869564508,0.8254459999999999
jazz_13::pitch_shift::-2st,jazz_13,jazz,pitch_shift,-2.0,0.918786,0.766421,0.994031,0.899468,0.8878928618239292,0.8930793333333333
jazz_13::pitch_shift::-1st,jazz_13,jazz,pitch_shift,-1.0,0.965609,0.870787,0.996039,0.889855,0.9426052662558754,0.944145
jazz_13::pitch_shift::+1st,jazz_13,jazz,pitch_shift,1.0,0.965989,0.889366,0.992753,0.902497,0.9483412407434278,0.9493693333333333
jazz_13::pitch_shift::+2st,jazz_13,jazz,pitch_shift,2.0,0.907409,0.812854,0.986246,0.911959,0.8993601246746917,0.9021696666666665
jazz_13::pitch_shift::+4st,jazz_13,jazz,pitch_shift,4.0,0.840885,0.704617,0.978284,0.902636,0.8337801617764888,0.841262
jazz_13::time_stretch::-20pct,jazz_13,jazz,time_stretch,-20.0,0.998527,0.848472,0.556853,0.876176,0.7784773187899658,0.801284
jazz_13::time_stretch::-10pct,jazz_13,jazz,time_stretch,-10.0,0.99888,0.879729,0.623756,0.883316,0.8183875001698117,0.8341216666666667
jazz_13::time_stretch::-5pct,jazz_13,jazz,time_stretch,-5.0,0.998961,0.926213,0.71901,0.892187,0.8729675735853737,0.8813946666666665
jazz_13::time_stretch::+5pct,jazz_13,jazz,time_stretch,5.0,0.998978,0.925813,0.684768,0.896514,0.8587647680353856,0.869853
jazz_13::time_stretch::+10pct,jazz_13,jazz,time_stretch,10.0,0.997666,0.89973,0.632258,0.903019,0.8279368935727125,0.843218
jazz_13::time_stretch::+20pct,jazz_13,jazz,time_stretch,20.0,0.99475,0.871949,0.568804,0.903825,0.7901736768083215,0.8118343333333333
jazz_13::lowpass::lp8000,jazz_13,jazz,lowpass,8000.0,1.0,0.614482,0.99716,0.920144,0.8493590883162218,0.8705473333333333
jazz_13::lowpass::lp4000,jazz_13,jazz,lowpass,4000.0,1.0,0.541464,0.990086,0.887335,0.8123580758644194,0.84385
jazz_13::lowpass::lp2000,jazz_13,jazz,lowpass,2000.0,0.999995,0.474856,0.93947,0.850626,0.7640953526693895,0.8047736666666666
jazz_13::distortion::drv4,jazz_13,jazz,distortion,4.0,0.999466,0.794882,0.99447,0.91816,0.9244585807895551,0.9296059999999999
jazz_13::distortion::drv12,jazz_13,jazz,distortion,12.0,0.995084,0.653927,0.978025,0.763696,0.860160819117596,0.8756786666666667
jazz_13::distortion::drv32,jazz_13,jazz,distortion,32.0,0.991993,0.567285,0.955914,0.564704,0.8132852764435586,0.8383973333333333
jazz_13::style_swap::swap_cross,jazz_13,jazz,style_swap,nan,0.80875,0.501906,0.514836,0.585862,0.5934286770948367,0.6084973333333332
jazz_13::style_swap::swap_same,jazz_13,jazz,style_swap,nan,0.930396,0.449679,0.595873,0.518592,0.6293729154188491,0.6586493333333333
jazz_14::control::ctrl,jazz_14,jazz,control,0.0,1.0,1.0,1.0,0.851425,1.0,1.0
jazz_14::pitch_shift::-4st,jazz_14,jazz,pitch_shift,-4.0,0.933915,0.590701,0.964245,0.786143,0.8102533167691306,0.8296203333333334
jazz_14::pitch_shift::-2st,jazz_14,jazz,pitch_shift,-2.0,0.937529,0.695664,0.971491,0.805457,0.8588968444876715,0.868228
jazz_14::pitch_shift::-1st,jazz_14,jazz,pitch_shift,-1.0,0.962787,0.821173,0.998017,0.792512,0.9240616343131132,0.9273256666666667
jazz_14::pitch_shift::+1st,jazz_14,jazz,pitch_shift,1.0,0.966039,0.801514,0.971776,0.825113,0.909544559487435,0.9131096666666666
jazz_14::pitch_shift::+2st,jazz_14,jazz,pitch_shift,2.0,0.949169,0.698654,0.968443,0.812437,0.8627664594333078,0.8720886666666666
jazz_14::pitch_shift::+4st,jazz_14,jazz,pitch_shift,4.0,0.932713,0.58597,0.957434,0.787879,0.805831214152788,0.8253723333333333
jazz_14::time_stretch::-20pct,jazz_14,jazz,time_stretch,-20.0,0.997752,0.858124,0.727825,0.852864,0.8541481570686547,0.8612336666666667
jazz_14::time_stretch::-10pct,jazz_14,jazz,time_stretch,-10.0,0.998975,0.890727,0.779534,0.842808,0.8852068506616425,0.8897453333333332
jazz_14::time_stretch::-5pct,jazz_14,jazz,time_stretch,-5.0,0.997459,0.932674,0.818321,0.856533,0.9130955086988572,0.9161513333333333
jazz_14::time_stretch::+5pct,jazz_14,jazz,time_stretch,5.0,0.997984,0.947918,0.71926,0.844261,0.8795490944492734,0.8883873333333333
jazz_14::time_stretch::+10pct,jazz_14,jazz,time_stretch,10.0,0.99867,0.927762,0.722298,0.818617,0.8746984001652962,0.8829099999999999
jazz_14::time_stretch::+20pct,jazz_14,jazz,time_stretch,20.0,0.998893,0.913798,0.744742,0.853333,0.8792755695136211,0.8858109999999999
jazz_14::lowpass::lp8000,jazz_14,jazz,lowpass,8000.0,0.999982,0.686754,0.998291,0.861497,0.8817595634952026,0.8950089999999999
jazz_14::lowpass::lp4000,jazz_14,jazz,lowpass,4000.0,0.999909,0.527779,0.992664,0.835214,0.8061297552203349,0.8401173333333333
jazz_14::lowpass::lp2000,jazz_14,jazz,lowpass,2000.0,0.999956,0.452628,0.986559,0.773591,0.7643315556453812,0.8130476666666666
jazz_14::distortion::drv4,jazz_14,jazz,distortion,4.0,0.999706,0.712523,0.969466,0.832152,0.8838961787090176,0.8938983333333334
jazz_14::distortion::drv12,jazz_14,jazz,distortion,12.0,0.998455,0.571102,0.955522,0.695957,0.8167596781319505,0.841693
jazz_14::distortion::drv32,jazz_14,jazz,distortion,32.0,0.996809,0.513077,0.96126,0.597771,0.7892449093093035,0.8237153333333332
jazz_14::style_swap::swap_cross,jazz_14,jazz,style_swap,nan,0.920173,0.460066,0.773476,0.508909,0.6892532498948569,0.717905
jazz_14::style_swap::swap_same,jazz_14,jazz,style_swap,nan,0.961866,0.467382,0.815302,0.771601,0.7156516682145192,0.7481833333333332
jazz_15::control::ctrl,jazz_15,jazz,control,0.0,1.0,1.0,1.0,0.729589,1.0,1.0
jazz_15::pitch_shift::-4st,jazz_15,jazz,pitch_shift,-4.0,0.820339,0.553332,0.993068,0.607311,0.7667481047430872,0.788913
jazz_15::pitch_shift::-2st,jazz_15,jazz,pitch_shift,-2.0,0.909927,0.659108,0.994307,0.650093,0.841707526430576,0.8544473333333333
jazz_15::pitch_shift::-1st,jazz_15,jazz,pitch_shift,-1.0,0.7856,0.768366,0.995505,0.678302,0.8438612019619985,0.8498236666666665
jazz_15::pitch_shift::+1st,jazz_15,jazz,pitch_shift,1.0,0.779683,0.774167,0.995931,0.688846,0.8439706106590258,0.849927
jazz_15::pitch_shift::+2st,jazz_15,jazz,pitch_shift,2.0,0.88578,0.681081,0.994477,0.678302,0.8434120330061444,0.8537793333333333
jazz_15::pitch_shift::+4st,jazz_15,jazz,pitch_shift,4.0,0.794101,0.551112,0.992303,0.654349,0.7572744512261506,0.779172
jazz_15::time_stretch::-20pct,jazz_15,jazz,time_stretch,-20.0,0.99785,0.753567,0.754556,0.701322,0.8278650278324912,0.8353243333333333
jazz_15::time_stretch::-10pct,jazz_15,jazz,time_stretch,-10.0,0.997344,0.83905,0.805238,0.717332,0.8767027338809269,0.8805439999999999
jazz_15::time_stretch::-5pct,jazz_15,jazz,time_stretch,-5.0,0.998597,0.873798,0.844847,0.741501,0.9033577814096803,0.9057473333333332
jazz_15::time_stretch::+5pct,jazz_15,jazz,time_stretch,5.0,0.999443,0.864574,0.847523,0.68733,0.9013716576147272,0.9038466666666666
jazz_15::time_stretch::+10pct,jazz_15,jazz,time_stretch,10.0,0.998463,0.871353,0.825396,0.708495,0.8954942924860314,0.898404
jazz_15::time_stretch::+20pct,jazz_15,jazz,time_stretch,20.0,0.9971,0.856363,0.772911,0.680721,0.8706468500679796,0.875458
jazz_15::lowpass::lp8000,jazz_15,jazz,lowpass,8000.0,0.999998,0.965446,0.999997,0.738285,0.988345081524123,0.9884803333333334
jazz_15::lowpass::lp4000,jazz_15,jazz,lowpass,4000.0,0.999989,0.777753,0.999673,0.732875,0.9195280039047978,0.925805
jazz_15::lowpass::lp2000,jazz_15,jazz,lowpass,2000.0,0.999987,0.507678,0.998792,0.711016,0.7974177851834857,0.8354856666666666
jazz_15::distortion::drv4,jazz_15,jazz,distortion,4.0,0.999636,0.730561,0.998351,0.687727,0.9000373726110442,0.909516
jazz_15::distortion::drv12,jazz_15,jazz,distortion,12.0,0.996427,0.507365,0.965091,0.682232,0.7872477336985628,0.8229609999999999
jazz_15::distortion::drv32,jazz_15,jazz,distortion,32.0,0.991463,0.4543,0.959982,0.645431,0.7561839341340973,0.8019149999999999
jazz_15::style_swap::swap_cross,jazz_15,jazz,style_swap,nan,0.921302,0.394224,0.805238,0.64062,0.6637783938082035,0.7069213333333333
jazz_15::style_swap::swap_same,jazz_15,jazz,style_swap,nan,0.88836,0.39054,0.782155,0.708327,0.6474145384370222,0.6870183333333333
rock_01::control::ctrl,rock_01,rock,control,0.0,1.0,0.999942,1.0,0.852123,0.9999806662928769,0.9999806666666666
rock_01::pitch_shift::-4st,rock_01,rock,pitch_shift,-4.0,0.813833,0.557216,0.979701,0.749739,0.763046155511031,0.7835833333333333
rock_01::pitch_shift::-2st,rock_01,rock,pitch_shift,-2.0,0.879642,0.679588,0.990183,0.790236,0.8396321151478054,0.8498043333333333
rock_01::pitch_shift::-1st,rock_01,rock,pitch_shift,-1.0,0.838643,0.812859,0.99282,0.800226,0.8779860603847717,0.8814406666666667
rock_01::pitch_shift::+1st,rock_01,rock,pitch_shift,1.0,0.848026,0.843843,0.991541,0.810633,0.8919225940784027,0.8944699999999999
rock_01::pitch_shift::+2st,rock_01,rock,pitch_shift,2.0,0.881178,0.759704,0.988635,0.797864,0.8714611149324878,0.8765056666666666
rock_01::pitch_shift::+4st,rock_01,rock,pitch_shift,4.0,0.816739,0.645763,0.977506,0.664383,0.8018478355061006,0.813336
rock_01::time_stretch::-20pct,rock_01,rock,time_stretch,-20.0,0.994147,0.882204,0.57789,0.83712,0.7972997037879298,0.8180803333333333
rock_01::time_stretch::-10pct,rock_01,rock,time_stretch,-10.0,0.99897,0.902,0.643533,0.847076,0.8338922455232366,0.8481676666666667
rock_01::time_stretch::-5pct,rock_01,rock,time_stretch,-5.0,0.998823,0.915492,0.706095,0.850757,0.864308415017647,0.87347
rock_01::time_stretch::+5pct,rock_01,rock,time_stretch,5.0,0.999098,0.914686,0.701311,0.836851,0.8621779746789916,0.8716983333333332
rock_01::time_stretch::+10pct,rock_01,rock,time_stretch,10.0,0.997581,0.882312,0.651366,0.829793,0.830740047101528,0.843753
rock_01::time_stretch::+20pct,rock_01,rock,time_stretch,20.0,0.995819,0.822715,0.584485,0.86548,0.7823499598911934,0.8010063333333333
rock_01::lowpass::lp8000,rock_01,rock,lowpass,8000.0,1.0,0.474364,0.991089,0.857176,0.7775735147705474,0.8218176666666666
rock_01::lowpass::lp4000,rock_01,rock,lowpass,4000.0,0.999999,0.425397,0.878785,0.760955,0.7203754014653239,0.7680603333333333
rock_01::lowpass::lp2000,rock_01,rock,lowpass,2000.0,0.999956,0.398225,0.840811,0.680278,0.6943886263794105,0.7463306666666666
rock_01::distortion::drv4,rock_01,rock,distortion,4.0,0.999287,0.774377,0.981845,0.777299,0.912490892739006,0.918503
rock_01::distortion::drv12,rock_01,rock,distortion,12.0,0.996281,0.570771,0.947007,0.620318,0.8135775925313157,0.8380196666666666
rock_01::distortion::drv32,rock_01,rock,distortion,32.0,0.994382,0.488409,0.854443,0.563018,0.7458875122521406,0.7790779999999999
rock_01::style_swap::swap_cross,rock_01,rock,style_swap,nan,0.902871,0.43894,0.634166,0.498722,0.6310705871322679,0.658659
rock_01::style_swap::swap_same,rock_01,rock,style_swap,nan,0.945281,0.401226,0.731973,0.705768,0.6523515313414759,0.6928266666666667
rock_02::control::ctrl,rock_02,rock,control,0.0,1.0,1.0,1.0,0.804026,1.0,1.0
rock_02::pitch_shift::-4st,rock_02,rock,pitch_shift,-4.0,0.925931,0.434769,0.749235,0.774874,0.6706332530324356,0.7033116666666667
rock_02::pitch_shift::-2st,rock_02,rock,pitch_shift,-2.0,0.967372,0.592148,0.979024,0.769596,0.8246551445697116,0.8461813333333332
rock_02::pitch_shift::-1st,rock_02,rock,pitch_shift,-1.0,0.976893,0.749597,0.983371,0.761729,0.8963220450140795,0.903287
rock_02::pitch_shift::+1st,rock_02,rock,pitch_shift,1.0,0.981755,0.800876,0.984115,0.762227,0.9180607440086712,0.9222486666666667
rock_02::pitch_shift::+2st,rock_02,rock,pitch_shift,2.0,0.975692,0.730319,0.978986,0.769174,0.8868849289791244,0.894999
rock_02::pitch_shift::+4st,rock_02,rock,pitch_shift,4.0,0.929742,0.635438,0.976935,0.757324,0.8325949401807193,0.8473716666666666
rock_02::time_stretch::-20pct,rock_02,rock,time_stretch,-20.0,0.998551,0.855249,0.756893,0.809949,0.8646342567349954,0.870231
rock_02::time_stretch::-10pct,rock_02,rock,time_stretch,-10.0,0.998651,0.85932,0.650501,0.789306,0.8233899145898688,0.8361573333333332
rock_02::time_stretch::-5pct,rock_02,rock,time_stretch,-5.0,0.999315,0.877984,0.752447,0.785791,0.8707396233362444,0.876582
rock_02::time_stretch::+5pct,rock_02,rock,time_stretch,5.0,0.998863,0.85808,0.748891,0.802308,0.8626158605586344,0.8686113333333333
rock_02::time_stretch::+10pct,rock_02,rock,time_stretch,10.0,0.999028,0.863816,0.707762,0.789644,0.8484548085124695,0.8568686666666667
rock_02::time_stretch::+20pct,rock_02,rock,time_stretch,20.0,0.996639,0.858657,0.650501,0.799784,0.8226249050593021,0.8352656666666667
rock_02::lowpass::lp8000,rock_02,rock,lowpass,8000.0,1.0,0.421983,0.775742,0.793862,0.6891875450187481,0.732575
rock_02::lowpass::lp4000,rock_02,rock,lowpass,4000.0,0.999968,0.435369,0.768712,0.791629,0.694281759026536,0.734683
rock_02::lowpass::lp2000,rock_02,rock,lowpass,2000.0,0.999983,0.408411,0.756543,0.744377,0.6760433652904838,0.7216456666666666
rock_02::distortion::drv4,rock_02,rock,distortion,4.0,0.999895,0.597362,0.774171,0.765171,0.7732910124584892,0.790476
rock_02::distortion::drv12,rock_02,rock,distortion,12.0,0.999632,0.461474,0.722792,0.746008,0.693426191695755,0.727966
rock_02::distortion::drv32,rock_02,rock,distortion,32.0,0.9994,0.427758,0.661058,0.726292,0.6562344370287704,0.6960719999999999
rock_02::style_swap::swap_cross,rock_02,rock,style_swap,nan,0.929088,0.524234,0.636276,0.537869,0.6767202812556465,0.6965326666666666
rock_02::style_swap::swap_same,rock_02,rock,style_swap,nan,0.990037,0.517629,0.690209,0.68928,0.7072129659030912,0.732625
rock_03::control::ctrl,rock_03,rock,control,0.0,0.999823,0.943625,0.999858,0.863036,0.9807394139742864,0.9811019999999999
rock_03::pitch_shift::-4st,rock_03,rock,pitch_shift,-4.0,0.949724,0.602721,0.989028,0.796043,0.82725761663553,0.8471576666666666
rock_03::pitch_shift::-2st,rock_03,rock,pitch_shift,-2.0,0.977116,0.765816,0.993807,0.876354,0.9059916686124626,0.9122463333333333
rock_03::pitch_shift::-1st,rock_03,rock,pitch_shift,-1.0,0.986346,0.863648,0.99565,0.866963,0.9465805702871751,0.948548
rock_03::pitch_shift::+1st,rock_03,rock,pitch_shift,1.0,0.987725,0.868074,0.993055,0.837612,0.9478116280073519,0.949618
rock_03::pitch_shift::+2st,rock_03,rock,pitch_shift,2.0,0.977977,0.77015,0.987473,0.833738,0.906031012894694,0.9118666666666666
rock_03::pitch_shift::+4st,rock_03,rock,pitch_shift,4.0,0.957036,0.645562,0.9744,0.767931,0.8443733209227858,0.8589993333333332
rock_03::time_stretch::-20pct,rock_03,rock,time_stretch,-20.0,0.998615,0.870737,0.53038,0.83515,0.7726048103598344,0.7999106666666667
rock_03::time_stretch::-10pct,rock_03,rock,time_stretch,-10.0,0.999768,0.880826,0.614639,0.851623,0.8149603701011848,0.8317443333333333
rock_03::time_stretch::-5pct,rock_03,rock,time_stretch,-5.0,0.998701,0.914959,0.685591,0.83495,0.8556590379985572,0.8664169999999999
rock_03::time_stretch::+5pct,rock_03,rock,time_stretch,5.0,0.9995,0.924344,0.678665,0.863452,0.8559018382500717,0.8675029999999999
rock_03::time_stretch::+10pct,rock_03,rock,time_stretch,10.0,0.999411,0.883936,0.614164,0.860841,0.8156110499972523,0.8325036666666666
rock_03::time_stretch::+20pct,rock_03,rock,time_stretch,20.0,0.99958,0.864175,0.549795,0.857807,0.780201319996556,0.8045166666666667
rock_03::lowpass::lp8000,rock_03,rock,lowpass,8000.0,0.998735,0.455113,0.998741,0.865981,0.7685535444896443,0.8175296666666667
rock_03::lowpass::lp4000,rock_03,rock,lowpass,4000.0,0.999979,0.437897,0.994185,0.795376,0.7578967044688901,0.8106869999999999
rock_03::lowpass::lp2000,rock_03,rock,lowpass,2000.0,0.999748,0.43203,0.691917,0.739645,0.6685791314858709,0.7078983333333333
rock_03::distortion::drv4,rock_03,rock,distortion,4.0,0.999644,0.666804,0.990538,0.841824,0.8707728915593217,0.885662
rock_03::distortion::drv12,rock_03,rock,distortion,12.0,0.999471,0.5492,0.676983,0.796268,0.7189403018849981,0.7418846666666666
rock_03::distortion::drv32,rock_03,rock,distortion,32.0,0.999376,0.507933,0.629428,0.774238,0.683639479053373,0.7122456666666667
rock_03::style_swap::swap_cross,rock_03,rock,style_swap,nan,0.965684,0.456104,0.585605,0.597394,0.6365529927612922,0.6691309999999999
rock_03::style_swap::swap_same,rock_03,rock,style_swap,nan,0.984031,0.447872,0.65355,0.650204,0.6604102985824051,0.695151
rock_04::control::ctrl,rock_04,rock,control,0.0,1.0,1.0,1.0,0.779956,1.0,1.0
rock_04::pitch_shift::-4st,rock_04,rock,pitch_shift,-4.0,0.993308,0.532255,0.974972,0.734213,0.801798566642973,0.8335116666666667
rock_04::pitch_shift::-2st,rock_04,rock,pitch_shift,-2.0,0.993437,0.69946,0.983079,0.764773,0.8807051674576734,0.891992
rock_04::pitch_shift::-1st,rock_04,rock,pitch_shift,-1.0,0.994962,0.807215,0.985566,0.775436,0.9250399238585221,0.9292476666666667
rock_04::pitch_shift::+1st,rock_04,rock,pitch_shift,1.0,0.995817,0.847557,0.984539,0.784721,0.94014272944109,0.9426376666666666
rock_04::pitch_shift::+2st,rock_04,rock,pitch_shift,2.0,0.993026,0.760707,0.979706,0.760071,0.9045333836447541,0.9111463333333332
rock_04::pitch_shift::+4st,rock_04,rock,pitch_shift,4.0,0.993258,0.632999,0.966859,0.728816,0.8471157308251132,0.8643719999999999
rock_04::time_stretch::-20pct,rock_04,rock,time_stretch,-20.0,0.999515,0.830355,0.561869,0.791958,0.7754659460380542,0.7972463333333333
rock_04::time_stretch::-10pct,rock_04,rock,time_stretch,-10.0,0.999477,0.856248,0.641402,0.793845,0.8187806328930869,0.8323756666666666
rock_04::time_stretch::-5pct,rock_04,rock,time_stretch,-5.0,0.999656,0.884215,0.705147,0.790524,0.8542061736188796,0.8630059999999999
rock_04::time_stretch::+5pct,rock_04,rock,time_stretch,5.0,0.999886,0.887352,0.530131,0.810704,0.7776960150954001,0.8057896666666666
rock_04::time_stretch::+10pct,rock_04,rock,time_stretch,10.0,0.999043,0.896665,0.542417,0.799429,0.7861689680693247,0.8127083333333333
rock_04::time_stretch::+20pct,rock_04,rock,time_stretch,20.0,0.99986,0.890977,0.568112,0.808069,0.7969172301728716,0.8196496666666666
rock_04::lowpass::lp8000,rock_04,rock,lowpass,8000.0,0.999999,0.422854,0.988926,0.787845,0.7477985200865881,0.8039263333333333
rock_04::lowpass::lp4000,rock_04,rock,lowpass,4000.0,0.999998,0.41205,0.916593,0.761662,0.7228394753933869,0.7762136666666667
rock_04::lowpass::lp2000,rock_04,rock,lowpass,2000.0,0.999971,0.411064,0.89751,0.686141,0.7172084237703529,0.769515
rock_04::distortion::drv4,rock_04,rock,distortion,4.0,0.999974,0.744737,0.70521,0.794273,0.8068076988236864,0.8166403333333333
rock_04::distortion::drv12,rock_04,rock,distortion,12.0,0.999856,0.522079,0.613956,0.75134,0.6843374542482746,0.7119636666666667
rock_04::distortion::drv32,rock_04,rock,distortion,32.0,0.999745,0.471436,0.589953,0.736728,0.652694268906039,0.6870446666666666
rock_04::style_swap::swap_cross,rock_04,rock,style_swap,nan,0.964222,0.453161,0.534822,0.595353,0.6159511572303912,0.650735
rock_04::style_swap::swap_same,rock_04,rock,style_swap,nan,0.980173,0.524115,0.533974,0.732868,0.6497552718025492,0.6794206666666666
rock_05::control::ctrl,rock_05,rock,control,0.0,1.0,1.0,1.0,0.79089,1.0,1.0
rock_05::pitch_shift::-4st,rock_05,rock,pitch_shift,-4.0,0.86355,0.509731,0.971146,0.654395,0.7533052952965735,0.7814756666666667
rock_05::pitch_shift::-2st,rock_05,rock,pitch_shift,-2.0,0.909335,0.649299,0.985501,0.652262,0.8348502281511699,0.8480449999999999
rock_05::pitch_shift::-1st,rock_05,rock,pitch_shift,-1.0,0.95157,0.800259,0.991201,0.728123,0.9104952408418134,0.9143433333333333
rock_05::pitch_shift::+1st,rock_05,rock,pitch_shift,1.0,0.964085,0.810858,0.988272,0.736828,0.9175833846658585,0.9210716666666666
rock_05::pitch_shift::+2st,rock_05,rock,pitch_shift,2.0,0.916303,0.697245,0.983853,0.67744,0.8566134920017545,0.8658003333333333
rock_05::pitch_shift::+4st,rock_05,rock,pitch_shift,4.0,0.876657,0.573219,0.962706,0.690088,0.7850210823382331,0.804194
rock_05::time_stretch::-20pct,rock_05,rock,time_stretch,-20.0,0.9987,0.864856,0.424745,0.764017,0.7158725490974432,0.762767
rock_05::time_stretch::-10pct,rock_05,rock,time_stretch,-10.0,0.997697,0.887121,0.525284,0.753348,0.774685153451521,0.8033673333333333
rock_05::time_stretch::-5pct,rock_05,rock,time_stretch,-5.0,0.997982,0.928636,0.585699,0.777592,0.8157321304480676,0.837439
rock_05::time_stretch::+5pct,rock_05,rock,time_stretch,5.0,0.999398,0.943844,0.621215,0.799958,0.8368100287798623,0.854819
rock_05::time_stretch::+10pct,rock_05,rock,time_stretch,10.0,0.998213,0.918891,0.574654,0.780577,0.8077889062070639,0.8305859999999999
rock_05::time_stretch::+20pct,rock_05,rock,time_stretch,20.0,0.998722,0.89037,0.456249,0.786925,0.740296484343725,0.7817803333333333
rock_05::lowpass::lp8000,rock_05,rock,lowpass,8000.0,0.999536,0.509873,0.984144,0.776751,0.7945228067886425,0.8311843333333333
rock_05::lowpass::lp4000,rock_05,rock,lowpass,4000.0,0.999417,0.438412,0.944909,0.713303,0.7453147514692136,0.794246
rock_05::lowpass::lp2000,rock_05,rock,lowpass,2000.0,0.999939,0.409549,0.923085,0.653779,0.7230589235679147,0.7775243333333333
rock_05::distortion::drv4,rock_05,rock,distortion,4.0,0.99681,0.704477,0.97795,0.690384,0.882264121977403,0.893079
rock_05::distortion::drv12,rock_05,rock,distortion,12.0,0.993765,0.53224,0.937684,0.647161,0.7915576873920305,0.8212296666666666
rock_05::distortion::drv32,rock_05,rock,distortion,32.0,0.99245,0.470004,0.862427,0.617796,0.7382058993782686,0.7749603333333333
rock_05::style_swap::swap_cross,rock_05,rock,style_swap,nan,0.884864,0.394601,0.513749,0.561071,0.5639776573047468,0.597738
rock_05::style_swap::swap_same,rock_05,rock,style_swap,nan,0.920233,0.446908,0.474134,0.583036,0.5798811754449832,0.6137583333333333
rock_06::control::ctrl,rock_06,rock,control,0.0,1.0,1.0,1.0,0.827588,1.0,1.0
rock_06::pitch_shift::-4st,rock_06,rock,pitch_shift,-4.0,0.938169,0.521115,0.982013,0.776489,0.7830280080715142,0.8137656666666666
rock_06::pitch_shift::-2st,rock_06,rock,pitch_shift,-2.0,0.931284,0.707105,0.990296,0.826126,0.8671822067122453,0.8762283333333333
rock_06::pitch_shift::-1st,rock_06,rock,pitch_shift,-1.0,0.948093,0.808971,0.993092,0.829926,0.9132530379823279,0.9167186666666666
rock_06::pitch_shift::+1st,rock_06,rock,pitch_shift,1.0,0.947738,0.831831,0.989724,0.83795,0.9206173719380127,0.9230976666666666
rock_06::pitch_shift::+2st,rock_06,rock,pitch_shift,2.0,0.93015,0.775342,0.984504,0.808334,0.8921158631919874,0.8966653333333333
rock_06::pitch_shift::+4st,rock_06,rock,pitch_shift,4.0,0.949607,0.677082,0.970006,0.785692,0.8543841810437619,0.8655649999999999
rock_06::time_stretch::-20pct,rock_06,rock,time_stretch,-20.0,0.99843,0.828538,0.494202,0.844943,0.7421838800091094,0.7737233333333333
rock_06::time_stretch::-10pct,rock_06,rock,time_stretch,-10.0,0.999561,0.847482,0.599483,0.819586,0.797821163620198,0.8155086666666667
rock_06::time_stretch::-5pct,rock_06,rock,time_stretch,-5.0,0.999366,0.862797,0.679969,0.816042,0.8369652687928923,0.8473773333333333
rock_06::time_stretch::+5pct,rock_06,rock,time_stretch,5.0,0.999392,0.890315,0.679505,0.827542,0.8455852627337166,0.8564039999999999
rock_06::time_stretch::+10pct,rock_06,rock,time_stretch,10.0,0.997144,0.861088,0.589361,0.829908,0.7968849112906405,0.8158643333333333
rock_06::time_stretch::+20pct,rock_06,rock,time_stretch,20.0,0.999165,0.879936,0.512217,0.832921,0.7665034176188891,0.797106
rock_06::lowpass::lp8000,rock_06,rock,lowpass,8000.0,0.999997,0.424493,0.996572,0.832415,0.7506877063361371,0.8070206666666666
rock_06::lowpass::lp4000,rock_06,rock,lowpass,4000.0,0.999986,0.439439,0.992414,0.799458,0.7583362208382285,0.810613
rock_06::lowpass::lp2000,rock_06,rock,lowpass,2000.0,0.998553,0.415651,0.985587,0.752847,0.7423322109015814,0.7999303333333333
rock_06::distortion::drv4,rock_06,rock,distortion,4.0,0.999869,0.784771,0.992653,0.820667,0.9200847581687301,0.9257643333333333
rock_06::distortion::drv12,rock_06,rock,distortion,12.0,0.999664,0.533638,0.956995,0.812945,0.7992270170812358,0.8300989999999999
rock_06::distortion::drv32,rock_06,rock,distortion,32.0,0.999508,0.461691,0.89171,0.797088,0.7437958885812591,0.784303
rock_06::style_swap::swap_cross,rock_06,rock,style_swap,nan,0.887546,0.40398,0.553223,0.59778,0.5831992915881643,0.6149163333333333
rock_06::style_swap::swap_same,rock_06,rock,style_swap,nan,0.951376,0.484016,0.599483,0.73913,0.6511228362336148,0.6782916666666666
rock_07::control::ctrl,rock_07,rock,control,0.0,1.0,1.0,1.0,0.765996,1.0,1.0
rock_07::pitch_shift::-4st,rock_07,rock,pitch_shift,-4.0,0.735964,0.63263,0.975588,0.666742,0.7687012746712736,0.7813939999999999
rock_07::pitch_shift::-2st,rock_07,rock,pitch_shift,-2.0,0.81108,0.756119,0.986826,0.719053,0.8458593267981187,0.8513416666666667
rock_07::pitch_shift::-1st,rock_07,rock,pitch_shift,-1.0,0.705207,0.85391,0.992301,0.740352,0.8422817310677412,0.8504726666666667
rock_07::pitch_shift::+1st,rock_07,rock,pitch_shift,1.0,0.703882,0.864309,0.989597,0.715024,0.844388717160823,0.8525959999999999
rock_07::pitch_shift::+2st,rock_07,rock,pitch_shift,2.0,0.798246,0.761986,0.983227,0.724997,0.8425179836299925,0.8478196666666666
rock_07::pitch_shift::+4st,rock_07,rock,pitch_shift,4.0,0.72955,0.627638,0.973757,0.690524,0.7639617732534218,0.7769816666666667
rock_07::time_stretch::-20pct,rock_07,rock,time_stretch,-20.0,0.992079,0.731594,0.567383,0.788566,0.7439850984966004,0.7636853333333333
rock_07::time_stretch::-10pct,rock_07,rock,time_stretch,-10.0,0.997448,0.826538,0.648579,0.792169,0.8116559759155793,0.8241883333333333
rock_07::time_stretch::-5pct,rock_07,rock,time_stretch,-5.0,0.998955,0.882843,0.705755,0.787336,0.8538097741415405,0.8625176666666666
rock_07::time_stretch::+5pct,rock_07,rock,time_stretch,5.0,0.997778,0.898955,0.731184,0.754456,0.8688260860542836,0.8759723333333332
rock_07::time_stretch::+10pct,rock_07,rock,time_stretch,10.0,0.994625,0.892475,0.663449,0.790513,0.8382128700983502,0.8501829999999999
rock_07::time_stretch::+20pct,rock_07,rock,time_stretch,20.0,0.987317,0.842336,0.596081,0.762334,0.7914359105073943,0.8085779999999999
rock_07::lowpass::lp8000,rock_07,rock,lowpass,8000.0,0.999997,0.537304,0.993655,0.756928,0.8112439375986971,0.843652
rock_07::lowpass::lp4000,rock_07,rock,lowpass,4000.0,0.999994,0.5061,0.982593,0.698599,0.7922625591696264,0.8295623333333333
rock_07::lowpass::lp2000,rock_07,rock,lowpass,2000.0,0.999926,0.466434,0.972303,0.642239,0.7682806508847757,0.8128876666666667
rock_07::distortion::drv4,rock_07,rock,distortion,4.0,0.999884,0.787652,0.982693,0.713162,0.9181224786877381,0.9234096666666667
rock_07::distortion::drv12,rock_07,rock,distortion,12.0,0.996426,0.659981,0.949425,0.515216,0.854697399262441,0.8686106666666666
rock_07::distortion::drv32,rock_07,rock,distortion,32.0,0.990829,0.567385,0.753447,0.408017,0.7510054507759406,0.7705536666666666
rock_07::style_swap::swap_cross,rock_07,rock,style_swap,nan,0.795693,0.476206,0.582684,0.40997,0.6044000586214989,0.6181943333333333
rock_07::style_swap::swap_same,rock_07,rock,style_swap,nan,0.851624,0.535156,0.731079,0.596674,0.6932622197026187,0.7059529999999999
rock_08::control::ctrl,rock_08,rock,control,0.0,1.0,1.0,1.0,0.818048,1.0,1.0
rock_08::pitch_shift::-4st,rock_08,rock,pitch_shift,-4.0,0.962647,0.424162,0.962221,0.739298,0.7324161020190739,0.78301
rock_08::pitch_shift::-2st,rock_08,rock,pitch_shift,-2.0,0.967163,0.603592,0.970556,0.817582,0.8274744301525083,0.8471036666666666
rock_08::pitch_shift::-1st,rock_08,rock,pitch_shift,-1.0,0.957176,0.770797,0.976175,0.807806,0.8963683202602041,0.9013826666666667
rock_08::pitch_shift::+1st,rock_08,rock,pitch_shift,1.0,0.960892,0.80437,0.975471,0.775003,0.9101541108675205,0.9135776666666666
rock_08::pitch_shift::+2st,rock_08,rock,pitch_shift,2.0,0.958667,0.730797,0.969525,0.80914,0.8790384029030994,0.8863296666666667
rock_08::pitch_shift::+4st,rock_08,rock,pitch_shift,4.0,0.967969,0.614177,0.964967,0.729896,0.8309135088932491,0.8490376666666666
rock_08::time_stretch::-20pct,rock_08,rock,time_stretch,-20.0,0.9977,0.830463,0.703569,0.78737,0.8353638009765334,0.8439106666666667
rock_08::time_stretch::-10pct,rock_08,rock,time_stretch,-10.0,0.998554,0.837736,0.693826,0.808432,0.8341479783755873,0.843372
rock_08::time_stretch::-5pct,rock_08,rock,time_stretch,-5.0,0.998161,0.858111,0.77547,0.839446,0.8725085454855269,0.8772473333333333
rock_08::time_stretch::+5pct,rock_08,rock,time_stretch,5.0,0.999628,0.86065,0.770773,0.832687,0.8720281262754177,0.8770169999999999
rock_08::time_stretch::+10pct,rock_08,rock,time_stretch,10.0,0.997256,0.819834,0.682278,0.794689,0.8231860150248783,0.8331226666666667
rock_08::time_stretch::+20pct,rock_08,rock,time_stretch,20.0,0.994061,0.821964,0.643363,0.817403,0.8070627528247949,0.819796
rock_08::lowpass::lp8000,rock_08,rock,lowpass,8000.0,1.0,0.398632,0.985534,0.818652,0.7323993047994615,0.7947219999999999
rock_08::lowpass::lp4000,rock_08,rock,lowpass,4000.0,0.999998,0.405805,0.96619,0.742274,0.7319133821960059,0.7906643333333333
rock_08::lowpass::lp2000,rock_08,rock,lowpass,2000.0,0.998148,0.387533,0.949042,0.683109,0.7160274763658245,0.778241
rock_08::distortion::drv4,rock_08,rock,distortion,4.0,0.999589,0.555807,0.985506,0.805153,0.8180909424509086,0.8469673333333333
rock_08::distortion::drv12,rock_08,rock,distortion,12.0,0.999499,0.418826,0.950344,0.774764,0.735471099545809,0.7895563333333333
rock_08::distortion::drv32,rock_08,rock,distortion,32.0,0.999133,0.395945,0.91501,0.729457,0.7126801602033875,0.7700293333333332
rock_08::style_swap::swap_cross,rock_08,rock,style_swap,nan,0.766064,0.416942,0.711322,0.374926,0.6101954711649175,0.6314426666666666
rock_08::style_swap::swap_same,rock_08,rock,style_swap,nan,0.928717,0.484023,0.790245,0.601052,0.7082235822608444,0.7343283333333332
rock_09::control::ctrl,rock_09,rock,control,0.0,1.0,1.0,1.0,0.835722,1.0,1.0
rock_09::pitch_shift::-4st,rock_09,rock,pitch_shift,-4.0,0.970896,0.535053,0.991098,0.750111,0.8014849498924245,0.832349
rock_09::pitch_shift::-2st,rock_09,rock,pitch_shift,-2.0,0.981876,0.687841,0.995246,0.80648,0.875975006328891,0.8883209999999999
rock_09::pitch_shift::-1st,rock_09,rock,pitch_shift,-1.0,0.973112,0.809441,0.996438,0.786315,0.9224286202194374,0.9263303333333333
rock_09::pitch_shift::+1st,rock_09,rock,pitch_shift,1.0,0.975986,0.835457,0.996031,0.756803,0.9329968594113532,0.9358246666666665
rock_09::pitch_shift::+2st,rock_09,rock,pitch_shift,2.0,0.982703,0.741207,0.994194,0.715886,0.8980027031102021,0.9060346666666665
rock_09::pitch_shift::+4st,rock_09,rock,pitch_shift,4.0,0.974613,0.639299,0.990202,0.688116,0.8513079218759608,0.8680379999999999
rock_09::time_stretch::-20pct,rock_09,rock,time_stretch,-20.0,0.997323,0.856981,0.875536,0.786788,0.9078769960749927,0.9099466666666666
rock_09::time_stretch::-10pct,rock_09,rock,time_stretch,-10.0,0.998288,0.865867,0.885962,0.841584,0.9149008783547125,0.9167056666666666
rock_09::time_stretch::-5pct,rock_09,rock,time_stretch,-5.0,0.99891,0.896966,0.901117,0.828304,0.9311675686311629,0.932331
rock_09::time_stretch::+5pct,rock_09,rock,time_stretch,5.0,0.999402,0.882233,0.909823,0.790006,0.9291663530298555,0.9304859999999999
rock_09::time_stretch::+10pct,rock_09,rock,time_stretch,10.0,0.999302,0.856784,0.890861,0.802457,0.9136769814115477,0.9156489999999999
rock_09::time_stretch::+20pct,rock_09,rock,time_stretch,20.0,0.998284,0.849038,0.883299,0.820346,0.9080219056568386,0.9102069999999999
rock_09::lowpass::lp8000,rock_09,rock,lowpass,8000.0,0.999475,0.43936,0.997746,0.840579,0.7595169705826651,0.8121936666666667
rock_09::lowpass::lp4000,rock_09,rock,lowpass,4000.0,0.999667,0.424054,0.991899,0.692642,0.7491716320825599,0.8052066666666666
rock_09::lowpass::lp2000,rock_09,rock,lowpass,2000.0,0.999496,0.422581,0.984204,0.65258,0.746320522675429,0.8020936666666666
rock_09::distortion::drv4,rock_09,rock,distortion,4.0,0.999784,0.910738,0.996652,0.810144,0.968161319527466,0.969058
rock_09::distortion::drv12,rock_09,rock,distortion,12.0,0.998742,0.662598,0.987667,0.664528,0.8678366609255556,0.8830023333333332
rock_09::distortion::drv32,rock_09,rock,distortion,32.0,0.998787,0.503514,0.959489,0.544301,0.7843468267897704,0.8205966666666666
rock_09::style_swap::swap_cross,rock_09,rock,style_swap,nan,0.891277,0.421292,0.901117,0.627538,0.6968281684861907,0.7378953333333332
rock_09::style_swap::swap_same,rock_09,rock,style_swap,nan,0.956709,0.488897,0.912413,0.642321,0.7528865962899216,0.7860063333333334
rock_10::control::ctrl,rock_10,rock,control,0.0,1.0,1.0,1.0,0.819097,1.0,1.0
rock_10::pitch_shift::-4st,rock_10,rock,pitch_shift,-4.0,0.824539,0.601241,0.957999,0.789798,0.7802041968839443,0.7945929999999999
rock_10::pitch_shift::-2st,rock_10,rock,pitch_shift,-2.0,0.870811,0.745049,0.991559,0.812423,0.8632616230345926,0.8691396666666666
rock_10::pitch_shift::-1st,rock_10,rock,pitch_shift,-1.0,0.937895,0.845088,0.834671,0.835789,0.8713457020187162,0.8725513333333332
rock_10::pitch_shift::+1st,rock_10,rock,pitch_shift,1.0,0.939978,0.879705,0.96762,0.859031,0.9283673579533462,0.929101
rock_10::pitch_shift::+2st,rock_10,rock,pitch_shift,2.0,0.864891,0.787447,0.831159,0.811335,0.8272223775266456,0.8278323333333333
rock_10::pitch_shift::+4st,rock_10,rock,pitch_shift,4.0,0.80876,0.651624,0.958937,0.791596,0.7965302437338093,0.8064403333333333
rock_10::time_stretch::-20pct,rock_10,rock,time_stretch,-20.0,0.996102,0.844591,0.733444,0.775061,0.8513452955308043,0.8580456666666667
rock_10::time_stretch::-10pct,rock_10,rock,time_stretch,-10.0,0.994756,0.877497,0.70571,0.809332,0.8508692453859787,0.8593209999999999
rock_10::time_stretch::-5pct,rock_10,rock,time_stretch,-5.0,0.998186,0.911081,0.852409,0.83153,0.918626205336651,0.9205586666666666
rock_10::time_stretch::+5pct,rock_10,rock,time_stretch,5.0,0.997527,0.921226,0.726414,0.82969,0.87396025748215,0.8817223333333333
rock_10::time_stretch::+10pct,rock_10,rock,time_stretch,10.0,0.997108,0.888297,0.743546,0.779143,0.8700337085649285,0.876317
rock_10::time_stretch::+20pct,rock_10,rock,time_stretch,20.0,0.997989,0.879193,0.780766,0.841336,0.8815432471675633,0.8859826666666666
rock_10::lowpass::lp8000,rock_10,rock,lowpass,8000.0,1.0,0.49346,0.836706,0.810836,0.744631857365332,0.7767219999999999
rock_10::lowpass::lp4000,rock_10,rock,lowpass,4000.0,0.999973,0.435017,0.829036,0.782794,0.711796690180603,0.7546753333333334
rock_10::lowpass::lp2000,rock_10,rock,lowpass,2000.0,0.999896,0.429675,0.82086,0.769184,0.7065149184520367,0.7501436666666665
rock_10::distortion::drv4,rock_10,rock,distortion,4.0,0.999914,0.843263,0.96973,0.804215,0.9351016899021074,0.9376356666666665
rock_10::distortion::drv12,rock_10,rock,distortion,12.0,0.998999,0.623722,0.931258,0.790026,0.8340819270404051,0.8513263333333333
rock_10::distortion::drv32,rock_10,rock,distortion,32.0,0.997845,0.526536,0.887411,0.696033,0.7754229567943739,0.8039306666666666
rock_10::style_swap::swap_cross,rock_10,rock,style_swap,nan,0.883339,0.513896,0.712531,0.632357,0.6864392932198361,0.7032553333333333
rock_10::style_swap::swap_same,rock_10,rock,style_swap,nan,0.915243,0.47905,0.813656,0.553473,0.7092282573466058,0.7359829999999999
rock_11::control::ctrl,rock_11,rock,control,0.0,1.0,0.999225,0.999997,0.730712,0.9997406001592074,0.9997406666666666
rock_11::pitch_shift::-4st,rock_11,rock,pitch_shift,-4.0,0.95426,0.482414,0.93917,0.722407,0.7561540419981092,0.7919479999999999
rock_11::pitch_shift::-2st,rock_11,rock,pitch_shift,-2.0,0.960748,0.612815,0.942562,0.728074,0.8217687102794708,0.8387083333333333
rock_11::pitch_shift::-1st,rock_11,rock,pitch_shift,-1.0,0.971009,0.770174,0.99431,0.735652,0.9059647607650212,0.911831
rock_11::pitch_shift::+1st,rock_11,rock,pitch_shift,1.0,0.967677,0.849975,0.941387,0.721589,0.9182654747080405,0.9196796666666667
rock_11::pitch_shift::+2st,rock_11,rock,pitch_shift,2.0,0.954275,0.780699,0.936998,0.719068,0.8870850859860561,0.8906573333333333
rock_11::pitch_shift::+4st,rock_11,rock,pitch_shift,4.0,0.95392,0.686174,0.928238,0.705007,0.8469709573856723,0.8561106666666667
rock_11::time_stretch::-20pct,rock_11,rock,time_stretch,-20.0,0.998454,0.868247,0.737084,0.78384,0.8613165236159188,0.8679283333333332
rock_11::time_stretch::-10pct,rock_11,rock,time_stretch,-10.0,0.9978,0.863344,0.584534,0.764191,0.7955711956231788,0.815226
rock_11::time_stretch::-5pct,rock_11,rock,time_stretch,-5.0,0.99934,0.88544,0.65778,0.783748,0.8349318423015515,0.84752
rock_11::time_stretch::+5pct,rock_11,rock,time_stretch,5.0,0.996552,0.90069,0.688403,0.753773,0.851737993197386,0.8618816666666667
rock_11::time_stretch::+10pct,rock_11,rock,time_stretch,10.0,0.996253,0.88826,0.652365,0.742876,0.8326582705170504,0.845626
rock_11::time_stretch::+20pct,rock_11,rock,time_stretch,20.0,0.99736,0.885588,0.548148,0.764369,0.785224486968004,0.8103653333333334
rock_11::lowpass::lp8000,rock_11,rock,lowpass,8000.0,1.0,0.413096,0.941118,0.741766,0.7298467691944075,0.7847379999999999
rock_11::lowpass::lp4000,rock_11,rock,lowpass,4000.0,0.99948,0.396448,0.973901,0.676923,0.7280452684096718,0.7899430000000001
rock_11::lowpass::lp2000,rock_11,rock,lowpass,2000.0,0.999272,0.379263,0.956172,0.614928,0.7129406955131139,0.7782356666666667
rock_11::distortion::drv4,rock_11,rock,distortion,4.0,0.997132,0.798399,0.987904,0.681222,0.9230582906466301,0.9278116666666666
rock_11::distortion::drv12,rock_11,rock,distortion,12.0,0.997661,0.613843,0.972928,0.623075,0.841473289806953,0.8614773333333333
rock_11::distortion::drv32,rock_11,rock,distortion,32.0,0.994355,0.502742,0.898798,0.572096,0.765919116635652,0.7986316666666666
rock_11::style_swap::swap_cross,rock_11,rock,style_swap,nan,0.950473,0.381667,0.568047,0.462086,0.5906581789246813,0.6333956666666667
rock_11::style_swap::swap_same,rock_11,rock,style_swap,nan,0.87967,0.479887,0.606101,0.656751,0.6348453198953946,0.6552193333333333
rock_12::control::ctrl,rock_12,rock,control,0.0,1.0,1.0,1.0,0.811346,1.0,1.0
rock_12::pitch_shift::-4st,rock_12,rock,pitch_shift,-4.0,0.957684,0.538872,0.976001,0.694374,0.7956450602560071,0.8241856666666666
rock_12::pitch_shift::-2st,rock_12,rock,pitch_shift,-2.0,0.97749,0.71966,0.984559,0.781601,0.8847633914970717,0.8939029999999999
rock_12::pitch_shift::-1st,rock_12,rock,pitch_shift,-1.0,0.952926,0.843101,0.987377,0.729051,0.9257078129330262,0.9278013333333333
rock_12::pitch_shift::+1st,rock_12,rock,pitch_shift,1.0,0.949585,0.837653,0.985259,0.750324,0.9219686097315081,0.9241656666666667
rock_12::pitch_shift::+2st,rock_12,rock,pitch_shift,2.0,0.980688,0.739759,0.981244,0.774563,0.8928929165044723,0.9005636666666667
rock_12::pitch_shift::+4st,rock_12,rock,pitch_shift,4.0,0.958547,0.636386,0.97282,0.726562,0.8403409099148826,0.8559176666666666
rock_12::time_stretch::-20pct,rock_12,rock,time_stretch,-20.0,0.998488,0.852531,0.57373,0.782029,0.7875053805253824,0.8082496666666666
rock_12::time_stretch::-10pct,rock_12,rock,time_stretch,-10.0,0.999341,0.882881,0.653732,0.80753,0.8324123982497351,0.845318
rock_12::time_stretch::-5pct,rock_12,rock,time_stretch,-5.0,0.999559,0.914093,0.715227,0.80667,0.8677891969030956,0.876293
rock_12::time_stretch::+5pct,rock_12,rock,time_stretch,5.0,0.99952,0.930938,0.714588,0.827148,0.8728159121694634,0.881682
rock_12::time_stretch::+10pct,rock_12,rock,time_stretch,10.0,0.998331,0.898505,0.643004,0.774507,0.8324079958475117,0.8466133333333333
rock_12::time_stretch::+20pct,rock_12,rock,time_stretch,20.0,0.997924,0.895842,0.578576,0.785823,0.8027181829884861,0.824114
rock_12::lowpass::lp8000,rock_12,rock,lowpass,8000.0,0.999996,0.447894,0.989066,0.809738,0.7623122992351001,0.8123186666666666
rock_12::lowpass::lp4000,rock_12,rock,lowpass,4000.0,0.999993,0.453522,0.969855,0.764933,0.7605026109536352,0.80779
rock_12::lowpass::lp2000,rock_12,rock,lowpass,2000.0,0.99995,0.422382,0.957701,0.706482,0.7395562460001792,0.7933443333333332
rock_12::distortion::drv4,rock_12,rock,distortion,4.0,0.99955,0.687981,0.967129,0.81625,0.8728811695916775,0.8848866666666666
rock_12::distortion::drv12,rock_12,rock,distortion,12.0,0.999561,0.527825,0.926237,0.739415,0.7876630297122552,0.8178743333333334
rock_12::distortion::drv32,rock_12,rock,distortion,32.0,0.998772,0.467803,0.881015,0.69594,0.7438822933586149,0.78253
rock_12::style_swap::swap_cross,rock_12,rock,style_swap,nan,0.890166,0.465892,0.557822,0.483442,0.6138806787370562,0.63796
rock_12::style_swap::swap_same,rock_12,rock,style_swap,nan,0.940486,0.523235,0.564462,0.570084,0.6524710958440589,0.676061
rock_13::control::ctrl,rock_13,rock,control,0.0,1.0,1.0,1.0,0.834438,1.0,1.0
rock_13::pitch_shift::-4st,rock_13,rock,pitch_shift,-4.0,0.722858,0.541628,0.988771,0.748624,0.7288138322416321,0.7510856666666667
rock_13::pitch_shift::-2st,rock_13,rock,pitch_shift,-2.0,0.790048,0.728321,0.993141,0.724113,0.8298426285889404,0.83717
rock_13::pitch_shift::-1st,rock_13,rock,pitch_shift,-1.0,0.76888,0.865015,0.995036,0.733132,0.8714457016829797,0.8763103333333333
rock_13::pitch_shift::+1st,rock_13,rock,pitch_shift,1.0,0.764595,0.868245,0.973114,0.766989,0.8644618297490233,0.8686513333333333
rock_13::pitch_shift::+2st,rock_13,rock,pitch_shift,2.0,0.796989,0.800782,0.971039,0.71742,0.8525786132048633,0.8562699999999999
rock_13::pitch_shift::+4st,rock_13,rock,pitch_shift,4.0,0.74185,0.68234,0.988322,0.717423,0.7938500290414159,0.8041706666666666
rock_13::time_stretch::-20pct,rock_13,rock,time_stretch,-20.0,0.995446,0.877025,0.814343,0.833408,0.8925084753334229,0.8956046666666666
rock_13::time_stretch::-10pct,rock_13,rock,time_stretch,-10.0,0.995874,0.916918,0.843618,0.864162,0.9166993217608292,0.9188033333333332
rock_13::time_stretch::-5pct,rock_13,rock,time_stretch,-5.0,0.997673,0.927859,0.870866,0.863912,0.9306945691285893,0.9321326666666666
rock_13::time_stretch::+5pct,rock_13,rock,time_stretch,5.0,0.99808,0.935811,0.867559,0.850643,0.9322895998035914,0.9338166666666665
rock_13::time_stretch::+10pct,rock_13,rock,time_stretch,10.0,0.997801,0.921247,0.837879,0.846003,0.9166434561524772,0.9189756666666666
rock_13::time_stretch::+20pct,rock_13,rock,time_stretch,20.0,0.997524,0.892615,0.810672,0.843127,0.897038127103391,0.9002703333333333
rock_13::lowpass::lp8000,rock_13,rock,lowpass,8000.0,1.0,0.421876,0.972141,0.846978,0.742970140047117,0.7980056666666666
rock_13::lowpass::lp4000,rock_13,rock,lowpass,4000.0,0.999999,0.437112,0.963333,0.764718,0.7495309619687434,0.800148
rock_13::lowpass::lp2000,rock_13,rock,lowpass,2000.0,0.99998,0.419893,0.956224,0.739052,0.737728445585495,0.7920323333333333
rock_13::distortion::drv4,rock_13,rock,distortion,4.0,0.99988,0.798469,0.997065,0.825275,0.9267796111306339,0.9318046666666666
rock_13::distortion::drv12,rock_13,rock,distortion,12.0,0.998655,0.571119,0.987258,0.742036,0.8257671148214489,0.852344
rock_13::distortion::drv32,rock_13,rock,distortion,32.0,0.996824,0.470678,0.943338,0.6524,0.7620846921412416,0.8036133333333333
rock_13::style_swap::swap_cross,rock_13,rock,style_swap,nan,0.752659,0.43101,0.830133,0.612647,0.6457698452064649,0.6712673333333333
rock_13::style_swap::swap_same,rock_13,rock,style_swap,nan,0.917936,0.477961,0.841512,0.635136,0.7173895712567305,0.745803
rock_14::control::ctrl,rock_14,rock,control,0.0,0.999329,0.997552,0.999911,0.819934,0.9989301625402406,0.9989306666666666
rock_14::pitch_shift::-4st,rock_14,rock,pitch_shift,-4.0,0.945596,0.3959,0.966086,0.72181,0.7124739209283946,0.7691939999999999
rock_14::pitch_shift::-2st,rock_14,rock,pitch_shift,-2.0,0.976873,0.547051,0.973301,0.77027,0.8042128917540233,0.8324083333333332
rock_14::pitch_shift::-1st,rock_14,rock,pitch_shift,-1.0,0.963472,0.7056,0.974933,0.769167,0.8718815353284403,0.881335
rock_14::pitch_shift::+1st,rock_14,rock,pitch_shift,1.0,0.954229,0.804121,0.978779,0.774005,0.9089769825639132,0.9123763333333332
rock_14::pitch_shift::+2st,rock_14,rock,pitch_shift,2.0,0.972613,0.721457,0.975359,0.773962,0.8812619229434916,0.8898096666666666
rock_14::pitch_shift::+4st,rock_14,rock,pitch_shift,4.0,0.950329,0.600073,0.969096,0.716471,0.8206317012326196,0.8398326666666667
rock_14::time_stretch::-20pct,rock_14,rock,time_stretch,-20.0,0.996719,0.809451,0.704601,0.804247,0.8283912801361873,0.8369236666666666
rock_14::time_stretch::-10pct,rock_14,rock,time_stretch,-10.0,0.99863,0.818585,0.760667,0.819029,0.8535343207384807,0.859294
rock_14::time_stretch::-5pct,rock_14,rock,time_stretch,-5.0,0.999019,0.83469,0.784272,0.812106,0.8680043258030495,0.8726603333333333
rock_14::time_stretch::+5pct,rock_14,rock,time_stretch,5.0,0.999607,0.834016,0.804827,0.805702,0.8754581757016971,0.8794833333333333
rock_14::time_stretch::+10pct,rock_14,rock,time_stretch,10.0,0.998695,0.81841,0.760823,0.804874,0.8535503510606539,0.8593093333333333
rock_14::time_stretch::+20pct,rock_14,rock,time_stretch,20.0,0.997312,0.805679,0.768527,0.81825,0.851564221247395,0.8571726666666666
rock_14::lowpass::lp8000,rock_14,rock,lowpass,8000.0,1.0,0.364058,0.989706,0.82305,0.7115830490685289,0.784588
rock_14::lowpass::lp4000,rock_14,rock,lowpass,4000.0,0.998873,0.365912,0.976584,0.747676,0.7093580643201205,0.7804563333333333
rock_14::lowpass::lp2000,rock_14,rock,lowpass,2000.0,0.998139,0.3474,0.905453,0.672994,0.6796660604517781,0.7503306666666666
rock_14::distortion::drv4,rock_14,rock,distortion,4.0,0.999057,0.399021,0.966573,0.802889,0.7276796443720392,0.788217
rock_14::distortion::drv12,rock_14,rock,distortion,12.0,0.999098,0.362068,0.927672,0.754047,0.694913731937879,0.762946
rock_14::distortion::drv32,rock_14,rock,distortion,32.0,0.99903,0.354624,0.909399,0.720635,0.6855414342956492,0.754351
rock_14::style_swap::swap_cross,rock_14,rock,style_swap,nan,0.969653,0.35999,0.816761,0.542987,0.6581636985725037,0.7154679999999999
rock_14::style_swap::swap_same,rock_14,rock,style_swap,nan,0.978102,0.390265,0.846669,0.597986,0.6862554450507944,0.7383453333333333
rock_15::control::ctrl,rock_15,rock,control,0.0,1.0,1.0,1.0,0.782294,1.0,1.0
rock_15::pitch_shift::-4st,rock_15,rock,pitch_shift,-4.0,0.925026,0.538059,0.990163,0.735669,0.7898843536397236,0.8177493333333333
rock_15::pitch_shift::-2st,rock_15,rock,pitch_shift,-2.0,0.95079,0.685859,0.992759,0.784225,0.8650763252333906,0.8764693333333333
rock_15::pitch_shift::-1st,rock_15,rock,pitch_shift,-1.0,0.951743,0.811349,0.994852,0.75715,0.9158590149976749,0.9193146666666666
rock_15::pitch_shift::+1st,rock_15,rock,pitch_shift,1.0,0.950268,0.848243,0.989379,0.749151,0.9273486108299182,0.9292966666666667
rock_15::pitch_shift::+2st,rock_15,rock,pitch_shift,2.0,0.949688,0.731007,0.983077,0.731137,0.8804337331686001,0.8879239999999999
rock_15::pitch_shift::+4st,rock_15,rock,pitch_shift,4.0,0.9252,0.583494,0.971056,0.716134,0.8063162856271301,0.8265833333333333
rock_15::time_stretch::-20pct,rock_15,rock,time_stretch,-20.0,0.995194,0.888057,0.768667,0.75117,0.8790810990813783,0.8839726666666666
rock_15::time_stretch::-10pct,rock_15,rock,time_stretch,-10.0,0.996448,0.912358,0.75985,0.787703,0.883993891589217,0.8895519999999999
rock_15::time_stretch::-5pct,rock_15,rock,time_stretch,-5.0,0.996755,0.932232,0.81389,0.781108,0.911086015595547,0.9142923333333333
rock_15::time_stretch::+5pct,rock_15,rock,time_stretch,5.0,0.997181,0.925458,0.732319,0.793606,0.8775603722012587,0.8849859999999999
rock_15::time_stretch::+10pct,rock_15,rock,time_stretch,10.0,0.99522,0.90174,0.762258,0.783387,0.8811181358267212,0.8864059999999999
rock_15::time_stretch::+20pct,rock_15,rock,time_stretch,20.0,0.994067,0.879632,0.838339,0.780557,0.901665492232182,0.9040126666666666
rock_15::lowpass::lp8000,rock_15,rock,lowpass,8000.0,1.0,0.541276,0.998599,0.785965,0.8145854201801058,0.846625
rock_15::lowpass::lp4000,rock_15,rock,lowpass,4000.0,0.999999,0.452586,0.994498,0.783624,0.7663635934346555,0.8156943333333333
rock_15::lowpass::lp2000,rock_15,rock,lowpass,2000.0,0.999971,0.392923,0.958542,0.763089,0.7221631677626345,0.783812
rock_15::distortion::drv4,rock_15,rock,distortion,4.0,0.999861,0.853633,0.996121,0.772633,0.9473438502245751,0.9498716666666667
rock_15::distortion::drv12,rock_15,rock,distortion,12.0,0.998976,0.607725,0.982636,0.721799,0.8418181322578386,0.8631123333333333
rock_15::distortion::drv32,rock_15,rock,distortion,32.0,0.997351,0.502678,0.965817,0.621333,0.7852553738123944,0.8219486666666665
rock_15::style_swap::swap_cross,rock_15,rock,style_swap,nan,0.92812,0.43294,0.690423,0.517305,0.6522023584056388,0.6838276666666666
rock_15::style_swap::swap_same,rock_15,rock,style_swap,nan,0.863999,0.491131,0.763358,0.545248,0.6867725836623908,0.7061626666666666
