pair_id,source_id,genre,perturbation,magnitude,score_H,score_T,score_R,score_S,C_geo,C_lin
classical_01::control::ctrl,classical_01,classical,control,0.0,1.0,1.0,1.0,0.829116,0.9394458783336457,0.9430386666666666
classical_01::pitch_shift::-4st,classical_01,classical,pitch_shift,-4.0,0.862062,0.612549,0.992494,0.825897,0.7583477603346604,0.766836
classical_01::pitch_shift::-2st,classical_01,classical,pitch_shift,-2.0,0.824331,0.735423,0.983546,0.820352,0.7922818260828767,0.7933686666666666
classical_01::pitch_shift::-1st,classical_01,classical,pitch_shift,-1.0,0.795448,0.849356,0.996963,0.778667,0.8072680685186332,0.8078236666666666
classical_01::pitch_shift::+1st,classical_01,classical,pitch_shift,1.0,0.788337,0.819778,0.996755,0.827911,0.8118278405569356,0.8120086666666666
classical_01::pitch_shift::+2st,classical_01,classical,pitch_shift,2.0,0.840758,0.725842,0.983723,0.814273,0.7920654064148039,0.7936243333333333
classical_01::pitch_shift::+4st,classical_01,classical,pitch_shift,4.0,0.861297,0.637273,0.98019,0.79653,0.7589739386921902,0.7650333333333332
classical_01::time_stretch::-20pct,classical_01,classical,time_stretch,-20.0,0.996128,0.857819,0.914693,0.897815,0.9154456289338068,0.917254
classical_01::time_stretch::-10pct,classical_01,classical,time_stretch,-10.0,0.997444,0.898502,0.904769,0.862071,0.917593232849152,0.9193389999999999
classical_01::time_stretch::-5pct,classical_01,classical,time_stretch,-5.0,0.998224,0.932719,0.907293,0.877346,0.9347954225712035,0.9360963333333332
classical_01::time_stretch::+5pct,classical_01,classical,time_stretch,5.0,0.997039,0.908418,0.932433,0.869116,0.9233333897264616,0.9248576666666666
classical_01::time_stretch::+10pct,classical_01,classical,time_stretch,10.0,0.9955,0.882854,0.913765,0.862229,0.9116978410623445,0.9135276666666666
classical_01::time_stretch::+20pct,classical_01,classical,time_stretch,20.0,0.994233,0.851098,0.887089,0.882407,0.9072191929576553,0.909246
classical_01::lowpass::lp8000,classical_01,classical,lowpass,8000.0,1.0,0.818931,0.998947,0.834595,0.8808616379633935,0.8845086666666666
classical_01::lowpass::lp4000,classical_01,classical,lowpass,4000.0,0.999999,0.58382,0.984677,0.823127,0.783276554683723,0.8023153333333333
classical_01::lowpass::lp2000,classical_01,classical,lowpass,2000.0,0.999966,0.484488,0.982548,0.782339,0.723693068544621,0.7555976666666666
classical_01::distortion::drv4,classical_01,classical,distortion,4.0,0.999999,0.939766,0.999491,0.82414,0.9183468962125421,0.9213016666666667
classical_01::distortion::drv12,classical_01,classical,distortion,12.0,0.999808,0.741767,0.993548,0.787758,0.8359731188708958,0.8431109999999999
classical_01::distortion::drv32,classical_01,classical,distortion,32.0,0.99767,0.59795,0.984828,0.745197,0.7632045668181073,0.7802723333333332
classical_01::style_swap::swap_cross,classical_01,classical,style_swap,nan,0.756144,0.384217,0.934589,0.646745,0.5727582968111725,0.595702
classical_01::style_swap::swap_same,classical_01,classical,style_swap,nan,0.845911,0.516401,0.90493,0.711641,0.6774193057686602,0.6913176666666666
classical_02::control::ctrl,classical_02,classical,control,0.0,1.0,1.0,1.0,0.799097,0.9279683556639209,0.9330323333333332
classical_02::pitch_shift::-4st,classical_02,classical,pitch_shift,-4.0,0.871717,0.518691,0.991982,0.758212,0.6998822197132567,0.7162066666666667
classical_02::pitch_shift::-2st,classical_02,classical,pitch_shift,-2.0,0.854366,0.672871,0.994172,0.723161,0.7463403495142069,0.7501326666666666
classical_02::pitch_shift::-1st,classical_02,classical,pitch_shift,-1.0,0.861364,0.784459,0.994915,0.746091,0.7958836616084629,0.7973046666666667
classical_02::pitch_shift::+1st,classical_02,classical,pitch_shift,1.0,0.858125,0.795764,0.993865,0.748212,0.7994411588190108,0.8007003333333332
classical_02::pitch_shift::+2st,classical_02,classical,pitch_shift,2.0,0.860851,0.690338,0.992833,0.760362,0.7673674807882855,0.7705169999999999
classical_02::pitch_shift::+4st,classical_02,classical,pitch_shift,4.0,0.872927,0.579022,0.990261,0.721167,0.7143366713808783,0.724372
classical_02::time_stretch::-20pct,classical_02,classical,time_stretch,-20.0,0.998827,0.794317,0.907132,0.805066,0.8612023486525631,0.8660699999999999
classical_02::time_stretch::-10pct,classical_02,classical,time_stretch,-10.0,0.999,0.792003,0.916804,0.799097,0.8582831867291257,0.8633666666666666
classical_02::time_stretch::-5pct,classical_02,classical,time_stretch,-5.0,0.999121,0.832235,0.921918,0.787189,0.8682558006494397,0.8728483333333332
classical_02::time_stretch::+5pct,classical_02,classical,time_stretch,5.0,0.999806,0.896479,0.923776,0.784801,0.8893481425944866,0.8936953333333333
classical_02::time_stretch::+10pct,classical_02,classical,time_stretch,10.0,0.999391,0.888793,0.907349,0.755532,0.8755137564505067,0.8812386666666666
classical_02::time_stretch::+20pct,classical_02,classical,time_stretch,20.0,0.994538,0.863815,0.918092,0.767822,0.8704975600073385,0.8753916666666666
classical_02::lowpass::lp8000,classical_02,classical,lowpass,8000.0,1.0,0.540419,0.998866,0.789621,0.7528638306828519,0.7766799999999999
classical_02::lowpass::lp4000,classical_02,classical,lowpass,4000.0,0.996767,0.49875,0.996442,0.772079,0.7267406171920867,0.7558653333333333
classical_02::lowpass::lp2000,classical_02,classical,lowpass,2000.0,0.999545,0.435651,0.992241,0.763336,0.6927112970528053,0.7328439999999999
classical_02::distortion::drv4,classical_02,classical,distortion,4.0,1.0,0.971852,0.999929,0.787935,0.9148786826405269,0.919929
classical_02::distortion::drv12,classical_02,classical,distortion,12.0,0.99995,0.833633,0.998966,0.784493,0.8679887278059799,0.8726919999999999
classical_02::distortion::drv32,classical_02,classical,distortion,32.0,0.992631,0.649915,0.994843,0.740942,0.7818849780522453,0.794496
classical_02::style_swap::swap_cross,classical_02,classical,style_swap,nan,0.86747,0.357397,0.917487,0.49678,0.5360308971403713,0.5738823333333333
classical_02::style_swap::swap_same,classical_02,classical,style_swap,nan,0.942536,0.471133,0.900222,0.693582,0.6753254166957512,0.7024170000000001
classical_03::control::ctrl,classical_03,classical,control,0.0,1.0,0.999997,1.0,0.839157,0.9432221110000862,0.9463846666666667
classical_03::pitch_shift::-4st,classical_03,classical,pitch_shift,-4.0,0.763278,0.57865,0.889923,0.793982,0.7051850874948843,0.71197
classical_03::pitch_shift::-2st,classical_03,classical,pitch_shift,-2.0,0.782893,0.71388,0.874173,0.80961,0.7677170094723011,0.7687943333333332
classical_03::pitch_shift::-1st,classical_03,classical,pitch_shift,-1.0,0.697189,0.819816,0.924334,0.797457,0.7695876037977996,0.7714873333333332
classical_03::pitch_shift::+1st,classical_03,classical,pitch_shift,1.0,0.685872,0.811784,0.988392,0.83292,0.7740380029623322,0.7768586666666666
classical_03::pitch_shift::+2st,classical_03,classical,pitch_shift,2.0,0.784037,0.713773,0.879468,0.801912,0.7656103493174623,0.766574
classical_03::pitch_shift::+4st,classical_03,classical,pitch_shift,4.0,0.755407,0.595073,0.862042,0.780281,0.7052353839663992,0.7102536666666667
classical_03::time_stretch::-20pct,classical_03,classical,time_stretch,-20.0,0.988873,0.715888,0.829531,0.826457,0.8363767561004243,0.8437393333333332
classical_03::time_stretch::-10pct,classical_03,classical,time_stretch,-10.0,0.994096,0.828248,0.830914,0.821946,0.8779652689032643,0.8814299999999999
classical_03::time_stretch::-5pct,classical_03,classical,time_stretch,-5.0,0.998272,0.902038,0.858321,0.829734,0.9074113419218971,0.9100146666666666
classical_03::time_stretch::+5pct,classical_03,classical,time_stretch,5.0,0.997052,0.887516,0.796007,0.823327,0.8998196080021793,0.9026316666666667
classical_03::time_stretch::+10pct,classical_03,classical,time_stretch,10.0,0.995176,0.89404,0.781351,0.828741,0.9034245532073099,0.9059856666666666
classical_03::time_stretch::+20pct,classical_03,classical,time_stretch,20.0,0.986146,0.849383,0.769112,0.802008,0.8758058211675893,0.8791789999999999
classical_03::lowpass::lp8000,classical_03,classical,lowpass,8000.0,1.0,0.98702,0.999866,0.844438,0.9410901772794655,0.9438193333333333
classical_03::lowpass::lp4000,classical_03,classical,lowpass,4000.0,1.0,0.981225,0.99984,0.853351,0.9425377836335155,0.9448586666666666
classical_03::lowpass::lp2000,classical_03,classical,lowpass,2000.0,1.0,0.956241,0.999435,0.858405,0.9363104412292611,0.9382153333333333
classical_03::distortion::drv4,classical_03,classical,distortion,4.0,1.0,0.963298,0.998158,0.83188,0.9288390107430146,0.9317259999999998
classical_03::distortion::drv12,classical_03,classical,distortion,12.0,0.999997,0.820762,0.992398,0.807928,0.8720261981624651,0.8762289999999999
classical_03::distortion::drv32,classical_03,classical,distortion,32.0,0.999737,0.639981,0.892112,0.721117,0.7727153271006649,0.786945
classical_03::style_swap::swap_cross,classical_03,classical,style_swap,nan,0.876701,0.36371,0.767467,0.589374,0.5727950273104305,0.6099283333333332
classical_03::style_swap::swap_same,classical_03,classical,style_swap,nan,0.791802,0.405002,0.900867,0.664596,0.5973247295193402,0.6204666666666666
classical_04::control::ctrl,classical_04,classical,control,0.0,1.0,1.0,1.0,0.770551,0.9167842200023688,0.9235169999999999
classical_04::pitch_shift::-4st,classical_04,classical,pitch_shift,-4.0,0.901489,0.521403,0.984482,0.643491,0.6712621272166002,0.6887943333333333
classical_04::pitch_shift::-2st,classical_04,classical,pitch_shift,-2.0,0.902143,0.678577,0.987468,0.719199,0.7607486633481493,0.7666396666666666
classical_04::pitch_shift::-1st,classical_04,classical,pitch_shift,-1.0,0.887219,0.788843,0.989224,0.77639,0.8160193320427487,0.8174839999999999
classical_04::pitch_shift::+1st,classical_04,classical,pitch_shift,1.0,0.877595,0.80129,0.986898,0.744842,0.8060884038124992,0.807909
classical_04::pitch_shift::+2st,classical_04,classical,pitch_shift,2.0,0.905721,0.680111,0.982468,0.791483,0.787055350967165,0.7924383333333334
classical_04::pitch_shift::+4st,classical_04,classical,pitch_shift,4.0,0.908542,0.550581,0.97458,0.721649,0.712028560787692,0.7269239999999999
classical_04::time_stretch::-20pct,classical_04,classical,time_stretch,-20.0,0.99867,0.886804,0.68228,0.767258,0.8791514381739465,0.8842439999999999
classical_04::time_stretch::-10pct,classical_04,classical,time_stretch,-10.0,0.999432,0.906711,0.743844,0.772562,0.8879431460124905,0.8929016666666666
classical_04::time_stretch::-5pct,classical_04,classical,time_stretch,-5.0,0.999685,0.907272,0.799026,0.776949,0.8898792195417172,0.8946353333333332
classical_04::time_stretch::+5pct,classical_04,classical,time_stretch,5.0,0.999197,0.887242,0.829843,0.784653,0.886047390834859,0.8903639999999999
classical_04::time_stretch::+10pct,classical_04,classical,time_stretch,10.0,0.99876,0.879805,0.671739,0.792519,0.886378234361461,0.8903613333333333
classical_04::time_stretch::+20pct,classical_04,classical,time_stretch,20.0,0.997952,0.873481,0.675817,0.753843,0.8693900670390606,0.875092
classical_04::lowpass::lp8000,classical_04,classical,lowpass,8000.0,0.999962,0.494824,0.956801,0.78058,0.7282556967897325,0.7584553333333333
classical_04::lowpass::lp4000,classical_04,classical,lowpass,4000.0,0.999988,0.451422,0.946613,0.694652,0.6793834031235575,0.715354
classical_04::lowpass::lp2000,classical_04,classical,lowpass,2000.0,0.999784,0.424381,0.776986,0.695091,0.6656326143175452,0.7064186666666666
classical_04::distortion::drv4,classical_04,classical,distortion,4.0,0.998683,0.915623,0.998689,0.760515,0.885966658212767,0.8916069999999999
classical_04::distortion::drv12,classical_04,classical,distortion,12.0,0.999733,0.727059,0.99052,0.740661,0.8135003047276712,0.8224843333333333
classical_04::distortion::drv32,classical_04,classical,distortion,32.0,0.997847,0.596923,0.933518,0.657715,0.7317117097140138,0.7508283333333333
classical_04::style_swap::swap_cross,classical_04,classical,style_swap,nan,0.718854,0.437217,0.680686,0.598123,0.5728524113310056,0.5847313333333333
classical_04::style_swap::swap_same,classical_04,classical,style_swap,nan,0.865958,0.423247,0.690671,0.636853,0.615710611779115,0.6420193333333333
classical_05::control::ctrl,classical_05,classical,control,0.0,1.0,1.0,1.0,0.863103,0.9521109108593272,0.9543676666666666
classical_05::pitch_shift::-4st,classical_05,classical,pitch_shift,-4.0,0.821281,0.543714,0.987096,0.696754,0.6776112182147362,0.6872496666666666
classical_05::pitch_shift::-2st,classical_05,classical,pitch_shift,-2.0,0.930625,0.682357,0.991845,0.812404,0.8020217383741916,0.808462
classical_05::pitch_shift::-1st,classical_05,classical,pitch_shift,-1.0,0.779984,0.785097,0.99359,0.655161,0.7375401766516987,0.7400806666666666
classical_05::pitch_shift::+1st,classical_05,classical,pitch_shift,1.0,0.784711,0.799547,0.991536,0.781985,0.78871007228463,0.7887476666666666
classical_05::pitch_shift::+2st,classical_05,classical,pitch_shift,2.0,0.917062,0.677257,0.987259,0.756069,0.7772687562058834,0.7834626666666666
classical_05::pitch_shift::+4st,classical_05,classical,pitch_shift,4.0,0.813794,0.55841,0.972983,0.606838,0.6508988131275851,0.6596806666666666
classical_05::time_stretch::-20pct,classical_05,classical,time_stretch,-20.0,0.994883,0.833714,0.518475,0.848184,0.8893916750619336,0.8922603333333332
classical_05::time_stretch::-10pct,classical_05,classical,time_stretch,-10.0,0.997262,0.893617,0.612751,0.847492,0.9106792336997135,0.9127903333333333
classical_05::time_stretch::-5pct,classical_05,classical,time_stretch,-5.0,0.998358,0.917155,0.69714,0.86115,0.9238524511982014,0.9255543333333333
classical_05::time_stretch::+5pct,classical_05,classical,time_stretch,5.0,0.997766,0.918096,0.699806,0.870052,0.9271585378097894,0.928638
classical_05::time_stretch::+10pct,classical_05,classical,time_stretch,10.0,0.997508,0.900887,0.634461,0.846979,0.91303294817529,0.9151246666666666
classical_05::time_stretch::+20pct,classical_05,classical,time_stretch,20.0,0.99558,0.881636,0.540175,0.863696,0.9118193321925551,0.9136373333333332
classical_05::lowpass::lp8000,classical_05,classical,lowpass,8000.0,0.999994,0.555207,0.997365,0.864897,0.7830789911635806,0.8066993333333332
classical_05::lowpass::lp4000,classical_05,classical,lowpass,4000.0,0.999994,0.424309,0.988053,0.801758,0.6980839397244482,0.7420203333333333
classical_05::lowpass::lp2000,classical_05,classical,lowpass,2000.0,0.999981,0.420024,0.975184,0.811394,0.6984991504687479,0.7437996666666666
classical_05::distortion::drv4,classical_05,classical,distortion,4.0,0.999044,0.611597,0.988816,0.759743,0.7742933985058785,0.7901279999999999
classical_05::distortion::drv12,classical_05,classical,distortion,12.0,0.995044,0.453771,0.9635,0.639261,0.6608746256822454,0.6960253333333333
classical_05::distortion::drv32,classical_05,classical,distortion,32.0,0.992742,0.462087,0.937098,0.596926,0.6493719833673567,0.6839183333333333
classical_05::style_swap::swap_cross,classical_05,classical,style_swap,nan,0.834885,0.443612,0.69714,0.592101,0.6030341580193553,0.6235326666666666
classical_05::style_swap::swap_same,classical_05,classical,style_swap,nan,0.942535,0.470888,0.63049,0.628517,0.6533973660214913,0.6806466666666666
classical_06::control::ctrl,classical_06,classical,control,0.0,1.0,1.0,1.0,0.683052,0.880679571491131,0.8943506666666666
classical_06::pitch_shift::-4st,classical_06,classical,pitch_shift,-4.0,0.733397,0.711626,0.939725,0.669314,0.7042717721293099,0.7047789999999999
classical_06::pitch_shift::-2st,classical_06,classical,pitch_shift,-2.0,0.823548,0.805637,0.991601,0.685565,0.7690578083778816,0.7715833333333333
classical_06::pitch_shift::-1st,classical_06,classical,pitch_shift,-1.0,0.731105,0.846515,0.925951,0.715078,0.7620601928382109,0.7642326666666666
classical_06::pitch_shift::+1st,classical_06,classical,pitch_shift,1.0,0.770905,0.868857,0.992582,0.738644,0.790911906921367,0.7928019999999999
classical_06::pitch_shift::+2st,classical_06,classical,pitch_shift,2.0,0.851748,0.789879,0.964994,0.662846,0.7640024946637315,0.7681576666666666
classical_06::pitch_shift::+4st,classical_06,classical,pitch_shift,4.0,0.755599,0.653797,0.962346,0.723759,0.7097565760721984,0.7110516666666666
classical_06::time_stretch::-20pct,classical_06,classical,time_stretch,-20.0,0.988113,0.686575,0.852273,0.652644,0.7621790072483552,0.7757773333333333
classical_06::time_stretch::-10pct,classical_06,classical,time_stretch,-10.0,0.993382,0.845399,0.902407,0.689541,0.8335136251836028,0.8427739999999999
classical_06::time_stretch::-5pct,classical_06,classical,time_stretch,-5.0,0.998471,0.87979,0.930706,0.724054,0.8599934522705098,0.8674383333333333
classical_06::time_stretch::+5pct,classical_06,classical,time_stretch,5.0,0.996704,0.870391,0.930276,0.695743,0.8451033296449711,0.8542793333333334
classical_06::time_stretch::+10pct,classical_06,classical,time_stretch,10.0,0.991961,0.896454,0.864233,0.689626,0.8495952545056412,0.8593469999999999
classical_06::time_stretch::+20pct,classical_06,classical,time_stretch,20.0,0.98738,0.842828,0.910583,0.667647,0.8220976265039327,0.8326183333333333
classical_06::lowpass::lp8000,classical_06,classical,lowpass,8000.0,0.999344,0.847287,0.999466,0.695906,0.8383628868082422,0.8475123333333333
classical_06::lowpass::lp4000,classical_06,classical,lowpass,4000.0,0.998589,0.628359,0.997548,0.649627,0.7414574413605822,0.7588583333333333
classical_06::lowpass::lp2000,classical_06,classical,lowpass,2000.0,0.99923,0.529815,0.993118,0.605904,0.6845384459949818,0.7116496666666666
classical_06::distortion::drv4,classical_06,classical,distortion,4.0,0.999532,0.849352,0.985212,0.68082,0.8329883110847018,0.8432346666666666
classical_06::distortion::drv12,classical_06,classical,distortion,12.0,0.994831,0.64884,0.949693,0.540312,0.7038992668446046,0.7279943333333333
classical_06::distortion::drv32,classical_06,classical,distortion,32.0,0.989607,0.587683,0.942812,0.44367,0.636632272151209,0.6736533333333332
classical_06::style_swap::swap_cross,classical_06,classical,style_swap,nan,0.860518,0.472724,0.758397,0.549085,0.6067396782260814,0.6274423333333333
classical_06::style_swap::swap_same,classical_06,classical,style_swap,nan,0.818979,0.522514,0.856777,0.706083,0.6710303307006559,0.6825253333333333
classical_07::control::ctrl,classical_07,classical,control,0.0,1.0,1.0,1.0,0.726878,0.8991259003012722,0.9089593333333332
classical_07::pitch_shift::-4st,classical_07,classical,pitch_shift,-4.0,0.757175,0.546959,0.992101,0.634361,0.6404656438057369,0.646165
classical_07::pitch_shift::-2st,classical_07,classical,pitch_shift,-2.0,0.520225,0.674968,0.997295,0.662274,0.6149465499682099,0.6191556666666667
classical_07::pitch_shift::-1st,classical_07,classical,pitch_shift,-1.0,0.613044,0.808133,0.998693,0.697808,0.7018378898664528,0.7063283333333332
classical_07::pitch_shift::+1st,classical_07,classical,pitch_shift,1.0,0.608593,0.789392,0.979729,0.702007,0.6960712645293042,0.6999973333333334
classical_07::pitch_shift::+2st,classical_07,classical,pitch_shift,2.0,0.502196,0.669624,0.975705,0.631703,0.5966766826057304,0.6011743333333333
classical_07::pitch_shift::+4st,classical_07,classical,pitch_shift,4.0,0.74198,0.536072,0.967433,0.654416,0.6384933974085624,0.644156
classical_07::time_stretch::-20pct,classical_07,classical,time_stretch,-20.0,0.98842,0.817409,0.735008,0.739775,0.8423518424003132,0.8485346666666667
classical_07::time_stretch::-10pct,classical_07,classical,time_stretch,-10.0,0.999356,0.893115,0.779965,0.758826,0.8781929308770076,0.8837656666666667
classical_07::time_stretch::-5pct,classical_07,classical,time_stretch,-5.0,0.999388,0.928266,0.79643,0.742898,0.8833075063231345,0.890184
classical_07::time_stretch::+5pct,classical_07,classical,time_stretch,5.0,0.998837,0.893304,0.819091,0.742265,0.8716677154046436,0.8781353333333333
classical_07::time_stretch::+10pct,classical_07,classical,time_stretch,10.0,0.9976,0.865128,0.775159,0.709497,0.8491722446354677,0.8574083333333333
classical_07::time_stretch::+20pct,classical_07,classical,time_stretch,20.0,0.994553,0.84689,0.725658,0.726809,0.8490991595478825,0.856084
classical_07::lowpass::lp8000,classical_07,classical,lowpass,8000.0,1.0,0.887377,0.999931,0.73848,0.8685916205280854,0.8752856666666666
classical_07::lowpass::lp4000,classical_07,classical,lowpass,4000.0,0.999998,0.67577,0.999563,0.746205,0.7959492869407401,0.8073243333333333
classical_07::lowpass::lp2000,classical_07,classical,lowpass,2000.0,0.999805,0.529654,0.997893,0.685526,0.7133628640179336,0.7383283333333333
classical_07::distortion::drv4,classical_07,classical,distortion,4.0,0.999685,0.830664,0.999399,0.732884,0.8474380014753398,0.854411
classical_07::distortion::drv12,classical_07,classical,distortion,12.0,0.997603,0.688581,0.997957,0.681682,0.7765418559180394,0.7892886666666666
classical_07::distortion::drv32,classical_07,classical,distortion,32.0,0.9914,0.60047,0.995059,0.579242,0.7012401239531021,0.7237039999999999
classical_07::style_swap::swap_cross,classical_07,classical,style_swap,nan,0.561467,0.441637,0.729005,0.65258,0.5449305409144436,0.5518946666666666
classical_07::style_swap::swap_same,classical_07,classical,style_swap,nan,0.900928,0.479528,0.776503,0.634711,0.6496708190571638,0.6717223333333333
classical_08::control::ctrl,classical_08,classical,control,0.0,1.0,1.0,1.0,0.850615,0.9474966409193019,0.950205
classical_08::pitch_shift::-4st,classical_08,classical,pitch_shift,-4.0,0.66046,0.515426,0.969699,0.704359,0.621253674141057,0.6267483333333334
classical_08::pitch_shift::-2st,classical_08,classical,pitch_shift,-2.0,0.587729,0.626776,0.971708,0.705016,0.6380129355564821,0.6398403333333333
classical_08::pitch_shift::-1st,classical_08,classical,pitch_shift,-1.0,0.622255,0.743194,0.973409,0.794787,0.7163200624609368,0.7200786666666666
classical_08::pitch_shift::+1st,classical_08,classical,pitch_shift,1.0,0.638413,0.712939,0.992423,0.807888,0.7164211810578948,0.7197466666666666
classical_08::pitch_shift::+2st,classical_08,classical,pitch_shift,2.0,0.581312,0.619846,0.981159,0.766917,0.6513491018388732,0.656025
classical_08::pitch_shift::+4st,classical_08,classical,pitch_shift,4.0,0.646051,0.47619,0.978834,0.785706,0.6229249335585592,0.6359823333333333
classical_08::time_stretch::-20pct,classical_08,classical,time_stretch,-20.0,0.993109,0.817406,0.907803,0.828568,0.876168492779756,0.8796943333333332
classical_08::time_stretch::-10pct,classical_08,classical,time_stretch,-10.0,0.998668,0.874913,0.909187,0.829006,0.8980790369856122,0.9008623333333333
classical_08::time_stretch::-5pct,classical_08,classical,time_stretch,-5.0,0.998693,0.835193,0.933775,0.844979,0.8899281047817178,0.8929549999999999
classical_08::time_stretch::+5pct,classical_08,classical,time_stretch,5.0,0.998583,0.864724,0.94635,0.832922,0.8959601039086996,0.898743
classical_08::time_stretch::+10pct,classical_08,classical,time_stretch,10.0,0.998933,0.888601,0.931891,0.814033,0.8973497022278486,0.9005223333333332
classical_08::time_stretch::+20pct,classical_08,classical,time_stretch,20.0,0.997636,0.866634,0.908052,0.785418,0.8789609116600126,0.8832293333333332
classical_08::lowpass::lp8000,classical_08,classical,lowpass,8000.0,0.999998,0.958807,0.999964,0.852992,0.9351725742958105,0.9372656666666666
classical_08::lowpass::lp4000,classical_08,classical,lowpass,4000.0,0.999966,0.949258,0.999725,0.862291,0.9354224405189865,0.9371716666666667
classical_08::lowpass::lp2000,classical_08,classical,lowpass,2000.0,0.999991,0.464655,0.978765,0.809842,0.721953125408733,0.7581626666666665
classical_08::distortion::drv4,classical_08,classical,distortion,4.0,0.99872,0.57373,0.982073,0.786626,0.7667254300378493,0.7863586666666667
classical_08::distortion::drv12,classical_08,classical,distortion,12.0,0.984657,0.414515,0.972302,0.548975,0.6073782887888307,0.6493823333333333
classical_08::distortion::drv32,classical_08,classical,distortion,32.0,0.967876,0.408195,0.979023,0.435135,0.5560371469185106,0.6037353333333333
classical_08::style_swap::swap_cross,classical_08,classical,style_swap,nan,0.809106,0.416323,0.888808,0.604412,0.5882875192926282,0.609947
classical_08::style_swap::swap_same,classical_08,classical,style_swap,nan,0.809079,0.380344,0.901233,0.667203,0.5899408863038628,0.6188753333333332
classical_09::control::ctrl,classical_09,classical,control,0.0,1.0,1.0,1.0,0.779827,0.9204483479466142,0.926609
classical_09::pitch_shift::-4st,classical_09,classical,pitch_shift,-4.0,0.847713,0.620719,0.993877,0.656669,0.7017193714549375,0.708367
classical_09::pitch_shift::-2st,classical_09,classical,pitch_shift,-2.0,0.849058,0.72651,0.998212,0.696997,0.7547502888211624,0.7575216666666666
classical_09::pitch_shift::-1st,classical_09,classical,pitch_shift,-1.0,0.806724,0.815524,0.999183,0.706485,0.7746191387944028,0.7762443333333333
classical_09::pitch_shift::+1st,classical_09,classical,pitch_shift,1.0,0.798944,0.796562,0.998335,0.687986,0.7593438996429822,0.761164
classical_09::pitch_shift::+2st,classical_09,classical,pitch_shift,2.0,0.834423,0.709868,0.985911,0.690775,0.7423923574170784,0.745022
classical_09::pitch_shift::+4st,classical_09,classical,pitch_shift,4.0,0.827298,0.589129,0.978968,0.649953,0.6816866299759863,0.6887933333333333
classical_09::time_stretch::-20pct,classical_09,classical,time_stretch,-20.0,0.990638,0.873388,0.830196,0.755334,0.8678015322454494,0.8731199999999999
classical_09::time_stretch::-10pct,classical_09,classical,time_stretch,-10.0,0.995782,0.889421,0.863167,0.777369,0.8830113574094269,0.887524
classical_09::time_stretch::-5pct,classical_09,classical,time_stretch,-5.0,0.99833,0.891746,0.810619,0.801823,0.8937127090218807,0.8972996666666666
classical_09::time_stretch::+5pct,classical_09,classical,time_stretch,5.0,0.999149,0.896342,0.883323,0.82479,0.9039598272994099,0.9067603333333333
classical_09::time_stretch::+10pct,classical_09,classical,time_stretch,10.0,0.998608,0.891156,0.860268,0.788904,0.8887732567165774,0.8928893333333333
classical_09::time_stretch::+20pct,classical_09,classical,time_stretch,20.0,0.995915,0.855669,0.832581,0.808019,0.8830457708965352,0.8865343333333333
classical_09::lowpass::lp8000,classical_09,classical,lowpass,8000.0,1.0,0.849612,0.999888,0.781847,0.872530875605816,0.877153
classical_09::lowpass::lp4000,classical_09,classical,lowpass,4000.0,0.999999,0.586038,0.988682,0.815542,0.7818508123125587,0.8005263333333332
classical_09::lowpass::lp2000,classical_09,classical,lowpass,2000.0,0.99994,0.479378,0.987621,0.73121,0.7050686222094013,0.7368426666666666
classical_09::distortion::drv4,classical_09,classical,distortion,4.0,0.999633,0.807796,0.999539,0.695301,0.8249704241001622,0.8342433333333332
classical_09::distortion::drv12,classical_09,classical,distortion,12.0,0.996819,0.633971,0.998562,0.655388,0.7454091651084082,0.7620593333333332
classical_09::distortion::drv32,classical_09,classical,distortion,32.0,0.991088,0.52882,0.99644,0.659636,0.7018454353398222,0.7265146666666666
classical_09::style_swap::swap_cross,classical_09,classical,style_swap,nan,0.897722,0.377306,0.883131,0.45371,0.535637914469341,0.5762459999999999
classical_09::style_swap::swap_same,classical_09,classical,style_swap,nan,0.818171,0.530727,0.816501,0.532988,0.6139658730582773,0.6272953333333333
classical_10::control::ctrl,classical_10,classical,control,0.0,1.0,1.0,1.0,0.847845,0.9464670251713868,0.9492816666666666
classical_10::pitch_shift::-4st,classical_10,classical,pitch_shift,-4.0,0.719206,0.613163,0.996574,0.712668,0.679890282014845,0.6816789999999999
classical_10::pitch_shift::-2st,classical_10,classical,pitch_shift,-2.0,0.685272,0.751577,0.999045,0.717236,0.7175180807971981,0.7180283333333333
classical_10::pitch_shift::-1st,classical_10,classical,pitch_shift,-1.0,0.599706,0.837534,0.999695,0.72206,0.713134382671378,0.7197666666666667
classical_10::pitch_shift::+1st,classical_10,classical,pitch_shift,1.0,0.594883,0.857373,0.999183,0.713025,0.7137871185041857,0.7217603333333333
classical_10::pitch_shift::+2st,classical_10,classical,pitch_shift,2.0,0.662733,0.773572,0.99803,0.747478,0.7263499611760018,0.7279276666666666
classical_10::pitch_shift::+4st,classical_10,classical,pitch_shift,4.0,0.728674,0.641806,0.994788,0.713927,0.6937403436302529,0.6948023333333333
classical_10::time_stretch::-20pct,classical_10,classical,time_stretch,-20.0,0.988434,0.828269,0.928726,0.817851,0.8748449528742769,0.8781846666666666
classical_10::time_stretch::-10pct,classical_10,classical,time_stretch,-10.0,0.995007,0.872862,0.919239,0.813256,0.8905664560405925,0.8937083333333333
classical_10::time_stretch::-5pct,classical_10,classical,time_stretch,-5.0,0.998621,0.921471,0.936839,0.82288,0.9114642192056117,0.9143239999999999
classical_10::time_stretch::+5pct,classical_10,classical,time_stretch,5.0,0.998283,0.933263,0.936183,0.810532,0.9106314175340113,0.914026
classical_10::time_stretch::+10pct,classical_10,classical,time_stretch,10.0,0.996293,0.89694,0.916669,0.809239,0.8975853563125831,0.9008239999999998
classical_10::time_stretch::+20pct,classical_10,classical,time_stretch,20.0,0.993261,0.850016,0.904104,0.805037,0.879229211041169,0.8827713333333332
classical_10::lowpass::lp8000,classical_10,classical,lowpass,8000.0,1.0,0.870783,0.999954,0.847845,0.9038065167252453,0.9062093333333332
classical_10::lowpass::lp4000,classical_10,classical,lowpass,4000.0,0.999993,0.65228,0.999774,0.818312,0.8111789036701699,0.8235283333333333
classical_10::lowpass::lp2000,classical_10,classical,lowpass,2000.0,0.999819,0.536521,0.999236,0.778836,0.7475691589320009,0.7717253333333333
classical_10::distortion::drv4,classical_10,classical,distortion,4.0,0.999561,0.723807,0.999312,0.790945,0.8302192307297525,0.8381043333333333
classical_10::distortion::drv12,classical_10,classical,distortion,12.0,0.994965,0.593012,0.998199,0.698214,0.744080539153025,0.7620636666666667
classical_10::distortion::drv32,classical_10,classical,distortion,32.0,0.986273,0.550735,0.994871,0.627654,0.6985862620205929,0.7215539999999999
classical_10::style_swap::swap_cross,classical_10,classical,style_swap,nan,0.647722,0.481486,0.954542,0.613361,0.5761861614991572,0.5808563333333333
classical_10::style_swap::swap_same,classical_10,classical,style_swap,nan,0.904747,0.493142,0.904104,0.749234,0.6940203533264955,0.7157076666666666
classical_11::control::ctrl,classical_11,classical,control,0.0,1.0,1.0,1.0,0.814832,0.9340196765674983,0.9382773333333333
classical_11::pitch_shift::-4st,classical_11,classical,pitch_shift,-4.0,0.644511,0.61685,0.957136,0.693205,0.6507645143515179,0.6515219999999999
classical_11::pitch_shift::-2st,classical_11,classical,pitch_shift,-2.0,0.657321,0.682686,0.97537,0.737841,0.6918104153046104,0.6926159999999999
classical_11::pitch_shift::-1st,classical_11,classical,pitch_shift,-1.0,0.60803,0.790021,0.994911,0.680746,0.688942400368825,0.6929323333333333
classical_11::pitch_shift::+1st,classical_11,classical,pitch_shift,1.0,0.643258,0.77334,0.959968,0.717246,0.7092640294575294,0.7112813333333333
classical_11::pitch_shift::+2st,classical_11,classical,pitch_shift,2.0,0.649718,0.677095,0.958427,0.677674,0.6680338097530745,0.6681623333333333
classical_11::pitch_shift::+4st,classical_11,classical,pitch_shift,4.0,0.744317,0.585759,0.97227,0.698332,0.6727385021507979,0.676136
classical_11::time_stretch::-20pct,classical_11,classical,time_stretch,-20.0,0.994829,0.797909,0.855345,0.821871,0.8672982811042009,0.8715363333333332
classical_11::time_stretch::-10pct,classical_11,classical,time_stretch,-10.0,0.999187,0.868288,0.877872,0.789547,0.88151462213187,0.885674
classical_11::time_stretch::-5pct,classical_11,classical,time_stretch,-5.0,0.998641,0.88302,0.877096,0.79492,0.8883166156414767,0.8921936666666666
classical_11::time_stretch::+5pct,classical_11,classical,time_stretch,5.0,0.999501,0.870562,0.875965,0.805688,0.888348305294065,0.8919169999999998
classical_11::time_stretch::+10pct,classical_11,classical,time_stretch,10.0,0.999293,0.854816,0.845234,0.793056,0.878260021957844,0.8823883333333333
classical_11::time_stretch::+20pct,classical_11,classical,time_stretch,20.0,0.994507,0.840781,0.814446,0.815709,0.8802553279850478,0.8836656666666667
classical_11::lowpass::lp8000,classical_11,classical,lowpass,8000.0,1.0,0.994814,0.999996,0.810969,0.9309264728749811,0.9352609999999999
classical_11::lowpass::lp4000,classical_11,classical,lowpass,4000.0,1.0,0.824766,0.999765,0.813819,0.8755605622091451,0.8795283333333332
classical_11::lowpass::lp2000,classical_11,classical,lowpass,2000.0,0.999993,0.595429,0.980281,0.81431,0.7856074084702744,0.803244
classical_11::distortion::drv4,classical_11,classical,distortion,4.0,0.99995,0.879139,0.981273,0.793296,0.886795944968158,0.890795
classical_11::distortion::drv12,classical_11,classical,distortion,12.0,0.998639,0.680253,0.978224,0.760774,0.8024997086548368,0.8132219999999999
classical_11::distortion::drv32,classical_11,classical,distortion,32.0,0.992478,0.554524,0.97551,0.691308,0.7246099159918062,0.7461033333333333
classical_11::style_swap::swap_cross,classical_11,classical,style_swap,nan,0.885847,0.394578,0.790835,0.573354,0.5852006648655368,0.6179263333333334
classical_11::style_swap::swap_same,classical_11,classical,style_swap,nan,0.759333,0.423632,0.821259,0.586973,0.5736932222622477,0.5899793333333333
classical_12::control::ctrl,classical_12,classical,control,0.0,1.0,1.0,1.0,0.828252,0.939119440960943,0.9427506666666666
classical_12::pitch_shift::-4st,classical_12,classical,pitch_shift,-4.0,0.743455,0.57237,0.990987,0.795541,0.6969442489697747,0.7037886666666666
classical_12::pitch_shift::-2st,classical_12,classical,pitch_shift,-2.0,0.758042,0.700802,0.992392,0.811631,0.7554674247554529,0.756825
classical_12::pitch_shift::-1st,classical_12,classical,pitch_shift,-1.0,0.83163,0.763924,0.992558,0.811276,0.8017697070539338,0.8022766666666665
classical_12::pitch_shift::+1st,classical_12,classical,pitch_shift,1.0,0.824582,0.78472,0.980745,0.812198,0.8069937338083452,0.8071666666666666
classical_12::pitch_shift::+2st,classical_12,classical,pitch_shift,2.0,0.757663,0.701448,0.980585,0.796916,0.7509794199752843,0.7520089999999999
classical_12::pitch_shift::+4st,classical_12,classical,pitch_shift,4.0,0.732591,0.589121,0.991232,0.810486,0.7045911762940967,0.7107326666666667
classical_12::time_stretch::-20pct,classical_12,classical,time_stretch,-20.0,0.990562,0.797208,0.933233,0.819834,0.8650869201967665,0.8692013333333333
classical_12::time_stretch::-10pct,classical_12,classical,time_stretch,-10.0,0.998019,0.847277,0.931675,0.83058,0.8888911152454068,0.8919586666666666
classical_12::time_stretch::-5pct,classical_12,classical,time_stretch,-5.0,0.998018,0.823914,0.931651,0.822312,0.8777125231251944,0.8814146666666667
classical_12::time_stretch::+5pct,classical_12,classical,time_stretch,5.0,0.999421,0.817878,0.92275,0.825798,0.8772100686898544,0.8810323333333333
classical_12::time_stretch::+10pct,classical_12,classical,time_stretch,10.0,0.998317,0.853546,0.903186,0.812041,0.8844863164045348,0.887968
classical_12::time_stretch::+20pct,classical_12,classical,time_stretch,20.0,0.996667,0.842452,0.937447,0.808464,0.8788578647530623,0.8825276666666666
classical_12::lowpass::lp8000,classical_12,classical,lowpass,8000.0,1.0,0.813923,0.999443,0.831197,0.8778677525915243,0.8817066666666666
classical_12::lowpass::lp4000,classical_12,classical,lowpass,4000.0,0.999999,0.509593,0.997705,0.803243,0.7424889413398218,0.770945
classical_12::lowpass::lp2000,classical_12,classical,lowpass,2000.0,0.999363,0.414133,0.98257,0.783656,0.6870624113269275,0.7323839999999999
classical_12::distortion::drv4,classical_12,classical,distortion,4.0,0.999485,0.911366,0.99945,0.819492,0.9071336426760109,0.9101143333333332
classical_12::distortion::drv12,classical_12,classical,distortion,12.0,0.997929,0.706351,0.994833,0.816432,0.83178945209287,0.8402373333333333
classical_12::distortion::drv32,classical_12,classical,distortion,32.0,0.995035,0.5538,0.972473,0.715885,0.7334066729387394,0.7549066666666666
classical_12::style_swap::swap_cross,classical_12,classical,style_swap,nan,0.970511,0.410347,0.9129,0.533101,0.5965594650979673,0.6379863333333333
classical_12::style_swap::swap_same,classical_12,classical,style_swap,nan,0.654856,0.48404,0.888062,0.59213,0.5725517012127245,0.5770086666666667
classical_13::control::ctrl,classical_13,classical,control,0.0,1.0,1.0,1.0,0.735999,0.9028710781854271,0.9119996666666665
classical_13::pitch_shift::-4st,classical_13,classical,pitch_shift,-4.0,0.841156,0.546658,0.959453,0.684603,0.6802632626947535,0.6908056666666667
classical_13::pitch_shift::-2st,classical_13,classical,pitch_shift,-2.0,0.862278,0.652012,0.941637,0.743706,0.7477700384858061,0.7526653333333333
classical_13::pitch_shift::-1st,classical_13,classical,pitch_shift,-1.0,0.825424,0.750878,0.968598,0.681804,0.7504158625335192,0.752702
classical_13::pitch_shift::+1st,classical_13,classical,pitch_shift,1.0,0.850371,0.74316,0.967456,0.698453,0.76139376850691,0.7639946666666666
classical_13::pitch_shift::+2st,classical_13,classical,pitch_shift,2.0,0.878071,0.645527,0.96449,0.716563,0.7405700455108838,0.7467203333333333
classical_13::pitch_shift::+4st,classical_13,classical,pitch_shift,4.0,0.87644,0.52088,0.982057,0.719228,0.6898830683964227,0.705516
classical_13::time_stretch::-20pct,classical_13,classical,time_stretch,-20.0,0.987907,0.772055,0.823149,0.718604,0.8183730346836278,0.8261886666666667
classical_13::time_stretch::-10pct,classical_13,classical,time_stretch,-10.0,0.998938,0.803849,0.789457,0.710156,0.8292565748686893,0.8376476666666666
classical_13::time_stretch::-5pct,classical_13,classical,time_stretch,-5.0,0.997454,0.817455,0.875331,0.717547,0.8363775390162029,0.844152
classical_13::time_stretch::+5pct,classical_13,classical,time_stretch,5.0,0.999296,0.793227,0.845986,0.740836,0.8374095419389707,0.844453
classical_13::time_stretch::+10pct,classical_13,classical,time_stretch,10.0,0.993953,0.805061,0.846581,0.734197,0.8375339380463871,0.8444036666666666
classical_13::time_stretch::+20pct,classical_13,classical,time_stretch,20.0,0.994975,0.77802,0.803953,0.72461,0.8247121972847441,0.832535
classical_13::lowpass::lp8000,classical_13,classical,lowpass,8000.0,1.0,0.803034,0.948103,0.733399,0.8382201223232892,0.8454776666666666
classical_13::lowpass::lp4000,classical_13,classical,lowpass,4000.0,0.999998,0.652772,0.947634,0.7489,0.7877616353888207,0.8005566666666666
classical_13::lowpass::lp2000,classical_13,classical,lowpass,2000.0,0.999967,0.484744,0.99823,0.696788,0.6964120188286606,0.7271663333333334
classical_13::distortion::drv4,classical_13,classical,distortion,4.0,0.999999,0.977888,0.948413,0.746211,0.9002921079215188,0.9080326666666666
classical_13::distortion::drv12,classical_13,classical,distortion,12.0,0.999983,0.874878,0.948076,0.735154,0.8631894938110968,0.8700049999999999
classical_13::distortion::drv32,classical_13,classical,distortion,32.0,0.999935,0.69862,0.94636,0.727989,0.7982014894071887,0.808848
classical_13::style_swap::swap_cross,classical_13,classical,style_swap,nan,0.93863,0.407658,0.735857,0.553928,0.5962310277731134,0.6334053333333333
classical_13::style_swap::swap_same,classical_13,classical,style_swap,nan,0.850502,0.408575,0.846581,0.703039,0.6251374478117294,0.6540386666666667
classical_14::control::ctrl,classical_14,classical,control,0.0,1.0,1.0,1.0,0.853792,0.9486747912166547,0.9512639999999999
classical_14::pitch_shift::-4st,classical_14,classical,pitch_shift,-4.0,0.707828,0.578009,0.943716,0.777447,0.6826179596518982,0.6877613333333332
classical_14::pitch_shift::-2st,classical_14,classical,pitch_shift,-2.0,0.827862,0.711363,0.949087,0.81957,0.7844135575236666,0.786265
classical_14::pitch_shift::-1st,classical_14,classical,pitch_shift,-1.0,0.691517,0.815142,0.996563,0.84126,0.779809982686142,0.7826396666666666
classical_14::pitch_shift::+1st,classical_14,classical,pitch_shift,1.0,0.706686,0.814737,0.970512,0.822655,0.7795079634463522,0.7813593333333333
classical_14::pitch_shift::+2st,classical_14,classical,pitch_shift,2.0,0.834355,0.714599,0.970265,0.838165,0.793562127145526,0.7957063333333333
classical_14::pitch_shift::+4st,classical_14,classical,pitch_shift,4.0,0.717731,0.575861,0.965025,0.778419,0.6852214241260036,0.6906703333333333
classical_14::time_stretch::-20pct,classical_14,classical,time_stretch,-20.0,0.99348,0.818313,0.707226,0.836961,0.8795514865073357,0.882918
classical_14::time_stretch::-10pct,classical_14,classical,time_stretch,-10.0,0.997792,0.894334,0.770482,0.842501,0.9092920515164782,0.9115423333333332
classical_14::time_stretch::-5pct,classical_14,classical,time_stretch,-5.0,0.998505,0.904537,0.78324,0.842213,0.9128501830645195,0.9150849999999999
classical_14::time_stretch::+5pct,classical_14,classical,time_stretch,5.0,0.998342,0.887296,0.825731,0.859581,0.9131558192367693,0.9150729999999999
classical_14::time_stretch::+10pct,classical_14,classical,time_stretch,10.0,0.99714,0.89474,0.806057,0.864695,0.9171463592156004,0.9188583333333333
classical_14::time_stretch::+20pct,classical_14,classical,time_stretch,20.0,0.989512,0.837994,0.828852,0.842746,0.8874002732483848,0.8900839999999999
classical_14::lowpass::lp8000,classical_14,classical,lowpass,8000.0,1.0,0.984898,0.999993,0.853182,0.9436500776210385,0.9460266666666666
classical_14::lowpass::lp4000,classical_14,classical,lowpass,4000.0,1.0,0.941419,0.99991,0.849606,0.9282540298174339,0.9303416666666666
classical_14::lowpass::lp2000,classical_14,classical,lowpass,2000.0,0.999999,0.586041,0.998457,0.858661,0.795395448420349,0.8149003333333333
classical_14::distortion::drv4,classical_14,classical,distortion,4.0,0.999914,0.742817,0.996099,0.755639,0.8248714697273197,0.8327899999999999
classical_14::distortion::drv12,classical_14,classical,distortion,12.0,0.998442,0.574651,0.988334,0.570335,0.6891054384994972,0.714476
classical_14::distortion::drv32,classical_14,classical,distortion,32.0,0.99225,0.502599,0.982553,0.488518,0.6245603830588146,0.6611223333333334
classical_14::style_swap::swap_cross,classical_14,classical,style_swap,nan,0.872103,0.34507,0.760395,0.592043,0.5626989157276806,0.6030719999999999
classical_14::style_swap::swap_same,classical_14,classical,style_swap,nan,0.825374,0.443807,0.748869,0.514794,0.5734463632679143,0.5946583333333333
classical_15::control::ctrl,classical_15,classical,control,0.0,1.0,1.0,1.0,0.757276,0.9114889282863854,0.9190919999999999
classical_15::pitch_shift::-4st,classical_15,classical,pitch_shift,-4.0,0.956393,0.512275,0.985627,0.792694,0.7295947617664219,0.7537873333333334
classical_15::pitch_shift::-2st,classical_15,classical,pitch_shift,-2.0,0.968809,0.686446,0.996145,0.791384,0.8073786662004493,0.8155463333333333
classical_15::pitch_shift::-1st,classical_15,classical,pitch_shift,-1.0,0.985054,0.818368,0.98649,0.757473,0.8483829756971961,0.8536316666666666
classical_15::pitch_shift::+1st,classical_15,classical,pitch_shift,1.0,0.983004,0.815529,0.985582,0.739702,0.8401377429075946,0.8460783333333333
classical_15::pitch_shift::+2st,classical_15,classical,pitch_shift,2.0,0.974903,0.680341,0.994626,0.74399,0.7902267307803292,0.7997446666666667
classical_15::pitch_shift::+4st,classical_15,classical,pitch_shift,4.0,0.968333,0.545058,0.983762,0.713189,0.7220335239965793,0.7421933333333333
classical_15::time_stretch::-20pct,classical_15,classical,time_stretch,-20.0,0.998319,0.811425,0.943046,0.745614,0.8452994601274916,0.8517859999999999
classical_15::time_stretch::-10pct,classical_15,classical,time_stretch,-10.0,0.999528,0.825324,0.927275,0.776347,0.8619692493471479,0.8670663333333333
classical_15::time_stretch::-5pct,classical_15,classical,time_stretch,-5.0,0.999651,0.87658,0.939828,0.747581,0.8684925002232047,0.8746039999999999
classical_15::time_stretch::+5pct,classical_15,classical,time_stretch,5.0,0.998817,0.899563,0.941789,0.773777,0.8858858713842702,0.890719
classical_15::time_stretch::+10pct,classical_15,classical,time_stretch,10.0,0.997413,0.828615,0.93134,0.787083,0.8664618570458834,0.8710369999999998
classical_15::time_stretch::+20pct,classical_15,classical,time_stretch,20.0,0.996189,0.804427,0.930107,0.78526,0.8569338246398504,0.8619586666666665
classical_15::lowpass::lp8000,classical_15,classical,lowpass,8000.0,0.999872,0.638903,0.999001,0.754992,0.7842247804708086,0.7979223333333333
classical_15::lowpass::lp4000,classical_15,classical,lowpass,4000.0,0.999872,0.577799,0.984907,0.741679,0.7538976537341373,0.7731166666666666
classical_15::lowpass::lp2000,classical_15,classical,lowpass,2000.0,0.999224,0.476938,0.974413,0.708099,0.6962089275314342,0.7280869999999999
classical_15::distortion::drv4,classical_15,classical,distortion,4.0,0.999986,0.995864,0.999988,0.747486,0.9062868363210093,0.9144453333333333
classical_15::distortion::drv12,classical_15,classical,distortion,12.0,1.0,0.946748,0.999811,0.743564,0.8895784435726514,0.8967706666666666
classical_15::distortion::drv32,classical_15,classical,distortion,32.0,0.999869,0.806057,0.998657,0.746713,0.8442819864355472,0.8508796666666666
classical_15::style_swap::swap_cross,classical_15,classical,style_swap,nan,0.982942,0.408907,0.93134,0.670868,0.6460455977187413,0.6875723333333332
classical_15::style_swap::swap_same,classical_15,classical,style_swap,nan,0.921747,0.440542,0.958623,0.721377,0.6641310437102225,0.6945553333333333
ambient_01::control::ctrl,ambient_01,ambient,control,0.0,1.0,1.0,1.0,0.75281,0.909693573114669,0.9176033333333333
ambient_01::pitch_shift::-4st,ambient_01,ambient,pitch_shift,-4.0,0.992258,0.53536,0.980833,0.725145,0.7276096691015554,0.750921
ambient_01::pitch_shift::-2st,ambient_01,ambient,pitch_shift,-2.0,0.994315,0.66969,0.983694,0.747035,0.7923424395801472,0.80368
ambient_01::pitch_shift::-1st,ambient_01,ambient,pitch_shift,-1.0,0.991005,0.792912,0.984659,0.79325,0.8542211216226356,0.8590556666666667
ambient_01::pitch_shift::+1st,ambient_01,ambient,pitch_shift,1.0,0.991134,0.79724,0.995513,0.770594,0.8475832379362517,0.8529893333333332
ambient_01::pitch_shift::+2st,ambient_01,ambient,pitch_shift,2.0,0.995023,0.701998,0.981942,0.760865,0.8100133943931169,0.8192953333333333
ambient_01::pitch_shift::+4st,ambient_01,ambient,pitch_shift,4.0,0.991531,0.599204,0.979406,0.762153,0.7679053996106876,0.784296
ambient_01::time_stretch::-20pct,ambient_01,ambient,time_stretch,-20.0,0.999752,0.828736,0.916876,0.753315,0.854597662404581,0.860601
ambient_01::time_stretch::-10pct,ambient_01,ambient,time_stretch,-10.0,0.999647,0.870771,0.909157,0.758625,0.8708150472154104,0.8763476666666665
ambient_01::time_stretch::-5pct,ambient_01,ambient,time_stretch,-5.0,0.999419,0.877774,0.931209,0.699749,0.8498798520129045,0.8589806666666666
ambient_01::time_stretch::+5pct,ambient_01,ambient,time_stretch,5.0,0.999428,0.887332,0.915878,0.76295,0.8778990476327073,0.8832366666666667
ambient_01::time_stretch::+10pct,ambient_01,ambient,time_stretch,10.0,0.99913,0.892396,0.91084,0.731208,0.8671086451502396,0.8742446666666666
ambient_01::time_stretch::+20pct,ambient_01,ambient,time_stretch,20.0,0.998592,0.816225,0.910857,0.768841,0.8557459189199789,0.8612193333333333
ambient_01::lowpass::lp8000,ambient_01,ambient,lowpass,8000.0,0.999863,0.668602,0.9535,0.740709,0.79113742635882,0.8030579999999999
ambient_01::lowpass::lp4000,ambient_01,ambient,lowpass,4000.0,0.999991,0.456822,0.95672,0.808642,0.7175185480520532,0.7551516666666666
ambient_01::lowpass::lp2000,ambient_01,ambient,lowpass,2000.0,0.999997,0.407643,0.946946,0.785291,0.6840740281284277,0.730977
ambient_01::distortion::drv4,ambient_01,ambient,distortion,4.0,0.999206,0.816485,0.997343,0.753267,0.8501927460091216,0.8563193333333333
ambient_01::distortion::drv12,ambient_01,ambient,distortion,12.0,0.999877,0.583774,0.954719,0.681686,0.7355156207603964,0.7551123333333333
ambient_01::distortion::drv32,ambient_01,ambient,distortion,32.0,0.999322,0.453171,0.946294,0.653117,0.666273973564986,0.70187
ambient_01::style_swap::swap_cross,ambient_01,ambient,style_swap,nan,0.922525,0.383363,0.938745,0.679743,0.6217908988835181,0.6618769999999999
ambient_01::style_swap::swap_same,ambient_01,ambient,style_swap,nan,0.786444,0.436147,0.900649,0.636998,0.6023000796293769,0.6198629999999999
ambient_02::control::ctrl,ambient_02,ambient,control,0.0,1.0,1.0,1.0,0.633565,0.8588758522867067,0.8778549999999999
ambient_02::pitch_shift::-4st,ambient_02,ambient,pitch_shift,-4.0,0.980323,0.674426,0.938547,0.651064,0.7550500248997769,0.7686043333333333
ambient_02::pitch_shift::-2st,ambient_02,ambient,pitch_shift,-2.0,0.980424,0.785,0.954996,0.652538,0.7948706587297587,0.8059873333333333
ambient_02::pitch_shift::-1st,ambient_02,ambient,pitch_shift,-1.0,0.984497,0.848135,0.965034,0.64116,0.8119861114947137,0.8245973333333332
ambient_02::pitch_shift::+1st,ambient_02,ambient,pitch_shift,1.0,0.986951,0.84441,0.96113,0.600578,0.793973717061647,0.8106463333333334
ambient_02::pitch_shift::+2st,ambient_02,ambient,pitch_shift,2.0,0.982582,0.782282,0.95443,0.600848,0.7729752476847697,0.7885706666666665
ambient_02::pitch_shift::+4st,ambient_02,ambient,pitch_shift,4.0,0.986783,0.681679,0.946592,0.604126,0.7407011752578894,0.7575293333333333
ambient_02::time_stretch::-20pct,ambient_02,ambient,time_stretch,-20.0,0.998218,0.850667,0.462415,0.641743,0.8167993325231401,0.8302093333333334
ambient_02::time_stretch::-10pct,ambient_02,ambient,time_stretch,-10.0,0.997818,0.864146,0.575244,0.640562,0.8204772493268798,0.8341753333333333
ambient_02::time_stretch::-5pct,ambient_02,ambient,time_stretch,-5.0,0.999204,0.885862,0.650862,0.642248,0.8284017334676829,0.842438
ambient_02::time_stretch::+5pct,ambient_02,ambient,time_stretch,5.0,0.99961,0.886728,0.692502,0.635779,0.8259917908876444,0.8407056666666666
ambient_02::time_stretch::+10pct,ambient_02,ambient,time_stretch,10.0,0.998716,0.869981,0.592299,0.659402,0.830552988368477,0.8426996666666666
ambient_02::time_stretch::+20pct,ambient_02,ambient,time_stretch,20.0,0.997597,0.851944,0.499157,0.630502,0.812239708303089,0.826681
ambient_02::lowpass::lp8000,ambient_02,ambient,lowpass,8000.0,0.996569,0.696463,0.997989,0.653775,0.7684422661178162,0.782269
ambient_02::lowpass::lp4000,ambient_02,ambient,lowpass,4000.0,0.999159,0.462093,0.985293,0.654173,0.6709428614649493,0.7051416666666666
ambient_02::lowpass::lp2000,ambient_02,ambient,lowpass,2000.0,0.999628,0.414113,0.949808,0.587965,0.6243616941535899,0.6672353333333333
ambient_02::distortion::drv4,ambient_02,ambient,distortion,4.0,0.999992,0.885198,0.97968,0.631687,0.8238464911044633,0.838959
ambient_02::distortion::drv12,ambient_02,ambient,distortion,12.0,0.998867,0.634103,0.93458,0.577185,0.715035333650553,0.7367183333333333
ambient_02::distortion::drv32,ambient_02,ambient,distortion,32.0,0.999022,0.473899,0.90288,0.449738,0.597136304699203,0.6408863333333333
ambient_02::style_swap::swap_cross,ambient_02,ambient,style_swap,nan,0.981542,0.450337,0.696749,0.618875,0.6491571114956203,0.6835846666666666
ambient_02::style_swap::swap_same,ambient_02,ambient,style_swap,nan,0.7031,0.438493,0.499157,0.552519,0.5543392883363115,0.564704
ambient_03::control::ctrl,ambient_03,ambient,control,0.0,1.0,0.90974,0.999968,0.84559,0.9162747306372399,0.9184433333333333
ambient_03::pitch_shift::-4st,ambient_03,ambient,pitch_shift,-4.0,0.967706,0.442899,0.981223,0.670424,0.659881412660195,0.6936763333333332
ambient_03::pitch_shift::-2st,ambient_03,ambient,pitch_shift,-2.0,0.967245,0.615032,0.994189,0.778602,0.7737189616763251,0.7869596666666667
ambient_03::pitch_shift::-1st,ambient_03,ambient,pitch_shift,-1.0,0.955971,0.735116,0.996533,0.791583,0.8224301392246197,0.8275566666666666
ambient_03::pitch_shift::+1st,ambient_03,ambient,pitch_shift,1.0,0.962826,0.885593,0.993496,0.769742,0.8690452486180283,0.8727203333333333
ambient_03::pitch_shift::+2st,ambient_03,ambient,pitch_shift,2.0,0.963699,0.803881,0.986747,0.800604,0.8528061219967545,0.8560613333333333
ambient_03::pitch_shift::+4st,ambient_03,ambient,pitch_shift,4.0,0.964306,0.719474,0.96633,0.734867,0.7988763654496368,0.8062156666666667
ambient_03::time_stretch::-20pct,ambient_03,ambient,time_stretch,-20.0,0.996471,0.888764,0.295881,0.836448,0.9048224245813558,0.9072276666666665
ambient_03::time_stretch::-10pct,ambient_03,ambient,time_stretch,-10.0,0.998134,0.907147,0.439812,0.846571,0.9151872655513913,0.917284
ambient_03::time_stretch::-5pct,ambient_03,ambient,time_stretch,-5.0,0.998928,0.93838,0.541637,0.826722,0.9185246338841707,0.9213433333333333
ambient_03::time_stretch::+5pct,ambient_03,ambient,time_stretch,5.0,0.999007,0.937431,0.534513,0.85535,0.9287180808256071,0.930596
ambient_03::time_stretch::+10pct,ambient_03,ambient,time_stretch,10.0,0.998988,0.905271,0.422457,0.863704,0.9209469278910748,0.9226543333333332
ambient_03::time_stretch::+20pct,ambient_03,ambient,time_stretch,20.0,0.998021,0.869225,0.318227,0.851206,0.9038621247455453,0.9061506666666667
ambient_03::lowpass::lp8000,ambient_03,ambient,lowpass,8000.0,1.0,0.3915,0.995147,0.845272,0.691686686435263,0.7455906666666666
ambient_03::lowpass::lp4000,ambient_03,ambient,lowpass,4000.0,0.999994,0.392753,0.981564,0.795163,0.6784601690978634,0.7293033333333332
ambient_03::lowpass::lp2000,ambient_03,ambient,lowpass,2000.0,0.999952,0.382287,0.939267,0.729489,0.6533247990274169,0.7039093333333333
ambient_03::distortion::drv4,ambient_03,ambient,distortion,4.0,0.99975,0.587877,0.994579,0.801936,0.7782262290510491,0.796521
ambient_03::distortion::drv12,ambient_03,ambient,distortion,12.0,0.999094,0.485067,0.974285,0.665063,0.6856307533239723,0.7164079999999999
ambient_03::distortion::drv32,ambient_03,ambient,distortion,32.0,0.998735,0.443486,0.92293,0.584819,0.6374564982538905,0.67568
ambient_03::style_swap::swap_cross,ambient_03,ambient,style_swap,nan,0.806611,0.376423,0.373746,0.589807,0.5636593794315483,0.590947
ambient_03::style_swap::swap_same,ambient_03,ambient,style_swap,nan,0.776063,0.358581,0.327914,0.47329,0.5087883911411635,0.535978
ambient_04::control::ctrl,ambient_04,ambient,control,0.0,1.0,1.0,1.0,0.774408,0.9183113320735486,0.9248026666666667
ambient_04::pitch_shift::-4st,ambient_04,ambient,pitch_shift,-4.0,0.459223,0.515505,0.970616,0.708538,0.5514928507019777,0.5610886666666666
ambient_04::pitch_shift::-2st,ambient_04,ambient,pitch_shift,-2.0,0.606034,0.656257,0.972521,0.742313,0.665864714977541,0.6682013333333333
ambient_04::pitch_shift::-1st,ambient_04,ambient,pitch_shift,-1.0,0.472828,0.778053,0.991253,0.735684,0.6468464908187,0.6621883333333334
ambient_04::pitch_shift::+1st,ambient_04,ambient,pitch_shift,1.0,0.477004,0.745021,0.97341,0.734621,0.6391232620642117,0.6522153333333334
ambient_04::pitch_shift::+2st,ambient_04,ambient,pitch_shift,2.0,0.598214,0.608624,0.967539,0.733282,0.6439105741086085,0.6467066666666667
ambient_04::pitch_shift::+4st,ambient_04,ambient,pitch_shift,4.0,0.43418,0.501688,0.971505,0.653398,0.5221081142260567,0.5297553333333334
ambient_04::time_stretch::-20pct,ambient_04,ambient,time_stretch,-20.0,0.993377,0.754233,0.95832,0.730214,0.8178806408306094,0.8259413333333333
ambient_04::time_stretch::-10pct,ambient_04,ambient,time_stretch,-10.0,0.99767,0.803936,0.956292,0.759191,0.8475912804412393,0.8535989999999999
ambient_04::time_stretch::-5pct,ambient_04,ambient,time_stretch,-5.0,0.999517,0.862829,0.9579,0.745158,0.862954230837333,0.8691679999999999
ambient_04::time_stretch::+5pct,ambient_04,ambient,time_stretch,5.0,0.998323,0.872901,0.959516,0.760368,0.8718062263575461,0.8771973333333333
ambient_04::time_stretch::+10pct,ambient_04,ambient,time_stretch,10.0,0.997586,0.86744,0.962529,0.754081,0.8673664036003141,0.8730356666666665
ambient_04::time_stretch::+20pct,ambient_04,ambient,time_stretch,20.0,0.996147,0.838871,0.961295,0.721409,0.8447600932971403,0.8521423333333333
ambient_04::lowpass::lp8000,ambient_04,ambient,lowpass,8000.0,0.999998,0.862722,0.999735,0.774805,0.874354345933032,0.879175
ambient_04::lowpass::lp4000,ambient_04,ambient,lowpass,4000.0,0.999999,0.645434,0.998639,0.730122,0.7781839691245893,0.7918516666666666
ambient_04::lowpass::lp2000,ambient_04,ambient,lowpass,2000.0,0.999506,0.500317,0.997306,0.722602,0.71226774018697,0.7408083333333333
ambient_04::distortion::drv4,ambient_04,ambient,distortion,4.0,0.999892,0.822714,0.995669,0.746894,0.8501332139355122,0.8564999999999999
ambient_04::distortion::drv12,ambient_04,ambient,distortion,12.0,0.994797,0.584906,0.970342,0.666483,0.7292389770992689,0.7487286666666666
ambient_04::distortion::drv32,ambient_04,ambient,distortion,32.0,0.974092,0.484068,0.96521,0.629985,0.667235052093576,0.6960483333333333
ambient_04::style_swap::swap_cross,ambient_04,ambient,style_swap,nan,0.793058,0.388578,0.927492,0.600138,0.5697418156350325,0.5939246666666667
ambient_04::style_swap::swap_same,ambient_04,ambient,style_swap,nan,0.405134,0.449697,0.960799,0.662684,0.4942443603458789,0.5058383333333334
ambient_05::control::ctrl,ambient_05,ambient,control,0.0,1.0,1.0,1.0,0.772766,0.9176618319868377,0.9242553333333332
ambient_05::pitch_shift::-4st,ambient_05,ambient,pitch_shift,-4.0,0.745785,0.558073,0.982263,0.745498,0.6769922745285717,0.6831186666666667
ambient_05::pitch_shift::-2st,ambient_05,ambient,pitch_shift,-2.0,0.675703,0.696504,0.985147,0.777441,0.715235344136814,0.7165493333333334
ambient_05::pitch_shift::-1st,ambient_05,ambient,pitch_shift,-1.0,0.710089,0.771922,0.985251,0.736671,0.7391284612563952,0.7395606666666666
ambient_05::pitch_shift::+1st,ambient_05,ambient,pitch_shift,1.0,0.701993,0.743553,0.986949,0.764887,0.736343849851858,0.7368109999999999
ambient_05::pitch_shift::+2st,ambient_05,ambient,pitch_shift,2.0,0.656682,0.691239,0.98607,0.747858,0.6975909371071974,0.698593
ambient_05::pitch_shift::+4st,ambient_05,ambient,pitch_shift,4.0,0.729949,0.576565,0.985852,0.741096,0.678169760612627,0.6825366666666666
ambient_05::time_stretch::-20pct,ambient_05,ambient,time_stretch,-20.0,0.966328,0.791811,0.960019,0.796226,0.8477363711701993,0.8514549999999999
ambient_05::time_stretch::-10pct,ambient_05,ambient,time_stretch,-10.0,0.993749,0.793972,0.965629,0.787452,0.8533004879893187,0.8583909999999999
ambient_05::time_stretch::-5pct,ambient_05,ambient,time_stretch,-5.0,0.998396,0.780289,0.95006,0.776643,0.8457848787218346,0.8517759999999999
ambient_05::time_stretch::+5pct,ambient_05,ambient,time_stretch,5.0,0.997971,0.746495,0.951705,0.773067,0.8319948789073847,0.8391776666666666
ambient_05::time_stretch::+10pct,ambient_05,ambient,time_stretch,10.0,0.99704,0.799072,0.959307,0.787452,0.8560665514227712,0.8611880000000001
ambient_05::time_stretch::+20pct,ambient_05,ambient,time_stretch,20.0,0.993092,0.781641,0.95712,0.768674,0.8418725235151492,0.8478023333333333
ambient_05::lowpass::lp8000,ambient_05,ambient,lowpass,8000.0,0.999954,0.525608,0.99114,0.774173,0.7410144379369549,0.7665783333333333
ambient_05::lowpass::lp4000,ambient_05,ambient,lowpass,4000.0,0.999843,0.512959,0.989767,0.766551,0.7325745713760841,0.7597843333333334
ambient_05::lowpass::lp2000,ambient_05,ambient,lowpass,2000.0,0.999928,0.429033,0.986924,0.758667,0.6878655200568735,0.7292093333333334
ambient_05::distortion::drv4,ambient_05,ambient,distortion,4.0,0.999994,0.926163,0.999031,0.779839,0.8972151341633466,0.9019986666666666
ambient_05::distortion::drv12,ambient_05,ambient,distortion,12.0,0.999769,0.709542,0.98167,0.760329,0.8140038204095987,0.8232133333333334
ambient_05::distortion::drv32,ambient_05,ambient,distortion,32.0,0.995251,0.535242,0.956528,0.61397,0.6889853478132502,0.7148209999999999
ambient_05::style_swap::swap_cross,ambient_05,ambient,style_swap,nan,0.559526,0.437993,0.915069,0.619757,0.5335432470407394,0.539092
ambient_05::style_swap::swap_same,ambient_05,ambient,style_swap,nan,0.797992,0.443337,0.919335,0.390506,0.516955795991017,0.5439449999999999
ambient_06::control::ctrl,ambient_06,ambient,control,0.0,1.0,1.0,1.0,0.875008,0.9564685063200656,0.958336
ambient_06::pitch_shift::-4st,ambient_06,ambient,pitch_shift,-4.0,0.933675,0.609247,0.686214,0.75544,0.7546224166582244,0.7661206666666667
ambient_06::pitch_shift::-2st,ambient_06,ambient,pitch_shift,-2.0,0.902329,0.724404,0.694207,0.741346,0.7854566746319332,0.7893596666666667
ambient_06::pitch_shift::-1st,ambient_06,ambient,pitch_shift,-1.0,0.903998,0.831501,0.697669,0.741306,0.8228915200488957,0.8256016666666666
ambient_06::pitch_shift::+1st,ambient_06,ambient,pitch_shift,1.0,0.901655,0.7863,0.694405,0.786158,0.8229614709313793,0.8247043333333333
ambient_06::pitch_shift::+2st,ambient_06,ambient,pitch_shift,2.0,0.902507,0.667917,0.688236,0.786523,0.7797609841089718,0.7856489999999998
ambient_06::pitch_shift::+4st,ambient_06,ambient,pitch_shift,4.0,0.938176,0.567462,0.671855,0.766856,0.741842381615607,0.757498
ambient_06::time_stretch::-20pct,ambient_06,ambient,time_stretch,-20.0,0.998234,0.821801,0.528688,0.847704,0.8859606203883659,0.8892463333333332
ambient_06::time_stretch::-10pct,ambient_06,ambient,time_stretch,-10.0,0.999555,0.847777,0.485237,0.858372,0.8993345735481034,0.9019013333333332
ambient_06::time_stretch::-5pct,ambient_06,ambient,time_stretch,-5.0,0.99963,0.885769,0.470404,0.865404,0.915081029543704,0.9169343333333333
ambient_06::time_stretch::+5pct,ambient_06,ambient,time_stretch,5.0,0.999795,0.888206,0.511919,0.875483,0.919512124596451,0.9211613333333333
ambient_06::time_stretch::+10pct,ambient_06,ambient,time_stretch,10.0,0.999554,0.848987,0.524802,0.862778,0.9012987900602994,0.9037729999999999
ambient_06::time_stretch::+20pct,ambient_06,ambient,time_stretch,20.0,0.998073,0.822309,0.603077,0.861623,0.8909189804063192,0.8940016666666666
ambient_06::lowpass::lp8000,ambient_06,ambient,lowpass,8000.0,1.0,0.600507,0.997262,0.877748,0.8077853532355752,0.826085
ambient_06::lowpass::lp4000,ambient_06,ambient,lowpass,4000.0,0.999997,0.441231,0.989876,0.76145,0.6951876290844958,0.7342259999999999
ambient_06::lowpass::lp2000,ambient_06,ambient,lowpass,2000.0,0.999978,0.39032,0.975048,0.761074,0.6672358595656438,0.717124
ambient_06::distortion::drv4,ambient_06,ambient,distortion,4.0,0.999716,0.707646,0.959996,0.725169,0.800529443232129,0.8108436666666666
ambient_06::distortion::drv12,ambient_06,ambient,distortion,12.0,0.997673,0.491608,0.748365,0.571179,0.6543244229184879,0.68682
ambient_06::distortion::drv32,ambient_06,ambient,distortion,32.0,0.9967,0.459338,0.831052,0.477057,0.6022207314813827,0.644365
ambient_06::style_swap::swap_cross,ambient_06,ambient,style_swap,nan,0.864388,0.470867,0.734756,0.640891,0.6389453573615588,0.6587153333333333
ambient_06::style_swap::swap_same,ambient_06,ambient,style_swap,nan,0.683269,0.453646,0.736086,0.664982,0.5907080612548445,0.6006323333333333
ambient_07::control::ctrl,ambient_07,ambient,control,0.0,1.0,1.0,1.0,0.838622,0.943022562694219,0.9462073333333333
ambient_07::pitch_shift::-4st,ambient_07,ambient,pitch_shift,-4.0,0.393679,0.604703,0.993247,0.744362,0.56168072687793,0.5809146666666667
ambient_07::pitch_shift::-2st,ambient_07,ambient,pitch_shift,-2.0,0.689255,0.713976,0.997661,0.780969,0.7270525097665109,0.7280666666666666
ambient_07::pitch_shift::-1st,ambient_07,ambient,pitch_shift,-1.0,0.345517,0.810467,0.998633,0.755294,0.5958088233420993,0.6370926666666666
ambient_07::pitch_shift::+1st,ambient_07,ambient,pitch_shift,1.0,0.355638,0.800128,0.998048,0.748325,0.5971534705836843,0.634697
ambient_07::pitch_shift::+2st,ambient_07,ambient,pitch_shift,2.0,0.675781,0.725934,0.996368,0.770584,0.7230600508051244,0.7240996666666666
ambient_07::pitch_shift::+4st,ambient_07,ambient,pitch_shift,4.0,0.359361,0.607398,0.989967,0.71619,0.5386965379624338,0.560983
ambient_07::time_stretch::-20pct,ambient_07,ambient,time_stretch,-20.0,0.995255,0.839931,0.826812,0.820231,0.8818026220271655,0.8851389999999999
ambient_07::time_stretch::-10pct,ambient_07,ambient,time_stretch,-10.0,0.998026,0.887802,0.864749,0.849696,0.909718827104609,0.9118413333333333
ambient_07::time_stretch::-5pct,ambient_07,ambient,time_stretch,-5.0,0.999378,0.88914,0.886771,0.8439,0.9085112441335409,0.910806
ambient_07::time_stretch::+5pct,ambient_07,ambient,time_stretch,5.0,0.999451,0.883646,0.896231,0.833091,0.9027706303595515,0.905396
ambient_07::time_stretch::+10pct,ambient_07,ambient,time_stretch,10.0,0.997695,0.857108,0.868288,0.840979,0.8959274270899447,0.898594
ambient_07::time_stretch::+20pct,ambient_07,ambient,time_stretch,20.0,0.995522,0.8436,0.856894,0.841689,0.8907989466312071,0.8936036666666667
ambient_07::lowpass::lp8000,ambient_07,ambient,lowpass,8000.0,0.999997,0.874025,0.999889,0.845219,0.9039906414011576,0.9064136666666667
ambient_07::lowpass::lp4000,ambient_07,ambient,lowpass,4000.0,0.999993,0.601988,0.999426,0.839012,0.7963750685703566,0.8136643333333333
ambient_07::lowpass::lp2000,ambient_07,ambient,lowpass,2000.0,0.999893,0.480554,0.998851,0.813616,0.7312037359765194,0.7646876666666667
ambient_07::distortion::drv4,ambient_07,ambient,distortion,4.0,0.999939,0.810032,0.99915,0.829498,0.8758512257599809,0.8798229999999999
ambient_07::distortion::drv12,ambient_07,ambient,distortion,12.0,0.998365,0.599668,0.994383,0.76479,0.7707510779427982,0.7876076666666666
ambient_07::distortion::drv32,ambient_07,ambient,distortion,32.0,0.990253,0.493914,0.988822,0.711121,0.7032563609377279,0.7317626666666667
ambient_07::style_swap::swap_cross,ambient_07,ambient,style_swap,nan,0.803303,0.448432,0.877081,0.58814,0.5961454506600274,0.6132916666666666
ambient_07::style_swap::swap_same,ambient_07,ambient,style_swap,nan,0.800924,0.441013,0.921674,0.608964,0.5991627050935919,0.6169669999999999
ambient_08::control::ctrl,ambient_08,ambient,control,0.0,1.0,1.0,1.0,0.822059,0.9367729236705253,0.9406863333333333
ambient_08::pitch_shift::-4st,ambient_08,ambient,pitch_shift,-4.0,0.7331,0.514572,0.981406,0.768288,0.6617761936719245,0.6719866666666666
ambient_08::pitch_shift::-2st,ambient_08,ambient,pitch_shift,-2.0,0.604723,0.605077,0.985584,0.76821,0.6550619333895639,0.6593366666666666
ambient_08::pitch_shift::-1st,ambient_08,ambient,pitch_shift,-1.0,0.469325,0.735542,0.984724,0.767301,0.6422177575293593,0.6573893333333333
ambient_08::pitch_shift::+1st,ambient_08,ambient,pitch_shift,1.0,0.453891,0.705648,0.976476,0.767878,0.6265330287087805,0.6424723333333333
ambient_08::pitch_shift::+2st,ambient_08,ambient,pitch_shift,2.0,0.589068,0.617284,0.984975,0.77387,0.6552989732180315,0.6600739999999999
ambient_08::pitch_shift::+4st,ambient_08,ambient,pitch_shift,4.0,0.676096,0.536126,0.984236,0.749685,0.6477160902780943,0.653969
ambient_08::time_stretch::-20pct,ambient_08,ambient,time_stretch,-20.0,0.978806,0.7726,0.951402,0.81015,0.8493217664467859,0.8538519999999999
ambient_08::time_stretch::-10pct,ambient_08,ambient,time_stretch,-10.0,0.990518,0.788038,0.961923,0.805191,0.8565830598948887,0.8612489999999999
ambient_08::time_stretch::-5pct,ambient_08,ambient,time_stretch,-5.0,0.997707,0.835714,0.946913,0.813619,0.878672955575957,0.8823466666666666
ambient_08::time_stretch::+5pct,ambient_08,ambient,time_stretch,5.0,0.995546,0.798928,0.953848,0.828767,0.8702963082420203,0.8744136666666666
ambient_08::time_stretch::+10pct,ambient_08,ambient,time_stretch,10.0,0.995721,0.792252,0.962518,0.793567,0.8554504717859164,0.8605133333333332
ambient_08::time_stretch::+20pct,ambient_08,ambient,time_stretch,20.0,0.966593,0.657604,0.94617,0.798695,0.7977430314742316,0.8076306666666666
ambient_08::lowpass::lp8000,ambient_08,ambient,lowpass,8000.0,0.999979,0.467328,0.997865,0.816712,0.7253715862377007,0.7613396666666666
ambient_08::lowpass::lp4000,ambient_08,ambient,lowpass,4000.0,0.999978,0.450038,0.99653,0.781847,0.7059714450267841,0.7439543333333333
ambient_08::lowpass::lp2000,ambient_08,ambient,lowpass,2000.0,0.999324,0.423371,0.994445,0.766173,0.6869388665290325,0.7296226666666665
ambient_08::distortion::drv4,ambient_08,ambient,distortion,4.0,0.999838,0.892702,0.997075,0.820312,0.9013049101289716,0.9042839999999999
ambient_08::distortion::drv12,ambient_08,ambient,distortion,12.0,0.995272,0.667039,0.986724,0.743824,0.7904135923657767,0.802045
ambient_08::distortion::drv32,ambient_08,ambient,distortion,32.0,0.982232,0.547024,0.977122,0.650902,0.7045503287809115,0.7267193333333333
ambient_08::style_swap::swap_cross,ambient_08,ambient,style_swap,nan,0.745865,0.41523,0.923419,0.480313,0.5298558873930986,0.547136
ambient_08::style_swap::swap_same,ambient_08,ambient,style_swap,nan,0.787097,0.417093,0.90142,0.556849,0.5675439966041941,0.587013
ambient_09::control::ctrl,ambient_09,ambient,control,0.0,1.0,1.0,1.0,0.816552,0.9346764110394352,0.9388506666666666
ambient_09::pitch_shift::-4st,ambient_09,ambient,pitch_shift,-4.0,0.714328,0.505828,0.960777,0.762199,0.6506133516397806,0.660785
ambient_09::pitch_shift::-2st,ambient_09,ambient,pitch_shift,-2.0,0.874739,0.641422,0.968664,0.79008,0.7624847052927403,0.7687470000000001
ambient_09::pitch_shift::-1st,ambient_09,ambient,pitch_shift,-1.0,0.660771,0.731784,0.969192,0.753929,0.7143670988096852,0.7154946666666666
ambient_09::pitch_shift::+1st,ambient_09,ambient,pitch_shift,1.0,0.69162,0.818579,0.970283,0.768914,0.7578826592602311,0.7597043333333332
ambient_09::pitch_shift::+2st,ambient_09,ambient,pitch_shift,2.0,0.84708,0.744778,0.969422,0.774231,0.7875423936222508,0.7886963333333333
ambient_09::pitch_shift::+4st,ambient_09,ambient,pitch_shift,4.0,0.690873,0.636546,0.96851,0.716196,0.6803827615665466,0.681205
ambient_09::time_stretch::-20pct,ambient_09,ambient,time_stretch,-20.0,0.992965,0.82489,0.847907,0.805583,0.870589498407791,0.8744793333333334
ambient_09::time_stretch::-10pct,ambient_09,ambient,time_stretch,-10.0,0.995878,0.853642,0.797284,0.803906,0.8808373622640508,0.8844753333333333
ambient_09::time_stretch::-5pct,ambient_09,ambient,time_stretch,-5.0,0.996091,0.866573,0.823608,0.806642,0.8863290834426963,0.8897686666666667
ambient_09::time_stretch::+5pct,ambient_09,ambient,time_stretch,5.0,0.997754,0.853102,0.804065,0.827377,0.8896980264137835,0.8927443333333333
ambient_09::time_stretch::+10pct,ambient_09,ambient,time_stretch,10.0,0.997904,0.839134,0.770492,0.803843,0.8763893781764674,0.8802936666666665
ambient_09::time_stretch::+20pct,ambient_09,ambient,time_stretch,20.0,0.992656,0.835374,0.724387,0.793293,0.8697032962841607,0.8737743333333332
ambient_09::lowpass::lp8000,ambient_09,ambient,lowpass,8000.0,0.998881,0.453,0.992739,0.810084,0.7156719617318135,0.7539883333333333
ambient_09::lowpass::lp4000,ambient_09,ambient,lowpass,4000.0,0.999997,0.420715,0.987042,0.756408,0.6827278237027362,0.7257066666666666
ambient_09::lowpass::lp2000,ambient_09,ambient,lowpass,2000.0,0.998481,0.423547,0.980518,0.755921,0.6837635438887133,0.7259829999999999
ambient_09::distortion::drv4,ambient_09,ambient,distortion,4.0,0.999147,0.885405,0.995233,0.811377,0.8953606776709977,0.898643
ambient_09::distortion::drv12,ambient_09,ambient,distortion,12.0,0.999473,0.715357,0.973819,0.788983,0.8262672026236542,0.8346043333333333
ambient_09::distortion::drv32,ambient_09,ambient,distortion,32.0,0.996241,0.594114,0.942727,0.72589,0.7545737106794344,0.7720816666666667
ambient_09::style_swap::swap_cross,ambient_09,ambient,style_swap,nan,0.842045,0.480484,0.769402,0.599415,0.6236112569644231,0.640648
ambient_09::style_swap::swap_same,ambient_09,ambient,style_swap,nan,0.545857,0.412381,0.811315,0.633349,0.5224044569829871,0.530529
ambient_10::control::ctrl,ambient_10,ambient,control,0.0,1.0,1.0,1.0,0.73589,0.9028265048430827,0.9119633333333332
ambient_10::pitch_shift::-4st,ambient_10,ambient,pitch_shift,-4.0,0.871555,0.46465,0.964268,0.660295,0.644247758617797,0.6655
ambient_10::pitch_shift::-2st,ambient_10,ambient,pitch_shift,-2.0,0.921302,0.565918,0.978807,0.716528,0.7202162166994628,0.7345826666666666
ambient_10::pitch_shift::-1st,ambient_10,ambient,pitch_shift,-1.0,0.95926,0.6929,0.967693,0.707251,0.777547308288012,0.7864703333333333
ambient_10::pitch_shift::+1st,ambient_10,ambient,pitch_shift,1.0,0.985337,0.689968,0.969615,0.726409,0.7904328581693696,0.8005713333333333
ambient_10::pitch_shift::+2st,ambient_10,ambient,pitch_shift,2.0,0.959231,0.57823,0.980678,0.695984,0.7281279359246617,0.7444816666666667
ambient_10::pitch_shift::+4st,ambient_10,ambient,pitch_shift,4.0,0.944969,0.451742,0.968545,0.67737,0.6612687458291296,0.6913603333333332
ambient_10::time_stretch::-20pct,ambient_10,ambient,time_stretch,-20.0,0.986184,0.726051,0.937203,0.694503,0.7922575782208438,0.8022459999999999
ambient_10::time_stretch::-10pct,ambient_10,ambient,time_stretch,-10.0,0.996962,0.765175,0.949816,0.725651,0.8210867775428053,0.8292626666666667
ambient_10::time_stretch::-5pct,ambient_10,ambient,time_stretch,-5.0,0.987818,0.76276,0.948426,0.731634,0.819947869436598,0.827404
ambient_10::time_stretch::+5pct,ambient_10,ambient,time_stretch,5.0,0.99775,0.763643,0.947981,0.712382,0.8157210752066967,0.8245916666666666
ambient_10::time_stretch::+10pct,ambient_10,ambient,time_stretch,10.0,0.992429,0.752679,0.938817,0.680691,0.7981534919457451,0.8085996666666666
ambient_10::time_stretch::+20pct,ambient_10,ambient,time_stretch,20.0,0.995961,0.791948,0.936855,0.709628,0.8241189756823584,0.8325123333333333
ambient_10::lowpass::lp8000,ambient_10,ambient,lowpass,8000.0,1.0,0.551172,0.999327,0.737563,0.740790532002243,0.7629116666666667
ambient_10::lowpass::lp4000,ambient_10,ambient,lowpass,4000.0,0.999998,0.427674,0.997842,0.709504,0.6719788580655851,0.712392
ambient_10::lowpass::lp2000,ambient_10,ambient,lowpass,2000.0,0.999463,0.380097,0.995412,0.674398,0.6351249088368606,0.6846526666666667
ambient_10::distortion::drv4,ambient_10,ambient,distortion,4.0,0.999936,0.90638,0.997533,0.717609,0.8664100175198896,0.8746416666666667
ambient_10::distortion::drv12,ambient_10,ambient,distortion,12.0,0.999871,0.611584,0.954247,0.663428,0.7402833156946903,0.7582943333333333
ambient_10::distortion::drv32,ambient_10,ambient,distortion,32.0,0.999184,0.459027,0.942729,0.576904,0.6419912135437876,0.6783716666666666
ambient_10::style_swap::swap_cross,ambient_10,ambient,style_swap,nan,0.924343,0.396036,0.952957,0.585,0.59828469909955,0.6351263333333332
ambient_10::style_swap::swap_same,ambient_10,ambient,style_swap,nan,0.789284,0.401594,0.938746,0.730966,0.6141944633046126,0.6406146666666667
ambient_11::control::ctrl,ambient_11,ambient,control,0.0,0.999997,0.992369,0.999991,0.829892,0.9373414481624752,0.9407526666666666
ambient_11::pitch_shift::-4st,ambient_11,ambient,pitch_shift,-4.0,0.785119,0.512362,0.991954,0.750112,0.6707275897020181,0.682531
ambient_11::pitch_shift::-2st,ambient_11,ambient,pitch_shift,-2.0,0.868604,0.648725,0.995753,0.726871,0.742642730015802,0.7480666666666667
ambient_11::pitch_shift::-1st,ambient_11,ambient,pitch_shift,-1.0,0.794166,0.753632,0.996801,0.856528,0.8003330074287661,0.801442
ambient_11::pitch_shift::+1st,ambient_11,ambient,pitch_shift,1.0,0.804879,0.759202,0.995456,0.789121,0.7841705238877512,0.7844006666666666
ambient_11::pitch_shift::+2st,ambient_11,ambient,pitch_shift,2.0,0.857167,0.637703,0.99397,0.803184,0.7600339351935155,0.7660179999999999
ambient_11::pitch_shift::+4st,ambient_11,ambient,pitch_shift,4.0,0.766488,0.529516,0.987112,0.791045,0.684744489180546,0.6956829999999999
ambient_11::time_stretch::-20pct,ambient_11,ambient,time_stretch,-20.0,0.995272,0.857772,0.738817,0.849669,0.8985063313779849,0.9009043333333333
ambient_11::time_stretch::-10pct,ambient_11,ambient,time_stretch,-10.0,0.998184,0.879185,0.779856,0.834173,0.9012577264905359,0.9038473333333332
ambient_11::time_stretch::-5pct,ambient_11,ambient,time_stretch,-5.0,0.999147,0.895309,0.825442,0.844242,0.9106603564799084,0.9128993333333333
ambient_11::time_stretch::+5pct,ambient_11,ambient,time_stretch,5.0,0.999166,0.90991,0.823214,0.849994,0.9176646067349045,0.9196899999999999
ambient_11::time_stretch::+10pct,ambient_11,ambient,time_stretch,10.0,0.998282,0.871446,0.782966,0.842862,0.9017442849119566,0.9041966666666666
ambient_11::time_stretch::+20pct,ambient_11,ambient,time_stretch,20.0,0.997743,0.808788,0.761707,0.836809,0.8773237985555217,0.8811133333333333
ambient_11::lowpass::lp8000,ambient_11,ambient,lowpass,8000.0,0.999997,0.453637,0.997641,0.847709,0.7271957302968095,0.7671143333333333
ambient_11::lowpass::lp4000,ambient_11,ambient,lowpass,4000.0,0.999875,0.435715,0.837154,0.794298,0.70206485016945,0.743296
ambient_11::lowpass::lp2000,ambient_11,ambient,lowpass,2000.0,0.994462,0.402551,0.82183,0.675593,0.6466928826047718,0.6908686666666666
ambient_11::distortion::drv4,ambient_11,ambient,distortion,4.0,0.999811,0.723193,0.998499,0.810969,0.8370000023572937,0.8446576666666666
ambient_11::distortion::drv12,ambient_11,ambient,distortion,12.0,0.997487,0.550874,0.992885,0.77854,0.7534946101281299,0.7756336666666666
ambient_11::distortion::drv32,ambient_11,ambient,distortion,32.0,0.992133,0.463777,0.819374,0.735714,0.6969410428224526,0.7305413333333333
ambient_11::style_swap::swap_cross,ambient_11,ambient,style_swap,nan,0.91437,0.374194,0.747802,0.731537,0.6302096201306245,0.673367
ambient_11::style_swap::swap_same,ambient_11,ambient,style_swap,nan,0.969948,0.474155,0.729045,0.771585,0.7079743458276343,0.7385626666666666
ambient_12::control::ctrl,ambient_12,ambient,control,0.0,1.0,0.999998,1.0,0.582125,0.8349717732220164,0.8607076666666666
ambient_12::pitch_shift::-4st,ambient_12,ambient,pitch_shift,-4.0,0.982408,0.438723,0.994452,0.464105,0.5848343150297306,0.628412
ambient_12::pitch_shift::-2st,ambient_12,ambient,pitch_shift,-2.0,0.991004,0.554906,0.988564,0.488541,0.6452558466894618,0.6781503333333333
ambient_12::pitch_shift::-1st,ambient_12,ambient,pitch_shift,-1.0,0.991636,0.700134,0.996541,0.50778,0.7064308903227808,0.7331833333333333
ambient_12::pitch_shift::+1st,ambient_12,ambient,pitch_shift,1.0,0.992536,0.721378,0.996236,0.589633,0.7501768322326534,0.767849
ambient_12::pitch_shift::+2st,ambient_12,ambient,pitch_shift,2.0,0.989723,0.610542,0.996312,0.593072,0.7103060975713008,0.7311123333333334
ambient_12::pitch_shift::+4st,ambient_12,ambient,pitch_shift,4.0,0.982607,0.511018,0.977558,0.555993,0.6535745388334545,0.683206
ambient_12::time_stretch::-20pct,ambient_12,ambient,time_stretch,-20.0,0.999624,0.858421,0.958659,0.563059,0.7846879273261147,0.8070346666666666
ambient_12::time_stretch::-10pct,ambient_12,ambient,time_stretch,-10.0,0.99952,0.886303,0.962486,0.565227,0.7940823365030841,0.8170166666666666
ambient_12::time_stretch::-5pct,ambient_12,ambient,time_stretch,-5.0,0.99935,0.872761,0.959116,0.571292,0.7927879312496398,0.8144676666666666
ambient_12::time_stretch::+5pct,ambient_12,ambient,time_stretch,5.0,0.999839,0.860532,0.95869,0.555992,0.7820872637348079,0.8054543333333333
ambient_12::time_stretch::+10pct,ambient_12,ambient,time_stretch,10.0,0.999601,0.90091,0.947215,0.596372,0.8128463216882081,0.8322943333333332
ambient_12::time_stretch::+20pct,ambient_12,ambient,time_stretch,20.0,0.999149,0.872297,0.970967,0.592276,0.802182020592604,0.8212406666666666
ambient_12::lowpass::lp8000,ambient_12,ambient,lowpass,8000.0,0.99999,0.996663,0.999997,0.568976,0.8277121181721159,0.8552096666666666
ambient_12::lowpass::lp4000,ambient_12,ambient,lowpass,4000.0,0.99999,0.61934,0.999946,0.555715,0.7007971098785817,0.725015
ambient_12::lowpass::lp2000,ambient_12,ambient,lowpass,2000.0,0.99964,0.444726,0.99947,0.556086,0.6276141153697024,0.6668173333333333
ambient_12::distortion::drv4,ambient_12,ambient,distortion,4.0,0.999194,0.707435,0.992325,0.52141,0.7169770241376754,0.7426796666666666
ambient_12::distortion::drv12,ambient_12,ambient,distortion,12.0,0.999,0.547498,0.989891,0.490702,0.6450429274415194,0.6790666666666667
ambient_12::distortion::drv32,ambient_12,ambient,distortion,32.0,0.999091,0.483179,0.988339,0.424497,0.5895616707535688,0.635589
ambient_12::style_swap::swap_cross,ambient_12,ambient,style_swap,nan,0.957063,0.351425,0.957997,0.43301,0.5261267324231957,0.5804993333333334
ambient_12::style_swap::swap_same,ambient_12,ambient,style_swap,nan,0.73243,0.441402,0.969138,0.582886,0.573316818042893,0.5855726666666666
ambient_13::control::ctrl,ambient_13,ambient,control,0.0,1.0,1.0,1.0,0.80606,0.9306558752599474,0.9353533333333333
ambient_13::pitch_shift::-4st,ambient_13,ambient,pitch_shift,-4.0,0.558973,0.600978,0.972786,0.759677,0.6342971999274403,0.639876
ambient_13::pitch_shift::-2st,ambient_13,ambient,pitch_shift,-2.0,0.750161,0.680204,0.975444,0.794013,0.7399580379241939,0.7414593333333332
ambient_13::pitch_shift::-1st,ambient_13,ambient,pitch_shift,-1.0,0.487982,0.793336,0.979198,0.76821,0.6674933966132506,0.683176
ambient_13::pitch_shift::+1st,ambient_13,ambient,pitch_shift,1.0,0.512898,0.815511,0.976416,0.802709,0.6950344325796776,0.7103726666666667
ambient_13::pitch_shift::+2st,ambient_13,ambient,pitch_shift,2.0,0.74339,0.697618,0.971499,0.796399,0.7447120243875616,0.7458023333333332
ambient_13::pitch_shift::+4st,ambient_13,ambient,pitch_shift,4.0,0.644138,0.618232,0.959237,0.725756,0.6611606713945041,0.6627086666666666
ambient_13::time_stretch::-20pct,ambient_13,ambient,time_stretch,-20.0,0.96579,0.797606,0.597845,0.803283,0.8521444717517713,0.8555596666666666
ambient_13::time_stretch::-10pct,ambient_13,ambient,time_stretch,-10.0,0.989202,0.785104,0.528232,0.828154,0.8631927020092649,0.8674866666666666
ambient_13::time_stretch::-5pct,ambient_13,ambient,time_stretch,-5.0,0.991404,0.815454,0.728115,0.825544,0.8739034486211582,0.8774673333333333
ambient_13::time_stretch::+5pct,ambient_13,ambient,time_stretch,5.0,0.995971,0.877803,0.734427,0.815718,0.8934315125079931,0.8964973333333333
ambient_13::time_stretch::+10pct,ambient_13,ambient,time_stretch,10.0,0.988559,0.833817,0.645178,0.795057,0.868608086975654,0.8724776666666667
ambient_13::time_stretch::+20pct,ambient_13,ambient,time_stretch,20.0,0.978916,0.763767,0.651629,0.786682,0.8378543138181432,0.8431216666666665
ambient_13::lowpass::lp8000,ambient_13,ambient,lowpass,8000.0,1.0,0.536139,0.984055,0.812374,0.7580150093367665,0.7828376666666667
ambient_13::lowpass::lp4000,ambient_13,ambient,lowpass,4000.0,1.0,0.452412,0.956058,0.795859,0.7114156519216163,0.7494236666666666
ambient_13::lowpass::lp2000,ambient_13,ambient,lowpass,2000.0,0.999944,0.430353,0.926303,0.766443,0.6909184529477049,0.7322466666666666
ambient_13::distortion::drv4,ambient_13,ambient,distortion,4.0,0.999734,0.806215,0.986011,0.802788,0.8649255694462936,0.8695789999999999
ambient_13::distortion::drv12,ambient_13,ambient,distortion,12.0,0.993704,0.615944,0.944278,0.704931,0.7556400339320626,0.7715263333333333
ambient_13::distortion::drv32,ambient_13,ambient,distortion,32.0,0.983502,0.505243,0.884957,0.556149,0.651361728871824,0.6816313333333333
ambient_13::style_swap::swap_cross,ambient_13,ambient,style_swap,nan,0.833886,0.386474,0.679409,0.57588,0.5704089355981222,0.5987466666666665
ambient_13::style_swap::swap_same,ambient_13,ambient,style_swap,nan,0.942991,0.463723,0.794527,0.681603,0.6679837424329526,0.6961056666666666
ambient_14::control::ctrl,ambient_14,ambient,control,0.0,1.0,1.0,1.0,0.839459,0.943336191256337,0.9464863333333333
ambient_14::pitch_shift::-4st,ambient_14,ambient,pitch_shift,-4.0,0.450231,0.510233,0.988206,0.722976,0.5496791613610583,0.5611466666666667
ambient_14::pitch_shift::-2st,ambient_14,ambient,pitch_shift,-2.0,0.60113,0.615471,0.981732,0.771188,0.6583326887501691,0.6625963333333333
ambient_14::pitch_shift::-1st,ambient_14,ambient,pitch_shift,-1.0,0.353993,0.718307,0.98102,0.721948,0.5683339024591996,0.5980826666666667
ambient_14::pitch_shift::+1st,ambient_14,ambient,pitch_shift,1.0,0.351022,0.737858,0.990344,0.757745,0.581134602420057,0.6155416666666667
ambient_14::pitch_shift::+2st,ambient_14,ambient,pitch_shift,2.0,0.617746,0.619005,0.981803,0.749924,0.6594377178976142,0.6622250000000001
ambient_14::pitch_shift::+4st,ambient_14,ambient,pitch_shift,4.0,0.435289,0.520784,0.988427,0.728772,0.5487093170892166,0.561615
ambient_14::time_stretch::-20pct,ambient_14,ambient,time_stretch,-20.0,0.995341,0.823868,0.969272,0.852833,0.8876283712452014,0.8906806666666667
ambient_14::time_stretch::-10pct,ambient_14,ambient,time_stretch,-10.0,0.998562,0.829967,0.960603,0.824889,0.8809348492438922,0.8844726666666666
ambient_14::time_stretch::-5pct,ambient_14,ambient,time_stretch,-5.0,0.997925,0.854889,0.970082,0.841415,0.8953770542189863,0.8980763333333333
ambient_14::time_stretch::+5pct,ambient_14,ambient,time_stretch,5.0,0.996928,0.83666,0.961028,0.832387,0.8854812368197682,0.8886583333333333
ambient_14::time_stretch::+10pct,ambient_14,ambient,time_stretch,10.0,0.998432,0.832609,0.959623,0.831844,0.8843017689243102,0.8876283333333332
ambient_14::time_stretch::+20pct,ambient_14,ambient,time_stretch,20.0,0.998464,0.825264,0.960412,0.833433,0.8822642221731156,0.8857203333333332
ambient_14::lowpass::lp8000,ambient_14,ambient,lowpass,8000.0,1.0,0.555157,0.991686,0.846583,0.7774905536945045,0.80058
ambient_14::lowpass::lp4000,ambient_14,ambient,lowpass,4000.0,0.999972,0.480145,0.990442,0.791929,0.7244618141223026,0.7573486666666666
ambient_14::lowpass::lp2000,ambient_14,ambient,lowpass,2000.0,0.999001,0.443293,0.996146,0.77081,0.698878015084655,0.7377013333333333
ambient_14::distortion::drv4,ambient_14,ambient,distortion,4.0,0.999602,0.795468,0.979917,0.820304,0.8672444976535926,0.8717913333333333
ambient_14::distortion::drv12,ambient_14,ambient,distortion,12.0,0.989304,0.555726,0.969933,0.698201,0.7267588279386192,0.7477436666666666
ambient_14::distortion::drv32,ambient_14,ambient,distortion,32.0,0.96701,0.457764,0.9649,0.57561,0.6339674742790307,0.6667946666666666
ambient_14::style_swap::swap_cross,ambient_14,ambient,style_swap,nan,0.496949,0.40079,0.95101,0.623286,0.49885235106672293,0.5070083333333333
ambient_14::style_swap::swap_same,ambient_14,ambient,style_swap,nan,0.877742,0.34662,0.950541,0.636024,0.578404061492652,0.6201286666666667
ambient_15::control::ctrl,ambient_15,ambient,control,0.0,1.0,1.0,1.0,0.787864,0.9235996341477901,0.9292879999999999
ambient_15::pitch_shift::-4st,ambient_15,ambient,pitch_shift,-4.0,0.793501,0.396787,0.968513,0.736827,0.6144550929946709,0.6423716666666667
ambient_15::pitch_shift::-2st,ambient_15,ambient,pitch_shift,-2.0,0.902456,0.473862,0.976531,0.77441,0.691856922542107,0.7169093333333334
ambient_15::pitch_shift::-1st,ambient_15,ambient,pitch_shift,-1.0,0.753359,0.596191,0.979445,0.788311,0.7074487677316097,0.7126203333333333
ambient_15::pitch_shift::+1st,ambient_15,ambient,pitch_shift,1.0,0.766285,0.570079,0.979786,0.789709,0.7013435678542747,0.708691
ambient_15::pitch_shift::+2st,ambient_15,ambient,pitch_shift,2.0,0.911686,0.458135,0.979855,0.797549,0.6932108912521321,0.7224566666666666
ambient_15::pitch_shift::+4st,ambient_15,ambient,pitch_shift,4.0,0.840115,0.413052,0.976093,0.763408,0.6422440039765552,0.6721916666666665
ambient_15::time_stretch::-20pct,ambient_15,ambient,time_stretch,-20.0,0.996796,0.819515,0.841459,0.773788,0.8582129456541415,0.8633663333333332
ambient_15::time_stretch::-10pct,ambient_15,ambient,time_stretch,-10.0,0.998583,0.831988,0.70191,0.792343,0.8699043156014528,0.8743046666666666
ambient_15::time_stretch::-5pct,ambient_15,ambient,time_stretch,-5.0,0.998127,0.85152,0.772537,0.805448,0.8813316934555928,0.8850316666666667
ambient_15::time_stretch::+5pct,ambient_15,ambient,time_stretch,5.0,0.998032,0.856094,0.773961,0.778872,0.8730598243023855,0.877666
ambient_15::time_stretch::+10pct,ambient_15,ambient,time_stretch,10.0,0.997323,0.829234,0.715832,0.779631,0.8639077000434442,0.8687293333333332
ambient_15::time_stretch::+20pct,ambient_15,ambient,time_stretch,20.0,0.994715,0.822843,0.652849,0.776588,0.8598092383073516,0.8647153333333333
ambient_15::lowpass::lp8000,ambient_15,ambient,lowpass,8000.0,1.0,0.458807,0.994995,0.787553,0.712256807053742,0.7487866666666666
ambient_15::lowpass::lp4000,ambient_15,ambient,lowpass,4000.0,1.0,0.451133,0.977747,0.77964,0.7058832931231432,0.743591
ambient_15::lowpass::lp2000,ambient_15,ambient,lowpass,2000.0,0.99997,0.433478,0.962747,0.764343,0.6919596571601639,0.7325969999999999
ambient_15::distortion::drv4,ambient_15,ambient,distortion,4.0,0.999997,0.918728,0.996114,0.788468,0.8980969895146994,0.9023976666666667
ambient_15::distortion::drv12,ambient_15,ambient,distortion,12.0,0.999574,0.594689,0.98591,0.757945,0.766621243506691,0.7840693333333333
ambient_15::distortion::drv32,ambient_15,ambient,distortion,32.0,0.99624,0.471304,0.978212,0.728469,0.6993459410618077,0.7320043333333333
ambient_15::style_swap::swap_cross,ambient_15,ambient,style_swap,nan,0.89871,0.398311,0.674609,0.687153,0.6265635221355403,0.6613913333333333
ambient_15::style_swap::swap_same,ambient_15,ambient,style_swap,nan,0.903423,0.342104,0.765262,0.637534,0.5819033829108465,0.627687
electronic_01::control::ctrl,electronic_01,electronic,control,0.0,1.0,1.0,1.0,0.605448,0.8459777671336474,0.8684826666666666
electronic_01::pitch_shift::-4st,electronic_01,electronic,pitch_shift,-4.0,0.942103,0.422473,0.977407,0.663594,0.6416033142750178,0.6760566666666666
electronic_01::pitch_shift::-2st,electronic_01,electronic,pitch_shift,-2.0,0.941547,0.582735,0.985395,0.705582,0.7288198627613519,0.743288
electronic_01::pitch_shift::-1st,electronic_01,electronic,pitch_shift,-1.0,0.960997,0.733019,0.987153,0.655291,0.7728415964946188,0.7831023333333333
electronic_01::pitch_shift::+1st,electronic_01,electronic,pitch_shift,1.0,0.967131,0.794788,0.973107,0.685798,0.8078131897491331,0.8159056666666666
electronic_01::pitch_shift::+2st,electronic_01,electronic,pitch_shift,2.0,0.96061,0.689792,0.985945,0.661864,0.7597627648144688,0.7707553333333332
electronic_01::pitch_shift::+4st,electronic_01,electronic,pitch_shift,4.0,0.947104,0.574303,0.971274,0.593226,0.6858876413618561,0.7048776666666666
electronic_01::time_stretch::-20pct,electronic_01,electronic,time_stretch,-20.0,0.997149,0.805027,0.91112,0.572881,0.7718714445419236,0.7916856666666666
electronic_01::time_stretch::-10pct,electronic_01,electronic,time_stretch,-10.0,0.997349,0.839891,0.909726,0.633867,0.8097595441660356,0.8237023333333333
electronic_01::time_stretch::-5pct,electronic_01,electronic,time_stretch,-5.0,0.99834,0.863403,0.919787,0.602906,0.8039836380198622,0.8215496666666666
electronic_01::time_stretch::+5pct,electronic_01,electronic,time_stretch,5.0,0.996442,0.873048,0.934455,0.602538,0.8062904750285824,0.8240093333333334
electronic_01::time_stretch::+10pct,electronic_01,electronic,time_stretch,10.0,0.992149,0.877292,0.909638,0.624014,0.8159028819093449,0.8311516666666665
electronic_01::time_stretch::+20pct,electronic_01,electronic,time_stretch,20.0,0.998785,0.7036,0.920977,0.61025,0.75411088595998,0.7708783333333333
electronic_01::lowpass::lp8000,electronic_01,electronic,lowpass,8000.0,0.999998,0.431203,0.999604,0.608343,0.6401422226164604,0.679848
electronic_01::lowpass::lp4000,electronic_01,electronic,lowpass,4000.0,0.999975,0.441031,0.998875,0.658019,0.6620623600066171,0.6996749999999999
electronic_01::lowpass::lp2000,electronic_01,electronic,lowpass,2000.0,0.999022,0.428174,0.994026,0.599325,0.6352615639374833,0.675507
electronic_01::distortion::drv4,electronic_01,electronic,distortion,4.0,0.999998,0.998934,0.999994,0.616078,0.8505970568768213,0.87167
electronic_01::distortion::drv12,electronic_01,electronic,distortion,12.0,0.997341,0.991984,0.999875,0.625838,0.8523214596974676,0.871721
electronic_01::distortion::drv32,electronic_01,electronic,distortion,32.0,0.999364,0.901259,0.997859,0.614987,0.8212582594358045,0.8385366666666666
electronic_01::style_swap::swap_cross,electronic_01,electronic,style_swap,nan,0.937976,0.349675,0.922401,0.540846,0.5618796595729705,0.609499
electronic_01::style_swap::swap_same,electronic_01,electronic,style_swap,nan,0.952056,0.384604,0.84588,0.617156,0.6091025470244661,0.651272
electronic_02::control::ctrl,electronic_02,electronic,control,0.0,1.0,0.996412,0.999951,0.874203,0.9550301461152542,0.9568716666666666
electronic_02::pitch_shift::-4st,electronic_02,electronic,pitch_shift,-4.0,0.846467,0.357448,0.986372,0.832489,0.6315394272393262,0.6788013333333334
electronic_02::pitch_shift::-2st,electronic_02,electronic,pitch_shift,-2.0,0.930809,0.499901,0.991971,0.857402,0.73616701977894,0.7627039999999999
electronic_02::pitch_shift::-1st,electronic_02,electronic,pitch_shift,-1.0,0.824533,0.671297,0.994503,0.863993,0.782007630462999,0.7866076666666666
electronic_02::pitch_shift::+1st,electronic_02,electronic,pitch_shift,1.0,0.844516,0.825959,0.993235,0.855779,0.8419946505627001,0.8420846666666666
electronic_02::pitch_shift::+2st,electronic_02,electronic,pitch_shift,2.0,0.926179,0.745671,0.988947,0.856158,0.8393286233996506,0.8426693333333333
electronic_02::pitch_shift::+4st,electronic_02,electronic,pitch_shift,4.0,0.84494,0.63268,0.976495,0.840862,0.7660284525598521,0.7728273333333333
electronic_02::time_stretch::-20pct,electronic_02,electronic,time_stretch,-20.0,0.99723,0.801495,0.618846,0.869642,0.8858201455063998,0.8894556666666666
electronic_02::time_stretch::-10pct,electronic_02,electronic,time_stretch,-10.0,0.998548,0.832766,0.675697,0.876846,0.9000606027889583,0.90272
electronic_02::time_stretch::-5pct,electronic_02,electronic,time_stretch,-5.0,0.999544,0.85815,0.730265,0.883943,0.9118634215269426,0.9138789999999999
electronic_02::time_stretch::+5pct,electronic_02,electronic,time_stretch,5.0,0.999255,0.86033,0.754085,0.890392,0.9147608067387638,0.9166589999999999
electronic_02::time_stretch::+10pct,electronic_02,electronic,time_stretch,10.0,0.99867,0.839985,0.695556,0.870806,0.9006132161715195,0.9031536666666666
electronic_02::time_stretch::+20pct,electronic_02,electronic,time_stretch,20.0,0.9984,0.830685,0.598735,0.890392,0.9038729647609659,0.9064923333333332
electronic_02::lowpass::lp8000,electronic_02,electronic,lowpass,8000.0,0.999868,0.367913,0.99943,0.86929,0.6838342187414169,0.7456903333333333
electronic_02::lowpass::lp4000,electronic_02,electronic,lowpass,4000.0,0.999871,0.384484,0.998986,0.790429,0.6722978203791595,0.7249279999999999
electronic_02::lowpass::lp2000,electronic_02,electronic,lowpass,2000.0,0.999789,0.367604,0.997399,0.763339,0.6546392059897382,0.710244
electronic_02::distortion::drv4,electronic_02,electronic,distortion,4.0,0.999855,0.405606,0.980504,0.852719,0.7019116399355521,0.7527266666666667
electronic_02::distortion::drv12,electronic_02,electronic,distortion,12.0,0.998243,0.371171,0.961512,0.823443,0.6732059578512574,0.7309523333333333
electronic_02::distortion::drv32,electronic_02,electronic,distortion,32.0,0.996908,0.362562,0.952877,0.7986,0.6608794133354781,0.7193566666666666
electronic_02::style_swap::swap_cross,electronic_02,electronic,style_swap,nan,0.96012,0.354984,0.585917,0.617612,0.5948626118446262,0.6442386666666666
electronic_02::style_swap::swap_same,electronic_02,electronic,style_swap,nan,0.884276,0.331471,0.669026,0.599862,0.560223826940485,0.6052029999999999
electronic_03::control::ctrl,electronic_03,electronic,control,0.0,1.0,1.0,1.0,0.753807,0.9100949866633701,0.9179356666666666
electronic_03::pitch_shift::-4st,electronic_03,electronic,pitch_shift,-4.0,0.785432,0.519233,0.984395,0.696859,0.6574639283838037,0.6671746666666666
electronic_03::pitch_shift::-2st,electronic_03,electronic,pitch_shift,-2.0,0.896433,0.692794,0.993331,0.724209,0.7661761408613587,0.7711453333333333
electronic_03::pitch_shift::-1st,electronic_03,electronic,pitch_shift,-1.0,0.840616,0.81887,0.996125,0.716155,0.7899626299613992,0.7918803333333333
electronic_03::pitch_shift::+1st,electronic_03,electronic,pitch_shift,1.0,0.834654,0.835536,0.994657,0.712004,0.7918653864170775,0.7940646666666666
electronic_03::pitch_shift::+2st,electronic_03,electronic,pitch_shift,2.0,0.882816,0.74938,0.989909,0.689562,0.7698070275950484,0.7739193333333333
electronic_03::pitch_shift::+4st,electronic_03,electronic,pitch_shift,4.0,0.777918,0.608729,0.970949,0.644988,0.6734465759385875,0.6772116666666667
electronic_03::time_stretch::-20pct,electronic_03,electronic,time_stretch,-20.0,0.985783,0.880944,0.522,0.766524,0.8731424999206017,0.8777503333333332
electronic_03::time_stretch::-10pct,electronic_03,electronic,time_stretch,-10.0,0.98818,0.913815,0.608955,0.77111,0.8863465512825914,0.891035
electronic_03::time_stretch::-5pct,electronic_03,electronic,time_stretch,-5.0,0.98375,0.926133,0.67362,0.760122,0.8847362102790656,0.8900016666666666
electronic_03::time_stretch::+5pct,electronic_03,electronic,time_stretch,5.0,0.978772,0.938974,0.6719,0.783392,0.8962683876648914,0.9003793333333332
electronic_03::time_stretch::+10pct,electronic_03,electronic,time_stretch,10.0,0.989451,0.901889,0.608261,0.752892,0.8758438566653155,0.8814106666666666
electronic_03::time_stretch::+20pct,electronic_03,electronic,time_stretch,20.0,0.968126,0.871577,0.529356,0.754039,0.8600898407600063,0.8645806666666667
electronic_03::lowpass::lp8000,electronic_03,electronic,lowpass,8000.0,0.999988,0.46028,0.99718,0.755356,0.7031632941637234,0.7385413333333333
electronic_03::lowpass::lp4000,electronic_03,electronic,lowpass,4000.0,0.999992,0.443416,0.987591,0.69207,0.674506236884875,0.711826
electronic_03::lowpass::lp2000,electronic_03,electronic,lowpass,2000.0,0.999898,0.405602,0.973443,0.693037,0.6550443971695279,0.6995123333333333
electronic_03::distortion::drv4,electronic_03,electronic,distortion,4.0,0.999817,0.727611,0.997881,0.751415,0.8176483118553161,0.8262809999999999
electronic_03::distortion::drv12,electronic_03,electronic,distortion,12.0,0.998965,0.570449,0.989218,0.701862,0.7367830198340777,0.757092
electronic_03::distortion::drv32,electronic_03,electronic,distortion,32.0,0.997222,0.489519,0.970613,0.645676,0.6805478755887333,0.7108056666666667
electronic_03::style_swap::swap_cross,electronic_03,electronic,style_swap,nan,0.742728,0.422853,0.510899,0.426433,0.5116307903835388,0.5306713333333333
electronic_03::style_swap::swap_same,electronic_03,electronic,style_swap,nan,0.883613,0.535962,0.482211,0.469829,0.6059618812778372,0.6298013333333333
electronic_04::control::ctrl,electronic_04,electronic,control,0.0,1.0,1.0,1.0,0.814233,0.9337907480125414,0.9380776666666666
electronic_04::pitch_shift::-4st,electronic_04,electronic,pitch_shift,-4.0,0.808126,0.456744,0.981929,0.734941,0.6473435157883134,0.6666036666666666
electronic_04::pitch_shift::-2st,electronic_04,electronic,pitch_shift,-2.0,0.892126,0.592253,0.989731,0.778971,0.7438492313102546,0.75445
electronic_04::pitch_shift::-1st,electronic_04,electronic,pitch_shift,-1.0,0.968309,0.761266,0.992991,0.796113,0.8372240703853183,0.841896
electronic_04::pitch_shift::+1st,electronic_04,electronic,pitch_shift,1.0,0.952683,0.872008,0.991355,0.793115,0.8701651439339773,0.872602
electronic_04::pitch_shift::+2st,electronic_04,electronic,pitch_shift,2.0,0.890444,0.783218,0.988628,0.788126,0.8191466174839489,0.8205959999999999
electronic_04::pitch_shift::+4st,electronic_04,electronic,pitch_shift,4.0,0.754311,0.667636,0.978199,0.761476,0.7265220546260328,0.7278076666666666
electronic_04::time_stretch::-20pct,electronic_04,electronic,time_stretch,-20.0,0.983819,0.907564,0.626503,0.8102,0.8976938192347516,0.9005276666666666
electronic_04::time_stretch::-10pct,electronic_04,electronic,time_stretch,-10.0,0.981774,0.915613,0.677187,0.8202,0.9034020684617469,0.9058623333333333
electronic_04::time_stretch::-5pct,electronic_04,electronic,time_stretch,-5.0,0.981159,0.938569,0.74652,0.798881,0.9027397444796736,0.9062029999999999
electronic_04::time_stretch::+5pct,electronic_04,electronic,time_stretch,5.0,0.96191,0.952585,0.746236,0.798683,0.9011647723284821,0.9043926666666666
electronic_04::time_stretch::+10pct,electronic_04,electronic,time_stretch,10.0,0.980156,0.945114,0.610677,0.790595,0.901386717539367,0.9052883333333333
electronic_04::time_stretch::+20pct,electronic_04,electronic,time_stretch,20.0,0.977722,0.930157,0.67233,0.798612,0.8988816042674951,0.9021636666666666
electronic_04::lowpass::lp8000,electronic_04,electronic,lowpass,8000.0,0.998054,0.451174,0.997851,0.803408,0.712543558974226,0.7508786666666666
electronic_04::lowpass::lp4000,electronic_04,electronic,lowpass,4000.0,0.983855,0.445069,0.988253,0.748724,0.6895409546162827,0.7258826666666666
electronic_04::lowpass::lp2000,electronic_04,electronic,lowpass,2000.0,0.998193,0.436671,0.966454,0.755091,0.6904348771295588,0.7299849999999999
electronic_04::distortion::drv4,electronic_04,electronic,distortion,4.0,0.988275,0.960242,0.999833,0.809864,0.9159888778243881,0.9194603333333333
electronic_04::distortion::drv12,electronic_04,electronic,distortion,12.0,0.984722,0.839189,0.998119,0.804014,0.8725942458045436,0.875975
electronic_04::distortion::drv32,electronic_04,electronic,distortion,32.0,0.984007,0.707193,0.99237,0.785091,0.8174955174551239,0.8254303333333333
electronic_04::style_swap::swap_cross,electronic_04,electronic,style_swap,nan,0.870442,0.476422,0.744885,0.672845,0.653454809118662,0.6732363333333333
electronic_04::style_swap::swap_same,electronic_04,electronic,style_swap,nan,0.932752,0.410372,0.629456,0.685862,0.6403148153129868,0.6763286666666666
electronic_05::control::ctrl,electronic_05,electronic,control,0.0,1.0,1.0,1.0,0.932054,0.9768180848041395,0.9773513333333332
electronic_05::pitch_shift::-4st,electronic_05,electronic,pitch_shift,-4.0,0.978697,0.503214,0.977026,0.917008,0.7672284502691266,0.7996396666666667
electronic_05::pitch_shift::-2st,electronic_05,electronic,pitch_shift,-2.0,0.988503,0.69419,0.990602,0.917071,0.8569453010402857,0.8665879999999999
electronic_05::pitch_shift::-1st,electronic_05,electronic,pitch_shift,-1.0,0.989289,0.820253,0.994977,0.898119,0.8999152896279962,0.9025536666666667
electronic_05::pitch_shift::+1st,electronic_05,electronic,pitch_shift,1.0,0.98824,0.871084,0.989447,0.921052,0.9255549440289035,0.926792
electronic_05::pitch_shift::+2st,electronic_05,electronic,pitch_shift,2.0,0.989375,0.809444,0.97517,0.888978,0.8929207552809638,0.8959323333333333
electronic_05::pitch_shift::+4st,electronic_05,electronic,pitch_shift,4.0,0.987474,0.747286,0.959466,0.898711,0.8720556315175302,0.8778236666666666
electronic_05::time_stretch::-20pct,electronic_05,electronic,time_stretch,-20.0,0.998988,0.844527,0.467838,0.910191,0.9157328257283309,0.917902
electronic_05::time_stretch::-10pct,electronic_05,electronic,time_stretch,-10.0,0.998787,0.899799,0.568522,0.919716,0.9384778849477404,0.9394339999999999
electronic_05::time_stretch::-5pct,electronic_05,electronic,time_stretch,-5.0,0.999112,0.910808,0.661764,0.912695,0.939987823186945,0.9408716666666666
electronic_05::time_stretch::+5pct,electronic_05,electronic,time_stretch,5.0,0.999054,0.913224,0.65844,0.932957,0.9477111037065697,0.9484116666666667
electronic_05::time_stretch::+10pct,electronic_05,electronic,time_stretch,10.0,0.998966,0.897565,0.578117,0.907456,0.933571096929489,0.9346623333333333
electronic_05::time_stretch::+20pct,electronic_05,electronic,time_stretch,20.0,0.99848,0.859635,0.467838,0.899237,0.917295386480275,0.9191173333333333
electronic_05::lowpass::lp8000,electronic_05,electronic,lowpass,8000.0,0.999999,0.419915,0.998368,0.929973,0.7309322060720717,0.7832956666666666
electronic_05::lowpass::lp4000,electronic_05,electronic,lowpass,4000.0,0.999999,0.422606,0.995605,0.877809,0.7185302962954329,0.7668046666666666
electronic_05::lowpass::lp2000,electronic_05,electronic,lowpass,2000.0,0.999995,0.413037,0.991329,0.888477,0.7159417000087203,0.7671696666666665
electronic_05::distortion::drv4,electronic_05,electronic,distortion,4.0,0.999863,0.805368,0.972337,0.940724,0.9115889043361762,0.9153183333333332
electronic_05::distortion::drv12,electronic_05,electronic,distortion,12.0,0.999138,0.58529,0.927254,0.90806,0.8097862073505063,0.8308293333333332
electronic_05::distortion::drv32,electronic_05,electronic,distortion,32.0,0.99845,0.496781,0.891219,0.911356,0.7674671321365586,0.8021956666666666
electronic_05::style_swap::swap_cross,electronic_05,electronic,style_swap,nan,0.938175,0.387428,0.594592,0.678387,0.6270720722547135,0.6679966666666666
electronic_05::style_swap::swap_same,electronic_05,electronic,style_swap,nan,0.910941,0.397804,0.654683,0.575099,0.5928807311798725,0.627948
electronic_06::control::ctrl,electronic_06,electronic,control,0.0,1.0,0.99994,1.0,0.756988,0.9113551362055492,0.918976
electronic_06::pitch_shift::-4st,electronic_06,electronic,pitch_shift,-4.0,0.804418,0.536069,0.984786,0.759329,0.6892511298091083,0.6999386666666666
electronic_06::pitch_shift::-2st,electronic_06,electronic,pitch_shift,-2.0,0.88897,0.693956,0.991772,0.773903,0.7815711562710654,0.7856096666666667
electronic_06::pitch_shift::-1st,electronic_06,electronic,pitch_shift,-1.0,0.945645,0.818504,0.994252,0.791458,0.8492957223391941,0.851869
electronic_06::pitch_shift::+1st,electronic_06,electronic,pitch_shift,1.0,0.942882,0.809393,0.99261,0.783937,0.8426217218380889,0.8454039999999999
electronic_06::pitch_shift::+2st,electronic_06,electronic,pitch_shift,2.0,0.898346,0.695439,0.988879,0.823439,0.8012684406304508,0.8057413333333333
electronic_06::pitch_shift::+4st,electronic_06,electronic,pitch_shift,4.0,0.8722,0.600245,0.977047,0.729081,0.7253931853859363,0.7338419999999999
electronic_06::time_stretch::-20pct,electronic_06,electronic,time_stretch,-20.0,0.993384,0.87174,0.492592,0.809779,0.8884306815497321,0.8916343333333332
electronic_06::time_stretch::-10pct,electronic_06,electronic,time_stretch,-10.0,0.996719,0.867185,0.571162,0.780578,0.87706867528835,0.881494
electronic_06::time_stretch::-5pct,electronic_06,electronic,time_stretch,-5.0,0.99676,0.911751,0.632944,0.776486,0.8902940956581259,0.8949989999999999
electronic_06::time_stretch::+5pct,electronic_06,electronic,time_stretch,5.0,0.990592,0.932376,0.663358,0.762786,0.889807793501609,0.8952513333333333
electronic_06::time_stretch::+10pct,electronic_06,electronic,time_stretch,10.0,0.997908,0.895041,0.620404,0.809468,0.8975204918490943,0.9008056666666666
electronic_06::time_stretch::+20pct,electronic_06,electronic,time_stretch,20.0,0.994315,0.867923,0.492387,0.827685,0.8939023747521769,0.8966409999999999
electronic_06::lowpass::lp8000,electronic_06,electronic,lowpass,8000.0,0.999429,0.507961,0.996631,0.75927,0.727767826785416,0.7555533333333333
electronic_06::lowpass::lp4000,electronic_06,electronic,lowpass,4000.0,0.999979,0.460765,0.985038,0.720381,0.6923795050807166,0.7270416666666666
electronic_06::lowpass::lp2000,electronic_06,electronic,lowpass,2000.0,0.999927,0.444382,0.898836,0.593283,0.6412030107755671,0.6791973333333333
electronic_06::distortion::drv4,electronic_06,electronic,distortion,4.0,0.99869,0.732641,0.99082,0.708643,0.8033715981343992,0.8133246666666666
electronic_06::distortion::drv12,electronic_06,electronic,distortion,12.0,0.997279,0.590027,0.968415,0.619637,0.7144008579748783,0.7356476666666666
electronic_06::distortion::drv32,electronic_06,electronic,distortion,32.0,0.995958,0.517626,0.93275,0.570602,0.6650640389641478,0.6947286666666667
electronic_06::style_swap::swap_cross,electronic_06,electronic,style_swap,nan,0.858565,0.373502,0.597205,0.46332,0.5296419630058037,0.565129
electronic_06::style_swap::swap_same,electronic_06,electronic,style_swap,nan,0.896237,0.424328,0.492387,0.732927,0.653223439613629,0.6844973333333333
electronic_07::control::ctrl,electronic_07,electronic,control,0.0,1.0,1.0,1.0,0.769931,0.9165382666803356,0.9233103333333332
electronic_07::pitch_shift::-4st,electronic_07,electronic,pitch_shift,-4.0,0.766562,0.36215,0.982782,0.676492,0.5726634698920551,0.6017346666666666
electronic_07::pitch_shift::-2st,electronic_07,electronic,pitch_shift,-2.0,0.818366,0.499343,0.99311,0.733329,0.6691884983122909,0.6836793333333333
electronic_07::pitch_shift::-1st,electronic_07,electronic,pitch_shift,-1.0,0.760846,0.684194,0.995994,0.708821,0.7172505109262133,0.7179536666666666
electronic_07::pitch_shift::+1st,electronic_07,electronic,pitch_shift,1.0,0.754592,0.822098,0.993963,0.71268,0.7618043587461609,0.7631233333333334
electronic_07::pitch_shift::+2st,electronic_07,electronic,pitch_shift,2.0,0.812698,0.722374,0.989009,0.723844,0.7518169140120415,0.752972
electronic_07::pitch_shift::+4st,electronic_07,electronic,pitch_shift,4.0,0.743983,0.606494,0.976464,0.672821,0.6720934861958306,0.6744326666666667
electronic_07::time_stretch::-20pct,electronic_07,electronic,time_stretch,-20.0,0.996408,0.872849,0.575376,0.750097,0.8672904900461711,0.873118
electronic_07::time_stretch::-10pct,electronic_07,electronic,time_stretch,-10.0,0.997467,0.898456,0.659441,0.773186,0.8848977900559668,0.8897029999999999
electronic_07::time_stretch::-5pct,electronic_07,electronic,time_stretch,-5.0,0.996844,0.940452,0.712757,0.763943,0.8946948341542451,0.9004129999999999
electronic_07::time_stretch::+5pct,electronic_07,electronic,time_stretch,5.0,0.995867,0.943528,0.738192,0.76198,0.8946089434390878,0.9004583333333332
electronic_07::time_stretch::+10pct,electronic_07,electronic,time_stretch,10.0,0.996091,0.91657,0.664796,0.761568,0.8859130802012708,0.8914096666666667
electronic_07::time_stretch::+20pct,electronic_07,electronic,time_stretch,20.0,0.995923,0.868506,0.599433,0.764097,0.8710619167652747,0.8761753333333333
electronic_07::lowpass::lp8000,electronic_07,electronic,lowpass,8000.0,1.0,0.369149,0.998675,0.770075,0.657523945732112,0.7130746666666666
electronic_07::lowpass::lp4000,electronic_07,electronic,lowpass,4000.0,0.999998,0.359384,0.992886,0.693546,0.6293289547301472,0.6843093333333333
electronic_07::lowpass::lp2000,electronic_07,electronic,lowpass,2000.0,0.999806,0.343797,0.974246,0.662279,0.6105945663903257,0.6686273333333332
electronic_07::distortion::drv4,electronic_07,electronic,distortion,4.0,0.999882,0.435335,0.98826,0.767996,0.6940281688622255,0.7344043333333333
electronic_07::distortion::drv12,electronic_07,electronic,distortion,12.0,0.998433,0.379037,0.962933,0.703612,0.6433459779107551,0.6936939999999999
electronic_07::distortion::drv32,electronic_07,electronic,distortion,32.0,0.99635,0.363467,0.944004,0.642438,0.6150390785313765,0.6674183333333332
electronic_07::style_swap::swap_cross,electronic_07,electronic,style_swap,nan,0.886094,0.417874,0.60697,0.59177,0.6028732721978897,0.6319126666666667
electronic_07::style_swap::swap_same,electronic_07,electronic,style_swap,nan,0.882658,0.376619,0.549731,0.453864,0.5323617058625553,0.571047
electronic_08::control::ctrl,electronic_08,electronic,control,0.0,1.0,1.0,1.0,0.890409,0.9620474962970461,0.9634696666666667
electronic_08::pitch_shift::-4st,electronic_08,electronic,pitch_shift,-4.0,0.908522,0.543821,0.986558,0.749515,0.7181093538425315,0.7339526666666667
electronic_08::pitch_shift::-2st,electronic_08,electronic,pitch_shift,-2.0,0.915175,0.708606,0.991649,0.813893,0.8081502200264844,0.8125579999999999
electronic_08::pitch_shift::-1st,electronic_08,electronic,pitch_shift,-1.0,0.94852,0.831964,0.99411,0.851472,0.8758716430913571,0.8773186666666666
electronic_08::pitch_shift::+1st,electronic_08,electronic,pitch_shift,1.0,0.958275,0.831989,0.990914,0.836485,0.8736858459476269,0.875583
electronic_08::pitch_shift::+2st,electronic_08,electronic,pitch_shift,2.0,0.919678,0.71846,0.985232,0.798669,0.8081061398569206,0.8122689999999999
electronic_08::pitch_shift::+4st,electronic_08,electronic,pitch_shift,4.0,0.903487,0.597304,0.971426,0.733664,0.734296593522947,0.7448183333333332
electronic_08::time_stretch::-20pct,electronic_08,electronic,time_stretch,-20.0,0.996541,0.8785,0.538606,0.864045,0.9111525595522747,0.9130286666666665
electronic_08::time_stretch::-10pct,electronic_08,electronic,time_stretch,-10.0,0.988208,0.875842,0.479271,0.849875,0.9026992099007998,0.9046416666666666
electronic_08::time_stretch::-5pct,electronic_08,electronic,time_stretch,-5.0,0.991683,0.930188,0.462448,0.876737,0.9316890227978842,0.9328693333333333
electronic_08::time_stretch::+5pct,electronic_08,electronic,time_stretch,5.0,0.993878,0.921473,0.652129,0.885241,0.9324503951475483,0.9335306666666666
electronic_08::time_stretch::+10pct,electronic_08,electronic,time_stretch,10.0,0.997429,0.883477,0.591651,0.877539,0.9178700980601331,0.9194816666666665
electronic_08::time_stretch::+20pct,electronic_08,electronic,time_stretch,20.0,0.992693,0.871431,0.606315,0.863405,0.9073068186025586,0.9091763333333333
electronic_08::lowpass::lp8000,electronic_08,electronic,lowpass,8000.0,0.998137,0.496135,0.997432,0.887768,0.760378512490378,0.7940133333333333
electronic_08::lowpass::lp4000,electronic_08,electronic,lowpass,4000.0,0.999998,0.45305,0.98949,0.81545,0.71754234304096,0.756166
electronic_08::lowpass::lp2000,electronic_08,electronic,lowpass,2000.0,0.996882,0.426175,0.953607,0.731751,0.677430921517496,0.7182693333333333
electronic_08::distortion::drv4,electronic_08,electronic,distortion,4.0,0.999749,0.673292,0.984054,0.733904,0.7905170278437963,0.802315
electronic_08::distortion::drv12,electronic_08,electronic,distortion,12.0,0.986606,0.507479,0.962554,0.641455,0.6848193253389006,0.7118466666666666
electronic_08::distortion::drv32,electronic_08,electronic,distortion,32.0,0.995942,0.477746,0.930002,0.586715,0.6535609562263147,0.686801
electronic_08::style_swap::swap_cross,electronic_08,electronic,style_swap,nan,0.927107,0.453751,0.529207,0.684815,0.6604504492442975,0.6885576666666666
electronic_08::style_swap::swap_same,electronic_08,electronic,style_swap,nan,0.863319,0.469269,0.492175,0.654547,0.6424578900812856,0.6623783333333333
electronic_09::control::ctrl,electronic_09,electronic,control,0.0,1.0,1.0,1.0,0.718092,0.8954885340933488,0.9060306666666667
electronic_09::pitch_shift::-4st,electronic_09,electronic,pitch_shift,-4.0,0.959409,0.47505,0.977902,0.650762,0.6668913718349656,0.6950736666666666
electronic_09::pitch_shift::-2st,electronic_09,electronic,pitch_shift,-2.0,0.963591,0.656302,0.98817,0.711411,0.7662532794793268,0.7771013333333333
electronic_09::pitch_shift::-1st,electronic_09,electronic,pitch_shift,-1.0,0.980598,0.826879,0.992775,0.709682,0.8317616999434815,0.8390529999999999
electronic_09::pitch_shift::+1st,electronic_09,electronic,pitch_shift,1.0,0.984398,0.882336,0.993075,0.758319,0.8700660439624011,0.8750176666666666
electronic_09::pitch_shift::+2st,electronic_09,electronic,pitch_shift,2.0,0.956294,0.795031,0.988688,0.779904,0.8401152739500222,0.8437429999999999
electronic_09::pitch_shift::+4st,electronic_09,electronic,pitch_shift,4.0,0.957647,0.674605,0.978896,0.698421,0.7669918793474003,0.776891
electronic_09::time_stretch::-20pct,electronic_09,electronic,time_stretch,-20.0,0.995786,0.897351,0.626185,0.735415,0.8694012968519668,0.876184
electronic_09::time_stretch::-10pct,electronic_09,electronic,time_stretch,-10.0,0.994738,0.92423,0.682118,0.773537,0.8925994617979173,0.8975016666666666
electronic_09::time_stretch::-5pct,electronic_09,electronic,time_stretch,-5.0,0.991339,0.942415,0.757467,0.751627,0.8888372591000392,0.8951269999999999
electronic_09::time_stretch::+5pct,electronic_09,electronic,time_stretch,5.0,0.993681,0.966391,0.793479,0.753948,0.8979395184516038,0.9046733333333332
electronic_09::time_stretch::+10pct,electronic_09,electronic,time_stretch,10.0,0.993391,0.944324,0.717924,0.705499,0.871456841313059,0.8810713333333333
electronic_09::time_stretch::+20pct,electronic_09,electronic,time_stretch,20.0,0.994183,0.922112,0.658424,0.724026,0.8723043861093324,0.880107
electronic_09::lowpass::lp8000,electronic_09,electronic,lowpass,8000.0,0.999474,0.483836,0.998775,0.729085,0.7064519275685323,0.7374649999999999
electronic_09::lowpass::lp4000,electronic_09,electronic,lowpass,4000.0,0.999479,0.453752,0.784357,0.623887,0.6564969620523777,0.6923726666666665
electronic_09::lowpass::lp2000,electronic_09,electronic,lowpass,2000.0,0.999986,0.408429,0.765017,0.603178,0.6268813187646807,0.670531
electronic_09::distortion::drv4,electronic_09,electronic,distortion,4.0,0.999442,0.69507,0.992479,0.683796,0.7802568056904402,0.7927693333333333
electronic_09::distortion::drv12,electronic_09,electronic,distortion,12.0,0.999431,0.580273,0.976129,0.633823,0.7163375623919461,0.7378423333333333
electronic_09::distortion::drv32,electronic_09,electronic,distortion,32.0,0.999298,0.520337,0.954315,0.602336,0.6791090465402991,0.7073236666666667
electronic_09::style_swap::swap_cross,electronic_09,electronic,style_swap,nan,0.962967,0.540225,0.613662,0.629425,0.689249866110924,0.7108723333333333
electronic_09::style_swap::swap_same,electronic_09,electronic,style_swap,nan,0.892172,0.449766,0.724892,0.663505,0.643319136510266,0.668481
electronic_10::control::ctrl,electronic_10,electronic,control,0.0,1.0,1.0,1.0,0.810411,0.9323273884061728,0.9368036666666666
electronic_10::pitch_shift::-4st,electronic_10,electronic,pitch_shift,-4.0,0.927037,0.63649,0.955138,0.671573,0.7345036530390429,0.7450333333333333
electronic_10::pitch_shift::-2st,electronic_10,electronic,pitch_shift,-2.0,0.934227,0.761208,0.965096,0.71841,0.7994219018226193,0.804615
electronic_10::pitch_shift::-1st,electronic_10,electronic,pitch_shift,-1.0,0.948845,0.854291,0.968949,0.735278,0.841558334440506,0.846138
electronic_10::pitch_shift::+1st,electronic_10,electronic,pitch_shift,1.0,0.957321,0.877158,0.994434,0.770588,0.864939807662149,0.8683556666666666
electronic_10::pitch_shift::+2st,electronic_10,electronic,pitch_shift,2.0,0.942156,0.799083,0.991552,0.722643,0.8163558387582618,0.821294
electronic_10::pitch_shift::+4st,electronic_10,electronic,pitch_shift,4.0,0.926106,0.701639,0.987228,0.719798,0.7762382122229677,0.7825143333333333
electronic_10::time_stretch::-20pct,electronic_10,electronic,time_stretch,-20.0,0.995521,0.872309,0.87537,0.7565,0.8693137930373943,0.8747766666666665
electronic_10::time_stretch::-10pct,electronic_10,electronic,time_stretch,-10.0,0.994197,0.889905,0.886615,0.784036,0.8852189448822937,0.8893793333333333
electronic_10::time_stretch::-5pct,electronic_10,electronic,time_stretch,-5.0,0.997108,0.917396,0.935756,0.763266,0.8871389619558826,0.89259
electronic_10::time_stretch::+5pct,electronic_10,electronic,time_stretch,5.0,0.996636,0.915546,0.935756,0.782091,0.8936305543233556,0.8980909999999999
electronic_10::time_stretch::+10pct,electronic_10,electronic,time_stretch,10.0,0.996679,0.890654,0.8822,0.77244,0.8818127255338066,0.8865909999999999
electronic_10::time_stretch::+20pct,electronic_10,electronic,time_stretch,20.0,0.994358,0.875533,0.865741,0.784418,0.8806181135741744,0.8847696666666666
electronic_10::lowpass::lp8000,electronic_10,electronic,lowpass,8000.0,0.999418,0.528164,0.99862,0.807738,0.7526542054903375,0.77844
electronic_10::lowpass::lp4000,electronic_10,electronic,lowpass,4000.0,0.999519,0.458573,0.995015,0.728948,0.6939028871566383,0.7290133333333333
electronic_10::lowpass::lp2000,electronic_10,electronic,lowpass,2000.0,0.999878,0.436361,0.971037,0.710243,0.6767059074450834,0.715494
electronic_10::distortion::drv4,electronic_10,electronic,distortion,4.0,0.998247,0.775004,0.992018,0.692911,0.8123436771787202,0.822054
electronic_10::distortion::drv12,electronic_10,electronic,distortion,12.0,0.99768,0.6507,0.96743,0.566792,0.7165809551490206,0.7383906666666666
electronic_10::distortion::drv32,electronic_10,electronic,distortion,32.0,0.997355,0.562191,0.917528,0.534999,0.6694151589576213,0.6981816666666666
electronic_10::style_swap::swap_cross,electronic_10,electronic,style_swap,nan,0.942699,0.416073,0.937445,0.239747,0.45474219530040744,0.5328396666666666
electronic_10::style_swap::swap_same,electronic_10,electronic,style_swap,nan,0.859537,0.468063,0.899709,0.635552,0.6347070553859453,0.654384
electronic_11::control::ctrl,electronic_11,electronic,control,0.0,1.0,1.0,1.0,0.720974,0.8966849235206708,0.9069913333333333
electronic_11::pitch_shift::-4st,electronic_11,electronic,pitch_shift,-4.0,0.938685,0.513101,0.985868,0.698801,0.6955986849453398,0.7168623333333333
electronic_11::pitch_shift::-2st,electronic_11,electronic,pitch_shift,-2.0,0.948451,0.67216,0.947797,0.686351,0.7591797427232035,0.7689873333333332
electronic_11::pitch_shift::-1st,electronic_11,electronic,pitch_shift,-1.0,0.934442,0.804707,0.992252,0.661324,0.7922607446104034,0.8001576666666665
electronic_11::pitch_shift::+1st,electronic_11,electronic,pitch_shift,1.0,0.931792,0.869101,0.946374,0.677755,0.8187550388010072,0.826216
electronic_11::pitch_shift::+2st,electronic_11,electronic,pitch_shift,2.0,0.941306,0.795511,0.944927,0.678035,0.7977675671035568,0.8049506666666666
electronic_11::pitch_shift::+4st,electronic_11,electronic,pitch_shift,4.0,0.931312,0.665806,0.93389,0.626743,0.7297556484133891,0.741287
electronic_11::time_stretch::-20pct,electronic_11,electronic,time_stretch,-20.0,0.995049,0.841323,0.678262,0.71967,0.8445918302555979,0.8520139999999999
electronic_11::time_stretch::-10pct,electronic_11,electronic,time_stretch,-10.0,0.998182,0.889206,0.738501,0.723259,0.8626513805991723,0.8702156666666666
electronic_11::time_stretch::-5pct,electronic_11,electronic,time_stretch,-5.0,0.999267,0.925465,0.80105,0.682601,0.8578331429781337,0.869111
electronic_11::time_stretch::+5pct,electronic_11,electronic,time_stretch,5.0,0.998669,0.907761,0.760252,0.716304,0.8659579863593696,0.8742446666666667
electronic_11::time_stretch::+10pct,electronic_11,electronic,time_stretch,10.0,0.995713,0.891752,0.705064,0.739943,0.8693450356636795,0.8758026666666666
electronic_11::time_stretch::+20pct,electronic_11,electronic,time_stretch,20.0,0.994667,0.869275,0.674601,0.715921,0.8522493270920407,0.8599543333333333
electronic_11::lowpass::lp8000,electronic_11,electronic,lowpass,8000.0,0.999645,0.460656,0.952868,0.739625,0.6983578793504962,0.7333086666666666
electronic_11::lowpass::lp4000,electronic_11,electronic,lowpass,4000.0,0.999927,0.446934,0.936248,0.742932,0.6924476061640484,0.729931
electronic_11::lowpass::lp2000,electronic_11,electronic,lowpass,2000.0,0.999985,0.414799,0.77553,0.699265,0.6619486881659883,0.704683
electronic_11::distortion::drv4,electronic_11,electronic,distortion,4.0,0.999866,0.755976,0.946075,0.706237,0.8112102418291643,0.820693
electronic_11::distortion::drv12,electronic_11,electronic,distortion,12.0,0.999465,0.563732,0.804425,0.682269,0.727107524637053,0.7484886666666666
electronic_11::distortion::drv32,electronic_11,electronic,distortion,32.0,0.998631,0.484526,0.758401,0.638601,0.6760579249970108,0.7072526666666666
electronic_11::style_swap::swap_cross,electronic_11,electronic,style_swap,nan,0.822051,0.44278,0.665823,0.472771,0.5562190542026902,0.5792006666666666
electronic_11::style_swap::swap_same,electronic_11,electronic,style_swap,nan,0.954572,0.520179,0.651857,0.541555,0.6454580558545042,0.672102
electronic_12::control::ctrl,electronic_12,electronic,control,0.0,1.0,1.0,1.0,0.844959,0.9453919037415115,0.9483196666666667
electronic_12::pitch_shift::-4st,electronic_12,electronic,pitch_shift,-4.0,0.925351,0.609278,0.961158,0.790859,0.7639653924995382,0.7751626666666667
electronic_12::pitch_shift::-2st,electronic_12,electronic,pitch_shift,-2.0,0.980443,0.741232,0.989681,0.805836,0.8366446889874711,0.8425036666666665
electronic_12::pitch_shift::-1st,electronic_12,electronic,pitch_shift,-1.0,0.994124,0.839776,0.996851,0.813193,0.8788860062693289,0.8823643333333333
electronic_12::pitch_shift::+1st,electronic_12,electronic,pitch_shift,1.0,0.989993,0.84999,0.992541,0.785886,0.8712346994230317,0.8752896666666665
electronic_12::pitch_shift::+2st,electronic_12,electronic,pitch_shift,2.0,0.942581,0.718769,0.982626,0.795188,0.8136905625983414,0.818846
electronic_12::pitch_shift::+4st,electronic_12,electronic,pitch_shift,4.0,0.870986,0.580142,0.947041,0.763623,0.7280169557289439,0.7382503333333333
electronic_12::time_stretch::-20pct,electronic_12,electronic,time_stretch,-20.0,0.995486,0.893181,0.214705,0.79805,0.8919385024120909,0.8955723333333333
electronic_12::time_stretch::-10pct,electronic_12,electronic,time_stretch,-10.0,0.995077,0.905521,0.353968,0.843262,0.9125133949553708,0.91462
electronic_12::time_stretch::-5pct,electronic_12,electronic,time_stretch,-5.0,0.99615,0.933377,0.503291,0.838201,0.9202588505516723,0.9225759999999998
electronic_12::time_stretch::+5pct,electronic_12,electronic,time_stretch,5.0,0.996161,0.956473,0.497655,0.837304,0.9274598941253351,0.9299793333333333
electronic_12::time_stretch::+10pct,electronic_12,electronic,time_stretch,10.0,0.992855,0.930926,0.376862,0.839752,0.9190038794148055,0.9211776666666667
electronic_12::time_stretch::+20pct,electronic_12,electronic,time_stretch,20.0,0.995718,0.903473,0.218076,0.814142,0.9013993323508671,0.9044443333333333
electronic_12::lowpass::lp8000,electronic_12,electronic,lowpass,8000.0,1.0,0.71859,0.999336,0.836792,0.8440462206368297,0.8517939999999999
electronic_12::lowpass::lp4000,electronic_12,electronic,lowpass,4000.0,0.999967,0.617784,0.996177,0.798167,0.7900211123981942,0.805306
electronic_12::lowpass::lp2000,electronic_12,electronic,lowpass,2000.0,0.999998,0.523638,0.990328,0.767548,0.7379811638451775,0.763728
electronic_12::distortion::drv4,electronic_12,electronic,distortion,4.0,0.998066,0.772342,0.994745,0.799252,0.850911151178233,0.8565533333333333
electronic_12::distortion::drv12,electronic_12,electronic,distortion,12.0,0.996694,0.659341,0.979778,0.696251,0.7705708678567899,0.7840953333333333
electronic_12::distortion::drv32,electronic_12,electronic,distortion,32.0,0.996048,0.579753,0.949473,0.629727,0.7137703919352515,0.7351759999999999
electronic_12::style_swap::swap_cross,electronic_12,electronic,style_swap,nan,0.761492,0.406166,0.45872,0.719567,0.6060103614238275,0.6290749999999999
electronic_12::style_swap::swap_same,electronic_12,electronic,style_swap,nan,0.859537,0.468037,0.442778,0.567266,0.6110974982879532,0.6316133333333334
electronic_13::control::ctrl,electronic_13,electronic,control,0.0,1.0,0.993659,0.999997,0.846999,0.9441480257723558,0.9468859999999999
electronic_13::pitch_shift::-4st,electronic_13,electronic,pitch_shift,-4.0,0.969528,0.625518,0.984902,0.721952,0.7593398004192936,0.7723326666666667
electronic_13::pitch_shift::-2st,electronic_13,electronic,pitch_shift,-2.0,0.975927,0.764546,0.952799,0.81878,0.848521256779456,0.8530843333333332
electronic_13::pitch_shift::-1st,electronic_13,electronic,pitch_shift,-1.0,0.980124,0.86583,0.955277,0.834188,0.8912356094438006,0.8933806666666666
electronic_13::pitch_shift::+1st,electronic_13,electronic,pitch_shift,1.0,0.9904,0.872442,0.951772,0.816712,0.8903047921855528,0.8931846666666666
electronic_13::pitch_shift::+2st,electronic_13,electronic,pitch_shift,2.0,0.973172,0.776106,0.988098,0.789235,0.841599872117756,0.846171
electronic_13::pitch_shift::+4st,electronic_13,electronic,pitch_shift,4.0,0.962658,0.680156,0.922109,0.752466,0.7898097299953379,0.7984266666666666
electronic_13::time_stretch::-20pct,electronic_13,electronic,time_stretch,-20.0,0.993593,0.887697,0.424245,0.843787,0.9062236010757351,0.9083589999999999
electronic_13::time_stretch::-10pct,electronic_13,electronic,time_stretch,-10.0,0.99723,0.912308,0.50519,0.857395,0.9205327729407365,0.9223109999999999
electronic_13::time_stretch::-5pct,electronic_13,electronic,time_stretch,-5.0,0.995355,0.940778,0.593908,0.873587,0.9352415061622648,0.9365733333333333
electronic_13::time_stretch::+5pct,electronic_13,electronic,time_stretch,5.0,0.994426,0.950774,0.652717,0.84979,0.9296521141665693,0.9316633333333333
electronic_13::time_stretch::+10pct,electronic_13,electronic,time_stretch,10.0,0.993618,0.932963,0.558868,0.849423,0.9234271284219924,0.9253346666666666
electronic_13::time_stretch::+20pct,electronic_13,electronic,time_stretch,20.0,0.996687,0.887836,0.481783,0.83454,0.9038844200714062,0.9063543333333333
electronic_13::lowpass::lp8000,electronic_13,electronic,lowpass,8000.0,0.999985,0.491318,0.99848,0.839362,0.7443350812267592,0.7768883333333333
electronic_13::lowpass::lp4000,electronic_13,electronic,lowpass,4000.0,0.99999,0.470791,0.995247,0.750912,0.70708390416149,0.7405643333333334
electronic_13::lowpass::lp2000,electronic_13,electronic,lowpass,2000.0,0.999998,0.461128,0.985278,0.744104,0.7000860459243483,0.7350766666666666
electronic_13::distortion::drv4,electronic_13,electronic,distortion,4.0,0.999837,0.85634,0.99342,0.8389,0.8955610765522555,0.8983589999999999
electronic_13::distortion::drv12,electronic_13,electronic,distortion,12.0,0.999499,0.741137,0.977622,0.766975,0.8282358452480214,0.8358703333333333
electronic_13::distortion::drv32,electronic_13,electronic,distortion,32.0,0.999227,0.664535,0.955131,0.615189,0.7419879639119351,0.7596503333333333
electronic_13::style_swap::swap_cross,electronic_13,electronic,style_swap,nan,0.779592,0.418635,0.41568,0.60402,0.5819934217377207,0.600749
electronic_13::style_swap::swap_same,electronic_13,electronic,style_swap,nan,0.968089,0.528689,0.450717,0.455917,0.6156498557656596,0.6508983333333332
electronic_14::control::ctrl,electronic_14,electronic,control,0.0,1.0,1.0,1.0,0.776063,0.9189650459949363,0.9253543333333333
electronic_14::pitch_shift::-4st,electronic_14,electronic,pitch_shift,-4.0,0.944088,0.604467,0.886371,0.713275,0.7411066189331929,0.7539433333333333
electronic_14::pitch_shift::-2st,electronic_14,electronic,pitch_shift,-2.0,0.947731,0.769855,0.944,0.732778,0.8116251219413637,0.8167879999999998
electronic_14::pitch_shift::-1st,electronic_14,electronic,pitch_shift,-1.0,0.961905,0.868735,0.947186,0.762986,0.860687224799151,0.8645419999999999
electronic_14::pitch_shift::+1st,electronic_14,electronic,pitch_shift,1.0,0.963249,0.878183,0.992765,0.765915,0.8653026940305123,0.8691156666666666
electronic_14::pitch_shift::+2st,electronic_14,electronic,pitch_shift,2.0,0.950868,0.797621,0.98605,0.738692,0.8243786501105458,0.8290603333333333
electronic_14::pitch_shift::+4st,electronic_14,electronic,pitch_shift,4.0,0.944287,0.708866,0.871025,0.729163,0.7873435246826218,0.7941053333333332
electronic_14::time_stretch::-20pct,electronic_14,electronic,time_stretch,-20.0,0.992999,0.903846,0.412351,0.768463,0.8835315679291956,0.888436
electronic_14::time_stretch::-10pct,electronic_14,electronic,time_stretch,-10.0,0.995971,0.894674,0.579551,0.79776,0.892471977778423,0.8961349999999999
electronic_14::time_stretch::-5pct,electronic_14,electronic,time_stretch,-5.0,0.99772,0.932679,0.611064,0.79849,0.9057398015525199,0.9096296666666666
electronic_14::time_stretch::+5pct,electronic_14,electronic,time_stretch,5.0,0.994496,0.950972,0.644494,0.771504,0.9002635172028625,0.9056573333333333
electronic_14::time_stretch::+10pct,electronic_14,electronic,time_stretch,10.0,0.997219,0.935161,0.574181,0.74698,0.8864657658825695,0.8931199999999999
electronic_14::time_stretch::+20pct,electronic_14,electronic,time_stretch,20.0,0.996834,0.940751,0.434703,0.744978,0.8873201139210997,0.8941876666666666
electronic_14::lowpass::lp8000,electronic_14,electronic,lowpass,8000.0,0.999796,0.506671,0.993608,0.76696,0.7296871847301474,0.757809
electronic_14::lowpass::lp4000,electronic_14,electronic,lowpass,4000.0,0.999959,0.470805,0.888807,0.735329,0.7021582204829633,0.7353643333333333
electronic_14::lowpass::lp2000,electronic_14,electronic,lowpass,2000.0,0.999934,0.452129,0.874068,0.757939,0.6997710712898728,0.7366673333333332
electronic_14::distortion::drv4,electronic_14,electronic,distortion,4.0,0.99954,0.792163,0.985038,0.753353,0.8417912712280242,0.848352
electronic_14::distortion::drv12,electronic_14,electronic,distortion,12.0,0.998372,0.641792,0.859453,0.643499,0.7442945792683624,0.761221
electronic_14::distortion::drv32,electronic_14,electronic,distortion,32.0,0.997578,0.55305,0.575864,0.625547,0.7014397958523397,0.7253916666666667
electronic_14::style_swap::swap_cross,electronic_14,electronic,style_swap,nan,0.874988,0.389854,0.608194,0.55728,0.5749885319814411,0.6073739999999999
electronic_14::style_swap::swap_same,electronic_14,electronic,style_swap,nan,0.883613,0.53598,0.395106,0.70407,0.693439921157812,0.7078876666666666
electronic_15::control::ctrl,electronic_15,electronic,control,0.0,1.0,1.0,1.0,0.753795,0.9100901573114748,0.9179316666666666
electronic_15::pitch_shift::-4st,electronic_15,electronic,pitch_shift,-4.0,0.840943,0.453885,0.960622,0.637507,0.6243083103978131,0.6441116666666666
electronic_15::pitch_shift::-2st,electronic_15,electronic,pitch_shift,-2.0,0.896542,0.614272,0.974602,0.68489,0.7225214222176607,0.7319013333333333
electronic_15::pitch_shift::-1st,electronic_15,electronic,pitch_shift,-1.0,0.782124,0.679699,0.964412,0.605925,0.6854940745386305,0.6892493333333334
electronic_15::pitch_shift::+1st,electronic_15,electronic,pitch_shift,1.0,0.7797,0.737446,0.964919,0.671486,0.7281679732997534,0.729544
electronic_15::pitch_shift::+2st,electronic_15,electronic,pitch_shift,2.0,0.884341,0.628087,0.963924,0.685794,0.7248994140228524,0.7327406666666666
electronic_15::pitch_shift::+4st,electronic_15,electronic,pitch_shift,4.0,0.871583,0.518374,0.963308,0.656424,0.6668765879269686,0.6821269999999999
electronic_15::time_stretch::-20pct,electronic_15,electronic,time_stretch,-20.0,0.997531,0.753489,0.939694,0.734104,0.8202010155373123,0.8283746666666666
electronic_15::time_stretch::-10pct,electronic_15,electronic,time_stretch,-10.0,0.998574,0.791701,0.932166,0.749264,0.839831393201435,0.846513
electronic_15::time_stretch::-5pct,electronic_15,electronic,time_stretch,-5.0,0.998306,0.796824,0.936356,0.753843,0.8432745587574295,0.8496576666666666
electronic_15::time_stretch::+5pct,electronic_15,electronic,time_stretch,5.0,0.999215,0.764778,0.929735,0.737747,0.8261024835446795,0.8339133333333333
electronic_15::time_stretch::+10pct,electronic_15,electronic,time_stretch,10.0,0.999031,0.797972,0.932326,0.751696,0.8430816151191287,0.8495663333333332
electronic_15::time_stretch::+20pct,electronic_15,electronic,time_stretch,20.0,0.998811,0.790278,0.956694,0.736481,0.8345933475022496,0.8418566666666667
electronic_15::lowpass::lp8000,electronic_15,electronic,lowpass,8000.0,1.0,0.486819,0.998033,0.763447,0.7189777836422141,0.7500886666666666
electronic_15::lowpass::lp4000,electronic_15,electronic,lowpass,4000.0,0.999999,0.431043,0.973595,0.734082,0.6814305172744946,0.721708
electronic_15::lowpass::lp2000,electronic_15,electronic,lowpass,2000.0,0.999959,0.396597,0.971245,0.727694,0.6608356606916718,0.7080833333333333
electronic_15::distortion::drv4,electronic_15,electronic,distortion,4.0,0.999999,0.955684,0.972045,0.748341,0.8942751035849997,0.9013413333333333
electronic_15::distortion::drv12,electronic_15,electronic,distortion,12.0,0.999742,0.778311,0.975551,0.713352,0.821829380096851,0.8304683333333334
electronic_15::distortion::drv32,electronic_15,electronic,distortion,32.0,0.996745,0.59547,0.967717,0.593494,0.7062418161955334,0.7285696666666666
electronic_15::style_swap::swap_cross,electronic_15,electronic,style_swap,nan,0.942812,0.412285,0.947201,0.572006,0.6058164662426153,0.6423676666666667
electronic_15::style_swap::swap_same,electronic_15,electronic,style_swap,nan,0.87501,0.397523,0.917864,0.586349,0.5886319377061762,0.6196273333333333
folk_01::control::ctrl,folk_01,folk,control,0.0,1.0,1.0,1.0,0.786495,0.923064372158408,0.9288316666666666
folk_01::pitch_shift::-4st,folk_01,folk,pitch_shift,-4.0,0.878283,0.512452,0.986858,0.598706,0.6459026899060466,0.6631469999999999
folk_01::pitch_shift::-2st,folk_01,folk,pitch_shift,-2.0,0.910474,0.645751,0.994751,0.748513,0.7606367908275242,0.768246
folk_01::pitch_shift::-1st,folk_01,folk,pitch_shift,-1.0,0.852995,0.779787,0.996618,0.664654,0.7617971898887987,0.7658119999999999
folk_01::pitch_shift::+1st,folk_01,folk,pitch_shift,1.0,0.811005,0.785732,0.994595,0.702744,0.7650650678208869,0.7664936666666666
folk_01::pitch_shift::+2st,folk_01,folk,pitch_shift,2.0,0.914739,0.648749,0.988924,0.736113,0.7587629707317255,0.7665336666666667
folk_01::pitch_shift::+4st,folk_01,folk,pitch_shift,4.0,0.85088,0.526821,0.974069,0.629265,0.6558255370993237,0.6689886666666666
folk_01::time_stretch::-20pct,folk_01,folk,time_stretch,-20.0,0.995576,0.864157,0.496007,0.773621,0.8731022492620325,0.8777846666666667
folk_01::time_stretch::-10pct,folk_01,folk,time_stretch,-10.0,0.998741,0.893672,0.598147,0.785757,0.8884638520500904,0.8927233333333333
folk_01::time_stretch::-5pct,folk_01,folk,time_stretch,-5.0,0.999482,0.923512,0.646632,0.787687,0.8992015897218993,0.9035603333333333
folk_01::time_stretch::+5pct,folk_01,folk,time_stretch,5.0,0.998548,0.940892,0.664799,0.795272,0.9074195631805325,0.9115706666666665
folk_01::time_stretch::+10pct,folk_01,folk,time_stretch,10.0,0.994638,0.90524,0.590092,0.798462,0.8958342828475546,0.8994466666666667
folk_01::time_stretch::+20pct,folk_01,folk,time_stretch,20.0,0.99474,0.804261,0.521485,0.803135,0.8629090980828139,0.8673786666666666
folk_01::lowpass::lp8000,folk_01,folk,lowpass,8000.0,0.999954,0.501764,0.999435,0.779887,0.73142601094841,0.760535
folk_01::lowpass::lp4000,folk_01,folk,lowpass,4000.0,0.999555,0.43656,0.997014,0.709616,0.6765366760077351,0.7152436666666666
folk_01::lowpass::lp2000,folk_01,folk,lowpass,2000.0,0.998372,0.442274,0.991835,0.668707,0.6658962313703308,0.7031176666666666
folk_01::distortion::drv4,folk_01,folk,distortion,4.0,0.999769,0.677715,0.997098,0.764658,0.8031648008290588,0.8140473333333332
folk_01::distortion::drv12,folk_01,folk,distortion,12.0,0.993428,0.489176,0.988871,0.713702,0.7025967727313833,0.7321019999999999
folk_01::distortion::drv32,folk_01,folk,distortion,32.0,0.996681,0.423966,0.967467,0.603022,0.6339769311075559,0.6745563333333333
folk_01::style_swap::swap_cross,folk_01,folk,style_swap,nan,0.906383,0.349768,0.465617,0.518517,0.5477952661347503,0.591556
folk_01::style_swap::swap_same,folk_01,folk,style_swap,nan,0.649426,0.38526,0.531447,0.567229,0.5216117182723685,0.5339716666666666
folk_02::control::ctrl,folk_02,folk,control,0.0,1.0,1.0,1.0,0.825891,0.9382262461479165,0.9419636666666666
folk_02::pitch_shift::-4st,folk_02,folk,pitch_shift,-4.0,0.79579,0.561908,0.968751,0.666978,0.6681260431429515,0.6748919999999999
folk_02::pitch_shift::-2st,folk_02,folk,pitch_shift,-2.0,0.726504,0.685723,0.989176,0.695695,0.7024280881031838,0.7026406666666667
folk_02::pitch_shift::-1st,folk_02,folk,pitch_shift,-1.0,0.83772,0.796936,0.990462,0.722679,0.7843127135322088,0.7857783333333332
folk_02::pitch_shift::+1st,folk_02,folk,pitch_shift,1.0,0.80573,0.790353,0.973029,0.706178,0.7661402421673664,0.7674203333333333
folk_02::pitch_shift::+2st,folk_02,folk,pitch_shift,2.0,0.717197,0.67362,0.988302,0.768063,0.7185937361066468,0.7196266666666666
folk_02::pitch_shift::+4st,folk_02,folk,pitch_shift,4.0,0.784144,0.586191,0.969324,0.670735,0.6755569708793117,0.6803566666666666
folk_02::time_stretch::-20pct,folk_02,folk,time_stretch,-20.0,0.997082,0.836732,0.839746,0.805416,0.8758824728313993,0.8797433333333333
folk_02::time_stretch::-10pct,folk_02,folk,time_stretch,-10.0,0.993775,0.852342,0.85426,0.790282,0.8747716146599214,0.8787996666666666
folk_02::time_stretch::-5pct,folk_02,folk,time_stretch,-5.0,0.997667,0.883533,0.871756,0.75505,0.8730947257859717,0.8787499999999999
folk_02::time_stretch::+5pct,folk_02,folk,time_stretch,5.0,0.994668,0.859647,0.88108,0.778004,0.87295805366016,0.8774396666666666
folk_02::time_stretch::+10pct,folk_02,folk,time_stretch,10.0,0.994877,0.880931,0.854579,0.759298,0.8730541477281812,0.8783686666666666
folk_02::time_stretch::+20pct,folk_02,folk,time_stretch,20.0,0.996011,0.844646,0.822836,0.797484,0.8754276933843615,0.8793803333333332
folk_02::lowpass::lp8000,folk_02,folk,lowpass,8000.0,0.999994,0.667875,0.999496,0.819124,0.8178633443327964,0.8289976666666666
folk_02::lowpass::lp4000,folk_02,folk,lowpass,4000.0,0.998544,0.47605,0.995762,0.744524,0.7073475049465247,0.739706
folk_02::lowpass::lp2000,folk_02,folk,lowpass,2000.0,0.999954,0.429862,0.989002,0.740867,0.68288846340696,0.723561
folk_02::distortion::drv4,folk_02,folk,distortion,4.0,0.996031,0.690976,0.930826,0.760347,0.8058407375090463,0.8157846666666666
folk_02::distortion::drv12,folk_02,folk,distortion,12.0,0.9878,0.481315,0.91269,0.692111,0.6903850685570937,0.7204086666666667
folk_02::distortion::drv32,folk_02,folk,distortion,32.0,0.984613,0.456286,0.893513,0.618478,0.652542779333589,0.6864589999999999
folk_02::style_swap::swap_cross,folk_02,folk,style_swap,nan,0.89088,0.407892,0.80177,0.532591,0.57843257143377,0.6104543333333333
folk_02::style_swap::swap_same,folk_02,folk,style_swap,nan,0.821751,0.435787,0.841288,0.648171,0.6145653012098018,0.6352363333333333
folk_03::control::ctrl,folk_03,folk,control,0.0,1.0,1.0,1.0,0.858099,0.9502673301217072,0.9526996666666666
folk_03::pitch_shift::-4st,folk_03,folk,pitch_shift,-4.0,0.81891,0.673368,0.991218,0.722022,0.735664319852547,0.7381
folk_03::pitch_shift::-2st,folk_03,folk,pitch_shift,-2.0,0.806482,0.801302,0.995688,0.790532,0.799411000109403,0.7994386666666666
folk_03::pitch_shift::-1st,folk_03,folk,pitch_shift,-1.0,0.889411,0.876651,0.997764,0.783655,0.8485642140719014,0.8499056666666666
folk_03::pitch_shift::+1st,folk_03,folk,pitch_shift,1.0,0.926669,0.871384,0.973889,0.806289,0.8667123473469909,0.8681139999999999
folk_03::pitch_shift::+2st,folk_03,folk,pitch_shift,2.0,0.826011,0.780384,0.994554,0.754181,0.7863029858786647,0.7868586666666666
folk_03::pitch_shift::+4st,folk_03,folk,pitch_shift,4.0,0.81797,0.642399,0.96413,0.770595,0.7398144441460875,0.7436546666666667
folk_03::time_stretch::-20pct,folk_03,folk,time_stretch,-20.0,0.991558,0.887336,0.736883,0.775802,0.8804790761037895,0.8848986666666666
folk_03::time_stretch::-10pct,folk_03,folk,time_stretch,-10.0,0.993192,0.935953,0.818374,0.793901,0.9036866518416249,0.9076819999999999
folk_03::time_stretch::-5pct,folk_03,folk,time_stretch,-5.0,0.992738,0.948462,0.865759,0.81264,0.9146415484775258,0.9179466666666667
folk_03::time_stretch::+5pct,folk_03,folk,time_stretch,5.0,0.989697,0.925641,0.826593,0.791838,0.8985185730656127,0.9023920000000001
folk_03::time_stretch::+10pct,folk_03,folk,time_stretch,10.0,0.990863,0.909039,0.818869,0.797254,0.8954972946225319,0.899052
folk_03::time_stretch::+20pct,folk_03,folk,time_stretch,20.0,0.987468,0.900167,0.77387,0.777974,0.8843083663149948,0.8885363333333334
folk_03::lowpass::lp8000,folk_03,folk,lowpass,8000.0,0.994476,0.675563,0.998619,0.858956,0.8325500667595032,0.8429983333333333
folk_03::lowpass::lp4000,folk_03,folk,lowpass,4000.0,0.995525,0.591141,0.993953,0.800612,0.7781352972747635,0.7957593333333333
folk_03::lowpass::lp2000,folk_03,folk,lowpass,2000.0,0.995449,0.498634,0.986788,0.731221,0.7133180046662212,0.741768
folk_03::distortion::drv4,folk_03,folk,distortion,4.0,0.994939,0.813659,0.998427,0.825799,0.87438845216007,0.8781323333333333
folk_03::distortion::drv12,folk_03,folk,distortion,12.0,0.994688,0.642654,0.971034,0.67951,0.7573325945749372,0.772284
folk_03::distortion::drv32,folk_03,folk,distortion,32.0,0.99313,0.559313,0.964637,0.603512,0.6946760212320839,0.7186516666666666
folk_03::style_swap::swap_cross,folk_03,folk,style_swap,nan,0.802467,0.464467,0.79124,0.574633,0.5983071635335854,0.6138556666666666
folk_03::style_swap::swap_same,folk_03,folk,style_swap,nan,0.838325,0.510036,0.864919,0.547835,0.616435547025862,0.6320653333333333
folk_04::control::ctrl,folk_04,folk,control,0.0,1.0,1.0,1.0,0.766463,0.9151600743163839,0.9221543333333333
folk_04::pitch_shift::-4st,folk_04,folk,pitch_shift,-4.0,0.847736,0.601474,0.990731,0.639485,0.6882865490248157,0.6962316666666666
folk_04::pitch_shift::-2st,folk_04,folk,pitch_shift,-2.0,0.854301,0.752888,0.99428,0.754418,0.785810408971152,0.7872023333333333
folk_04::pitch_shift::-1st,folk_04,folk,pitch_shift,-1.0,0.840002,0.862555,0.995805,0.723987,0.8064905724741249,0.808848
folk_04::pitch_shift::+1st,folk_04,folk,pitch_shift,1.0,0.849374,0.852991,0.994468,0.706977,0.8001097554074122,0.803114
folk_04::pitch_shift::+2st,folk_04,folk,pitch_shift,2.0,0.850427,0.74091,0.991388,0.75771,0.7815711233361775,0.7830156666666666
folk_04::pitch_shift::+4st,folk_04,folk,pitch_shift,4.0,0.84471,0.631192,0.985375,0.714459,0.7249067508762524,0.7301203333333333
folk_04::time_stretch::-20pct,folk_04,folk,time_stretch,-20.0,0.996647,0.864388,0.762383,0.749831,0.8644459184537242,0.8702886666666667
folk_04::time_stretch::-10pct,folk_04,folk,time_stretch,-10.0,0.999284,0.910771,0.801553,0.788857,0.8954310234595084,0.8996373333333333
folk_04::time_stretch::-5pct,folk_04,folk,time_stretch,-5.0,0.998406,0.932391,0.848898,0.770262,0.895051262206971,0.900353
folk_04::time_stretch::+5pct,folk_04,folk,time_stretch,5.0,0.998557,0.943118,0.845804,0.74397,0.8881741025620512,0.8952149999999999
folk_04::time_stretch::+10pct,folk_04,folk,time_stretch,10.0,0.99702,0.922936,0.820057,0.759332,0.8873651866513228,0.8930959999999999
folk_04::time_stretch::+20pct,folk_04,folk,time_stretch,20.0,0.995873,0.893722,0.778709,0.73123,0.8666028956296483,0.8736083333333333
folk_04::lowpass::lp8000,folk_04,folk,lowpass,8000.0,0.999999,0.560813,0.997609,0.76956,0.7557068775239533,0.7767906666666666
folk_04::lowpass::lp4000,folk_04,folk,lowpass,4000.0,0.999999,0.507935,0.990416,0.77269,0.7321571911726703,0.760208
folk_04::lowpass::lp2000,folk_04,folk,lowpass,2000.0,0.999972,0.424061,0.975807,0.755773,0.6843356766970109,0.726602
folk_04::distortion::drv4,folk_04,folk,distortion,4.0,0.999622,0.842631,0.995711,0.725169,0.8484719502956641,0.8558073333333333
folk_04::distortion::drv12,folk_04,folk,distortion,12.0,0.996128,0.669891,0.984405,0.696795,0.7747140616828793,0.7876046666666666
folk_04::distortion::drv32,folk_04,folk,distortion,32.0,0.991641,0.570901,0.973388,0.617984,0.7046349327370119,0.726842
folk_04::style_swap::swap_cross,folk_04,folk,style_swap,nan,0.750422,0.397437,0.869202,0.503905,0.5316683900696871,0.550588
folk_04::style_swap::swap_same,folk_04,folk,style_swap,nan,0.700553,0.469813,0.894759,0.550336,0.5658022236993016,0.5735673333333333
folk_05::control::ctrl,folk_05,folk,control,0.0,1.0,1.0,1.0,0.787149,0.9233201554534978,0.9290496666666666
folk_05::pitch_shift::-4st,folk_05,folk,pitch_shift,-4.0,0.669109,0.618011,0.9752,0.70618,0.6634417991035247,0.6644333333333333
folk_05::pitch_shift::-2st,folk_05,folk,pitch_shift,-2.0,0.608549,0.749106,0.979225,0.754123,0.7005304299018176,0.7039259999999999
folk_05::pitch_shift::-1st,folk_05,folk,pitch_shift,-1.0,0.578449,0.773226,0.981014,0.736043,0.6904913410367396,0.6959059999999999
folk_05::pitch_shift::+1st,folk_05,folk,pitch_shift,1.0,0.582867,0.74813,0.992849,0.759303,0.6918106093737918,0.6967666666666665
folk_05::pitch_shift::+2st,folk_05,folk,pitch_shift,2.0,0.612532,0.732405,0.978642,0.771108,0.7019913549458515,0.7053483333333332
folk_05::pitch_shift::+4st,folk_05,folk,pitch_shift,4.0,0.70687,0.590455,0.989918,0.741153,0.6763083382804714,0.6794926666666666
folk_05::time_stretch::-20pct,folk_05,folk,time_stretch,-20.0,0.99033,0.786007,0.923406,0.797262,0.852974022053952,0.8578663333333334
folk_05::time_stretch::-10pct,folk_05,folk,time_stretch,-10.0,0.998108,0.806291,0.950248,0.769595,0.8524008263155591,0.8579979999999999
folk_05::time_stretch::-5pct,folk_05,folk,time_stretch,-5.0,0.999441,0.764857,0.944617,0.750275,0.8308436294769723,0.8381909999999999
folk_05::time_stretch::+5pct,folk_05,folk,time_stretch,5.0,0.99839,0.768592,0.898975,0.774395,0.8407228942505219,0.8471256666666667
folk_05::time_stretch::+10pct,folk_05,folk,time_stretch,10.0,0.997342,0.787184,0.904006,0.787149,0.851776730602083,0.8572249999999999
folk_05::time_stretch::+20pct,folk_05,folk,time_stretch,20.0,0.991051,0.749819,0.925591,0.77809,0.8330941655503576,0.8396533333333333
folk_05::lowpass::lp8000,folk_05,folk,lowpass,8000.0,0.999984,0.931768,0.999961,0.783569,0.9004495031627591,0.9051069999999999
folk_05::lowpass::lp4000,folk_05,folk,lowpass,4000.0,0.999898,0.564107,0.999644,0.777438,0.7597329884544304,0.780481
folk_05::lowpass::lp2000,folk_05,folk,lowpass,2000.0,0.999961,0.452369,0.998639,0.754854,0.6989502849385547,0.7357279999999999
folk_05::distortion::drv4,folk_05,folk,distortion,4.0,0.999944,0.85361,0.998292,0.785692,0.8753112320189659,0.8797486666666666
folk_05::distortion::drv12,folk_05,folk,distortion,12.0,0.997911,0.643827,0.977717,0.742049,0.781204122707664,0.7945956666666666
folk_05::distortion::drv32,folk_05,folk,distortion,32.0,0.990057,0.508045,0.91628,0.698374,0.7055863127549072,0.7321586666666666
folk_05::style_swap::swap_cross,folk_05,folk,style_swap,nan,0.914382,0.465521,0.921075,0.654134,0.6529970552673495,0.6780123333333333
folk_05::style_swap::swap_same,folk_05,folk,style_swap,nan,0.622665,0.467365,0.874674,0.606503,0.5609375732708499,0.565511
folk_06::control::ctrl,folk_06,folk,control,0.0,1.0,1.0,1.0,0.811906,0.9329003377027996,0.937302
folk_06::pitch_shift::-4st,folk_06,folk,pitch_shift,-4.0,0.500311,0.404109,0.97596,0.63986,0.5057561571884552,0.5147599999999999
folk_06::pitch_shift::-2st,folk_06,folk,pitch_shift,-2.0,0.479379,0.536206,0.995752,0.715462,0.5686771115771345,0.5770156666666666
folk_06::pitch_shift::-1st,folk_06,folk,pitch_shift,-1.0,0.594461,0.696802,0.997566,0.687824,0.6580163637224156,0.6596956666666667
folk_06::pitch_shift::+1st,folk_06,folk,pitch_shift,1.0,0.496503,0.767478,0.960527,0.696954,0.6427823982729919,0.653645
folk_06::pitch_shift::+2st,folk_06,folk,pitch_shift,2.0,0.504675,0.653127,0.958851,0.709081,0.6159825735888542,0.6222943333333333
folk_06::pitch_shift::+4st,folk_06,folk,pitch_shift,4.0,0.510852,0.52371,0.991714,0.644626,0.5566274173927335,0.5597293333333333
folk_06::time_stretch::-20pct,folk_06,folk,time_stretch,-20.0,0.992793,0.826043,0.857109,0.761394,0.8547194835524979,0.8600766666666666
folk_06::time_stretch::-10pct,folk_06,folk,time_stretch,-10.0,0.998459,0.902841,0.935378,0.754456,0.8794108278552031,0.8852519999999999
folk_06::time_stretch::-5pct,folk_06,folk,time_stretch,-5.0,0.998643,0.922306,0.906693,0.785422,0.8976963361310912,0.9021236666666665
folk_06::time_stretch::+5pct,folk_06,folk,time_stretch,5.0,0.998311,0.923108,0.919805,0.77625,0.8943482498636994,0.8992229999999999
folk_06::time_stretch::+10pct,folk_06,folk,time_stretch,10.0,0.996359,0.892869,0.919506,0.75692,0.8764985281961896,0.8820493333333332
folk_06::time_stretch::+20pct,folk_06,folk,time_stretch,20.0,0.985199,0.879807,0.851655,0.770557,0.8741219954476996,0.878521
folk_06::lowpass::lp8000,folk_06,folk,lowpass,8000.0,1.0,0.427535,0.998836,0.814885,0.7036488774481634,0.7474733333333332
folk_06::lowpass::lp4000,folk_06,folk,lowpass,4000.0,0.999977,0.443911,0.997363,0.729126,0.6865879351972493,0.7243379999999999
folk_06::lowpass::lp2000,folk_06,folk,lowpass,2000.0,0.984626,0.370865,0.996223,0.680653,0.628739826044145,0.6787146666666666
folk_06::distortion::drv4,folk_06,folk,distortion,4.0,0.999937,0.590138,0.959201,0.781464,0.7725828530279247,0.790513
folk_06::distortion::drv12,folk_06,folk,distortion,12.0,0.998352,0.447169,0.954707,0.750311,0.6944893092787507,0.7319439999999999
folk_06::distortion::drv32,folk_06,folk,distortion,32.0,0.993986,0.401387,0.941683,0.678946,0.6470327570192734,0.6914396666666667
folk_06::style_swap::swap_cross,folk_06,folk,style_swap,nan,0.744829,0.361779,0.864779,0.59455,0.5431203868635046,0.5670526666666666
folk_06::style_swap::swap_same,folk_06,folk,style_swap,nan,0.912357,0.367504,0.921461,0.688159,0.6133455579804682,0.6560066666666666
folk_07::control::ctrl,folk_07,folk,control,0.0,1.0,1.0,1.0,0.861685,0.9515892144115624,0.9538949999999999
folk_07::pitch_shift::-4st,folk_07,folk,pitch_shift,-4.0,0.796968,0.485182,0.989702,0.753795,0.6630296329812718,0.6786483333333333
folk_07::pitch_shift::-2st,folk_07,folk,pitch_shift,-2.0,0.757619,0.632054,0.994944,0.71014,0.6979907584710173,0.6999376666666667
folk_07::pitch_shift::-1st,folk_07,folk,pitch_shift,-1.0,0.842584,0.759281,0.997153,0.836789,0.8119773240806069,0.8128846666666666
folk_07::pitch_shift::+1st,folk_07,folk,pitch_shift,1.0,0.848528,0.825588,0.996127,0.749657,0.8067965828398703,0.8079243333333332
folk_07::pitch_shift::+2st,folk_07,folk,pitch_shift,2.0,0.750725,0.728953,0.993741,0.692806,0.7237646187839901,0.7241613333333332
folk_07::pitch_shift::+4st,folk_07,folk,pitch_shift,4.0,0.772923,0.604835,0.988649,0.711262,0.6927888946305666,0.69634
folk_07::time_stretch::-20pct,folk_07,folk,time_stretch,-20.0,0.995357,0.876624,0.839984,0.897139,0.9216173797288754,0.9230399999999999
folk_07::time_stretch::-10pct,folk_07,folk,time_stretch,-10.0,0.997135,0.895737,0.858419,0.874474,0.9209310700556443,0.9224486666666667
folk_07::time_stretch::-5pct,folk_07,folk,time_stretch,-5.0,0.996855,0.924252,0.900683,0.897151,0.9384892709811345,0.9394193333333333
folk_07::time_stretch::+5pct,folk_07,folk,time_stretch,5.0,0.996207,0.941659,0.882771,0.857275,0.9299390175903199,0.9317136666666666
folk_07::time_stretch::+10pct,folk_07,folk,time_stretch,10.0,0.996562,0.904148,0.858755,0.834596,0.9093687991861354,0.9117686666666666
folk_07::time_stretch::+20pct,folk_07,folk,time_stretch,20.0,0.992535,0.864864,0.831519,0.821165,0.8899686194685902,0.8928546666666666
folk_07::lowpass::lp8000,folk_07,folk,lowpass,8000.0,0.999943,0.448054,0.998557,0.859462,0.7275185886337682,0.769153
folk_07::lowpass::lp4000,folk_07,folk,lowpass,4000.0,0.999932,0.422538,0.995446,0.778058,0.6901593943789909,0.7335093333333333
folk_07::lowpass::lp2000,folk_07,folk,lowpass,2000.0,0.99972,0.408585,0.990009,0.754783,0.6755553998650612,0.7210293333333333
folk_07::distortion::drv4,folk_07,folk,distortion,4.0,0.999439,0.821782,0.999053,0.855143,0.8888951855243055,0.8921213333333333
folk_07::distortion::drv12,folk_07,folk,distortion,12.0,0.99528,0.668085,0.994791,0.817094,0.815986561674781,0.8268196666666666
folk_07::distortion::drv32,folk_07,folk,distortion,32.0,0.989306,0.542109,0.986895,0.762462,0.7422413666136456,0.7646256666666666
folk_07::style_swap::swap_cross,folk_07,folk,style_swap,nan,0.848329,0.457508,0.83698,0.660669,0.635305056231815,0.6555019999999999
folk_07::style_swap::swap_same,folk_07,folk,style_swap,nan,0.754787,0.43625,0.89111,0.686142,0.6090570180644747,0.6257263333333334
folk_08::control::ctrl,folk_08,folk,control,0.0,1.0,1.0,1.0,0.883102,0.9594086346330208,0.9610339999999999
folk_08::pitch_shift::-4st,folk_08,folk,pitch_shift,-4.0,0.811519,0.608798,0.984192,0.809964,0.7369067624195986,0.743427
folk_08::pitch_shift::-2st,folk_08,folk,pitch_shift,-2.0,0.779549,0.769229,0.989685,0.807805,0.7853595603164965,0.7855276666666666
folk_08::pitch_shift::-1st,folk_08,folk,pitch_shift,-1.0,0.738431,0.866369,0.992819,0.821308,0.8069369936006534,0.8087026666666666
folk_08::pitch_shift::+1st,folk_08,folk,pitch_shift,1.0,0.759673,0.871636,0.991858,0.813464,0.8136420699978881,0.8149243333333334
folk_08::pitch_shift::+2st,folk_08,folk,pitch_shift,2.0,0.788093,0.787837,0.98797,0.827639,0.8009737133837378,0.8011896666666667
folk_08::pitch_shift::+4st,folk_08,folk,pitch_shift,4.0,0.797853,0.662573,0.979784,0.824332,0.7581461349779418,0.761586
folk_08::time_stretch::-20pct,folk_08,folk,time_stretch,-20.0,0.996396,0.880568,0.65257,0.86801,0.91321534617911,0.9149913333333333
folk_08::time_stretch::-10pct,folk_08,folk,time_stretch,-10.0,0.998267,0.892486,0.714182,0.908603,0.9319817994301791,0.9331186666666667
folk_08::time_stretch::-5pct,folk_08,folk,time_stretch,-5.0,0.99923,0.919156,0.7771,0.893366,0.9361843358798534,0.9372506666666666
folk_08::time_stretch::+5pct,folk_08,folk,time_stretch,5.0,0.9985,0.916741,0.774555,0.890735,0.9342169598910796,0.9353253333333333
folk_08::time_stretch::+10pct,folk_08,folk,time_stretch,10.0,0.996703,0.893832,0.724311,0.846587,0.9102578224840825,0.9123739999999999
folk_08::time_stretch::+20pct,folk_08,folk,time_stretch,20.0,0.995654,0.866634,0.676709,0.839264,0.8980094776531747,0.9005173333333333
folk_08::lowpass::lp8000,folk_08,folk,lowpass,8000.0,0.999987,0.483058,0.993999,0.880453,0.7520267175447849,0.7878326666666666
folk_08::lowpass::lp4000,folk_08,folk,lowpass,4000.0,0.999998,0.464628,0.983184,0.874617,0.7406973793058277,0.7797476666666666
folk_08::lowpass::lp2000,folk_08,folk,lowpass,2000.0,0.999908,0.432986,0.93178,0.843302,0.7147250590604453,0.758732
folk_08::distortion::drv4,folk_08,folk,distortion,4.0,0.999216,0.766025,0.989841,0.867352,0.8723670142704871,0.877531
folk_08::distortion::drv12,folk_08,folk,distortion,12.0,0.994358,0.597912,0.972681,0.799295,0.780361280530966,0.7971883333333332
folk_08::distortion::drv32,folk_08,folk,distortion,32.0,0.992595,0.522198,0.94581,0.685977,0.7084441427033378,0.73359
folk_08::style_swap::swap_cross,folk_08,folk,style_swap,nan,0.824456,0.540516,0.746492,0.627676,0.6539891151666217,0.6642159999999999
folk_08::style_swap::swap_same,folk_08,folk,style_swap,nan,0.869323,0.538745,0.808248,0.740542,0.7025944353070556,0.7162033333333333
folk_09::control::ctrl,folk_09,folk,control,0.0,1.0,1.0,1.0,0.822602,0.9369791358526878,0.9408673333333333
folk_09::pitch_shift::-4st,folk_09,folk,pitch_shift,-4.0,0.860672,0.554144,0.985194,0.70903,0.6966933100589728,0.7079486666666666
folk_09::pitch_shift::-2st,folk_09,folk,pitch_shift,-2.0,0.940819,0.72573,0.993781,0.770586,0.8072983968403074,0.8123783333333333
folk_09::pitch_shift::-1st,folk_09,folk,pitch_shift,-1.0,0.953136,0.837137,0.9959,0.789616,0.85727952274858,0.8599629999999999
folk_09::pitch_shift::+1st,folk_09,folk,pitch_shift,1.0,0.952469,0.870368,0.994372,0.775497,0.8630672338129443,0.8661113333333332
folk_09::pitch_shift::+2st,folk_09,folk,pitch_shift,2.0,0.937555,0.778269,0.990568,0.682227,0.792535022761189,0.7993503333333333
folk_09::pitch_shift::+4st,folk_09,folk,pitch_shift,4.0,0.862675,0.654368,0.981869,0.68087,0.7270726723217977,0.7326376666666665
folk_09::time_stretch::-20pct,folk_09,folk,time_stretch,-20.0,0.990104,0.888592,0.658617,0.82545,0.8988584978723968,0.9013819999999999
folk_09::time_stretch::-10pct,folk_09,folk,time_stretch,-10.0,0.997053,0.899616,0.711724,0.798697,0.8947859501401352,0.8984553333333332
folk_09::time_stretch::-5pct,folk_09,folk,time_stretch,-5.0,0.994906,0.918413,0.777414,0.83626,0.9142264855730801,0.9165263333333332
folk_09::time_stretch::+5pct,folk_09,folk,time_stretch,5.0,0.994964,0.930842,0.783213,0.762957,0.8906925093574128,0.8962543333333333
folk_09::time_stretch::+10pct,folk_09,folk,time_stretch,10.0,0.996206,0.905211,0.728431,0.767663,0.8846195403410124,0.8896933333333332
folk_09::time_stretch::+20pct,folk_09,folk,time_stretch,20.0,0.992138,0.898712,0.712104,0.832473,0.9054287081537273,0.9077743333333332
folk_09::lowpass::lp8000,folk_09,folk,lowpass,8000.0,0.999992,0.470127,0.996938,0.833056,0.7316364021920957,0.767725
folk_09::lowpass::lp4000,folk_09,folk,lowpass,4000.0,0.999984,0.451317,0.989423,0.673775,0.6724549769131061,0.7083586666666666
folk_09::lowpass::lp2000,folk_09,folk,lowpass,2000.0,0.99999,0.432733,0.979228,0.611396,0.6419670757821248,0.681373
folk_09::distortion::drv4,folk_09,folk,distortion,4.0,0.99881,0.75662,0.990994,0.665164,0.7951147530415349,0.8068646666666666
folk_09::distortion::drv12,folk_09,folk,distortion,12.0,0.995673,0.575161,0.971065,0.481332,0.6508041275369656,0.6840553333333332
folk_09::distortion::drv32,folk_09,folk,distortion,32.0,0.99428,0.493401,0.944556,0.454058,0.6061870956126182,0.6472463333333333
folk_09::style_swap::swap_cross,folk_09,folk,style_swap,nan,0.930703,0.480277,0.718031,0.602996,0.6459602264040354,0.6713253333333333
folk_09::style_swap::swap_same,folk_09,folk,style_swap,nan,0.861831,0.432369,0.746361,0.588081,0.6028897996419028,0.627427
folk_10::control::ctrl,folk_10,folk,control,0.0,1.0,1.0,1.0,0.830359,0.9399151122981408,0.9434529999999999
folk_10::pitch_shift::-4st,folk_10,folk,pitch_shift,-4.0,0.936492,0.588548,0.967853,0.765232,0.7499397279984421,0.763424
folk_10::pitch_shift::-2st,folk_10,folk,pitch_shift,-2.0,0.932444,0.752688,0.971258,0.806622,0.8272484039731451,0.8305846666666666
folk_10::pitch_shift::-1st,folk_10,folk,pitch_shift,-1.0,0.950759,0.868747,0.996632,0.775709,0.8620931569117293,0.8650716666666667
folk_10::pitch_shift::+1st,folk_10,folk,pitch_shift,1.0,0.952071,0.869891,0.994559,0.767365,0.8597629389258591,0.8631089999999999
folk_10::pitch_shift::+2st,folk_10,folk,pitch_shift,2.0,0.927582,0.7768,0.990506,0.82937,0.8423061088654086,0.844584
folk_10::pitch_shift::+4st,folk_10,folk,pitch_shift,4.0,0.918894,0.640411,0.959584,0.766268,0.7668344748675606,0.775191
folk_10::time_stretch::-20pct,folk_10,folk,time_stretch,-20.0,0.99793,0.88409,0.687605,0.808719,0.893575805225634,0.8969129999999998
folk_10::time_stretch::-10pct,folk_10,folk,time_stretch,-10.0,0.998633,0.918427,0.728112,0.829662,0.9129575510588364,0.9155739999999999
folk_10::time_stretch::-5pct,folk_10,folk,time_stretch,-5.0,0.99935,0.933182,0.807367,0.815932,0.9129478678205923,0.9161546666666666
folk_10::time_stretch::+5pct,folk_10,folk,time_stretch,5.0,0.999237,0.960268,0.797689,0.785601,0.910096960004179,0.9150353333333333
folk_10::time_stretch::+10pct,folk_10,folk,time_stretch,10.0,0.998621,0.933421,0.763216,0.800361,0.9069598463305901,0.910801
folk_10::time_stretch::+20pct,folk_10,folk,time_stretch,20.0,0.995365,0.906378,0.721385,0.814005,0.9022071500246048,0.9052493333333334
folk_10::lowpass::lp8000,folk_10,folk,lowpass,8000.0,0.999222,0.505129,0.997304,0.831001,0.7485519489569978,0.7784506666666666
folk_10::lowpass::lp4000,folk_10,folk,lowpass,4000.0,1.0,0.490194,0.987515,0.793183,0.7298727165970668,0.7611256666666666
folk_10::lowpass::lp2000,folk_10,folk,lowpass,2000.0,0.999894,0.446114,0.966547,0.788668,0.7059349408876364,0.7448919999999999
folk_10::distortion::drv4,folk_10,folk,distortion,4.0,0.999536,0.766818,0.994307,0.771968,0.8395180005311602,0.8461073333333333
folk_10::distortion::drv12,folk_10,folk,distortion,12.0,0.998239,0.615445,0.960896,0.650745,0.7366788593025189,0.7548096666666666
folk_10::distortion::drv32,folk_10,folk,distortion,32.0,0.997095,0.535203,0.950798,0.48263,0.636243165949555,0.6716426666666666
folk_10::style_swap::swap_cross,folk_10,folk,style_swap,nan,0.960052,0.507955,0.706732,0.534094,0.6386249746929152,0.667367
folk_10::style_swap::swap_same,folk_10,folk,style_swap,nan,0.830953,0.55799,0.737053,0.501437,0.6149027247238985,0.6301266666666666
folk_11::control::ctrl,folk_11,folk,control,0.0,1.0,1.0,1.0,0.778882,0.9200763956724045,0.926294
folk_11::pitch_shift::-4st,folk_11,folk,pitch_shift,-4.0,0.822396,0.605726,0.995807,0.732984,0.7147440793737497,0.7203686666666667
folk_11::pitch_shift::-2st,folk_11,folk,pitch_shift,-2.0,0.786404,0.756097,0.997486,0.715837,0.7522215832897678,0.7527793333333332
folk_11::pitch_shift::-1st,folk_11,folk,pitch_shift,-1.0,0.756954,0.85017,0.998112,0.746446,0.7831733241491334,0.7845233333333332
folk_11::pitch_shift::+1st,folk_11,folk,pitch_shift,1.0,0.761826,0.848903,0.997555,0.708886,0.7710752311545157,0.7732049999999999
folk_11::pitch_shift::+2st,folk_11,folk,pitch_shift,2.0,0.773342,0.753426,0.996524,0.787704,0.7713623142142608,0.7714906666666665
folk_11::pitch_shift::+4st,folk_11,folk,pitch_shift,4.0,0.821725,0.650424,0.993773,0.760141,0.7406375701282591,0.7440966666666666
folk_11::time_stretch::-20pct,folk_11,folk,time_stretch,-20.0,0.979773,0.82528,0.943456,0.754771,0.8482307211543818,0.8532746666666666
folk_11::time_stretch::-10pct,folk_11,folk,time_stretch,-10.0,0.990834,0.898223,0.916638,0.756645,0.8765144488645831,0.8819006666666666
folk_11::time_stretch::-5pct,folk_11,folk,time_stretch,-5.0,0.99144,0.911049,0.92868,0.781402,0.8903502745844589,0.8946303333333333
folk_11::time_stretch::+5pct,folk_11,folk,time_stretch,5.0,0.992846,0.891408,0.93421,0.780364,0.8839313721807677,0.8882059999999999
folk_11::time_stretch::+10pct,folk_11,folk,time_stretch,10.0,0.994118,0.886708,0.924703,0.746202,0.8696776802156924,0.875676
folk_11::time_stretch::+20pct,folk_11,folk,time_stretch,20.0,0.98627,0.861463,0.953649,0.730635,0.8530561958014279,0.859456
folk_11::lowpass::lp8000,folk_11,folk,lowpass,8000.0,0.999987,0.531837,0.998616,0.77198,0.7432352807319141,0.7679346666666667
folk_11::lowpass::lp4000,folk_11,folk,lowpass,4000.0,0.999987,0.479082,0.9847,0.777339,0.7194570762245315,0.7521359999999999
folk_11::lowpass::lp2000,folk_11,folk,lowpass,2000.0,0.99996,0.422928,0.977393,0.768962,0.6876772362362312,0.7306166666666666
folk_11::distortion::drv4,folk_11,folk,distortion,4.0,0.99994,0.90784,0.999472,0.77245,0.8884190814081215,0.8934099999999999
folk_11::distortion::drv12,folk_11,folk,distortion,12.0,0.997168,0.707003,0.99705,0.724799,0.7994704053674624,0.8096566666666667
folk_11::distortion::drv32,folk_11,folk,distortion,32.0,0.990868,0.568637,0.993101,0.545189,0.6747341129099854,0.7015646666666666
folk_11::style_swap::swap_cross,folk_11,folk,style_swap,nan,0.896859,0.524589,0.925202,0.602933,0.6570586468562569,0.6747936666666666
folk_11::style_swap::swap_same,folk_11,folk,style_swap,nan,0.761931,0.544451,0.916638,0.605872,0.6310810051810263,0.637418
folk_12::control::ctrl,folk_12,folk,control,0.0,1.0,1.0,1.0,0.778797,0.9200429249033122,0.9262656666666667
folk_12::pitch_shift::-4st,folk_12,folk,pitch_shift,-4.0,0.507855,0.636153,0.913266,0.694345,0.6076108796180618,0.6127843333333333
folk_12::pitch_shift::-2st,folk_12,folk,pitch_shift,-2.0,0.383013,0.782725,0.993539,0.711246,0.597421506062089,0.6256613333333333
folk_12::pitch_shift::-1st,folk_12,folk,pitch_shift,-1.0,0.543272,0.85956,0.996085,0.723957,0.6966298778845487,0.7089296666666667
folk_12::pitch_shift::+1st,folk_12,folk,pitch_shift,1.0,0.593946,0.794277,0.970434,0.711365,0.6949237385659954,0.6998626666666666
folk_12::pitch_shift::+2st,folk_12,folk,pitch_shift,2.0,0.42635,0.692017,0.836215,0.729033,0.5991608193618941,0.6158
folk_12::pitch_shift::+4st,folk_12,folk,pitch_shift,4.0,0.522021,0.605853,0.979241,0.699148,0.604702065733972,0.6090073333333332
folk_12::time_stretch::-20pct,folk_12,folk,time_stretch,-20.0,0.980165,0.859966,0.715311,0.744842,0.8562781782362676,0.8616576666666667
folk_12::time_stretch::-10pct,folk_12,folk,time_stretch,-10.0,0.9954,0.907093,0.694797,0.760451,0.8822132220514122,0.887648
folk_12::time_stretch::-5pct,folk_12,folk,time_stretch,-5.0,0.998026,0.899755,0.709196,0.764992,0.8823502353836602,0.8875909999999999
folk_12::time_stretch::+5pct,folk_12,folk,time_stretch,5.0,0.997275,0.905409,0.813369,0.754061,0.8797421622566646,0.8855816666666666
folk_12::time_stretch::+10pct,folk_12,folk,time_stretch,10.0,0.996826,0.895358,0.704136,0.758751,0.8781562244028471,0.8836449999999999
folk_12::time_stretch::+20pct,folk_12,folk,time_stretch,20.0,0.995028,0.870568,0.7187,0.752077,0.8668955419348667,0.8725576666666666
folk_12::lowpass::lp8000,folk_12,folk,lowpass,8000.0,1.0,0.796596,0.999485,0.754834,0.8440403166241517,0.8504766666666665
folk_12::lowpass::lp4000,folk_12,folk,lowpass,4000.0,0.999996,0.76186,0.998278,0.746776,0.8286184436949428,0.8362106666666667
folk_12::lowpass::lp2000,folk_12,folk,lowpass,2000.0,0.999943,0.728126,0.867799,0.743133,0.8148595823043087,0.823734
folk_12::distortion::drv4,folk_12,folk,distortion,4.0,0.999955,0.84024,0.998997,0.743306,0.854772383783883,0.861167
folk_12::distortion::drv12,folk_12,folk,distortion,12.0,0.999053,0.681044,0.859129,0.694217,0.778788711759171,0.791438
folk_12::distortion::drv32,folk_12,folk,distortion,32.0,0.996445,0.576462,0.885341,0.607686,0.7041001159660845,0.7268643333333333
folk_12::style_swap::swap_cross,folk_12,folk,style_swap,nan,0.577813,0.391724,0.738924,0.594472,0.5124281321542107,0.5213363333333333
folk_12::style_swap::swap_same,folk_12,folk,style_swap,nan,0.667599,0.518016,0.864849,0.669614,0.6140840144998039,0.6184096666666666
folk_13::control::ctrl,folk_13,folk,control,0.0,1.0,1.0,1.0,0.810444,0.9323400430494003,0.9368146666666666
folk_13::pitch_shift::-4st,folk_13,folk,pitch_shift,-4.0,0.736122,0.454096,0.972623,0.74882,0.6302192091108153,0.646346
folk_13::pitch_shift::-2st,folk_13,folk,pitch_shift,-2.0,0.689308,0.589219,0.975904,0.760456,0.6759606021123348,0.6796610000000001
folk_13::pitch_shift::-1st,folk_13,folk,pitch_shift,-1.0,0.650297,0.703933,0.981583,0.771058,0.7067134786419047,0.7084293333333334
folk_13::pitch_shift::+1st,folk_13,folk,pitch_shift,1.0,0.694375,0.740847,0.983062,0.751373,0.7284382280776652,0.728865
folk_13::pitch_shift::+2st,folk_13,folk,pitch_shift,2.0,0.682166,0.594476,0.989774,0.746731,0.6715260413950115,0.6744576666666666
folk_13::pitch_shift::+4st,folk_13,folk,pitch_shift,4.0,0.748467,0.512482,0.980554,0.747858,0.6595131697011358,0.6696023333333333
folk_13::time_stretch::-20pct,folk_13,folk,time_stretch,-20.0,0.994577,0.740254,0.963606,0.778102,0.8305234551763219,0.8376443333333332
folk_13::time_stretch::-10pct,folk_13,folk,time_stretch,-10.0,0.991782,0.748866,0.964306,0.775668,0.8320806131944698,0.8387720000000001
folk_13::time_stretch::-5pct,folk_13,folk,time_stretch,-5.0,0.997018,0.816445,0.96573,0.79776,0.865965778684289,0.8704076666666667
folk_13::time_stretch::+5pct,folk_13,folk,time_stretch,5.0,0.995093,0.791274,0.971121,0.791266,0.854091416465134,0.859211
folk_13::time_stretch::+10pct,folk_13,folk,time_stretch,10.0,0.996676,0.76393,0.972509,0.796908,0.846587628201704,0.8525046666666667
folk_13::time_stretch::+20pct,folk_13,folk,time_stretch,20.0,0.99757,0.741038,0.959893,0.789257,0.8356044942321109,0.8426216666666666
folk_13::lowpass::lp8000,folk_13,folk,lowpass,8000.0,0.999938,0.423217,0.991998,0.811785,0.700367094223273,0.74498
folk_13::lowpass::lp4000,folk_13,folk,lowpass,4000.0,0.999997,0.391271,0.997481,0.774078,0.6715634125888175,0.7217819999999999
folk_13::lowpass::lp2000,folk_13,folk,lowpass,2000.0,0.999466,0.383959,0.984035,0.777065,0.6680927234430537,0.7201633333333333
folk_13::distortion::drv4,folk_13,folk,distortion,4.0,0.999262,0.762219,0.984867,0.764512,0.835053850809203,0.8419976666666666
folk_13::distortion::drv12,folk_13,folk,distortion,12.0,0.984757,0.473816,0.974343,0.669937,0.678668336644035,0.7095033333333334
folk_13::distortion::drv32,folk_13,folk,distortion,32.0,0.982427,0.446027,0.978675,0.617153,0.6466730484570675,0.681869
folk_13::style_swap::swap_cross,folk_13,folk,style_swap,nan,0.74674,0.344509,0.944919,0.737233,0.5745461490397591,0.609494
folk_13::style_swap::swap_same,folk_13,folk,style_swap,nan,0.797704,0.450208,0.942582,0.460206,0.5487852348456055,0.5693726666666666
folk_14::control::ctrl,folk_14,folk,control,0.0,1.0,1.0,1.0,0.819484,0.9357937914745705,0.9398279999999999
folk_14::pitch_shift::-4st,folk_14,folk,pitch_shift,-4.0,0.475844,0.589478,0.994615,0.726771,0.5885408283352096,0.5973643333333333
folk_14::pitch_shift::-2st,folk_14,folk,pitch_shift,-2.0,0.475276,0.727732,0.997732,0.760515,0.640729982451862,0.6545076666666666
folk_14::pitch_shift::-1st,folk_14,folk,pitch_shift,-1.0,0.539004,0.813373,0.998752,0.775805,0.6980364557729224,0.7093939999999999
folk_14::pitch_shift::+1st,folk_14,folk,pitch_shift,1.0,0.563854,0.833446,0.998017,0.784186,0.716948134358729,0.7271619999999999
folk_14::pitch_shift::+2st,folk_14,folk,pitch_shift,2.0,0.465713,0.70613,0.996653,0.782914,0.6361687928495411,0.6515856666666666
folk_14::pitch_shift::+4st,folk_14,folk,pitch_shift,4.0,0.460114,0.555251,0.9925,0.784494,0.5852141357063974,0.599953
folk_14::time_stretch::-20pct,folk_14,folk,time_stretch,-20.0,0.989518,0.879598,0.849865,0.798597,0.8858194300532412,0.8892376666666666
folk_14::time_stretch::-10pct,folk_14,folk,time_stretch,-10.0,0.996792,0.900433,0.893042,0.808747,0.8987168338405142,0.9019906666666666
folk_14::time_stretch::-5pct,folk_14,folk,time_stretch,-5.0,0.997661,0.909796,0.881001,0.810189,0.9026189636468979,0.905882
folk_14::time_stretch::+5pct,folk_14,folk,time_stretch,5.0,0.998859,0.912614,0.908071,0.808942,0.9034474562715769,0.9068050000000001
folk_14::time_stretch::+10pct,folk_14,folk,time_stretch,10.0,0.993667,0.861007,0.88184,0.806332,0.8835961500661663,0.8870019999999998
folk_14::time_stretch::+20pct,folk_14,folk,time_stretch,20.0,0.996762,0.833352,0.853267,0.830685,0.8836604975202985,0.886933
folk_14::lowpass::lp8000,folk_14,folk,lowpass,8000.0,0.999745,0.820258,0.999847,0.823703,0.8774117669572034,0.8812353333333334
folk_14::lowpass::lp4000,folk_14,folk,lowpass,4000.0,0.99962,0.700201,0.979266,0.820617,0.8312520404106285,0.840146
folk_14::lowpass::lp2000,folk_14,folk,lowpass,2000.0,0.999659,0.582963,0.995243,0.792565,0.7729936397515366,0.7917289999999999
folk_14::distortion::drv4,folk_14,folk,distortion,4.0,0.99871,0.725618,0.999146,0.787686,0.8295327261241374,0.8373379999999999
folk_14::distortion::drv12,folk_14,folk,distortion,12.0,0.995172,0.547153,0.977459,0.748007,0.7412605116496331,0.7634439999999999
folk_14::distortion::drv32,folk_14,folk,distortion,32.0,0.983385,0.470636,0.97306,0.569674,0.6412268622039878,0.674565
folk_14::style_swap::swap_cross,folk_14,folk,style_swap,nan,0.776983,0.426403,0.880538,0.56294,0.5713443789581505,0.5887753333333333
folk_14::style_swap::swap_same,folk_14,folk,style_swap,nan,0.748645,0.365049,0.855415,0.490474,0.5117773100732143,0.5347226666666667
folk_15::control::ctrl,folk_15,folk,control,0.0,1.0,1.0,1.0,0.659218,0.8703147669769593,0.8864059999999999
folk_15::pitch_shift::-4st,folk_15,folk,pitch_shift,-4.0,0.895364,0.607408,0.995677,0.62347,0.697319642921442,0.7087473333333333
folk_15::pitch_shift::-2st,folk_15,folk,pitch_shift,-2.0,0.931904,0.731273,0.997597,0.655897,0.7645903041091487,0.7730246666666666
folk_15::pitch_shift::-1st,folk_15,folk,pitch_shift,-1.0,0.915349,0.841736,0.99778,0.634161,0.7876272158113301,0.797082
folk_15::pitch_shift::+1st,folk_15,folk,pitch_shift,1.0,0.914275,0.826322,0.996553,0.676349,0.7994641692720965,0.8056486666666667
folk_15::pitch_shift::+2st,folk_15,folk,pitch_shift,2.0,0.909214,0.721576,0.992881,0.702399,0.772403132281573,0.7777296666666667
folk_15::pitch_shift::+4st,folk_15,folk,pitch_shift,4.0,0.89859,0.614887,0.986374,0.65673,0.7132600768842907,0.7234023333333333
folk_15::time_stretch::-20pct,folk_15,folk,time_stretch,-20.0,0.987536,0.815378,0.736625,0.650949,0.8062807603683294,0.8179543333333332
folk_15::time_stretch::-10pct,folk_15,folk,time_stretch,-10.0,0.995838,0.887949,0.791499,0.672159,0.8407810440005329,0.8519819999999999
folk_15::time_stretch::-5pct,folk_15,folk,time_stretch,-5.0,0.993998,0.928747,0.817101,0.644525,0.8410869616329881,0.8557566666666666
folk_15::time_stretch::+5pct,folk_15,folk,time_stretch,5.0,0.998203,0.934682,0.814124,0.680402,0.8594410839888552,0.8710956666666666
folk_15::time_stretch::+10pct,folk_15,folk,time_stretch,10.0,0.994215,0.926386,0.788537,0.681762,0.8563179119084767,0.8674543333333332
folk_15::time_stretch::+20pct,folk_15,folk,time_stretch,20.0,0.985261,0.830191,0.742585,0.717008,0.8370494297023563,0.8441533333333333
folk_15::lowpass::lp8000,folk_15,folk,lowpass,8000.0,1.0,0.745446,0.998443,0.669314,0.7931378930956232,0.80492
folk_15::lowpass::lp4000,folk_15,folk,lowpass,4000.0,0.994992,0.631605,0.970868,0.668545,0.7489714522310603,0.7650473333333332
folk_15::lowpass::lp2000,folk_15,folk,lowpass,2000.0,0.999971,0.535185,0.967161,0.691962,0.7181103635846695,0.7423726666666667
folk_15::distortion::drv4,folk_15,folk,distortion,4.0,0.999989,0.865085,0.999384,0.658512,0.8289707992014468,0.8411953333333333
folk_15::distortion::drv12,folk_15,folk,distortion,12.0,0.999413,0.710202,0.99639,0.658703,0.7761378124418888,0.7894393333333334
folk_15::distortion::drv32,folk_15,folk,distortion,32.0,0.997231,0.615183,0.991534,0.60692,0.7194111785082188,0.7397779999999999
folk_15::style_swap::swap_cross,folk_15,folk,style_swap,nan,0.878508,0.462212,0.747206,0.412627,0.5512917920673979,0.584449
folk_15::style_swap::swap_same,folk_15,folk,style_swap,nan,0.56321,0.448488,0.890076,0.447165,0.4833885169480377,0.4862876666666667
jazz_01::control::ctrl,jazz_01,jazz,control,0.0,1.0,1.0,1.0,0.801353,0.9288408111080003,0.9337843333333333
jazz_01::pitch_shift::-4st,jazz_01,jazz,pitch_shift,-4.0,0.974858,0.543352,0.985202,0.684808,0.7131767093536115,0.7343393333333332
jazz_01::pitch_shift::-2st,jazz_01,jazz,pitch_shift,-2.0,0.986855,0.693006,0.992318,0.74635,0.7991794216776466,0.8087369999999999
jazz_01::pitch_shift::-1st,jazz_01,jazz,pitch_shift,-1.0,0.992826,0.812687,0.995077,0.786641,0.8593914150241123,0.8640513333333333
jazz_01::pitch_shift::+1st,jazz_01,jazz,pitch_shift,1.0,0.992729,0.847076,0.992086,0.789577,0.8724004046615746,0.8764606666666666
jazz_01::pitch_shift::+2st,jazz_01,jazz,pitch_shift,2.0,0.985518,0.764198,0.987622,0.789837,0.841012874210391,0.8465176666666666
jazz_01::pitch_shift::+4st,jazz_01,jazz,pitch_shift,4.0,0.979606,0.635717,0.974517,0.707026,0.7607644593987808,0.7741163333333333
jazz_01::time_stretch::-20pct,jazz_01,jazz,time_stretch,-20.0,0.999408,0.889529,0.520486,0.798884,0.8921999995563364,0.8959403333333333
jazz_01::time_stretch::-10pct,jazz_01,jazz,time_stretch,-10.0,0.998858,0.895286,0.590474,0.855479,0.9145868783325389,0.916541
jazz_01::time_stretch::-5pct,jazz_01,jazz,time_stretch,-5.0,0.999234,0.910675,0.662588,0.798067,0.8988557276666396,0.9026586666666666
jazz_01::time_stretch::+5pct,jazz_01,jazz,time_stretch,5.0,0.999135,0.930227,0.682922,0.817732,0.9125878917392709,0.9156979999999999
jazz_01::time_stretch::+10pct,jazz_01,jazz,time_stretch,10.0,0.999321,0.889303,0.615508,0.800213,0.8925929615319395,0.8962789999999999
jazz_01::time_stretch::+20pct,jazz_01,jazz,time_stretch,20.0,0.998795,0.915841,0.533953,0.800953,0.901504345832344,0.9051963333333333
jazz_01::lowpass::lp8000,jazz_01,jazz,lowpass,8000.0,0.999995,0.456928,0.988913,0.79821,0.7144759067117958,0.7517109999999999
jazz_01::lowpass::lp4000,jazz_01,jazz,lowpass,4000.0,0.999992,0.426408,0.660273,0.740011,0.6808007335685127,0.722137
jazz_01::lowpass::lp2000,jazz_01,jazz,lowpass,2000.0,0.999948,0.404169,0.628172,0.645725,0.6390419066477296,0.6832806666666666
jazz_01::distortion::drv4,jazz_01,jazz,distortion,4.0,0.999865,0.851955,0.995791,0.782526,0.8735456381835214,0.8781153333333334
jazz_01::distortion::drv12,jazz_01,jazz,distortion,12.0,0.999282,0.669559,0.984332,0.712176,0.7810666299961515,0.7936723333333333
jazz_01::distortion::drv32,jazz_01,jazz,distortion,32.0,0.999557,0.53785,0.661424,0.627144,0.6960044289031647,0.721517
jazz_01::style_swap::swap_cross,jazz_01,jazz,style_swap,nan,0.97334,0.473619,0.47968,0.587749,0.6470857891324541,0.678236
jazz_01::style_swap::swap_same,jazz_01,jazz,style_swap,nan,0.937352,0.470715,0.682922,0.664207,0.664234454076711,0.690758
jazz_02::control::ctrl,jazz_02,jazz,control,0.0,1.0,0.999849,1.0,0.839277,0.9432205323725213,0.9463753333333333
jazz_02::pitch_shift::-4st,jazz_02,jazz,pitch_shift,-4.0,0.973596,0.621051,0.812409,0.822579,0.7923089372241031,0.805742
jazz_02::pitch_shift::-2st,jazz_02,jazz,pitch_shift,-2.0,0.980281,0.767235,0.817183,0.848609,0.8609849135055955,0.865375
jazz_02::pitch_shift::-1st,jazz_02,jazz,pitch_shift,-1.0,0.97959,0.860854,0.818498,0.800519,0.8772334085785813,0.8803209999999999
jazz_02::pitch_shift::+1st,jazz_02,jazz,pitch_shift,1.0,0.976996,0.859703,0.817124,0.82535,0.8850336726491805,0.8873496666666667
jazz_02::pitch_shift::+2st,jazz_02,jazz,pitch_shift,2.0,0.982889,0.779828,0.813769,0.828274,0.8594602117247052,0.8636636666666666
jazz_02::pitch_shift::+4st,jazz_02,jazz,pitch_shift,4.0,0.974448,0.678521,0.805918,0.800265,0.8088200870525846,0.8177446666666666
jazz_02::time_stretch::-20pct,jazz_02,jazz,time_stretch,-20.0,0.998501,0.865128,0.733362,0.852751,0.9031302102313373,0.9054599999999999
jazz_02::time_stretch::-10pct,jazz_02,jazz,time_stretch,-10.0,0.99889,0.888447,0.695835,0.835572,0.9051301321735106,0.9076363333333333
jazz_02::time_stretch::-5pct,jazz_02,jazz,time_stretch,-5.0,0.99929,0.922872,0.788977,0.826113,0.9133224980286304,0.9160916666666666
jazz_02::time_stretch::+5pct,jazz_02,jazz,time_stretch,5.0,0.999133,0.930977,0.70033,0.842839,0.922080758377762,0.9243163333333333
jazz_02::time_stretch::+10pct,jazz_02,jazz,time_stretch,10.0,0.999555,0.912241,0.710508,0.833513,0.9125910818004476,0.9151029999999999
jazz_02::time_stretch::+20pct,jazz_02,jazz,time_stretch,20.0,0.998527,0.886902,0.766737,0.874819,0.9184409050992022,0.9200826666666666
jazz_02::lowpass::lp8000,jazz_02,jazz,lowpass,8000.0,1.0,0.498445,0.995507,0.836743,0.7471419310969651,0.778396
jazz_02::lowpass::lp4000,jazz_02,jazz,lowpass,4000.0,1.0,0.458514,0.987944,0.791844,0.7133961211371868,0.7501193333333332
jazz_02::lowpass::lp2000,jazz_02,jazz,lowpass,2000.0,0.999951,0.438284,0.981574,0.757959,0.6925641654400498,0.7320646666666666
jazz_02::distortion::drv4,jazz_02,jazz,distortion,4.0,0.999079,0.765838,0.963128,0.803626,0.8503484161484903,0.8561809999999999
jazz_02::distortion::drv12,jazz_02,jazz,distortion,12.0,0.997639,0.622632,0.950938,0.713204,0.7623239109296237,0.777825
jazz_02::distortion::drv32,jazz_02,jazz,distortion,32.0,0.996706,0.538404,0.928819,0.584294,0.6793635767967173,0.706468
jazz_02::style_swap::swap_cross,jazz_02,jazz,style_swap,nan,0.909782,0.483636,0.771211,0.587306,0.6369521376252427,0.6602413333333332
jazz_02::style_swap::swap_same,jazz_02,jazz,style_swap,nan,0.932449,0.491929,0.68763,0.644966,0.6663280738074502,0.6897813333333334
jazz_03::control::ctrl,jazz_03,jazz,control,0.0,1.0,1.0,1.0,0.817271,0.9349506679911693,0.9390903333333332
jazz_03::pitch_shift::-4st,jazz_03,jazz,pitch_shift,-4.0,0.972198,0.554783,0.986812,0.778378,0.7487832833754432,0.7684529999999999
jazz_03::pitch_shift::-2st,jazz_03,jazz,pitch_shift,-2.0,0.936474,0.724895,0.991885,0.777914,0.8082904953463886,0.8130943333333333
jazz_03::pitch_shift::-1st,jazz_03,jazz,pitch_shift,-1.0,0.952702,0.832016,0.994084,0.800798,0.8594169434916906,0.8618386666666666
jazz_03::pitch_shift::+1st,jazz_03,jazz,pitch_shift,1.0,0.959638,0.864857,0.992093,0.794068,0.8702348650870168,0.8728543333333333
jazz_03::pitch_shift::+2st,jazz_03,jazz,pitch_shift,2.0,0.938256,0.78106,0.986725,0.807096,0.8394154932161809,0.8421373333333333
jazz_03::pitch_shift::+4st,jazz_03,jazz,pitch_shift,4.0,0.966654,0.700538,0.97699,0.778187,0.8077226113108603,0.8151263333333333
jazz_03::time_stretch::-20pct,jazz_03,jazz,time_stretch,-20.0,0.998218,0.88022,0.563007,0.81052,0.8930178125290872,0.8963193333333332
jazz_03::time_stretch::-10pct,jazz_03,jazz,time_stretch,-10.0,0.999395,0.916006,0.625293,0.808133,0.9044254557486919,0.9078446666666666
jazz_03::time_stretch::-5pct,jazz_03,jazz,time_stretch,-5.0,0.999514,0.938512,0.691143,0.814082,0.9140408831652029,0.9173693333333333
jazz_03::time_stretch::+5pct,jazz_03,jazz,time_stretch,5.0,0.999869,0.957443,0.718085,0.815609,0.9208297610116407,0.924307
jazz_03::time_stretch::+10pct,jazz_03,jazz,time_stretch,10.0,0.999508,0.942597,0.657857,0.814424,0.9154914591191795,0.918843
jazz_03::time_stretch::+20pct,jazz_03,jazz,time_stretch,20.0,0.99853,0.912805,0.577205,0.79754,0.8991466569555933,0.9029583333333333
jazz_03::lowpass::lp8000,jazz_03,jazz,lowpass,8000.0,0.999942,0.493363,0.99735,0.816465,0.7385155648893917,0.7699233333333333
jazz_03::lowpass::lp4000,jazz_03,jazz,lowpass,4000.0,0.999999,0.48101,0.987403,0.79126,0.7246989424594791,0.757423
jazz_03::lowpass::lp2000,jazz_03,jazz,lowpass,2000.0,0.999993,0.464726,0.961541,0.785705,0.714745038190576,0.7501413333333333
jazz_03::distortion::drv4,jazz_03,jazz,distortion,4.0,0.998592,0.783133,0.994045,0.794088,0.853160513238833,0.8586043333333333
jazz_03::distortion::drv12,jazz_03,jazz,distortion,12.0,0.997305,0.621797,0.980863,0.779743,0.7848910335250797,0.799615
jazz_03::distortion::drv32,jazz_03,jazz,distortion,32.0,0.99696,0.549119,0.959238,0.696251,0.7250534314480701,0.7474433333333332
jazz_03::style_swap::swap_cross,jazz_03,jazz,style_swap,nan,0.827302,0.406029,0.7961,0.491364,0.5485398129465532,0.5748983333333333
jazz_03::style_swap::swap_same,jazz_03,jazz,style_swap,nan,0.96754,0.447431,0.558308,0.514437,0.6061438904065404,0.6431359999999999
jazz_04::control::ctrl,jazz_04,jazz,control,0.0,1.0,1.0,1.0,0.847145,0.9462064785959717,0.9490483333333333
jazz_04::pitch_shift::-4st,jazz_04,jazz,pitch_shift,-4.0,0.833361,0.60197,0.98641,0.752875,0.7228424216604797,0.7294019999999999
jazz_04::pitch_shift::-2st,jazz_04,jazz,pitch_shift,-2.0,0.872333,0.720746,0.994583,0.761504,0.7823100519709139,0.784861
jazz_04::pitch_shift::-1st,jazz_04,jazz,pitch_shift,-1.0,0.834568,0.843618,0.997925,0.743929,0.8060828567215419,0.8073716666666666
jazz_04::pitch_shift::+1st,jazz_04,jazz,pitch_shift,1.0,0.83982,0.83762,0.99562,0.796232,0.8243107425909484,0.8245573333333334
jazz_04::pitch_shift::+2st,jazz_04,jazz,pitch_shift,2.0,0.875169,0.732879,0.99103,0.809033,0.8035819010680612,0.8056936666666665
jazz_04::pitch_shift::+4st,jazz_04,jazz,pitch_shift,4.0,0.837966,0.613495,0.975102,0.738043,0.7239463179582996,0.7298346666666666
jazz_04::time_stretch::-20pct,jazz_04,jazz,time_stretch,-20.0,0.985618,0.846032,0.569945,0.841402,0.8885863796993835,0.8910173333333332
jazz_04::time_stretch::-10pct,jazz_04,jazz,time_stretch,-10.0,0.990255,0.864604,0.652638,0.836427,0.8946725429542004,0.8970953333333332
jazz_04::time_stretch::-5pct,jazz_04,jazz,time_stretch,-5.0,0.985818,0.894939,0.712546,0.851234,0.9089633655476222,0.9106636666666665
jazz_04::time_stretch::+5pct,jazz_04,jazz,time_stretch,5.0,0.985667,0.930872,0.736868,0.851947,0.9211794774581195,0.9228286666666666
jazz_04::time_stretch::+10pct,jazz_04,jazz,time_stretch,10.0,0.982005,0.91713,0.660658,0.860102,0.9183992466061373,0.9197456666666666
jazz_04::time_stretch::+20pct,jazz_04,jazz,time_stretch,20.0,0.977806,0.885337,0.594168,0.824302,0.8936124730118984,0.8958149999999999
jazz_04::lowpass::lp8000,jazz_04,jazz,lowpass,8000.0,1.0,0.731289,0.994781,0.851947,0.8540839085957517,0.8610786666666667
jazz_04::lowpass::lp4000,jazz_04,jazz,lowpass,4000.0,0.99996,0.665035,0.984009,0.798242,0.8096933422900208,0.8210789999999999
jazz_04::lowpass::lp2000,jazz_04,jazz,lowpass,2000.0,0.999991,0.579879,0.974123,0.747049,0.7566485203286698,0.7756396666666666
jazz_04::distortion::drv4,jazz_04,jazz,distortion,4.0,0.99982,0.79188,0.995591,0.759865,0.8441880726192296,0.8505216666666666
jazz_04::distortion::drv12,jazz_04,jazz,distortion,12.0,0.997467,0.658752,0.982594,0.563463,0.7180620293940487,0.739894
jazz_04::distortion::drv32,jazz_04,jazz,distortion,32.0,0.992587,0.58768,0.707646,0.49065,0.6590126721133939,0.6903056666666666
jazz_04::style_swap::swap_cross,jazz_04,jazz,style_swap,nan,0.917358,0.424875,0.538176,0.713132,0.6526143990417583,0.6851216666666666
jazz_04::style_swap::swap_same,jazz_04,jazz,style_swap,nan,0.895585,0.514792,0.736868,0.614472,0.6567703920520971,0.6749496666666666
jazz_05::control::ctrl,jazz_05,jazz,control,0.0,1.0,1.0,1.0,0.710646,0.8923826238943358,0.9035486666666666
jazz_05::pitch_shift::-4st,jazz_05,jazz,pitch_shift,-4.0,0.957993,0.652013,0.991951,0.658069,0.7435268811786898,0.756025
jazz_05::pitch_shift::-2st,jazz_05,jazz,pitch_shift,-2.0,0.97082,0.761393,0.995711,0.71362,0.8079879225740778,0.8152776666666666
jazz_05::pitch_shift::-1st,jazz_05,jazz,pitch_shift,-1.0,0.978728,0.856756,0.997059,0.716478,0.8438022434571772,0.850654
jazz_05::pitch_shift::+1st,jazz_05,jazz,pitch_shift,1.0,0.985536,0.848576,0.996574,0.690561,0.8327636532162759,0.8415576666666666
jazz_05::pitch_shift::+2st,jazz_05,jazz,pitch_shift,2.0,0.975176,0.753031,0.994658,0.679084,0.792999875626368,0.8024303333333334
jazz_05::pitch_shift::+4st,jazz_05,jazz,pitch_shift,4.0,0.958809,0.663576,0.989694,0.663265,0.7500725709168357,0.7618833333333332
jazz_05::time_stretch::-20pct,jazz_05,jazz,time_stretch,-20.0,0.99563,0.807551,0.787335,0.709874,0.8295000205235976,0.837685
jazz_05::time_stretch::-10pct,jazz_05,jazz,time_stretch,-10.0,0.996621,0.854422,0.822477,0.720203,0.8496090453031216,0.8570819999999999
jazz_05::time_stretch::-5pct,jazz_05,jazz,time_stretch,-5.0,0.999027,0.930575,0.857266,0.730268,0.8788949297332573,0.8866233333333333
jazz_05::time_stretch::+5pct,jazz_05,jazz,time_stretch,5.0,0.997841,0.903918,0.856971,0.705132,0.8599771945016156,0.8689636666666666
jazz_05::time_stretch::+10pct,jazz_05,jazz,time_stretch,10.0,0.994727,0.875185,0.832511,0.726563,0.8584052198523444,0.8654916666666665
jazz_05::time_stretch::+20pct,jazz_05,jazz,time_stretch,20.0,0.99163,0.82341,0.792965,0.717137,0.8366092102101931,0.8440589999999999
jazz_05::lowpass::lp8000,jazz_05,jazz,lowpass,8000.0,0.997646,0.876396,0.999817,0.696119,0.8474617651995395,0.8567203333333333
jazz_05::lowpass::lp4000,jazz_05,jazz,lowpass,4000.0,0.999587,0.714402,0.998929,0.69573,0.7920172925521869,0.8032396666666666
jazz_05::lowpass::lp2000,jazz_05,jazz,lowpass,2000.0,0.999317,0.626045,0.99734,0.662571,0.745613478319896,0.7626443333333333
jazz_05::distortion::drv4,jazz_05,jazz,distortion,4.0,0.992547,0.819238,0.99926,0.699662,0.8286093297818349,0.8371489999999999
jazz_05::distortion::drv12,jazz_05,jazz,distortion,12.0,0.990125,0.683215,0.997736,0.665353,0.7663606188928132,0.7795643333333333
jazz_05::distortion::drv32,jazz_05,jazz,distortion,32.0,0.990099,0.632073,0.995908,0.657113,0.7436386835738488,0.7597616666666666
jazz_05::style_swap::swap_cross,jazz_05,jazz,style_swap,nan,0.975,0.388541,0.851228,0.51904,0.5814969384015634,0.627527
jazz_05::style_swap::swap_same,jazz_05,jazz,style_swap,nan,0.958225,0.410725,0.832755,0.637977,0.6308719516287299,0.6689756666666666
jazz_06::control::ctrl,jazz_06,jazz,control,0.0,1.0,1.0,1.0,0.790886,0.9247790073478569,0.9302953333333333
jazz_06::pitch_shift::-4st,jazz_06,jazz,pitch_shift,-4.0,0.860231,0.585557,0.955724,0.783123,0.7333952313716825,0.7429703333333333
jazz_06::pitch_shift::-2st,jazz_06,jazz,pitch_shift,-2.0,0.892296,0.730481,0.995966,0.802922,0.805867688051074,0.8085663333333333
jazz_06::pitch_shift::-1st,jazz_06,jazz,pitch_shift,-1.0,0.888508,0.841532,0.998243,0.770391,0.8320467451371534,0.8334769999999999
jazz_06::pitch_shift::+1st,jazz_06,jazz,pitch_shift,1.0,0.896617,0.83751,0.997364,0.769451,0.8328995859655914,0.8345259999999999
jazz_06::pitch_shift::+2st,jazz_06,jazz,pitch_shift,2.0,0.896201,0.748972,0.960378,0.786685,0.8082715488149378,0.8106193333333332
jazz_06::pitch_shift::+4st,jazz_06,jazz,pitch_shift,4.0,0.871637,0.650229,0.952088,0.733771,0.7464272947563952,0.751879
jazz_06::time_stretch::-20pct,jazz_06,jazz,time_stretch,-20.0,0.996271,0.885504,0.660544,0.791636,0.8872197154186605,0.891137
jazz_06::time_stretch::-10pct,jazz_06,jazz,time_stretch,-10.0,0.997603,0.914662,0.711212,0.804929,0.9022467350352843,0.9057313333333332
jazz_06::time_stretch::-5pct,jazz_06,jazz,time_stretch,-5.0,0.998416,0.938632,0.772755,0.778782,0.9003421820371194,0.9052766666666666
jazz_06::time_stretch::+5pct,jazz_06,jazz,time_stretch,5.0,0.997706,0.95335,0.74418,0.776521,0.9039326083238094,0.9091923333333333
jazz_06::time_stretch::+10pct,jazz_06,jazz,time_stretch,10.0,0.996074,0.933568,0.708287,0.750401,0.8869728404350703,0.8933476666666667
jazz_06::time_stretch::+20pct,jazz_06,jazz,time_stretch,20.0,0.99723,0.903132,0.64979,0.771037,0.8855381209861983,0.8904663333333332
jazz_06::lowpass::lp8000,jazz_06,jazz,lowpass,8000.0,1.0,0.572906,0.995881,0.785187,0.7662176592102544,0.7860309999999999
jazz_06::lowpass::lp4000,jazz_06,jazz,lowpass,4000.0,1.0,0.549055,0.9823,0.800218,0.7602236726175479,0.783091
jazz_06::lowpass::lp2000,jazz_06,jazz,lowpass,2000.0,0.999995,0.477267,0.972237,0.753982,0.711279138235069,0.743748
jazz_06::distortion::drv4,jazz_06,jazz,distortion,4.0,0.999972,0.911932,0.999435,0.800232,0.9003030810611108,0.9040453333333333
jazz_06::distortion::drv12,jazz_06,jazz,distortion,12.0,0.999497,0.78718,0.996933,0.748239,0.8381053810907527,0.844972
jazz_06::distortion::drv32,jazz_06,jazz,distortion,32.0,0.99757,0.672992,0.988852,0.648524,0.7579253707079038,0.7730286666666666
jazz_06::style_swap::swap_cross,jazz_06,jazz,style_swap,nan,0.824651,0.459862,0.640989,0.58468,0.6052553691097748,0.6230643333333332
jazz_06::style_swap::swap_same,jazz_06,jazz,style_swap,nan,0.93722,0.413917,0.644435,0.610287,0.6186281004965012,0.653808
jazz_07::control::ctrl,jazz_07,jazz,control,0.0,1.0,1.0,1.0,0.877286,0.9572978119533426,0.9590953333333333
jazz_07::pitch_shift::-4st,jazz_07,jazz,pitch_shift,-4.0,0.972921,0.600006,0.982341,0.826771,0.7844034019775722,0.7998993333333333
jazz_07::pitch_shift::-2st,jazz_07,jazz,pitch_shift,-2.0,0.977336,0.74301,0.990932,0.848959,0.8510892217415923,0.856435
jazz_07::pitch_shift::-1st,jazz_07,jazz,pitch_shift,-1.0,0.967395,0.837053,0.994084,0.822782,0.8734013507488606,0.8757433333333333
jazz_07::pitch_shift::+1st,jazz_07,jazz,pitch_shift,1.0,0.963218,0.822405,0.992153,0.810565,0.8627124383999308,0.865396
jazz_07::pitch_shift::+2st,jazz_07,jazz,pitch_shift,2.0,0.978903,0.723577,0.989417,0.83961,0.8409445078337474,0.8473633333333332
jazz_07::pitch_shift::+4st,jazz_07,jazz,pitch_shift,4.0,0.96809,0.617172,0.981032,0.778552,0.7748242260542223,0.787938
jazz_07::time_stretch::-20pct,jazz_07,jazz,time_stretch,-20.0,0.998992,0.836325,0.631958,0.882288,0.9033356584653246,0.9058683333333333
jazz_07::time_stretch::-10pct,jazz_07,jazz,time_stretch,-10.0,0.999124,0.870202,0.697584,0.873558,0.9123827616900203,0.9142946666666666
jazz_07::time_stretch::-5pct,jazz_07,jazz,time_stretch,-5.0,0.999602,0.909865,0.76335,0.892067,0.9326825466367688,0.9338446666666667
jazz_07::time_stretch::+5pct,jazz_07,jazz,time_stretch,5.0,0.999197,0.926238,0.77792,0.891696,0.9379870549902685,0.9390436666666666
jazz_07::time_stretch::+10pct,jazz_07,jazz,time_stretch,10.0,0.999188,0.905069,0.716093,0.890319,0.9303039116618433,0.9315253333333332
jazz_07::time_stretch::+20pct,jazz_07,jazz,time_stretch,20.0,0.999443,0.895225,0.662874,0.885944,0.9254767252872231,0.9268706666666666
jazz_07::lowpass::lp8000,jazz_07,jazz,lowpass,8000.0,0.999979,0.495395,0.779294,0.875401,0.756919764697635,0.7902583333333333
jazz_07::lowpass::lp4000,jazz_07,jazz,lowpass,4000.0,0.999996,0.466442,0.764294,0.779408,0.7137074940417787,0.7486153333333332
jazz_07::lowpass::lp2000,jazz_07,jazz,lowpass,2000.0,0.999994,0.443111,0.747705,0.723449,0.6843936143085578,0.7221846666666666
jazz_07::distortion::drv4,jazz_07,jazz,distortion,4.0,0.999955,0.831467,0.783639,0.837866,0.8864753837501912,0.8897626666666666
jazz_07::distortion::drv12,jazz_07,jazz,distortion,12.0,0.999672,0.672901,0.766822,0.690822,0.774565746172512,0.7877983333333333
jazz_07::distortion::drv32,jazz_07,jazz,distortion,32.0,0.997719,0.59119,0.745969,0.570926,0.6957262361651788,0.7199450000000001
jazz_07::style_swap::swap_cross,jazz_07,jazz,style_swap,nan,0.974894,0.421153,0.624288,0.476909,0.5806898988308322,0.6243186666666667
jazz_07::style_swap::swap_same,jazz_07,jazz,style_swap,nan,0.979577,0.567352,0.684561,0.818358,0.769032748146627,0.7884289999999999
jazz_08::control::ctrl,jazz_08,jazz,control,0.0,1.0,1.0,1.0,0.844803,0.9453337193743341,0.9482676666666666
jazz_08::pitch_shift::-4st,jazz_08,jazz,pitch_shift,-4.0,0.897769,0.5989,0.989343,0.839461,0.7670785067964689,0.77871
jazz_08::pitch_shift::-2st,jazz_08,jazz,pitch_shift,-2.0,0.878719,0.722232,0.9757,0.850699,0.814268351786052,0.8172166666666666
jazz_08::pitch_shift::-1st,jazz_08,jazz,pitch_shift,-1.0,0.90452,0.839108,0.997267,0.849194,0.8638022233840013,0.864274
jazz_08::pitch_shift::+1st,jazz_08,jazz,pitch_shift,1.0,0.908518,0.838669,0.996327,0.821205,0.8553133233620243,0.8561306666666666
jazz_08::pitch_shift::+2st,jazz_08,jazz,pitch_shift,2.0,0.887608,0.732907,0.972295,0.812111,0.8084040678276967,0.8108753333333333
jazz_08::pitch_shift::+4st,jazz_08,jazz,pitch_shift,4.0,0.895828,0.625715,0.965482,0.779459,0.7588072848290051,0.7670006666666667
jazz_08::time_stretch::-20pct,jazz_08,jazz,time_stretch,-20.0,0.990844,0.836712,0.756731,0.842342,0.8872034984977734,0.889966
jazz_08::time_stretch::-10pct,jazz_08,jazz,time_stretch,-10.0,0.995209,0.911011,0.814644,0.857538,0.9195254698825728,0.9212526666666666
jazz_08::time_stretch::-5pct,jazz_08,jazz,time_stretch,-5.0,0.995933,0.93743,0.836929,0.85601,0.9280027637717749,0.9297909999999999
jazz_08::time_stretch::+5pct,jazz_08,jazz,time_stretch,5.0,0.994405,0.953834,0.833367,0.838798,0.9266118037778115,0.9290123333333333
jazz_08::time_stretch::+10pct,jazz_08,jazz,time_stretch,10.0,0.991379,0.935039,0.795431,0.841919,0.9206896274684188,0.9227789999999999
jazz_08::time_stretch::+20pct,jazz_08,jazz,time_stretch,20.0,0.987524,0.903079,0.762428,0.82862,0.9040857096810253,0.9064076666666665
jazz_08::lowpass::lp8000,jazz_08,jazz,lowpass,8000.0,1.0,0.652147,0.998614,0.852196,0.8221700723410224,0.834781
jazz_08::lowpass::lp4000,jazz_08,jazz,lowpass,4000.0,1.0,0.590163,0.972762,0.82008,0.7851320983639619,0.8034143333333332
jazz_08::lowpass::lp2000,jazz_08,jazz,lowpass,2000.0,0.999983,0.544811,0.833877,0.80477,0.7596906028593415,0.783188
jazz_08::distortion::drv4,jazz_08,jazz,distortion,4.0,0.999986,0.941801,0.999773,0.85099,0.9288790643570948,0.9309256666666667
jazz_08::distortion::drv12,jazz_08,jazz,distortion,12.0,0.999778,0.778938,0.997141,0.822618,0.8620548344911944,0.8671113333333332
jazz_08::distortion::drv32,jazz_08,jazz,distortion,32.0,0.998,0.650928,0.991095,0.705146,0.7708694720650234,0.7846913333333333
jazz_08::style_swap::swap_cross,jazz_08,jazz,style_swap,nan,0.933218,0.452913,0.754467,0.643891,0.6480423915060702,0.676674
jazz_08::style_swap::swap_same,jazz_08,jazz,style_swap,nan,0.894906,0.483703,0.749487,0.755327,0.6889119794081605,0.7113119999999999
jazz_09::control::ctrl,jazz_09,jazz,control,0.0,1.0,1.0,1.0,0.75322,0.9098586907738074,0.91774
jazz_09::pitch_shift::-4st,jazz_09,jazz,pitch_shift,-4.0,0.993584,0.520334,0.985295,0.669297,0.7020508305691969,0.7277383333333333
jazz_09::pitch_shift::-2st,jazz_09,jazz,pitch_shift,-2.0,0.993845,0.66826,0.995466,0.654154,0.7573815271359492,0.7720863333333332
jazz_09::pitch_shift::-1st,jazz_09,jazz,pitch_shift,-1.0,0.994509,0.797509,0.987305,0.708389,0.8251610245610999,0.833469
jazz_09::pitch_shift::+1st,jazz_09,jazz,pitch_shift,1.0,0.994988,0.872111,0.986779,0.717206,0.8537771101456568,0.861435
jazz_09::pitch_shift::+2st,jazz_09,jazz,pitch_shift,2.0,0.992944,0.778236,0.994882,0.68462,0.8087765517353077,0.8186
jazz_09::pitch_shift::+4st,jazz_09,jazz,pitch_shift,4.0,0.993704,0.680063,0.99351,0.69586,0.7776353939858321,0.7898756666666666
jazz_09::time_stretch::-20pct,jazz_09,jazz,time_stretch,-20.0,0.999838,0.8741,0.929122,0.723033,0.8581231653733686,0.865657
jazz_09::time_stretch::-10pct,jazz_09,jazz,time_stretch,-10.0,0.999756,0.887672,0.92516,0.716772,0.8600212667022893,0.8680666666666665
jazz_09::time_stretch::-5pct,jazz_09,jazz,time_stretch,-5.0,0.99976,0.934595,0.936289,0.720375,0.8763803154416063,0.8849099999999999
jazz_09::time_stretch::+5pct,jazz_09,jazz,time_stretch,5.0,0.999829,0.907638,0.950918,0.719434,0.8675139209832002,0.8756336666666666
jazz_09::time_stretch::+10pct,jazz_09,jazz,time_stretch,10.0,0.999653,0.883696,0.937995,0.710321,0.8561218982189397,0.8645566666666666
jazz_09::time_stretch::+20pct,jazz_09,jazz,time_stretch,20.0,0.999401,0.893079,0.924442,0.716772,0.8616619119725457,0.8697506666666666
jazz_09::lowpass::lp8000,jazz_09,jazz,lowpass,8000.0,1.0,0.394304,0.991235,0.753181,0.6671807586746532,0.7158283333333333
jazz_09::lowpass::lp4000,jazz_09,jazz,lowpass,4000.0,0.999786,0.401189,0.985243,0.704597,0.656244413256341,0.7018573333333333
jazz_09::lowpass::lp2000,jazz_09,jazz,lowpass,2000.0,0.999513,0.369264,0.983942,0.65148,0.6218354851850597,0.673419
jazz_09::distortion::drv4,jazz_09,jazz,distortion,4.0,0.999959,0.945587,0.999863,0.739988,0.8877747482093843,0.895178
jazz_09::distortion::drv12,jazz_09,jazz,distortion,12.0,0.999751,0.626862,0.989583,0.691262,0.756662408110779,0.772625
jazz_09::distortion::drv32,jazz_09,jazz,distortion,32.0,0.999888,0.458302,0.984396,0.640767,0.6646623549677526,0.6996523333333333
jazz_09::style_swap::swap_cross,jazz_09,jazz,style_swap,nan,0.952617,0.47284,0.906479,0.609758,0.650024931760542,0.678405
jazz_09::style_swap::swap_same,jazz_09,jazz,style_swap,nan,0.97399,0.516828,0.950124,0.611811,0.6753142869693184,0.7008763333333332
jazz_10::control::ctrl,jazz_10,jazz,control,0.0,1.0,1.0,1.0,0.860866,0.9512876352915455,0.953622
jazz_10::pitch_shift::-4st,jazz_10,jazz,pitch_shift,-4.0,0.991669,0.604374,0.988523,0.874829,0.8063654170923222,0.8236239999999999
jazz_10::pitch_shift::-2st,jazz_10,jazz,pitch_shift,-2.0,0.994542,0.789217,0.994306,0.865171,0.8789695656198162,0.8829766666666665
jazz_10::pitch_shift::-1st,jazz_10,jazz,pitch_shift,-1.0,0.993901,0.890315,0.996255,0.865165,0.914805120010369,0.9164603333333332
jazz_10::pitch_shift::+1st,jazz_10,jazz,pitch_shift,1.0,0.994183,0.918462,0.994879,0.861068,0.9229715726746046,0.924571
jazz_10::pitch_shift::+2st,jazz_10,jazz,pitch_shift,2.0,0.990314,0.860741,0.992262,0.875253,0.9069701746417415,0.9087693333333333
jazz_10::pitch_shift::+4st,jazz_10,jazz,pitch_shift,4.0,0.979486,0.780678,0.983654,0.851311,0.8666680895504331,0.8704916666666667
jazz_10::time_stretch::-20pct,jazz_10,jazz,time_stretch,-20.0,0.998611,0.896049,0.699548,0.834058,0.9070713553982476,0.9095726666666666
jazz_10::time_stretch::-10pct,jazz_10,jazz,time_stretch,-10.0,0.999012,0.914031,0.747864,0.856854,0.9214663625909035,0.9232989999999999
jazz_10::time_stretch::-5pct,jazz_10,jazz,time_stretch,-5.0,0.999176,0.941274,0.789484,0.85374,0.9294539885358813,0.9313966666666667
jazz_10::time_stretch::+5pct,jazz_10,jazz,time_stretch,5.0,0.999464,0.947284,0.786308,0.858958,0.9334113888225741,0.9352353333333333
jazz_10::time_stretch::+10pct,jazz_10,jazz,time_stretch,10.0,0.998967,0.93055,0.764732,0.858152,0.9274382957218292,0.9292229999999999
jazz_10::time_stretch::+20pct,jazz_10,jazz,time_stretch,20.0,0.998482,0.921307,0.70256,0.862557,0.9257864178684008,0.9274486666666666
jazz_10::lowpass::lp8000,jazz_10,jazz,lowpass,8000.0,0.999996,0.475037,0.994423,0.863805,0.7430997889865052,0.7796126666666666
jazz_10::lowpass::lp4000,jazz_10,jazz,lowpass,4000.0,0.999996,0.465638,0.986251,0.821676,0.7259651285110509,0.7624366666666667
jazz_10::lowpass::lp2000,jazz_10,jazz,lowpass,2000.0,0.999998,0.445785,0.981971,0.781683,0.7036960012570241,0.7424886666666666
jazz_10::distortion::drv4,jazz_10,jazz,distortion,4.0,0.999712,0.871568,0.993246,0.854154,0.9062279520223208,0.9084779999999999
jazz_10::distortion::drv12,jazz_10,jazz,distortion,12.0,0.998882,0.708573,0.949376,0.797292,0.8263652848041209,0.8349156666666666
jazz_10::distortion::drv32,jazz_10,jazz,distortion,32.0,0.998055,0.590036,0.947198,0.726889,0.7536453557345599,0.77166
jazz_10::style_swap::swap_cross,jazz_10,jazz,style_swap,nan,0.924891,0.411552,0.674367,0.536714,0.588960358696693,0.6243856666666666
jazz_10::style_swap::swap_same,jazz_10,jazz,style_swap,nan,0.976866,0.54437,0.789484,0.755721,0.7379555829482318,0.7589856666666666
jazz_11::control::ctrl,jazz_11,jazz,control,0.0,1.0,1.0,1.0,0.869773,0.9545572356135467,0.956591
jazz_11::pitch_shift::-4st,jazz_11,jazz,pitch_shift,-4.0,0.947244,0.52485,0.990842,0.749957,0.7197435957678235,0.7406836666666666
jazz_11::pitch_shift::-2st,jazz_11,jazz,pitch_shift,-2.0,0.973787,0.687445,0.995179,0.830234,0.8221810856743553,0.8304886666666665
jazz_11::pitch_shift::-1st,jazz_11,jazz,pitch_shift,-1.0,0.956299,0.822674,0.99663,0.848596,0.8739920548576626,0.8758563333333333
jazz_11::pitch_shift::+1st,jazz_11,jazz,pitch_shift,1.0,0.961908,0.874756,0.994828,0.848028,0.8936008081642999,0.8948973333333332
jazz_11::pitch_shift::+2st,jazz_11,jazz,pitch_shift,2.0,0.971474,0.774948,0.992127,0.843193,0.8594294773730939,0.863205
jazz_11::pitch_shift::+4st,jazz_11,jazz,pitch_shift,4.0,0.943951,0.677111,0.983714,0.81728,0.8053661965369238,0.8127806666666666
jazz_11::time_stretch::-20pct,jazz_11,jazz,time_stretch,-20.0,0.998424,0.875785,0.618537,0.859247,0.9090969059542932,0.911152
jazz_11::time_stretch::-10pct,jazz_11,jazz,time_stretch,-10.0,0.998522,0.895161,0.694953,0.87519,0.9214116785625507,0.9229576666666666
jazz_11::time_stretch::-5pct,jazz_11,jazz,time_stretch,-5.0,0.998886,0.927578,0.735504,0.868148,0.9300080583608621,0.9315373333333333
jazz_11::time_stretch::+5pct,jazz_11,jazz,time_stretch,5.0,0.999272,0.937048,0.755659,0.862748,0.9313433956587561,0.9330226666666666
jazz_11::time_stretch::+10pct,jazz_11,jazz,time_stretch,10.0,0.998291,0.920859,0.69856,0.865939,0.9267854297854777,0.928363
jazz_11::time_stretch::+20pct,jazz_11,jazz,time_stretch,20.0,0.996398,0.877369,0.647095,0.846973,0.9046798128825347,0.9069133333333332
jazz_11::lowpass::lp8000,jazz_11,jazz,lowpass,8000.0,1.0,0.457968,0.993689,0.879257,0.7384430191441324,0.779075
jazz_11::lowpass::lp4000,jazz_11,jazz,lowpass,4000.0,1.0,0.45155,0.97965,0.813058,0.7160485308152251,0.7548693333333333
jazz_11::lowpass::lp2000,jazz_11,jazz,lowpass,2000.0,0.999991,0.440529,0.959965,0.791932,0.7039678555068587,0.7441506666666666
jazz_11::distortion::drv4,jazz_11,jazz,distortion,4.0,0.999738,0.654194,0.988778,0.824373,0.8139021054530874,0.8261016666666667
jazz_11::distortion::drv12,jazz_11,jazz,distortion,12.0,0.998933,0.520993,0.972786,0.745876,0.7294770400673729,0.7552673333333333
jazz_11::distortion::drv32,jazz_11,jazz,distortion,32.0,0.998474,0.460108,0.9499,0.703186,0.6861550333933132,0.7205893333333333
jazz_11::style_swap::swap_cross,jazz_11,jazz,style_swap,nan,0.957214,0.528654,0.786424,0.646518,0.6890547461010361,0.7107953333333333
jazz_11::style_swap::swap_same,jazz_11,jazz,style_swap,nan,0.978943,0.571893,0.644919,0.826714,0.7735276211417871,0.7925166666666665
jazz_12::control::ctrl,jazz_12,jazz,control,0.0,1.0,1.0,1.0,0.858757,0.9505101599693888,0.952919
jazz_12::pitch_shift::-4st,jazz_12,jazz,pitch_shift,-4.0,0.930824,0.55645,0.984024,0.815317,0.75025126954842,0.7675303333333332
jazz_12::pitch_shift::-2st,jazz_12,jazz,pitch_shift,-2.0,0.952902,0.698436,0.991839,0.850214,0.827118438251206,0.8338506666666665
jazz_12::pitch_shift::-1st,jazz_12,jazz,pitch_shift,-1.0,0.961212,0.823336,0.995201,0.832644,0.8701989374875186,0.8723973333333332
jazz_12::pitch_shift::+1st,jazz_12,jazz,pitch_shift,1.0,0.957574,0.833769,0.992788,0.827703,0.8710255067573792,0.8730153333333333
jazz_12::pitch_shift::+2st,jazz_12,jazz,pitch_shift,2.0,0.945027,0.728359,0.985959,0.844091,0.8344359229890181,0.839159
jazz_12::pitch_shift::+4st,jazz_12,jazz,pitch_shift,4.0,0.927212,0.638955,0.969436,0.816332,0.7849440694634773,0.7941663333333333
jazz_12::time_stretch::-20pct,jazz_12,jazz,time_stretch,-20.0,0.99026,0.753253,0.43562,0.845612,0.8576045596619479,0.8630416666666666
jazz_12::time_stretch::-10pct,jazz_12,jazz,time_stretch,-10.0,0.995469,0.889317,0.563049,0.851531,0.910112192479719,0.9121056666666667
jazz_12::time_stretch::-5pct,jazz_12,jazz,time_stretch,-5.0,0.993,0.932176,0.619823,0.851316,0.9236611003655918,0.9254973333333332
jazz_12::time_stretch::+5pct,jazz_12,jazz,time_stretch,5.0,0.995684,0.936975,0.614296,0.851895,0.9262862137240221,0.9281846666666667
jazz_12::time_stretch::+10pct,jazz_12,jazz,time_stretch,10.0,0.995311,0.906536,0.524673,0.859318,0.9186835135479345,0.9203883333333333
jazz_12::time_stretch::+20pct,jazz_12,jazz,time_stretch,20.0,0.993478,0.846854,0.451194,0.839586,0.8905890038479262,0.8933059999999999
jazz_12::lowpass::lp8000,jazz_12,jazz,lowpass,8000.0,0.999807,0.517995,0.996044,0.856904,0.7627659601822916,0.7915686666666666
jazz_12::lowpass::lp4000,jazz_12,jazz,lowpass,4000.0,0.999978,0.490035,0.983789,0.764088,0.7207538565247752,0.751367
jazz_12::lowpass::lp2000,jazz_12,jazz,lowpass,2000.0,0.99851,0.474519,0.620515,0.739977,0.7051390217098393,0.7376686666666666
jazz_12::distortion::drv4,jazz_12,jazz,distortion,4.0,0.999785,0.79527,0.994876,0.832114,0.8713674814457076,0.875723
jazz_12::distortion::drv12,jazz_12,jazz,distortion,12.0,0.995536,0.640309,0.978926,0.705058,0.7659912466182196,0.7803009999999999
jazz_12::distortion::drv32,jazz_12,jazz,distortion,32.0,0.995451,0.555792,0.950169,0.578775,0.6841436716117677,0.7100059999999999
jazz_12::style_swap::swap_cross,jazz_12,jazz,style_swap,nan,0.906809,0.485037,0.395582,0.558876,0.6264244739499488,0.6502406666666667
jazz_12::style_swap::swap_same,jazz_12,jazz,style_swap,nan,0.968208,0.46972,0.467118,0.522573,0.6194195314569517,0.6535003333333333
jazz_13::control::ctrl,jazz_13,jazz,control,0.0,1.0,1.0,1.0,0.913895,0.970432725764995,0.9712983333333333
jazz_13::pitch_shift::-4st,jazz_13,jazz,pitch_shift,-4.0,0.857157,0.628575,0.990606,0.864783,0.7752495829511737,0.7835049999999999
jazz_13::pitch_shift::-2st,jazz_13,jazz,pitch_shift,-2.0,0.918786,0.766421,0.994031,0.899468,0.8587943147552192,0.8615583333333333
jazz_13::pitch_shift::-1st,jazz_13,jazz,pitch_shift,-1.0,0.965609,0.870787,0.996039,0.889855,0.907843166569807,0.9087503333333333
jazz_13::pitch_shift::+1st,jazz_13,jazz,pitch_shift,1.0,0.965989,0.889366,0.992753,0.902497,0.9186840088123219,0.919284
jazz_13::pitch_shift::+2st,jazz_13,jazz,pitch_shift,2.0,0.907409,0.812854,0.986246,0.911959,0.8761873547840254,0.8774073333333332
jazz_13::pitch_shift::+4st,jazz_13,jazz,pitch_shift,4.0,0.840885,0.704617,0.978284,0.902636,0.8117098030961771,0.8160459999999999
jazz_13::time_stretch::-20pct,jazz_13,jazz,time_stretch,-20.0,0.998527,0.848472,0.556853,0.876176,0.9054467067956558,0.9077249999999999
jazz_13::time_stretch::-10pct,jazz_13,jazz,time_stretch,-10.0,0.99888,0.879729,0.623756,0.883316,0.9190224230230315,0.9206416666666666
jazz_13::time_stretch::-5pct,jazz_13,jazz,time_stretch,-5.0,0.998961,0.926213,0.71901,0.892187,0.9380768795937806,0.9391203333333332
jazz_13::time_stretch::+5pct,jazz_13,jazz,time_stretch,5.0,0.998978,0.925813,0.684768,0.896514,0.9394610051207566,0.9404349999999999
jazz_13::time_stretch::+10pct,jazz_13,jazz,time_stretch,10.0,0.997666,0.89973,0.632258,0.903019,0.9323910309640467,0.9334716666666667
jazz_13::time_stretch::+20pct,jazz_13,jazz,time_stretch,20.0,0.99475,0.871949,0.568804,0.903825,0.9220683756515586,0.923508
jazz_13::lowpass::lp8000,jazz_13,jazz,lowpass,8000.0,1.0,0.614482,0.99716,0.920144,0.8269038006620281,0.8448753333333332
jazz_13::lowpass::lp4000,jazz_13,jazz,lowpass,4000.0,1.0,0.541464,0.990086,0.887335,0.7832235423386241,0.8095996666666666
jazz_13::lowpass::lp2000,jazz_13,jazz,lowpass,2000.0,0.999995,0.474856,0.93947,0.850626,0.7392071129065569,0.7751589999999999
jazz_13::distortion::drv4,jazz_13,jazz,distortion,4.0,0.999466,0.794882,0.99447,0.91816,0.9001806750481576,0.9041693333333332
jazz_13::distortion::drv12,jazz_13,jazz,distortion,12.0,0.995084,0.653927,0.978025,0.763696,0.7920814505418955,0.8042356666666666
jazz_13::distortion::drv32,jazz_13,jazz,distortion,32.0,0.991993,0.567285,0.955914,0.564704,0.6824071846369157,0.707994
jazz_13::style_swap::swap_cross,jazz_13,jazz,style_swap,nan,0.80875,0.501906,0.514836,0.585862,0.6195513918728571,0.6321726666666666
jazz_13::style_swap::swap_same,jazz_13,jazz,style_swap,nan,0.930396,0.449679,0.595873,0.518592,0.6008952227989804,0.632889
jazz_14::control::ctrl,jazz_14,jazz,control,0.0,1.0,1.0,1.0,0.851425,0.9477972974242562,0.950475
jazz_14::pitch_shift::-4st,jazz_14,jazz,pitch_shift,-4.0,0.933915,0.590701,0.964245,0.786143,0.7569354922919703,0.7702530000000001
jazz_14::pitch_shift::-2st,jazz_14,jazz,pitch_shift,-2.0,0.937529,0.695664,0.971491,0.805457,0.806879843751112,0.8128833333333332
jazz_14::pitch_shift::-1st,jazz_14,jazz,pitch_shift,-1.0,0.962787,0.821173,0.998017,0.792512,0.8557040260048225,0.858824
jazz_14::pitch_shift::+1st,jazz_14,jazz,pitch_shift,1.0,0.966039,0.801514,0.971776,0.825113,0.8612708209368012,0.8642219999999999
jazz_14::pitch_shift::+2st,jazz_14,jazz,pitch_shift,2.0,0.949169,0.698654,0.968443,0.812437,0.813701524715933,0.8200866666666666
jazz_14::pitch_shift::+4st,jazz_14,jazz,pitch_shift,4.0,0.932713,0.58597,0.957434,0.787879,0.7551402956607065,0.7688539999999999
jazz_14::time_stretch::-20pct,jazz_14,jazz,time_stretch,-20.0,0.997752,0.858124,0.727825,0.852864,0.9005008894780587,0.9029133333333332
jazz_14::time_stretch::-10pct,jazz_14,jazz,time_stretch,-10.0,0.998975,0.890727,0.779534,0.842808,0.9085370212422345,0.9108366666666665
jazz_14::time_stretch::-5pct,jazz_14,jazz,time_stretch,-5.0,0.997459,0.932674,0.818321,0.856533,0.9270923720156645,0.9288886666666666
jazz_14::time_stretch::+5pct,jazz_14,jazz,time_stretch,5.0,0.997984,0.947918,0.71926,0.844261,0.9278056770048186,0.9300543333333333
jazz_14::time_stretch::+10pct,jazz_14,jazz,time_stretch,10.0,0.99867,0.927762,0.722298,0.818617,0.9119683811756423,0.9150163333333332
jazz_14::time_stretch::+20pct,jazz_14,jazz,time_stretch,20.0,0.998893,0.913798,0.744742,0.853333,0.9200877275072927,0.9220079999999999
jazz_14::lowpass::lp8000,jazz_14,jazz,lowpass,8000.0,0.999982,0.686754,0.998291,0.861497,0.8394903660722727,0.8494109999999999
jazz_14::lowpass::lp4000,jazz_14,jazz,lowpass,4000.0,0.999909,0.527779,0.992664,0.835214,0.7610329307490247,0.787634
jazz_14::lowpass::lp2000,jazz_14,jazz,lowpass,2000.0,0.999956,0.452628,0.986559,0.773591,0.7048194904251414,0.7420583333333333
jazz_14::distortion::drv4,jazz_14,jazz,distortion,4.0,0.999706,0.712523,0.969466,0.832152,0.8400232036432279,0.848127
jazz_14::distortion::drv12,jazz_14,jazz,distortion,12.0,0.998455,0.571102,0.955522,0.695957,0.7348660685223294,0.7551713333333333
jazz_14::distortion::drv32,jazz_14,jazz,distortion,32.0,0.996809,0.513077,0.96126,0.597771,0.6736636485382732,0.7025523333333333
jazz_14::style_swap::swap_cross,jazz_14,jazz,style_swap,nan,0.920173,0.460066,0.773476,0.508909,0.5994826044678544,0.6297159999999999
jazz_14::style_swap::swap_same,jazz_14,jazz,style_swap,nan,0.961866,0.467382,0.815302,0.771601,0.7026296072088055,0.7336163333333332
jazz_15::control::ctrl,jazz_15,jazz,control,0.0,1.0,1.0,1.0,0.729589,0.900242321581255,0.909863
jazz_15::pitch_shift::-4st,jazz_15,jazz,pitch_shift,-4.0,0.820339,0.553332,0.993068,0.607311,0.6508238071691052,0.6603273333333334
jazz_15::pitch_shift::-2st,jazz_15,jazz,pitch_shift,-2.0,0.909927,0.659108,0.994307,0.650093,0.730543714006033,0.7397093333333333
jazz_15::pitch_shift::-1st,jazz_15,jazz,pitch_shift,-1.0,0.7856,0.768366,0.995505,0.678302,0.7425588933846995,0.7440893333333333
jazz_15::pitch_shift::+1st,jazz_15,jazz,pitch_shift,1.0,0.779683,0.774167,0.995931,0.688846,0.7463770670892604,0.7475653333333333
jazz_15::pitch_shift::+2st,jazz_15,jazz,pitch_shift,2.0,0.88578,0.681081,0.994477,0.678302,0.7424192845015708,0.7483876666666667
jazz_15::pitch_shift::+4st,jazz_15,jazz,pitch_shift,4.0,0.794101,0.551112,0.992303,0.654349,0.6591359782987125,0.6665206666666667
jazz_15::time_stretch::-20pct,jazz_15,jazz,time_stretch,-20.0,0.99785,0.753567,0.754556,0.701322,0.8079197013703707,0.8175796666666666
jazz_15::time_stretch::-10pct,jazz_15,jazz,time_stretch,-10.0,0.997344,0.83905,0.805238,0.717332,0.8435632966244374,0.8512419999999998
jazz_15::time_stretch::-5pct,jazz_15,jazz,time_stretch,-5.0,0.998597,0.873798,0.844847,0.741501,0.86491019197675,0.8712986666666666
jazz_15::time_stretch::+5pct,jazz_15,jazz,time_stretch,5.0,0.999443,0.864574,0.847523,0.68733,0.8405724798776816,0.8504489999999999
jazz_15::time_stretch::+10pct,jazz_15,jazz,time_stretch,10.0,0.998463,0.871353,0.825396,0.708495,0.851048476849062,0.859437
jazz_15::time_stretch::+20pct,jazz_15,jazz,time_stretch,20.0,0.9971,0.856363,0.772911,0.680721,0.8345555569549262,0.8447279999999999
jazz_15::lowpass::lp8000,jazz_15,jazz,lowpass,8000.0,0.999998,0.965446,0.999997,0.738285,0.8932720003985875,0.901243
jazz_15::lowpass::lp4000,jazz_15,jazz,lowpass,4000.0,0.999989,0.777753,0.999673,0.732875,0.8291293235443269,0.8368723333333333
jazz_15::lowpass::lp2000,jazz_15,jazz,lowpass,2000.0,0.999987,0.507678,0.998792,0.711016,0.712012072315249,0.7395603333333333
jazz_15::distortion::drv4,jazz_15,jazz,distortion,4.0,0.999636,0.730561,0.998351,0.687727,0.7948859409917244,0.8059746666666666
jazz_15::distortion::drv12,jazz_15,jazz,distortion,12.0,0.996427,0.507365,0.965091,0.682232,0.7012927662610854,0.7286746666666666
jazz_15::distortion::drv32,jazz_15,jazz,distortion,32.0,0.991463,0.4543,0.959982,0.645431,0.6624549603520391,0.6970646666666666
jazz_15::style_swap::swap_cross,jazz_15,jazz,style_swap,nan,0.921302,0.394224,0.805238,0.64062,0.615056750025845,0.6520486666666666
jazz_15::style_swap::swap_same,jazz_15,jazz,style_swap,nan,0.88836,0.39054,0.782155,0.708327,0.6263678206748886,0.662409
rock_01::control::ctrl,rock_01,rock,control,0.0,1.0,0.999942,1.0,0.852123,0.9480378993086876,0.9506883333333334
rock_01::pitch_shift::-4st,rock_01,rock,pitch_shift,-4.0,0.813833,0.557216,0.979701,0.749739,0.6979478798252027,0.7069293333333333
rock_01::pitch_shift::-2st,rock_01,rock,pitch_shift,-2.0,0.879642,0.679588,0.990183,0.790236,0.7788183158379755,0.7831553333333332
rock_01::pitch_shift::-1st,rock_01,rock,pitch_shift,-1.0,0.838643,0.812859,0.99282,0.800226,0.8170870628848459,0.8172426666666666
rock_01::pitch_shift::+1st,rock_01,rock,pitch_shift,1.0,0.848026,0.843843,0.991541,0.810633,0.833998045914782,0.8341673333333333
rock_01::pitch_shift::+2st,rock_01,rock,pitch_shift,2.0,0.881178,0.759704,0.988635,0.797864,0.8113576019243869,0.8129153333333333
rock_01::pitch_shift::+4st,rock_01,rock,pitch_shift,4.0,0.816739,0.645763,0.977506,0.664383,0.7050041190354945,0.7089616666666666
rock_01::time_stretch::-20pct,rock_01,rock,time_stretch,-20.0,0.994147,0.882204,0.57789,0.83712,0.9021299797550164,0.9044903333333333
rock_01::time_stretch::-10pct,rock_01,rock,time_stretch,-10.0,0.99897,0.902,0.643533,0.847076,0.9138897090796281,0.9160153333333333
rock_01::time_stretch::-5pct,rock_01,rock,time_stretch,-5.0,0.998823,0.915492,0.706095,0.850757,0.9197071010651452,0.9216906666666667
rock_01::time_stretch::+5pct,rock_01,rock,time_stretch,5.0,0.999098,0.914686,0.701311,0.836851,0.9144839486354722,0.9168783333333332
rock_01::time_stretch::+10pct,rock_01,rock,time_stretch,10.0,0.997581,0.882312,0.651366,0.829793,0.9005614947454016,0.9032286666666667
rock_01::time_stretch::+20pct,rock_01,rock,time_stretch,20.0,0.995819,0.822715,0.584485,0.86548,0.8917209158762719,0.8946713333333333
rock_01::lowpass::lp8000,rock_01,rock,lowpass,8000.0,1.0,0.474364,0.991089,0.857176,0.7408448082814509,0.77718
rock_01::lowpass::lp4000,rock_01,rock,lowpass,4000.0,0.999999,0.425397,0.878785,0.760955,0.6866219051458469,0.7287836666666667
rock_01::lowpass::lp2000,rock_01,rock,lowpass,2000.0,0.999956,0.398225,0.840811,0.680278,0.6470412162579001,0.6928196666666666
rock_01::distortion::drv4,rock_01,rock,distortion,4.0,0.999287,0.774377,0.981845,0.777299,0.8441318053155141,0.8503209999999999
rock_01::distortion::drv12,rock_01,rock,distortion,12.0,0.996281,0.570771,0.947007,0.620318,0.7065659591245224,0.7291233333333333
rock_01::distortion::drv32,rock_01,rock,distortion,32.0,0.994382,0.488409,0.854443,0.563018,0.6490623193980246,0.6819363333333333
rock_01::style_swap::swap_cross,rock_01,rock,style_swap,nan,0.902871,0.43894,0.634166,0.498722,0.5825007156019785,0.6135109999999999
rock_01::style_swap::swap_same,rock_01,rock,style_swap,nan,0.945281,0.401226,0.731973,0.705768,0.6444719008022721,0.6840916666666667
rock_02::control::ctrl,rock_02,rock,control,0.0,1.0,1.0,1.0,0.804026,0.9298724147633551,0.9346753333333333
rock_02::pitch_shift::-4st,rock_02,rock,pitch_shift,-4.0,0.925931,0.434769,0.749235,0.774874,0.6781973595021819,0.711858
rock_02::pitch_shift::-2st,rock_02,rock,pitch_shift,-2.0,0.967372,0.592148,0.979024,0.769596,0.7610774606266584,0.776372
rock_02::pitch_shift::-1st,rock_02,rock,pitch_shift,-1.0,0.976893,0.749597,0.983371,0.761729,0.8231742484341793,0.8294063333333332
rock_02::pitch_shift::+1st,rock_02,rock,pitch_shift,1.0,0.981755,0.800876,0.984115,0.762227,0.8431100053473651,0.848286
rock_02::pitch_shift::+2st,rock_02,rock,pitch_shift,2.0,0.975692,0.730319,0.978986,0.769174,0.8183705260486749,0.8250616666666666
rock_02::pitch_shift::+4st,rock_02,rock,pitch_shift,4.0,0.929742,0.635438,0.976935,0.757324,0.7648432723693741,0.774168
rock_02::time_stretch::-20pct,rock_02,rock,time_stretch,-20.0,0.998551,0.855249,0.756893,0.809949,0.8843825534794748,0.8879163333333333
rock_02::time_stretch::-10pct,rock_02,rock,time_stretch,-10.0,0.998651,0.85932,0.650501,0.789306,0.8782227606173204,0.8824256666666666
rock_02::time_stretch::-5pct,rock_02,rock,time_stretch,-5.0,0.999315,0.877984,0.752447,0.785791,0.8834161872084095,0.8876966666666666
rock_02::time_stretch::+5pct,rock_02,rock,time_stretch,5.0,0.998863,0.85808,0.748891,0.802308,0.8826562678017889,0.886417
rock_02::time_stretch::+10pct,rock_02,rock,time_stretch,10.0,0.999028,0.863816,0.707762,0.789644,0.8799879962988573,0.8841626666666667
rock_02::time_stretch::+20pct,rock_02,rock,time_stretch,20.0,0.996639,0.858657,0.650501,0.799784,0.8812722629165333,0.8850266666666666
rock_02::lowpass::lp8000,rock_02,rock,lowpass,8000.0,1.0,0.421983,0.775742,0.793862,0.6945123769981436,0.7386149999999999
rock_02::lowpass::lp4000,rock_02,rock,lowpass,4000.0,0.999968,0.435369,0.768712,0.791629,0.7011136675918176,0.7423219999999999
rock_02::lowpass::lp2000,rock_02,rock,lowpass,2000.0,0.999983,0.408411,0.756543,0.744377,0.6723999375707685,0.7175903333333333
rock_02::distortion::drv4,rock_02,rock,distortion,4.0,0.999895,0.597362,0.774171,0.765171,0.7702827348018763,0.787476
rock_02::distortion::drv12,rock_02,rock,distortion,12.0,0.999632,0.461474,0.722792,0.746008,0.7007723494820454,0.7357046666666667
rock_02::distortion::drv32,rock_02,rock,distortion,32.0,0.9994,0.427758,0.661058,0.726292,0.6771469324126667,0.7178166666666665
rock_02::style_swap::swap_cross,rock_02,rock,style_swap,nan,0.929088,0.524234,0.636276,0.537869,0.6398617997538482,0.6637303333333333
rock_02::style_swap::swap_same,rock_02,rock,style_swap,nan,0.990037,0.517629,0.690209,0.68928,0.7068955278355137,0.7323153333333333
rock_03::control::ctrl,rock_03,rock,control,0.0,0.999823,0.943625,0.999858,0.863036,0.9337927357883569,0.9354946666666666
rock_03::pitch_shift::-4st,rock_03,rock,pitch_shift,-4.0,0.949724,0.602721,0.989028,0.796043,0.7695144061506956,0.7828293333333333
rock_03::pitch_shift::-2st,rock_03,rock,pitch_shift,-2.0,0.977116,0.765816,0.993807,0.876354,0.868793796549229,0.8730953333333333
rock_03::pitch_shift::-1st,rock_03,rock,pitch_shift,-1.0,0.986346,0.863648,0.99565,0.866963,0.9039037902934525,0.9056523333333333
rock_03::pitch_shift::+1st,rock_03,rock,pitch_shift,1.0,0.987725,0.868074,0.993055,0.837612,0.8955267474933749,0.8978036666666667
rock_03::pitch_shift::+2st,rock_03,rock,pitch_shift,2.0,0.977977,0.77015,0.987473,0.833738,0.8563366252116368,0.8606216666666666
rock_03::pitch_shift::+4st,rock_03,rock,pitch_shift,4.0,0.957036,0.645562,0.9744,0.767931,0.7799429034532126,0.7901763333333333
rock_03::time_stretch::-20pct,rock_03,rock,time_stretch,-20.0,0.998615,0.870737,0.53038,0.83515,0.8988416534429338,0.9015006666666666
rock_03::time_stretch::-10pct,rock_03,rock,time_stretch,-10.0,0.999768,0.880826,0.614639,0.851623,0.9085431949898015,0.910739
rock_03::time_stretch::-5pct,rock_03,rock,time_stretch,-5.0,0.998701,0.914959,0.685591,0.83495,0.9137608126825064,0.9162033333333333
rock_03::time_stretch::+5pct,rock_03,rock,time_stretch,5.0,0.9995,0.924344,0.678665,0.863452,0.9274379756792125,0.9290986666666666
rock_03::time_stretch::+10pct,rock_03,rock,time_stretch,10.0,0.999411,0.883936,0.614164,0.860841,0.9127726742261971,0.9147293333333333
rock_03::time_stretch::+20pct,rock_03,rock,time_stretch,20.0,0.99958,0.864175,0.549795,0.857807,0.9049049156523427,0.9071873333333333
rock_03::lowpass::lp8000,rock_03,rock,lowpass,8000.0,0.998735,0.455113,0.998741,0.865981,0.7328683358694692,0.7732763333333332
rock_03::lowpass::lp4000,rock_03,rock,lowpass,4000.0,0.999979,0.437897,0.994185,0.795376,0.7035772323172538,0.7444173333333333
rock_03::lowpass::lp2000,rock_03,rock,lowpass,2000.0,0.999748,0.43203,0.691917,0.739645,0.6836113399104543,0.7238076666666666
rock_03::distortion::drv4,rock_03,rock,distortion,4.0,0.999644,0.666804,0.990538,0.841824,0.8248119688736787,0.8360906666666665
rock_03::distortion::drv12,rock_03,rock,distortion,12.0,0.999471,0.5492,0.676983,0.796268,0.7589036873201035,0.7816463333333332
rock_03::distortion::drv32,rock_03,rock,distortion,32.0,0.999376,0.507933,0.629428,0.774238,0.7324926580719127,0.7605156666666666
rock_03::style_swap::swap_cross,rock_03,rock,style_swap,nan,0.965684,0.456104,0.585605,0.597394,0.640796195192123,0.6730606666666666
rock_03::style_swap::swap_same,rock_03,rock,style_swap,nan,0.984031,0.447872,0.65355,0.650204,0.659281328750503,0.6940356666666666
rock_04::control::ctrl,rock_04,rock,control,0.0,1.0,1.0,1.0,0.779956,0.9204990990705731,0.9266519999999999
rock_04::pitch_shift::-4st,rock_04,rock,pitch_shift,-4.0,0.993308,0.532255,0.974972,0.734213,0.7294719289730648,0.7532586666666666
rock_04::pitch_shift::-2st,rock_04,rock,pitch_shift,-2.0,0.993437,0.69946,0.983079,0.764773,0.809988004349867,0.8192233333333333
rock_04::pitch_shift::-1st,rock_04,rock,pitch_shift,-1.0,0.994962,0.807215,0.985566,0.775436,0.8539790680162811,0.8592043333333332
rock_04::pitch_shift::+1st,rock_04,rock,pitch_shift,1.0,0.995817,0.847557,0.984539,0.784721,0.8716749697658991,0.8760316666666665
rock_04::pitch_shift::+2st,rock_04,rock,pitch_shift,2.0,0.993026,0.760707,0.979706,0.760071,0.8311461515135009,0.8379346666666666
rock_04::pitch_shift::+4st,rock_04,rock,pitch_shift,4.0,0.993258,0.632999,0.966859,0.728816,0.7709525773268664,0.7850243333333333
rock_04::time_stretch::-20pct,rock_04,rock,time_stretch,-20.0,0.999515,0.830355,0.561869,0.791958,0.8694643049305624,0.8739426666666665
rock_04::time_stretch::-10pct,rock_04,rock,time_stretch,-10.0,0.999477,0.856248,0.641402,0.793845,0.8790954443662763,0.8831899999999999
rock_04::time_stretch::-5pct,rock_04,rock,time_stretch,-5.0,0.999656,0.884215,0.705147,0.790524,0.887376326087624,0.891465
rock_04::time_stretch::+5pct,rock_04,rock,time_stretch,5.0,0.999886,0.887352,0.530131,0.810704,0.8959894829415803,0.899314
rock_04::time_stretch::+10pct,rock_04,rock,time_stretch,10.0,0.999043,0.896665,0.542417,0.799429,0.8946738957552286,0.8983789999999999
rock_04::time_stretch::+20pct,rock_04,rock,time_stretch,20.0,0.99986,0.890977,0.568112,0.808069,0.8962270436866182,0.8996353333333332
rock_04::lowpass::lp8000,rock_04,rock,lowpass,8000.0,0.999999,0.422854,0.988926,0.787845,0.6932293325149006,0.7368993333333334
rock_04::lowpass::lp4000,rock_04,rock,lowpass,4000.0,0.999998,0.41205,0.916593,0.761662,0.6795745604482215,0.7245699999999999
rock_04::lowpass::lp2000,rock_04,rock,lowpass,2000.0,0.999971,0.411064,0.89751,0.686141,0.6557979782655374,0.6990586666666667
rock_04::distortion::drv4,rock_04,rock,distortion,4.0,0.999974,0.744737,0.70521,0.794273,0.8394351415819036,0.846328
rock_04::distortion::drv12,rock_04,rock,distortion,12.0,0.999856,0.522079,0.613956,0.75134,0.731987049366538,0.7577583333333333
rock_04::distortion::drv32,rock_04,rock,distortion,32.0,0.999745,0.471436,0.589953,0.736728,0.7028668379757358,0.7359696666666666
rock_04::style_swap::swap_cross,rock_04,rock,style_swap,nan,0.964222,0.453161,0.534822,0.595353,0.6383634840990917,0.670912
rock_04::style_swap::swap_same,rock_04,rock,style_swap,nan,0.980173,0.524115,0.533974,0.732868,0.7220795205791163,0.7457186666666666
rock_05::control::ctrl,rock_05,rock,control,0.0,1.0,1.0,1.0,0.79089,0.9247805664051644,0.9302966666666665
rock_05::pitch_shift::-4st,rock_05,rock,pitch_shift,-4.0,0.86355,0.509731,0.971146,0.654395,0.6604239826218069,0.6758919999999999
rock_05::pitch_shift::-2st,rock_05,rock,pitch_shift,-2.0,0.909335,0.649299,0.985501,0.652262,0.7275512195236264,0.7369653333333333
rock_05::pitch_shift::-1st,rock_05,rock,pitch_shift,-1.0,0.95157,0.800259,0.991201,0.728123,0.8215336424529157,0.8266506666666666
rock_05::pitch_shift::+1st,rock_05,rock,pitch_shift,1.0,0.964085,0.810858,0.988272,0.736828,0.832035936306733,0.8372569999999999
rock_05::pitch_shift::+2st,rock_05,rock,pitch_shift,2.0,0.916303,0.697245,0.983853,0.67744,0.7564236830150064,0.7636626666666666
rock_05::pitch_shift::+4st,rock_05,rock,pitch_shift,4.0,0.876657,0.573219,0.962706,0.690088,0.7025624256455264,0.7133213333333334
rock_05::time_stretch::-20pct,rock_05,rock,time_stretch,-20.0,0.9987,0.864856,0.424745,0.764017,0.8706172976030448,0.8758576666666665
rock_05::time_stretch::-10pct,rock_05,rock,time_stretch,-10.0,0.997697,0.887121,0.525284,0.753348,0.8736263447807179,0.8793886666666666
rock_05::time_stretch::-5pct,rock_05,rock,time_stretch,-5.0,0.997982,0.928636,0.585699,0.777592,0.8965475662171016,0.9014033333333333
rock_05::time_stretch::+5pct,rock_05,rock,time_stretch,5.0,0.999398,0.943844,0.621215,0.799958,0.910406382573717,0.9143999999999999
rock_05::time_stretch::+10pct,rock_05,rock,time_stretch,10.0,0.998213,0.918891,0.574654,0.780577,0.8946111841605657,0.899227
rock_05::time_stretch::+20pct,rock_05,rock,time_stretch,20.0,0.998722,0.89037,0.456249,0.786925,0.8878020823045385,0.8920056666666667
rock_05::lowpass::lp8000,rock_05,rock,lowpass,8000.0,0.999536,0.509873,0.984144,0.776751,0.7342558671343349,0.7620533333333332
rock_05::lowpass::lp4000,rock_05,rock,lowpass,4000.0,0.999417,0.438412,0.944909,0.713303,0.6786321108726502,0.717044
rock_05::lowpass::lp2000,rock_05,rock,lowpass,2000.0,0.999939,0.409549,0.923085,0.653779,0.6445205680629235,0.6877556666666667
rock_05::distortion::drv4,rock_05,rock,distortion,4.0,0.99681,0.704477,0.97795,0.690384,0.7855791968104104,0.7972236666666666
rock_05::distortion::drv12,rock_05,rock,distortion,12.0,0.993765,0.53224,0.937684,0.647161,0.6995216842905196,0.7243886666666666
rock_05::distortion::drv32,rock_05,rock,distortion,32.0,0.99245,0.470004,0.862427,0.617796,0.6605186643983566,0.6934166666666666
rock_05::style_swap::swap_cross,rock_05,rock,style_swap,nan,0.884864,0.394601,0.513749,0.561071,0.580787833408545,0.613512
rock_05::style_swap::swap_same,rock_05,rock,style_swap,nan,0.920233,0.446908,0.474134,0.583036,0.6212557688519624,0.6500589999999999
rock_06::control::ctrl,rock_06,rock,control,0.0,1.0,1.0,1.0,0.827588,0.9388684134875221,0.9425293333333333
rock_06::pitch_shift::-4st,rock_06,rock,pitch_shift,-4.0,0.938169,0.521115,0.982013,0.776489,0.7240746118795098,0.7452576666666666
rock_06::pitch_shift::-2st,rock_06,rock,pitch_shift,-2.0,0.931284,0.707105,0.990296,0.826126,0.8163394417672282,0.8215049999999999
rock_06::pitch_shift::-1st,rock_06,rock,pitch_shift,-1.0,0.948093,0.808971,0.993092,0.829926,0.8602164722827531,0.8623299999999999
rock_06::pitch_shift::+1st,rock_06,rock,pitch_shift,1.0,0.947738,0.831831,0.989724,0.83795,0.8709244847317781,0.8725063333333333
rock_06::pitch_shift::+2st,rock_06,rock,pitch_shift,2.0,0.93015,0.775342,0.984504,0.808334,0.8353703352098789,0.837942
rock_06::pitch_shift::+4st,rock_06,rock,pitch_shift,4.0,0.949607,0.677082,0.970006,0.785692,0.7964267447627972,0.8041269999999999
rock_06::time_stretch::-20pct,rock_06,rock,time_stretch,-20.0,0.99843,0.828538,0.494202,0.844943,0.8874675632044908,0.8906369999999999
rock_06::time_stretch::-10pct,rock_06,rock,time_stretch,-10.0,0.999561,0.847482,0.599483,0.819586,0.8854786732052249,0.8888763333333334
rock_06::time_stretch::-5pct,rock_06,rock,time_stretch,-5.0,0.999366,0.862797,0.679969,0.816042,0.8894370903467615,0.892735
rock_06::time_stretch::+5pct,rock_06,rock,time_stretch,5.0,0.999392,0.890315,0.679505,0.827542,0.9030044029681623,0.9057496666666667
rock_06::time_stretch::+10pct,rock_06,rock,time_stretch,10.0,0.997144,0.861088,0.589361,0.829908,0.8931926133109492,0.8960466666666667
rock_06::time_stretch::+20pct,rock_06,rock,time_stretch,20.0,0.999165,0.879936,0.512217,0.832921,0.9013581089176848,0.9040073333333334
rock_06::lowpass::lp8000,rock_06,rock,lowpass,8000.0,0.999997,0.424493,0.996572,0.832415,0.7069733493018467,0.7523016666666666
rock_06::lowpass::lp4000,rock_06,rock,lowpass,4000.0,0.999986,0.439439,0.992414,0.799458,0.7056067446922888,0.7462943333333334
rock_06::lowpass::lp2000,rock_06,rock,lowpass,2000.0,0.998553,0.415651,0.985587,0.752847,0.6785818272820271,0.7223503333333333
rock_06::distortion::drv4,rock_06,rock,distortion,4.0,0.999869,0.784771,0.992653,0.820667,0.863543739503918,0.8684356666666666
rock_06::distortion::drv12,rock_06,rock,distortion,12.0,0.999664,0.533638,0.956995,0.812945,0.7569269846264332,0.7820823333333333
rock_06::distortion::drv32,rock_06,rock,distortion,32.0,0.999508,0.461691,0.89171,0.797088,0.716497453802127,0.7527623333333333
rock_06::style_swap::swap_cross,rock_06,rock,style_swap,nan,0.887546,0.40398,0.553223,0.59778,0.5984539055182366,0.6297686666666666
rock_06::style_swap::swap_same,rock_06,rock,style_swap,nan,0.951376,0.484016,0.599483,0.73913,0.6981963592641273,0.7248406666666666
rock_07::control::ctrl,rock_07,rock,control,0.0,1.0,1.0,1.0,0.765996,0.9149741698940224,0.9219986666666666
rock_07::pitch_shift::-4st,rock_07,rock,pitch_shift,-4.0,0.735964,0.63263,0.975588,0.666742,0.6771029757670683,0.6784453333333332
rock_07::pitch_shift::-2st,rock_07,rock,pitch_shift,-2.0,0.81108,0.756119,0.986826,0.719053,0.7611523316799006,0.762084
rock_07::pitch_shift::-1st,rock_07,rock,pitch_shift,-1.0,0.705207,0.85391,0.992301,0.740352,0.763933677449228,0.7664896666666666
rock_07::pitch_shift::+1st,rock_07,rock,pitch_shift,1.0,0.703882,0.864309,0.989597,0.715024,0.7576986346209292,0.7610716666666666
rock_07::pitch_shift::+2st,rock_07,rock,pitch_shift,2.0,0.798246,0.761986,0.983227,0.724997,0.7611553731885677,0.7617430000000001
rock_07::pitch_shift::+4st,rock_07,rock,pitch_shift,4.0,0.72955,0.627638,0.973757,0.690524,0.6812622999868838,0.6825706666666667
rock_07::time_stretch::-20pct,rock_07,rock,time_stretch,-20.0,0.992079,0.731594,0.567383,0.788566,0.8302677071670864,0.837413
rock_07::time_stretch::-10pct,rock_07,rock,time_stretch,-10.0,0.997448,0.826538,0.648579,0.792169,0.8676081920123255,0.8720516666666667
rock_07::time_stretch::-5pct,rock_07,rock,time_stretch,-5.0,0.998955,0.882843,0.705755,0.787336,0.8855161864428763,0.8897113333333333
rock_07::time_stretch::+5pct,rock_07,rock,time_stretch,5.0,0.997778,0.898955,0.731184,0.754456,0.8779476034350381,0.8837296666666666
rock_07::time_stretch::+10pct,rock_07,rock,time_stretch,10.0,0.994625,0.892475,0.663449,0.790513,0.8886310464643615,0.8925376666666667
rock_07::time_stretch::+20pct,rock_07,rock,time_stretch,20.0,0.987317,0.842336,0.596081,0.762334,0.85907105987151,0.8639956666666666
rock_07::lowpass::lp8000,rock_07,rock,lowpass,8000.0,0.999997,0.537304,0.993655,0.756928,0.7408969049402006,0.764743
rock_07::lowpass::lp4000,rock_07,rock,lowpass,4000.0,0.999994,0.5061,0.982593,0.698599,0.7071104091286022,0.7348976666666667
rock_07::lowpass::lp2000,rock_07,rock,lowpass,2000.0,0.999926,0.466434,0.972303,0.642239,0.6690905743683169,0.7028663333333334
rock_07::distortion::drv4,rock_07,rock,distortion,4.0,0.999884,0.787652,0.982693,0.713162,0.8250698762734349,0.8335659999999999
rock_07::distortion::drv12,rock_07,rock,distortion,12.0,0.996426,0.659981,0.949425,0.515216,0.6971431138183484,0.7238743333333333
rock_07::distortion::drv32,rock_07,rock,distortion,32.0,0.990829,0.567385,0.753447,0.408017,0.6121411934196285,0.6554103333333333
rock_07::style_swap::swap_cross,rock_07,rock,style_swap,nan,0.795693,0.476206,0.582684,0.40997,0.5375648036636652,0.560623
rock_07::style_swap::swap_same,rock_07,rock,style_swap,nan,0.851624,0.535156,0.731079,0.596674,0.6478708922931137,0.6611513333333333
rock_08::control::ctrl,rock_08,rock,control,0.0,1.0,1.0,1.0,0.818048,0.9352468678116161,0.9393493333333333
rock_08::pitch_shift::-4st,rock_08,rock,pitch_shift,-4.0,0.962647,0.424162,0.962221,0.739298,0.6708201772865822,0.7087023333333333
rock_08::pitch_shift::-2st,rock_08,rock,pitch_shift,-2.0,0.967163,0.603592,0.970556,0.817582,0.7814925160727653,0.7961123333333333
rock_08::pitch_shift::-1st,rock_08,rock,pitch_shift,-1.0,0.957176,0.770797,0.976175,0.807806,0.8415494302788787,0.8452596666666666
rock_08::pitch_shift::+1st,rock_08,rock,pitch_shift,1.0,0.960892,0.80437,0.975471,0.775003,0.8429683623409704,0.8467549999999999
rock_08::pitch_shift::+2st,rock_08,rock,pitch_shift,2.0,0.958667,0.730797,0.969525,0.80914,0.8276169976736794,0.8328679999999999
rock_08::pitch_shift::+4st,rock_08,rock,pitch_shift,4.0,0.967969,0.614177,0.964967,0.729896,0.7570745732493044,0.7706806666666666
rock_08::time_stretch::-20pct,rock_08,rock,time_stretch,-20.0,0.9977,0.830463,0.703569,0.78737,0.8672940651273803,0.8718443333333333
rock_08::time_stretch::-10pct,rock_08,rock,time_stretch,-10.0,0.998554,0.837736,0.693826,0.808432,0.8777565455606855,0.8815740000000001
rock_08::time_stretch::-5pct,rock_08,rock,time_stretch,-5.0,0.998161,0.858111,0.77547,0.839446,0.8958712717341836,0.8985726666666666
rock_08::time_stretch::+5pct,rock_08,rock,time_stretch,5.0,0.999628,0.86065,0.770773,0.832687,0.8947786025745903,0.8976549999999999
rock_08::time_stretch::+10pct,rock_08,rock,time_stretch,10.0,0.997256,0.819834,0.682278,0.794689,0.8661170638368353,0.870593
rock_08::time_stretch::+20pct,rock_08,rock,time_stretch,20.0,0.994061,0.821964,0.643363,0.817403,0.8741125451724664,0.8778093333333333
rock_08::lowpass::lp8000,rock_08,rock,lowpass,8000.0,1.0,0.398632,0.985534,0.818652,0.6884786786658748,0.7390946666666667
rock_08::lowpass::lp4000,rock_08,rock,lowpass,4000.0,0.999998,0.405805,0.96619,0.742274,0.6703376171263195,0.7160256666666667
rock_08::lowpass::lp2000,rock_08,rock,lowpass,2000.0,0.998148,0.387533,0.949042,0.683109,0.6416987788417141,0.6895966666666666
rock_08::distortion::drv4,rock_08,rock,distortion,4.0,0.999589,0.555807,0.985506,0.805153,0.7647884114418521,0.7868496666666667
rock_08::distortion::drv12,rock_08,rock,distortion,12.0,0.999499,0.418826,0.950344,0.774764,0.6870607570348375,0.7310296666666667
rock_08::distortion::drv32,rock_08,rock,distortion,32.0,0.999133,0.395945,0.91501,0.729457,0.6608242233372854,0.7081783333333334
rock_08::style_swap::swap_cross,rock_08,rock,style_swap,nan,0.766064,0.416942,0.711322,0.374926,0.492903708690587,0.5193106666666666
rock_08::style_swap::swap_same,rock_08,rock,style_swap,nan,0.928717,0.484023,0.790245,0.601052,0.6464780945030582,0.671264
rock_09::control::ctrl,rock_09,rock,control,0.0,1.0,1.0,1.0,0.835722,0.9419342997168308,0.9452406666666666
rock_09::pitch_shift::-4st,rock_09,rock,pitch_shift,-4.0,0.970896,0.535053,0.991098,0.750111,0.7304071510468642,0.7520199999999999
rock_09::pitch_shift::-2st,rock_09,rock,pitch_shift,-2.0,0.981876,0.687841,0.995246,0.80648,0.816669059006979,0.825399
rock_09::pitch_shift::-1st,rock_09,rock,pitch_shift,-1.0,0.973112,0.809441,0.996438,0.786315,0.8524093322031607,0.8562893333333332
rock_09::pitch_shift::+1st,rock_09,rock,pitch_shift,1.0,0.975986,0.835457,0.996031,0.756803,0.8513670639947548,0.856082
rock_09::pitch_shift::+2st,rock_09,rock,pitch_shift,2.0,0.982703,0.741207,0.994194,0.715886,0.8048875710438935,0.8132653333333333
rock_09::pitch_shift::+4st,rock_09,rock,pitch_shift,4.0,0.974613,0.639299,0.990202,0.688116,0.7540485232294508,0.7673426666666665
rock_09::time_stretch::-20pct,rock_09,rock,time_stretch,-20.0,0.997323,0.856981,0.875536,0.786788,0.8761024978025324,0.8803639999999999
rock_09::time_stretch::-10pct,rock_09,rock,time_stretch,-10.0,0.998288,0.865867,0.885962,0.841584,0.8993626266030554,0.901913
rock_09::time_stretch::-5pct,rock_09,rock,time_stretch,-5.0,0.99891,0.896966,0.901117,0.828304,0.9053795905435319,0.90806
rock_09::time_stretch::+5pct,rock_09,rock,time_stretch,5.0,0.999402,0.882233,0.909823,0.790006,0.8864439919280814,0.890547
rock_09::time_stretch::+10pct,rock_09,rock,time_stretch,10.0,0.999302,0.856784,0.890861,0.802457,0.8823955136797215,0.8861809999999999
rock_09::time_stretch::+20pct,rock_09,rock,time_stretch,20.0,0.998284,0.849038,0.883299,0.820346,0.8859164539865707,0.8892226666666666
rock_09::lowpass::lp8000,rock_09,rock,lowpass,8000.0,0.999475,0.43936,0.997746,0.840579,0.7173377105059959,0.7598046666666667
rock_09::lowpass::lp4000,rock_09,rock,lowpass,4000.0,0.999667,0.424054,0.991899,0.692642,0.6646532216527644,0.7054543333333333
rock_09::lowpass::lp2000,rock_09,rock,lowpass,2000.0,0.999496,0.422581,0.984204,0.65258,0.6507910856934749,0.6915523333333333
rock_09::distortion::drv4,rock_09,rock,distortion,4.0,0.999784,0.910738,0.996652,0.810144,0.9035536680017731,0.9068886666666666
rock_09::distortion::drv12,rock_09,rock,distortion,12.0,0.998742,0.662598,0.987667,0.664528,0.7604527585982945,0.7752893333333333
rock_09::distortion::drv32,rock_09,rock,distortion,32.0,0.998787,0.503514,0.959489,0.544301,0.6492936983476805,0.6822006666666667
rock_09::style_swap::swap_cross,rock_09,rock,style_swap,nan,0.891277,0.421292,0.901117,0.627538,0.6176540787173849,0.6467023333333333
rock_09::style_swap::swap_same,rock_09,rock,style_swap,nan,0.956709,0.488897,0.912413,0.642321,0.6697557502250718,0.6959756666666667
rock_10::control::ctrl,rock_10,rock,control,0.0,1.0,1.0,1.0,0.819097,0.9356464592423938,0.939699
rock_10::pitch_shift::-4st,rock_10,rock,pitch_shift,-4.0,0.824539,0.601241,0.957999,0.789798,0.7315745802146846,0.738526
rock_10::pitch_shift::-2st,rock_10,rock,pitch_shift,-2.0,0.870811,0.745049,0.991559,0.812423,0.8077872316010968,0.8094276666666667
rock_10::pitch_shift::-1st,rock_10,rock,pitch_shift,-1.0,0.937895,0.845088,0.834671,0.835789,0.8717345697562426,0.8729239999999999
rock_10::pitch_shift::+1st,rock_10,rock,pitch_shift,1.0,0.939978,0.879705,0.96762,0.859031,0.89225268193812,0.8929046666666667
rock_10::pitch_shift::+2st,rock_10,rock,pitch_shift,2.0,0.864891,0.787447,0.831159,0.811335,0.820592683935951,0.8212243333333333
rock_10::pitch_shift::+4st,rock_10,rock,pitch_shift,4.0,0.80876,0.651624,0.958937,0.791596,0.7472055838155451,0.7506599999999999
rock_10::time_stretch::-20pct,rock_10,rock,time_stretch,-20.0,0.996102,0.844591,0.733444,0.775061,0.8671523031056055,0.871918
rock_10::time_stretch::-10pct,rock_10,rock,time_stretch,-10.0,0.994756,0.877497,0.70571,0.809332,0.8906279221983433,0.8938616666666666
rock_10::time_stretch::-5pct,rock_10,rock,time_stretch,-5.0,0.998186,0.911081,0.852409,0.83153,0.9110638098462162,0.9135989999999999
rock_10::time_stretch::+5pct,rock_10,rock,time_stretch,5.0,0.997527,0.921226,0.726414,0.82969,0.9135568267246477,0.9161476666666666
rock_10::time_stretch::+10pct,rock_10,rock,time_stretch,10.0,0.997108,0.888297,0.743546,0.779143,0.8837020377357719,0.8881826666666666
rock_10::time_stretch::+20pct,rock_10,rock,time_stretch,20.0,0.997989,0.879193,0.780766,0.841336,0.9037739435533165,0.9061726666666666
rock_10::lowpass::lp8000,rock_10,rock,lowpass,8000.0,1.0,0.49346,0.836706,0.810836,0.7368769849429628,0.7680986666666667
rock_10::lowpass::lp4000,rock_10,rock,lowpass,4000.0,0.999973,0.435017,0.829036,0.782794,0.6983085031451922,0.7392613333333333
rock_10::lowpass::lp2000,rock_10,rock,lowpass,2000.0,0.999896,0.429675,0.82086,0.769184,0.6913665860769616,0.7329183333333333
rock_10::distortion::drv4,rock_10,rock,distortion,4.0,0.999914,0.843263,0.96973,0.804215,0.8785489306307939,0.8824639999999999
rock_10::distortion::drv12,rock_10,rock,distortion,12.0,0.998999,0.623722,0.931258,0.790026,0.7895855046245995,0.804249
rock_10::distortion::drv32,rock_10,rock,distortion,32.0,0.997845,0.526536,0.887411,0.696033,0.7151113350859745,0.740138
rock_10::style_swap::swap_cross,rock_10,rock,style_swap,nan,0.883339,0.513896,0.712531,0.632357,0.6596622893571686,0.6765306666666666
rock_10::style_swap::swap_same,rock_10,rock,style_swap,nan,0.915243,0.47905,0.813656,0.553473,0.623741394213534,0.6492553333333333
rock_11::control::ctrl,rock_11,rock,control,0.0,1.0,0.999225,0.999997,0.730712,0.900471233962736,0.909979
rock_11::pitch_shift::-4st,rock_11,rock,pitch_shift,-4.0,0.95426,0.482414,0.93917,0.722407,0.6928238922640222,0.7196936666666667
rock_11::pitch_shift::-2st,rock_11,rock,pitch_shift,-2.0,0.960748,0.612815,0.942562,0.728074,0.754000208865067,0.7672123333333333
rock_11::pitch_shift::-1st,rock_11,rock,pitch_shift,-1.0,0.971009,0.770174,0.99431,0.735652,0.8193978930180205,0.8256116666666666
rock_11::pitch_shift::+1st,rock_11,rock,pitch_shift,1.0,0.967677,0.849975,0.941387,0.721589,0.8403795810526815,0.8464136666666666
rock_11::pitch_shift::+2st,rock_11,rock,pitch_shift,2.0,0.954275,0.780699,0.936998,0.719068,0.8121614607744788,0.818014
rock_11::pitch_shift::+4st,rock_11,rock,pitch_shift,4.0,0.95392,0.686174,0.928238,0.705007,0.7727634045397744,0.7817003333333333
rock_11::time_stretch::-20pct,rock_11,rock,time_stretch,-20.0,0.998454,0.868247,0.737084,0.78384,0.8791566353222791,0.8835136666666665
rock_11::time_stretch::-10pct,rock_11,rock,time_stretch,-10.0,0.9978,0.863344,0.584534,0.764191,0.8699142221025674,0.8751116666666666
rock_11::time_stretch::-5pct,rock_11,rock,time_stretch,-5.0,0.99934,0.88544,0.65778,0.783748,0.8851487995251847,0.8895093333333333
rock_11::time_stretch::+5pct,rock_11,rock,time_stretch,5.0,0.996552,0.90069,0.688403,0.753773,0.8778870197762776,0.8836716666666666
rock_11::time_stretch::+10pct,rock_11,rock,time_stretch,10.0,0.996253,0.88826,0.652365,0.742876,0.8695115565277236,0.8757963333333333
rock_11::time_stretch::+20pct,rock_11,rock,time_stretch,20.0,0.99736,0.885588,0.548148,0.764369,0.8772611799423901,0.882439
rock_11::lowpass::lp8000,rock_11,rock,lowpass,8000.0,1.0,0.413096,0.941118,0.741766,0.6741749902510006,0.7182873333333333
rock_11::lowpass::lp4000,rock_11,rock,lowpass,4000.0,0.99948,0.396448,0.973901,0.676923,0.6449111267680682,0.6909503333333333
rock_11::lowpass::lp2000,rock_11,rock,lowpass,2000.0,0.999272,0.379263,0.956172,0.614928,0.6153886580366867,0.6644876666666666
rock_11::distortion::drv4,rock_11,rock,distortion,4.0,0.997132,0.798399,0.987904,0.681222,0.8154933697165492,0.8255843333333333
rock_11::distortion::drv12,rock_11,rock,distortion,12.0,0.997661,0.613843,0.972928,0.623075,0.7253153629933277,0.7448596666666667
rock_11::distortion::drv32,rock_11,rock,distortion,32.0,0.994355,0.502742,0.898798,0.572096,0.6588479220540208,0.689731
rock_11::style_swap::swap_cross,rock_11,rock,style_swap,nan,0.950473,0.381667,0.568047,0.462086,0.5513775366569922,0.5980753333333333
rock_11::style_swap::swap_same,rock_11,rock,style_swap,nan,0.87967,0.479887,0.606101,0.656751,0.6520584135788321,0.6721026666666665
rock_12::control::ctrl,rock_12,rock,control,0.0,1.0,1.0,1.0,0.811346,0.9326858036941093,0.9371153333333333
rock_12::pitch_shift::-4st,rock_12,rock,pitch_shift,-4.0,0.957684,0.538872,0.976001,0.694374,0.7102868377492777,0.73031
rock_12::pitch_shift::-2st,rock_12,rock,pitch_shift,-2.0,0.97749,0.71966,0.984559,0.781601,0.8192345592770146,0.8262503333333333
rock_12::pitch_shift::-1st,rock_12,rock,pitch_shift,-1.0,0.952926,0.843101,0.987377,0.729051,0.8366918981735838,0.8416926666666666
rock_12::pitch_shift::+1st,rock_12,rock,pitch_shift,1.0,0.949585,0.837653,0.985259,0.750324,0.8419421990055294,0.8458539999999999
rock_12::pitch_shift::+2st,rock_12,rock,pitch_shift,2.0,0.980688,0.739759,0.981244,0.774563,0.8252001318679498,0.8316699999999999
rock_12::pitch_shift::+4st,rock_12,rock,pitch_shift,4.0,0.958547,0.636386,0.97282,0.726562,0.7624339673885528,0.7738316666666667
rock_12::time_stretch::-20pct,rock_12,rock,time_stretch,-20.0,0.998488,0.852531,0.57373,0.782029,0.873156241295195,0.8776826666666666
rock_12::time_stretch::-10pct,rock_12,rock,time_stretch,-10.0,0.999341,0.882881,0.653732,0.80753,0.8931509145432096,0.8965839999999999
rock_12::time_stretch::-5pct,rock_12,rock,time_stretch,-5.0,0.999559,0.914093,0.715227,0.80667,0.9032990933209372,0.906774
rock_12::time_stretch::+5pct,rock_12,rock,time_stretch,5.0,0.99952,0.930938,0.714588,0.827148,0.9164282961552839,0.919202
rock_12::time_stretch::+10pct,rock_12,rock,time_stretch,10.0,0.998331,0.898505,0.643004,0.774507,0.8856731268369089,0.8904476666666666
rock_12::time_stretch::+20pct,rock_12,rock,time_stretch,20.0,0.997924,0.895842,0.578576,0.785823,0.888964751533297,0.8931963333333333
rock_12::lowpass::lp8000,rock_12,rock,lowpass,8000.0,0.999996,0.447894,0.989066,0.809738,0.7131365177640204,0.7525426666666666
rock_12::lowpass::lp4000,rock_12,rock,lowpass,4000.0,0.999993,0.453522,0.969855,0.764933,0.7026508437810927,0.7394826666666666
rock_12::lowpass::lp2000,rock_12,rock,lowpass,2000.0,0.99995,0.422382,0.957701,0.706482,0.6682335288686476,0.7096046666666667
rock_12::distortion::drv4,rock_12,rock,distortion,4.0,0.99955,0.687981,0.967129,0.81625,0.8249001591961663,0.8345936666666667
rock_12::distortion::drv12,rock_12,rock,distortion,12.0,0.999561,0.527825,0.926237,0.739415,0.7306832838678798,0.7556003333333333
rock_12::distortion::drv32,rock_12,rock,distortion,32.0,0.998772,0.467803,0.881015,0.69594,0.6876493761959522,0.7208383333333334
rock_12::style_swap::swap_cross,rock_12,rock,style_swap,nan,0.890166,0.465892,0.557822,0.483442,0.5852843044091792,0.6131666666666666
rock_12::style_swap::swap_same,rock_12,rock,style_swap,nan,0.940486,0.523235,0.564462,0.570084,0.654630131724609,0.677935
rock_13::control::ctrl,rock_13,rock,control,0.0,1.0,1.0,1.0,0.834438,0.9414516577358508,0.9448126666666666
rock_13::pitch_shift::-4st,rock_13,rock,pitch_shift,-4.0,0.722858,0.541628,0.988771,0.748624,0.6642618057781552,0.6710366666666666
rock_13::pitch_shift::-2st,rock_13,rock,pitch_shift,-2.0,0.790048,0.728321,0.993141,0.724113,0.7468972921574573,0.747494
rock_13::pitch_shift::-1st,rock_13,rock,pitch_shift,-1.0,0.76888,0.865015,0.995036,0.733132,0.7870846806698856,0.789009
rock_13::pitch_shift::+1st,rock_13,rock,pitch_shift,1.0,0.764595,0.868245,0.973114,0.766989,0.7985233621840393,0.799943
rock_13::pitch_shift::+2st,rock_13,rock,pitch_shift,2.0,0.796989,0.800782,0.971039,0.71742,0.7707497096906589,0.7717303333333332
rock_13::pitch_shift::+4st,rock_13,rock,pitch_shift,4.0,0.74185,0.68234,0.988322,0.717423,0.7134508766902571,0.7138709999999999
rock_13::time_stretch::-20pct,rock_13,rock,time_stretch,-20.0,0.995446,0.877025,0.814343,0.833408,0.8994198084047594,0.9019596666666667
rock_13::time_stretch::-10pct,rock_13,rock,time_stretch,-10.0,0.995874,0.916918,0.843618,0.864162,0.9240809539820322,0.9256513333333333
rock_13::time_stretch::-5pct,rock_13,rock,time_stretch,-5.0,0.997673,0.927859,0.870866,0.863912,0.9282106991881878,0.9298146666666667
rock_13::time_stretch::+5pct,rock_13,rock,time_stretch,5.0,0.99808,0.935811,0.867559,0.850643,0.9261904041187591,0.928178
rock_13::time_stretch::+10pct,rock_13,rock,time_stretch,10.0,0.997801,0.921247,0.837879,0.846003,0.9195964968568766,0.9216836666666666
rock_13::time_stretch::+20pct,rock_13,rock,time_stretch,20.0,0.997524,0.892615,0.810672,0.843127,0.9088527182011586,0.9110886666666667
rock_13::lowpass::lp8000,rock_13,rock,lowpass,8000.0,1.0,0.421876,0.972141,0.846978,0.7096087844953309,0.7562846666666666
rock_13::lowpass::lp4000,rock_13,rock,lowpass,4000.0,0.999999,0.437112,0.963333,0.764718,0.6940080946414344,0.733943
rock_13::lowpass::lp2000,rock_13,rock,lowpass,2000.0,0.99998,0.419893,0.956224,0.739052,0.6770202337544005,0.7196416666666666
rock_13::distortion::drv4,rock_13,rock,distortion,4.0,0.99988,0.798469,0.997065,0.825275,0.870164864688989,0.8745413333333333
rock_13::distortion::drv12,rock_13,rock,distortion,12.0,0.998655,0.571119,0.987258,0.742036,0.750796699810427,0.7706033333333333
rock_13::distortion::drv32,rock_13,rock,distortion,32.0,0.996824,0.470678,0.943338,0.6524,0.673936191220299,0.706634
rock_13::style_swap::swap_cross,rock_13,rock,style_swap,nan,0.752659,0.43101,0.830133,0.612647,0.5835776340271897,0.598772
rock_13::style_swap::swap_same,rock_13,rock,style_swap,nan,0.917936,0.477961,0.841512,0.635136,0.6531664430428424,0.677011
rock_14::control::ctrl,rock_14,rock,control,0.0,0.999329,0.997552,0.999911,0.819934,0.9349914581408243,0.9389383333333333
rock_14::pitch_shift::-4st,rock_14,rock,pitch_shift,-4.0,0.945596,0.3959,0.966086,0.72181,0.6465041855335869,0.6877686666666666
rock_14::pitch_shift::-2st,rock_14,rock,pitch_shift,-2.0,0.976873,0.547051,0.973301,0.77027,0.7438801477757873,0.7647313333333332
rock_14::pitch_shift::-1st,rock_14,rock,pitch_shift,-1.0,0.963472,0.7056,0.974933,0.769167,0.8056370633596843,0.8127463333333332
rock_14::pitch_shift::+1st,rock_14,rock,pitch_shift,1.0,0.954229,0.804121,0.978779,0.774005,0.8405674990376469,0.8441183333333333
rock_14::pitch_shift::+2st,rock_14,rock,pitch_shift,2.0,0.972613,0.721457,0.975359,0.773962,0.8158745508349924,0.8226773333333333
rock_14::pitch_shift::+4st,rock_14,rock,pitch_shift,4.0,0.950329,0.600073,0.969096,0.716471,0.742037001328983,0.7556243333333332
rock_14::time_stretch::-20pct,rock_14,rock,time_stretch,-20.0,0.996719,0.809451,0.704601,0.804247,0.8657335540442637,0.870139
rock_14::time_stretch::-10pct,rock_14,rock,time_stretch,-10.0,0.99863,0.818585,0.760667,0.819029,0.874827762349902,0.878748
rock_14::time_stretch::-5pct,rock_14,rock,time_stretch,-5.0,0.999019,0.83469,0.784272,0.812106,0.8781537479024167,0.8819383333333333
rock_14::time_stretch::+5pct,rock_14,rock,time_stretch,5.0,0.999607,0.834016,0.804827,0.805702,0.875775323969177,0.879775
rock_14::time_stretch::+10pct,rock_14,rock,time_stretch,10.0,0.998695,0.81841,0.760823,0.804874,0.8697155474458648,0.8739929999999999
rock_14::time_stretch::+20pct,rock_14,rock,time_stretch,20.0,0.997312,0.805679,0.768527,0.81825,0.8695469461441496,0.8737469999999999
rock_14::lowpass::lp8000,rock_14,rock,lowpass,8000.0,1.0,0.364058,0.989706,0.82305,0.6691635339255309,0.729036
rock_14::lowpass::lp4000,rock_14,rock,lowpass,4000.0,0.998873,0.365912,0.976584,0.747676,0.6489333921602829,0.7041536666666667
rock_14::lowpass::lp2000,rock_14,rock,lowpass,2000.0,0.998139,0.3474,0.905453,0.672994,0.6156643555987535,0.6728443333333333
rock_14::distortion::drv4,rock_14,rock,distortion,4.0,0.999057,0.399021,0.966573,0.802889,0.6840384421206672,0.7336556666666666
rock_14::distortion::drv12,rock_14,rock,distortion,12.0,0.999098,0.362068,0.927672,0.754047,0.6485332041446021,0.705071
rock_14::distortion::drv32,rock_14,rock,distortion,32.0,0.99903,0.354624,0.909399,0.720635,0.6343866012499247,0.6914296666666666
rock_14::style_swap::swap_cross,rock_14,rock,style_swap,nan,0.969653,0.35999,0.816761,0.542987,0.5744233314915318,0.6242099999999999
rock_14::style_swap::swap_same,rock_14,rock,style_swap,nan,0.978102,0.390265,0.846669,0.597986,0.6111459281791968,0.655451
rock_15::control::ctrl,rock_15,rock,control,0.0,1.0,1.0,1.0,0.782294,0.9214179457999039,0.9274313333333333
rock_15::pitch_shift::-4st,rock_15,rock,pitch_shift,-4.0,0.925026,0.538059,0.990163,0.735669,0.7154107009467058,0.732918
rock_15::pitch_shift::-2st,rock_15,rock,pitch_shift,-2.0,0.95079,0.685859,0.992759,0.784225,0.7996870135564346,0.806958
rock_15::pitch_shift::-1st,rock_15,rock,pitch_shift,-1.0,0.951743,0.811349,0.994852,0.75715,0.8361864153359574,0.8400806666666666
rock_15::pitch_shift::+1st,rock_15,rock,pitch_shift,1.0,0.950268,0.848243,0.989379,0.749151,0.8452371641281868,0.8492206666666666
rock_15::pitch_shift::+2st,rock_15,rock,pitch_shift,2.0,0.949688,0.731007,0.983077,0.731137,0.797689268658378,0.803944
rock_15::pitch_shift::+4st,rock_15,rock,pitch_shift,4.0,0.9252,0.583494,0.971056,0.716134,0.728487499687599,0.7416093333333333
rock_15::time_stretch::-20pct,rock_15,rock,time_stretch,-20.0,0.995194,0.888057,0.768667,0.75117,0.8723597283751786,0.8781403333333333
rock_15::time_stretch::-10pct,rock_15,rock,time_stretch,-10.0,0.996448,0.912358,0.75985,0.787703,0.8946657420437699,0.8988363333333332
rock_15::time_stretch::-5pct,rock_15,rock,time_stretch,-5.0,0.996755,0.932232,0.81389,0.781108,0.8986857149283883,0.903365
rock_15::time_stretch::+5pct,rock_15,rock,time_stretch,5.0,0.997181,0.925458,0.732319,0.793606,0.9013882319643244,0.905415
rock_15::time_stretch::+10pct,rock_15,rock,time_stretch,10.0,0.99522,0.90174,0.762258,0.783387,0.8891852776112739,0.8934489999999999
rock_15::time_stretch::+20pct,rock_15,rock,time_stretch,20.0,0.994067,0.879632,0.838339,0.780557,0.8804548698354465,0.884752
rock_15::lowpass::lp8000,rock_15,rock,lowpass,8000.0,1.0,0.541276,0.998599,0.785965,0.7520972359812195,0.775747
rock_15::lowpass::lp4000,rock_15,rock,lowpass,4000.0,0.999999,0.452586,0.994498,0.783624,0.7078416880643116,0.745403
rock_15::lowpass::lp2000,rock_15,rock,lowpass,2000.0,0.999971,0.392923,0.958542,0.763089,0.6693038912024697,0.718661
rock_15::distortion::drv4,rock_15,rock,distortion,4.0,0.999861,0.853633,0.996121,0.772633,0.8704183256778487,0.8753756666666666
rock_15::distortion::drv12,rock_15,rock,distortion,12.0,0.998976,0.607725,0.982636,0.721799,0.7595554384410766,0.7761666666666666
rock_15::distortion::drv32,rock_15,rock,distortion,32.0,0.997351,0.502678,0.965817,0.621333,0.6778820103598182,0.7071206666666666
rock_15::style_swap::swap_cross,rock_15,rock,style_swap,nan,0.92812,0.43294,0.690423,0.517305,0.592369705516819,0.6261216666666666
rock_15::style_swap::swap_same,rock_15,rock,style_swap,nan,0.863999,0.491131,0.763358,0.545248,0.6139055451344028,0.6334593333333333
