pair_id,source_id,genre,dim_target,perturbation,magnitude,score_H,score_T,score_R,score_S
classical_01::control::ctrl,classical_01,classical,control,control,0.0,1.000000,1.000000,1.000000,0.000000
classical_01::pitch_shift::-4st,classical_01,classical,H,pitch_shift,-4.0,0.864113,0.612303,0.992673,-0.003219
classical_01::pitch_shift::-2st,classical_01,classical,H,pitch_shift,-2.0,0.824667,0.734894,0.995101,-0.008764
classical_01::pitch_shift::-1st,classical_01,classical,H,pitch_shift,-1.0,0.787760,0.849246,0.996772,-0.050449
classical_01::pitch_shift::+1st,classical_01,classical,H,pitch_shift,1.0,0.788619,0.819998,0.996755,-0.001205
classical_01::pitch_shift::+2st,classical_01,classical,H,pitch_shift,2.0,0.842670,0.727144,0.983819,-0.014843
classical_01::pitch_shift::+4st,classical_01,classical,H,pitch_shift,4.0,0.860251,0.637512,0.980056,-0.032586
classical_01::time_stretch::-20pct,classical_01,classical,R,time_stretch,-20.0,0.996247,0.861653,0.914808,0.068699
classical_01::time_stretch::-10pct,classical_01,classical,R,time_stretch,-10.0,0.997108,0.898333,0.899642,0.032955
classical_01::time_stretch::-5pct,classical_01,classical,R,time_stretch,-5.0,0.998156,0.932403,0.907294,0.048230
classical_01::time_stretch::+5pct,classical_01,classical,R,time_stretch,5.0,0.997116,0.908869,0.932434,0.040000
classical_01::time_stretch::+10pct,classical_01,classical,R,time_stretch,10.0,0.995629,0.883222,0.913560,0.033113
classical_01::time_stretch::+20pct,classical_01,classical,R,time_stretch,20.0,0.993441,0.848716,0.887090,0.053291
classical_01::lowpass::lp8000,classical_01,classical,T,lowpass,8000.0,1.000000,0.818931,0.998947,0.005479
classical_01::lowpass::lp4000,classical_01,classical,T,lowpass,4000.0,0.999999,0.583820,0.984677,-0.005989
classical_01::lowpass::lp2000,classical_01,classical,T,lowpass,2000.0,0.999966,0.484488,0.982548,-0.046777
classical_01::distortion::drv4,classical_01,classical,T,distortion,4.0,0.999999,0.939767,0.999491,-0.004976
classical_01::distortion::drv12,classical_01,classical,T,distortion,12.0,0.999808,0.741768,0.993548,-0.041358
classical_01::distortion::drv32,classical_01,classical,T,distortion,32.0,0.997670,0.597949,0.984828,-0.083919
classical_01::style_swap::swap_cross,classical_01,classical,S,style_swap,nan,0.756144,0.384217,0.934590,-0.182371
classical_01::style_swap::swap_same,classical_01,classical,S,style_swap,nan,0.845911,0.516402,0.904931,-0.117475
classical_02::control::ctrl,classical_02,classical,control,control,0.0,1.000000,1.000000,1.000000,0.000000
classical_02::pitch_shift::-4st,classical_02,classical,H,pitch_shift,-4.0,0.876858,0.519232,0.992366,-0.040885
classical_02::pitch_shift::-2st,classical_02,classical,H,pitch_shift,-2.0,0.854270,0.672519,0.994177,-0.075936
classical_02::pitch_shift::-1st,classical_02,classical,H,pitch_shift,-1.0,0.860895,0.783541,0.994913,-0.053006
classical_02::pitch_shift::+1st,classical_02,classical,H,pitch_shift,1.0,0.855980,0.795642,0.993839,-0.050885
classical_02::pitch_shift::+2st,classical_02,classical,H,pitch_shift,2.0,0.855895,0.689406,0.992812,-0.038735
classical_02::pitch_shift::+4st,classical_02,classical,H,pitch_shift,4.0,0.861920,0.579241,0.990348,-0.077930
classical_02::time_stretch::-20pct,classical_02,classical,R,time_stretch,-20.0,0.998915,0.795302,0.907132,0.005969
classical_02::time_stretch::-10pct,classical_02,classical,R,time_stretch,-10.0,0.998979,0.792034,0.916513,0.000000
classical_02::time_stretch::-5pct,classical_02,classical,R,time_stretch,-5.0,0.992919,0.828905,0.921832,-0.011908
classical_02::time_stretch::+5pct,classical_02,classical,R,time_stretch,5.0,0.999822,0.898014,0.923681,-0.014296
classical_02::time_stretch::+10pct,classical_02,classical,R,time_stretch,10.0,0.999419,0.886192,0.907166,-0.043565
classical_02::time_stretch::+20pct,classical_02,classical,R,time_stretch,20.0,0.994589,0.865308,0.917850,-0.031275
classical_02::lowpass::lp8000,classical_02,classical,T,lowpass,8000.0,1.000000,0.540419,0.998866,-0.009476
classical_02::lowpass::lp4000,classical_02,classical,T,lowpass,4000.0,0.996767,0.498750,0.996442,-0.027018
classical_02::lowpass::lp2000,classical_02,classical,T,lowpass,2000.0,0.999545,0.435651,0.992241,-0.035761
classical_02::distortion::drv4,classical_02,classical,T,distortion,4.0,1.000000,0.971852,0.999929,-0.011162
classical_02::distortion::drv12,classical_02,classical,T,distortion,12.0,0.999950,0.833633,0.998966,-0.014604
classical_02::distortion::drv32,classical_02,classical,T,distortion,32.0,0.992631,0.649915,0.994843,-0.058155
classical_02::style_swap::swap_cross,classical_02,classical,S,style_swap,nan,0.867470,0.357396,0.917488,-0.302317
classical_02::style_swap::swap_same,classical_02,classical,S,style_swap,nan,0.942536,0.471134,0.900222,-0.105515
classical_03::control::ctrl,classical_03,classical,control,control,0.0,1.000000,0.999997,1.000000,0.000000
classical_03::pitch_shift::-4st,classical_03,classical,H,pitch_shift,-4.0,0.750486,0.581610,0.880385,-0.045175
classical_03::pitch_shift::-2st,classical_03,classical,H,pitch_shift,-2.0,0.784584,0.716112,0.874670,-0.029547
classical_03::pitch_shift::-1st,classical_03,classical,H,pitch_shift,-1.0,0.684936,0.823785,0.989732,-0.041700
classical_03::pitch_shift::+1st,classical_03,classical,H,pitch_shift,1.0,0.685355,0.815827,0.989258,-0.006237
classical_03::pitch_shift::+2st,classical_03,classical,H,pitch_shift,2.0,0.779941,0.714954,0.881136,-0.037245
classical_03::pitch_shift::+4st,classical_03,classical,H,pitch_shift,4.0,0.757959,0.595320,0.863607,-0.058876
classical_03::time_stretch::-20pct,classical_03,classical,R,time_stretch,-20.0,0.988867,0.715848,0.829220,-0.012700
classical_03::time_stretch::-10pct,classical_03,classical,R,time_stretch,-10.0,0.994111,0.825710,0.831412,-0.017211
classical_03::time_stretch::-5pct,classical_03,classical,R,time_stretch,-5.0,0.998174,0.900534,0.793413,-0.009423
classical_03::time_stretch::+5pct,classical_03,classical,R,time_stretch,5.0,0.997193,0.892898,0.775429,-0.015830
classical_03::time_stretch::+10pct,classical_03,classical,R,time_stretch,10.0,0.992930,0.888176,0.812694,-0.010416
classical_03::time_stretch::+20pct,classical_03,classical,R,time_stretch,20.0,0.983839,0.850548,0.766852,-0.037149
classical_03::lowpass::lp8000,classical_03,classical,T,lowpass,8000.0,1.000000,0.987020,0.999866,0.005281
classical_03::lowpass::lp4000,classical_03,classical,T,lowpass,4000.0,1.000000,0.981225,0.999840,0.014194
classical_03::lowpass::lp2000,classical_03,classical,T,lowpass,2000.0,1.000000,0.956241,0.999435,0.019248
classical_03::distortion::drv4,classical_03,classical,T,distortion,4.0,1.000000,0.963296,0.998157,-0.007277
classical_03::distortion::drv12,classical_03,classical,T,distortion,12.0,0.999997,0.820762,0.992396,-0.031229
classical_03::distortion::drv32,classical_03,classical,T,distortion,32.0,0.999737,0.639981,0.892109,-0.118040
classical_03::style_swap::swap_cross,classical_03,classical,S,style_swap,nan,0.876702,0.363711,0.767462,-0.249783
classical_03::style_swap::swap_same,classical_03,classical,S,style_swap,nan,0.791802,0.405002,0.900865,-0.174561
classical_04::control::ctrl,classical_04,classical,control,control,0.0,1.000000,1.000000,1.000000,0.000000
classical_04::pitch_shift::-4st,classical_04,classical,H,pitch_shift,-4.0,0.902721,0.521585,0.984788,-0.127060
classical_04::pitch_shift::-2st,classical_04,classical,H,pitch_shift,-2.0,0.902272,0.678855,0.987639,-0.051352
classical_04::pitch_shift::-1st,classical_04,classical,H,pitch_shift,-1.0,0.881021,0.787717,0.988960,0.005839
classical_04::pitch_shift::+1st,classical_04,classical,H,pitch_shift,1.0,0.878067,0.802675,0.986214,-0.025709
classical_04::pitch_shift::+2st,classical_04,classical,H,pitch_shift,2.0,0.905087,0.681803,0.982374,0.020932
classical_04::pitch_shift::+4st,classical_04,classical,H,pitch_shift,4.0,0.908763,0.550489,0.974613,-0.048902
classical_04::time_stretch::-20pct,classical_04,classical,R,time_stretch,-20.0,0.998906,0.885519,0.682633,-0.003293
classical_04::time_stretch::-10pct,classical_04,classical,R,time_stretch,-10.0,0.999131,0.906359,0.744330,0.002011
classical_04::time_stretch::-5pct,classical_04,classical,R,time_stretch,-5.0,0.999511,0.907233,0.799437,0.006398
classical_04::time_stretch::+5pct,classical_04,classical,R,time_stretch,5.0,0.999458,0.886120,0.663581,0.014102
classical_04::time_stretch::+10pct,classical_04,classical,R,time_stretch,10.0,0.998985,0.880722,0.671884,0.021968
classical_04::time_stretch::+20pct,classical_04,classical,R,time_stretch,20.0,0.998412,0.871281,0.675436,-0.016708
classical_04::lowpass::lp8000,classical_04,classical,T,lowpass,8000.0,0.999962,0.494824,0.956801,0.010029
classical_04::lowpass::lp4000,classical_04,classical,T,lowpass,4000.0,0.999988,0.451422,0.946613,-0.075899
classical_04::lowpass::lp2000,classical_04,classical,T,lowpass,2000.0,0.999784,0.424381,0.776986,-0.075460
classical_04::distortion::drv4,classical_04,classical,T,distortion,4.0,0.998683,0.915623,0.998689,-0.010036
classical_04::distortion::drv12,classical_04,classical,T,distortion,12.0,0.999733,0.727059,0.990520,-0.029890
classical_04::distortion::drv32,classical_04,classical,T,distortion,32.0,0.997847,0.596923,0.933518,-0.112836
classical_04::style_swap::swap_cross,classical_04,classical,S,style_swap,nan,0.718854,0.437217,0.680685,-0.172428
classical_04::style_swap::swap_same,classical_04,classical,S,style_swap,nan,0.865958,0.423247,0.690669,-0.133698
classical_05::control::ctrl,classical_05,classical,control,control,0.0,1.000000,1.000000,1.000000,0.000000
classical_05::pitch_shift::-4st,classical_05,classical,H,pitch_shift,-4.0,0.826430,0.543608,0.986932,-0.166349
classical_05::pitch_shift::-2st,classical_05,classical,H,pitch_shift,-2.0,0.931116,0.681547,0.991416,-0.050699
classical_05::pitch_shift::-1st,classical_05,classical,H,pitch_shift,-1.0,0.780394,0.785340,0.993429,-0.207942
classical_05::pitch_shift::+1st,classical_05,classical,H,pitch_shift,1.0,0.780385,0.799396,0.991523,-0.081118
classical_05::pitch_shift::+2st,classical_05,classical,H,pitch_shift,2.0,0.917132,0.678307,0.986772,-0.107034
classical_05::pitch_shift::+4st,classical_05,classical,H,pitch_shift,4.0,0.815830,0.558801,0.972734,-0.256265
classical_05::time_stretch::-20pct,classical_05,classical,R,time_stretch,-20.0,0.994855,0.836550,0.518477,-0.014919
classical_05::time_stretch::-10pct,classical_05,classical,R,time_stretch,-10.0,0.997507,0.893827,0.612752,-0.015611
classical_05::time_stretch::-5pct,classical_05,classical,R,time_stretch,-5.0,0.998375,0.920109,0.697140,-0.001953
classical_05::time_stretch::+5pct,classical_05,classical,R,time_stretch,5.0,0.997909,0.917585,0.699425,0.006949
classical_05::time_stretch::+10pct,classical_05,classical,R,time_stretch,10.0,0.997040,0.901905,0.634037,-0.016124
classical_05::time_stretch::+20pct,classical_05,classical,R,time_stretch,20.0,0.995403,0.882352,0.540177,0.000593
classical_05::lowpass::lp8000,classical_05,classical,T,lowpass,8000.0,0.999994,0.555207,0.997365,0.001794
classical_05::lowpass::lp4000,classical_05,classical,T,lowpass,4000.0,0.999994,0.424309,0.988053,-0.061345
classical_05::lowpass::lp2000,classical_05,classical,T,lowpass,2000.0,0.999981,0.420024,0.975184,-0.051709
classical_05::distortion::drv4,classical_05,classical,T,distortion,4.0,0.999044,0.611597,0.988815,-0.103360
classical_05::distortion::drv12,classical_05,classical,T,distortion,12.0,0.995044,0.453771,0.963500,-0.223842
classical_05::distortion::drv32,classical_05,classical,T,distortion,32.0,0.992742,0.462087,0.937098,-0.266177
classical_05::style_swap::swap_cross,classical_05,classical,S,style_swap,nan,0.834885,0.443612,0.697140,-0.271002
classical_05::style_swap::swap_same,classical_05,classical,S,style_swap,nan,0.942535,0.470888,0.630491,-0.234586
classical_06::control::ctrl,classical_06,classical,control,control,0.0,1.000000,1.000000,1.000000,0.000000
classical_06::pitch_shift::-4st,classical_06,classical,H,pitch_shift,-4.0,0.734047,0.709554,0.989257,-0.013738
classical_06::pitch_shift::-2st,classical_06,classical,H,pitch_shift,-2.0,0.825350,0.804681,0.991395,0.002513
classical_06::pitch_shift::-1st,classical_06,classical,H,pitch_shift,-1.0,0.741674,0.851268,0.992159,0.032026
classical_06::pitch_shift::+1st,classical_06,classical,H,pitch_shift,1.0,0.777363,0.866080,0.943706,0.055592
classical_06::pitch_shift::+2st,classical_06,classical,H,pitch_shift,2.0,0.852149,0.794743,0.965252,-0.020206
classical_06::pitch_shift::+4st,classical_06,classical,H,pitch_shift,4.0,0.760496,0.657445,0.963410,0.040707
classical_06::time_stretch::-20pct,classical_06,classical,R,time_stretch,-20.0,0.988067,0.687602,0.834439,-0.030408
classical_06::time_stretch::-10pct,classical_06,classical,R,time_stretch,-10.0,0.993930,0.845693,0.902673,0.006489
classical_06::time_stretch::-5pct,classical_06,classical,R,time_stretch,-5.0,0.997987,0.879530,0.930268,0.041002
classical_06::time_stretch::+5pct,classical_06,classical,R,time_stretch,5.0,0.997436,0.871008,0.929823,0.012691
classical_06::time_stretch::+10pct,classical_06,classical,R,time_stretch,10.0,0.986519,0.892624,0.883941,0.006574
classical_06::time_stretch::+20pct,classical_06,classical,R,time_stretch,20.0,0.985704,0.848804,0.887923,-0.015405
classical_06::lowpass::lp8000,classical_06,classical,T,lowpass,8000.0,0.999344,0.847287,0.999466,0.012854
classical_06::lowpass::lp4000,classical_06,classical,T,lowpass,4000.0,0.998589,0.628359,0.997548,-0.033425
classical_06::lowpass::lp2000,classical_06,classical,T,lowpass,2000.0,0.999230,0.529815,0.993118,-0.077148
classical_06::distortion::drv4,classical_06,classical,T,distortion,4.0,0.999532,0.849352,0.985212,-0.002232
classical_06::distortion::drv12,classical_06,classical,T,distortion,12.0,0.994831,0.648839,0.949694,-0.142740
classical_06::distortion::drv32,classical_06,classical,T,distortion,32.0,0.989607,0.587683,0.942812,-0.239382
classical_06::style_swap::swap_cross,classical_06,classical,S,style_swap,nan,0.860518,0.472724,0.758398,-0.133967
classical_06::style_swap::swap_same,classical_06,classical,S,style_swap,nan,0.818979,0.522514,0.856778,0.023031
classical_07::control::ctrl,classical_07,classical,control,control,0.0,1.000000,1.000000,1.000000,0.000000
classical_07::pitch_shift::-4st,classical_07,classical,H,pitch_shift,-4.0,0.757308,0.547150,0.992228,-0.092517
classical_07::pitch_shift::-2st,classical_07,classical,H,pitch_shift,-2.0,0.520474,0.674674,0.997295,-0.064604
classical_07::pitch_shift::-1st,classical_07,classical,H,pitch_shift,-1.0,0.613616,0.808642,0.998706,-0.029070
classical_07::pitch_shift::+1st,classical_07,classical,H,pitch_shift,1.0,0.608660,0.788862,0.979739,-0.024871
classical_07::pitch_shift::+2st,classical_07,classical,H,pitch_shift,2.0,0.502097,0.669379,0.975721,-0.095175
classical_07::pitch_shift::+4st,classical_07,classical,H,pitch_shift,4.0,0.742213,0.536622,0.967458,-0.072462
classical_07::time_stretch::-20pct,classical_07,classical,R,time_stretch,-20.0,0.988439,0.818068,0.735008,0.012897
classical_07::time_stretch::-10pct,classical_07,classical,R,time_stretch,-10.0,0.999372,0.892039,0.779972,0.031948
classical_07::time_stretch::-5pct,classical_07,classical,R,time_stretch,-5.0,0.999394,0.928397,0.796430,0.016020
classical_07::time_stretch::+5pct,classical_07,classical,R,time_stretch,5.0,0.998852,0.893700,0.819091,0.015387
classical_07::time_stretch::+10pct,classical_07,classical,R,time_stretch,10.0,0.997609,0.865240,0.775110,-0.017381
classical_07::time_stretch::+20pct,classical_07,classical,R,time_stretch,20.0,0.994535,0.846588,0.725697,-0.000069
classical_07::lowpass::lp8000,classical_07,classical,T,lowpass,8000.0,1.000000,0.887378,0.999931,0.011602
classical_07::lowpass::lp4000,classical_07,classical,T,lowpass,4000.0,0.999998,0.675770,0.999563,0.019327
classical_07::lowpass::lp2000,classical_07,classical,T,lowpass,2000.0,0.999805,0.529654,0.997893,-0.041352
classical_07::distortion::drv4,classical_07,classical,T,distortion,4.0,0.999686,0.830664,0.999399,0.006006
classical_07::distortion::drv12,classical_07,classical,T,distortion,12.0,0.997603,0.688581,0.997957,-0.045196
classical_07::distortion::drv32,classical_07,classical,T,distortion,32.0,0.991400,0.600469,0.995059,-0.147636
classical_07::style_swap::swap_cross,classical_07,classical,S,style_swap,nan,0.561467,0.441637,0.729005,-0.074298
classical_07::style_swap::swap_same,classical_07,classical,S,style_swap,nan,0.900928,0.479527,0.776503,-0.092167
classical_08::control::ctrl,classical_08,classical,control,control,0.0,1.000000,0.999999,1.000000,0.000000
classical_08::pitch_shift::-4st,classical_08,classical,H,pitch_shift,-4.0,0.664641,0.515556,0.969442,-0.146256
classical_08::pitch_shift::-2st,classical_08,classical,H,pitch_shift,-2.0,0.587997,0.626644,0.971744,-0.145599
classical_08::pitch_shift::-1st,classical_08,classical,H,pitch_shift,-1.0,0.621717,0.742298,0.973566,-0.055828
classical_08::pitch_shift::+1st,classical_08,classical,H,pitch_shift,1.0,0.638426,0.714910,0.992626,-0.042727
classical_08::pitch_shift::+2st,classical_08,classical,H,pitch_shift,2.0,0.581754,0.619610,0.981229,-0.083698
classical_08::pitch_shift::+4st,classical_08,classical,H,pitch_shift,4.0,0.644201,0.475109,0.978376,-0.064909
classical_08::time_stretch::-20pct,classical_08,classical,R,time_stretch,-20.0,0.992931,0.816711,0.907733,-0.022047
classical_08::time_stretch::-10pct,classical_08,classical,R,time_stretch,-10.0,0.998571,0.876612,0.909192,-0.021609
classical_08::time_stretch::-5pct,classical_08,classical,R,time_stretch,-5.0,0.998955,0.835725,0.933794,-0.005636
classical_08::time_stretch::+5pct,classical_08,classical,R,time_stretch,5.0,0.998499,0.862341,0.945829,-0.017693
classical_08::time_stretch::+10pct,classical_08,classical,R,time_stretch,10.0,0.998927,0.886902,0.931894,-0.036582
classical_08::time_stretch::+20pct,classical_08,classical,R,time_stretch,20.0,0.997634,0.867187,0.913347,-0.065197
classical_08::lowpass::lp8000,classical_08,classical,T,lowpass,8000.0,0.999998,0.958808,0.999964,0.002377
classical_08::lowpass::lp4000,classical_08,classical,T,lowpass,4000.0,0.999966,0.949259,0.999725,0.011676
classical_08::lowpass::lp2000,classical_08,classical,T,lowpass,2000.0,0.999991,0.464655,0.978766,-0.040773
classical_08::distortion::drv4,classical_08,classical,T,distortion,4.0,0.998720,0.573731,0.982074,-0.063989
classical_08::distortion::drv12,classical_08,classical,T,distortion,12.0,0.984657,0.414515,0.972304,-0.301640
classical_08::distortion::drv32,classical_08,classical,T,distortion,32.0,0.967876,0.408195,0.979024,-0.415480
classical_08::style_swap::swap_cross,classical_08,classical,S,style_swap,nan,0.809106,0.416323,0.888815,-0.246203
classical_08::style_swap::swap_same,classical_08,classical,S,style_swap,nan,0.809079,0.380344,0.901239,-0.183412
classical_09::control::ctrl,classical_09,classical,control,control,0.0,1.000000,1.000000,1.000000,0.000000
classical_09::pitch_shift::-4st,classical_09,classical,H,pitch_shift,-4.0,0.848484,0.621390,0.993900,-0.123158
classical_09::pitch_shift::-2st,classical_09,classical,H,pitch_shift,-2.0,0.849070,0.726420,0.998179,-0.082830
classical_09::pitch_shift::-1st,classical_09,classical,H,pitch_shift,-1.0,0.806949,0.815983,0.999191,-0.073342
classical_09::pitch_shift::+1st,classical_09,classical,H,pitch_shift,1.0,0.799052,0.796756,0.998331,-0.091841
classical_09::pitch_shift::+2st,classical_09,classical,H,pitch_shift,2.0,0.834523,0.710134,0.985918,-0.089052
classical_09::pitch_shift::+4st,classical_09,classical,H,pitch_shift,4.0,0.827255,0.589200,0.978983,-0.129874
classical_09::time_stretch::-20pct,classical_09,classical,R,time_stretch,-20.0,0.990624,0.873693,0.830187,-0.024493
classical_09::time_stretch::-10pct,classical_09,classical,R,time_stretch,-10.0,0.995723,0.889188,0.863127,-0.002458
classical_09::time_stretch::-5pct,classical_09,classical,R,time_stretch,-5.0,0.998329,0.892037,0.810619,0.021996
classical_09::time_stretch::+5pct,classical_09,classical,R,time_stretch,5.0,0.999145,0.897279,0.883333,0.044963
classical_09::time_stretch::+10pct,classical_09,classical,R,time_stretch,10.0,0.998595,0.891376,0.860268,0.009077
classical_09::time_stretch::+20pct,classical_09,classical,R,time_stretch,20.0,0.995937,0.855297,0.832433,0.028192
classical_09::lowpass::lp8000,classical_09,classical,T,lowpass,8000.0,1.000000,0.849612,0.999888,0.002020
classical_09::lowpass::lp4000,classical_09,classical,T,lowpass,4000.0,0.999999,0.586038,0.988682,0.035715
classical_09::lowpass::lp2000,classical_09,classical,T,lowpass,2000.0,0.999940,0.479378,0.987621,-0.048617
classical_09::distortion::drv4,classical_09,classical,T,distortion,4.0,0.999633,0.807796,0.999539,-0.084526
classical_09::distortion::drv12,classical_09,classical,T,distortion,12.0,0.996819,0.633971,0.998562,-0.124439
classical_09::distortion::drv32,classical_09,classical,T,distortion,32.0,0.991088,0.528820,0.996440,-0.120191
classical_09::style_swap::swap_cross,classical_09,classical,S,style_swap,nan,0.897722,0.377306,0.883131,-0.326117
classical_09::style_swap::swap_same,classical_09,classical,S,style_swap,nan,0.818171,0.530727,0.816501,-0.246839
classical_10::control::ctrl,classical_10,classical,control,control,0.0,1.000000,1.000000,1.000000,0.000000
classical_10::pitch_shift::-4st,classical_10,classical,H,pitch_shift,-4.0,0.719316,0.613257,0.996571,-0.135177
classical_10::pitch_shift::-2st,classical_10,classical,H,pitch_shift,-2.0,0.685240,0.751635,0.999044,-0.130609
classical_10::pitch_shift::-1st,classical_10,classical,H,pitch_shift,-1.0,0.599660,0.837629,0.999692,-0.125785
classical_10::pitch_shift::+1st,classical_10,classical,H,pitch_shift,1.0,0.596098,0.856862,0.999193,-0.134820
classical_10::pitch_shift::+2st,classical_10,classical,H,pitch_shift,2.0,0.662931,0.773538,0.998085,-0.100367
classical_10::pitch_shift::+4st,classical_10,classical,H,pitch_shift,4.0,0.728684,0.641817,0.994792,-0.133918
classical_10::time_stretch::-20pct,classical_10,classical,R,time_stretch,-20.0,0.988448,0.828432,0.928726,-0.029994
classical_10::time_stretch::-10pct,classical_10,classical,R,time_stretch,-10.0,0.994966,0.873206,0.919240,-0.034589
classical_10::time_stretch::-5pct,classical_10,classical,R,time_stretch,-5.0,0.998605,0.921652,0.936839,-0.024965
classical_10::time_stretch::+5pct,classical_10,classical,R,time_stretch,5.0,0.998265,0.933004,0.936183,-0.037313
classical_10::time_stretch::+10pct,classical_10,classical,R,time_stretch,10.0,0.996293,0.897087,0.922251,-0.038606
classical_10::time_stretch::+20pct,classical_10,classical,R,time_stretch,20.0,0.993271,0.850048,0.904104,-0.042808
classical_10::lowpass::lp8000,classical_10,classical,T,lowpass,8000.0,1.000000,0.870783,0.999954,0.000000
classical_10::lowpass::lp4000,classical_10,classical,T,lowpass,4000.0,0.999993,0.652280,0.999774,-0.029533
classical_10::lowpass::lp2000,classical_10,classical,T,lowpass,2000.0,0.999819,0.536521,0.999236,-0.069009
classical_10::distortion::drv4,classical_10,classical,T,distortion,4.0,0.999561,0.723807,0.999312,-0.056900
classical_10::distortion::drv12,classical_10,classical,T,distortion,12.0,0.994965,0.593012,0.998199,-0.149631
classical_10::distortion::drv32,classical_10,classical,T,distortion,32.0,0.986273,0.550736,0.994871,-0.220191
classical_10::style_swap::swap_cross,classical_10,classical,S,style_swap,nan,0.647722,0.481486,0.954542,-0.234484
classical_10::style_swap::swap_same,classical_10,classical,S,style_swap,nan,0.904747,0.493142,0.904104,-0.098611
classical_11::control::ctrl,classical_11,classical,control,control,0.0,1.000000,1.000000,1.000000,0.000000
classical_11::pitch_shift::-4st,classical_11,classical,H,pitch_shift,-4.0,0.642501,0.618023,0.972449,-0.121627
classical_11::pitch_shift::-2st,classical_11,classical,H,pitch_shift,-2.0,0.657320,0.682140,0.992606,-0.076991
classical_11::pitch_shift::-1st,classical_11,classical,H,pitch_shift,-1.0,0.605818,0.790484,0.993602,-0.134086
classical_11::pitch_shift::+1st,classical_11,classical,H,pitch_shift,1.0,0.643472,0.770137,0.976207,-0.097586
classical_11::pitch_shift::+2st,classical_11,classical,H,pitch_shift,2.0,0.649417,0.677590,0.958712,-0.137158
classical_11::pitch_shift::+4st,classical_11,classical,H,pitch_shift,4.0,0.743976,0.586582,0.957887,-0.116500
classical_11::time_stretch::-20pct,classical_11,classical,R,time_stretch,-20.0,0.994939,0.797311,0.855067,0.007039
classical_11::time_stretch::-10pct,classical_11,classical,R,time_stretch,-10.0,0.999227,0.866217,0.878218,-0.025285
classical_11::time_stretch::-5pct,classical_11,classical,R,time_stretch,-5.0,0.998653,0.883111,0.877093,-0.019912
classical_11::time_stretch::+5pct,classical_11,classical,R,time_stretch,5.0,0.999364,0.868967,0.875962,-0.009144
classical_11::time_stretch::+10pct,classical_11,classical,R,time_stretch,10.0,0.999058,0.854528,0.845182,-0.021776
classical_11::time_stretch::+20pct,classical_11,classical,R,time_stretch,20.0,0.994512,0.838834,0.813344,0.000877
classical_11::lowpass::lp8000,classical_11,classical,T,lowpass,8000.0,1.000000,0.994813,0.999996,-0.003863
classical_11::lowpass::lp4000,classical_11,classical,T,lowpass,4000.0,1.000000,0.824765,0.999765,-0.001013
classical_11::lowpass::lp2000,classical_11,classical,T,lowpass,2000.0,0.999993,0.595429,0.980281,-0.000522
classical_11::distortion::drv4,classical_11,classical,T,distortion,4.0,0.999950,0.879138,0.981273,-0.021536
classical_11::distortion::drv12,classical_11,classical,T,distortion,12.0,0.998640,0.680252,0.978224,-0.054058
classical_11::distortion::drv32,classical_11,classical,T,distortion,32.0,0.992478,0.554525,0.975510,-0.123524
classical_11::style_swap::swap_cross,classical_11,classical,S,style_swap,nan,0.885847,0.394578,0.790832,-0.241478
classical_11::style_swap::swap_same,classical_11,classical,S,style_swap,nan,0.759333,0.423632,0.821256,-0.227859
classical_12::control::ctrl,classical_12,classical,control,control,0.0,1.000000,1.000000,1.000000,0.000000
classical_12::pitch_shift::-4st,classical_12,classical,H,pitch_shift,-4.0,0.747931,0.570972,0.978486,-0.032711
classical_12::pitch_shift::-2st,classical_12,classical,H,pitch_shift,-2.0,0.756959,0.699857,0.992407,-0.016621
classical_12::pitch_shift::-1st,classical_12,classical,H,pitch_shift,-1.0,0.811395,0.763160,0.980892,-0.016976
classical_12::pitch_shift::+1st,classical_12,classical,H,pitch_shift,1.0,0.826522,0.787238,0.980996,-0.016054
classical_12::pitch_shift::+2st,classical_12,classical,H,pitch_shift,2.0,0.760980,0.698835,0.980185,-0.031336
classical_12::pitch_shift::+4st,classical_12,classical,H,pitch_shift,4.0,0.731961,0.588650,0.979340,-0.017766
classical_12::time_stretch::-20pct,classical_12,classical,R,time_stretch,-20.0,0.990284,0.798351,0.933391,-0.008418
classical_12::time_stretch::-10pct,classical_12,classical,R,time_stretch,-10.0,0.997870,0.844924,0.913189,0.002328
classical_12::time_stretch::-5pct,classical_12,classical,R,time_stretch,-5.0,0.994681,0.814766,0.932131,-0.005940
classical_12::time_stretch::+5pct,classical_12,classical,R,time_stretch,5.0,0.998851,0.810938,0.922905,-0.002454
classical_12::time_stretch::+10pct,classical_12,classical,R,time_stretch,10.0,0.998697,0.850112,0.903186,-0.016211
classical_12::time_stretch::+20pct,classical_12,classical,R,time_stretch,20.0,0.996399,0.844450,0.937503,-0.019788
classical_12::lowpass::lp8000,classical_12,classical,T,lowpass,8000.0,1.000000,0.813922,0.999443,0.002945
classical_12::lowpass::lp4000,classical_12,classical,T,lowpass,4000.0,0.999999,0.509594,0.997705,-0.025009
classical_12::lowpass::lp2000,classical_12,classical,T,lowpass,2000.0,0.999364,0.414133,0.982570,-0.044596
classical_12::distortion::drv4,classical_12,classical,T,distortion,4.0,0.999485,0.911366,0.999450,-0.008760
classical_12::distortion::drv12,classical_12,classical,T,distortion,12.0,0.997929,0.706351,0.994833,-0.011820
classical_12::distortion::drv32,classical_12,classical,T,distortion,32.0,0.995035,0.553799,0.972473,-0.112367
classical_12::style_swap::swap_cross,classical_12,classical,S,style_swap,nan,0.970511,0.410347,0.912900,-0.295151
classical_12::style_swap::swap_same,classical_12,classical,S,style_swap,nan,0.654856,0.484040,0.888062,-0.236122
classical_13::control::ctrl,classical_13,classical,control,control,0.0,1.000000,1.000000,1.000000,0.000000
classical_13::pitch_shift::-4st,classical_13,classical,H,pitch_shift,-4.0,0.841447,0.546578,0.959818,-0.051396
classical_13::pitch_shift::-2st,classical_13,classical,H,pitch_shift,-2.0,0.861788,0.651564,0.941685,0.007707
classical_13::pitch_shift::-1st,classical_13,classical,H,pitch_shift,-1.0,0.824119,0.743943,0.996646,-0.054195
classical_13::pitch_shift::+1st,classical_13,classical,H,pitch_shift,1.0,0.850080,0.740670,0.941965,-0.037546
classical_13::pitch_shift::+2st,classical_13,classical,H,pitch_shift,2.0,0.876210,0.648844,0.964592,-0.019436
classical_13::pitch_shift::+4st,classical_13,classical,H,pitch_shift,4.0,0.872449,0.520474,0.953447,-0.016771
classical_13::time_stretch::-20pct,classical_13,classical,R,time_stretch,-20.0,0.986721,0.770048,0.823150,-0.017395
classical_13::time_stretch::-10pct,classical_13,classical,R,time_stretch,-10.0,0.998976,0.803878,0.789474,-0.025843
classical_13::time_stretch::-5pct,classical_13,classical,R,time_stretch,-5.0,0.996779,0.807893,0.875686,-0.018452
classical_13::time_stretch::+5pct,classical_13,classical,R,time_stretch,5.0,0.999114,0.809798,0.845987,0.004837
classical_13::time_stretch::+10pct,classical_13,classical,R,time_stretch,10.0,0.997000,0.820004,0.846581,-0.001802
classical_13::time_stretch::+20pct,classical_13,classical,R,time_stretch,20.0,0.995832,0.785364,0.803940,-0.011389
classical_13::lowpass::lp8000,classical_13,classical,T,lowpass,8000.0,1.000000,0.803034,0.948103,-0.002600
classical_13::lowpass::lp4000,classical_13,classical,T,lowpass,4000.0,0.999998,0.652771,0.947634,0.012901
classical_13::lowpass::lp2000,classical_13,classical,T,lowpass,2000.0,0.999967,0.484745,0.998230,-0.039211
classical_13::distortion::drv4,classical_13,classical,T,distortion,4.0,0.999999,0.977887,0.948413,0.010212
classical_13::distortion::drv12,classical_13,classical,T,distortion,12.0,0.999983,0.874877,0.948076,-0.000845
classical_13::distortion::drv32,classical_13,classical,T,distortion,32.0,0.999935,0.698620,0.946360,-0.008010
classical_13::style_swap::swap_cross,classical_13,classical,S,style_swap,nan,0.938630,0.407658,0.735857,-0.182071
classical_13::style_swap::swap_same,classical_13,classical,S,style_swap,nan,0.850502,0.408574,0.846581,-0.032960
classical_14::control::ctrl,classical_14,classical,control,control,0.0,1.000000,0.999998,1.000000,0.000000
classical_14::pitch_shift::-4st,classical_14,classical,H,pitch_shift,-4.0,0.707259,0.577600,0.925485,-0.076345
classical_14::pitch_shift::-2st,classical_14,classical,H,pitch_shift,-2.0,0.827977,0.711373,0.930529,-0.034222
classical_14::pitch_shift::-1st,classical_14,classical,H,pitch_shift,-1.0,0.691512,0.818130,0.996100,-0.012532
classical_14::pitch_shift::+1st,classical_14,classical,H,pitch_shift,1.0,0.706686,0.815906,0.970565,-0.031137
classical_14::pitch_shift::+2st,classical_14,classical,H,pitch_shift,2.0,0.833162,0.710529,0.969537,-0.015627
classical_14::pitch_shift::+4st,classical_14,classical,H,pitch_shift,4.0,0.718171,0.575755,0.964863,-0.075373
classical_14::time_stretch::-20pct,classical_14,classical,R,time_stretch,-20.0,0.993734,0.822093,0.707227,-0.016831
classical_14::time_stretch::-10pct,classical_14,classical,R,time_stretch,-10.0,0.997701,0.894413,0.771094,-0.011291
classical_14::time_stretch::-5pct,classical_14,classical,R,time_stretch,-5.0,0.998546,0.905012,0.784914,-0.011579
classical_14::time_stretch::+5pct,classical_14,classical,R,time_stretch,5.0,0.998630,0.892132,0.873351,0.005789
classical_14::time_stretch::+10pct,classical_14,classical,R,time_stretch,10.0,0.996972,0.895697,0.825731,0.010903
classical_14::time_stretch::+20pct,classical_14,classical,R,time_stretch,20.0,0.989969,0.860611,0.828963,-0.011046
classical_14::lowpass::lp8000,classical_14,classical,T,lowpass,8000.0,1.000000,0.984898,0.999993,-0.000610
classical_14::lowpass::lp4000,classical_14,classical,T,lowpass,4000.0,1.000000,0.941421,0.999910,-0.004186
classical_14::lowpass::lp2000,classical_14,classical,T,lowpass,2000.0,0.999999,0.586043,0.998457,0.004869
classical_14::distortion::drv4,classical_14,classical,T,distortion,4.0,0.999914,0.742818,0.996099,-0.098153
classical_14::distortion::drv12,classical_14,classical,T,distortion,12.0,0.998441,0.574651,0.988334,-0.283457
classical_14::distortion::drv32,classical_14,classical,T,distortion,32.0,0.992250,0.502599,0.982553,-0.365274
classical_14::style_swap::swap_cross,classical_14,classical,S,style_swap,nan,0.872103,0.345070,0.760395,-0.261749
classical_14::style_swap::swap_same,classical_14,classical,S,style_swap,nan,0.825374,0.443807,0.748870,-0.338998
classical_15::control::ctrl,classical_15,classical,control,control,0.0,1.000000,1.000000,1.000000,0.000000
classical_15::pitch_shift::-4st,classical_15,classical,H,pitch_shift,-4.0,0.956041,0.512082,0.985633,0.035418
classical_15::pitch_shift::-2st,classical_15,classical,H,pitch_shift,-2.0,0.968745,0.686166,0.996111,0.034108
classical_15::pitch_shift::-1st,classical_15,classical,H,pitch_shift,-1.0,0.981113,0.817315,0.996356,0.000197
classical_15::pitch_shift::+1st,classical_15,classical,H,pitch_shift,1.0,0.983307,0.816304,0.995383,-0.017574
classical_15::pitch_shift::+2st,classical_15,classical,H,pitch_shift,2.0,0.973490,0.679885,0.994851,-0.013286
classical_15::pitch_shift::+4st,classical_15,classical,H,pitch_shift,4.0,0.967338,0.544054,0.983840,-0.044087
classical_15::time_stretch::-20pct,classical_15,classical,R,time_stretch,-20.0,0.998683,0.811928,0.943124,-0.011662
classical_15::time_stretch::-10pct,classical_15,classical,R,time_stretch,-10.0,0.999555,0.824298,0.927435,0.019071
classical_15::time_stretch::-5pct,classical_15,classical,R,time_stretch,-5.0,0.999524,0.876822,0.939810,-0.009695
classical_15::time_stretch::+5pct,classical_15,classical,R,time_stretch,5.0,0.998928,0.897941,0.941619,0.016501
classical_15::time_stretch::+10pct,classical_15,classical,R,time_stretch,10.0,0.997781,0.829580,0.931338,0.029807
classical_15::time_stretch::+20pct,classical_15,classical,R,time_stretch,20.0,0.997678,0.804178,0.930040,0.027984
classical_15::lowpass::lp8000,classical_15,classical,T,lowpass,8000.0,0.999872,0.638903,0.999001,-0.002284
classical_15::lowpass::lp4000,classical_15,classical,T,lowpass,4000.0,0.999872,0.577801,0.984907,-0.015597
classical_15::lowpass::lp2000,classical_15,classical,T,lowpass,2000.0,0.999225,0.476938,0.974412,-0.049177
classical_15::distortion::drv4,classical_15,classical,T,distortion,4.0,0.999986,0.995858,0.999988,-0.009790
classical_15::distortion::drv12,classical_15,classical,T,distortion,12.0,1.000000,0.946744,0.999811,-0.013712
classical_15::distortion::drv32,classical_15,classical,T,distortion,32.0,0.999869,0.806054,0.998657,-0.010563
classical_15::style_swap::swap_cross,classical_15,classical,S,style_swap,nan,0.982942,0.408907,0.931338,-0.086408
classical_15::style_swap::swap_same,classical_15,classical,S,style_swap,nan,0.921746,0.440542,0.958621,-0.035899
ambient_01::control::ctrl,ambient_01,ambient,control,control,0.0,1.000000,1.000000,1.000000,0.000000
ambient_01::pitch_shift::-4st,ambient_01,ambient,H,pitch_shift,-4.0,0.991860,0.535472,0.980880,-0.027665
ambient_01::pitch_shift::-2st,ambient_01,ambient,H,pitch_shift,-2.0,0.994160,0.669668,0.983710,-0.005775
ambient_01::pitch_shift::-1st,ambient_01,ambient,H,pitch_shift,-1.0,0.992230,0.794462,0.984684,0.040440
ambient_01::pitch_shift::+1st,ambient_01,ambient,H,pitch_shift,1.0,0.992976,0.798119,0.995430,0.017784
ambient_01::pitch_shift::+2st,ambient_01,ambient,H,pitch_shift,2.0,0.994728,0.703130,0.982154,0.008055
ambient_01::pitch_shift::+4st,ambient_01,ambient,H,pitch_shift,4.0,0.990868,0.598342,0.979553,0.009343
ambient_01::time_stretch::-20pct,ambient_01,ambient,R,time_stretch,-20.0,0.999551,0.830197,0.917763,0.000505
ambient_01::time_stretch::-10pct,ambient_01,ambient,R,time_stretch,-10.0,0.999781,0.875798,0.909151,0.005815
ambient_01::time_stretch::-5pct,ambient_01,ambient,R,time_stretch,-5.0,0.999163,0.877557,0.930745,-0.053061
ambient_01::time_stretch::+5pct,ambient_01,ambient,R,time_stretch,5.0,0.999658,0.887665,0.916141,0.010140
ambient_01::time_stretch::+10pct,ambient_01,ambient,R,time_stretch,10.0,0.999207,0.891970,0.923006,-0.021602
ambient_01::time_stretch::+20pct,ambient_01,ambient,R,time_stretch,20.0,0.998769,0.816180,0.910809,0.016031
ambient_01::lowpass::lp8000,ambient_01,ambient,T,lowpass,8000.0,0.999863,0.668603,0.953496,-0.012101
ambient_01::lowpass::lp4000,ambient_01,ambient,T,lowpass,4000.0,0.999991,0.456822,0.956717,0.055832
ambient_01::lowpass::lp2000,ambient_01,ambient,T,lowpass,2000.0,0.999997,0.407643,0.946942,0.032481
ambient_01::distortion::drv4,ambient_01,ambient,T,distortion,4.0,0.999207,0.816485,0.997343,0.000457
ambient_01::distortion::drv12,ambient_01,ambient,T,distortion,12.0,0.999877,0.583775,0.954716,-0.071124
ambient_01::distortion::drv32,ambient_01,ambient,T,distortion,32.0,0.999323,0.453171,0.946290,-0.099693
ambient_01::style_swap::swap_cross,ambient_01,ambient,S,style_swap,nan,0.922525,0.383363,0.938740,-0.073067
ambient_01::style_swap::swap_same,ambient_01,ambient,S,style_swap,nan,0.786444,0.436147,0.900642,-0.115812
ambient_02::control::ctrl,ambient_02,ambient,control,control,0.0,1.000000,1.000000,1.000000,0.000000
ambient_02::pitch_shift::-4st,ambient_02,ambient,H,pitch_shift,-4.0,0.979569,0.675632,0.939457,0.017499
ambient_02::pitch_shift::-2st,ambient_02,ambient,H,pitch_shift,-2.0,0.980604,0.785834,0.954735,0.018973
ambient_02::pitch_shift::-1st,ambient_02,ambient,H,pitch_shift,-1.0,0.982425,0.849402,0.964227,0.007595
ambient_02::pitch_shift::+1st,ambient_02,ambient,H,pitch_shift,1.0,0.988710,0.850334,0.961004,-0.032987
ambient_02::pitch_shift::+2st,ambient_02,ambient,H,pitch_shift,2.0,0.983157,0.780604,0.952201,-0.032717
ambient_02::pitch_shift::+4st,ambient_02,ambient,H,pitch_shift,4.0,0.986475,0.681578,0.946378,-0.029439
ambient_02::time_stretch::-20pct,ambient_02,ambient,R,time_stretch,-20.0,0.998187,0.851555,0.465753,0.008178
ambient_02::time_stretch::-10pct,ambient_02,ambient,R,time_stretch,-10.0,0.997916,0.866119,0.573374,0.006997
ambient_02::time_stretch::-5pct,ambient_02,ambient,R,time_stretch,-5.0,0.999041,0.894707,0.651737,0.008683
ambient_02::time_stretch::+5pct,ambient_02,ambient,R,time_stretch,5.0,0.999575,0.887427,0.657285,0.002214
ambient_02::time_stretch::+10pct,ambient_02,ambient,R,time_stretch,10.0,0.998746,0.871035,0.592206,0.025837
ambient_02::time_stretch::+20pct,ambient_02,ambient,R,time_stretch,20.0,0.997618,0.851619,0.499158,-0.003063
ambient_02::lowpass::lp8000,ambient_02,ambient,T,lowpass,8000.0,0.996569,0.696462,0.997989,0.020210
ambient_02::lowpass::lp4000,ambient_02,ambient,T,lowpass,4000.0,0.999159,0.462093,0.985293,0.020608
ambient_02::lowpass::lp2000,ambient_02,ambient,T,lowpass,2000.0,0.999628,0.414113,0.949809,-0.045600
ambient_02::distortion::drv4,ambient_02,ambient,T,distortion,4.0,0.999992,0.885197,0.979681,-0.001878
ambient_02::distortion::drv12,ambient_02,ambient,T,distortion,12.0,0.998867,0.634103,0.934581,-0.056380
ambient_02::distortion::drv32,ambient_02,ambient,T,distortion,32.0,0.999022,0.473899,0.902881,-0.183827
ambient_02::style_swap::swap_cross,ambient_02,ambient,S,style_swap,nan,0.981542,0.450337,0.696751,-0.014690
ambient_02::style_swap::swap_same,ambient_02,ambient,S,style_swap,nan,0.703100,0.438493,0.499158,-0.081046
ambient_03::control::ctrl,ambient_03,ambient,control,control,0.0,1.000000,0.909740,0.999968,0.000000
ambient_03::pitch_shift::-4st,ambient_03,ambient,H,pitch_shift,-4.0,0.967475,0.442842,0.981213,-0.175166
ambient_03::pitch_shift::-2st,ambient_03,ambient,H,pitch_shift,-2.0,0.966983,0.614702,0.994043,-0.066988
ambient_03::pitch_shift::-1st,ambient_03,ambient,H,pitch_shift,-1.0,0.956746,0.735617,0.996440,-0.054007
ambient_03::pitch_shift::+1st,ambient_03,ambient,H,pitch_shift,1.0,0.962836,0.885929,0.993492,-0.075848
ambient_03::pitch_shift::+2st,ambient_03,ambient,H,pitch_shift,2.0,0.964014,0.803769,0.986760,-0.044986
ambient_03::pitch_shift::+4st,ambient_03,ambient,H,pitch_shift,4.0,0.964465,0.717791,0.966153,-0.110723
ambient_03::time_stretch::-20pct,ambient_03,ambient,R,time_stretch,-20.0,0.996542,0.887253,0.310870,-0.009142
ambient_03::time_stretch::-10pct,ambient_03,ambient,R,time_stretch,-10.0,0.998140,0.907143,0.439812,0.000981
ambient_03::time_stretch::-5pct,ambient_03,ambient,R,time_stretch,-5.0,0.998781,0.938444,0.541582,-0.018868
ambient_03::time_stretch::+5pct,ambient_03,ambient,R,time_stretch,5.0,0.998646,0.937681,0.534686,0.009760
ambient_03::time_stretch::+10pct,ambient_03,ambient,R,time_stretch,10.0,0.998979,0.906747,0.422458,0.018114
ambient_03::time_stretch::+20pct,ambient_03,ambient,R,time_stretch,20.0,0.997873,0.869821,0.318227,0.005616
ambient_03::lowpass::lp8000,ambient_03,ambient,T,lowpass,8000.0,0.999998,0.391500,0.995147,-0.000318
ambient_03::lowpass::lp4000,ambient_03,ambient,T,lowpass,4000.0,0.999994,0.392753,0.981564,-0.050427
ambient_03::lowpass::lp2000,ambient_03,ambient,T,lowpass,2000.0,0.999952,0.382287,0.939266,-0.116101
ambient_03::distortion::drv4,ambient_03,ambient,T,distortion,4.0,0.999750,0.587877,0.994579,-0.043654
ambient_03::distortion::drv12,ambient_03,ambient,T,distortion,12.0,0.999094,0.485067,0.974285,-0.180527
ambient_03::distortion::drv32,ambient_03,ambient,T,distortion,32.0,0.998735,0.443486,0.922930,-0.260771
ambient_03::style_swap::swap_cross,ambient_03,ambient,S,style_swap,nan,0.806611,0.376423,0.373747,-0.255783
ambient_03::style_swap::swap_same,ambient_03,ambient,S,style_swap,nan,0.776063,0.358581,0.327914,-0.372300
ambient_04::control::ctrl,ambient_04,ambient,control,control,0.0,1.000000,1.000000,1.000000,0.000000
ambient_04::pitch_shift::-4st,ambient_04,ambient,H,pitch_shift,-4.0,0.453659,0.515198,0.989405,-0.065870
ambient_04::pitch_shift::-2st,ambient_04,ambient,H,pitch_shift,-2.0,0.608414,0.655428,0.973122,-0.032095
ambient_04::pitch_shift::-1st,ambient_04,ambient,H,pitch_shift,-1.0,0.557387,0.782174,0.973556,-0.038724
ambient_04::pitch_shift::+1st,ambient_04,ambient,H,pitch_shift,1.0,0.480187,0.747064,0.969352,-0.039787
ambient_04::pitch_shift::+2st,ambient_04,ambient,H,pitch_shift,2.0,0.596663,0.607531,0.968119,-0.041126
ambient_04::pitch_shift::+4st,ambient_04,ambient,H,pitch_shift,4.0,0.439260,0.500091,0.977755,-0.121010
ambient_04::time_stretch::-20pct,ambient_04,ambient,R,time_stretch,-20.0,0.986257,0.754337,0.958501,-0.044194
ambient_04::time_stretch::-10pct,ambient_04,ambient,R,time_stretch,-10.0,0.997683,0.803605,0.956372,-0.015217
ambient_04::time_stretch::-5pct,ambient_04,ambient,R,time_stretch,-5.0,0.999376,0.862993,0.957976,-0.029250
ambient_04::time_stretch::+5pct,ambient_04,ambient,R,time_stretch,5.0,0.998484,0.877194,0.965219,-0.014040
ambient_04::time_stretch::+10pct,ambient_04,ambient,R,time_stretch,10.0,0.997237,0.867047,0.969424,-0.020327
ambient_04::time_stretch::+20pct,ambient_04,ambient,R,time_stretch,20.0,0.996091,0.838491,0.962223,-0.052999
ambient_04::lowpass::lp8000,ambient_04,ambient,T,lowpass,8000.0,0.999998,0.862721,0.999735,0.000397
ambient_04::lowpass::lp4000,ambient_04,ambient,T,lowpass,4000.0,0.999999,0.645434,0.998639,-0.044286
ambient_04::lowpass::lp2000,ambient_04,ambient,T,lowpass,2000.0,0.999506,0.500317,0.997307,-0.051806
ambient_04::distortion::drv4,ambient_04,ambient,T,distortion,4.0,0.999892,0.822714,0.995669,-0.027514
ambient_04::distortion::drv12,ambient_04,ambient,T,distortion,12.0,0.994796,0.584906,0.970343,-0.107925
ambient_04::distortion::drv32,ambient_04,ambient,T,distortion,32.0,0.974092,0.484068,0.965212,-0.144423
ambient_04::style_swap::swap_cross,ambient_04,ambient,S,style_swap,nan,0.793058,0.388578,0.927496,-0.174270
ambient_04::style_swap::swap_same,ambient_04,ambient,S,style_swap,nan,0.405134,0.449697,0.960801,-0.111724
ambient_05::control::ctrl,ambient_05,ambient,control,control,0.0,1.000000,1.000000,1.000000,0.000000
ambient_05::pitch_shift::-4st,ambient_05,ambient,H,pitch_shift,-4.0,0.743985,0.556551,0.983569,-0.027268
ambient_05::pitch_shift::-2st,ambient_05,ambient,H,pitch_shift,-2.0,0.677017,0.699875,0.976582,0.004675
ambient_05::pitch_shift::-1st,ambient_05,ambient,H,pitch_shift,-1.0,0.715724,0.770504,0.986817,-0.036095
ambient_05::pitch_shift::+1st,ambient_05,ambient,H,pitch_shift,1.0,0.702877,0.743486,0.987631,-0.007879
ambient_05::pitch_shift::+2st,ambient_05,ambient,H,pitch_shift,2.0,0.656497,0.688284,0.987246,-0.024908
ambient_05::pitch_shift::+4st,ambient_05,ambient,H,pitch_shift,4.0,0.734344,0.578996,0.987435,-0.031670
ambient_05::time_stretch::-20pct,ambient_05,ambient,R,time_stretch,-20.0,0.966326,0.792423,0.967866,0.023460
ambient_05::time_stretch::-10pct,ambient_05,ambient,R,time_stretch,-10.0,0.993737,0.794226,0.965360,0.014686
ambient_05::time_stretch::-5pct,ambient_05,ambient,R,time_stretch,-5.0,0.997714,0.780697,0.950449,0.003877
ambient_05::time_stretch::+5pct,ambient_05,ambient,R,time_stretch,5.0,0.997799,0.749545,0.951600,0.000301
ambient_05::time_stretch::+10pct,ambient_05,ambient,R,time_stretch,10.0,0.996662,0.798070,0.967509,0.014686
ambient_05::time_stretch::+20pct,ambient_05,ambient,R,time_stretch,20.0,0.993276,0.775387,0.956235,-0.004092
ambient_05::lowpass::lp8000,ambient_05,ambient,T,lowpass,8000.0,0.999954,0.525608,0.991141,0.001407
ambient_05::lowpass::lp4000,ambient_05,ambient,T,lowpass,4000.0,0.999843,0.512959,0.989768,-0.006215
ambient_05::lowpass::lp2000,ambient_05,ambient,T,lowpass,2000.0,0.999928,0.429033,0.986925,-0.014099
ambient_05::distortion::drv4,ambient_05,ambient,T,distortion,4.0,0.999994,0.926163,0.999031,0.007073
ambient_05::distortion::drv12,ambient_05,ambient,T,distortion,12.0,0.999769,0.709542,0.981671,-0.012437
ambient_05::distortion::drv32,ambient_05,ambient,T,distortion,32.0,0.995251,0.535242,0.956531,-0.158796
ambient_05::style_swap::swap_cross,ambient_05,ambient,S,style_swap,nan,0.559526,0.437994,0.915074,-0.153009
ambient_05::style_swap::swap_same,ambient_05,ambient,S,style_swap,nan,0.797992,0.443338,0.919340,-0.382260
ambient_06::control::ctrl,ambient_06,ambient,control,control,0.0,1.000000,1.000000,1.000000,0.000000
ambient_06::pitch_shift::-4st,ambient_06,ambient,H,pitch_shift,-4.0,0.933492,0.608839,0.685669,-0.119568
ambient_06::pitch_shift::-2st,ambient_06,ambient,H,pitch_shift,-2.0,0.902073,0.725149,0.693941,-0.133662
ambient_06::pitch_shift::-1st,ambient_06,ambient,H,pitch_shift,-1.0,0.903169,0.830952,0.697581,-0.133702
ambient_06::pitch_shift::+1st,ambient_06,ambient,H,pitch_shift,1.0,0.901373,0.786065,0.693696,-0.088850
ambient_06::pitch_shift::+2st,ambient_06,ambient,H,pitch_shift,2.0,0.902912,0.667559,0.687621,-0.088485
ambient_06::pitch_shift::+4st,ambient_06,ambient,H,pitch_shift,4.0,0.941973,0.568132,0.671017,-0.108152
ambient_06::time_stretch::-20pct,ambient_06,ambient,R,time_stretch,-20.0,0.998208,0.821386,0.528688,-0.027304
ambient_06::time_stretch::-10pct,ambient_06,ambient,R,time_stretch,-10.0,0.999552,0.848160,0.485195,-0.016636
ambient_06::time_stretch::-5pct,ambient_06,ambient,R,time_stretch,-5.0,0.999569,0.888466,0.470404,-0.009604
ambient_06::time_stretch::+5pct,ambient_06,ambient,R,time_stretch,5.0,0.999789,0.887261,0.511152,0.000475
ambient_06::time_stretch::+10pct,ambient_06,ambient,R,time_stretch,10.0,0.999452,0.848974,0.524802,-0.012230
ambient_06::time_stretch::+20pct,ambient_06,ambient,R,time_stretch,20.0,0.998026,0.822305,0.603077,-0.013385
ambient_06::lowpass::lp8000,ambient_06,ambient,T,lowpass,8000.0,1.000000,0.600506,0.997262,0.002740
ambient_06::lowpass::lp4000,ambient_06,ambient,T,lowpass,4000.0,0.999997,0.441231,0.989876,-0.113558
ambient_06::lowpass::lp2000,ambient_06,ambient,T,lowpass,2000.0,0.999978,0.390320,0.975047,-0.113934
ambient_06::distortion::drv4,ambient_06,ambient,T,distortion,4.0,0.999716,0.707646,0.959996,-0.149839
ambient_06::distortion::drv12,ambient_06,ambient,T,distortion,12.0,0.997673,0.491608,0.748365,-0.303829
ambient_06::distortion::drv32,ambient_06,ambient,T,distortion,32.0,0.996700,0.459338,0.831052,-0.397951
ambient_06::style_swap::swap_cross,ambient_06,ambient,S,style_swap,nan,0.864388,0.470866,0.734756,-0.234117
ambient_06::style_swap::swap_same,ambient_06,ambient,S,style_swap,nan,0.683270,0.453647,0.736087,-0.210026
ambient_07::control::ctrl,ambient_07,ambient,control,control,0.0,1.000000,1.000000,1.000000,0.000000
ambient_07::pitch_shift::-4st,ambient_07,ambient,H,pitch_shift,-4.0,0.393655,0.604657,0.993286,-0.094260
ambient_07::pitch_shift::-2st,ambient_07,ambient,H,pitch_shift,-2.0,0.689597,0.713787,0.997655,-0.057653
ambient_07::pitch_shift::-1st,ambient_07,ambient,H,pitch_shift,-1.0,0.345551,0.810926,0.998603,-0.083328
ambient_07::pitch_shift::+1st,ambient_07,ambient,H,pitch_shift,1.0,0.358931,0.799919,0.998054,-0.090297
ambient_07::pitch_shift::+2st,ambient_07,ambient,H,pitch_shift,2.0,0.671615,0.724955,0.996185,-0.068038
ambient_07::pitch_shift::+4st,ambient_07,ambient,H,pitch_shift,4.0,0.358746,0.608252,0.990207,-0.122432
ambient_07::time_stretch::-20pct,ambient_07,ambient,R,time_stretch,-20.0,0.995224,0.839484,0.826813,-0.018391
ambient_07::time_stretch::-10pct,ambient_07,ambient,R,time_stretch,-10.0,0.997987,0.886904,0.864750,0.011074
ambient_07::time_stretch::-5pct,ambient_07,ambient,R,time_stretch,-5.0,0.999391,0.888946,0.898460,0.005278
ambient_07::time_stretch::+5pct,ambient_07,ambient,R,time_stretch,5.0,0.999447,0.883194,0.896076,-0.005531
ambient_07::time_stretch::+10pct,ambient_07,ambient,R,time_stretch,10.0,0.997690,0.857473,0.868285,0.002357
ambient_07::time_stretch::+20pct,ambient_07,ambient,R,time_stretch,20.0,0.995508,0.843121,0.856899,0.003067
ambient_07::lowpass::lp8000,ambient_07,ambient,T,lowpass,8000.0,0.999997,0.874025,0.999889,0.006597
ambient_07::lowpass::lp4000,ambient_07,ambient,T,lowpass,4000.0,0.999993,0.601988,0.999426,0.000390
ambient_07::lowpass::lp2000,ambient_07,ambient,T,lowpass,2000.0,0.999893,0.480554,0.998851,-0.025006
ambient_07::distortion::drv4,ambient_07,ambient,T,distortion,4.0,0.999939,0.810032,0.999150,-0.009124
ambient_07::distortion::drv12,ambient_07,ambient,T,distortion,12.0,0.998365,0.599668,0.994383,-0.073832
ambient_07::distortion::drv32,ambient_07,ambient,T,distortion,32.0,0.990253,0.493914,0.988822,-0.127501
ambient_07::style_swap::swap_cross,ambient_07,ambient,S,style_swap,nan,0.803303,0.448432,0.877081,-0.250482
ambient_07::style_swap::swap_same,ambient_07,ambient,S,style_swap,nan,0.800924,0.441013,0.921675,-0.229658
ambient_08::control::ctrl,ambient_08,ambient,control,control,0.0,1.000000,1.000000,1.000000,0.000000
ambient_08::pitch_shift::-4st,ambient_08,ambient,H,pitch_shift,-4.0,0.723803,0.510457,0.981699,-0.053771
ambient_08::pitch_shift::-2st,ambient_08,ambient,H,pitch_shift,-2.0,0.608591,0.620931,0.984900,-0.053849
ambient_08::pitch_shift::-1st,ambient_08,ambient,H,pitch_shift,-1.0,0.472501,0.733390,0.987599,-0.054758
ambient_08::pitch_shift::+1st,ambient_08,ambient,H,pitch_shift,1.0,0.454409,0.715595,0.977583,-0.054181
ambient_08::pitch_shift::+2st,ambient_08,ambient,H,pitch_shift,2.0,0.590542,0.619937,0.985306,-0.048189
ambient_08::pitch_shift::+4st,ambient_08,ambient,H,pitch_shift,4.0,0.673092,0.537854,0.985874,-0.072374
ambient_08::time_stretch::-20pct,ambient_08,ambient,R,time_stretch,-20.0,0.978781,0.772355,0.951184,-0.011909
ambient_08::time_stretch::-10pct,ambient_08,ambient,R,time_stretch,-10.0,0.990527,0.787403,0.952786,-0.016868
ambient_08::time_stretch::-5pct,ambient_08,ambient,R,time_stretch,-5.0,0.997675,0.835389,0.947009,-0.008440
ambient_08::time_stretch::+5pct,ambient_08,ambient,R,time_stretch,5.0,0.996387,0.785292,0.954589,0.006708
ambient_08::time_stretch::+10pct,ambient_08,ambient,R,time_stretch,10.0,0.995280,0.787221,0.963118,-0.028492
ambient_08::time_stretch::+20pct,ambient_08,ambient,R,time_stretch,20.0,0.961311,0.632961,0.953815,-0.023364
ambient_08::lowpass::lp8000,ambient_08,ambient,T,lowpass,8000.0,0.999979,0.467328,0.997865,-0.005347
ambient_08::lowpass::lp4000,ambient_08,ambient,T,lowpass,4000.0,0.999978,0.450038,0.996530,-0.040212
ambient_08::lowpass::lp2000,ambient_08,ambient,T,lowpass,2000.0,0.999324,0.423370,0.994445,-0.055886
ambient_08::distortion::drv4,ambient_08,ambient,T,distortion,4.0,0.999838,0.892702,0.997075,-0.001747
ambient_08::distortion::drv12,ambient_08,ambient,T,distortion,12.0,0.995272,0.667041,0.986724,-0.078235
ambient_08::distortion::drv32,ambient_08,ambient,T,distortion,32.0,0.982232,0.547025,0.977122,-0.171157
ambient_08::style_swap::swap_cross,ambient_08,ambient,S,style_swap,nan,0.745865,0.415230,0.923419,-0.341746
ambient_08::style_swap::swap_same,ambient_08,ambient,S,style_swap,nan,0.787097,0.417093,0.901420,-0.265210
ambient_09::control::ctrl,ambient_09,ambient,control,control,0.0,1.000000,1.000000,1.000000,0.000000
ambient_09::pitch_shift::-4st,ambient_09,ambient,H,pitch_shift,-4.0,0.712680,0.500521,0.962175,-0.054353
ambient_09::pitch_shift::-2st,ambient_09,ambient,H,pitch_shift,-2.0,0.875073,0.639930,0.938120,-0.026472
ambient_09::pitch_shift::-1st,ambient_09,ambient,H,pitch_shift,-1.0,0.663314,0.728254,0.973127,-0.062623
ambient_09::pitch_shift::+1st,ambient_09,ambient,H,pitch_shift,1.0,0.688159,0.822591,0.973200,-0.047638
ambient_09::pitch_shift::+2st,ambient_09,ambient,H,pitch_shift,2.0,0.847923,0.742165,0.974416,-0.042321
ambient_09::pitch_shift::+4st,ambient_09,ambient,H,pitch_shift,4.0,0.689868,0.637622,0.971022,-0.100356
ambient_09::time_stretch::-20pct,ambient_09,ambient,R,time_stretch,-20.0,0.992976,0.825241,0.847720,-0.010969
ambient_09::time_stretch::-10pct,ambient_09,ambient,R,time_stretch,-10.0,0.995879,0.853611,0.797548,-0.012646
ambient_09::time_stretch::-5pct,ambient_09,ambient,R,time_stretch,-5.0,0.996090,0.866738,0.823603,-0.009910
ambient_09::time_stretch::+5pct,ambient_09,ambient,R,time_stretch,5.0,0.997789,0.857327,0.797478,0.010825
ambient_09::time_stretch::+10pct,ambient_09,ambient,R,time_stretch,10.0,0.997842,0.845212,0.773415,-0.012709
ambient_09::time_stretch::+20pct,ambient_09,ambient,R,time_stretch,20.0,0.995433,0.840177,0.724705,-0.023259
ambient_09::lowpass::lp8000,ambient_09,ambient,T,lowpass,8000.0,0.998881,0.453000,0.992739,-0.006468
ambient_09::lowpass::lp4000,ambient_09,ambient,T,lowpass,4000.0,0.999998,0.420715,0.987042,-0.060144
ambient_09::lowpass::lp2000,ambient_09,ambient,T,lowpass,2000.0,0.998481,0.423547,0.980518,-0.060631
ambient_09::distortion::drv4,ambient_09,ambient,T,distortion,4.0,0.999147,0.885405,0.995233,-0.005175
ambient_09::distortion::drv12,ambient_09,ambient,T,distortion,12.0,0.999473,0.715357,0.973820,-0.027569
ambient_09::distortion::drv32,ambient_09,ambient,T,distortion,32.0,0.996241,0.594114,0.942727,-0.090662
ambient_09::style_swap::swap_cross,ambient_09,ambient,S,style_swap,nan,0.842045,0.480484,0.769403,-0.217137
ambient_09::style_swap::swap_same,ambient_09,ambient,S,style_swap,nan,0.545857,0.412381,0.811315,-0.183203
ambient_10::control::ctrl,ambient_10,ambient,control,control,0.0,1.000000,1.000000,1.000000,0.000000
ambient_10::pitch_shift::-4st,ambient_10,ambient,H,pitch_shift,-4.0,0.875458,0.461847,0.972453,-0.075595
ambient_10::pitch_shift::-2st,ambient_10,ambient,H,pitch_shift,-2.0,0.921455,0.563085,0.978307,-0.019362
ambient_10::pitch_shift::-1st,ambient_10,ambient,H,pitch_shift,-1.0,0.970039,0.693054,0.980250,-0.028639
ambient_10::pitch_shift::+1st,ambient_10,ambient,H,pitch_shift,1.0,0.986659,0.690748,0.969727,-0.009481
ambient_10::pitch_shift::+2st,ambient_10,ambient,H,pitch_shift,2.0,0.961057,0.578212,0.971882,-0.039906
ambient_10::pitch_shift::+4st,ambient_10,ambient,H,pitch_shift,4.0,0.944938,0.449543,0.980744,-0.058520
ambient_10::time_stretch::-20pct,ambient_10,ambient,R,time_stretch,-20.0,0.986184,0.725964,0.937202,-0.041387
ambient_10::time_stretch::-10pct,ambient_10,ambient,R,time_stretch,-10.0,0.996962,0.764904,0.949751,-0.010239
ambient_10::time_stretch::-5pct,ambient_10,ambient,R,time_stretch,-5.0,0.988589,0.762821,0.948427,-0.004256
ambient_10::time_stretch::+5pct,ambient_10,ambient,R,time_stretch,5.0,0.998284,0.752154,0.947626,-0.023508
ambient_10::time_stretch::+10pct,ambient_10,ambient,R,time_stretch,10.0,0.996403,0.744653,0.938064,-0.055199
ambient_10::time_stretch::+20pct,ambient_10,ambient,R,time_stretch,20.0,0.996128,0.787709,0.957747,-0.026262
ambient_10::lowpass::lp8000,ambient_10,ambient,T,lowpass,8000.0,1.000000,0.551173,0.999327,0.001673
ambient_10::lowpass::lp4000,ambient_10,ambient,T,lowpass,4000.0,0.999998,0.427673,0.997842,-0.026386
ambient_10::lowpass::lp2000,ambient_10,ambient,T,lowpass,2000.0,0.999463,0.380097,0.995412,-0.061492
ambient_10::distortion::drv4,ambient_10,ambient,T,distortion,4.0,0.999936,0.906382,0.997533,-0.018281
ambient_10::distortion::drv12,ambient_10,ambient,T,distortion,12.0,0.999871,0.611583,0.954245,-0.072462
ambient_10::distortion::drv32,ambient_10,ambient,T,distortion,32.0,0.999184,0.459026,0.942726,-0.158986
ambient_10::style_swap::swap_cross,ambient_10,ambient,S,style_swap,nan,0.924343,0.396036,0.952955,-0.150890
ambient_10::style_swap::swap_same,ambient_10,ambient,S,style_swap,nan,0.789284,0.401594,0.938743,-0.004924
ambient_11::control::ctrl,ambient_11,ambient,control,control,0.0,0.999997,0.992369,0.999991,0.000000
ambient_11::pitch_shift::-4st,ambient_11,ambient,H,pitch_shift,-4.0,0.792757,0.512197,0.992110,-0.079780
ambient_11::pitch_shift::-2st,ambient_11,ambient,H,pitch_shift,-2.0,0.868017,0.648893,0.995802,-0.103021
ambient_11::pitch_shift::-1st,ambient_11,ambient,H,pitch_shift,-1.0,0.799248,0.753158,0.996827,0.026636
ambient_11::pitch_shift::+1st,ambient_11,ambient,H,pitch_shift,1.0,0.804936,0.759027,0.995482,-0.040771
ambient_11::pitch_shift::+2st,ambient_11,ambient,H,pitch_shift,2.0,0.857017,0.638144,0.993788,-0.026708
ambient_11::pitch_shift::+4st,ambient_11,ambient,H,pitch_shift,4.0,0.770872,0.528879,0.986629,-0.038847
ambient_11::time_stretch::-20pct,ambient_11,ambient,R,time_stretch,-20.0,0.995223,0.857046,0.738374,0.019777
ambient_11::time_stretch::-10pct,ambient_11,ambient,R,time_stretch,-10.0,0.998735,0.879810,0.779856,0.004281
ambient_11::time_stretch::-5pct,ambient_11,ambient,R,time_stretch,-5.0,0.999113,0.895625,0.825443,0.014350
ambient_11::time_stretch::+5pct,ambient_11,ambient,R,time_stretch,5.0,0.999240,0.910075,0.823214,0.020102
ambient_11::time_stretch::+10pct,ambient_11,ambient,R,time_stretch,10.0,0.998297,0.871096,0.782966,0.012970
ambient_11::time_stretch::+20pct,ambient_11,ambient,R,time_stretch,20.0,0.997867,0.809079,0.761825,0.006917
ambient_11::lowpass::lp8000,ambient_11,ambient,T,lowpass,8000.0,0.999997,0.453637,0.997642,0.017817
ambient_11::lowpass::lp4000,ambient_11,ambient,T,lowpass,4000.0,0.999875,0.435715,0.837154,-0.035594
ambient_11::lowpass::lp2000,ambient_11,ambient,T,lowpass,2000.0,0.994462,0.402551,0.821830,-0.154299
ambient_11::distortion::drv4,ambient_11,ambient,T,distortion,4.0,0.999811,0.723192,0.998499,-0.018923
ambient_11::distortion::drv12,ambient_11,ambient,T,distortion,12.0,0.997487,0.550873,0.992885,-0.051352
ambient_11::distortion::drv32,ambient_11,ambient,T,distortion,32.0,0.992133,0.463777,0.819374,-0.094178
ambient_11::style_swap::swap_cross,ambient_11,ambient,S,style_swap,nan,0.914370,0.374194,0.747802,-0.098355
ambient_11::style_swap::swap_same,ambient_11,ambient,S,style_swap,nan,0.969948,0.474155,0.729045,-0.058307
ambient_12::control::ctrl,ambient_12,ambient,control,control,0.0,1.000000,1.000000,1.000000,0.000000
ambient_12::pitch_shift::-4st,ambient_12,ambient,H,pitch_shift,-4.0,0.982149,0.439230,0.976882,-0.118020
ambient_12::pitch_shift::-2st,ambient_12,ambient,H,pitch_shift,-2.0,0.990802,0.554137,0.988544,-0.093584
ambient_12::pitch_shift::-1st,ambient_12,ambient,H,pitch_shift,-1.0,0.991962,0.700742,0.978902,-0.074345
ambient_12::pitch_shift::+1st,ambient_12,ambient,H,pitch_shift,1.0,0.992449,0.721010,0.996332,0.007508
ambient_12::pitch_shift::+2st,ambient_12,ambient,H,pitch_shift,2.0,0.989630,0.610298,0.996432,0.010947
ambient_12::pitch_shift::+4st,ambient_12,ambient,H,pitch_shift,4.0,0.983221,0.508080,0.989325,-0.026132
ambient_12::time_stretch::-20pct,ambient_12,ambient,R,time_stretch,-20.0,0.999359,0.858799,0.958762,-0.019066
ambient_12::time_stretch::-10pct,ambient_12,ambient,R,time_stretch,-10.0,0.999430,0.885672,0.962486,-0.016898
ambient_12::time_stretch::-5pct,ambient_12,ambient,R,time_stretch,-5.0,0.999331,0.873550,0.959203,-0.010833
ambient_12::time_stretch::+5pct,ambient_12,ambient,R,time_stretch,5.0,0.999779,0.831324,0.958804,-0.026133
ambient_12::time_stretch::+10pct,ambient_12,ambient,R,time_stretch,10.0,0.999273,0.898511,0.947216,0.014247
ambient_12::time_stretch::+20pct,ambient_12,ambient,R,time_stretch,20.0,0.999050,0.864608,0.971289,0.010151
ambient_12::lowpass::lp8000,ambient_12,ambient,T,lowpass,8000.0,0.999990,0.996663,0.999997,-0.013149
ambient_12::lowpass::lp4000,ambient_12,ambient,T,lowpass,4000.0,0.999990,0.619340,0.999946,-0.026410
ambient_12::lowpass::lp2000,ambient_12,ambient,T,lowpass,2000.0,0.999640,0.444727,0.999470,-0.026039
ambient_12::distortion::drv4,ambient_12,ambient,T,distortion,4.0,0.999194,0.707435,0.992325,-0.060715
ambient_12::distortion::drv12,ambient_12,ambient,T,distortion,12.0,0.999000,0.547497,0.989891,-0.091423
ambient_12::distortion::drv32,ambient_12,ambient,T,distortion,32.0,0.999091,0.483179,0.988339,-0.157628
ambient_12::style_swap::swap_cross,ambient_12,ambient,S,style_swap,nan,0.957063,0.351425,0.957997,-0.149115
ambient_12::style_swap::swap_same,ambient_12,ambient,S,style_swap,nan,0.732430,0.441401,0.969138,0.000761
ambient_13::control::ctrl,ambient_13,ambient,control,control,0.0,1.000000,1.000000,1.000000,0.000000
ambient_13::pitch_shift::-4st,ambient_13,ambient,H,pitch_shift,-4.0,0.556186,0.600669,0.927063,-0.046383
ambient_13::pitch_shift::-2st,ambient_13,ambient,H,pitch_shift,-2.0,0.749166,0.681639,0.974646,-0.012047
ambient_13::pitch_shift::-1st,ambient_13,ambient,H,pitch_shift,-1.0,0.489544,0.800135,0.978308,-0.037850
ambient_13::pitch_shift::+1st,ambient_13,ambient,H,pitch_shift,1.0,0.513236,0.817322,0.976178,-0.003351
ambient_13::pitch_shift::+2st,ambient_13,ambient,H,pitch_shift,2.0,0.742498,0.692902,0.972239,-0.009661
ambient_13::pitch_shift::+4st,ambient_13,ambient,H,pitch_shift,4.0,0.646190,0.615799,0.960454,-0.080304
ambient_13::time_stretch::-20pct,ambient_13,ambient,R,time_stretch,-20.0,0.965806,0.797673,0.597956,-0.002777
ambient_13::time_stretch::-10pct,ambient_13,ambient,R,time_stretch,-10.0,0.988974,0.785547,0.529167,0.022094
ambient_13::time_stretch::-5pct,ambient_13,ambient,R,time_stretch,-5.0,0.991312,0.814777,0.728429,0.019484
ambient_13::time_stretch::+5pct,ambient_13,ambient,R,time_stretch,5.0,0.995766,0.852228,0.734106,0.009658
ambient_13::time_stretch::+10pct,ambient_13,ambient,R,time_stretch,10.0,0.988421,0.825857,0.645295,-0.011003
ambient_13::time_stretch::+20pct,ambient_13,ambient,R,time_stretch,20.0,0.979249,0.788526,0.653463,-0.019378
ambient_13::lowpass::lp8000,ambient_13,ambient,T,lowpass,8000.0,1.000000,0.536139,0.984054,0.006314
ambient_13::lowpass::lp4000,ambient_13,ambient,T,lowpass,4000.0,1.000000,0.452412,0.956057,-0.010201
ambient_13::lowpass::lp2000,ambient_13,ambient,T,lowpass,2000.0,0.999944,0.430353,0.926302,-0.039617
ambient_13::distortion::drv4,ambient_13,ambient,T,distortion,4.0,0.999734,0.806216,0.986011,-0.003272
ambient_13::distortion::drv12,ambient_13,ambient,T,distortion,12.0,0.993729,0.615945,0.944278,-0.101129
ambient_13::distortion::drv32,ambient_13,ambient,T,distortion,32.0,0.983502,0.505243,0.884956,-0.249911
ambient_13::style_swap::swap_cross,ambient_13,ambient,S,style_swap,nan,0.833886,0.386475,0.679407,-0.230180
ambient_13::style_swap::swap_same,ambient_13,ambient,S,style_swap,nan,0.942991,0.463723,0.794526,-0.124457
ambient_14::control::ctrl,ambient_14,ambient,control,control,0.0,1.000000,1.000000,1.000000,0.000000
ambient_14::pitch_shift::-4st,ambient_14,ambient,H,pitch_shift,-4.0,0.445474,0.509280,0.980121,-0.116483
ambient_14::pitch_shift::-2st,ambient_14,ambient,H,pitch_shift,-2.0,0.603276,0.615384,0.981515,-0.068271
ambient_14::pitch_shift::-1st,ambient_14,ambient,H,pitch_shift,-1.0,0.349664,0.717494,0.990500,-0.117511
ambient_14::pitch_shift::+1st,ambient_14,ambient,H,pitch_shift,1.0,0.339898,0.734084,0.990554,-0.081714
ambient_14::pitch_shift::+2st,ambient_14,ambient,H,pitch_shift,2.0,0.613777,0.619659,0.982365,-0.089535
ambient_14::pitch_shift::+4st,ambient_14,ambient,H,pitch_shift,4.0,0.430828,0.521558,0.990088,-0.110687
ambient_14::time_stretch::-20pct,ambient_14,ambient,R,time_stretch,-20.0,0.995258,0.823346,0.954713,0.013374
ambient_14::time_stretch::-10pct,ambient_14,ambient,R,time_stretch,-10.0,0.998562,0.830130,0.953812,-0.014570
ambient_14::time_stretch::-5pct,ambient_14,ambient,R,time_stretch,-5.0,0.997920,0.854890,0.970227,0.001956
ambient_14::time_stretch::+5pct,ambient_14,ambient,R,time_stretch,5.0,0.997708,0.833173,0.960823,-0.007072
ambient_14::time_stretch::+10pct,ambient_14,ambient,R,time_stretch,10.0,0.998610,0.841678,0.959540,-0.007615
ambient_14::time_stretch::+20pct,ambient_14,ambient,R,time_stretch,20.0,0.998394,0.828925,0.951936,-0.006026
ambient_14::lowpass::lp8000,ambient_14,ambient,T,lowpass,8000.0,1.000000,0.555157,0.991686,0.007124
ambient_14::lowpass::lp4000,ambient_14,ambient,T,lowpass,4000.0,0.999972,0.480145,0.990441,-0.047530
ambient_14::lowpass::lp2000,ambient_14,ambient,T,lowpass,2000.0,0.999001,0.443293,0.996146,-0.068649
ambient_14::distortion::drv4,ambient_14,ambient,T,distortion,4.0,0.999602,0.795469,0.979915,-0.019155
ambient_14::distortion::drv12,ambient_14,ambient,T,distortion,12.0,0.989304,0.555726,0.969931,-0.141258
ambient_14::distortion::drv32,ambient_14,ambient,T,distortion,32.0,0.967010,0.457764,0.964897,-0.263849
ambient_14::style_swap::swap_cross,ambient_14,ambient,S,style_swap,nan,0.496949,0.400790,0.951005,-0.216173
ambient_14::style_swap::swap_same,ambient_14,ambient,S,style_swap,nan,0.877742,0.346620,0.950537,-0.203435
ambient_15::control::ctrl,ambient_15,ambient,control,control,0.0,1.000000,1.000000,1.000000,0.000000
ambient_15::pitch_shift::-4st,ambient_15,ambient,H,pitch_shift,-4.0,0.795832,0.395902,0.968380,-0.051037
ambient_15::pitch_shift::-2st,ambient_15,ambient,H,pitch_shift,-2.0,0.894009,0.475818,0.976969,-0.013454
ambient_15::pitch_shift::-1st,ambient_15,ambient,H,pitch_shift,-1.0,0.754429,0.598125,0.980004,0.000447
ambient_15::pitch_shift::+1st,ambient_15,ambient,H,pitch_shift,1.0,0.766570,0.571167,0.980927,0.001845
ambient_15::pitch_shift::+2st,ambient_15,ambient,H,pitch_shift,2.0,0.910526,0.458781,0.979721,0.009685
ambient_15::pitch_shift::+4st,ambient_15,ambient,H,pitch_shift,4.0,0.838639,0.413429,0.977514,-0.024456
ambient_15::time_stretch::-20pct,ambient_15,ambient,R,time_stretch,-20.0,0.996613,0.821128,0.805354,-0.014076
ambient_15::time_stretch::-10pct,ambient_15,ambient,R,time_stretch,-10.0,0.998577,0.835014,0.701719,0.004479
ambient_15::time_stretch::-5pct,ambient_15,ambient,R,time_stretch,-5.0,0.998239,0.853619,0.771440,0.017584
ambient_15::time_stretch::+5pct,ambient_15,ambient,R,time_stretch,5.0,0.998199,0.851793,0.775751,-0.008992
ambient_15::time_stretch::+10pct,ambient_15,ambient,R,time_stretch,10.0,0.998226,0.840353,0.713396,-0.008233
ambient_15::time_stretch::+20pct,ambient_15,ambient,R,time_stretch,20.0,0.996879,0.849316,0.654613,-0.011276
ambient_15::lowpass::lp8000,ambient_15,ambient,T,lowpass,8000.0,1.000000,0.458808,0.994995,-0.000311
ambient_15::lowpass::lp4000,ambient_15,ambient,T,lowpass,4000.0,1.000000,0.451133,0.977747,-0.008224
ambient_15::lowpass::lp2000,ambient_15,ambient,T,lowpass,2000.0,0.999970,0.433479,0.962747,-0.023521
ambient_15::distortion::drv4,ambient_15,ambient,T,distortion,4.0,0.999997,0.918726,0.996114,0.000604
ambient_15::distortion::drv12,ambient_15,ambient,T,distortion,12.0,0.999574,0.594689,0.985910,-0.029919
ambient_15::distortion::drv32,ambient_15,ambient,T,distortion,32.0,0.996240,0.471304,0.978213,-0.059395
ambient_15::style_swap::swap_cross,ambient_15,ambient,S,style_swap,nan,0.898710,0.398311,0.674610,-0.100711
ambient_15::style_swap::swap_same,ambient_15,ambient,S,style_swap,nan,0.903423,0.342104,0.765265,-0.150330
electronic_01::control::ctrl,electronic_01,electronic,control,control,0.0,1.000000,1.000000,1.000000,0.000000
electronic_01::pitch_shift::-4st,electronic_01,electronic,H,pitch_shift,-4.0,0.945811,0.422687,0.977400,0.058146
electronic_01::pitch_shift::-2st,electronic_01,electronic,H,pitch_shift,-2.0,0.942735,0.582709,0.984895,0.100134
electronic_01::pitch_shift::-1st,electronic_01,electronic,H,pitch_shift,-1.0,0.959297,0.730242,0.971446,0.049843
electronic_01::pitch_shift::+1st,electronic_01,electronic,H,pitch_shift,1.0,0.969528,0.797640,0.973058,0.080350
electronic_01::pitch_shift::+2st,electronic_01,electronic,H,pitch_shift,2.0,0.958703,0.690911,0.985230,0.056416
electronic_01::pitch_shift::+4st,electronic_01,electronic,H,pitch_shift,4.0,0.950566,0.573887,0.971592,-0.012222
electronic_01::time_stretch::-20pct,electronic_01,electronic,R,time_stretch,-20.0,0.997518,0.805718,0.911469,-0.032567
electronic_01::time_stretch::-10pct,electronic_01,electronic,R,time_stretch,-10.0,0.997407,0.839154,0.909727,0.028419
electronic_01::time_stretch::-5pct,electronic_01,electronic,R,time_stretch,-5.0,0.997500,0.864145,0.919759,-0.002542
electronic_01::time_stretch::+5pct,electronic_01,electronic,R,time_stretch,5.0,0.996980,0.874828,0.934457,-0.002910
electronic_01::time_stretch::+10pct,electronic_01,electronic,R,time_stretch,10.0,0.997182,0.879119,0.922208,0.018566
electronic_01::time_stretch::+20pct,electronic_01,electronic,R,time_stretch,20.0,0.998620,0.707903,0.920848,0.004802
electronic_01::lowpass::lp8000,electronic_01,electronic,T,lowpass,8000.0,0.999998,0.431203,0.999604,0.002895
electronic_01::lowpass::lp4000,electronic_01,electronic,T,lowpass,4000.0,0.999975,0.441031,0.998875,0.052571
electronic_01::lowpass::lp2000,electronic_01,electronic,T,lowpass,2000.0,0.999022,0.428175,0.994027,-0.006123
electronic_01::distortion::drv4,electronic_01,electronic,T,distortion,4.0,0.999998,0.998936,0.999994,0.010630
electronic_01::distortion::drv12,electronic_01,electronic,T,distortion,12.0,0.997341,0.991985,0.999875,0.020390
electronic_01::distortion::drv32,electronic_01,electronic,T,distortion,32.0,0.999364,0.901260,0.997859,0.009539
electronic_01::style_swap::swap_cross,electronic_01,electronic,S,style_swap,nan,0.937976,0.349675,0.922398,-0.064602
electronic_01::style_swap::swap_same,electronic_01,electronic,S,style_swap,nan,0.952056,0.384604,0.845884,0.011708
electronic_02::control::ctrl,electronic_02,electronic,control,control,0.0,1.000000,0.996412,0.999951,0.000000
electronic_02::pitch_shift::-4st,electronic_02,electronic,H,pitch_shift,-4.0,0.845970,0.357292,0.986437,-0.041714
electronic_02::pitch_shift::-2st,electronic_02,electronic,H,pitch_shift,-2.0,0.933650,0.499879,0.991978,-0.016801
electronic_02::pitch_shift::-1st,electronic_02,electronic,H,pitch_shift,-1.0,0.854283,0.670267,0.994387,-0.010210
electronic_02::pitch_shift::+1st,electronic_02,electronic,H,pitch_shift,1.0,0.840383,0.829232,0.993616,-0.018424
electronic_02::pitch_shift::+2st,electronic_02,electronic,H,pitch_shift,2.0,0.925749,0.748019,0.989283,-0.018045
electronic_02::pitch_shift::+4st,electronic_02,electronic,H,pitch_shift,4.0,0.844764,0.632716,0.976408,-0.033341
electronic_02::time_stretch::-20pct,electronic_02,electronic,R,time_stretch,-20.0,0.996420,0.801553,0.618707,-0.004561
electronic_02::time_stretch::-10pct,electronic_02,electronic,R,time_stretch,-10.0,0.998428,0.833060,0.675261,0.002643
electronic_02::time_stretch::-5pct,electronic_02,electronic,R,time_stretch,-5.0,0.999666,0.859886,0.730423,0.009740
electronic_02::time_stretch::+5pct,electronic_02,electronic,R,time_stretch,5.0,0.998677,0.854712,0.754316,0.016189
electronic_02::time_stretch::+10pct,electronic_02,electronic,R,time_stretch,10.0,0.998863,0.840921,0.695875,-0.003397
electronic_02::time_stretch::+20pct,electronic_02,electronic,R,time_stretch,20.0,0.998254,0.831386,0.598947,0.016189
electronic_02::lowpass::lp8000,electronic_02,electronic,T,lowpass,8000.0,0.999868,0.367913,0.999430,-0.004913
electronic_02::lowpass::lp4000,electronic_02,electronic,T,lowpass,4000.0,0.999871,0.384484,0.998986,-0.083774
electronic_02::lowpass::lp2000,electronic_02,electronic,T,lowpass,2000.0,0.999789,0.367604,0.997399,-0.110864
electronic_02::distortion::drv4,electronic_02,electronic,T,distortion,4.0,0.999855,0.405606,0.980504,-0.021484
electronic_02::distortion::drv12,electronic_02,electronic,T,distortion,12.0,0.998243,0.371171,0.961512,-0.050760
electronic_02::distortion::drv32,electronic_02,electronic,T,distortion,32.0,0.996908,0.362562,0.952877,-0.075603
electronic_02::style_swap::swap_cross,electronic_02,electronic,S,style_swap,nan,0.960120,0.354984,0.585917,-0.256591
electronic_02::style_swap::swap_same,electronic_02,electronic,S,style_swap,nan,0.884276,0.331471,0.669026,-0.274341
electronic_03::control::ctrl,electronic_03,electronic,control,control,0.0,1.000000,1.000000,1.000000,0.000000
electronic_03::pitch_shift::-4st,electronic_03,electronic,H,pitch_shift,-4.0,0.788346,0.519168,0.984427,-0.056948
electronic_03::pitch_shift::-2st,electronic_03,electronic,H,pitch_shift,-2.0,0.896738,0.691159,0.993354,-0.029598
electronic_03::pitch_shift::-1st,electronic_03,electronic,H,pitch_shift,-1.0,0.844839,0.819591,0.996090,-0.037652
electronic_03::pitch_shift::+1st,electronic_03,electronic,H,pitch_shift,1.0,0.835002,0.836081,0.994608,-0.041803
electronic_03::pitch_shift::+2st,electronic_03,electronic,H,pitch_shift,2.0,0.882757,0.749434,0.989889,-0.064245
electronic_03::pitch_shift::+4st,electronic_03,electronic,H,pitch_shift,4.0,0.779014,0.609306,0.970904,-0.108819
electronic_03::time_stretch::-20pct,electronic_03,electronic,R,time_stretch,-20.0,0.985607,0.879953,0.521783,0.012717
electronic_03::time_stretch::-10pct,electronic_03,electronic,R,time_stretch,-10.0,0.987852,0.913809,0.608954,0.017303
electronic_03::time_stretch::-5pct,electronic_03,electronic,R,time_stretch,-5.0,0.983866,0.926579,0.673739,0.006315
electronic_03::time_stretch::+5pct,electronic_03,electronic,R,time_stretch,5.0,0.975732,0.938414,0.671795,0.029585
electronic_03::time_stretch::+10pct,electronic_03,electronic,R,time_stretch,10.0,0.988753,0.900945,0.608096,-0.000915
electronic_03::time_stretch::+20pct,electronic_03,electronic,R,time_stretch,20.0,0.967919,0.869285,0.529469,0.000232
electronic_03::lowpass::lp8000,electronic_03,electronic,T,lowpass,8000.0,0.999988,0.460280,0.997180,0.001549
electronic_03::lowpass::lp4000,electronic_03,electronic,T,lowpass,4000.0,0.999992,0.443416,0.987591,-0.061737
electronic_03::lowpass::lp2000,electronic_03,electronic,T,lowpass,2000.0,0.999898,0.405602,0.973443,-0.060770
electronic_03::distortion::drv4,electronic_03,electronic,T,distortion,4.0,0.999817,0.727611,0.997881,-0.002392
electronic_03::distortion::drv12,electronic_03,electronic,T,distortion,12.0,0.998965,0.570448,0.989218,-0.051945
electronic_03::distortion::drv32,electronic_03,electronic,T,distortion,32.0,0.997222,0.489519,0.970613,-0.108131
electronic_03::style_swap::swap_cross,electronic_03,electronic,S,style_swap,nan,0.742728,0.422853,0.510899,-0.327374
electronic_03::style_swap::swap_same,electronic_03,electronic,S,style_swap,nan,0.883613,0.535962,0.482211,-0.283978
electronic_04::control::ctrl,electronic_04,electronic,control,control,0.0,1.000000,1.000000,1.000000,0.000000
electronic_04::pitch_shift::-4st,electronic_04,electronic,H,pitch_shift,-4.0,0.808084,0.456859,0.981981,-0.079292
electronic_04::pitch_shift::-2st,electronic_04,electronic,H,pitch_shift,-2.0,0.892388,0.592037,0.989689,-0.035262
electronic_04::pitch_shift::-1st,electronic_04,electronic,H,pitch_shift,-1.0,0.967084,0.761149,0.992983,-0.018120
electronic_04::pitch_shift::+1st,electronic_04,electronic,H,pitch_shift,1.0,0.952675,0.871977,0.991361,-0.021118
electronic_04::pitch_shift::+2st,electronic_04,electronic,H,pitch_shift,2.0,0.890415,0.783176,0.988609,-0.026107
electronic_04::pitch_shift::+4st,electronic_04,electronic,H,pitch_shift,4.0,0.754312,0.667644,0.978209,-0.052757
electronic_04::time_stretch::-20pct,electronic_04,electronic,R,time_stretch,-20.0,0.984433,0.910148,0.626316,-0.004033
electronic_04::time_stretch::-10pct,electronic_04,electronic,R,time_stretch,-10.0,0.980080,0.915711,0.677188,0.005967
electronic_04::time_stretch::-5pct,electronic_04,electronic,R,time_stretch,-5.0,0.981175,0.938481,0.746494,-0.015352
electronic_04::time_stretch::+5pct,electronic_04,electronic,R,time_stretch,5.0,0.961583,0.953011,0.746255,-0.015550
electronic_04::time_stretch::+10pct,electronic_04,electronic,R,time_stretch,10.0,0.980164,0.945289,0.610677,-0.023638
electronic_04::time_stretch::+20pct,electronic_04,electronic,R,time_stretch,20.0,0.976533,0.930077,0.672330,-0.015621
electronic_04::lowpass::lp8000,electronic_04,electronic,T,lowpass,8000.0,0.998054,0.451174,0.997851,-0.010825
electronic_04::lowpass::lp4000,electronic_04,electronic,T,lowpass,4000.0,0.983855,0.445069,0.988253,-0.065509
electronic_04::lowpass::lp2000,electronic_04,electronic,T,lowpass,2000.0,0.998193,0.436671,0.966454,-0.059142
electronic_04::distortion::drv4,electronic_04,electronic,T,distortion,4.0,0.988275,0.960242,0.999833,-0.004369
electronic_04::distortion::drv12,electronic_04,electronic,T,distortion,12.0,0.984722,0.839189,0.998119,-0.010219
electronic_04::distortion::drv32,electronic_04,electronic,T,distortion,32.0,0.984007,0.707193,0.992370,-0.029142
electronic_04::style_swap::swap_cross,electronic_04,electronic,S,style_swap,nan,0.870442,0.476422,0.744885,-0.141388
electronic_04::style_swap::swap_same,electronic_04,electronic,S,style_swap,nan,0.932752,0.410372,0.629456,-0.128371
electronic_05::control::ctrl,electronic_05,electronic,control,control,0.0,1.000000,1.000000,1.000000,0.000000
electronic_05::pitch_shift::-4st,electronic_05,electronic,H,pitch_shift,-4.0,0.978700,0.503432,0.977032,-0.015046
electronic_05::pitch_shift::-2st,electronic_05,electronic,H,pitch_shift,-2.0,0.988706,0.695381,0.990629,-0.014983
electronic_05::pitch_shift::-1st,electronic_05,electronic,H,pitch_shift,-1.0,0.989157,0.820012,0.994975,-0.033935
electronic_05::pitch_shift::+1st,electronic_05,electronic,H,pitch_shift,1.0,0.988240,0.872107,0.989440,-0.011002
electronic_05::pitch_shift::+2st,electronic_05,electronic,H,pitch_shift,2.0,0.989525,0.809081,0.975186,-0.043076
electronic_05::pitch_shift::+4st,electronic_05,electronic,H,pitch_shift,4.0,0.987495,0.747371,0.959450,-0.033343
electronic_05::time_stretch::-20pct,electronic_05,electronic,R,time_stretch,-20.0,0.998991,0.844281,0.467838,-0.021863
electronic_05::time_stretch::-10pct,electronic_05,electronic,R,time_stretch,-10.0,0.998786,0.899849,0.568484,-0.012338
electronic_05::time_stretch::-5pct,electronic_05,electronic,R,time_stretch,-5.0,0.998986,0.910747,0.661874,-0.019359
electronic_05::time_stretch::+5pct,electronic_05,electronic,R,time_stretch,5.0,0.999055,0.913016,0.658398,0.000903
electronic_05::time_stretch::+10pct,electronic_05,electronic,R,time_stretch,10.0,0.998973,0.897789,0.578170,-0.024598
electronic_05::time_stretch::+20pct,electronic_05,electronic,R,time_stretch,20.0,0.998467,0.860478,0.467838,-0.032817
electronic_05::lowpass::lp8000,electronic_05,electronic,T,lowpass,8000.0,0.999999,0.419915,0.998368,-0.002081
electronic_05::lowpass::lp4000,electronic_05,electronic,T,lowpass,4000.0,0.999999,0.422606,0.995605,-0.054245
electronic_05::lowpass::lp2000,electronic_05,electronic,T,lowpass,2000.0,0.999995,0.413037,0.991329,-0.043577
electronic_05::distortion::drv4,electronic_05,electronic,T,distortion,4.0,0.999863,0.805368,0.972337,0.008670
electronic_05::distortion::drv12,electronic_05,electronic,T,distortion,12.0,0.999138,0.585290,0.927254,-0.023994
electronic_05::distortion::drv32,electronic_05,electronic,T,distortion,32.0,0.998450,0.496780,0.891219,-0.020698
electronic_05::style_swap::swap_cross,electronic_05,electronic,S,style_swap,nan,0.938175,0.387429,0.594592,-0.253667
electronic_05::style_swap::swap_same,electronic_05,electronic,S,style_swap,nan,0.910941,0.397804,0.654683,-0.356955
electronic_06::control::ctrl,electronic_06,electronic,control,control,0.0,1.000000,0.999940,1.000000,0.000000
electronic_06::pitch_shift::-4st,electronic_06,electronic,H,pitch_shift,-4.0,0.801638,0.535909,0.984719,0.002341
electronic_06::pitch_shift::-2st,electronic_06,electronic,H,pitch_shift,-2.0,0.885413,0.694041,0.991747,0.016915
electronic_06::pitch_shift::-1st,electronic_06,electronic,H,pitch_shift,-1.0,0.939431,0.818481,0.994250,0.034470
electronic_06::pitch_shift::+1st,electronic_06,electronic,H,pitch_shift,1.0,0.942709,0.808613,0.992435,0.026949
electronic_06::pitch_shift::+2st,electronic_06,electronic,H,pitch_shift,2.0,0.899256,0.695582,0.988879,0.066451
electronic_06::pitch_shift::+4st,electronic_06,electronic,H,pitch_shift,4.0,0.872575,0.599894,0.976788,-0.027907
electronic_06::time_stretch::-20pct,electronic_06,electronic,R,time_stretch,-20.0,0.993339,0.871466,0.492556,0.052791
electronic_06::time_stretch::-10pct,electronic_06,electronic,R,time_stretch,-10.0,0.997488,0.866716,0.571162,0.023590
electronic_06::time_stretch::-5pct,electronic_06,electronic,R,time_stretch,-5.0,0.996762,0.911930,0.632895,0.019498
electronic_06::time_stretch::+5pct,electronic_06,electronic,R,time_stretch,5.0,0.990592,0.931519,0.663356,0.005798
electronic_06::time_stretch::+10pct,electronic_06,electronic,R,time_stretch,10.0,0.998148,0.895563,0.620403,0.052480
electronic_06::time_stretch::+20pct,electronic_06,electronic,R,time_stretch,20.0,0.994743,0.868249,0.492386,0.070697
electronic_06::lowpass::lp8000,electronic_06,electronic,T,lowpass,8000.0,0.999429,0.507961,0.996631,0.002282
electronic_06::lowpass::lp4000,electronic_06,electronic,T,lowpass,4000.0,0.999979,0.460765,0.985038,-0.036607
electronic_06::lowpass::lp2000,electronic_06,electronic,T,lowpass,2000.0,0.999927,0.444382,0.898836,-0.163705
electronic_06::distortion::drv4,electronic_06,electronic,T,distortion,4.0,0.998690,0.732641,0.990820,-0.048345
electronic_06::distortion::drv12,electronic_06,electronic,T,distortion,12.0,0.997279,0.590027,0.968415,-0.137351
electronic_06::distortion::drv32,electronic_06,electronic,T,distortion,32.0,0.995958,0.517626,0.932750,-0.186386
electronic_06::style_swap::swap_cross,electronic_06,electronic,S,style_swap,nan,0.858565,0.373502,0.597204,-0.293668
electronic_06::style_swap::swap_same,electronic_06,electronic,S,style_swap,nan,0.896237,0.424328,0.492386,-0.024061
electronic_07::control::ctrl,electronic_07,electronic,control,control,0.0,1.000000,1.000000,1.000000,0.000000
electronic_07::pitch_shift::-4st,electronic_07,electronic,H,pitch_shift,-4.0,0.766359,0.362181,0.982744,-0.093439
electronic_07::pitch_shift::-2st,electronic_07,electronic,H,pitch_shift,-2.0,0.818328,0.499299,0.993122,-0.036602
electronic_07::pitch_shift::-1st,electronic_07,electronic,H,pitch_shift,-1.0,0.760908,0.683785,0.995958,-0.061110
electronic_07::pitch_shift::+1st,electronic_07,electronic,H,pitch_shift,1.0,0.754582,0.822341,0.994003,-0.057251
electronic_07::pitch_shift::+2st,electronic_07,electronic,H,pitch_shift,2.0,0.813005,0.722975,0.988890,-0.046087
electronic_07::pitch_shift::+4st,electronic_07,electronic,H,pitch_shift,4.0,0.743980,0.606290,0.976506,-0.097110
electronic_07::time_stretch::-20pct,electronic_07,electronic,R,time_stretch,-20.0,0.996410,0.873581,0.575406,-0.019834
electronic_07::time_stretch::-10pct,electronic_07,electronic,R,time_stretch,-10.0,0.997521,0.899124,0.659738,0.003255
electronic_07::time_stretch::-5pct,electronic_07,electronic,R,time_stretch,-5.0,0.996841,0.941551,0.712748,-0.005988
electronic_07::time_stretch::+5pct,electronic_07,electronic,R,time_stretch,5.0,0.995897,0.943804,0.738210,-0.007951
electronic_07::time_stretch::+10pct,electronic_07,electronic,R,time_stretch,10.0,0.996000,0.917156,0.664830,-0.008363
electronic_07::time_stretch::+20pct,electronic_07,electronic,R,time_stretch,20.0,0.995886,0.868358,0.599492,-0.005834
electronic_07::lowpass::lp8000,electronic_07,electronic,T,lowpass,8000.0,1.000000,0.369149,0.998675,0.000144
electronic_07::lowpass::lp4000,electronic_07,electronic,T,lowpass,4000.0,0.999997,0.359384,0.992886,-0.076385
electronic_07::lowpass::lp2000,electronic_07,electronic,T,lowpass,2000.0,0.999806,0.343797,0.974246,-0.107652
electronic_07::distortion::drv4,electronic_07,electronic,T,distortion,4.0,0.999882,0.435335,0.988260,-0.001935
electronic_07::distortion::drv12,electronic_07,electronic,T,distortion,12.0,0.998433,0.379037,0.962933,-0.066319
electronic_07::distortion::drv32,electronic_07,electronic,T,distortion,32.0,0.996350,0.363467,0.944004,-0.127493
electronic_07::style_swap::swap_cross,electronic_07,electronic,S,style_swap,nan,0.886094,0.417874,0.606970,-0.178161
electronic_07::style_swap::swap_same,electronic_07,electronic,S,style_swap,nan,0.882658,0.376619,0.549732,-0.316067
electronic_08::control::ctrl,electronic_08,electronic,control,control,0.0,1.000000,1.000000,1.000000,0.000000
electronic_08::pitch_shift::-4st,electronic_08,electronic,H,pitch_shift,-4.0,0.909506,0.544146,0.985908,-0.140894
electronic_08::pitch_shift::-2st,electronic_08,electronic,H,pitch_shift,-2.0,0.910801,0.705264,0.991156,-0.076516
electronic_08::pitch_shift::-1st,electronic_08,electronic,H,pitch_shift,-1.0,0.947862,0.831419,0.993665,-0.038937
electronic_08::pitch_shift::+1st,electronic_08,electronic,H,pitch_shift,1.0,0.974529,0.832712,0.990741,-0.053924
electronic_08::pitch_shift::+2st,electronic_08,electronic,H,pitch_shift,2.0,0.914278,0.718489,0.985219,-0.091740
electronic_08::pitch_shift::+4st,electronic_08,electronic,H,pitch_shift,4.0,0.909891,0.597793,0.971370,-0.156745
electronic_08::time_stretch::-20pct,electronic_08,electronic,R,time_stretch,-20.0,0.991195,0.880703,0.540490,-0.026364
electronic_08::time_stretch::-10pct,electronic_08,electronic,R,time_stretch,-10.0,0.996574,0.875521,0.479330,-0.040534
electronic_08::time_stretch::-5pct,electronic_08,electronic,R,time_stretch,-5.0,0.995708,0.930215,0.462451,-0.013672
electronic_08::time_stretch::+5pct,electronic_08,electronic,R,time_stretch,5.0,0.993494,0.928385,0.652191,-0.005168
electronic_08::time_stretch::+10pct,electronic_08,electronic,R,time_stretch,10.0,0.992757,0.883722,0.591653,-0.012870
electronic_08::time_stretch::+20pct,electronic_08,electronic,R,time_stretch,20.0,0.992174,0.871990,0.605431,-0.027004
electronic_08::lowpass::lp8000,electronic_08,electronic,T,lowpass,8000.0,0.998137,0.496135,0.997432,-0.002641
electronic_08::lowpass::lp4000,electronic_08,electronic,T,lowpass,4000.0,0.999998,0.453050,0.989490,-0.074959
electronic_08::lowpass::lp2000,electronic_08,electronic,T,lowpass,2000.0,0.996882,0.426176,0.953607,-0.158658
electronic_08::distortion::drv4,electronic_08,electronic,T,distortion,4.0,0.999749,0.673292,0.984054,-0.156505
electronic_08::distortion::drv12,electronic_08,electronic,T,distortion,12.0,0.986606,0.507479,0.962554,-0.248954
electronic_08::distortion::drv32,electronic_08,electronic,T,distortion,32.0,0.995942,0.477746,0.930002,-0.303694
electronic_08::style_swap::swap_cross,electronic_08,electronic,S,style_swap,nan,0.927107,0.453751,0.529210,-0.205594
electronic_08::style_swap::swap_same,electronic_08,electronic,S,style_swap,nan,0.863319,0.469269,0.492178,-0.235862
electronic_09::control::ctrl,electronic_09,electronic,control,control,0.0,1.000000,1.000000,1.000000,0.000000
electronic_09::pitch_shift::-4st,electronic_09,electronic,H,pitch_shift,-4.0,0.957770,0.474381,0.977524,-0.067330
electronic_09::pitch_shift::-2st,electronic_09,electronic,H,pitch_shift,-2.0,0.963454,0.655534,0.988020,-0.006681
electronic_09::pitch_shift::-1st,electronic_09,electronic,H,pitch_shift,-1.0,0.981355,0.828012,0.992868,-0.008410
electronic_09::pitch_shift::+1st,electronic_09,electronic,H,pitch_shift,1.0,0.984330,0.882311,0.993066,0.040227
electronic_09::pitch_shift::+2st,electronic_09,electronic,H,pitch_shift,2.0,0.953201,0.796113,0.988632,0.061812
electronic_09::pitch_shift::+4st,electronic_09,electronic,H,pitch_shift,4.0,0.956905,0.674835,0.978933,-0.019671
electronic_09::time_stretch::-20pct,electronic_09,electronic,R,time_stretch,-20.0,0.995559,0.897227,0.626185,0.017323
electronic_09::time_stretch::-10pct,electronic_09,electronic,R,time_stretch,-10.0,0.994832,0.925088,0.682118,0.055445
electronic_09::time_stretch::-5pct,electronic_09,electronic,R,time_stretch,-5.0,0.991302,0.942303,0.757440,0.033535
electronic_09::time_stretch::+5pct,electronic_09,electronic,R,time_stretch,5.0,0.993649,0.968324,0.793516,0.035856
electronic_09::time_stretch::+10pct,electronic_09,electronic,R,time_stretch,10.0,0.993206,0.944744,0.717924,-0.012593
electronic_09::time_stretch::+20pct,electronic_09,electronic,R,time_stretch,20.0,0.993301,0.922724,0.658349,0.005934
electronic_09::lowpass::lp8000,electronic_09,electronic,T,lowpass,8000.0,0.999474,0.483836,0.998775,0.010993
electronic_09::lowpass::lp4000,electronic_09,electronic,T,lowpass,4000.0,0.999479,0.453752,0.784357,-0.094205
electronic_09::lowpass::lp2000,electronic_09,electronic,T,lowpass,2000.0,0.999986,0.408429,0.765017,-0.114914
electronic_09::distortion::drv4,electronic_09,electronic,T,distortion,4.0,0.999442,0.695070,0.992479,-0.034296
electronic_09::distortion::drv12,electronic_09,electronic,T,distortion,12.0,0.999431,0.580273,0.976129,-0.084269
electronic_09::distortion::drv32,electronic_09,electronic,T,distortion,32.0,0.999298,0.520337,0.954315,-0.115756
electronic_09::style_swap::swap_cross,electronic_09,electronic,S,style_swap,nan,0.962967,0.540225,0.613662,-0.088667
electronic_09::style_swap::swap_same,electronic_09,electronic,S,style_swap,nan,0.892172,0.449766,0.724892,-0.054587
electronic_10::control::ctrl,electronic_10,electronic,control,control,0.0,1.000000,1.000000,1.000000,0.000000
electronic_10::pitch_shift::-4st,electronic_10,electronic,H,pitch_shift,-4.0,0.927025,0.636505,0.980922,-0.138838
electronic_10::pitch_shift::-2st,electronic_10,electronic,H,pitch_shift,-2.0,0.932425,0.759451,0.964897,-0.092001
electronic_10::pitch_shift::-1st,electronic_10,electronic,H,pitch_shift,-1.0,0.948400,0.853620,0.968715,-0.075133
electronic_10::pitch_shift::+1st,electronic_10,electronic,H,pitch_shift,1.0,0.958317,0.878046,0.994390,-0.039823
electronic_10::pitch_shift::+2st,electronic_10,electronic,H,pitch_shift,2.0,0.941951,0.801162,0.991352,-0.087768
electronic_10::pitch_shift::+4st,electronic_10,electronic,H,pitch_shift,4.0,0.926766,0.702292,0.987213,-0.090613
electronic_10::time_stretch::-20pct,electronic_10,electronic,R,time_stretch,-20.0,0.995591,0.877708,0.875370,-0.053911
electronic_10::time_stretch::-10pct,electronic_10,electronic,R,time_stretch,-10.0,0.994317,0.892442,0.886892,-0.026375
electronic_10::time_stretch::-5pct,electronic_10,electronic,R,time_stretch,-5.0,0.996870,0.917673,0.935756,-0.047145
electronic_10::time_stretch::+5pct,electronic_10,electronic,R,time_stretch,5.0,0.996779,0.913419,0.935756,-0.028320
electronic_10::time_stretch::+10pct,electronic_10,electronic,R,time_stretch,10.0,0.996600,0.888181,0.882201,-0.037971
electronic_10::time_stretch::+20pct,electronic_10,electronic,R,time_stretch,20.0,0.994582,0.875663,0.865886,-0.025993
electronic_10::lowpass::lp8000,electronic_10,electronic,T,lowpass,8000.0,0.999418,0.528164,0.998620,-0.002673
electronic_10::lowpass::lp4000,electronic_10,electronic,T,lowpass,4000.0,0.999519,0.458573,0.995015,-0.081463
electronic_10::lowpass::lp2000,electronic_10,electronic,T,lowpass,2000.0,0.999878,0.436361,0.971037,-0.100168
electronic_10::distortion::drv4,electronic_10,electronic,T,distortion,4.0,0.998247,0.775004,0.992018,-0.117500
electronic_10::distortion::drv12,electronic_10,electronic,T,distortion,12.0,0.997680,0.650700,0.967430,-0.243619
electronic_10::distortion::drv32,electronic_10,electronic,T,distortion,32.0,0.997355,0.562191,0.917529,-0.275412
electronic_10::style_swap::swap_cross,electronic_10,electronic,S,style_swap,nan,0.942699,0.416073,0.937445,-0.570664
electronic_10::style_swap::swap_same,electronic_10,electronic,S,style_swap,nan,0.859537,0.468063,0.899709,-0.174859
electronic_11::control::ctrl,electronic_11,electronic,control,control,0.0,1.000000,1.000000,1.000000,0.000000
electronic_11::pitch_shift::-4st,electronic_11,electronic,H,pitch_shift,-4.0,0.940081,0.512479,0.943036,-0.022173
electronic_11::pitch_shift::-2st,electronic_11,electronic,H,pitch_shift,-2.0,0.947287,0.673108,0.947651,-0.034623
electronic_11::pitch_shift::-1st,electronic_11,electronic,H,pitch_shift,-1.0,0.926835,0.806931,0.992266,-0.059650
electronic_11::pitch_shift::+1st,electronic_11,electronic,H,pitch_shift,1.0,0.931606,0.868722,0.946489,-0.043219
electronic_11::pitch_shift::+2st,electronic_11,electronic,H,pitch_shift,2.0,0.943596,0.795863,0.944888,-0.042939
electronic_11::pitch_shift::+4st,electronic_11,electronic,H,pitch_shift,4.0,0.933521,0.666576,0.933829,-0.094231
electronic_11::time_stretch::-20pct,electronic_11,electronic,R,time_stretch,-20.0,0.995465,0.841497,0.678113,-0.001304
electronic_11::time_stretch::-10pct,electronic_11,electronic,R,time_stretch,-10.0,0.998871,0.893133,0.740417,0.002285
electronic_11::time_stretch::-5pct,electronic_11,electronic,R,time_stretch,-5.0,0.999247,0.925802,0.799985,-0.038373
electronic_11::time_stretch::+5pct,electronic_11,electronic,R,time_stretch,5.0,0.998672,0.911701,0.796149,-0.004670
electronic_11::time_stretch::+10pct,electronic_11,electronic,R,time_stretch,10.0,0.997021,0.891625,0.730335,0.018969
electronic_11::time_stretch::+20pct,electronic_11,electronic,R,time_stretch,20.0,0.993691,0.869225,0.674220,-0.005053
electronic_11::lowpass::lp8000,electronic_11,electronic,T,lowpass,8000.0,0.999645,0.460656,0.952868,0.018651
electronic_11::lowpass::lp4000,electronic_11,electronic,T,lowpass,4000.0,0.999927,0.446934,0.936248,0.021958
electronic_11::lowpass::lp2000,electronic_11,electronic,T,lowpass,2000.0,0.999985,0.414799,0.775530,-0.021709
electronic_11::distortion::drv4,electronic_11,electronic,T,distortion,4.0,0.999866,0.755976,0.946075,-0.014737
electronic_11::distortion::drv12,electronic_11,electronic,T,distortion,12.0,0.999465,0.563732,0.804425,-0.038705
electronic_11::distortion::drv32,electronic_11,electronic,T,distortion,32.0,0.998631,0.484526,0.758402,-0.082373
electronic_11::style_swap::swap_cross,electronic_11,electronic,S,style_swap,nan,0.822051,0.442780,0.665823,-0.248203
electronic_11::style_swap::swap_same,electronic_11,electronic,S,style_swap,nan,0.954572,0.520179,0.651857,-0.179419
electronic_12::control::ctrl,electronic_12,electronic,control,control,0.0,1.000000,1.000000,1.000000,0.000000
electronic_12::pitch_shift::-4st,electronic_12,electronic,H,pitch_shift,-4.0,0.925420,0.609236,0.961234,-0.054100
electronic_12::pitch_shift::-2st,electronic_12,electronic,H,pitch_shift,-2.0,0.979892,0.741094,0.989700,-0.039123
electronic_12::pitch_shift::-1st,electronic_12,electronic,H,pitch_shift,-1.0,0.993968,0.839741,0.996838,-0.031766
electronic_12::pitch_shift::+1st,electronic_12,electronic,H,pitch_shift,1.0,0.989982,0.850082,0.992522,-0.059073
electronic_12::pitch_shift::+2st,electronic_12,electronic,H,pitch_shift,2.0,0.942538,0.718770,0.982639,-0.049771
electronic_12::pitch_shift::+4st,electronic_12,electronic,H,pitch_shift,4.0,0.873007,0.580113,0.947021,-0.081336
electronic_12::time_stretch::-20pct,electronic_12,electronic,R,time_stretch,-20.0,0.995498,0.893197,0.214705,-0.046909
electronic_12::time_stretch::-10pct,electronic_12,electronic,R,time_stretch,-10.0,0.995027,0.905504,0.353968,-0.001697
electronic_12::time_stretch::-5pct,electronic_12,electronic,R,time_stretch,-5.0,0.996156,0.933068,0.503305,-0.006758
electronic_12::time_stretch::+5pct,electronic_12,electronic,R,time_stretch,5.0,0.996165,0.956427,0.497672,-0.007655
electronic_12::time_stretch::+10pct,electronic_12,electronic,R,time_stretch,10.0,0.993028,0.931220,0.376862,-0.005207
electronic_12::time_stretch::+20pct,electronic_12,electronic,R,time_stretch,20.0,0.995701,0.903737,0.218036,-0.030817
electronic_12::lowpass::lp8000,electronic_12,electronic,T,lowpass,8000.0,1.000000,0.718590,0.999336,-0.008167
electronic_12::lowpass::lp4000,electronic_12,electronic,T,lowpass,4000.0,0.999967,0.617783,0.996177,-0.046792
electronic_12::lowpass::lp2000,electronic_12,electronic,T,lowpass,2000.0,0.999998,0.523638,0.990328,-0.077411
electronic_12::distortion::drv4,electronic_12,electronic,T,distortion,4.0,0.998066,0.772342,0.994744,-0.045707
electronic_12::distortion::drv12,electronic_12,electronic,T,distortion,12.0,0.996694,0.659340,0.979778,-0.148708
electronic_12::distortion::drv32,electronic_12,electronic,T,distortion,32.0,0.996048,0.579753,0.949473,-0.215232
electronic_12::style_swap::swap_cross,electronic_12,electronic,S,style_swap,nan,0.761492,0.406166,0.458720,-0.125392
electronic_12::style_swap::swap_same,electronic_12,electronic,S,style_swap,nan,0.859536,0.468037,0.442777,-0.277693
electronic_13::control::ctrl,electronic_13,electronic,control,control,0.0,1.000000,0.993659,0.999997,0.000000
electronic_13::pitch_shift::-4st,electronic_13,electronic,H,pitch_shift,-4.0,0.969567,0.625223,0.984863,-0.125047
electronic_13::pitch_shift::-2st,electronic_13,electronic,H,pitch_shift,-2.0,0.975931,0.764431,0.952796,-0.028219
electronic_13::pitch_shift::-1st,electronic_13,electronic,H,pitch_shift,-1.0,0.980114,0.865735,0.955272,-0.012811
electronic_13::pitch_shift::+1st,electronic_13,electronic,H,pitch_shift,1.0,0.990147,0.872457,0.951757,-0.030287
electronic_13::pitch_shift::+2st,electronic_13,electronic,H,pitch_shift,2.0,0.972824,0.775589,0.987547,-0.057764
electronic_13::pitch_shift::+4st,electronic_13,electronic,H,pitch_shift,4.0,0.962781,0.680232,0.922115,-0.094533
electronic_13::time_stretch::-20pct,electronic_13,electronic,R,time_stretch,-20.0,0.993410,0.887597,0.425459,-0.003212
electronic_13::time_stretch::-10pct,electronic_13,electronic,R,time_stretch,-10.0,0.997308,0.911817,0.505190,0.010396
electronic_13::time_stretch::-5pct,electronic_13,electronic,R,time_stretch,-5.0,0.995336,0.940400,0.594318,0.026588
electronic_13::time_stretch::+5pct,electronic_13,electronic,R,time_stretch,5.0,0.994443,0.951360,0.652717,0.002791
electronic_13::time_stretch::+10pct,electronic_13,electronic,R,time_stretch,10.0,0.993611,0.933167,0.558799,0.002424
electronic_13::time_stretch::+20pct,electronic_13,electronic,R,time_stretch,20.0,0.996648,0.887915,0.481659,-0.012459
electronic_13::lowpass::lp8000,electronic_13,electronic,T,lowpass,8000.0,0.999985,0.491318,0.998480,-0.007637
electronic_13::lowpass::lp4000,electronic_13,electronic,T,lowpass,4000.0,0.999990,0.470791,0.995247,-0.096087
electronic_13::lowpass::lp2000,electronic_13,electronic,T,lowpass,2000.0,0.999998,0.461128,0.985278,-0.102895
electronic_13::distortion::drv4,electronic_13,electronic,T,distortion,4.0,0.999837,0.856340,0.993420,-0.008099
electronic_13::distortion::drv12,electronic_13,electronic,T,distortion,12.0,0.999499,0.741137,0.977622,-0.080024
electronic_13::distortion::drv32,electronic_13,electronic,T,distortion,32.0,0.999227,0.664536,0.955131,-0.231810
electronic_13::style_swap::swap_cross,electronic_13,electronic,S,style_swap,nan,0.779592,0.418635,0.415680,-0.242979
electronic_13::style_swap::swap_same,electronic_13,electronic,S,style_swap,nan,0.968089,0.528689,0.450718,-0.391082
electronic_14::control::ctrl,electronic_14,electronic,control,control,0.0,1.000000,1.000000,1.000000,0.000000
electronic_14::pitch_shift::-4st,electronic_14,electronic,H,pitch_shift,-4.0,0.942994,0.604606,0.886363,-0.062788
electronic_14::pitch_shift::-2st,electronic_14,electronic,H,pitch_shift,-2.0,0.946014,0.769548,0.944065,-0.043285
electronic_14::pitch_shift::-1st,electronic_14,electronic,H,pitch_shift,-1.0,0.963488,0.868980,0.947205,-0.013077
electronic_14::pitch_shift::+1st,electronic_14,electronic,H,pitch_shift,1.0,0.966600,0.878262,0.943229,-0.010148
electronic_14::pitch_shift::+2st,electronic_14,electronic,H,pitch_shift,2.0,0.949568,0.797395,0.986032,-0.037371
electronic_14::pitch_shift::+4st,electronic_14,electronic,H,pitch_shift,4.0,0.944135,0.708877,0.870999,-0.046900
electronic_14::time_stretch::-20pct,electronic_14,electronic,R,time_stretch,-20.0,0.992739,0.903740,0.412135,-0.007600
electronic_14::time_stretch::-10pct,electronic_14,electronic,R,time_stretch,-10.0,0.996287,0.895170,0.579552,0.021697
electronic_14::time_stretch::-5pct,electronic_14,electronic,R,time_stretch,-5.0,0.997712,0.932380,0.689928,0.022427
electronic_14::time_stretch::+5pct,electronic_14,electronic,R,time_stretch,5.0,0.994763,0.950525,0.644494,-0.004559
electronic_14::time_stretch::+10pct,electronic_14,electronic,R,time_stretch,10.0,0.996978,0.934030,0.574338,-0.029083
electronic_14::time_stretch::+20pct,electronic_14,electronic,R,time_stretch,20.0,0.996439,0.941207,0.434703,-0.031085
electronic_14::lowpass::lp8000,electronic_14,electronic,T,lowpass,8000.0,0.999795,0.506671,0.993608,-0.009103
electronic_14::lowpass::lp4000,electronic_14,electronic,T,lowpass,4000.0,0.999959,0.470805,0.888807,-0.040734
electronic_14::lowpass::lp2000,electronic_14,electronic,T,lowpass,2000.0,0.999934,0.452129,0.874068,-0.018124
electronic_14::distortion::drv4,electronic_14,electronic,T,distortion,4.0,0.999540,0.792163,0.985038,-0.022710
electronic_14::distortion::drv12,electronic_14,electronic,T,distortion,12.0,0.998372,0.641792,0.859454,-0.132564
electronic_14::distortion::drv32,electronic_14,electronic,T,distortion,32.0,0.997578,0.553050,0.575864,-0.150516
electronic_14::style_swap::swap_cross,electronic_14,electronic,S,style_swap,nan,0.874988,0.389854,0.608194,-0.218783
electronic_14::style_swap::swap_same,electronic_14,electronic,S,style_swap,nan,0.883613,0.535980,0.395107,-0.071993
electronic_15::control::ctrl,electronic_15,electronic,control,control,0.0,1.000000,1.000000,1.000000,0.000000
electronic_15::pitch_shift::-4st,electronic_15,electronic,H,pitch_shift,-4.0,0.843030,0.474571,0.961435,-0.116288
electronic_15::pitch_shift::-2st,electronic_15,electronic,H,pitch_shift,-2.0,0.895145,0.617428,0.981473,-0.068905
electronic_15::pitch_shift::-1st,electronic_15,electronic,H,pitch_shift,-1.0,0.789040,0.675896,0.976136,-0.147870
electronic_15::pitch_shift::+1st,electronic_15,electronic,H,pitch_shift,1.0,0.779718,0.736520,0.964784,-0.082309
electronic_15::pitch_shift::+2st,electronic_15,electronic,H,pitch_shift,2.0,0.884879,0.628843,0.965273,-0.068001
electronic_15::pitch_shift::+4st,electronic_15,electronic,H,pitch_shift,4.0,0.861139,0.513669,0.963750,-0.097371
electronic_15::time_stretch::-20pct,electronic_15,electronic,R,time_stretch,-20.0,0.997421,0.748185,0.939301,-0.019691
electronic_15::time_stretch::-10pct,electronic_15,electronic,R,time_stretch,-10.0,0.999044,0.736844,0.932831,-0.004531
electronic_15::time_stretch::-5pct,electronic_15,electronic,R,time_stretch,-5.0,0.998998,0.809648,0.936439,0.000048
electronic_15::time_stretch::+5pct,electronic_15,electronic,R,time_stretch,5.0,0.998750,0.781502,0.948146,-0.016048
electronic_15::time_stretch::+10pct,electronic_15,electronic,R,time_stretch,10.0,0.999104,0.772210,0.931405,-0.002099
electronic_15::time_stretch::+20pct,electronic_15,electronic,R,time_stretch,20.0,0.998759,0.806925,0.956358,-0.017314
electronic_15::lowpass::lp8000,electronic_15,electronic,T,lowpass,8000.0,1.000000,0.486819,0.998033,0.009652
electronic_15::lowpass::lp4000,electronic_15,electronic,T,lowpass,4000.0,0.999999,0.431043,0.973596,-0.019713
electronic_15::lowpass::lp2000,electronic_15,electronic,T,lowpass,2000.0,0.999959,0.396597,0.971246,-0.026101
electronic_15::distortion::drv4,electronic_15,electronic,T,distortion,4.0,0.999999,0.955684,0.972045,-0.005454
electronic_15::distortion::drv12,electronic_15,electronic,T,distortion,12.0,0.999742,0.778311,0.975552,-0.040443
electronic_15::distortion::drv32,electronic_15,electronic,T,distortion,32.0,0.996745,0.595470,0.967717,-0.160301
electronic_15::style_swap::swap_cross,electronic_15,electronic,S,style_swap,nan,0.942812,0.412285,0.947202,-0.181789
electronic_15::style_swap::swap_same,electronic_15,electronic,S,style_swap,nan,0.875010,0.397523,0.917865,-0.167446
folk_01::control::ctrl,folk_01,folk,control,control,0.0,1.000000,1.000000,1.000000,0.000000
folk_01::pitch_shift::-4st,folk_01,folk,H,pitch_shift,-4.0,0.878954,0.513062,0.986472,-0.187789
folk_01::pitch_shift::-2st,folk_01,folk,H,pitch_shift,-2.0,0.912237,0.644607,0.994685,-0.037982
folk_01::pitch_shift::-1st,folk_01,folk,H,pitch_shift,-1.0,0.852405,0.778847,0.996476,-0.121841
folk_01::pitch_shift::+1st,folk_01,folk,H,pitch_shift,1.0,0.810990,0.785768,0.994591,-0.083751
folk_01::pitch_shift::+2st,folk_01,folk,H,pitch_shift,2.0,0.914342,0.649229,0.988916,-0.050382
folk_01::pitch_shift::+4st,folk_01,folk,H,pitch_shift,4.0,0.851277,0.527006,0.974051,-0.157230
folk_01::time_stretch::-20pct,folk_01,folk,R,time_stretch,-20.0,0.992157,0.864495,0.495693,-0.012874
folk_01::time_stretch::-10pct,folk_01,folk,R,time_stretch,-10.0,0.998729,0.893999,0.598147,-0.000738
folk_01::time_stretch::-5pct,folk_01,folk,R,time_stretch,-5.0,0.999482,0.923645,0.646605,0.001192
folk_01::time_stretch::+5pct,folk_01,folk,R,time_stretch,5.0,0.998559,0.942656,0.664253,0.008777
folk_01::time_stretch::+10pct,folk_01,folk,R,time_stretch,10.0,0.999683,0.907943,0.590399,0.011967
folk_01::time_stretch::+20pct,folk_01,folk,R,time_stretch,20.0,0.994361,0.806868,0.520984,0.016640
folk_01::lowpass::lp8000,folk_01,folk,T,lowpass,8000.0,0.999954,0.501764,0.999435,-0.006608
folk_01::lowpass::lp4000,folk_01,folk,T,lowpass,4000.0,0.999555,0.436560,0.997014,-0.076879
folk_01::lowpass::lp2000,folk_01,folk,T,lowpass,2000.0,0.998372,0.442274,0.991835,-0.117788
folk_01::distortion::drv4,folk_01,folk,T,distortion,4.0,0.999770,0.677715,0.997098,-0.021837
folk_01::distortion::drv12,folk_01,folk,T,distortion,12.0,0.993428,0.489176,0.988871,-0.072793
folk_01::distortion::drv32,folk_01,folk,T,distortion,32.0,0.996681,0.423966,0.967467,-0.183473
folk_01::style_swap::swap_cross,folk_01,folk,S,style_swap,nan,0.906383,0.349768,0.465617,-0.267978
folk_01::style_swap::swap_same,folk_01,folk,S,style_swap,nan,0.649426,0.385260,0.531447,-0.219266
folk_02::control::ctrl,folk_02,folk,control,control,0.0,1.000000,1.000000,1.000000,0.000000
folk_02::pitch_shift::-4st,folk_02,folk,H,pitch_shift,-4.0,0.796811,0.563261,0.968589,-0.158913
folk_02::pitch_shift::-2st,folk_02,folk,H,pitch_shift,-2.0,0.735278,0.685683,0.971321,-0.130196
folk_02::pitch_shift::-1st,folk_02,folk,H,pitch_shift,-1.0,0.832848,0.796791,0.990613,-0.103212
folk_02::pitch_shift::+1st,folk_02,folk,H,pitch_shift,1.0,0.801958,0.788173,0.990302,-0.119713
folk_02::pitch_shift::+2st,folk_02,folk,H,pitch_shift,2.0,0.715834,0.687594,0.988942,-0.057828
folk_02::pitch_shift::+4st,folk_02,folk,H,pitch_shift,4.0,0.796684,0.583490,0.987257,-0.155156
folk_02::time_stretch::-20pct,folk_02,folk,R,time_stretch,-20.0,0.995888,0.849372,0.832824,-0.020475
folk_02::time_stretch::-10pct,folk_02,folk,R,time_stretch,-10.0,0.999121,0.862892,0.840600,-0.035609
folk_02::time_stretch::-5pct,folk_02,folk,R,time_stretch,-5.0,0.997673,0.884274,0.871374,-0.070841
folk_02::time_stretch::+5pct,folk_02,folk,R,time_stretch,5.0,0.995773,0.864258,0.880725,-0.047887
folk_02::time_stretch::+10pct,folk_02,folk,R,time_stretch,10.0,0.998056,0.881030,0.853999,-0.066593
folk_02::time_stretch::+20pct,folk_02,folk,R,time_stretch,20.0,0.997801,0.847007,0.822141,-0.028407
folk_02::lowpass::lp8000,folk_02,folk,T,lowpass,8000.0,0.999994,0.667875,0.999496,-0.006767
folk_02::lowpass::lp4000,folk_02,folk,T,lowpass,4000.0,0.998544,0.476050,0.995762,-0.081367
folk_02::lowpass::lp2000,folk_02,folk,T,lowpass,2000.0,0.999954,0.429863,0.989002,-0.085024
folk_02::distortion::drv4,folk_02,folk,T,distortion,4.0,0.996031,0.690977,0.930826,-0.065544
folk_02::distortion::drv12,folk_02,folk,T,distortion,12.0,0.987800,0.481315,0.912690,-0.133780
folk_02::distortion::drv32,folk_02,folk,T,distortion,32.0,0.984613,0.456286,0.893513,-0.207413
folk_02::style_swap::swap_cross,folk_02,folk,S,style_swap,nan,0.890880,0.407892,0.801770,-0.293300
folk_02::style_swap::swap_same,folk_02,folk,S,style_swap,nan,0.821751,0.435787,0.841288,-0.177720
folk_03::control::ctrl,folk_03,folk,control,control,0.0,1.000000,1.000000,1.000000,0.000000
folk_03::pitch_shift::-4st,folk_03,folk,H,pitch_shift,-4.0,0.815639,0.673463,0.991103,-0.136077
folk_03::pitch_shift::-2st,folk_03,folk,H,pitch_shift,-2.0,0.803905,0.801152,0.995628,-0.067567
folk_03::pitch_shift::-1st,folk_03,folk,H,pitch_shift,-1.0,0.858944,0.877283,0.997674,-0.074444
folk_03::pitch_shift::+1st,folk_03,folk,H,pitch_shift,1.0,0.925510,0.871388,0.973880,-0.051810
folk_03::pitch_shift::+2st,folk_03,folk,H,pitch_shift,2.0,0.826017,0.780477,0.994554,-0.103918
folk_03::pitch_shift::+4st,folk_03,folk,H,pitch_shift,4.0,0.814717,0.642832,0.964077,-0.087504
folk_03::time_stretch::-20pct,folk_03,folk,R,time_stretch,-20.0,0.991551,0.887184,0.736884,-0.082297
folk_03::time_stretch::-10pct,folk_03,folk,R,time_stretch,-10.0,0.993188,0.935770,0.818383,-0.064198
folk_03::time_stretch::-5pct,folk_03,folk,R,time_stretch,-5.0,0.993005,0.947557,0.865831,-0.045459
folk_03::time_stretch::+5pct,folk_03,folk,R,time_stretch,5.0,0.989337,0.926100,0.844320,-0.066261
folk_03::time_stretch::+10pct,folk_03,folk,R,time_stretch,10.0,0.993952,0.909768,0.818858,-0.060845
folk_03::time_stretch::+20pct,folk_03,folk,R,time_stretch,20.0,0.991009,0.900325,0.773789,-0.080125
folk_03::lowpass::lp8000,folk_03,folk,T,lowpass,8000.0,0.994476,0.675563,0.998619,0.000857
folk_03::lowpass::lp4000,folk_03,folk,T,lowpass,4000.0,0.995525,0.591141,0.993953,-0.057487
folk_03::lowpass::lp2000,folk_03,folk,T,lowpass,2000.0,0.995449,0.498633,0.986788,-0.126878
folk_03::distortion::drv4,folk_03,folk,T,distortion,4.0,0.994939,0.813659,0.998427,-0.032300
folk_03::distortion::drv12,folk_03,folk,T,distortion,12.0,0.994688,0.642653,0.971034,-0.178589
folk_03::distortion::drv32,folk_03,folk,T,distortion,32.0,0.993130,0.559313,0.964637,-0.254587
folk_03::style_swap::swap_cross,folk_03,folk,S,style_swap,nan,0.802467,0.464467,0.791241,-0.283466
folk_03::style_swap::swap_same,folk_03,folk,S,style_swap,nan,0.838325,0.510036,0.864919,-0.310264
folk_04::control::ctrl,folk_04,folk,control,control,0.0,1.000000,1.000000,1.000000,0.000000
folk_04::pitch_shift::-4st,folk_04,folk,H,pitch_shift,-4.0,0.846959,0.602253,0.990526,-0.126978
folk_04::pitch_shift::-2st,folk_04,folk,H,pitch_shift,-2.0,0.855078,0.752044,0.994249,-0.012045
folk_04::pitch_shift::-1st,folk_04,folk,H,pitch_shift,-1.0,0.840427,0.862470,0.995744,-0.042476
folk_04::pitch_shift::+1st,folk_04,folk,H,pitch_shift,1.0,0.850086,0.854881,0.994292,-0.059486
folk_04::pitch_shift::+2st,folk_04,folk,H,pitch_shift,2.0,0.856204,0.741093,0.991393,-0.008753
folk_04::pitch_shift::+4st,folk_04,folk,H,pitch_shift,4.0,0.846661,0.635010,0.985004,-0.052004
folk_04::time_stretch::-20pct,folk_04,folk,R,time_stretch,-20.0,0.996187,0.870284,0.762304,-0.016632
folk_04::time_stretch::-10pct,folk_04,folk,R,time_stretch,-10.0,0.999340,0.910288,0.800697,0.022394
folk_04::time_stretch::-5pct,folk_04,folk,R,time_stretch,-5.0,0.998487,0.933594,0.848819,0.003799
folk_04::time_stretch::+5pct,folk_04,folk,R,time_stretch,5.0,0.998482,0.942642,0.845782,-0.022493
folk_04::time_stretch::+10pct,folk_04,folk,R,time_stretch,10.0,0.996912,0.921896,0.820055,-0.007131
folk_04::time_stretch::+20pct,folk_04,folk,R,time_stretch,20.0,0.995728,0.896225,0.778727,-0.035233
folk_04::lowpass::lp8000,folk_04,folk,T,lowpass,8000.0,0.999999,0.560813,0.997609,0.003097
folk_04::lowpass::lp4000,folk_04,folk,T,lowpass,4000.0,1.000000,0.507935,0.990416,0.006227
folk_04::lowpass::lp2000,folk_04,folk,T,lowpass,2000.0,0.999972,0.424061,0.975807,-0.010690
folk_04::distortion::drv4,folk_04,folk,T,distortion,4.0,0.999622,0.842631,0.995711,-0.041294
folk_04::distortion::drv12,folk_04,folk,T,distortion,12.0,0.996127,0.669891,0.984405,-0.069668
folk_04::distortion::drv32,folk_04,folk,T,distortion,32.0,0.991641,0.570901,0.973388,-0.148479
folk_04::style_swap::swap_cross,folk_04,folk,S,style_swap,nan,0.750422,0.397437,0.869201,-0.262558
folk_04::style_swap::swap_same,folk_04,folk,S,style_swap,nan,0.700553,0.469813,0.894759,-0.216127
folk_05::control::ctrl,folk_05,folk,control,control,0.0,1.000000,1.000000,1.000000,0.000000
folk_05::pitch_shift::-4st,folk_05,folk,H,pitch_shift,-4.0,0.673722,0.612274,0.977393,-0.080969
folk_05::pitch_shift::-2st,folk_05,folk,H,pitch_shift,-2.0,0.610243,0.747034,0.979503,-0.033026
folk_05::pitch_shift::-1st,folk_05,folk,H,pitch_shift,-1.0,0.579852,0.769186,0.981580,-0.051106
folk_05::pitch_shift::+1st,folk_05,folk,H,pitch_shift,1.0,0.577952,0.764399,0.981260,-0.027846
folk_05::pitch_shift::+2st,folk_05,folk,H,pitch_shift,2.0,0.623234,0.725086,0.979684,-0.016041
folk_05::pitch_shift::+4st,folk_05,folk,H,pitch_shift,4.0,0.698028,0.587355,0.993070,-0.045996
folk_05::time_stretch::-20pct,folk_05,folk,R,time_stretch,-20.0,0.990327,0.785648,0.924458,0.010113
folk_05::time_stretch::-10pct,folk_05,folk,R,time_stretch,-10.0,0.997699,0.795781,0.952065,-0.017554
folk_05::time_stretch::-5pct,folk_05,folk,R,time_stretch,-5.0,0.999302,0.764944,0.944453,-0.036874
folk_05::time_stretch::+5pct,folk_05,folk,R,time_stretch,5.0,0.998753,0.779810,0.899188,-0.012754
folk_05::time_stretch::+10pct,folk_05,folk,R,time_stretch,10.0,0.997314,0.807326,0.903653,0.000000
folk_05::time_stretch::+20pct,folk_05,folk,R,time_stretch,20.0,0.994317,0.779200,0.926269,-0.009059
folk_05::lowpass::lp8000,folk_05,folk,T,lowpass,8000.0,0.999984,0.931767,0.999961,-0.003580
folk_05::lowpass::lp4000,folk_05,folk,T,lowpass,4000.0,0.999898,0.564107,0.999644,-0.009711
folk_05::lowpass::lp2000,folk_05,folk,T,lowpass,2000.0,0.999961,0.452369,0.998639,-0.032295
folk_05::distortion::drv4,folk_05,folk,T,distortion,4.0,0.999944,0.853610,0.998292,-0.001457
folk_05::distortion::drv12,folk_05,folk,T,distortion,12.0,0.997911,0.643828,0.977718,-0.045100
folk_05::distortion::drv32,folk_05,folk,T,distortion,32.0,0.990056,0.508045,0.916282,-0.088775
folk_05::style_swap::swap_cross,folk_05,folk,S,style_swap,nan,0.914382,0.465521,0.921076,-0.133015
folk_05::style_swap::swap_same,folk_05,folk,S,style_swap,nan,0.622665,0.467365,0.874676,-0.180646
folk_06::control::ctrl,folk_06,folk,control,control,0.0,1.000000,1.000000,1.000000,0.000000
folk_06::pitch_shift::-4st,folk_06,folk,H,pitch_shift,-4.0,0.500296,0.404031,0.953257,-0.172046
folk_06::pitch_shift::-2st,folk_06,folk,H,pitch_shift,-2.0,0.483483,0.536184,0.957748,-0.096444
folk_06::pitch_shift::-1st,folk_06,folk,H,pitch_shift,-1.0,0.596279,0.696776,0.951343,-0.124082
folk_06::pitch_shift::+1st,folk_06,folk,H,pitch_shift,1.0,0.517039,0.768765,0.960053,-0.114952
folk_06::pitch_shift::+2st,folk_06,folk,H,pitch_shift,2.0,0.510201,0.652907,0.949816,-0.102825
folk_06::pitch_shift::+4st,folk_06,folk,H,pitch_shift,4.0,0.515821,0.523667,0.939218,-0.167280
folk_06::time_stretch::-20pct,folk_06,folk,R,time_stretch,-20.0,0.998066,0.827167,0.850241,-0.050512
folk_06::time_stretch::-10pct,folk_06,folk,R,time_stretch,-10.0,0.997732,0.903953,0.935872,-0.057450
folk_06::time_stretch::-5pct,folk_06,folk,R,time_stretch,-5.0,0.998912,0.924078,0.907714,-0.026484
folk_06::time_stretch::+5pct,folk_06,folk,R,time_stretch,5.0,0.998495,0.924410,0.919807,-0.035656
folk_06::time_stretch::+10pct,folk_06,folk,R,time_stretch,10.0,0.996580,0.896132,0.919507,-0.054986
folk_06::time_stretch::+20pct,folk_06,folk,R,time_stretch,20.0,0.988819,0.885489,0.851491,-0.041349
folk_06::lowpass::lp8000,folk_06,folk,T,lowpass,8000.0,1.000000,0.427535,0.998836,0.002979
folk_06::lowpass::lp4000,folk_06,folk,T,lowpass,4000.0,0.999977,0.443911,0.997363,-0.082780
folk_06::lowpass::lp2000,folk_06,folk,T,lowpass,2000.0,0.984626,0.370865,0.996223,-0.131253
folk_06::distortion::drv4,folk_06,folk,T,distortion,4.0,0.999936,0.590137,0.959201,-0.030442
folk_06::distortion::drv12,folk_06,folk,T,distortion,12.0,0.998352,0.447169,0.954708,-0.061595
folk_06::distortion::drv32,folk_06,folk,T,distortion,32.0,0.993986,0.401387,0.941684,-0.132960
folk_06::style_swap::swap_cross,folk_06,folk,S,style_swap,nan,0.744829,0.361779,0.864781,-0.217356
folk_06::style_swap::swap_same,folk_06,folk,S,style_swap,nan,0.912357,0.367504,0.921463,-0.123747
folk_07::control::ctrl,folk_07,folk,control,control,0.0,1.000000,1.000000,1.000000,0.000000
folk_07::pitch_shift::-4st,folk_07,folk,H,pitch_shift,-4.0,0.796288,0.485222,0.989629,-0.107890
folk_07::pitch_shift::-2st,folk_07,folk,H,pitch_shift,-2.0,0.758337,0.631892,0.994908,-0.151545
folk_07::pitch_shift::-1st,folk_07,folk,H,pitch_shift,-1.0,0.837187,0.759730,0.997158,-0.024896
folk_07::pitch_shift::+1st,folk_07,folk,H,pitch_shift,1.0,0.841766,0.825439,0.996121,-0.112028
folk_07::pitch_shift::+2st,folk_07,folk,H,pitch_shift,2.0,0.752165,0.729531,0.993679,-0.168879
folk_07::pitch_shift::+4st,folk_07,folk,H,pitch_shift,4.0,0.772593,0.605629,0.988609,-0.150423
folk_07::time_stretch::-20pct,folk_07,folk,R,time_stretch,-20.0,0.995666,0.877189,0.839778,0.035454
folk_07::time_stretch::-10pct,folk_07,folk,R,time_stretch,-10.0,0.997092,0.897870,0.858352,0.012789
folk_07::time_stretch::-5pct,folk_07,folk,R,time_stretch,-5.0,0.995620,0.925962,0.900884,0.035466
folk_07::time_stretch::+5pct,folk_07,folk,R,time_stretch,5.0,0.996632,0.942170,0.882766,-0.004410
folk_07::time_stretch::+10pct,folk_07,folk,R,time_stretch,10.0,0.996419,0.906290,0.858754,-0.027089
folk_07::time_stretch::+20pct,folk_07,folk,R,time_stretch,20.0,0.992525,0.865471,0.831519,-0.040520
folk_07::lowpass::lp8000,folk_07,folk,T,lowpass,8000.0,0.999943,0.448054,0.998557,-0.002223
folk_07::lowpass::lp4000,folk_07,folk,T,lowpass,4000.0,0.999932,0.422538,0.995446,-0.083627
folk_07::lowpass::lp2000,folk_07,folk,T,lowpass,2000.0,0.999721,0.408585,0.990009,-0.106902
folk_07::distortion::drv4,folk_07,folk,T,distortion,4.0,0.999439,0.821782,0.999053,-0.006542
folk_07::distortion::drv12,folk_07,folk,T,distortion,12.0,0.995280,0.668084,0.994791,-0.044591
folk_07::distortion::drv32,folk_07,folk,T,distortion,32.0,0.989306,0.542108,0.986895,-0.099223
folk_07::style_swap::swap_cross,folk_07,folk,S,style_swap,nan,0.848329,0.457508,0.836980,-0.201016
folk_07::style_swap::swap_same,folk_07,folk,S,style_swap,nan,0.754787,0.436250,0.891110,-0.175543
folk_08::control::ctrl,folk_08,folk,control,control,0.0,1.000000,1.000000,1.000000,0.000000
folk_08::pitch_shift::-4st,folk_08,folk,H,pitch_shift,-4.0,0.810933,0.608810,0.984338,-0.073138
folk_08::pitch_shift::-2st,folk_08,folk,H,pitch_shift,-2.0,0.780303,0.768596,0.989728,-0.075297
folk_08::pitch_shift::-1st,folk_08,folk,H,pitch_shift,-1.0,0.738483,0.865862,0.992898,-0.061794
folk_08::pitch_shift::+1st,folk_08,folk,H,pitch_shift,1.0,0.762857,0.871169,0.991097,-0.069638
folk_08::pitch_shift::+2st,folk_08,folk,H,pitch_shift,2.0,0.788813,0.787715,0.987984,-0.055463
folk_08::pitch_shift::+4st,folk_08,folk,H,pitch_shift,4.0,0.797620,0.666384,0.978907,-0.058770
folk_08::time_stretch::-20pct,folk_08,folk,R,time_stretch,-20.0,0.996383,0.881054,0.652567,-0.015092
folk_08::time_stretch::-10pct,folk_08,folk,R,time_stretch,-10.0,0.998251,0.892354,0.714180,0.025501
folk_08::time_stretch::-5pct,folk_08,folk,R,time_stretch,-5.0,0.999187,0.918965,0.777099,0.010264
folk_08::time_stretch::+5pct,folk_08,folk,R,time_stretch,5.0,0.998629,0.915886,0.774553,0.007633
folk_08::time_stretch::+10pct,folk_08,folk,R,time_stretch,10.0,0.996543,0.893937,0.724309,-0.036515
folk_08::time_stretch::+20pct,folk_08,folk,R,time_stretch,20.0,0.995640,0.866691,0.676682,-0.043838
folk_08::lowpass::lp8000,folk_08,folk,T,lowpass,8000.0,0.999987,0.483058,0.993999,-0.002649
folk_08::lowpass::lp4000,folk_08,folk,T,lowpass,4000.0,0.999998,0.464628,0.983183,-0.008485
folk_08::lowpass::lp2000,folk_08,folk,T,lowpass,2000.0,0.999909,0.432986,0.931780,-0.039800
folk_08::distortion::drv4,folk_08,folk,T,distortion,4.0,0.999216,0.766026,0.989841,-0.015750
folk_08::distortion::drv12,folk_08,folk,T,distortion,12.0,0.994358,0.597911,0.972681,-0.083807
folk_08::distortion::drv32,folk_08,folk,T,distortion,32.0,0.992595,0.522198,0.945810,-0.197125
folk_08::style_swap::swap_cross,folk_08,folk,S,style_swap,nan,0.824456,0.540516,0.746490,-0.255426
folk_08::style_swap::swap_same,folk_08,folk,S,style_swap,nan,0.869323,0.538745,0.808247,-0.142560
folk_09::control::ctrl,folk_09,folk,control,control,0.0,1.000000,1.000000,1.000000,0.000000
folk_09::pitch_shift::-4st,folk_09,folk,H,pitch_shift,-4.0,0.865885,0.553797,0.985436,-0.113572
folk_09::pitch_shift::-2st,folk_09,folk,H,pitch_shift,-2.0,0.940847,0.723729,0.993925,-0.052016
folk_09::pitch_shift::-1st,folk_09,folk,H,pitch_shift,-1.0,0.963725,0.836714,0.996171,-0.032986
folk_09::pitch_shift::+1st,folk_09,folk,H,pitch_shift,1.0,0.958602,0.870164,0.994392,-0.047105
folk_09::pitch_shift::+2st,folk_09,folk,H,pitch_shift,2.0,0.938384,0.778089,0.990621,-0.140375
folk_09::pitch_shift::+4st,folk_09,folk,H,pitch_shift,4.0,0.862821,0.654272,0.981860,-0.141732
folk_09::time_stretch::-20pct,folk_09,folk,R,time_stretch,-20.0,0.990226,0.863164,0.658819,0.002848
folk_09::time_stretch::-10pct,folk_09,folk,R,time_stretch,-10.0,0.995980,0.899189,0.711750,-0.023905
folk_09::time_stretch::-5pct,folk_09,folk,R,time_stretch,-5.0,0.994901,0.918056,0.777304,0.013658
folk_09::time_stretch::+5pct,folk_09,folk,R,time_stretch,5.0,0.994850,0.931791,0.782942,-0.059645
folk_09::time_stretch::+10pct,folk_09,folk,R,time_stretch,10.0,0.996361,0.902874,0.728273,-0.054939
folk_09::time_stretch::+20pct,folk_09,folk,R,time_stretch,20.0,0.991917,0.895463,0.711820,0.009871
folk_09::lowpass::lp8000,folk_09,folk,T,lowpass,8000.0,0.999992,0.470127,0.996938,0.010454
folk_09::lowpass::lp4000,folk_09,folk,T,lowpass,4000.0,0.999984,0.451317,0.989423,-0.148827
folk_09::lowpass::lp2000,folk_09,folk,T,lowpass,2000.0,0.999990,0.432733,0.979228,-0.211206
folk_09::distortion::drv4,folk_09,folk,T,distortion,4.0,0.998810,0.756620,0.990994,-0.157438
folk_09::distortion::drv12,folk_09,folk,T,distortion,12.0,0.995673,0.575161,0.971065,-0.341270
folk_09::distortion::drv32,folk_09,folk,T,distortion,32.0,0.994280,0.493401,0.944556,-0.368544
folk_09::style_swap::swap_cross,folk_09,folk,S,style_swap,nan,0.930703,0.480277,0.718031,-0.219606
folk_09::style_swap::swap_same,folk_09,folk,S,style_swap,nan,0.861831,0.432369,0.746361,-0.234521
folk_10::control::ctrl,folk_10,folk,control,control,0.0,1.000000,1.000000,1.000000,0.000000
folk_10::pitch_shift::-4st,folk_10,folk,H,pitch_shift,-4.0,0.935137,0.588600,0.967596,-0.065127
folk_10::pitch_shift::-2st,folk_10,folk,H,pitch_shift,-2.0,0.932327,0.752926,0.971289,-0.023737
folk_10::pitch_shift::-1st,folk_10,folk,H,pitch_shift,-1.0,0.951001,0.870185,0.996584,-0.054650
folk_10::pitch_shift::+1st,folk_10,folk,H,pitch_shift,1.0,0.952685,0.870085,0.994526,-0.062994
folk_10::pitch_shift::+2st,folk_10,folk,H,pitch_shift,2.0,0.927634,0.780636,0.990642,-0.000989
folk_10::pitch_shift::+4st,folk_10,folk,H,pitch_shift,4.0,0.919946,0.640190,0.959549,-0.064091
folk_10::time_stretch::-20pct,folk_10,folk,R,time_stretch,-20.0,0.997931,0.885518,0.687055,-0.021640
folk_10::time_stretch::-10pct,folk_10,folk,R,time_stretch,-10.0,0.998570,0.907758,0.728172,-0.000697
folk_10::time_stretch::-5pct,folk_10,folk,R,time_stretch,-5.0,0.998818,0.935065,0.807426,-0.014427
folk_10::time_stretch::+5pct,folk_10,folk,R,time_stretch,5.0,0.999341,0.960076,0.797580,-0.044758
folk_10::time_stretch::+10pct,folk_10,folk,R,time_stretch,10.0,0.998624,0.933906,0.763216,-0.029998
folk_10::time_stretch::+20pct,folk_10,folk,R,time_stretch,20.0,0.995309,0.906435,0.721414,-0.016354
folk_10::lowpass::lp8000,folk_10,folk,T,lowpass,8000.0,0.999222,0.505129,0.997304,0.000642
folk_10::lowpass::lp4000,folk_10,folk,T,lowpass,4000.0,1.000000,0.490194,0.987515,-0.037176
folk_10::lowpass::lp2000,folk_10,folk,T,lowpass,2000.0,0.999894,0.446114,0.966547,-0.041691
folk_10::distortion::drv4,folk_10,folk,T,distortion,4.0,0.999536,0.766818,0.994307,-0.058391
folk_10::distortion::drv12,folk_10,folk,T,distortion,12.0,0.998239,0.615445,0.960896,-0.179614
folk_10::distortion::drv32,folk_10,folk,T,distortion,32.0,0.997095,0.535203,0.950797,-0.347729
folk_10::style_swap::swap_cross,folk_10,folk,S,style_swap,nan,0.960052,0.507955,0.706733,-0.296265
folk_10::style_swap::swap_same,folk_10,folk,S,style_swap,nan,0.830953,0.557990,0.737053,-0.328922
folk_11::control::ctrl,folk_11,folk,control,control,0.0,1.000000,1.000000,1.000000,0.000000
folk_11::pitch_shift::-4st,folk_11,folk,H,pitch_shift,-4.0,0.823410,0.607324,0.985444,-0.045898
folk_11::pitch_shift::-2st,folk_11,folk,H,pitch_shift,-2.0,0.787050,0.756220,0.997408,-0.063045
folk_11::pitch_shift::-1st,folk_11,folk,H,pitch_shift,-1.0,0.758217,0.851467,0.998039,-0.032436
folk_11::pitch_shift::+1st,folk_11,folk,H,pitch_shift,1.0,0.776034,0.850788,0.997539,-0.069996
folk_11::pitch_shift::+2st,folk_11,folk,H,pitch_shift,2.0,0.774301,0.753952,0.996344,0.008822
folk_11::pitch_shift::+4st,folk_11,folk,H,pitch_shift,4.0,0.821165,0.652431,0.993776,-0.018741
folk_11::time_stretch::-20pct,folk_11,folk,R,time_stretch,-20.0,0.979053,0.826716,0.943455,-0.024111
folk_11::time_stretch::-10pct,folk_11,folk,R,time_stretch,-10.0,0.990924,0.897473,0.916636,-0.022237
folk_11::time_stretch::-5pct,folk_11,folk,R,time_stretch,-5.0,0.991481,0.911246,0.928683,0.002520
folk_11::time_stretch::+5pct,folk_11,folk,R,time_stretch,5.0,0.994453,0.891031,0.934209,0.001482
folk_11::time_stretch::+10pct,folk_11,folk,R,time_stretch,10.0,0.994452,0.886722,0.924589,-0.032680
folk_11::time_stretch::+20pct,folk_11,folk,R,time_stretch,20.0,0.982158,0.861838,0.953648,-0.048247
folk_11::lowpass::lp8000,folk_11,folk,T,lowpass,8000.0,0.999987,0.531838,0.998616,-0.006902
folk_11::lowpass::lp4000,folk_11,folk,T,lowpass,4000.0,0.999987,0.479082,0.984700,-0.001543
folk_11::lowpass::lp2000,folk_11,folk,T,lowpass,2000.0,0.999960,0.422928,0.977393,-0.009920
folk_11::distortion::drv4,folk_11,folk,T,distortion,4.0,0.999940,0.907840,0.999472,-0.006432
folk_11::distortion::drv12,folk_11,folk,T,distortion,12.0,0.997168,0.707003,0.997050,-0.054083
folk_11::distortion::drv32,folk_11,folk,T,distortion,32.0,0.990868,0.568636,0.993101,-0.233693
folk_11::style_swap::swap_cross,folk_11,folk,S,style_swap,nan,0.896859,0.524589,0.925201,-0.175949
folk_11::style_swap::swap_same,folk_11,folk,S,style_swap,nan,0.761931,0.544451,0.916636,-0.173010
folk_12::control::ctrl,folk_12,folk,control,control,0.0,1.000000,1.000000,1.000000,0.000000
folk_12::pitch_shift::-4st,folk_12,folk,H,pitch_shift,-4.0,0.507928,0.636724,0.913367,-0.084452
folk_12::pitch_shift::-2st,folk_12,folk,H,pitch_shift,-2.0,0.383017,0.782682,0.993526,-0.067551
folk_12::pitch_shift::-1st,folk_12,folk,H,pitch_shift,-1.0,0.536185,0.859081,0.996037,-0.054840
folk_12::pitch_shift::+1st,folk_12,folk,H,pitch_shift,1.0,0.596550,0.795066,0.970446,-0.067432
folk_12::pitch_shift::+2st,folk_12,folk,H,pitch_shift,2.0,0.427527,0.692987,0.836302,-0.049764
folk_12::pitch_shift::+4st,folk_12,folk,H,pitch_shift,4.0,0.519595,0.606783,0.979174,-0.079649
folk_12::time_stretch::-20pct,folk_12,folk,R,time_stretch,-20.0,0.980174,0.859981,0.715118,-0.033955
folk_12::time_stretch::-10pct,folk_12,folk,R,time_stretch,-10.0,0.994734,0.906443,0.694796,-0.018346
folk_12::time_stretch::-5pct,folk_12,folk,R,time_stretch,-5.0,0.998175,0.899327,0.709375,-0.013805
folk_12::time_stretch::+5pct,folk_12,folk,R,time_stretch,5.0,0.997281,0.906268,0.813159,-0.024736
folk_12::time_stretch::+10pct,folk_12,folk,R,time_stretch,10.0,0.996689,0.895478,0.704135,-0.020046
folk_12::time_stretch::+20pct,folk_12,folk,R,time_stretch,20.0,0.994148,0.870858,0.718699,-0.026720
folk_12::lowpass::lp8000,folk_12,folk,T,lowpass,8000.0,1.000000,0.796595,0.999485,-0.023963
folk_12::lowpass::lp4000,folk_12,folk,T,lowpass,4000.0,0.999996,0.761859,0.998278,-0.032021
folk_12::lowpass::lp2000,folk_12,folk,T,lowpass,2000.0,0.999943,0.728126,0.867798,-0.035664
folk_12::distortion::drv4,folk_12,folk,T,distortion,4.0,0.999955,0.840241,0.998997,-0.035491
folk_12::distortion::drv12,folk_12,folk,T,distortion,12.0,0.999053,0.681044,0.859128,-0.084580
folk_12::distortion::drv32,folk_12,folk,T,distortion,32.0,0.996445,0.576462,0.885341,-0.171111
folk_12::style_swap::swap_cross,folk_12,folk,S,style_swap,nan,0.577813,0.391724,0.738923,-0.184325
folk_12::style_swap::swap_same,folk_12,folk,S,style_swap,nan,0.667599,0.518016,0.864848,-0.109183
folk_13::control::ctrl,folk_13,folk,control,control,0.0,1.000000,1.000000,1.000000,0.000000
folk_13::pitch_shift::-4st,folk_13,folk,H,pitch_shift,-4.0,0.736852,0.453050,0.973301,-0.061624
folk_13::pitch_shift::-2st,folk_13,folk,H,pitch_shift,-2.0,0.689273,0.590759,0.981148,-0.049988
folk_13::pitch_shift::-1st,folk_13,folk,H,pitch_shift,-1.0,0.642013,0.704205,0.983034,-0.039386
folk_13::pitch_shift::+1st,folk_13,folk,H,pitch_shift,1.0,0.699010,0.741353,0.982899,-0.059071
folk_13::pitch_shift::+2st,folk_13,folk,H,pitch_shift,2.0,0.683311,0.594636,0.990124,-0.063713
folk_13::pitch_shift::+4st,folk_13,folk,H,pitch_shift,4.0,0.693644,0.511952,0.988808,-0.062586
folk_13::time_stretch::-20pct,folk_13,folk,R,time_stretch,-20.0,0.994561,0.740102,0.963468,-0.032342
folk_13::time_stretch::-10pct,folk_13,folk,R,time_stretch,-10.0,0.995903,0.772294,0.964029,-0.034776
folk_13::time_stretch::-5pct,folk_13,folk,R,time_stretch,-5.0,0.998243,0.816354,0.965677,-0.012684
folk_13::time_stretch::+5pct,folk_13,folk,R,time_stretch,5.0,0.999782,0.796182,0.965235,-0.019178
folk_13::time_stretch::+10pct,folk_13,folk,R,time_stretch,10.0,0.997046,0.766353,0.971661,-0.013536
folk_13::time_stretch::+20pct,folk_13,folk,R,time_stretch,20.0,0.994722,0.738766,0.961325,-0.021187
folk_13::lowpass::lp8000,folk_13,folk,T,lowpass,8000.0,0.999938,0.423217,0.991999,0.001341
folk_13::lowpass::lp4000,folk_13,folk,T,lowpass,4000.0,0.999997,0.391271,0.997481,-0.036366
folk_13::lowpass::lp2000,folk_13,folk,T,lowpass,2000.0,0.999466,0.383959,0.984036,-0.033379
folk_13::distortion::drv4,folk_13,folk,T,distortion,4.0,0.999262,0.762219,0.984867,-0.045932
folk_13::distortion::drv12,folk_13,folk,T,distortion,12.0,0.984757,0.473816,0.974344,-0.140507
folk_13::distortion::drv32,folk_13,folk,T,distortion,32.0,0.982427,0.446027,0.978675,-0.193291
folk_13::style_swap::swap_cross,folk_13,folk,S,style_swap,nan,0.746740,0.344509,0.944921,-0.073211
folk_13::style_swap::swap_same,folk_13,folk,S,style_swap,nan,0.797704,0.450208,0.942583,-0.350238
folk_14::control::ctrl,folk_14,folk,control,control,0.0,1.000000,1.000000,1.000000,0.000000
folk_14::pitch_shift::-4st,folk_14,folk,H,pitch_shift,-4.0,0.478768,0.590467,0.994448,-0.092713
folk_14::pitch_shift::-2st,folk_14,folk,H,pitch_shift,-2.0,0.477679,0.728486,0.997708,-0.058969
folk_14::pitch_shift::-1st,folk_14,folk,H,pitch_shift,-1.0,0.541738,0.814223,0.998741,-0.043679
folk_14::pitch_shift::+1st,folk_14,folk,H,pitch_shift,1.0,0.562256,0.833753,0.978516,-0.035298
folk_14::pitch_shift::+2st,folk_14,folk,H,pitch_shift,2.0,0.465427,0.706426,0.996656,-0.036570
folk_14::pitch_shift::+4st,folk_14,folk,H,pitch_shift,4.0,0.458393,0.555620,0.992178,-0.034990
folk_14::time_stretch::-20pct,folk_14,folk,R,time_stretch,-20.0,0.989307,0.879501,0.849866,-0.020887
folk_14::time_stretch::-10pct,folk_14,folk,R,time_stretch,-10.0,0.996277,0.899465,0.893042,-0.010737
folk_14::time_stretch::-5pct,folk_14,folk,R,time_stretch,-5.0,0.997649,0.909772,0.881041,-0.009295
folk_14::time_stretch::+5pct,folk_14,folk,R,time_stretch,5.0,0.998889,0.913562,0.908071,-0.010542
folk_14::time_stretch::+10pct,folk_14,folk,R,time_stretch,10.0,0.994590,0.858819,0.881843,-0.013152
folk_14::time_stretch::+20pct,folk_14,folk,R,time_stretch,20.0,0.996401,0.831313,0.853360,0.011201
folk_14::lowpass::lp8000,folk_14,folk,T,lowpass,8000.0,0.999745,0.820257,0.999847,0.004219
folk_14::lowpass::lp4000,folk_14,folk,T,lowpass,4000.0,0.999620,0.700201,0.979266,0.001133
folk_14::lowpass::lp2000,folk_14,folk,T,lowpass,2000.0,0.999659,0.582963,0.995243,-0.026919
folk_14::distortion::drv4,folk_14,folk,T,distortion,4.0,0.998710,0.725618,0.999146,-0.031798
folk_14::distortion::drv12,folk_14,folk,T,distortion,12.0,0.995172,0.547153,0.977459,-0.071477
folk_14::distortion::drv32,folk_14,folk,T,distortion,32.0,0.983385,0.470637,0.973060,-0.249810
folk_14::style_swap::swap_cross,folk_14,folk,S,style_swap,nan,0.776983,0.426403,0.880539,-0.256544
folk_14::style_swap::swap_same,folk_14,folk,S,style_swap,nan,0.748645,0.365049,0.855415,-0.329010
folk_15::control::ctrl,folk_15,folk,control,control,0.0,1.000000,1.000000,1.000000,0.000000
folk_15::pitch_shift::-4st,folk_15,folk,H,pitch_shift,-4.0,0.897715,0.607875,0.995690,-0.035748
folk_15::pitch_shift::-2st,folk_15,folk,H,pitch_shift,-2.0,0.937496,0.731734,0.997560,-0.003321
folk_15::pitch_shift::-1st,folk_15,folk,H,pitch_shift,-1.0,0.917349,0.840958,0.997782,-0.025057
folk_15::pitch_shift::+1st,folk_15,folk,H,pitch_shift,1.0,0.913899,0.826765,0.996480,0.017131
folk_15::pitch_shift::+2st,folk_15,folk,H,pitch_shift,2.0,0.916641,0.721733,0.992556,0.043181
folk_15::pitch_shift::+4st,folk_15,folk,H,pitch_shift,4.0,0.898594,0.614817,0.986367,-0.002488
folk_15::time_stretch::-20pct,folk_15,folk,R,time_stretch,-20.0,0.986914,0.815355,0.736572,-0.008269
folk_15::time_stretch::-10pct,folk_15,folk,R,time_stretch,-10.0,0.996012,0.886717,0.791383,0.012941
folk_15::time_stretch::-5pct,folk_15,folk,R,time_stretch,-5.0,0.996604,0.928622,0.817101,-0.014693
folk_15::time_stretch::+5pct,folk_15,folk,R,time_stretch,5.0,0.997738,0.935321,0.814124,0.021184
folk_15::time_stretch::+10pct,folk_15,folk,R,time_stretch,10.0,0.994035,0.926151,0.788607,0.022544
folk_15::time_stretch::+20pct,folk_15,folk,R,time_stretch,20.0,0.985018,0.827984,0.742410,0.057790
folk_15::lowpass::lp8000,folk_15,folk,T,lowpass,8000.0,1.000000,0.745446,0.998443,0.010096
folk_15::lowpass::lp4000,folk_15,folk,T,lowpass,4000.0,0.994992,0.631605,0.970868,0.009327
folk_15::lowpass::lp2000,folk_15,folk,T,lowpass,2000.0,0.999971,0.535185,0.967161,0.032744
folk_15::distortion::drv4,folk_15,folk,T,distortion,4.0,0.999989,0.865085,0.999384,-0.000706
folk_15::distortion::drv12,folk_15,folk,T,distortion,12.0,0.999413,0.710202,0.996390,-0.000515
folk_15::distortion::drv32,folk_15,folk,T,distortion,32.0,0.997231,0.615183,0.991534,-0.052298
folk_15::style_swap::swap_cross,folk_15,folk,S,style_swap,nan,0.878508,0.462213,0.747206,-0.246591
folk_15::style_swap::swap_same,folk_15,folk,S,style_swap,nan,0.563210,0.448488,0.890076,-0.212053
jazz_01::control::ctrl,jazz_01,jazz,control,control,0.0,1.000000,1.000000,1.000000,0.000000
jazz_01::pitch_shift::-4st,jazz_01,jazz,H,pitch_shift,-4.0,0.975292,0.543517,0.985271,-0.116545
jazz_01::pitch_shift::-2st,jazz_01,jazz,H,pitch_shift,-2.0,0.986926,0.692887,0.992331,-0.055003
jazz_01::pitch_shift::-1st,jazz_01,jazz,H,pitch_shift,-1.0,0.993934,0.812792,0.995088,-0.014712
jazz_01::pitch_shift::+1st,jazz_01,jazz,H,pitch_shift,1.0,0.991914,0.849330,0.992050,-0.011776
jazz_01::pitch_shift::+2st,jazz_01,jazz,H,pitch_shift,2.0,0.985536,0.764110,0.987576,-0.011516
jazz_01::pitch_shift::+4st,jazz_01,jazz,H,pitch_shift,4.0,0.979616,0.635756,0.974542,-0.094327
jazz_01::time_stretch::-20pct,jazz_01,jazz,R,time_stretch,-20.0,0.999205,0.890005,0.520509,-0.002469
jazz_01::time_stretch::-10pct,jazz_01,jazz,R,time_stretch,-10.0,0.998930,0.895199,0.590474,0.054126
jazz_01::time_stretch::-5pct,jazz_01,jazz,R,time_stretch,-5.0,0.999205,0.910397,0.662588,-0.003286
jazz_01::time_stretch::+5pct,jazz_01,jazz,R,time_stretch,5.0,0.999122,0.929855,0.682921,0.016379
jazz_01::time_stretch::+10pct,jazz_01,jazz,R,time_stretch,10.0,0.999280,0.889230,0.615648,-0.001140
jazz_01::time_stretch::+20pct,jazz_01,jazz,R,time_stretch,20.0,0.998812,0.916045,0.533952,-0.000400
jazz_01::lowpass::lp8000,jazz_01,jazz,T,lowpass,8000.0,0.999995,0.456928,0.988913,-0.003143
jazz_01::lowpass::lp4000,jazz_01,jazz,T,lowpass,4000.0,0.999992,0.426408,0.660273,-0.061342
jazz_01::lowpass::lp2000,jazz_01,jazz,T,lowpass,2000.0,0.999948,0.404169,0.628172,-0.155628
jazz_01::distortion::drv4,jazz_01,jazz,T,distortion,4.0,0.999865,0.851955,0.995791,-0.018827
jazz_01::distortion::drv12,jazz_01,jazz,T,distortion,12.0,0.999282,0.669559,0.984332,-0.089177
jazz_01::distortion::drv32,jazz_01,jazz,T,distortion,32.0,0.999557,0.537851,0.661424,-0.174209
jazz_01::style_swap::swap_cross,jazz_01,jazz,S,style_swap,nan,0.973340,0.473619,0.479680,-0.213604
jazz_01::style_swap::swap_same,jazz_01,jazz,S,style_swap,nan,0.937352,0.470715,0.682921,-0.137146
jazz_02::control::ctrl,jazz_02,jazz,control,control,0.0,1.000000,0.999849,1.000000,0.000000
jazz_02::pitch_shift::-4st,jazz_02,jazz,H,pitch_shift,-4.0,0.973099,0.621041,0.812388,-0.016698
jazz_02::pitch_shift::-2st,jazz_02,jazz,H,pitch_shift,-2.0,0.981640,0.767071,0.817158,0.009332
jazz_02::pitch_shift::-1st,jazz_02,jazz,H,pitch_shift,-1.0,0.979613,0.861102,0.818495,-0.038758
jazz_02::pitch_shift::+1st,jazz_02,jazz,H,pitch_shift,1.0,0.977571,0.859808,0.817138,-0.013927
jazz_02::pitch_shift::+2st,jazz_02,jazz,H,pitch_shift,2.0,0.982821,0.779785,0.813774,-0.011003
jazz_02::pitch_shift::+4st,jazz_02,jazz,H,pitch_shift,4.0,0.974382,0.678027,0.805516,-0.039012
jazz_02::time_stretch::-20pct,jazz_02,jazz,R,time_stretch,-20.0,0.998382,0.865141,0.733361,0.013474
jazz_02::time_stretch::-10pct,jazz_02,jazz,R,time_stretch,-10.0,0.998819,0.888391,0.695834,-0.003705
jazz_02::time_stretch::-5pct,jazz_02,jazz,R,time_stretch,-5.0,0.999153,0.922696,0.788977,-0.013164
jazz_02::time_stretch::+5pct,jazz_02,jazz,R,time_stretch,5.0,0.999013,0.930910,0.700330,0.003562
jazz_02::time_stretch::+10pct,jazz_02,jazz,R,time_stretch,10.0,0.999461,0.912415,0.710507,-0.005764
jazz_02::time_stretch::+20pct,jazz_02,jazz,R,time_stretch,20.0,0.998452,0.886710,0.766732,0.035542
jazz_02::lowpass::lp8000,jazz_02,jazz,T,lowpass,8000.0,1.000000,0.498445,0.995507,-0.002534
jazz_02::lowpass::lp4000,jazz_02,jazz,T,lowpass,4000.0,1.000000,0.458514,0.987944,-0.047433
jazz_02::lowpass::lp2000,jazz_02,jazz,T,lowpass,2000.0,0.999951,0.438284,0.981574,-0.081318
jazz_02::distortion::drv4,jazz_02,jazz,T,distortion,4.0,0.999079,0.765838,0.963128,-0.035651
jazz_02::distortion::drv12,jazz_02,jazz,T,distortion,12.0,0.997639,0.622632,0.950938,-0.126073
jazz_02::distortion::drv32,jazz_02,jazz,T,distortion,32.0,0.996706,0.538405,0.928819,-0.254983
jazz_02::style_swap::swap_cross,jazz_02,jazz,S,style_swap,nan,0.909782,0.483636,0.771211,-0.251971
jazz_02::style_swap::swap_same,jazz_02,jazz,S,style_swap,nan,0.932449,0.491929,0.687629,-0.194311
jazz_03::control::ctrl,jazz_03,jazz,control,control,0.0,1.000000,1.000000,1.000000,0.000000
jazz_03::pitch_shift::-4st,jazz_03,jazz,H,pitch_shift,-4.0,0.971857,0.555734,0.986693,-0.038893
jazz_03::pitch_shift::-2st,jazz_03,jazz,H,pitch_shift,-2.0,0.937707,0.725728,0.991827,-0.039357
jazz_03::pitch_shift::-1st,jazz_03,jazz,H,pitch_shift,-1.0,0.956448,0.832110,0.994001,-0.016473
jazz_03::pitch_shift::+1st,jazz_03,jazz,H,pitch_shift,1.0,0.959655,0.864999,0.992075,-0.023203
jazz_03::pitch_shift::+2st,jazz_03,jazz,H,pitch_shift,2.0,0.937845,0.781688,0.987280,-0.010175
jazz_03::pitch_shift::+4st,jazz_03,jazz,H,pitch_shift,4.0,0.967205,0.699867,0.977380,-0.039084
jazz_03::time_stretch::-20pct,jazz_03,jazz,R,time_stretch,-20.0,0.998204,0.880044,0.563117,-0.006751
jazz_03::time_stretch::-10pct,jazz_03,jazz,R,time_stretch,-10.0,0.999376,0.916906,0.625293,-0.009138
jazz_03::time_stretch::-5pct,jazz_03,jazz,R,time_stretch,-5.0,0.999507,0.937941,0.691142,-0.003189
jazz_03::time_stretch::+5pct,jazz_03,jazz,R,time_stretch,5.0,0.999854,0.958307,0.718085,-0.001662
jazz_03::time_stretch::+10pct,jazz_03,jazz,R,time_stretch,10.0,0.999471,0.943104,0.657856,-0.002847
jazz_03::time_stretch::+20pct,jazz_03,jazz,R,time_stretch,20.0,0.998494,0.912599,0.577205,-0.019731
jazz_03::lowpass::lp8000,jazz_03,jazz,T,lowpass,8000.0,0.999942,0.493363,0.997350,-0.000806
jazz_03::lowpass::lp4000,jazz_03,jazz,T,lowpass,4000.0,0.999999,0.481010,0.987403,-0.026011
jazz_03::lowpass::lp2000,jazz_03,jazz,T,lowpass,2000.0,0.999993,0.464726,0.961541,-0.031566
jazz_03::distortion::drv4,jazz_03,jazz,T,distortion,4.0,0.998592,0.783133,0.994045,-0.023183
jazz_03::distortion::drv12,jazz_03,jazz,T,distortion,12.0,0.997305,0.621797,0.980864,-0.037528
jazz_03::distortion::drv32,jazz_03,jazz,T,distortion,32.0,0.996960,0.549118,0.959238,-0.121020
jazz_03::style_swap::swap_cross,jazz_03,jazz,S,style_swap,nan,0.827302,0.406029,0.796099,-0.325907
jazz_03::style_swap::swap_same,jazz_03,jazz,S,style_swap,nan,0.967539,0.447431,0.558307,-0.302834
jazz_04::control::ctrl,jazz_04,jazz,control,control,0.0,1.000000,1.000000,1.000000,0.000000
jazz_04::pitch_shift::-4st,jazz_04,jazz,H,pitch_shift,-4.0,0.833330,0.601981,0.986360,-0.094270
jazz_04::pitch_shift::-2st,jazz_04,jazz,H,pitch_shift,-2.0,0.872041,0.720900,0.994618,-0.085641
jazz_04::pitch_shift::-1st,jazz_04,jazz,H,pitch_shift,-1.0,0.834219,0.843580,0.997937,-0.103216
jazz_04::pitch_shift::+1st,jazz_04,jazz,H,pitch_shift,1.0,0.839733,0.838038,0.995471,-0.050913
jazz_04::pitch_shift::+2st,jazz_04,jazz,H,pitch_shift,2.0,0.875148,0.733029,0.990999,-0.038112
jazz_04::pitch_shift::+4st,jazz_04,jazz,H,pitch_shift,4.0,0.838593,0.613456,0.975052,-0.109102
jazz_04::time_stretch::-20pct,jazz_04,jazz,R,time_stretch,-20.0,0.985616,0.846216,0.569946,-0.005743
jazz_04::time_stretch::-10pct,jazz_04,jazz,R,time_stretch,-10.0,0.990719,0.864493,0.652571,-0.010718
jazz_04::time_stretch::-5pct,jazz_04,jazz,R,time_stretch,-5.0,0.985608,0.894949,0.712546,0.004089
jazz_04::time_stretch::+5pct,jazz_04,jazz,R,time_stretch,5.0,0.985668,0.930627,0.736869,0.004802
jazz_04::time_stretch::+10pct,jazz_04,jazz,R,time_stretch,10.0,0.981871,0.917079,0.660659,0.012957
jazz_04::time_stretch::+20pct,jazz_04,jazz,R,time_stretch,20.0,0.977588,0.885510,0.594168,-0.022843
jazz_04::lowpass::lp8000,jazz_04,jazz,T,lowpass,8000.0,1.000000,0.731289,0.994781,0.004802
jazz_04::lowpass::lp4000,jazz_04,jazz,T,lowpass,4000.0,0.999960,0.665034,0.984009,-0.048903
jazz_04::lowpass::lp2000,jazz_04,jazz,T,lowpass,2000.0,0.999991,0.579879,0.974123,-0.100096
jazz_04::distortion::drv4,jazz_04,jazz,T,distortion,4.0,0.999820,0.791881,0.995591,-0.087280
jazz_04::distortion::drv12,jazz_04,jazz,T,distortion,12.0,0.997467,0.658752,0.982594,-0.283682
jazz_04::distortion::drv32,jazz_04,jazz,T,distortion,32.0,0.992587,0.587680,0.707647,-0.356495
jazz_04::style_swap::swap_cross,jazz_04,jazz,S,style_swap,nan,0.917358,0.424875,0.538177,-0.134013
jazz_04::style_swap::swap_same,jazz_04,jazz,S,style_swap,nan,0.895585,0.514792,0.736869,-0.232673
jazz_05::control::ctrl,jazz_05,jazz,control,control,0.0,1.000000,1.000000,1.000000,0.000000
jazz_05::pitch_shift::-4st,jazz_05,jazz,H,pitch_shift,-4.0,0.959421,0.650404,0.991899,-0.052577
jazz_05::pitch_shift::-2st,jazz_05,jazz,H,pitch_shift,-2.0,0.966809,0.761535,0.995693,0.002974
jazz_05::pitch_shift::-1st,jazz_05,jazz,H,pitch_shift,-1.0,0.979612,0.857148,0.996933,0.005832
jazz_05::pitch_shift::+1st,jazz_05,jazz,H,pitch_shift,1.0,0.986673,0.846987,0.996135,-0.020085
jazz_05::pitch_shift::+2st,jazz_05,jazz,H,pitch_shift,2.0,0.971964,0.755135,0.994584,-0.031562
jazz_05::pitch_shift::+4st,jazz_05,jazz,H,pitch_shift,4.0,0.959731,0.663274,0.989886,-0.047381
jazz_05::time_stretch::-20pct,jazz_05,jazz,R,time_stretch,-20.0,0.995412,0.809701,0.787335,-0.000772
jazz_05::time_stretch::-10pct,jazz_05,jazz,R,time_stretch,-10.0,0.996480,0.855129,0.822477,0.009557
jazz_05::time_stretch::-5pct,jazz_05,jazz,R,time_stretch,-5.0,0.999039,0.929356,0.857358,0.019622
jazz_05::time_stretch::+5pct,jazz_05,jazz,R,time_stretch,5.0,0.996270,0.904245,0.856847,-0.005514
jazz_05::time_stretch::+10pct,jazz_05,jazz,R,time_stretch,10.0,0.995999,0.874080,0.832511,0.015917
jazz_05::time_stretch::+20pct,jazz_05,jazz,R,time_stretch,20.0,0.989567,0.818683,0.792965,0.006491
jazz_05::lowpass::lp8000,jazz_05,jazz,T,lowpass,8000.0,0.997646,0.876395,0.999817,-0.014527
jazz_05::lowpass::lp4000,jazz_05,jazz,T,lowpass,4000.0,0.999587,0.714402,0.998929,-0.014916
jazz_05::lowpass::lp2000,jazz_05,jazz,T,lowpass,2000.0,0.999317,0.626045,0.997340,-0.048075
jazz_05::distortion::drv4,jazz_05,jazz,T,distortion,4.0,0.992547,0.819237,0.999260,-0.010984
jazz_05::distortion::drv12,jazz_05,jazz,T,distortion,12.0,0.990125,0.683214,0.997736,-0.045293
jazz_05::distortion::drv32,jazz_05,jazz,T,distortion,32.0,0.990099,0.632072,0.995908,-0.053533
jazz_05::style_swap::swap_cross,jazz_05,jazz,S,style_swap,nan,0.975000,0.388541,0.851228,-0.191606
jazz_05::style_swap::swap_same,jazz_05,jazz,S,style_swap,nan,0.958224,0.410725,0.832755,-0.072669
jazz_06::control::ctrl,jazz_06,jazz,control,control,0.0,1.000000,1.000000,1.000000,0.000000
jazz_06::pitch_shift::-4st,jazz_06,jazz,H,pitch_shift,-4.0,0.860839,0.585246,0.955348,-0.007763
jazz_06::pitch_shift::-2st,jazz_06,jazz,H,pitch_shift,-2.0,0.892401,0.730056,0.995796,0.012036
jazz_06::pitch_shift::-1st,jazz_06,jazz,H,pitch_shift,-1.0,0.892641,0.841317,0.998237,-0.020495
jazz_06::pitch_shift::+1st,jazz_06,jazz,H,pitch_shift,1.0,0.897179,0.837275,0.997313,-0.021435
jazz_06::pitch_shift::+2st,jazz_06,jazz,H,pitch_shift,2.0,0.896181,0.748724,0.960381,-0.004201
jazz_06::pitch_shift::+4st,jazz_06,jazz,H,pitch_shift,4.0,0.871706,0.650088,0.952095,-0.057115
jazz_06::time_stretch::-20pct,jazz_06,jazz,R,time_stretch,-20.0,0.996358,0.885706,0.660530,0.000750
jazz_06::time_stretch::-10pct,jazz_06,jazz,R,time_stretch,-10.0,0.997679,0.914788,0.711256,0.014043
jazz_06::time_stretch::-5pct,jazz_06,jazz,R,time_stretch,-5.0,0.998425,0.938391,0.772755,-0.012104
jazz_06::time_stretch::+5pct,jazz_06,jazz,R,time_stretch,5.0,0.997563,0.953469,0.744180,-0.014365
jazz_06::time_stretch::+10pct,jazz_06,jazz,R,time_stretch,10.0,0.996003,0.933763,0.708230,-0.040485
jazz_06::time_stretch::+20pct,jazz_06,jazz,R,time_stretch,20.0,0.997230,0.902770,0.649799,-0.019849
jazz_06::lowpass::lp8000,jazz_06,jazz,T,lowpass,8000.0,1.000000,0.572906,0.995882,-0.005699
jazz_06::lowpass::lp4000,jazz_06,jazz,T,lowpass,4000.0,1.000000,0.549055,0.982300,0.009332
jazz_06::lowpass::lp2000,jazz_06,jazz,T,lowpass,2000.0,0.999995,0.477267,0.972237,-0.036904
jazz_06::distortion::drv4,jazz_06,jazz,T,distortion,4.0,0.999972,0.911932,0.999435,0.009346
jazz_06::distortion::drv12,jazz_06,jazz,T,distortion,12.0,0.999497,0.787180,0.996933,-0.042647
jazz_06::distortion::drv32,jazz_06,jazz,T,distortion,32.0,0.997570,0.672992,0.988852,-0.142362
jazz_06::style_swap::swap_cross,jazz_06,jazz,S,style_swap,nan,0.824651,0.459862,0.640989,-0.206206
jazz_06::style_swap::swap_same,jazz_06,jazz,S,style_swap,nan,0.937220,0.413917,0.644435,-0.180599
jazz_07::control::ctrl,jazz_07,jazz,control,control,0.0,1.000000,1.000000,1.000000,0.000000
jazz_07::pitch_shift::-4st,jazz_07,jazz,H,pitch_shift,-4.0,0.973532,0.600259,0.982084,-0.050515
jazz_07::pitch_shift::-2st,jazz_07,jazz,H,pitch_shift,-2.0,0.977775,0.742799,0.990792,-0.028327
jazz_07::pitch_shift::-1st,jazz_07,jazz,H,pitch_shift,-1.0,0.968245,0.837516,0.993857,-0.054504
jazz_07::pitch_shift::+1st,jazz_07,jazz,H,pitch_shift,1.0,0.963216,0.822480,0.992155,-0.066721
jazz_07::pitch_shift::+2st,jazz_07,jazz,H,pitch_shift,2.0,0.979150,0.723557,0.989542,-0.037676
jazz_07::pitch_shift::+4st,jazz_07,jazz,H,pitch_shift,4.0,0.967627,0.617396,0.981157,-0.098734
jazz_07::time_stretch::-20pct,jazz_07,jazz,R,time_stretch,-20.0,0.999051,0.836686,0.631958,0.005002
jazz_07::time_stretch::-10pct,jazz_07,jazz,R,time_stretch,-10.0,0.999168,0.870477,0.697524,-0.003728
jazz_07::time_stretch::-5pct,jazz_07,jazz,R,time_stretch,-5.0,0.999601,0.909591,0.763236,0.014781
jazz_07::time_stretch::+5pct,jazz_07,jazz,R,time_stretch,5.0,0.999269,0.928559,0.777920,0.014410
jazz_07::time_stretch::+10pct,jazz_07,jazz,R,time_stretch,10.0,0.999098,0.907439,0.716122,0.013033
jazz_07::time_stretch::+20pct,jazz_07,jazz,R,time_stretch,20.0,0.999383,0.894195,0.662876,0.008658
jazz_07::lowpass::lp8000,jazz_07,jazz,T,lowpass,8000.0,0.999980,0.495395,0.779294,-0.001885
jazz_07::lowpass::lp4000,jazz_07,jazz,T,lowpass,4000.0,0.999996,0.466442,0.764293,-0.097878
jazz_07::lowpass::lp2000,jazz_07,jazz,T,lowpass,2000.0,0.999994,0.443111,0.747705,-0.153837
jazz_07::distortion::drv4,jazz_07,jazz,T,distortion,4.0,0.999955,0.831466,0.783638,-0.039420
jazz_07::distortion::drv12,jazz_07,jazz,T,distortion,12.0,0.999672,0.672901,0.766822,-0.186464
jazz_07::distortion::drv32,jazz_07,jazz,T,distortion,32.0,0.997720,0.591190,0.745969,-0.306360
jazz_07::style_swap::swap_cross,jazz_07,jazz,S,style_swap,nan,0.974894,0.421153,0.624288,-0.400377
jazz_07::style_swap::swap_same,jazz_07,jazz,S,style_swap,nan,0.979577,0.567352,0.684561,-0.058928
jazz_08::control::ctrl,jazz_08,jazz,control,control,0.0,1.000000,1.000000,1.000000,0.000000
jazz_08::pitch_shift::-4st,jazz_08,jazz,H,pitch_shift,-4.0,0.897363,0.598976,0.989415,-0.005342
jazz_08::pitch_shift::-2st,jazz_08,jazz,H,pitch_shift,-2.0,0.879133,0.722150,0.975681,0.005896
jazz_08::pitch_shift::-1st,jazz_08,jazz,H,pitch_shift,-1.0,0.904515,0.839311,0.997265,0.004391
jazz_08::pitch_shift::+1st,jazz_08,jazz,H,pitch_shift,1.0,0.909468,0.838389,0.996369,-0.023598
jazz_08::pitch_shift::+2st,jazz_08,jazz,H,pitch_shift,2.0,0.886784,0.733424,0.972280,-0.032692
jazz_08::pitch_shift::+4st,jazz_08,jazz,H,pitch_shift,4.0,0.895977,0.625187,0.965739,-0.065344
jazz_08::time_stretch::-20pct,jazz_08,jazz,R,time_stretch,-20.0,0.991033,0.836398,0.756731,-0.002461
jazz_08::time_stretch::-10pct,jazz_08,jazz,R,time_stretch,-10.0,0.995224,0.911014,0.814616,0.012735
jazz_08::time_stretch::-5pct,jazz_08,jazz,R,time_stretch,-5.0,0.996159,0.938048,0.836894,0.011207
jazz_08::time_stretch::+5pct,jazz_08,jazz,R,time_stretch,5.0,0.994407,0.953706,0.833367,-0.006005
jazz_08::time_stretch::+10pct,jazz_08,jazz,R,time_stretch,10.0,0.991435,0.935007,0.795431,-0.002884
jazz_08::time_stretch::+20pct,jazz_08,jazz,R,time_stretch,20.0,0.987513,0.903148,0.762393,-0.016183
jazz_08::lowpass::lp8000,jazz_08,jazz,T,lowpass,8000.0,1.000000,0.652147,0.998615,0.007393
jazz_08::lowpass::lp4000,jazz_08,jazz,T,lowpass,4000.0,1.000000,0.590164,0.972762,-0.024723
jazz_08::lowpass::lp2000,jazz_08,jazz,T,lowpass,2000.0,0.999983,0.544811,0.833876,-0.040033
jazz_08::distortion::drv4,jazz_08,jazz,T,distortion,4.0,0.999986,0.941801,0.999773,0.006187
jazz_08::distortion::drv12,jazz_08,jazz,T,distortion,12.0,0.999778,0.778938,0.997141,-0.022185
jazz_08::distortion::drv32,jazz_08,jazz,T,distortion,32.0,0.998000,0.650928,0.991095,-0.139657
jazz_08::style_swap::swap_cross,jazz_08,jazz,S,style_swap,nan,0.933218,0.452913,0.754467,-0.200912
jazz_08::style_swap::swap_same,jazz_08,jazz,S,style_swap,nan,0.894906,0.483703,0.749487,-0.089476
jazz_09::control::ctrl,jazz_09,jazz,control,control,0.0,1.000000,1.000000,1.000000,0.000000
jazz_09::pitch_shift::-4st,jazz_09,jazz,H,pitch_shift,-4.0,0.993550,0.520189,0.994295,-0.083923
jazz_09::pitch_shift::-2st,jazz_09,jazz,H,pitch_shift,-2.0,0.993295,0.668179,0.995548,-0.099066
jazz_09::pitch_shift::-1st,jazz_09,jazz,H,pitch_shift,-1.0,0.994325,0.797147,0.996291,-0.044831
jazz_09::pitch_shift::+1st,jazz_09,jazz,H,pitch_shift,1.0,0.995296,0.873630,0.986764,-0.036014
jazz_09::pitch_shift::+2st,jazz_09,jazz,H,pitch_shift,2.0,0.992981,0.778679,0.985836,-0.068600
jazz_09::pitch_shift::+4st,jazz_09,jazz,H,pitch_shift,4.0,0.993681,0.680095,0.993501,-0.057360
jazz_09::time_stretch::-20pct,jazz_09,jazz,R,time_stretch,-20.0,0.999820,0.874245,0.929123,-0.030187
jazz_09::time_stretch::-10pct,jazz_09,jazz,R,time_stretch,-10.0,0.999762,0.886338,0.925168,-0.036448
jazz_09::time_stretch::-5pct,jazz_09,jazz,R,time_stretch,-5.0,0.999676,0.937200,0.936289,-0.032845
jazz_09::time_stretch::+5pct,jazz_09,jazz,R,time_stretch,5.0,0.999825,0.907091,0.942912,-0.033786
jazz_09::time_stretch::+10pct,jazz_09,jazz,R,time_stretch,10.0,0.999663,0.884010,0.932196,-0.042899
jazz_09::time_stretch::+20pct,jazz_09,jazz,R,time_stretch,20.0,0.999407,0.893063,0.924240,-0.036448
jazz_09::lowpass::lp8000,jazz_09,jazz,T,lowpass,8000.0,1.000000,0.394304,0.991235,-0.000039
jazz_09::lowpass::lp4000,jazz_09,jazz,T,lowpass,4000.0,0.999786,0.401189,0.985243,-0.048623
jazz_09::lowpass::lp2000,jazz_09,jazz,T,lowpass,2000.0,0.999513,0.369264,0.983943,-0.101740
jazz_09::distortion::drv4,jazz_09,jazz,T,distortion,4.0,0.999959,0.945588,0.999863,-0.013232
jazz_09::distortion::drv12,jazz_09,jazz,T,distortion,12.0,0.999751,0.626861,0.989583,-0.061958
jazz_09::distortion::drv32,jazz_09,jazz,T,distortion,32.0,0.999888,0.458302,0.984396,-0.112453
jazz_09::style_swap::swap_cross,jazz_09,jazz,S,style_swap,nan,0.952617,0.472839,0.906479,-0.143462
jazz_09::style_swap::swap_same,jazz_09,jazz,S,style_swap,nan,0.973991,0.516828,0.950124,-0.141409
jazz_10::control::ctrl,jazz_10,jazz,control,control,0.0,1.000000,1.000000,1.000000,0.000000
jazz_10::pitch_shift::-4st,jazz_10,jazz,H,pitch_shift,-4.0,0.991657,0.604271,0.988564,0.013963
jazz_10::pitch_shift::-2st,jazz_10,jazz,H,pitch_shift,-2.0,0.994534,0.788766,0.994366,0.004305
jazz_10::pitch_shift::-1st,jazz_10,jazz,H,pitch_shift,-1.0,0.993905,0.890445,0.996235,0.004299
jazz_10::pitch_shift::+1st,jazz_10,jazz,H,pitch_shift,1.0,0.994377,0.918836,0.994780,0.000202
jazz_10::pitch_shift::+2st,jazz_10,jazz,H,pitch_shift,2.0,0.990313,0.860729,0.992269,0.014387
jazz_10::pitch_shift::+4st,jazz_10,jazz,H,pitch_shift,4.0,0.979473,0.780618,0.983655,-0.009555
jazz_10::time_stretch::-20pct,jazz_10,jazz,R,time_stretch,-20.0,0.998646,0.895980,0.699537,-0.026808
jazz_10::time_stretch::-10pct,jazz_10,jazz,R,time_stretch,-10.0,0.999014,0.914011,0.747906,-0.004012
jazz_10::time_stretch::-5pct,jazz_10,jazz,R,time_stretch,-5.0,0.999160,0.941124,0.789484,-0.007126
jazz_10::time_stretch::+5pct,jazz_10,jazz,R,time_stretch,5.0,0.999455,0.947034,0.786308,-0.001908
jazz_10::time_stretch::+10pct,jazz_10,jazz,R,time_stretch,10.0,0.998965,0.930542,0.764757,-0.002714
jazz_10::time_stretch::+20pct,jazz_10,jazz,R,time_stretch,20.0,0.998483,0.921300,0.702560,0.001691
jazz_10::lowpass::lp8000,jazz_10,jazz,T,lowpass,8000.0,0.999996,0.475037,0.994423,0.002939
jazz_10::lowpass::lp4000,jazz_10,jazz,T,lowpass,4000.0,0.999996,0.465638,0.986251,-0.039190
jazz_10::lowpass::lp2000,jazz_10,jazz,T,lowpass,2000.0,0.999998,0.445786,0.981971,-0.079183
jazz_10::distortion::drv4,jazz_10,jazz,T,distortion,4.0,0.999712,0.871568,0.993246,-0.006712
jazz_10::distortion::drv12,jazz_10,jazz,T,distortion,12.0,0.998882,0.708573,0.949376,-0.063574
jazz_10::distortion::drv32,jazz_10,jazz,T,distortion,32.0,0.998055,0.590036,0.947198,-0.133977
jazz_10::style_swap::swap_cross,jazz_10,jazz,S,style_swap,nan,0.924891,0.411552,0.674367,-0.324152
jazz_10::style_swap::swap_same,jazz_10,jazz,S,style_swap,nan,0.976866,0.544370,0.789484,-0.105145
jazz_11::control::ctrl,jazz_11,jazz,control,control,0.0,1.000000,1.000000,1.000000,0.000000
jazz_11::pitch_shift::-4st,jazz_11,jazz,H,pitch_shift,-4.0,0.947010,0.524735,0.990831,-0.119816
jazz_11::pitch_shift::-2st,jazz_11,jazz,H,pitch_shift,-2.0,0.973869,0.687392,0.995139,-0.039539
jazz_11::pitch_shift::-1st,jazz_11,jazz,H,pitch_shift,-1.0,0.956330,0.823001,0.996614,-0.021177
jazz_11::pitch_shift::+1st,jazz_11,jazz,H,pitch_shift,1.0,0.961928,0.874637,0.994816,-0.021745
jazz_11::pitch_shift::+2st,jazz_11,jazz,H,pitch_shift,2.0,0.971311,0.774948,0.992128,-0.026580
jazz_11::pitch_shift::+4st,jazz_11,jazz,H,pitch_shift,4.0,0.943940,0.677091,0.983693,-0.052493
jazz_11::time_stretch::-20pct,jazz_11,jazz,R,time_stretch,-20.0,0.998419,0.875932,0.618564,-0.010526
jazz_11::time_stretch::-10pct,jazz_11,jazz,R,time_stretch,-10.0,0.998811,0.894795,0.694855,0.005417
jazz_11::time_stretch::-5pct,jazz_11,jazz,R,time_stretch,-5.0,0.998882,0.927346,0.735558,-0.001625
jazz_11::time_stretch::+5pct,jazz_11,jazz,R,time_stretch,5.0,0.999259,0.936869,0.755578,-0.007025
jazz_11::time_stretch::+10pct,jazz_11,jazz,R,time_stretch,10.0,0.998295,0.920745,0.698561,-0.003834
jazz_11::time_stretch::+20pct,jazz_11,jazz,R,time_stretch,20.0,0.996292,0.877148,0.646875,-0.022800
jazz_11::lowpass::lp8000,jazz_11,jazz,T,lowpass,8000.0,1.000000,0.457968,0.993689,0.009484
jazz_11::lowpass::lp4000,jazz_11,jazz,T,lowpass,4000.0,1.000000,0.451550,0.979650,-0.056715
jazz_11::lowpass::lp2000,jazz_11,jazz,T,lowpass,2000.0,0.999991,0.440528,0.959965,-0.077841
jazz_11::distortion::drv4,jazz_11,jazz,T,distortion,4.0,0.999738,0.654194,0.988778,-0.045400
jazz_11::distortion::drv12,jazz_11,jazz,T,distortion,12.0,0.998933,0.520993,0.972787,-0.123897
jazz_11::distortion::drv32,jazz_11,jazz,T,distortion,32.0,0.998474,0.460108,0.949900,-0.166587
jazz_11::style_swap::swap_cross,jazz_11,jazz,S,style_swap,nan,0.957214,0.528654,0.786424,-0.223255
jazz_11::style_swap::swap_same,jazz_11,jazz,S,style_swap,nan,0.978943,0.571892,0.644919,-0.043059
jazz_12::control::ctrl,jazz_12,jazz,control,control,0.0,1.000000,1.000000,1.000000,0.000000
jazz_12::pitch_shift::-4st,jazz_12,jazz,H,pitch_shift,-4.0,0.930882,0.556420,0.983869,-0.043440
jazz_12::pitch_shift::-2st,jazz_12,jazz,H,pitch_shift,-2.0,0.952690,0.698191,0.991786,-0.008543
jazz_12::pitch_shift::-1st,jazz_12,jazz,H,pitch_shift,-1.0,0.957054,0.823344,0.995232,-0.026113
jazz_12::pitch_shift::+1st,jazz_12,jazz,H,pitch_shift,1.0,0.957070,0.833236,0.992915,-0.031054
jazz_12::pitch_shift::+2st,jazz_12,jazz,H,pitch_shift,2.0,0.943552,0.728528,0.985914,-0.014666
jazz_12::pitch_shift::+4st,jazz_12,jazz,H,pitch_shift,4.0,0.927646,0.639408,0.969479,-0.042425
jazz_12::time_stretch::-20pct,jazz_12,jazz,R,time_stretch,-20.0,0.990616,0.753734,0.435620,-0.013145
jazz_12::time_stretch::-10pct,jazz_12,jazz,R,time_stretch,-10.0,0.993334,0.889527,0.563129,-0.007226
jazz_12::time_stretch::-5pct,jazz_12,jazz,R,time_stretch,-5.0,0.988644,0.932100,0.619823,-0.007441
jazz_12::time_stretch::+5pct,jazz_12,jazz,R,time_stretch,5.0,0.995547,0.937045,0.614296,-0.006862
jazz_12::time_stretch::+10pct,jazz_12,jazz,R,time_stretch,10.0,0.994645,0.906825,0.524673,0.000561
jazz_12::time_stretch::+20pct,jazz_12,jazz,R,time_stretch,20.0,0.993523,0.846594,0.451194,-0.019171
jazz_12::lowpass::lp8000,jazz_12,jazz,T,lowpass,8000.0,0.999807,0.517995,0.996044,-0.001853
jazz_12::lowpass::lp4000,jazz_12,jazz,T,lowpass,4000.0,0.999978,0.490035,0.983789,-0.094669
jazz_12::lowpass::lp2000,jazz_12,jazz,T,lowpass,2000.0,0.998510,0.474518,0.620515,-0.118780
jazz_12::distortion::drv4,jazz_12,jazz,T,distortion,4.0,0.999785,0.795270,0.994876,-0.026643
jazz_12::distortion::drv12,jazz_12,jazz,T,distortion,12.0,0.995536,0.640309,0.978926,-0.153699
jazz_12::distortion::drv32,jazz_12,jazz,T,distortion,32.0,0.995451,0.555792,0.950169,-0.279982
jazz_12::style_swap::swap_cross,jazz_12,jazz,S,style_swap,nan,0.906809,0.485037,0.395582,-0.299881
jazz_12::style_swap::swap_same,jazz_12,jazz,S,style_swap,nan,0.968208,0.469720,0.467118,-0.336184
jazz_13::control::ctrl,jazz_13,jazz,control,control,0.0,1.000000,1.000000,1.000000,0.000000
jazz_13::pitch_shift::-4st,jazz_13,jazz,H,pitch_shift,-4.0,0.857639,0.628435,0.990805,-0.049112
jazz_13::pitch_shift::-2st,jazz_13,jazz,H,pitch_shift,-2.0,0.919095,0.767321,0.994042,-0.014427
jazz_13::pitch_shift::-1st,jazz_13,jazz,H,pitch_shift,-1.0,0.969700,0.870911,0.996068,-0.024040
jazz_13::pitch_shift::+1st,jazz_13,jazz,H,pitch_shift,1.0,0.965989,0.889320,0.992757,-0.011398
jazz_13::pitch_shift::+2st,jazz_13,jazz,H,pitch_shift,2.0,0.907929,0.813636,0.986196,-0.001936
jazz_13::pitch_shift::+4st,jazz_13,jazz,H,pitch_shift,4.0,0.840756,0.704576,0.978256,-0.011259
jazz_13::time_stretch::-20pct,jazz_13,jazz,R,time_stretch,-20.0,0.998213,0.849413,0.556658,-0.037719
jazz_13::time_stretch::-10pct,jazz_13,jazz,R,time_stretch,-10.0,0.999192,0.880859,0.623757,-0.030579
jazz_13::time_stretch::-5pct,jazz_13,jazz,R,time_stretch,-5.0,0.998923,0.926820,0.719010,-0.021708
jazz_13::time_stretch::+5pct,jazz_13,jazz,R,time_stretch,5.0,0.998940,0.925831,0.684768,-0.017381
jazz_13::time_stretch::+10pct,jazz_13,jazz,R,time_stretch,10.0,0.997729,0.900051,0.632258,-0.010876
jazz_13::time_stretch::+20pct,jazz_13,jazz,R,time_stretch,20.0,0.995096,0.872329,0.568477,-0.010070
jazz_13::lowpass::lp8000,jazz_13,jazz,T,lowpass,8000.0,1.000000,0.614482,0.997159,0.006249
jazz_13::lowpass::lp4000,jazz_13,jazz,T,lowpass,4000.0,1.000000,0.541464,0.990086,-0.026560
jazz_13::lowpass::lp2000,jazz_13,jazz,T,lowpass,2000.0,0.999995,0.474856,0.939470,-0.063269
jazz_13::distortion::drv4,jazz_13,jazz,T,distortion,4.0,0.999466,0.794882,0.994470,0.004265
jazz_13::distortion::drv12,jazz_13,jazz,T,distortion,12.0,0.995084,0.653928,0.978025,-0.150199
jazz_13::distortion::drv32,jazz_13,jazz,T,distortion,32.0,0.991993,0.567285,0.955914,-0.349191
jazz_13::style_swap::swap_cross,jazz_13,jazz,S,style_swap,nan,0.808750,0.501906,0.514837,-0.328033
jazz_13::style_swap::swap_same,jazz_13,jazz,S,style_swap,nan,0.930396,0.449679,0.595873,-0.395303
jazz_14::control::ctrl,jazz_14,jazz,control,control,0.0,1.000000,1.000000,1.000000,0.000000
jazz_14::pitch_shift::-4st,jazz_14,jazz,H,pitch_shift,-4.0,0.934206,0.590761,0.964260,-0.065282
jazz_14::pitch_shift::-2st,jazz_14,jazz,H,pitch_shift,-2.0,0.937177,0.695728,0.971471,-0.045968
jazz_14::pitch_shift::-1st,jazz_14,jazz,H,pitch_shift,-1.0,0.962807,0.821226,0.998011,-0.058913
jazz_14::pitch_shift::+1st,jazz_14,jazz,H,pitch_shift,1.0,0.966213,0.802676,0.971793,-0.026312
jazz_14::pitch_shift::+2st,jazz_14,jazz,H,pitch_shift,2.0,0.949163,0.698707,0.968441,-0.038988
jazz_14::pitch_shift::+4st,jazz_14,jazz,H,pitch_shift,4.0,0.932821,0.586226,0.957447,-0.063546
jazz_14::time_stretch::-20pct,jazz_14,jazz,R,time_stretch,-20.0,0.998080,0.858659,0.727825,0.001439
jazz_14::time_stretch::-10pct,jazz_14,jazz,R,time_stretch,-10.0,0.998977,0.890882,0.779535,-0.008617
jazz_14::time_stretch::-5pct,jazz_14,jazz,R,time_stretch,-5.0,0.997320,0.933183,0.818322,0.005108
jazz_14::time_stretch::+5pct,jazz_14,jazz,R,time_stretch,5.0,0.998140,0.948291,0.719260,-0.007164
jazz_14::time_stretch::+10pct,jazz_14,jazz,R,time_stretch,10.0,0.998617,0.928067,0.722274,-0.032808
jazz_14::time_stretch::+20pct,jazz_14,jazz,R,time_stretch,20.0,0.998981,0.914060,0.744737,0.001908
jazz_14::lowpass::lp8000,jazz_14,jazz,T,lowpass,8000.0,0.999982,0.686754,0.998291,0.010072
jazz_14::lowpass::lp4000,jazz_14,jazz,T,lowpass,4000.0,0.999909,0.527779,0.992664,-0.016211
jazz_14::lowpass::lp2000,jazz_14,jazz,T,lowpass,2000.0,0.999956,0.452628,0.986559,-0.077834
jazz_14::distortion::drv4,jazz_14,jazz,T,distortion,4.0,0.999705,0.712523,0.969466,-0.019273
jazz_14::distortion::drv12,jazz_14,jazz,T,distortion,12.0,0.998455,0.571102,0.955522,-0.155468
jazz_14::distortion::drv32,jazz_14,jazz,T,distortion,32.0,0.996809,0.513077,0.961260,-0.253654
jazz_14::style_swap::swap_cross,jazz_14,jazz,S,style_swap,nan,0.920173,0.460066,0.773477,-0.342516
jazz_14::style_swap::swap_same,jazz_14,jazz,S,style_swap,nan,0.961866,0.467382,0.815302,-0.079824
jazz_15::control::ctrl,jazz_15,jazz,control,control,0.0,1.000000,1.000000,1.000000,0.000000
jazz_15::pitch_shift::-4st,jazz_15,jazz,H,pitch_shift,-4.0,0.820676,0.550637,0.993349,-0.122278
jazz_15::pitch_shift::-2st,jazz_15,jazz,H,pitch_shift,-2.0,0.909637,0.659955,0.994246,-0.079496
jazz_15::pitch_shift::-1st,jazz_15,jazz,H,pitch_shift,-1.0,0.786078,0.766376,0.995705,-0.051287
jazz_15::pitch_shift::+1st,jazz_15,jazz,H,pitch_shift,1.0,0.777963,0.776825,0.996535,-0.040743
jazz_15::pitch_shift::+2st,jazz_15,jazz,H,pitch_shift,2.0,0.892901,0.682280,0.995125,-0.051287
jazz_15::pitch_shift::+4st,jazz_15,jazz,H,pitch_shift,4.0,0.795438,0.551517,0.992737,-0.075240
jazz_15::time_stretch::-20pct,jazz_15,jazz,R,time_stretch,-20.0,0.997852,0.754360,0.754556,-0.028267
jazz_15::time_stretch::-10pct,jazz_15,jazz,R,time_stretch,-10.0,0.997548,0.847138,0.805239,-0.012257
jazz_15::time_stretch::-5pct,jazz_15,jazz,R,time_stretch,-5.0,0.998991,0.878337,0.844973,0.011912
jazz_15::time_stretch::+5pct,jazz_15,jazz,R,time_stretch,5.0,0.999382,0.869278,0.846910,-0.042259
jazz_15::time_stretch::+10pct,jazz_15,jazz,R,time_stretch,10.0,0.998653,0.868622,0.824894,-0.021094
jazz_15::time_stretch::+20pct,jazz_15,jazz,R,time_stretch,20.0,0.996875,0.859278,0.772912,-0.048868
jazz_15::lowpass::lp8000,jazz_15,jazz,T,lowpass,8000.0,0.999998,0.965447,0.999997,0.008696
jazz_15::lowpass::lp4000,jazz_15,jazz,T,lowpass,4000.0,0.999989,0.777751,0.999673,0.003286
jazz_15::lowpass::lp2000,jazz_15,jazz,T,lowpass,2000.0,0.999987,0.507678,0.998792,-0.018573
jazz_15::distortion::drv4,jazz_15,jazz,T,distortion,4.0,0.999636,0.730560,0.998351,-0.041862
jazz_15::distortion::drv12,jazz_15,jazz,T,distortion,12.0,0.996427,0.507364,0.965091,-0.047357
jazz_15::distortion::drv32,jazz_15,jazz,T,distortion,32.0,0.991463,0.454300,0.959982,-0.084158
jazz_15::style_swap::swap_cross,jazz_15,jazz,S,style_swap,nan,0.921302,0.394224,0.805239,-0.088969
jazz_15::style_swap::swap_same,jazz_15,jazz,S,style_swap,nan,0.888360,0.390540,0.782156,-0.021262
rock_01::control::ctrl,rock_01,rock,control,control,0.0,1.000000,0.999941,1.000000,0.000000
rock_01::pitch_shift::-4st,rock_01,rock,H,pitch_shift,-4.0,0.813899,0.557392,0.979674,-0.102384
rock_01::pitch_shift::-2st,rock_01,rock,H,pitch_shift,-2.0,0.879909,0.680312,0.990443,-0.061887
rock_01::pitch_shift::-1st,rock_01,rock,H,pitch_shift,-1.0,0.839092,0.812309,0.992651,-0.051897
rock_01::pitch_shift::+1st,rock_01,rock,H,pitch_shift,1.0,0.850511,0.847182,0.991063,-0.041490
rock_01::pitch_shift::+2st,rock_01,rock,H,pitch_shift,2.0,0.881669,0.760299,0.988921,-0.054259
rock_01::pitch_shift::+4st,rock_01,rock,H,pitch_shift,4.0,0.816753,0.645685,0.977467,-0.187740
rock_01::time_stretch::-20pct,rock_01,rock,R,time_stretch,-20.0,0.994166,0.881545,0.577422,-0.015003
rock_01::time_stretch::-10pct,rock_01,rock,R,time_stretch,-10.0,0.998747,0.903182,0.661396,-0.005047
rock_01::time_stretch::-5pct,rock_01,rock,R,time_stretch,-5.0,0.998819,0.915811,0.706096,-0.001366
rock_01::time_stretch::+5pct,rock_01,rock,R,time_stretch,5.0,0.999070,0.914223,0.701312,-0.015272
rock_01::time_stretch::+10pct,rock_01,rock,R,time_stretch,10.0,0.997577,0.882194,0.651367,-0.022330
rock_01::time_stretch::+20pct,rock_01,rock,R,time_stretch,20.0,0.995841,0.822359,0.584487,0.013357
rock_01::lowpass::lp8000,rock_01,rock,T,lowpass,8000.0,1.000000,0.474364,0.991089,0.005053
rock_01::lowpass::lp4000,rock_01,rock,T,lowpass,4000.0,0.999999,0.425396,0.878785,-0.091168
rock_01::lowpass::lp2000,rock_01,rock,T,lowpass,2000.0,0.999956,0.398225,0.840812,-0.171845
rock_01::distortion::drv4,rock_01,rock,T,distortion,4.0,0.999287,0.774378,0.981845,-0.074824
rock_01::distortion::drv12,rock_01,rock,T,distortion,12.0,0.996281,0.570772,0.947007,-0.231805
rock_01::distortion::drv32,rock_01,rock,T,distortion,32.0,0.994382,0.488409,0.854444,-0.289105
rock_01::style_swap::swap_cross,rock_01,rock,S,style_swap,nan,0.902871,0.438940,0.634167,-0.353401
rock_01::style_swap::swap_same,rock_01,rock,S,style_swap,nan,0.945281,0.401226,0.731974,-0.146355
rock_02::control::ctrl,rock_02,rock,control,control,0.0,1.000000,1.000000,1.000000,0.000000
rock_02::pitch_shift::-4st,rock_02,rock,H,pitch_shift,-4.0,0.926029,0.434437,0.749347,-0.029152
rock_02::pitch_shift::-2st,rock_02,rock,H,pitch_shift,-2.0,0.967341,0.591448,0.978944,-0.034430
rock_02::pitch_shift::-1st,rock_02,rock,H,pitch_shift,-1.0,0.977166,0.749809,0.983481,-0.042297
rock_02::pitch_shift::+1st,rock_02,rock,H,pitch_shift,1.0,0.981000,0.801360,0.982379,-0.041799
rock_02::pitch_shift::+2st,rock_02,rock,H,pitch_shift,2.0,0.975555,0.730636,0.978671,-0.034852
rock_02::pitch_shift::+4st,rock_02,rock,H,pitch_shift,4.0,0.930320,0.636285,0.976888,-0.046702
rock_02::time_stretch::-20pct,rock_02,rock,R,time_stretch,-20.0,0.998565,0.857639,0.755892,0.005923
rock_02::time_stretch::-10pct,rock_02,rock,R,time_stretch,-10.0,0.998630,0.858506,0.650500,-0.014720
rock_02::time_stretch::-5pct,rock_02,rock,R,time_stretch,-5.0,0.999352,0.877468,0.752447,-0.018235
rock_02::time_stretch::+5pct,rock_02,rock,R,time_stretch,5.0,0.999185,0.865125,0.748891,-0.001718
rock_02::time_stretch::+10pct,rock_02,rock,R,time_stretch,10.0,0.999070,0.864770,0.707761,-0.014382
rock_02::time_stretch::+20pct,rock_02,rock,R,time_stretch,20.0,0.997021,0.860444,0.650500,-0.004242
rock_02::lowpass::lp8000,rock_02,rock,T,lowpass,8000.0,1.000000,0.421983,0.775742,-0.010164
rock_02::lowpass::lp4000,rock_02,rock,T,lowpass,4000.0,0.999968,0.435369,0.768712,-0.012397
rock_02::lowpass::lp2000,rock_02,rock,T,lowpass,2000.0,0.999983,0.408411,0.756542,-0.059649
rock_02::distortion::drv4,rock_02,rock,T,distortion,4.0,0.999895,0.597362,0.774171,-0.038855
rock_02::distortion::drv12,rock_02,rock,T,distortion,12.0,0.999633,0.461474,0.722791,-0.058018
rock_02::distortion::drv32,rock_02,rock,T,distortion,32.0,0.999400,0.427758,0.661058,-0.077734
rock_02::style_swap::swap_cross,rock_02,rock,S,style_swap,nan,0.929088,0.524234,0.636275,-0.266157
rock_02::style_swap::swap_same,rock_02,rock,S,style_swap,nan,0.990037,0.517628,0.690208,-0.114746
rock_03::control::ctrl,rock_03,rock,control,control,0.0,0.999823,0.943625,0.999858,0.000000
rock_03::pitch_shift::-4st,rock_03,rock,H,pitch_shift,-4.0,0.950305,0.603178,0.989047,-0.066993
rock_03::pitch_shift::-2st,rock_03,rock,H,pitch_shift,-2.0,0.977322,0.767117,0.993760,0.013318
rock_03::pitch_shift::-1st,rock_03,rock,H,pitch_shift,-1.0,0.986587,0.864451,0.995650,0.003927
rock_03::pitch_shift::+1st,rock_03,rock,H,pitch_shift,1.0,0.991223,0.868093,0.993064,-0.025424
rock_03::pitch_shift::+2st,rock_03,rock,H,pitch_shift,2.0,0.977271,0.770740,0.987774,-0.029298
rock_03::pitch_shift::+4st,rock_03,rock,H,pitch_shift,4.0,0.953922,0.645921,0.974663,-0.095105
rock_03::time_stretch::-20pct,rock_03,rock,R,time_stretch,-20.0,0.999228,0.870774,0.530659,-0.027886
rock_03::time_stretch::-10pct,rock_03,rock,R,time_stretch,-10.0,0.999789,0.882451,0.614640,-0.011413
rock_03::time_stretch::-5pct,rock_03,rock,R,time_stretch,-5.0,0.999418,0.915012,0.685734,-0.028086
rock_03::time_stretch::+5pct,rock_03,rock,R,time_stretch,5.0,0.998934,0.924244,0.678688,0.000416
rock_03::time_stretch::+10pct,rock_03,rock,R,time_stretch,10.0,0.999415,0.886384,0.614595,-0.002195
rock_03::time_stretch::+20pct,rock_03,rock,R,time_stretch,20.0,0.999596,0.863924,0.549704,-0.005229
rock_03::lowpass::lp8000,rock_03,rock,T,lowpass,8000.0,0.998735,0.455113,0.998741,0.002945
rock_03::lowpass::lp4000,rock_03,rock,T,lowpass,4000.0,0.999979,0.437897,0.994185,-0.067660
rock_03::lowpass::lp2000,rock_03,rock,T,lowpass,2000.0,0.999748,0.432030,0.691917,-0.123391
rock_03::distortion::drv4,rock_03,rock,T,distortion,4.0,0.999644,0.666804,0.990538,-0.021212
rock_03::distortion::drv12,rock_03,rock,T,distortion,12.0,0.999471,0.549200,0.676984,-0.066768
rock_03::distortion::drv32,rock_03,rock,T,distortion,32.0,0.999376,0.507933,0.629428,-0.088798
rock_03::style_swap::swap_cross,rock_03,rock,S,style_swap,nan,0.965684,0.456104,0.585605,-0.265642
rock_03::style_swap::swap_same,rock_03,rock,S,style_swap,nan,0.984031,0.447872,0.653550,-0.212832
rock_04::control::ctrl,rock_04,rock,control,control,0.0,1.000000,1.000000,1.000000,0.000000
rock_04::pitch_shift::-4st,rock_04,rock,H,pitch_shift,-4.0,0.993695,0.532313,0.973760,-0.045743
rock_04::pitch_shift::-2st,rock_04,rock,H,pitch_shift,-2.0,0.993030,0.698270,0.981666,-0.015183
rock_04::pitch_shift::-1st,rock_04,rock,H,pitch_shift,-1.0,0.994868,0.809303,0.984916,-0.004520
rock_04::pitch_shift::+1st,rock_04,rock,H,pitch_shift,1.0,0.996421,0.847069,0.984321,0.004765
rock_04::pitch_shift::+2st,rock_04,rock,H,pitch_shift,2.0,0.993103,0.758941,0.979066,-0.019885
rock_04::pitch_shift::+4st,rock_04,rock,H,pitch_shift,4.0,0.993631,0.630989,0.966162,-0.051140
rock_04::time_stretch::-20pct,rock_04,rock,R,time_stretch,-20.0,0.999492,0.830333,0.561339,0.012002
rock_04::time_stretch::-10pct,rock_04,rock,R,time_stretch,-10.0,0.999486,0.855990,0.641402,0.013889
rock_04::time_stretch::-5pct,rock_04,rock,R,time_stretch,-5.0,0.999557,0.882185,0.705079,0.010568
rock_04::time_stretch::+5pct,rock_04,rock,R,time_stretch,5.0,0.999916,0.888513,0.530132,0.030748
rock_04::time_stretch::+10pct,rock_04,rock,R,time_stretch,10.0,0.999313,0.894495,0.540791,0.019473
rock_04::time_stretch::+20pct,rock_04,rock,R,time_stretch,20.0,0.999824,0.892525,0.568403,0.028113
rock_04::lowpass::lp8000,rock_04,rock,T,lowpass,8000.0,0.999999,0.422854,0.988926,0.007889
rock_04::lowpass::lp4000,rock_04,rock,T,lowpass,4000.0,0.999998,0.412050,0.916593,-0.018294
rock_04::lowpass::lp2000,rock_04,rock,T,lowpass,2000.0,0.999971,0.411064,0.897509,-0.093815
rock_04::distortion::drv4,rock_04,rock,T,distortion,4.0,0.999974,0.744738,0.705210,0.014317
rock_04::distortion::drv12,rock_04,rock,T,distortion,12.0,0.999856,0.522079,0.613956,-0.028616
rock_04::distortion::drv32,rock_04,rock,T,distortion,32.0,0.999745,0.471436,0.589954,-0.043228
rock_04::style_swap::swap_cross,rock_04,rock,S,style_swap,nan,0.964222,0.453161,0.534823,-0.184603
rock_04::style_swap::swap_same,rock_04,rock,S,style_swap,nan,0.980173,0.524115,0.533974,-0.047088
rock_05::control::ctrl,rock_05,rock,control,control,0.0,1.000000,1.000000,1.000000,0.000000
rock_05::pitch_shift::-4st,rock_05,rock,H,pitch_shift,-4.0,0.864513,0.509776,0.971492,-0.136495
rock_05::pitch_shift::-2st,rock_05,rock,H,pitch_shift,-2.0,0.908004,0.649100,0.985665,-0.138628
rock_05::pitch_shift::-1st,rock_05,rock,H,pitch_shift,-1.0,0.953988,0.801212,0.991311,-0.062767
rock_05::pitch_shift::+1st,rock_05,rock,H,pitch_shift,1.0,0.964072,0.810727,0.988234,-0.054062
rock_05::pitch_shift::+2st,rock_05,rock,H,pitch_shift,2.0,0.916324,0.697329,0.983818,-0.113450
rock_05::pitch_shift::+4st,rock_05,rock,H,pitch_shift,4.0,0.876112,0.573392,0.962458,-0.100802
rock_05::time_stretch::-20pct,rock_05,rock,R,time_stretch,-20.0,0.998331,0.864973,0.424559,-0.026873
rock_05::time_stretch::-10pct,rock_05,rock,R,time_stretch,-10.0,0.997644,0.887607,0.525032,-0.037542
rock_05::time_stretch::-5pct,rock_05,rock,R,time_stretch,-5.0,0.997922,0.928482,0.585703,-0.013298
rock_05::time_stretch::+5pct,rock_05,rock,R,time_stretch,5.0,0.999676,0.943259,0.621196,0.009068
rock_05::time_stretch::+10pct,rock_05,rock,R,time_stretch,10.0,0.998492,0.919197,0.574654,-0.010313
rock_05::time_stretch::+20pct,rock_05,rock,R,time_stretch,20.0,0.997626,0.890014,0.456671,-0.003965
rock_05::lowpass::lp8000,rock_05,rock,T,lowpass,8000.0,0.999536,0.509874,0.984144,-0.014139
rock_05::lowpass::lp4000,rock_05,rock,T,lowpass,4000.0,0.999417,0.438412,0.944909,-0.077587
rock_05::lowpass::lp2000,rock_05,rock,T,lowpass,2000.0,0.999939,0.409549,0.923085,-0.137111
rock_05::distortion::drv4,rock_05,rock,T,distortion,4.0,0.996810,0.704477,0.977950,-0.100506
rock_05::distortion::drv12,rock_05,rock,T,distortion,12.0,0.993765,0.532240,0.937684,-0.143729
rock_05::distortion::drv32,rock_05,rock,T,distortion,32.0,0.992450,0.470004,0.862427,-0.173094
rock_05::style_swap::swap_cross,rock_05,rock,S,style_swap,nan,0.884864,0.394601,0.513749,-0.229819
rock_05::style_swap::swap_same,rock_05,rock,S,style_swap,nan,0.920233,0.446908,0.474134,-0.207854
rock_06::control::ctrl,rock_06,rock,control,control,0.0,1.000000,1.000000,1.000000,0.000000
rock_06::pitch_shift::-4st,rock_06,rock,H,pitch_shift,-4.0,0.938312,0.521602,0.982166,-0.051099
rock_06::pitch_shift::-2st,rock_06,rock,H,pitch_shift,-2.0,0.928712,0.707180,0.990446,-0.001462
rock_06::pitch_shift::-1st,rock_06,rock,H,pitch_shift,-1.0,0.948788,0.808646,0.993247,0.002338
rock_06::pitch_shift::+1st,rock_06,rock,H,pitch_shift,1.0,0.947815,0.830860,0.989846,0.010362
rock_06::pitch_shift::+2st,rock_06,rock,H,pitch_shift,2.0,0.930198,0.775429,0.984536,-0.019254
rock_06::pitch_shift::+4st,rock_06,rock,H,pitch_shift,4.0,0.949713,0.677201,0.968770,-0.041896
rock_06::time_stretch::-20pct,rock_06,rock,R,time_stretch,-20.0,0.998556,0.828778,0.494203,0.017355
rock_06::time_stretch::-10pct,rock_06,rock,R,time_stretch,-10.0,0.999516,0.847438,0.599484,-0.008002
rock_06::time_stretch::-5pct,rock_06,rock,R,time_stretch,-5.0,0.998805,0.861825,0.679825,-0.011546
rock_06::time_stretch::+5pct,rock_06,rock,R,time_stretch,5.0,0.999337,0.888681,0.679558,-0.000046
rock_06::time_stretch::+10pct,rock_06,rock,R,time_stretch,10.0,0.998021,0.861595,0.589617,0.002320
rock_06::time_stretch::+20pct,rock_06,rock,R,time_stretch,20.0,0.999141,0.879633,0.512218,0.005333
rock_06::lowpass::lp8000,rock_06,rock,T,lowpass,8000.0,0.999997,0.424493,0.996572,0.004827
rock_06::lowpass::lp4000,rock_06,rock,T,lowpass,4000.0,0.999986,0.439439,0.992414,-0.028130
rock_06::lowpass::lp2000,rock_06,rock,T,lowpass,2000.0,0.998553,0.415651,0.985587,-0.074741
rock_06::distortion::drv4,rock_06,rock,T,distortion,4.0,0.999869,0.784772,0.992653,-0.006921
rock_06::distortion::drv12,rock_06,rock,T,distortion,12.0,0.999664,0.533638,0.956995,-0.014643
rock_06::distortion::drv32,rock_06,rock,T,distortion,32.0,0.999508,0.461691,0.891710,-0.030500
rock_06::style_swap::swap_cross,rock_06,rock,S,style_swap,nan,0.887546,0.403980,0.553224,-0.229808
rock_06::style_swap::swap_same,rock_06,rock,S,style_swap,nan,0.951376,0.484016,0.599484,-0.088458
rock_07::control::ctrl,rock_07,rock,control,control,0.0,1.000000,1.000000,1.000000,0.000000
rock_07::pitch_shift::-4st,rock_07,rock,H,pitch_shift,-4.0,0.736135,0.631514,0.975232,-0.099254
rock_07::pitch_shift::-2st,rock_07,rock,H,pitch_shift,-2.0,0.811422,0.756788,0.986607,-0.046943
rock_07::pitch_shift::-1st,rock_07,rock,H,pitch_shift,-1.0,0.703716,0.857612,0.992319,-0.025644
rock_07::pitch_shift::+1st,rock_07,rock,H,pitch_shift,1.0,0.707813,0.864073,0.989798,-0.050972
rock_07::pitch_shift::+2st,rock_07,rock,H,pitch_shift,2.0,0.798501,0.760865,0.982558,-0.040999
rock_07::pitch_shift::+4st,rock_07,rock,H,pitch_shift,4.0,0.725087,0.626975,0.968525,-0.075472
rock_07::time_stretch::-20pct,rock_07,rock,R,time_stretch,-20.0,0.992111,0.731987,0.567383,0.022570
rock_07::time_stretch::-10pct,rock_07,rock,R,time_stretch,-10.0,0.997459,0.826436,0.648386,0.026173
rock_07::time_stretch::-5pct,rock_07,rock,R,time_stretch,-5.0,0.998771,0.883314,0.706105,0.021340
rock_07::time_stretch::+5pct,rock_07,rock,R,time_stretch,5.0,0.997481,0.905213,0.731078,-0.011540
rock_07::time_stretch::+10pct,rock_07,rock,R,time_stretch,10.0,0.993954,0.893489,0.662971,0.024517
rock_07::time_stretch::+20pct,rock_07,rock,R,time_stretch,20.0,0.986489,0.843632,0.596081,-0.003662
rock_07::lowpass::lp8000,rock_07,rock,T,lowpass,8000.0,0.999997,0.537304,0.993655,-0.009068
rock_07::lowpass::lp4000,rock_07,rock,T,lowpass,4000.0,0.999994,0.506100,0.982593,-0.067397
rock_07::lowpass::lp2000,rock_07,rock,T,lowpass,2000.0,0.999926,0.466434,0.972303,-0.123757
rock_07::distortion::drv4,rock_07,rock,T,distortion,4.0,0.999883,0.787652,0.982693,-0.052834
rock_07::distortion::drv12,rock_07,rock,T,distortion,12.0,0.996426,0.659981,0.949424,-0.250780
rock_07::distortion::drv32,rock_07,rock,T,distortion,32.0,0.990829,0.567385,0.753447,-0.357979
rock_07::style_swap::swap_cross,rock_07,rock,S,style_swap,nan,0.795693,0.476206,0.582683,-0.356026
rock_07::style_swap::swap_same,rock_07,rock,S,style_swap,nan,0.851624,0.535156,0.731079,-0.169322
rock_08::control::ctrl,rock_08,rock,control,control,0.0,1.000000,1.000000,1.000000,0.000000
rock_08::pitch_shift::-4st,rock_08,rock,H,pitch_shift,-4.0,0.958208,0.423980,0.961914,-0.078750
rock_08::pitch_shift::-2st,rock_08,rock,H,pitch_shift,-2.0,0.962213,0.603060,0.970594,-0.000466
rock_08::pitch_shift::-1st,rock_08,rock,H,pitch_shift,-1.0,0.956550,0.768973,0.976870,-0.010242
rock_08::pitch_shift::+1st,rock_08,rock,H,pitch_shift,1.0,0.961180,0.796044,0.975379,-0.043045
rock_08::pitch_shift::+2st,rock_08,rock,H,pitch_shift,2.0,0.959366,0.731476,0.969123,-0.008908
rock_08::pitch_shift::+4st,rock_08,rock,H,pitch_shift,4.0,0.967831,0.613639,0.965023,-0.088152
rock_08::time_stretch::-20pct,rock_08,rock,R,time_stretch,-20.0,0.997742,0.830256,0.703569,-0.030678
rock_08::time_stretch::-10pct,rock_08,rock,R,time_stretch,-10.0,0.998407,0.837772,0.693829,-0.009616
rock_08::time_stretch::-5pct,rock_08,rock,R,time_stretch,-5.0,0.999098,0.857372,0.775448,0.021398
rock_08::time_stretch::+5pct,rock_08,rock,R,time_stretch,5.0,0.999365,0.856802,0.769633,0.014639
rock_08::time_stretch::+10pct,rock_08,rock,R,time_stretch,10.0,0.997332,0.820339,0.682279,-0.023359
rock_08::time_stretch::+20pct,rock_08,rock,R,time_stretch,20.0,0.995897,0.821867,0.642510,-0.000645
rock_08::lowpass::lp8000,rock_08,rock,T,lowpass,8000.0,1.000000,0.398632,0.985534,0.000604
rock_08::lowpass::lp4000,rock_08,rock,T,lowpass,4000.0,0.999998,0.405805,0.966189,-0.075774
rock_08::lowpass::lp2000,rock_08,rock,T,lowpass,2000.0,0.998148,0.387533,0.949041,-0.134939
rock_08::distortion::drv4,rock_08,rock,T,distortion,4.0,0.999589,0.555806,0.985506,-0.012895
rock_08::distortion::drv12,rock_08,rock,T,distortion,12.0,0.999499,0.418826,0.950344,-0.043284
rock_08::distortion::drv32,rock_08,rock,T,distortion,32.0,0.999133,0.395945,0.915010,-0.088591
rock_08::style_swap::swap_cross,rock_08,rock,S,style_swap,nan,0.766064,0.416942,0.711322,-0.443122
rock_08::style_swap::swap_same,rock_08,rock,S,style_swap,nan,0.928717,0.484022,0.790246,-0.216996
rock_09::control::ctrl,rock_09,rock,control,control,0.0,1.000000,1.000000,1.000000,0.000000
rock_09::pitch_shift::-4st,rock_09,rock,H,pitch_shift,-4.0,0.971174,0.535402,0.991116,-0.085611
rock_09::pitch_shift::-2st,rock_09,rock,H,pitch_shift,-2.0,0.983290,0.686871,0.995271,-0.029242
rock_09::pitch_shift::-1st,rock_09,rock,H,pitch_shift,-1.0,0.982045,0.809907,0.996457,-0.049407
rock_09::pitch_shift::+1st,rock_09,rock,H,pitch_shift,1.0,0.976068,0.834724,0.995855,-0.078919
rock_09::pitch_shift::+2st,rock_09,rock,H,pitch_shift,2.0,0.983458,0.745400,0.994307,-0.119836
rock_09::pitch_shift::+4st,rock_09,rock,H,pitch_shift,4.0,0.974578,0.637123,0.989988,-0.147606
rock_09::time_stretch::-20pct,rock_09,rock,R,time_stretch,-20.0,0.997496,0.856342,0.875536,-0.048934
rock_09::time_stretch::-10pct,rock_09,rock,R,time_stretch,-10.0,0.998144,0.869499,0.885961,0.005862
rock_09::time_stretch::-5pct,rock_09,rock,R,time_stretch,-5.0,0.999465,0.896985,0.901117,-0.007418
rock_09::time_stretch::+5pct,rock_09,rock,R,time_stretch,5.0,0.999616,0.882384,0.909823,-0.045716
rock_09::time_stretch::+10pct,rock_09,rock,R,time_stretch,10.0,0.999304,0.856621,0.890696,-0.033265
rock_09::time_stretch::+20pct,rock_09,rock,R,time_stretch,20.0,0.998263,0.849891,0.883282,-0.015376
rock_09::lowpass::lp8000,rock_09,rock,T,lowpass,8000.0,0.999475,0.439360,0.997746,0.004857
rock_09::lowpass::lp4000,rock_09,rock,T,lowpass,4000.0,0.999667,0.424055,0.991899,-0.143080
rock_09::lowpass::lp2000,rock_09,rock,T,lowpass,2000.0,0.999496,0.422581,0.984203,-0.183142
rock_09::distortion::drv4,rock_09,rock,T,distortion,4.0,0.999784,0.910737,0.996652,-0.025578
rock_09::distortion::drv12,rock_09,rock,T,distortion,12.0,0.998742,0.662600,0.987667,-0.171194
rock_09::distortion::drv32,rock_09,rock,T,distortion,32.0,0.998787,0.503514,0.959489,-0.291421
rock_09::style_swap::swap_cross,rock_09,rock,S,style_swap,nan,0.891277,0.421292,0.901117,-0.208184
rock_09::style_swap::swap_same,rock_09,rock,S,style_swap,nan,0.956709,0.488897,0.912412,-0.193401
rock_10::control::ctrl,rock_10,rock,control,control,0.0,1.000000,1.000000,1.000000,0.000000
rock_10::pitch_shift::-4st,rock_10,rock,H,pitch_shift,-4.0,0.824229,0.601825,0.958073,-0.029299
rock_10::pitch_shift::-2st,rock_10,rock,H,pitch_shift,-2.0,0.875153,0.745307,0.991242,-0.006674
rock_10::pitch_shift::-1st,rock_10,rock,H,pitch_shift,-1.0,0.941580,0.845900,0.834376,0.016692
rock_10::pitch_shift::+1st,rock_10,rock,H,pitch_shift,1.0,0.944165,0.881190,0.967302,0.039934
rock_10::pitch_shift::+2st,rock_10,rock,H,pitch_shift,2.0,0.861912,0.789500,0.965171,-0.007762
rock_10::pitch_shift::+4st,rock_10,rock,H,pitch_shift,4.0,0.807954,0.650539,0.958854,-0.027501
rock_10::time_stretch::-20pct,rock_10,rock,R,time_stretch,-20.0,0.996816,0.845708,0.733780,-0.044036
rock_10::time_stretch::-10pct,rock_10,rock,R,time_stretch,-10.0,0.994926,0.877325,0.705913,-0.009765
rock_10::time_stretch::-5pct,rock_10,rock,R,time_stretch,-5.0,0.998329,0.912146,0.852397,0.012433
rock_10::time_stretch::+5pct,rock_10,rock,R,time_stretch,5.0,0.997699,0.921524,0.726414,0.010593
rock_10::time_stretch::+10pct,rock_10,rock,R,time_stretch,10.0,0.996991,0.888992,0.743563,-0.039954
rock_10::time_stretch::+20pct,rock_10,rock,R,time_stretch,20.0,0.997977,0.880497,0.780767,0.022239
rock_10::lowpass::lp8000,rock_10,rock,T,lowpass,8000.0,1.000000,0.493460,0.836706,-0.008261
rock_10::lowpass::lp4000,rock_10,rock,T,lowpass,4000.0,0.999973,0.435017,0.829037,-0.036303
rock_10::lowpass::lp2000,rock_10,rock,T,lowpass,2000.0,0.999896,0.429675,0.820860,-0.049913
rock_10::distortion::drv4,rock_10,rock,T,distortion,4.0,0.999914,0.843264,0.969730,-0.014882
rock_10::distortion::drv12,rock_10,rock,T,distortion,12.0,0.998999,0.623723,0.931258,-0.029071
rock_10::distortion::drv32,rock_10,rock,T,distortion,32.0,0.997845,0.526536,0.887411,-0.123064
rock_10::style_swap::swap_cross,rock_10,rock,S,style_swap,nan,0.883339,0.513896,0.712531,-0.186740
rock_10::style_swap::swap_same,rock_10,rock,S,style_swap,nan,0.915243,0.479050,0.813656,-0.265624
rock_11::control::ctrl,rock_11,rock,control,control,0.0,1.000000,0.999225,0.999997,0.000000
rock_11::pitch_shift::-4st,rock_11,rock,H,pitch_shift,-4.0,0.954188,0.482477,0.939152,-0.008305
rock_11::pitch_shift::-2st,rock_11,rock,H,pitch_shift,-2.0,0.957205,0.612519,0.942532,-0.002638
rock_11::pitch_shift::-1st,rock_11,rock,H,pitch_shift,-1.0,0.979961,0.770365,0.994332,0.004940
rock_11::pitch_shift::+1st,rock_11,rock,H,pitch_shift,1.0,0.969634,0.849170,0.941520,-0.009123
rock_11::pitch_shift::+2st,rock_11,rock,H,pitch_shift,2.0,0.954220,0.780586,0.936992,-0.011644
rock_11::pitch_shift::+4st,rock_11,rock,H,pitch_shift,4.0,0.956324,0.686298,0.928319,-0.025705
rock_11::time_stretch::-20pct,rock_11,rock,R,time_stretch,-20.0,0.995503,0.868183,0.737219,0.053128
rock_11::time_stretch::-10pct,rock_11,rock,R,time_stretch,-10.0,0.998353,0.863508,0.584535,0.033479
rock_11::time_stretch::-5pct,rock_11,rock,R,time_stretch,-5.0,0.997385,0.884576,0.657781,0.053036
rock_11::time_stretch::+5pct,rock_11,rock,R,time_stretch,5.0,0.998281,0.900123,0.688404,0.023061
rock_11::time_stretch::+10pct,rock_11,rock,R,time_stretch,10.0,0.998436,0.888708,0.652460,0.012164
rock_11::time_stretch::+20pct,rock_11,rock,R,time_stretch,20.0,0.998410,0.886365,0.548148,0.033657
rock_11::lowpass::lp8000,rock_11,rock,T,lowpass,8000.0,1.000000,0.413096,0.941118,0.011054
rock_11::lowpass::lp4000,rock_11,rock,T,lowpass,4000.0,0.999480,0.396448,0.973901,-0.053789
rock_11::lowpass::lp2000,rock_11,rock,T,lowpass,2000.0,0.999272,0.379263,0.956173,-0.115784
rock_11::distortion::drv4,rock_11,rock,T,distortion,4.0,0.997132,0.798399,0.987904,-0.049490
rock_11::distortion::drv12,rock_11,rock,T,distortion,12.0,0.997661,0.613842,0.972928,-0.107637
rock_11::distortion::drv32,rock_11,rock,T,distortion,32.0,0.994355,0.502742,0.898798,-0.158616
rock_11::style_swap::swap_cross,rock_11,rock,S,style_swap,nan,0.950473,0.381667,0.568048,-0.268626
rock_11::style_swap::swap_same,rock_11,rock,S,style_swap,nan,0.879670,0.479887,0.606102,-0.073961
rock_12::control::ctrl,rock_12,rock,control,control,0.0,1.000000,1.000000,1.000000,0.000000
rock_12::pitch_shift::-4st,rock_12,rock,H,pitch_shift,-4.0,0.957328,0.541066,0.976131,-0.116972
rock_12::pitch_shift::-2st,rock_12,rock,H,pitch_shift,-2.0,0.977403,0.722596,0.984444,-0.029745
rock_12::pitch_shift::-1st,rock_12,rock,H,pitch_shift,-1.0,0.953098,0.842051,0.987228,-0.082295
rock_12::pitch_shift::+1st,rock_12,rock,H,pitch_shift,1.0,0.950999,0.839759,0.984611,-0.061022
rock_12::pitch_shift::+2st,rock_12,rock,H,pitch_shift,2.0,0.980774,0.740371,0.982254,-0.036783
rock_12::pitch_shift::+4st,rock_12,rock,H,pitch_shift,4.0,0.958224,0.636210,0.972489,-0.084784
rock_12::time_stretch::-20pct,rock_12,rock,R,time_stretch,-20.0,0.998532,0.852881,0.573730,-0.029317
rock_12::time_stretch::-10pct,rock_12,rock,R,time_stretch,-10.0,0.999270,0.869092,0.653731,-0.003816
rock_12::time_stretch::-5pct,rock_12,rock,R,time_stretch,-5.0,0.999423,0.915979,0.715361,-0.004676
rock_12::time_stretch::+5pct,rock_12,rock,R,time_stretch,5.0,0.999497,0.912540,0.714746,0.015802
rock_12::time_stretch::+10pct,rock_12,rock,R,time_stretch,10.0,0.997587,0.899508,0.643004,-0.036839
rock_12::time_stretch::+20pct,rock_12,rock,R,time_stretch,20.0,0.998059,0.895930,0.578576,-0.025523
rock_12::lowpass::lp8000,rock_12,rock,T,lowpass,8000.0,0.999996,0.447894,0.989066,-0.001608
rock_12::lowpass::lp4000,rock_12,rock,T,lowpass,4000.0,0.999993,0.453522,0.969855,-0.046413
rock_12::lowpass::lp2000,rock_12,rock,T,lowpass,2000.0,0.999950,0.422382,0.957701,-0.104864
rock_12::distortion::drv4,rock_12,rock,T,distortion,4.0,0.999550,0.687982,0.967129,0.004904
rock_12::distortion::drv12,rock_12,rock,T,distortion,12.0,0.999561,0.527825,0.926237,-0.071931
rock_12::distortion::drv32,rock_12,rock,T,distortion,32.0,0.998772,0.467803,0.881015,-0.115406
rock_12::style_swap::swap_cross,rock_12,rock,S,style_swap,nan,0.890166,0.465891,0.557822,-0.327904
rock_12::style_swap::swap_same,rock_12,rock,S,style_swap,nan,0.940486,0.523234,0.564462,-0.241262
rock_13::control::ctrl,rock_13,rock,control,control,0.0,1.000000,1.000000,1.000000,0.000000
rock_13::pitch_shift::-4st,rock_13,rock,H,pitch_shift,-4.0,0.720217,0.542256,0.988576,-0.085814
rock_13::pitch_shift::-2st,rock_13,rock,H,pitch_shift,-2.0,0.788476,0.729178,0.993169,-0.110325
rock_13::pitch_shift::-1st,rock_13,rock,H,pitch_shift,-1.0,0.769879,0.866179,0.995158,-0.101306
rock_13::pitch_shift::+1st,rock_13,rock,H,pitch_shift,1.0,0.773455,0.868074,0.972732,-0.067449
rock_13::pitch_shift::+2st,rock_13,rock,H,pitch_shift,2.0,0.797231,0.800740,0.970979,-0.117018
rock_13::pitch_shift::+4st,rock_13,rock,H,pitch_shift,4.0,0.742585,0.682369,0.988211,-0.117015
rock_13::time_stretch::-20pct,rock_13,rock,R,time_stretch,-20.0,0.994929,0.879280,0.814343,-0.001030
rock_13::time_stretch::-10pct,rock_13,rock,R,time_stretch,-10.0,0.994983,0.917741,0.843438,0.029724
rock_13::time_stretch::-5pct,rock_13,rock,R,time_stretch,-5.0,0.997465,0.926467,0.888232,0.029474
rock_13::time_stretch::+5pct,rock_13,rock,R,time_stretch,5.0,0.997721,0.935733,0.867904,0.016205
rock_13::time_stretch::+10pct,rock_13,rock,R,time_stretch,10.0,0.997664,0.925012,0.837898,0.011565
rock_13::time_stretch::+20pct,rock_13,rock,R,time_stretch,20.0,0.997365,0.892562,0.810114,0.008689
rock_13::lowpass::lp8000,rock_13,rock,T,lowpass,8000.0,1.000000,0.421876,0.972141,0.012540
rock_13::lowpass::lp4000,rock_13,rock,T,lowpass,4000.0,0.999999,0.437112,0.963332,-0.069720
rock_13::lowpass::lp2000,rock_13,rock,T,lowpass,2000.0,0.999980,0.419893,0.956224,-0.095386
rock_13::distortion::drv4,rock_13,rock,T,distortion,4.0,0.999880,0.798468,0.997065,-0.009163
rock_13::distortion::drv12,rock_13,rock,T,distortion,12.0,0.998655,0.571120,0.987258,-0.092402
rock_13::distortion::drv32,rock_13,rock,T,distortion,32.0,0.996824,0.470678,0.943338,-0.182038
rock_13::style_swap::swap_cross,rock_13,rock,S,style_swap,nan,0.752659,0.431010,0.830133,-0.221791
rock_13::style_swap::swap_same,rock_13,rock,S,style_swap,nan,0.917936,0.477961,0.841512,-0.199302
rock_14::control::ctrl,rock_14,rock,control,control,0.0,0.999329,0.997552,0.999911,0.000000
rock_14::pitch_shift::-4st,rock_14,rock,H,pitch_shift,-4.0,0.946360,0.395950,0.965721,-0.098124
rock_14::pitch_shift::-2st,rock_14,rock,H,pitch_shift,-2.0,0.976535,0.546714,0.972948,-0.049664
rock_14::pitch_shift::-1st,rock_14,rock,H,pitch_shift,-1.0,0.961530,0.706464,0.975072,-0.050767
rock_14::pitch_shift::+1st,rock_14,rock,H,pitch_shift,1.0,0.954275,0.803245,0.979066,-0.045929
rock_14::pitch_shift::+2st,rock_14,rock,H,pitch_shift,2.0,0.972991,0.720617,0.975642,-0.045972
rock_14::pitch_shift::+4st,rock_14,rock,H,pitch_shift,4.0,0.952104,0.600730,0.971231,-0.103463
rock_14::time_stretch::-20pct,rock_14,rock,R,time_stretch,-20.0,0.996885,0.809246,0.704601,-0.015687
rock_14::time_stretch::-10pct,rock_14,rock,R,time_stretch,-10.0,0.999283,0.818225,0.760655,-0.000905
rock_14::time_stretch::-5pct,rock_14,rock,R,time_stretch,-5.0,0.998643,0.843001,0.784272,-0.007828
rock_14::time_stretch::+5pct,rock_14,rock,R,time_stretch,5.0,0.999110,0.831378,0.805204,-0.014232
rock_14::time_stretch::+10pct,rock_14,rock,R,time_stretch,10.0,0.999237,0.817822,0.760823,-0.015060
rock_14::time_stretch::+20pct,rock_14,rock,R,time_stretch,20.0,0.997080,0.805119,0.768814,-0.001684
rock_14::lowpass::lp8000,rock_14,rock,T,lowpass,8000.0,1.000000,0.364058,0.989706,0.003116
rock_14::lowpass::lp4000,rock_14,rock,T,lowpass,4000.0,0.998873,0.365912,0.976584,-0.072258
rock_14::lowpass::lp2000,rock_14,rock,T,lowpass,2000.0,0.998139,0.347400,0.905452,-0.146940
rock_14::distortion::drv4,rock_14,rock,T,distortion,4.0,0.999057,0.399021,0.966573,-0.017045
rock_14::distortion::drv12,rock_14,rock,T,distortion,12.0,0.999098,0.362068,0.927672,-0.065887
rock_14::distortion::drv32,rock_14,rock,T,distortion,32.0,0.999030,0.354624,0.909399,-0.099299
rock_14::style_swap::swap_cross,rock_14,rock,S,style_swap,nan,0.969653,0.359990,0.816761,-0.276947
rock_14::style_swap::swap_same,rock_14,rock,S,style_swap,nan,0.978102,0.390265,0.846669,-0.221948
rock_15::control::ctrl,rock_15,rock,control,control,0.0,1.000000,1.000000,1.000000,0.000000
rock_15::pitch_shift::-4st,rock_15,rock,H,pitch_shift,-4.0,0.924844,0.538525,0.989434,-0.046625
rock_15::pitch_shift::-2st,rock_15,rock,H,pitch_shift,-2.0,0.951015,0.686319,0.992139,0.001931
rock_15::pitch_shift::-1st,rock_15,rock,H,pitch_shift,-1.0,0.954785,0.810687,0.994562,-0.025144
rock_15::pitch_shift::+1st,rock_15,rock,H,pitch_shift,1.0,0.950218,0.848100,0.989389,-0.033143
rock_15::pitch_shift::+2st,rock_15,rock,H,pitch_shift,2.0,0.951027,0.730703,0.983811,-0.051157
rock_15::pitch_shift::+4st,rock_15,rock,H,pitch_shift,4.0,0.926988,0.583774,0.971832,-0.066160
rock_15::time_stretch::-20pct,rock_15,rock,R,time_stretch,-20.0,0.995116,0.888481,0.768667,-0.031124
rock_15::time_stretch::-10pct,rock_15,rock,R,time_stretch,-10.0,0.996538,0.912488,0.759850,0.005409
rock_15::time_stretch::-5pct,rock_15,rock,R,time_stretch,-5.0,0.996393,0.932759,0.813789,-0.001186
rock_15::time_stretch::+5pct,rock_15,rock,R,time_stretch,5.0,0.997159,0.925194,0.732458,0.011312
rock_15::time_stretch::+10pct,rock_15,rock,R,time_stretch,10.0,0.995071,0.901142,0.762200,0.001093
rock_15::time_stretch::+20pct,rock_15,rock,R,time_stretch,20.0,0.993986,0.879421,0.838611,-0.001737
rock_15::lowpass::lp8000,rock_15,rock,T,lowpass,8000.0,1.000000,0.541276,0.998599,0.003671
rock_15::lowpass::lp4000,rock_15,rock,T,lowpass,4000.0,0.999999,0.452586,0.994498,0.001330
rock_15::lowpass::lp2000,rock_15,rock,T,lowpass,2000.0,0.999971,0.392923,0.958542,-0.019205
rock_15::distortion::drv4,rock_15,rock,T,distortion,4.0,0.999861,0.853633,0.996121,-0.009661
rock_15::distortion::drv12,rock_15,rock,T,distortion,12.0,0.998976,0.607725,0.982636,-0.060495
rock_15::distortion::drv32,rock_15,rock,T,distortion,32.0,0.997351,0.502678,0.965817,-0.160961
rock_15::style_swap::swap_cross,rock_15,rock,S,style_swap,nan,0.928120,0.432940,0.690423,-0.264989
rock_15::style_swap::swap_same,rock_15,rock,S,style_swap,nan,0.863999,0.491131,0.763358,-0.237046
