pair_id,source_id,genre,dim_target,perturbation,magnitude,score_H,score_T,score_R,score_S
classical_01::control::ctrl,classical_01,classical,control,control,0.0,1.000000,1.000000,1.000000,0.578814
classical_01::pitch_shift::-4st,classical_01,classical,H,pitch_shift,-4.0,0.864113,0.612303,0.992673,0.559612
classical_01::pitch_shift::-2st,classical_01,classical,H,pitch_shift,-2.0,0.824667,0.734894,0.995101,0.559299
classical_01::pitch_shift::-1st,classical_01,classical,H,pitch_shift,-1.0,0.787760,0.849246,0.996772,0.495191
classical_01::pitch_shift::+1st,classical_01,classical,H,pitch_shift,1.0,0.788619,0.819998,0.996755,0.574574
classical_01::pitch_shift::+2st,classical_01,classical,H,pitch_shift,2.0,0.842670,0.727144,0.983819,0.530071
classical_01::pitch_shift::+4st,classical_01,classical,H,pitch_shift,4.0,0.860251,0.637512,0.980056,0.508678
classical_01::time_stretch::-20pct,classical_01,classical,R,time_stretch,-20.0,0.996247,0.861653,0.914808,0.731792
classical_01::time_stretch::-10pct,classical_01,classical,R,time_stretch,-10.0,0.997108,0.898333,0.899642,0.655407
classical_01::time_stretch::-5pct,classical_01,classical,R,time_stretch,-5.0,0.998156,0.932403,0.907294,0.680930
classical_01::time_stretch::+5pct,classical_01,classical,R,time_stretch,5.0,0.997116,0.908869,0.932434,0.671446
classical_01::time_stretch::+10pct,classical_01,classical,R,time_stretch,10.0,0.995629,0.883222,0.913560,0.658604
classical_01::time_stretch::+20pct,classical_01,classical,R,time_stretch,20.0,0.993441,0.848716,0.887090,0.709911
classical_01::lowpass::lp8000,classical_01,classical,T,lowpass,8000.0,1.000000,0.818931,0.998947,0.585413
classical_01::lowpass::lp4000,classical_01,classical,T,lowpass,4000.0,0.999999,0.583820,0.984677,0.543984
classical_01::lowpass::lp2000,classical_01,classical,T,lowpass,2000.0,0.999966,0.484488,0.982548,0.485857
classical_01::distortion::drv4,classical_01,classical,T,distortion,4.0,0.999999,0.939767,0.999491,0.565272
classical_01::distortion::drv12,classical_01,classical,T,distortion,12.0,0.999808,0.741768,0.993548,0.493085
classical_01::distortion::drv32,classical_01,classical,T,distortion,32.0,0.997670,0.597949,0.984828,0.420831
classical_01::style_swap::swap_cross,classical_01,classical,S,style_swap,nan,0.756144,0.384217,0.934590,0.313967
classical_01::style_swap::swap_same,classical_01,classical,S,style_swap,nan,0.845911,0.516402,0.904931,0.404310
classical_02::control::ctrl,classical_02,classical,control,control,0.0,1.000000,1.000000,1.000000,0.513572
classical_02::pitch_shift::-4st,classical_02,classical,H,pitch_shift,-4.0,0.876858,0.519232,0.992366,0.473444
classical_02::pitch_shift::-2st,classical_02,classical,H,pitch_shift,-2.0,0.854270,0.672519,0.994177,0.417908
classical_02::pitch_shift::-1st,classical_02,classical,H,pitch_shift,-1.0,0.860895,0.783541,0.994913,0.453146
classical_02::pitch_shift::+1st,classical_02,classical,H,pitch_shift,1.0,0.855980,0.795642,0.993839,0.447709
classical_02::pitch_shift::+2st,classical_02,classical,H,pitch_shift,2.0,0.855895,0.689406,0.992812,0.453303
classical_02::pitch_shift::+4st,classical_02,classical,H,pitch_shift,4.0,0.861920,0.579241,0.990348,0.417156
classical_02::time_stretch::-20pct,classical_02,classical,R,time_stretch,-20.0,0.998915,0.795302,0.907132,0.526606
classical_02::time_stretch::-10pct,classical_02,classical,R,time_stretch,-10.0,0.998979,0.792034,0.916513,0.520529
classical_02::time_stretch::-5pct,classical_02,classical,R,time_stretch,-5.0,0.992919,0.828905,0.921832,0.513571
classical_02::time_stretch::+5pct,classical_02,classical,R,time_stretch,5.0,0.999822,0.898014,0.923681,0.493376
classical_02::time_stretch::+10pct,classical_02,classical,R,time_stretch,10.0,0.999419,0.886192,0.907166,0.452511
classical_02::time_stretch::+20pct,classical_02,classical,R,time_stretch,20.0,0.994589,0.865308,0.917850,0.458473
classical_02::lowpass::lp8000,classical_02,classical,T,lowpass,8000.0,1.000000,0.540419,0.998866,0.513904
classical_02::lowpass::lp4000,classical_02,classical,T,lowpass,4000.0,0.996767,0.498750,0.996442,0.486063
classical_02::lowpass::lp2000,classical_02,classical,T,lowpass,2000.0,0.999545,0.435651,0.992241,0.477706
classical_02::distortion::drv4,classical_02,classical,T,distortion,4.0,1.000000,0.971852,0.999929,0.506347
classical_02::distortion::drv12,classical_02,classical,T,distortion,12.0,0.999950,0.833633,0.998966,0.500933
classical_02::distortion::drv32,classical_02,classical,T,distortion,32.0,0.992631,0.649915,0.994843,0.446911
classical_02::style_swap::swap_cross,classical_02,classical,S,style_swap,nan,0.867470,0.357396,0.917488,0.206293
classical_02::style_swap::swap_same,classical_02,classical,S,style_swap,nan,0.942536,0.471134,0.900222,0.380178
classical_03::control::ctrl,classical_03,classical,control,control,0.0,1.000000,0.999997,1.000000,0.576650
classical_03::pitch_shift::-4st,classical_03,classical,H,pitch_shift,-4.0,0.750486,0.581610,0.880385,0.500039
classical_03::pitch_shift::-2st,classical_03,classical,H,pitch_shift,-2.0,0.784584,0.716112,0.874670,0.507779
classical_03::pitch_shift::-1st,classical_03,classical,H,pitch_shift,-1.0,0.684936,0.823785,0.989732,0.523027
classical_03::pitch_shift::+1st,classical_03,classical,H,pitch_shift,1.0,0.685355,0.815827,0.989258,0.576808
classical_03::pitch_shift::+2st,classical_03,classical,H,pitch_shift,2.0,0.779941,0.714954,0.881136,0.515525
classical_03::pitch_shift::+4st,classical_03,classical,H,pitch_shift,4.0,0.757959,0.595320,0.863607,0.470000
classical_03::time_stretch::-20pct,classical_03,classical,R,time_stretch,-20.0,0.988867,0.715848,0.829220,0.554299
classical_03::time_stretch::-10pct,classical_03,classical,R,time_stretch,-10.0,0.994111,0.825710,0.831412,0.553820
classical_03::time_stretch::-5pct,classical_03,classical,R,time_stretch,-5.0,0.998174,0.900534,0.793413,0.561623
classical_03::time_stretch::+5pct,classical_03,classical,R,time_stretch,5.0,0.997193,0.892898,0.775429,0.546373
classical_03::time_stretch::+10pct,classical_03,classical,R,time_stretch,10.0,0.992930,0.888176,0.812694,0.538749
classical_03::time_stretch::+20pct,classical_03,classical,R,time_stretch,20.0,0.983839,0.850548,0.766852,0.515524
classical_03::lowpass::lp8000,classical_03,classical,T,lowpass,8000.0,1.000000,0.987020,0.999866,0.584392
classical_03::lowpass::lp4000,classical_03,classical,T,lowpass,4000.0,1.000000,0.981225,0.999840,0.598880
classical_03::lowpass::lp2000,classical_03,classical,T,lowpass,2000.0,1.000000,0.956241,0.999435,0.598882
classical_03::distortion::drv4,classical_03,classical,T,distortion,4.0,1.000000,0.963296,0.998157,0.561562
classical_03::distortion::drv12,classical_03,classical,T,distortion,12.0,0.999997,0.820762,0.992396,0.530078
classical_03::distortion::drv32,classical_03,classical,T,distortion,32.0,0.999737,0.639981,0.892109,0.417993
classical_03::style_swap::swap_cross,classical_03,classical,S,style_swap,nan,0.876702,0.363711,0.767462,0.241156
classical_03::style_swap::swap_same,classical_03,classical,S,style_swap,nan,0.791802,0.405002,0.900865,0.328116
classical_04::control::ctrl,classical_04,classical,control,control,0.0,1.000000,1.000000,1.000000,0.463040
classical_04::pitch_shift::-4st,classical_04,classical,H,pitch_shift,-4.0,0.902721,0.521585,0.984788,0.311739
classical_04::pitch_shift::-2st,classical_04,classical,H,pitch_shift,-2.0,0.902272,0.678855,0.987639,0.396278
classical_04::pitch_shift::-1st,classical_04,classical,H,pitch_shift,-1.0,0.881021,0.787717,0.988960,0.464299
classical_04::pitch_shift::+1st,classical_04,classical,H,pitch_shift,1.0,0.878067,0.802675,0.986214,0.419968
classical_04::pitch_shift::+2st,classical_04,classical,H,pitch_shift,2.0,0.905087,0.681803,0.982374,0.485181
classical_04::pitch_shift::+4st,classical_04,classical,H,pitch_shift,4.0,0.908763,0.550489,0.974613,0.390817
classical_04::time_stretch::-20pct,classical_04,classical,R,time_stretch,-20.0,0.998906,0.885519,0.682633,0.485364
classical_04::time_stretch::-10pct,classical_04,classical,R,time_stretch,-10.0,0.999131,0.906359,0.744330,0.470000
classical_04::time_stretch::-5pct,classical_04,classical,R,time_stretch,-5.0,0.999511,0.907233,0.799437,0.492417
classical_04::time_stretch::+5pct,classical_04,classical,R,time_stretch,5.0,0.999458,0.886120,0.663581,0.485182
classical_04::time_stretch::+10pct,classical_04,classical,R,time_stretch,10.0,0.998985,0.880722,0.671884,0.485356
classical_04::time_stretch::+20pct,classical_04,classical,R,time_stretch,20.0,0.998412,0.871281,0.675436,0.447791
classical_04::lowpass::lp8000,classical_04,classical,T,lowpass,8000.0,0.999962,0.494824,0.956801,0.463040
classical_04::lowpass::lp4000,classical_04,classical,T,lowpass,4000.0,0.999988,0.451422,0.946613,0.351609
classical_04::lowpass::lp2000,classical_04,classical,T,lowpass,2000.0,0.999784,0.424381,0.776986,0.363600
classical_04::distortion::drv4,classical_04,classical,T,distortion,4.0,0.998683,0.915623,0.998689,0.455236
classical_04::distortion::drv12,classical_04,classical,T,distortion,12.0,0.999733,0.727059,0.990520,0.403908
classical_04::distortion::drv32,classical_04,classical,T,distortion,32.0,0.997847,0.596923,0.933518,0.309085
classical_04::style_swap::swap_cross,classical_04,classical,S,style_swap,nan,0.718854,0.437217,0.680685,0.252484
classical_04::style_swap::swap_same,classical_04,classical,S,style_swap,nan,0.865958,0.423247,0.690669,0.317273
classical_05::control::ctrl,classical_05,classical,control,control,0.0,1.000000,1.000000,1.000000,0.619634
classical_05::pitch_shift::-4st,classical_05,classical,H,pitch_shift,-4.0,0.826430,0.543608,0.986932,0.304974
classical_05::pitch_shift::-2st,classical_05,classical,H,pitch_shift,-2.0,0.931116,0.681547,0.991416,0.485070
classical_05::pitch_shift::-1st,classical_05,classical,H,pitch_shift,-1.0,0.780394,0.785340,0.993429,0.352174
classical_05::pitch_shift::+1st,classical_05,classical,H,pitch_shift,1.0,0.780385,0.799396,0.991523,0.470970
classical_05::pitch_shift::+2st,classical_05,classical,H,pitch_shift,2.0,0.917132,0.678307,0.986772,0.422473
classical_05::pitch_shift::+4st,classical_05,classical,H,pitch_shift,4.0,0.815830,0.558801,0.972734,0.263451
classical_05::time_stretch::-20pct,classical_05,classical,R,time_stretch,-20.0,0.994855,0.836550,0.518477,0.575730
classical_05::time_stretch::-10pct,classical_05,classical,R,time_stretch,-10.0,0.997507,0.893827,0.612752,0.596289
classical_05::time_stretch::-5pct,classical_05,classical,R,time_stretch,-5.0,0.998375,0.920109,0.697140,0.602938
classical_05::time_stretch::+5pct,classical_05,classical,R,time_stretch,5.0,0.997909,0.917585,0.699425,0.619455
classical_05::time_stretch::+10pct,classical_05,classical,R,time_stretch,10.0,0.997040,0.901905,0.634037,0.561274
classical_05::time_stretch::+20pct,classical_05,classical,R,time_stretch,20.0,0.995403,0.882352,0.540177,0.604027
classical_05::lowpass::lp8000,classical_05,classical,T,lowpass,8000.0,0.999994,0.555207,0.997365,0.634026
classical_05::lowpass::lp4000,classical_05,classical,T,lowpass,4000.0,0.999994,0.424309,0.988053,0.514710
classical_05::lowpass::lp2000,classical_05,classical,T,lowpass,2000.0,0.999981,0.420024,0.975184,0.540603
classical_05::distortion::drv4,classical_05,classical,T,distortion,4.0,0.999044,0.611597,0.988815,0.434819
classical_05::distortion::drv12,classical_05,classical,T,distortion,12.0,0.995044,0.453771,0.963500,0.308249
classical_05::distortion::drv32,classical_05,classical,T,distortion,32.0,0.992742,0.462087,0.937098,0.258032
classical_05::style_swap::swap_cross,classical_05,classical,S,style_swap,nan,0.834885,0.443612,0.697140,0.273538
classical_05::style_swap::swap_same,classical_05,classical,S,style_swap,nan,0.942535,0.470888,0.630491,0.324393
classical_06::control::ctrl,classical_06,classical,control,control,0.0,1.000000,1.000000,1.000000,0.378158
classical_06::pitch_shift::-4st,classical_06,classical,H,pitch_shift,-4.0,0.734047,0.709554,0.989257,0.331086
classical_06::pitch_shift::-2st,classical_06,classical,H,pitch_shift,-2.0,0.825350,0.804681,0.991395,0.337055
classical_06::pitch_shift::-1st,classical_06,classical,H,pitch_shift,-1.0,0.741674,0.851268,0.992159,0.435845
classical_06::pitch_shift::+1st,classical_06,classical,H,pitch_shift,1.0,0.777363,0.866080,0.943706,0.484450
classical_06::pitch_shift::+2st,classical_06,classical,H,pitch_shift,2.0,0.852149,0.794743,0.965252,0.342972
classical_06::pitch_shift::+4st,classical_06,classical,H,pitch_shift,4.0,0.760496,0.657445,0.963410,0.420782
classical_06::time_stretch::-20pct,classical_06,classical,R,time_stretch,-20.0,0.988067,0.687602,0.834439,0.311972
classical_06::time_stretch::-10pct,classical_06,classical,R,time_stretch,-10.0,0.993930,0.845693,0.902673,0.382394
classical_06::time_stretch::-5pct,classical_06,classical,R,time_stretch,-5.0,0.997987,0.879530,0.930268,0.440852
classical_06::time_stretch::+5pct,classical_06,classical,R,time_stretch,5.0,0.997436,0.871008,0.929823,0.396654
classical_06::time_stretch::+10pct,classical_06,classical,R,time_stretch,10.0,0.986519,0.892624,0.883941,0.381898
classical_06::time_stretch::+20pct,classical_06,classical,R,time_stretch,20.0,0.985704,0.848804,0.887923,0.337054
classical_06::lowpass::lp8000,classical_06,classical,T,lowpass,8000.0,0.999344,0.847287,0.999466,0.368220
classical_06::lowpass::lp4000,classical_06,classical,T,lowpass,4000.0,0.998589,0.628359,0.997548,0.342979
classical_06::lowpass::lp2000,classical_06,classical,T,lowpass,2000.0,0.999230,0.529815,0.993118,0.287487
classical_06::distortion::drv4,classical_06,classical,T,distortion,4.0,0.999532,0.849352,0.985212,0.383839
classical_06::distortion::drv12,classical_06,classical,T,distortion,12.0,0.994831,0.648839,0.949694,0.236172
classical_06::distortion::drv32,classical_06,classical,T,distortion,32.0,0.989607,0.587683,0.942812,0.157242
classical_06::style_swap::swap_cross,classical_06,classical,S,style_swap,nan,0.860518,0.472724,0.758398,0.209558
classical_06::style_swap::swap_same,classical_06,classical,S,style_swap,nan,0.818979,0.522514,0.856778,0.385185
classical_07::control::ctrl,classical_07,classical,control,control,0.0,1.000000,1.000000,1.000000,0.409848
classical_07::pitch_shift::-4st,classical_07,classical,H,pitch_shift,-4.0,0.757308,0.547150,0.992228,0.283660
classical_07::pitch_shift::-2st,classical_07,classical,H,pitch_shift,-2.0,0.520474,0.674674,0.997295,0.336803
classical_07::pitch_shift::-1st,classical_07,classical,H,pitch_shift,-1.0,0.613616,0.808642,0.998706,0.386232
classical_07::pitch_shift::+1st,classical_07,classical,H,pitch_shift,1.0,0.608660,0.788862,0.979739,0.379788
classical_07::pitch_shift::+2st,classical_07,classical,H,pitch_shift,2.0,0.502097,0.669379,0.975721,0.265511
classical_07::pitch_shift::+4st,classical_07,classical,H,pitch_shift,4.0,0.742213,0.536622,0.967458,0.335360
classical_07::time_stretch::-20pct,classical_07,classical,R,time_stretch,-20.0,0.988439,0.818068,0.735008,0.416497
classical_07::time_stretch::-10pct,classical_07,classical,R,time_stretch,-10.0,0.999372,0.892039,0.779972,0.438826
classical_07::time_stretch::-5pct,classical_07,classical,R,time_stretch,-5.0,0.999394,0.928397,0.796430,0.415721
classical_07::time_stretch::+5pct,classical_07,classical,R,time_stretch,5.0,0.998852,0.893700,0.819091,0.423504
classical_07::time_stretch::+10pct,classical_07,classical,R,time_stretch,10.0,0.997609,0.865240,0.775110,0.358279
classical_07::time_stretch::+20pct,classical_07,classical,R,time_stretch,20.0,0.994535,0.846588,0.725697,0.410179
classical_07::lowpass::lp8000,classical_07,classical,T,lowpass,8000.0,1.000000,0.887378,0.999931,0.432104
classical_07::lowpass::lp4000,classical_07,classical,T,lowpass,4000.0,0.999998,0.675770,0.999563,0.431266
classical_07::lowpass::lp2000,classical_07,classical,T,lowpass,2000.0,0.999805,0.529654,0.997893,0.349526
classical_07::distortion::drv4,classical_07,classical,T,distortion,4.0,0.999686,0.830664,0.999399,0.424292
classical_07::distortion::drv12,classical_07,classical,T,distortion,12.0,0.997603,0.688581,0.997957,0.364613
classical_07::distortion::drv32,classical_07,classical,T,distortion,32.0,0.991400,0.600469,0.995059,0.272496
classical_07::style_swap::swap_cross,classical_07,classical,S,style_swap,nan,0.561467,0.441637,0.729005,0.284560
classical_07::style_swap::swap_same,classical_07,classical,S,style_swap,nan,0.900928,0.479527,0.776503,0.310658
classical_08::control::ctrl,classical_08,classical,control,control,0.0,1.000000,0.999999,1.000000,0.597068
classical_08::pitch_shift::-4st,classical_08,classical,H,pitch_shift,-4.0,0.664641,0.515556,0.969442,0.382340
classical_08::pitch_shift::-2st,classical_08,classical,H,pitch_shift,-2.0,0.587997,0.626644,0.971744,0.390882
classical_08::pitch_shift::-1st,classical_08,classical,H,pitch_shift,-1.0,0.621717,0.742298,0.973566,0.485364
classical_08::pitch_shift::+1st,classical_08,classical,H,pitch_shift,1.0,0.638426,0.714910,0.992626,0.522846
classical_08::pitch_shift::+2st,classical_08,classical,H,pitch_shift,2.0,0.581754,0.619610,0.981229,0.463333
classical_08::pitch_shift::+4st,classical_08,classical,H,pitch_shift,4.0,0.644201,0.475109,0.978376,0.491610
classical_08::time_stretch::-20pct,classical_08,classical,R,time_stretch,-20.0,0.992931,0.816711,0.907733,0.552283
classical_08::time_stretch::-10pct,classical_08,classical,R,time_stretch,-10.0,0.998571,0.876612,0.909192,0.552282
classical_08::time_stretch::-5pct,classical_08,classical,R,time_stretch,-5.0,0.998955,0.835725,0.933794,0.582674
classical_08::time_stretch::+5pct,classical_08,classical,R,time_stretch,5.0,0.998499,0.862341,0.945829,0.559504
classical_08::time_stretch::+10pct,classical_08,classical,R,time_stretch,10.0,0.998927,0.886902,0.931894,0.552054
classical_08::time_stretch::+20pct,classical_08,classical,R,time_stretch,20.0,0.997634,0.867187,0.913347,0.500703
classical_08::lowpass::lp8000,classical_08,classical,T,lowpass,8000.0,0.999998,0.958808,0.999964,0.596283
classical_08::lowpass::lp4000,classical_08,classical,T,lowpass,4000.0,0.999966,0.949259,0.999725,0.610680
classical_08::lowpass::lp2000,classical_08,classical,T,lowpass,2000.0,0.999991,0.464655,0.978766,0.529290
classical_08::distortion::drv4,classical_08,classical,T,distortion,4.0,0.998720,0.573731,0.982074,0.485366
classical_08::distortion::drv12,classical_08,classical,T,distortion,12.0,0.984657,0.414515,0.972304,0.210257
classical_08::distortion::drv32,classical_08,classical,T,distortion,32.0,0.967876,0.408195,0.979024,0.139716
classical_08::style_swap::swap_cross,classical_08,classical,S,style_swap,nan,0.809106,0.416323,0.888815,0.265759
classical_08::style_swap::swap_same,classical_08,classical,S,style_swap,nan,0.809079,0.380344,0.901239,0.346081
classical_09::control::ctrl,classical_09,classical,control,control,0.0,1.000000,1.000000,1.000000,0.492470
classical_09::pitch_shift::-4st,classical_09,classical,H,pitch_shift,-4.0,0.848484,0.621390,0.993900,0.363936
classical_09::pitch_shift::-2st,classical_09,classical,H,pitch_shift,-2.0,0.849070,0.726420,0.998179,0.403408
classical_09::pitch_shift::-1st,classical_09,classical,H,pitch_shift,-1.0,0.806949,0.815983,0.999191,0.395176
classical_09::pitch_shift::+1st,classical_09,classical,H,pitch_shift,1.0,0.799052,0.796756,0.998331,0.371255
classical_09::pitch_shift::+2st,classical_09,classical,H,pitch_shift,2.0,0.834523,0.710134,0.985918,0.371820
classical_09::pitch_shift::+4st,classical_09,classical,H,pitch_shift,4.0,0.827255,0.589200,0.978983,0.323858
classical_09::time_stretch::-20pct,classical_09,classical,R,time_stretch,-20.0,0.990624,0.873693,0.830187,0.461845
classical_09::time_stretch::-10pct,classical_09,classical,R,time_stretch,-10.0,0.995723,0.889188,0.863127,0.492333
classical_09::time_stretch::-5pct,classical_09,classical,R,time_stretch,-5.0,0.998329,0.892037,0.810619,0.531013
classical_09::time_stretch::+5pct,classical_09,classical,R,time_stretch,5.0,0.999145,0.897279,0.883333,0.576918
classical_09::time_stretch::+10pct,classical_09,classical,R,time_stretch,10.0,0.998595,0.891376,0.860268,0.500057
classical_09::time_stretch::+20pct,classical_09,classical,R,time_stretch,20.0,0.995937,0.855297,0.832433,0.553865
classical_09::lowpass::lp8000,classical_09,classical,T,lowpass,8000.0,1.000000,0.849612,0.999888,0.492468
classical_09::lowpass::lp4000,classical_09,classical,T,lowpass,4000.0,0.999999,0.586038,0.988682,0.546229
classical_09::lowpass::lp2000,classical_09,classical,T,lowpass,2000.0,0.999940,0.479378,0.987621,0.417634
classical_09::distortion::drv4,classical_09,classical,T,distortion,4.0,0.999633,0.807796,0.999539,0.387432
classical_09::distortion::drv12,classical_09,classical,T,distortion,12.0,0.996819,0.633971,0.998562,0.331108
classical_09::distortion::drv32,classical_09,classical,T,distortion,32.0,0.991088,0.528820,0.996440,0.357091
classical_09::style_swap::swap_cross,classical_09,classical,S,style_swap,nan,0.897722,0.377306,0.883131,0.154777
classical_09::style_swap::swap_same,classical_09,classical,S,style_swap,nan,0.818171,0.530727,0.816501,0.227716
classical_10::control::ctrl,classical_10,classical,control,control,0.0,1.000000,1.000000,1.000000,0.561592
classical_10::pitch_shift::-4st,classical_10,classical,H,pitch_shift,-4.0,0.719316,0.613257,0.996571,0.386796
classical_10::pitch_shift::-2st,classical_10,classical,H,pitch_shift,-2.0,0.685240,0.751635,0.999044,0.386539
classical_10::pitch_shift::-1st,classical_10,classical,H,pitch_shift,-1.0,0.599660,0.837629,0.999692,0.394288
classical_10::pitch_shift::+1st,classical_10,classical,H,pitch_shift,1.0,0.596098,0.856862,0.999193,0.357376
classical_10::pitch_shift::+2st,classical_10,classical,H,pitch_shift,2.0,0.662931,0.773538,0.998085,0.393745
classical_10::pitch_shift::+4st,classical_10,classical,H,pitch_shift,4.0,0.728684,0.641817,0.994792,0.358155
classical_10::time_stretch::-20pct,classical_10,classical,R,time_stretch,-20.0,0.988448,0.828432,0.928726,0.522951
classical_10::time_stretch::-10pct,classical_10,classical,R,time_stretch,-10.0,0.994966,0.873206,0.919240,0.515261
classical_10::time_stretch::-5pct,classical_10,classical,R,time_stretch,-5.0,0.998605,0.921652,0.936839,0.515146
classical_10::time_stretch::+5pct,classical_10,classical,R,time_stretch,5.0,0.998265,0.933004,0.936183,0.500058
classical_10::time_stretch::+10pct,classical_10,classical,R,time_stretch,10.0,0.996293,0.897087,0.922251,0.492262
classical_10::time_stretch::+20pct,classical_10,classical,R,time_stretch,20.0,0.993271,0.850048,0.904104,0.500085
classical_10::lowpass::lp8000,classical_10,classical,T,lowpass,8000.0,1.000000,0.870783,0.999954,0.576436
classical_10::lowpass::lp4000,classical_10,classical,T,lowpass,4000.0,0.999993,0.652280,0.999774,0.523389
classical_10::lowpass::lp2000,classical_10,classical,T,lowpass,2000.0,0.999819,0.536521,0.999236,0.453351
classical_10::distortion::drv4,classical_10,classical,T,distortion,4.0,0.999561,0.723807,0.999312,0.477192
classical_10::distortion::drv12,classical_10,classical,T,distortion,12.0,0.994965,0.593012,0.998199,0.350679
classical_10::distortion::drv32,classical_10,classical,T,distortion,32.0,0.986273,0.550736,0.994871,0.277714
classical_10::style_swap::swap_cross,classical_10,classical,S,style_swap,nan,0.647722,0.481486,0.954542,0.284193
classical_10::style_swap::swap_same,classical_10,classical,S,style_swap,nan,0.904747,0.493142,0.904104,0.463084
classical_11::control::ctrl,classical_11,classical,control,control,0.0,1.000000,1.000000,1.000000,0.530074
classical_11::pitch_shift::-4st,classical_11,classical,H,pitch_shift,-4.0,0.642501,0.618023,0.972449,0.363890
classical_11::pitch_shift::-2st,classical_11,classical,H,pitch_shift,-2.0,0.657320,0.682140,0.992606,0.417398
classical_11::pitch_shift::-1st,classical_11,classical,H,pitch_shift,-1.0,0.605818,0.790484,0.993602,0.341211
classical_11::pitch_shift::+1st,classical_11,classical,H,pitch_shift,1.0,0.643472,0.770137,0.976207,0.389687
classical_11::pitch_shift::+2st,classical_11,classical,H,pitch_shift,2.0,0.649417,0.677590,0.958712,0.347861
classical_11::pitch_shift::+4st,classical_11,classical,H,pitch_shift,4.0,0.743976,0.586582,0.957887,0.362204
classical_11::time_stretch::-20pct,classical_11,classical,R,time_stretch,-20.0,0.994939,0.797311,0.855067,0.559108
classical_11::time_stretch::-10pct,classical_11,classical,R,time_stretch,-10.0,0.999227,0.866217,0.878218,0.491723
classical_11::time_stretch::-5pct,classical_11,classical,R,time_stretch,-5.0,0.998653,0.883111,0.877093,0.506802
classical_11::time_stretch::+5pct,classical_11,classical,R,time_stretch,5.0,0.999364,0.868967,0.875962,0.529292
classical_11::time_stretch::+10pct,classical_11,classical,R,time_stretch,10.0,0.999058,0.854528,0.845182,0.498681
classical_11::time_stretch::+20pct,classical_11,classical,R,time_stretch,20.0,0.994512,0.838834,0.813344,0.537121
classical_11::lowpass::lp8000,classical_11,classical,T,lowpass,8000.0,1.000000,0.994813,0.999996,0.529288
classical_11::lowpass::lp4000,classical_11,classical,T,lowpass,4000.0,1.000000,0.824765,0.999765,0.537696
classical_11::lowpass::lp2000,classical_11,classical,T,lowpass,2000.0,0.999993,0.595429,0.980281,0.537026
classical_11::distortion::drv4,classical_11,classical,T,distortion,4.0,0.999950,0.879138,0.981273,0.484317
classical_11::distortion::drv12,classical_11,classical,T,distortion,12.0,0.998640,0.680252,0.978224,0.424328
classical_11::distortion::drv32,classical_11,classical,T,distortion,32.0,0.992478,0.554525,0.975510,0.347571
classical_11::style_swap::swap_cross,classical_11,classical,S,style_swap,nan,0.885847,0.394578,0.790832,0.225119
classical_11::style_swap::swap_same,classical_11,classical,S,style_swap,nan,0.759333,0.423632,0.821256,0.236402
classical_12::control::ctrl,classical_12,classical,control,control,0.0,1.000000,1.000000,1.000000,0.559509
classical_12::pitch_shift::-4st,classical_12,classical,H,pitch_shift,-4.0,0.747931,0.570972,0.978486,0.510853
classical_12::pitch_shift::-2st,classical_12,classical,H,pitch_shift,-2.0,0.756959,0.699857,0.992407,0.518469
classical_12::pitch_shift::-1st,classical_12,classical,H,pitch_shift,-1.0,0.811395,0.763160,0.980892,0.533544
classical_12::pitch_shift::+1st,classical_12,classical,H,pitch_shift,1.0,0.826522,0.787238,0.980996,0.534630
classical_12::pitch_shift::+2st,classical_12,classical,H,pitch_shift,2.0,0.760980,0.698835,0.980185,0.518963
classical_12::pitch_shift::+4st,classical_12,classical,H,pitch_shift,4.0,0.731961,0.588650,0.979340,0.544358
classical_12::time_stretch::-20pct,classical_12,classical,R,time_stretch,-20.0,0.990284,0.798351,0.933391,0.552061
classical_12::time_stretch::-10pct,classical_12,classical,R,time_stretch,-10.0,0.997870,0.844924,0.913189,0.566158
classical_12::time_stretch::-5pct,classical_12,classical,R,time_stretch,-5.0,0.994681,0.814766,0.932131,0.545100
classical_12::time_stretch::+5pct,classical_12,classical,R,time_stretch,5.0,0.998851,0.810938,0.922905,0.552057
classical_12::time_stretch::+10pct,classical_12,classical,R,time_stretch,10.0,0.998697,0.850112,0.903186,0.530074
classical_12::time_stretch::+20pct,classical_12,classical,R,time_stretch,20.0,0.996399,0.844450,0.937503,0.536511
classical_12::lowpass::lp8000,classical_12,classical,T,lowpass,8000.0,1.000000,0.813922,0.999443,0.566160
classical_12::lowpass::lp4000,classical_12,classical,T,lowpass,4000.0,0.999999,0.509594,0.997705,0.538745
classical_12::lowpass::lp2000,classical_12,classical,T,lowpass,2000.0,0.999364,0.414133,0.982570,0.525406
classical_12::distortion::drv4,classical_12,classical,T,distortion,4.0,0.999485,0.911366,0.999450,0.537882
classical_12::distortion::drv12,classical_12,classical,T,distortion,12.0,0.997929,0.706351,0.994833,0.552280
classical_12::distortion::drv32,classical_12,classical,T,distortion,32.0,0.995035,0.553799,0.972473,0.406894
classical_12::style_swap::swap_cross,classical_12,classical,S,style_swap,nan,0.970511,0.410347,0.912900,0.213125
classical_12::style_swap::swap_same,classical_12,classical,S,style_swap,nan,0.654856,0.484040,0.888062,0.251714
classical_13::control::ctrl,classical_13,classical,control,control,0.0,1.000000,1.000000,1.000000,0.433595
classical_13::pitch_shift::-4st,classical_13,classical,H,pitch_shift,-4.0,0.841447,0.546578,0.959818,0.355918
classical_13::pitch_shift::-2st,classical_13,classical,H,pitch_shift,-2.0,0.861788,0.651564,0.941685,0.465448
classical_13::pitch_shift::-1st,classical_13,classical,H,pitch_shift,-1.0,0.824119,0.743943,0.996646,0.379271
classical_13::pitch_shift::+1st,classical_13,classical,H,pitch_shift,1.0,0.850080,0.740670,0.941965,0.409271
classical_13::pitch_shift::+2st,classical_13,classical,H,pitch_shift,2.0,0.876210,0.648844,0.964592,0.413086
classical_13::pitch_shift::+4st,classical_13,classical,H,pitch_shift,4.0,0.872449,0.520474,0.953447,0.431202
classical_13::time_stretch::-20pct,classical_13,classical,R,time_stretch,-20.0,0.986721,0.770048,0.823150,0.395220
classical_13::time_stretch::-10pct,classical_13,classical,R,time_stretch,-10.0,0.998976,0.803878,0.789474,0.366025
classical_13::time_stretch::-5pct,classical_13,classical,R,time_stretch,-5.0,0.996779,0.807893,0.875686,0.411611
classical_13::time_stretch::+5pct,classical_13,classical,R,time_stretch,5.0,0.999114,0.809798,0.845987,0.448503
classical_13::time_stretch::+10pct,classical_13,classical,R,time_stretch,10.0,0.997000,0.820004,0.846581,0.418258
classical_13::time_stretch::+20pct,classical_13,classical,R,time_stretch,20.0,0.995832,0.785364,0.803940,0.403803
classical_13::lowpass::lp8000,classical_13,classical,T,lowpass,8000.0,1.000000,0.803034,0.948103,0.418570
classical_13::lowpass::lp4000,classical_13,classical,T,lowpass,4000.0,0.999998,0.652771,0.947634,0.456719
classical_13::lowpass::lp2000,classical_13,classical,T,lowpass,2000.0,0.999967,0.484745,0.998230,0.360444
classical_13::distortion::drv4,classical_13,classical,T,distortion,4.0,0.999999,0.977887,0.948413,0.447199
classical_13::distortion::drv12,classical_13,classical,T,distortion,12.0,0.999983,0.874877,0.948076,0.410766
classical_13::distortion::drv32,classical_13,classical,T,distortion,32.0,0.999935,0.698620,0.946360,0.417415
classical_13::style_swap::swap_cross,classical_13,classical,S,style_swap,nan,0.938630,0.407658,0.735857,0.215779
classical_13::style_swap::swap_same,classical_13,classical,S,style_swap,nan,0.850502,0.408574,0.846581,0.362045
classical_14::control::ctrl,classical_14,classical,control,control,0.0,1.000000,0.999998,1.000000,0.584044
classical_14::pitch_shift::-4st,classical_14,classical,H,pitch_shift,-4.0,0.707259,0.577600,0.925485,0.438803
classical_14::pitch_shift::-2st,classical_14,classical,H,pitch_shift,-2.0,0.827977,0.711373,0.930529,0.515398
classical_14::pitch_shift::-1st,classical_14,classical,H,pitch_shift,-1.0,0.691512,0.818130,0.996100,0.538752
classical_14::pitch_shift::+1st,classical_14,classical,H,pitch_shift,1.0,0.706686,0.815906,0.970565,0.507779
classical_14::pitch_shift::+2st,classical_14,classical,H,pitch_shift,2.0,0.833162,0.710529,0.969537,0.530941
classical_14::pitch_shift::+4st,classical_14,classical,H,pitch_shift,4.0,0.718171,0.575755,0.964863,0.431002
classical_14::time_stretch::-20pct,classical_14,classical,R,time_stretch,-20.0,0.993734,0.822093,0.707227,0.546494
classical_14::time_stretch::-10pct,classical_14,classical,R,time_stretch,-10.0,0.997701,0.894413,0.771094,0.561746
classical_14::time_stretch::-5pct,classical_14,classical,R,time_stretch,-5.0,0.998546,0.905012,0.784914,0.553825
classical_14::time_stretch::+5pct,classical_14,classical,R,time_stretch,5.0,0.998630,0.892132,0.873351,0.584429
classical_14::time_stretch::+10pct,classical_14,classical,R,time_stretch,10.0,0.996972,0.895697,0.825731,0.614421
classical_14::time_stretch::+20pct,classical_14,classical,R,time_stretch,20.0,0.989969,0.860611,0.828963,0.538744
classical_14::lowpass::lp8000,classical_14,classical,T,lowpass,8000.0,1.000000,0.984898,0.999993,0.583466
classical_14::lowpass::lp4000,classical_14,classical,T,lowpass,4000.0,1.000000,0.941421,0.999910,0.576244
classical_14::lowpass::lp2000,classical_14,classical,T,lowpass,2000.0,0.999999,0.586043,0.998457,0.583606
classical_14::distortion::drv4,classical_14,classical,T,distortion,4.0,0.999914,0.742818,0.996099,0.415982
classical_14::distortion::drv12,classical_14,classical,T,distortion,12.0,0.998441,0.574651,0.988334,0.235334
classical_14::distortion::drv32,classical_14,classical,T,distortion,32.0,0.992250,0.502599,0.982553,0.171492
classical_14::style_swap::swap_cross,classical_14,classical,S,style_swap,nan,0.872103,0.345070,0.760395,0.241824
classical_14::style_swap::swap_same,classical_14,classical,S,style_swap,nan,0.825374,0.443807,0.748870,0.179673
classical_15::control::ctrl,classical_15,classical,control,control,0.0,1.000000,1.000000,1.000000,0.487499
classical_15::pitch_shift::-4st,classical_15,classical,H,pitch_shift,-4.0,0.956041,0.512082,0.985633,0.538771
classical_15::pitch_shift::-2st,classical_15,classical,H,pitch_shift,-2.0,0.968745,0.686166,0.996111,0.531543
classical_15::pitch_shift::-1st,classical_15,classical,H,pitch_shift,-1.0,0.981113,0.817315,0.996356,0.479578
classical_15::pitch_shift::+1st,classical_15,classical,H,pitch_shift,1.0,0.983307,0.816304,0.995383,0.471959
classical_15::pitch_shift::+2st,classical_15,classical,H,pitch_shift,2.0,0.973490,0.679885,0.994851,0.456370
classical_15::pitch_shift::+4st,classical_15,classical,H,pitch_shift,4.0,0.967338,0.544054,0.983840,0.434687
classical_15::time_stretch::-20pct,classical_15,classical,R,time_stretch,-20.0,0.998683,0.811928,0.943124,0.465636
classical_15::time_stretch::-10pct,classical_15,classical,R,time_stretch,-10.0,0.999555,0.824298,0.927435,0.516957
classical_15::time_stretch::-5pct,classical_15,classical,R,time_stretch,-5.0,0.999524,0.876822,0.939810,0.463059
classical_15::time_stretch::+5pct,classical_15,classical,R,time_stretch,5.0,0.998928,0.897941,0.941619,0.516839
classical_15::time_stretch::+10pct,classical_15,classical,R,time_stretch,10.0,0.997781,0.829580,0.931338,0.500521
classical_15::time_stretch::+20pct,classical_15,classical,R,time_stretch,20.0,0.997678,0.804178,0.930040,0.500423
classical_15::lowpass::lp8000,classical_15,classical,T,lowpass,8000.0,0.999872,0.638903,0.999001,0.486407
classical_15::lowpass::lp4000,classical_15,classical,T,lowpass,4000.0,0.999872,0.577801,0.984907,0.448638
classical_15::lowpass::lp2000,classical_15,classical,T,lowpass,2000.0,0.999225,0.476938,0.974412,0.402130
classical_15::distortion::drv4,classical_15,classical,T,distortion,4.0,0.999986,0.995858,0.999988,0.472020
classical_15::distortion::drv12,classical_15,classical,T,distortion,12.0,1.000000,0.946744,0.999811,0.464218
classical_15::distortion::drv32,classical_15,classical,T,distortion,32.0,0.999869,0.806054,0.998657,0.456414
classical_15::style_swap::swap_cross,classical_15,classical,S,style_swap,nan,0.982942,0.408907,0.931338,0.369538
classical_15::style_swap::swap_same,classical_15,classical,S,style_swap,nan,0.921746,0.440542,0.958621,0.387587
ambient_01::control::ctrl,ambient_01,ambient,control,control,0.0,1.000000,1.000000,1.000000,0.462220
ambient_01::pitch_shift::-4st,ambient_01,ambient,H,pitch_shift,-4.0,0.991860,0.535472,0.980880,0.424381
ambient_01::pitch_shift::-2st,ambient_01,ambient,H,pitch_shift,-2.0,0.994160,0.669668,0.983710,0.470317
ambient_01::pitch_shift::-1st,ambient_01,ambient,H,pitch_shift,-1.0,0.992230,0.794462,0.984684,0.544496
ambient_01::pitch_shift::+1st,ambient_01,ambient,H,pitch_shift,1.0,0.992976,0.798119,0.995430,0.484474
ambient_01::pitch_shift::+2st,ambient_01,ambient,H,pitch_shift,2.0,0.994728,0.703130,0.982154,0.484994
ambient_01::pitch_shift::+4st,ambient_01,ambient,H,pitch_shift,4.0,0.990868,0.598342,0.979553,0.484990
ambient_01::time_stretch::-20pct,ambient_01,ambient,R,time_stretch,-20.0,0.999551,0.830197,0.917763,0.463069
ambient_01::time_stretch::-10pct,ambient_01,ambient,R,time_stretch,-10.0,0.999781,0.875798,0.909151,0.477763
ambient_01::time_stretch::-5pct,ambient_01,ambient,R,time_stretch,-5.0,0.999163,0.877557,0.930745,0.398657
ambient_01::time_stretch::+5pct,ambient_01,ambient,R,time_stretch,5.0,0.999658,0.887665,0.916141,0.485876
ambient_01::time_stretch::+10pct,ambient_01,ambient,R,time_stretch,10.0,0.999207,0.891970,0.923006,0.434789
ambient_01::time_stretch::+20pct,ambient_01,ambient,R,time_stretch,20.0,0.998769,0.816180,0.910809,0.492839
ambient_01::lowpass::lp8000,ambient_01,ambient,T,lowpass,8000.0,0.999863,0.668603,0.953496,0.447821
ambient_01::lowpass::lp4000,ambient_01,ambient,T,lowpass,4000.0,0.999991,0.456822,0.956717,0.555978
ambient_01::lowpass::lp2000,ambient_01,ambient,T,lowpass,2000.0,0.999997,0.407643,0.946942,0.520883
ambient_01::distortion::drv4,ambient_01,ambient,T,distortion,4.0,0.999207,0.816485,0.997343,0.455835
ambient_01::distortion::drv12,ambient_01,ambient,T,distortion,12.0,0.999877,0.583775,0.954716,0.368186
ambient_01::distortion::drv32,ambient_01,ambient,T,distortion,32.0,0.999323,0.453171,0.946290,0.364973
ambient_01::style_swap::swap_cross,ambient_01,ambient,S,style_swap,nan,0.922525,0.383363,0.938740,0.390555
ambient_01::style_swap::swap_same,ambient_01,ambient,S,style_swap,nan,0.786444,0.436147,0.900642,0.309217
ambient_02::control::ctrl,ambient_02,ambient,control,control,0.0,1.000000,1.000000,1.000000,0.297177
ambient_02::pitch_shift::-4st,ambient_02,ambient,H,pitch_shift,-4.0,0.979569,0.675632,0.939457,0.300760
ambient_02::pitch_shift::-2st,ambient_02,ambient,H,pitch_shift,-2.0,0.980604,0.785834,0.954735,0.293312
ambient_02::pitch_shift::-1st,ambient_02,ambient,H,pitch_shift,-1.0,0.982425,0.849402,0.964227,0.305760
ambient_02::pitch_shift::+1st,ambient_02,ambient,H,pitch_shift,1.0,0.988710,0.850334,0.961004,0.265576
ambient_02::pitch_shift::+2st,ambient_02,ambient,H,pitch_shift,2.0,0.983157,0.780604,0.952201,0.261371
ambient_02::pitch_shift::+4st,ambient_02,ambient,H,pitch_shift,4.0,0.986475,0.681578,0.946378,0.263465
ambient_02::time_stretch::-20pct,ambient_02,ambient,R,time_stretch,-20.0,0.998187,0.851555,0.465753,0.305987
ambient_02::time_stretch::-10pct,ambient_02,ambient,R,time_stretch,-10.0,0.997916,0.866119,0.573374,0.305991
ambient_02::time_stretch::-5pct,ambient_02,ambient,R,time_stretch,-5.0,0.999041,0.894707,0.651737,0.320833
ambient_02::time_stretch::+5pct,ambient_02,ambient,R,time_stretch,5.0,0.999575,0.887427,0.657285,0.298537
ambient_02::time_stretch::+10pct,ambient_02,ambient,R,time_stretch,10.0,0.998746,0.871035,0.592206,0.336026
ambient_02::time_stretch::+20pct,ambient_02,ambient,R,time_stretch,20.0,0.997618,0.851619,0.499158,0.293315
ambient_02::lowpass::lp8000,ambient_02,ambient,T,lowpass,8000.0,0.996569,0.696462,0.997989,0.328286
ambient_02::lowpass::lp4000,ambient_02,ambient,T,lowpass,4000.0,0.999159,0.462093,0.985293,0.305991
ambient_02::lowpass::lp2000,ambient_02,ambient,T,lowpass,2000.0,0.999628,0.414113,0.949809,0.238693
ambient_02::distortion::drv4,ambient_02,ambient,T,distortion,4.0,0.999992,0.885197,0.979681,0.297177
ambient_02::distortion::drv12,ambient_02,ambient,T,distortion,12.0,0.998867,0.634103,0.934581,0.234218
ambient_02::distortion::drv32,ambient_02,ambient,T,distortion,32.0,0.999022,0.473899,0.902881,0.146674
ambient_02::style_swap::swap_cross,ambient_02,ambient,S,style_swap,nan,0.981542,0.450337,0.696751,0.303643
ambient_02::style_swap::swap_same,ambient_02,ambient,S,style_swap,nan,0.703100,0.438493,0.499158,0.217012
ambient_03::control::ctrl,ambient_03,ambient,control,control,0.0,1.000000,0.909740,0.999968,0.614975
ambient_03::pitch_shift::-4st,ambient_03,ambient,H,pitch_shift,-4.0,0.967475,0.442842,0.981213,0.406237
ambient_03::pitch_shift::-2st,ambient_03,ambient,H,pitch_shift,-2.0,0.966983,0.614702,0.994043,0.482252
ambient_03::pitch_shift::-1st,ambient_03,ambient,H,pitch_shift,-1.0,0.956746,0.735617,0.996440,0.507821
ambient_03::pitch_shift::+1st,ambient_03,ambient,H,pitch_shift,1.0,0.962836,0.885929,0.993492,0.444647
ambient_03::pitch_shift::+2st,ambient_03,ambient,H,pitch_shift,2.0,0.964014,0.803769,0.986760,0.520448
ambient_03::pitch_shift::+4st,ambient_03,ambient,H,pitch_shift,4.0,0.964465,0.717791,0.966153,0.409992
ambient_03::time_stretch::-20pct,ambient_03,ambient,R,time_stretch,-20.0,0.996542,0.887253,0.310870,0.594959
ambient_03::time_stretch::-10pct,ambient_03,ambient,R,time_stretch,-10.0,0.998140,0.907143,0.439812,0.613394
ambient_03::time_stretch::-5pct,ambient_03,ambient,R,time_stretch,-5.0,0.998781,0.938444,0.541582,0.592753
ambient_03::time_stretch::+5pct,ambient_03,ambient,R,time_stretch,5.0,0.998646,0.937681,0.534686,0.615034
ambient_03::time_stretch::+10pct,ambient_03,ambient,R,time_stretch,10.0,0.998979,0.906747,0.422458,0.627154
ambient_03::time_stretch::+20pct,ambient_03,ambient,R,time_stretch,20.0,0.997873,0.869821,0.318227,0.628414
ambient_03::lowpass::lp8000,ambient_03,ambient,T,lowpass,8000.0,0.999998,0.391500,0.995147,0.609961
ambient_03::lowpass::lp4000,ambient_03,ambient,T,lowpass,4000.0,0.999994,0.392753,0.981564,0.503873
ambient_03::lowpass::lp2000,ambient_03,ambient,T,lowpass,2000.0,0.999952,0.382287,0.939266,0.441612
ambient_03::distortion::drv4,ambient_03,ambient,T,distortion,4.0,0.999750,0.587877,0.994579,0.548237
ambient_03::distortion::drv12,ambient_03,ambient,T,distortion,12.0,0.999094,0.485067,0.974285,0.367766
ambient_03::distortion::drv32,ambient_03,ambient,T,distortion,32.0,0.998735,0.443486,0.922930,0.326268
ambient_03::style_swap::swap_cross,ambient_03,ambient,S,style_swap,nan,0.806611,0.376423,0.373747,0.251718
ambient_03::style_swap::swap_same,ambient_03,ambient,S,style_swap,nan,0.776063,0.358581,0.327914,0.192816
ambient_04::control::ctrl,ambient_04,ambient,control,control,0.0,1.000000,1.000000,1.000000,0.454408
ambient_04::pitch_shift::-4st,ambient_04,ambient,H,pitch_shift,-4.0,0.453659,0.515198,0.989405,0.352825
ambient_04::pitch_shift::-2st,ambient_04,ambient,H,pitch_shift,-2.0,0.608414,0.655428,0.973122,0.403914
ambient_04::pitch_shift::-1st,ambient_04,ambient,H,pitch_shift,-1.0,0.557387,0.782174,0.973556,0.395939
ambient_04::pitch_shift::+1st,ambient_04,ambient,H,pitch_shift,1.0,0.480187,0.747064,0.969352,0.388306
ambient_04::pitch_shift::+2st,ambient_04,ambient,H,pitch_shift,2.0,0.596663,0.607531,0.968119,0.375077
ambient_04::pitch_shift::+4st,ambient_04,ambient,H,pitch_shift,4.0,0.439260,0.500091,0.977755,0.291424
ambient_04::time_stretch::-20pct,ambient_04,ambient,R,time_stretch,-20.0,0.986257,0.754337,0.958501,0.403566
ambient_04::time_stretch::-10pct,ambient_04,ambient,R,time_stretch,-10.0,0.997683,0.803605,0.956372,0.448597
ambient_04::time_stretch::-5pct,ambient_04,ambient,R,time_stretch,-5.0,0.999376,0.862993,0.957976,0.426734
ambient_04::time_stretch::+5pct,ambient_04,ambient,R,time_stretch,5.0,0.998484,0.877194,0.965219,0.440792
ambient_04::time_stretch::+10pct,ambient_04,ambient,R,time_stretch,10.0,0.997237,0.867047,0.969424,0.434478
ambient_04::time_stretch::+20pct,ambient_04,ambient,R,time_stretch,20.0,0.996091,0.838491,0.962223,0.390334
ambient_04::lowpass::lp8000,ambient_04,ambient,T,lowpass,8000.0,0.999998,0.862721,0.999735,0.462993
ambient_04::lowpass::lp4000,ambient_04,ambient,T,lowpass,4000.0,0.999999,0.645434,0.998639,0.409888
ambient_04::lowpass::lp2000,ambient_04,ambient,T,lowpass,2000.0,0.999506,0.500317,0.997307,0.389077
ambient_04::distortion::drv4,ambient_04,ambient,T,distortion,4.0,0.999892,0.822714,0.995669,0.417512
ambient_04::distortion::drv12,ambient_04,ambient,T,distortion,12.0,0.994796,0.584906,0.970343,0.325892
ambient_04::distortion::drv32,ambient_04,ambient,T,distortion,32.0,0.974092,0.484068,0.965212,0.287718
ambient_04::style_swap::swap_cross,ambient_04,ambient,S,style_swap,nan,0.793058,0.388578,0.927496,0.263452
ambient_04::style_swap::swap_same,ambient_04,ambient,S,style_swap,nan,0.405134,0.449697,0.960801,0.322676
ambient_05::control::ctrl,ambient_05,ambient,control,control,0.0,1.000000,1.000000,1.000000,0.440791
ambient_05::pitch_shift::-4st,ambient_05,ambient,H,pitch_shift,-4.0,0.743985,0.556551,0.983569,0.394631
ambient_05::pitch_shift::-2st,ambient_05,ambient,H,pitch_shift,-2.0,0.677017,0.699875,0.976582,0.432078
ambient_05::pitch_shift::-1st,ambient_05,ambient,H,pitch_shift,-1.0,0.715724,0.770504,0.986817,0.396053
ambient_05::pitch_shift::+1st,ambient_05,ambient,H,pitch_shift,1.0,0.702877,0.743486,0.987631,0.425243
ambient_05::pitch_shift::+2st,ambient_05,ambient,H,pitch_shift,2.0,0.656497,0.688284,0.987246,0.395208
ambient_05::pitch_shift::+4st,ambient_05,ambient,H,pitch_shift,4.0,0.734344,0.578996,0.987435,0.387584
ambient_05::time_stretch::-20pct,ambient_05,ambient,R,time_stretch,-20.0,0.966326,0.792423,0.967866,0.462203
ambient_05::time_stretch::-10pct,ambient_05,ambient,R,time_stretch,-10.0,0.993737,0.794226,0.965360,0.462201
ambient_05::time_stretch::-5pct,ambient_05,ambient,R,time_stretch,-5.0,0.997714,0.780697,0.950449,0.431898
ambient_05::time_stretch::+5pct,ambient_05,ambient,R,time_stretch,5.0,0.997799,0.749545,0.951600,0.425247
ambient_05::time_stretch::+10pct,ambient_05,ambient,R,time_stretch,10.0,0.996662,0.798070,0.967509,0.439642
ambient_05::time_stretch::+20pct,ambient_05,ambient,R,time_stretch,20.0,0.993276,0.775387,0.956235,0.417448
ambient_05::lowpass::lp8000,ambient_05,ambient,T,lowpass,8000.0,0.999954,0.525608,0.991141,0.439701
ambient_05::lowpass::lp4000,ambient_05,ambient,T,lowpass,4000.0,0.999843,0.512959,0.989768,0.417626
ambient_05::lowpass::lp2000,ambient_05,ambient,T,lowpass,2000.0,0.999928,0.429033,0.986925,0.417975
ambient_05::distortion::drv4,ambient_05,ambient,T,distortion,4.0,0.999994,0.926163,0.999031,0.440792
ambient_05::distortion::drv12,ambient_05,ambient,T,distortion,12.0,0.999769,0.709542,0.981671,0.432081
ambient_05::distortion::drv32,ambient_05,ambient,T,distortion,32.0,0.995251,0.535242,0.956531,0.248756
ambient_05::style_swap::swap_cross,ambient_05,ambient,S,style_swap,nan,0.559526,0.437994,0.915074,0.253594
ambient_05::style_swap::swap_same,ambient_05,ambient,S,style_swap,nan,0.797992,0.443338,0.919340,0.108372
ambient_06::control::ctrl,ambient_06,ambient,control,control,0.0,1.000000,1.000000,1.000000,0.660992
ambient_06::pitch_shift::-4st,ambient_06,ambient,H,pitch_shift,-4.0,0.933492,0.608839,0.685669,0.446776
ambient_06::pitch_shift::-2st,ambient_06,ambient,H,pitch_shift,-2.0,0.902073,0.725149,0.693941,0.419778
ambient_06::pitch_shift::-1st,ambient_06,ambient,H,pitch_shift,-1.0,0.903169,0.830952,0.697581,0.454763
ambient_06::pitch_shift::+1st,ambient_06,ambient,H,pitch_shift,1.0,0.901373,0.786065,0.693696,0.499571
ambient_06::pitch_shift::+2st,ambient_06,ambient,H,pitch_shift,2.0,0.902912,0.667559,0.687621,0.498503
ambient_06::pitch_shift::+4st,ambient_06,ambient,H,pitch_shift,4.0,0.941973,0.568132,0.671017,0.483752
ambient_06::time_stretch::-20pct,ambient_06,ambient,R,time_stretch,-20.0,0.998208,0.821386,0.528688,0.583623
ambient_06::time_stretch::-10pct,ambient_06,ambient,R,time_stretch,-10.0,0.999552,0.848160,0.485195,0.633115
ambient_06::time_stretch::-5pct,ambient_06,ambient,R,time_stretch,-5.0,0.999569,0.888466,0.470404,0.619405
ambient_06::time_stretch::+5pct,ambient_06,ambient,R,time_stretch,5.0,0.999789,0.887261,0.511152,0.646151
ambient_06::time_stretch::+10pct,ambient_06,ambient,R,time_stretch,10.0,0.999452,0.848974,0.524802,0.640738
ambient_06::time_stretch::+20pct,ambient_06,ambient,R,time_stretch,20.0,0.998026,0.822305,0.603077,0.633117
ambient_06::lowpass::lp8000,ambient_06,ambient,T,lowpass,8000.0,1.000000,0.600506,0.997262,0.667946
ambient_06::lowpass::lp4000,ambient_06,ambient,T,lowpass,4000.0,0.999997,0.441231,0.989876,0.438824
ambient_06::lowpass::lp2000,ambient_06,ambient,T,lowpass,2000.0,0.999978,0.390320,0.975047,0.454412
ambient_06::distortion::drv4,ambient_06,ambient,T,distortion,4.0,0.999716,0.707646,0.959996,0.418905
ambient_06::distortion::drv12,ambient_06,ambient,T,distortion,12.0,0.997673,0.491608,0.748365,0.240533
ambient_06::distortion::drv32,ambient_06,ambient,T,distortion,32.0,0.996700,0.459338,0.831052,0.173388
ambient_06::style_swap::swap_cross,ambient_06,ambient,S,style_swap,nan,0.864388,0.470866,0.734756,0.367714
ambient_06::style_swap::swap_same,ambient_06,ambient,S,style_swap,nan,0.683270,0.453647,0.736087,0.362750
ambient_07::control::ctrl,ambient_07,ambient,control,control,0.0,1.000000,1.000000,1.000000,0.568850
ambient_07::pitch_shift::-4st,ambient_07,ambient,H,pitch_shift,-4.0,0.393655,0.604657,0.993286,0.394904
ambient_07::pitch_shift::-2st,ambient_07,ambient,H,pitch_shift,-2.0,0.689597,0.713787,0.997655,0.461622
ambient_07::pitch_shift::-1st,ambient_07,ambient,H,pitch_shift,-1.0,0.345551,0.810926,0.998603,0.423846
ambient_07::pitch_shift::+1st,ambient_07,ambient,H,pitch_shift,1.0,0.358931,0.799919,0.998054,0.417415
ambient_07::pitch_shift::+2st,ambient_07,ambient,H,pitch_shift,2.0,0.671615,0.724955,0.996185,0.454066
ambient_07::pitch_shift::+4st,ambient_07,ambient,H,pitch_shift,4.0,0.358746,0.608252,0.990207,0.366536
ambient_07::time_stretch::-20pct,ambient_07,ambient,R,time_stretch,-20.0,0.995224,0.839484,0.826813,0.537699
ambient_07::time_stretch::-10pct,ambient_07,ambient,R,time_stretch,-10.0,0.997987,0.886904,0.864750,0.576656
ambient_07::time_stretch::-5pct,ambient_07,ambient,R,time_stretch,-5.0,0.999391,0.888946,0.898460,0.568971
ambient_07::time_stretch::+5pct,ambient_07,ambient,R,time_stretch,5.0,0.999447,0.883194,0.896076,0.553247
ambient_07::time_stretch::+10pct,ambient_07,ambient,R,time_stretch,10.0,0.997690,0.857473,0.868285,0.568493
ambient_07::time_stretch::+20pct,ambient_07,ambient,R,time_stretch,20.0,0.995508,0.843121,0.856899,0.568852
ambient_07::lowpass::lp8000,ambient_07,ambient,T,lowpass,8000.0,0.999997,0.874025,0.999889,0.575810
ambient_07::lowpass::lp4000,ambient_07,ambient,T,lowpass,4000.0,0.999993,0.601988,0.999426,0.567650
ambient_07::lowpass::lp2000,ambient_07,ambient,T,lowpass,2000.0,0.999893,0.480554,0.998851,0.515284
ambient_07::distortion::drv4,ambient_07,ambient,T,distortion,4.0,0.999939,0.810032,0.999150,0.546020
ambient_07::distortion::drv12,ambient_07,ambient,T,distortion,12.0,0.998365,0.599668,0.994383,0.439396
ambient_07::distortion::drv32,ambient_07,ambient,T,distortion,32.0,0.990253,0.493914,0.988822,0.380470
ambient_07::style_swap::swap_cross,ambient_07,ambient,S,style_swap,nan,0.803303,0.448432,0.877081,0.250482
ambient_07::style_swap::swap_same,ambient_07,ambient,S,style_swap,nan,0.800924,0.441013,0.921675,0.256879
ambient_08::control::ctrl,ambient_08,ambient,control,control,0.0,1.000000,1.000000,1.000000,0.546379
ambient_08::pitch_shift::-4st,ambient_08,ambient,H,pitch_shift,-4.0,0.723803,0.510457,0.981699,0.431230
ambient_08::pitch_shift::-2st,ambient_08,ambient,H,pitch_shift,-2.0,0.608591,0.620931,0.984900,0.416351
ambient_08::pitch_shift::-1st,ambient_08,ambient,H,pitch_shift,-1.0,0.472501,0.733390,0.987599,0.424150
ambient_08::pitch_shift::+1st,ambient_08,ambient,H,pitch_shift,1.0,0.454409,0.715595,0.977583,0.416473
ambient_08::pitch_shift::+2st,ambient_08,ambient,H,pitch_shift,2.0,0.590542,0.619937,0.985306,0.425422
ambient_08::pitch_shift::+4st,ambient_08,ambient,H,pitch_shift,4.0,0.673092,0.537854,0.985874,0.386891
ambient_08::time_stretch::-20pct,ambient_08,ambient,R,time_stretch,-20.0,0.978781,0.772355,0.951184,0.538634
ambient_08::time_stretch::-10pct,ambient_08,ambient,R,time_stretch,-10.0,0.990527,0.787403,0.952786,0.500569
ambient_08::time_stretch::-5pct,ambient_08,ambient,R,time_stretch,-5.0,0.997675,0.835389,0.947009,0.523502
ambient_08::time_stretch::+5pct,ambient_08,ambient,R,time_stretch,5.0,0.996387,0.785292,0.954589,0.546200
ambient_08::time_stretch::+10pct,ambient_08,ambient,R,time_stretch,10.0,0.995280,0.787221,0.963118,0.500166
ambient_08::time_stretch::+20pct,ambient_08,ambient,R,time_stretch,20.0,0.961311,0.632961,0.953815,0.477221
ambient_08::lowpass::lp8000,ambient_08,ambient,T,lowpass,8000.0,0.999979,0.467328,0.997865,0.538640
ambient_08::lowpass::lp4000,ambient_08,ambient,T,lowpass,4000.0,0.999978,0.450038,0.996530,0.447442
ambient_08::lowpass::lp2000,ambient_08,ambient,T,lowpass,2000.0,0.999324,0.423370,0.994445,0.432074
ambient_08::distortion::drv4,ambient_08,ambient,T,distortion,4.0,0.999838,0.892702,0.997075,0.531131
ambient_08::distortion::drv12,ambient_08,ambient,T,distortion,12.0,0.995272,0.667041,0.986724,0.403382
ambient_08::distortion::drv32,ambient_08,ambient,T,distortion,32.0,0.982232,0.547025,0.977122,0.289672
ambient_08::style_swap::swap_cross,ambient_08,ambient,S,style_swap,nan,0.745865,0.415230,0.923419,0.159519
ambient_08::style_swap::swap_same,ambient_08,ambient,S,style_swap,nan,0.787097,0.417093,0.901420,0.224457
ambient_09::control::ctrl,ambient_09,ambient,control,control,0.0,1.000000,1.000000,1.000000,0.546258
ambient_09::pitch_shift::-4st,ambient_09,ambient,H,pitch_shift,-4.0,0.712680,0.500521,0.962175,0.454083
ambient_09::pitch_shift::-2st,ambient_09,ambient,H,pitch_shift,-2.0,0.875073,0.639930,0.938120,0.492342
ambient_09::pitch_shift::-1st,ambient_09,ambient,H,pitch_shift,-1.0,0.663314,0.728254,0.973127,0.438985
ambient_09::pitch_shift::+1st,ambient_09,ambient,H,pitch_shift,1.0,0.688159,0.822591,0.973200,0.453944
ambient_09::pitch_shift::+2st,ambient_09,ambient,H,pitch_shift,2.0,0.847923,0.742165,0.974416,0.469278
ambient_09::pitch_shift::+4st,ambient_09,ambient,H,pitch_shift,4.0,0.689868,0.637622,0.971022,0.396666
ambient_09::time_stretch::-20pct,ambient_09,ambient,R,time_stretch,-20.0,0.992976,0.825241,0.847720,0.523316
ambient_09::time_stretch::-10pct,ambient_09,ambient,R,time_stretch,-10.0,0.995879,0.853611,0.797548,0.515679
ambient_09::time_stretch::-5pct,ambient_09,ambient,R,time_stretch,-5.0,0.996090,0.866738,0.823603,0.515458
ambient_09::time_stretch::+5pct,ambient_09,ambient,R,time_stretch,5.0,0.997789,0.857327,0.797478,0.569576
ambient_09::time_stretch::+10pct,ambient_09,ambient,R,time_stretch,10.0,0.997842,0.845212,0.773415,0.500081
ambient_09::time_stretch::+20pct,ambient_09,ambient,R,time_stretch,20.0,0.995433,0.840177,0.724705,0.507984
ambient_09::lowpass::lp8000,ambient_09,ambient,T,lowpass,8000.0,0.998881,0.453000,0.992739,0.531081
ambient_09::lowpass::lp4000,ambient_09,ambient,T,lowpass,4000.0,0.999998,0.420715,0.987042,0.431292
ambient_09::lowpass::lp2000,ambient_09,ambient,T,lowpass,2000.0,0.998481,0.423547,0.980518,0.416534
ambient_09::distortion::drv4,ambient_09,ambient,T,distortion,4.0,0.999147,0.885405,0.995233,0.538512
ambient_09::distortion::drv12,ambient_09,ambient,T,distortion,12.0,0.999473,0.715357,0.973820,0.500065
ambient_09::distortion::drv32,ambient_09,ambient,T,distortion,32.0,0.996241,0.594114,0.942727,0.409673
ambient_09::style_swap::swap_cross,ambient_09,ambient,S,style_swap,nan,0.842045,0.480484,0.769403,0.246006
ambient_09::style_swap::swap_same,ambient_09,ambient,S,style_swap,nan,0.545857,0.412381,0.811315,0.317548
ambient_10::control::ctrl,ambient_10,ambient,control,control,0.0,1.000000,1.000000,1.000000,0.425757
ambient_10::pitch_shift::-4st,ambient_10,ambient,H,pitch_shift,-4.0,0.875458,0.461847,0.972453,0.313964
ambient_10::pitch_shift::-2st,ambient_10,ambient,H,pitch_shift,-2.0,0.921455,0.563085,0.978307,0.398493
ambient_10::pitch_shift::-1st,ambient_10,ambient,H,pitch_shift,-1.0,0.970039,0.693054,0.980250,0.392687
ambient_10::pitch_shift::+1st,ambient_10,ambient,H,pitch_shift,1.0,0.986659,0.690748,0.969727,0.421831
ambient_10::pitch_shift::+2st,ambient_10,ambient,H,pitch_shift,2.0,0.961057,0.578212,0.971882,0.380774
ambient_10::pitch_shift::+4st,ambient_10,ambient,H,pitch_shift,4.0,0.944938,0.449543,0.980744,0.345867
ambient_10::time_stretch::-20pct,ambient_10,ambient,R,time_stretch,-20.0,0.986184,0.725964,0.937202,0.372961
ambient_10::time_stretch::-10pct,ambient_10,ambient,R,time_stretch,-10.0,0.996962,0.764904,0.949751,0.406228
ambient_10::time_stretch::-5pct,ambient_10,ambient,R,time_stretch,-5.0,0.988589,0.762821,0.948427,0.406222
ambient_10::time_stretch::+5pct,ambient_10,ambient,R,time_stretch,5.0,0.998284,0.752154,0.947626,0.385932
ambient_10::time_stretch::+10pct,ambient_10,ambient,R,time_stretch,10.0,0.996403,0.744653,0.938064,0.367741
ambient_10::time_stretch::+20pct,ambient_10,ambient,R,time_stretch,20.0,0.996128,0.787709,0.957747,0.387082
ambient_10::lowpass::lp8000,ambient_10,ambient,T,lowpass,8000.0,1.000000,0.551173,0.999327,0.433561
ambient_10::lowpass::lp4000,ambient_10,ambient,T,lowpass,4000.0,0.999998,0.427673,0.997842,0.369490
ambient_10::lowpass::lp2000,ambient_10,ambient,T,lowpass,2000.0,0.999463,0.380097,0.995412,0.320672
ambient_10::distortion::drv4,ambient_10,ambient,T,distortion,4.0,0.999936,0.906382,0.997533,0.391550
ambient_10::distortion::drv12,ambient_10,ambient,T,distortion,12.0,0.999871,0.611583,0.954245,0.347516
ambient_10::distortion::drv32,ambient_10,ambient,T,distortion,32.0,0.999184,0.459026,0.942726,0.232414
ambient_10::style_swap::swap_cross,ambient_10,ambient,S,style_swap,nan,0.924343,0.396036,0.952955,0.273021
ambient_10::style_swap::swap_same,ambient_10,ambient,S,style_swap,nan,0.789284,0.401594,0.938743,0.379782
ambient_11::control::ctrl,ambient_11,ambient,control,control,0.0,0.999997,0.992369,0.999991,0.584059
ambient_11::pitch_shift::-4st,ambient_11,ambient,H,pitch_shift,-4.0,0.792757,0.512197,0.992110,0.425149
ambient_11::pitch_shift::-2st,ambient_11,ambient,H,pitch_shift,-2.0,0.868017,0.648893,0.995802,0.400461
ambient_11::pitch_shift::-1st,ambient_11,ambient,H,pitch_shift,-1.0,0.799248,0.753158,0.996827,0.606636
ambient_11::pitch_shift::+1st,ambient_11,ambient,H,pitch_shift,1.0,0.804936,0.759027,0.995482,0.523245
ambient_11::pitch_shift::+2st,ambient_11,ambient,H,pitch_shift,2.0,0.857017,0.638144,0.993788,0.515275
ambient_11::pitch_shift::+4st,ambient_11,ambient,H,pitch_shift,4.0,0.770872,0.528879,0.986629,0.507436
ambient_11::time_stretch::-20pct,ambient_11,ambient,R,time_stretch,-20.0,0.995223,0.857046,0.738374,0.634082
ambient_11::time_stretch::-10pct,ambient_11,ambient,R,time_stretch,-10.0,0.998735,0.879810,0.779856,0.590834
ambient_11::time_stretch::-5pct,ambient_11,ambient,R,time_stretch,-5.0,0.999113,0.895625,0.825443,0.598639
ambient_11::time_stretch::+5pct,ambient_11,ambient,R,time_stretch,5.0,0.999240,0.910075,0.823214,0.620325
ambient_11::time_stretch::+10pct,ambient_11,ambient,R,time_stretch,10.0,0.998297,0.871096,0.782966,0.605299
ambient_11::time_stretch::+20pct,ambient_11,ambient,R,time_stretch,20.0,0.997867,0.809079,0.761825,0.591207
ambient_11::lowpass::lp8000,ambient_11,ambient,T,lowpass,8000.0,0.999997,0.453637,0.997642,0.613096
ambient_11::lowpass::lp4000,ambient_11,ambient,T,lowpass,4000.0,0.999875,0.435715,0.837154,0.500064
ambient_11::lowpass::lp2000,ambient_11,ambient,T,lowpass,2000.0,0.994462,0.402551,0.821830,0.341425
ambient_11::distortion::drv4,ambient_11,ambient,T,distortion,4.0,0.999811,0.723192,0.998499,0.545930
ambient_11::distortion::drv12,ambient_11,ambient,T,distortion,12.0,0.997487,0.550873,0.992885,0.484989
ambient_11::distortion::drv32,ambient_11,ambient,T,distortion,32.0,0.992133,0.463777,0.819374,0.446584
ambient_11::style_swap::swap_cross,ambient_11,ambient,S,style_swap,nan,0.914370,0.374194,0.747802,0.418318
ambient_11::style_swap::swap_same,ambient_11,ambient,S,style_swap,nan,0.969948,0.474155,0.729045,0.462014
ambient_12::control::ctrl,ambient_12,ambient,control,control,0.0,1.000000,1.000000,1.000000,0.234236
ambient_12::pitch_shift::-4st,ambient_12,ambient,H,pitch_shift,-4.0,0.982149,0.439230,0.976882,0.150621
ambient_12::pitch_shift::-2st,ambient_12,ambient,H,pitch_shift,-2.0,0.990802,0.554137,0.988544,0.158026
ambient_12::pitch_shift::-1st,ambient_12,ambient,H,pitch_shift,-1.0,0.991962,0.700742,0.978902,0.183806
ambient_12::pitch_shift::+1st,ambient_12,ambient,H,pitch_shift,1.0,0.992449,0.721010,0.996332,0.240073
ambient_12::pitch_shift::+2st,ambient_12,ambient,H,pitch_shift,2.0,0.989630,0.610298,0.996432,0.250911
ambient_12::pitch_shift::+4st,ambient_12,ambient,H,pitch_shift,4.0,0.983221,0.508080,0.989325,0.215676
ambient_12::time_stretch::-20pct,ambient_12,ambient,R,time_stretch,-20.0,0.999359,0.858799,0.958762,0.215218
ambient_12::time_stretch::-10pct,ambient_12,ambient,R,time_stretch,-10.0,0.999430,0.885672,0.962486,0.229783
ambient_12::time_stretch::-5pct,ambient_12,ambient,R,time_stretch,-5.0,0.999331,0.873550,0.959203,0.232435
ambient_12::time_stretch::+5pct,ambient_12,ambient,R,time_stretch,5.0,0.999779,0.831324,0.958804,0.212265
ambient_12::time_stretch::+10pct,ambient_12,ambient,R,time_stretch,10.0,0.999273,0.898511,0.947216,0.258525
ambient_12::time_stretch::+20pct,ambient_12,ambient,R,time_stretch,20.0,0.999050,0.864608,0.971289,0.259963
ambient_12::lowpass::lp8000,ambient_12,ambient,T,lowpass,8000.0,0.999990,0.996663,0.999997,0.218986
ambient_12::lowpass::lp4000,ambient_12,ambient,T,lowpass,4000.0,0.999990,0.619340,0.999946,0.223101
ambient_12::lowpass::lp2000,ambient_12,ambient,T,lowpass,2000.0,0.999640,0.444727,0.999470,0.227585
ambient_12::distortion::drv4,ambient_12,ambient,T,distortion,4.0,0.999194,0.707435,0.992325,0.202327
ambient_12::distortion::drv12,ambient_12,ambient,T,distortion,12.0,0.999000,0.547497,0.989891,0.172628
ambient_12::distortion::drv32,ambient_12,ambient,T,distortion,32.0,0.999091,0.483179,0.988339,0.149930
ambient_12::style_swap::swap_cross,ambient_12,ambient,S,style_swap,nan,0.957063,0.351425,0.957997,0.143851
ambient_12::style_swap::swap_same,ambient_12,ambient,S,style_swap,nan,0.732430,0.441401,0.969138,0.225316
ambient_13::control::ctrl,ambient_13,ambient,control,control,0.0,1.000000,1.000000,1.000000,0.522874
ambient_13::pitch_shift::-4st,ambient_13,ambient,H,pitch_shift,-4.0,0.556186,0.600669,0.927063,0.439831
ambient_13::pitch_shift::-2st,ambient_13,ambient,H,pitch_shift,-2.0,0.749166,0.681639,0.974646,0.463054
ambient_13::pitch_shift::-1st,ambient_13,ambient,H,pitch_shift,-1.0,0.489544,0.800135,0.978308,0.416364
ambient_13::pitch_shift::+1st,ambient_13,ambient,H,pitch_shift,1.0,0.513236,0.817322,0.976178,0.521981
ambient_13::pitch_shift::+2st,ambient_13,ambient,H,pitch_shift,2.0,0.742498,0.692902,0.972239,0.478415
ambient_13::pitch_shift::+4st,ambient_13,ambient,H,pitch_shift,4.0,0.646190,0.615799,0.960454,0.388900
ambient_13::time_stretch::-20pct,ambient_13,ambient,R,time_stretch,-20.0,0.965806,0.797673,0.597956,0.515415
ambient_13::time_stretch::-10pct,ambient_13,ambient,R,time_stretch,-10.0,0.988974,0.785547,0.529167,0.568229
ambient_13::time_stretch::-5pct,ambient_13,ambient,R,time_stretch,-5.0,0.991312,0.814777,0.728429,0.568217
ambient_13::time_stretch::+5pct,ambient_13,ambient,R,time_stretch,5.0,0.995766,0.852228,0.734106,0.544861
ambient_13::time_stretch::+10pct,ambient_13,ambient,R,time_stretch,10.0,0.988421,0.825857,0.645295,0.515258
ambient_13::time_stretch::+20pct,ambient_13,ambient,R,time_stretch,20.0,0.979249,0.788526,0.653463,0.492451
ambient_13::lowpass::lp8000,ambient_13,ambient,T,lowpass,8000.0,1.000000,0.536139,0.984054,0.545639
ambient_13::lowpass::lp4000,ambient_13,ambient,T,lowpass,4000.0,1.000000,0.452412,0.956057,0.484973
ambient_13::lowpass::lp2000,ambient_13,ambient,T,lowpass,2000.0,0.999944,0.430353,0.926302,0.431908
ambient_13::distortion::drv4,ambient_13,ambient,T,distortion,4.0,0.999734,0.806216,0.986011,0.514553
ambient_13::distortion::drv12,ambient_13,ambient,T,distortion,12.0,0.993729,0.615945,0.944278,0.358780
ambient_13::distortion::drv32,ambient_13,ambient,T,distortion,32.0,0.983502,0.505243,0.884956,0.209313
ambient_13::style_swap::swap_cross,ambient_13,ambient,S,style_swap,nan,0.833886,0.386475,0.679407,0.229721
ambient_13::style_swap::swap_same,ambient_13,ambient,S,style_swap,nan,0.942991,0.463723,0.794526,0.336250
ambient_14::control::ctrl,ambient_14,ambient,control,control,0.0,1.000000,1.000000,1.000000,0.583868
ambient_14::pitch_shift::-4st,ambient_14,ambient,H,pitch_shift,-4.0,0.445474,0.509280,0.980121,0.388894
ambient_14::pitch_shift::-2st,ambient_14,ambient,H,pitch_shift,-2.0,0.603276,0.615384,0.981515,0.454401
ambient_14::pitch_shift::-1st,ambient_14,ambient,H,pitch_shift,-1.0,0.349664,0.717494,0.990500,0.389797
ambient_14::pitch_shift::+1st,ambient_14,ambient,H,pitch_shift,1.0,0.339898,0.734084,0.990554,0.448661
ambient_14::pitch_shift::+2st,ambient_14,ambient,H,pitch_shift,2.0,0.613777,0.619659,0.982365,0.409877
ambient_14::pitch_shift::+4st,ambient_14,ambient,H,pitch_shift,4.0,0.430828,0.521558,0.990088,0.425422
ambient_14::time_stretch::-20pct,ambient_14,ambient,R,time_stretch,-20.0,0.995258,0.823346,0.954713,0.576241
ambient_14::time_stretch::-10pct,ambient_14,ambient,R,time_stretch,-10.0,0.998562,0.830130,0.953812,0.523099
ambient_14::time_stretch::-5pct,ambient_14,ambient,R,time_stretch,-5.0,0.997920,0.854890,0.970227,0.575748
ambient_14::time_stretch::+5pct,ambient_14,ambient,R,time_stretch,5.0,0.997708,0.833173,0.960823,0.569375
ambient_14::time_stretch::+10pct,ambient_14,ambient,R,time_stretch,10.0,0.998610,0.841678,0.959540,0.561573
ambient_14::time_stretch::+20pct,ambient_14,ambient,R,time_stretch,20.0,0.998394,0.828925,0.951936,0.561171
ambient_14::lowpass::lp8000,ambient_14,ambient,T,lowpass,8000.0,1.000000,0.555157,0.991686,0.598621
ambient_14::lowpass::lp4000,ambient_14,ambient,T,lowpass,4000.0,0.999972,0.480145,0.990441,0.477805
ambient_14::lowpass::lp2000,ambient_14,ambient,T,lowpass,2000.0,0.999001,0.443293,0.996146,0.463045
ambient_14::distortion::drv4,ambient_14,ambient,T,distortion,4.0,0.999602,0.795469,0.979915,0.538641
ambient_14::distortion::drv12,ambient_14,ambient,T,distortion,12.0,0.989304,0.555726,0.969931,0.367491
ambient_14::distortion::drv32,ambient_14,ambient,T,distortion,32.0,0.967010,0.457764,0.964897,0.250605
ambient_14::style_swap::swap_cross,ambient_14,ambient,S,style_swap,nan,0.496949,0.400790,0.951005,0.272218
ambient_14::style_swap::swap_same,ambient_14,ambient,S,style_swap,nan,0.877742,0.346620,0.950537,0.291203
ambient_15::control::ctrl,ambient_15,ambient,control,control,0.0,1.000000,1.000000,1.000000,0.478430
ambient_15::pitch_shift::-4st,ambient_15,ambient,H,pitch_shift,-4.0,0.795832,0.395902,0.968380,0.394065
ambient_15::pitch_shift::-2st,ambient_15,ambient,H,pitch_shift,-2.0,0.894009,0.475818,0.976969,0.454068
ambient_15::pitch_shift::-1st,ambient_15,ambient,H,pitch_shift,-1.0,0.754429,0.598125,0.980004,0.485479
ambient_15::pitch_shift::+1st,ambient_15,ambient,H,pitch_shift,1.0,0.766570,0.571167,0.980927,0.485094
ambient_15::pitch_shift::+2st,ambient_15,ambient,H,pitch_shift,2.0,0.910526,0.458781,0.979721,0.492603
ambient_15::pitch_shift::+4st,ambient_15,ambient,H,pitch_shift,4.0,0.838639,0.413429,0.977514,0.447628
ambient_15::time_stretch::-20pct,ambient_15,ambient,R,time_stretch,-20.0,0.996613,0.821128,0.805354,0.463058
ambient_15::time_stretch::-10pct,ambient_15,ambient,R,time_stretch,-10.0,0.998577,0.835014,0.701719,0.493016
ambient_15::time_stretch::-5pct,ambient_15,ambient,R,time_stretch,-5.0,0.998239,0.853619,0.771440,0.514909
ambient_15::time_stretch::+5pct,ambient_15,ambient,R,time_stretch,5.0,0.998199,0.851793,0.775751,0.470799
ambient_15::time_stretch::+10pct,ambient_15,ambient,R,time_stretch,10.0,0.998226,0.840353,0.713396,0.456406
ambient_15::time_stretch::+20pct,ambient_15,ambient,R,time_stretch,20.0,0.996879,0.849316,0.654613,0.462270
ambient_15::lowpass::lp8000,ambient_15,ambient,T,lowpass,8000.0,1.000000,0.458808,0.994995,0.485386
ambient_15::lowpass::lp4000,ambient_15,ambient,T,lowpass,4000.0,1.000000,0.451133,0.977747,0.462209
ambient_15::lowpass::lp2000,ambient_15,ambient,T,lowpass,2000.0,0.999970,0.433479,0.962747,0.439889
ambient_15::distortion::drv4,ambient_15,ambient,T,distortion,4.0,0.999997,0.918726,0.996114,0.508197
ambient_15::distortion::drv12,ambient_15,ambient,T,distortion,12.0,0.999574,0.594689,0.985910,0.440199
ambient_15::distortion::drv32,ambient_15,ambient,T,distortion,32.0,0.996240,0.471304,0.978213,0.388273
ambient_15::style_swap::swap_cross,ambient_15,ambient,S,style_swap,nan,0.898710,0.398311,0.674610,0.384631
ambient_15::style_swap::swap_same,ambient_15,ambient,S,style_swap,nan,0.903423,0.342104,0.765265,0.283789
electronic_01::control::ctrl,electronic_01,electronic,control,control,0.0,1.000000,1.000000,1.000000,0.295014
electronic_01::pitch_shift::-4st,electronic_01,electronic,H,pitch_shift,-4.0,0.945811,0.422687,0.977400,0.336426
electronic_01::pitch_shift::-2st,electronic_01,electronic,H,pitch_shift,-2.0,0.942735,0.582709,0.984895,0.394022
electronic_01::pitch_shift::-1st,electronic_01,electronic,H,pitch_shift,-1.0,0.959297,0.730242,0.971446,0.343720
electronic_01::pitch_shift::+1st,electronic_01,electronic,H,pitch_shift,1.0,0.969528,0.797640,0.973058,0.393992
electronic_01::pitch_shift::+2st,electronic_01,electronic,H,pitch_shift,2.0,0.958703,0.690911,0.985230,0.328602
electronic_01::pitch_shift::+4st,electronic_01,electronic,H,pitch_shift,4.0,0.950566,0.573887,0.971592,0.257564
electronic_01::time_stretch::-20pct,electronic_01,electronic,R,time_stretch,-20.0,0.997518,0.805718,0.911469,0.238341
electronic_01::time_stretch::-10pct,electronic_01,electronic,R,time_stretch,-10.0,0.997407,0.839154,0.909727,0.313269
electronic_01::time_stretch::-5pct,electronic_01,electronic,R,time_stretch,-5.0,0.997500,0.864145,0.919759,0.284953
electronic_01::time_stretch::+5pct,electronic_01,electronic,R,time_stretch,5.0,0.996980,0.874828,0.934457,0.274154
electronic_01::time_stretch::+10pct,electronic_01,electronic,R,time_stretch,10.0,0.997182,0.879119,0.922208,0.293011
electronic_01::time_stretch::+20pct,electronic_01,electronic,R,time_stretch,20.0,0.998620,0.707903,0.920848,0.283714
electronic_01::lowpass::lp8000,electronic_01,electronic,T,lowpass,8000.0,0.999998,0.431203,0.999604,0.293010
electronic_01::lowpass::lp4000,electronic_01,electronic,T,lowpass,4000.0,0.999975,0.441031,0.998875,0.315254
electronic_01::lowpass::lp2000,electronic_01,electronic,T,lowpass,2000.0,0.999022,0.428175,0.994027,0.266164
electronic_01::distortion::drv4,electronic_01,electronic,T,distortion,4.0,0.999998,0.998936,0.999994,0.295013
electronic_01::distortion::drv12,electronic_01,electronic,T,distortion,12.0,0.997341,0.991985,0.999875,0.305848
electronic_01::distortion::drv32,electronic_01,electronic,T,distortion,32.0,0.999364,0.901260,0.997859,0.307691
electronic_01::style_swap::swap_cross,electronic_01,electronic,S,style_swap,nan,0.937976,0.349675,0.922398,0.205198
electronic_01::style_swap::swap_same,electronic_01,electronic,S,style_swap,nan,0.952056,0.384604,0.845884,0.265902
electronic_02::control::ctrl,electronic_02,electronic,control,control,0.0,1.000000,0.996412,0.999951,0.658115
electronic_02::pitch_shift::-4st,electronic_02,electronic,H,pitch_shift,-4.0,0.845970,0.357292,0.986437,0.569563
electronic_02::pitch_shift::-2st,electronic_02,electronic,H,pitch_shift,-2.0,0.933650,0.499879,0.991978,0.612847
electronic_02::pitch_shift::-1st,electronic_02,electronic,H,pitch_shift,-1.0,0.854283,0.670267,0.994387,0.617687
electronic_02::pitch_shift::+1st,electronic_02,electronic,H,pitch_shift,1.0,0.840383,0.829232,0.993616,0.602440
electronic_02::pitch_shift::+2st,electronic_02,electronic,H,pitch_shift,2.0,0.925749,0.748019,0.989283,0.610061
electronic_02::pitch_shift::+4st,electronic_02,electronic,H,pitch_shift,4.0,0.844764,0.632716,0.976408,0.526789
electronic_02::time_stretch::-20pct,electronic_02,electronic,R,time_stretch,-20.0,0.996420,0.801553,0.618707,0.696684
electronic_02::time_stretch::-10pct,electronic_02,electronic,R,time_stretch,-10.0,0.998428,0.833060,0.675261,0.663456
electronic_02::time_stretch::-5pct,electronic_02,electronic,R,time_stretch,-5.0,0.999666,0.859886,0.730423,0.667440
electronic_02::time_stretch::+5pct,electronic_02,electronic,R,time_stretch,5.0,0.998677,0.854712,0.754316,0.685654
electronic_02::time_stretch::+10pct,electronic_02,electronic,R,time_stretch,10.0,0.998863,0.840921,0.695875,0.659707
electronic_02::time_stretch::+20pct,electronic_02,electronic,R,time_stretch,20.0,0.998254,0.831386,0.598947,0.678035
electronic_02::lowpass::lp8000,electronic_02,electronic,T,lowpass,8000.0,0.999868,0.367913,0.999430,0.656008
electronic_02::lowpass::lp4000,electronic_02,electronic,T,lowpass,4000.0,0.999871,0.384484,0.998986,0.528514
electronic_02::lowpass::lp2000,electronic_02,electronic,T,lowpass,2000.0,0.999789,0.367604,0.997399,0.468877
electronic_02::distortion::drv4,electronic_02,electronic,T,distortion,4.0,0.999855,0.405606,0.980504,0.615550
electronic_02::distortion::drv12,electronic_02,electronic,T,distortion,12.0,0.998243,0.371171,0.961512,0.543594
electronic_02::distortion::drv32,electronic_02,electronic,T,distortion,32.0,0.996908,0.362562,0.952877,0.491662
electronic_02::style_swap::swap_cross,electronic_02,electronic,S,style_swap,nan,0.960120,0.354984,0.585917,0.315523
electronic_02::style_swap::swap_same,electronic_02,electronic,S,style_swap,nan,0.884276,0.331471,0.669026,0.263488
electronic_03::control::ctrl,electronic_03,electronic,control,control,0.0,1.000000,1.000000,1.000000,0.447144
electronic_03::pitch_shift::-4st,electronic_03,electronic,H,pitch_shift,-4.0,0.788346,0.519168,0.984427,0.337681
electronic_03::pitch_shift::-2st,electronic_03,electronic,H,pitch_shift,-2.0,0.896738,0.691159,0.993354,0.368009
electronic_03::pitch_shift::-1st,electronic_03,electronic,H,pitch_shift,-1.0,0.844839,0.819591,0.996090,0.368166
electronic_03::pitch_shift::+1st,electronic_03,electronic,H,pitch_shift,1.0,0.835002,0.836081,0.994608,0.374664
electronic_03::pitch_shift::+2st,electronic_03,electronic,H,pitch_shift,2.0,0.882757,0.749434,0.989889,0.341961
electronic_03::pitch_shift::+4st,electronic_03,electronic,H,pitch_shift,4.0,0.779014,0.609306,0.970904,0.301292
electronic_03::time_stretch::-20pct,electronic_03,electronic,R,time_stretch,-20.0,0.985607,0.879953,0.521783,0.469440
electronic_03::time_stretch::-10pct,electronic_03,electronic,R,time_stretch,-10.0,0.987852,0.913809,0.608954,0.469673
electronic_03::time_stretch::-5pct,electronic_03,electronic,R,time_stretch,-5.0,0.983866,0.926579,0.673739,0.440589
electronic_03::time_stretch::+5pct,electronic_03,electronic,R,time_stretch,5.0,0.975732,0.938414,0.671795,0.492310
electronic_03::time_stretch::+10pct,electronic_03,electronic,R,time_stretch,10.0,0.988753,0.900945,0.608096,0.454984
electronic_03::time_stretch::+20pct,electronic_03,electronic,R,time_stretch,20.0,0.967919,0.869285,0.529469,0.432378
electronic_03::lowpass::lp8000,electronic_03,electronic,T,lowpass,8000.0,0.999988,0.460280,0.997180,0.462214
electronic_03::lowpass::lp4000,electronic_03,electronic,T,lowpass,4000.0,0.999992,0.443416,0.987591,0.340853
electronic_03::lowpass::lp2000,electronic_03,electronic,T,lowpass,2000.0,0.999898,0.405602,0.973443,0.361696
electronic_03::distortion::drv4,electronic_03,electronic,T,distortion,4.0,0.999817,0.727611,0.997881,0.462222
electronic_03::distortion::drv12,electronic_03,electronic,T,distortion,12.0,0.998965,0.570448,0.989218,0.399560
electronic_03::distortion::drv32,electronic_03,electronic,T,distortion,32.0,0.997222,0.489519,0.970613,0.336950
electronic_03::style_swap::swap_cross,electronic_03,electronic,S,style_swap,nan,0.742728,0.422853,0.510899,0.135161
electronic_03::style_swap::swap_same,electronic_03,electronic,S,style_swap,nan,0.883613,0.535962,0.482211,0.165379
electronic_04::control::ctrl,electronic_04,electronic,control,control,0.0,1.000000,1.000000,1.000000,0.544841
electronic_04::pitch_shift::-4st,electronic_04,electronic,H,pitch_shift,-4.0,0.808084,0.456859,0.981981,0.435892
electronic_04::pitch_shift::-2st,electronic_04,electronic,H,pitch_shift,-2.0,0.892388,0.592037,0.989689,0.514621
electronic_04::pitch_shift::-1st,electronic_04,electronic,H,pitch_shift,-1.0,0.967084,0.761149,0.992983,0.535949
electronic_04::pitch_shift::+1st,electronic_04,electronic,H,pitch_shift,1.0,0.952675,0.871977,0.991361,0.521855
electronic_04::pitch_shift::+2st,electronic_04,electronic,H,pitch_shift,2.0,0.890415,0.783176,0.988609,0.507667
electronic_04::pitch_shift::+4st,electronic_04,electronic,H,pitch_shift,4.0,0.754312,0.667644,0.978209,0.468854
electronic_04::time_stretch::-20pct,electronic_04,electronic,R,time_stretch,-20.0,0.984433,0.910148,0.626316,0.564685
electronic_04::time_stretch::-10pct,electronic_04,electronic,R,time_stretch,-10.0,0.980080,0.915711,0.677188,0.581530
electronic_04::time_stretch::-5pct,electronic_04,electronic,R,time_stretch,-5.0,0.981175,0.938481,0.746494,0.529817
electronic_04::time_stretch::+5pct,electronic_04,electronic,R,time_stretch,5.0,0.961583,0.953011,0.746255,0.523220
electronic_04::time_stretch::+10pct,electronic_04,electronic,R,time_stretch,10.0,0.980164,0.945289,0.610677,0.514631
electronic_04::time_stretch::+20pct,electronic_04,electronic,R,time_stretch,20.0,0.976533,0.930077,0.672330,0.530087
electronic_04::lowpass::lp8000,electronic_04,electronic,T,lowpass,8000.0,0.998054,0.451174,0.997851,0.530085
electronic_04::lowpass::lp4000,electronic_04,electronic,T,lowpass,4000.0,0.983855,0.445069,0.988253,0.456392
electronic_04::lowpass::lp2000,electronic_04,electronic,T,lowpass,2000.0,0.998193,0.436671,0.966454,0.448019
electronic_04::distortion::drv4,electronic_04,electronic,T,distortion,4.0,0.988275,0.960242,0.999833,0.530083
electronic_04::distortion::drv12,electronic_04,electronic,T,distortion,12.0,0.984722,0.839189,0.998119,0.529786
electronic_04::distortion::drv32,electronic_04,electronic,T,distortion,32.0,0.984007,0.707193,0.992370,0.492815
electronic_04::style_swap::swap_cross,electronic_04,electronic,S,style_swap,nan,0.870442,0.476422,0.744885,0.326871
electronic_04::style_swap::swap_same,electronic_04,electronic,S,style_swap,nan,0.932752,0.410372,0.629456,0.378560
electronic_05::control::ctrl,electronic_05,electronic,control,control,0.0,1.000000,1.000000,1.000000,0.796433
electronic_05::pitch_shift::-4st,electronic_05,electronic,H,pitch_shift,-4.0,0.978700,0.503432,0.977032,0.751418
electronic_05::pitch_shift::-2st,electronic_05,electronic,H,pitch_shift,-2.0,0.988706,0.695381,0.990629,0.755544
electronic_05::pitch_shift::-1st,electronic_05,electronic,H,pitch_shift,-1.0,0.989157,0.820012,0.994975,0.698782
electronic_05::pitch_shift::+1st,electronic_05,electronic,H,pitch_shift,1.0,0.988240,0.872107,0.989440,0.775048
electronic_05::pitch_shift::+2st,electronic_05,electronic,H,pitch_shift,2.0,0.989525,0.809081,0.975186,0.732094
electronic_05::pitch_shift::+4st,electronic_05,electronic,H,pitch_shift,4.0,0.987495,0.747371,0.959450,0.693369
electronic_05::time_stretch::-20pct,electronic_05,electronic,R,time_stretch,-20.0,0.998991,0.844281,0.467838,0.732887
electronic_05::time_stretch::-10pct,electronic_05,electronic,R,time_stretch,-10.0,0.998786,0.899849,0.568484,0.750802
electronic_05::time_stretch::-5pct,electronic_05,electronic,R,time_stretch,-5.0,0.998986,0.910747,0.661874,0.746761
electronic_05::time_stretch::+5pct,electronic_05,electronic,R,time_stretch,5.0,0.999055,0.913016,0.658398,0.796768
electronic_05::time_stretch::+10pct,electronic_05,electronic,R,time_stretch,10.0,0.998973,0.897789,0.578170,0.736018
electronic_05::time_stretch::+20pct,electronic_05,electronic,R,time_stretch,20.0,0.998467,0.860478,0.467838,0.708847
electronic_05::lowpass::lp8000,electronic_05,electronic,T,lowpass,8000.0,0.999999,0.419915,0.998368,0.785641
electronic_05::lowpass::lp4000,electronic_05,electronic,T,lowpass,4000.0,0.999999,0.422606,0.995605,0.649572
electronic_05::lowpass::lp2000,electronic_05,electronic,T,lowpass,2000.0,0.999995,0.413037,0.991329,0.672916
electronic_05::distortion::drv4,electronic_05,electronic,T,distortion,4.0,0.999863,0.805368,0.972337,0.815365
electronic_05::distortion::drv12,electronic_05,electronic,T,distortion,12.0,0.999138,0.585290,0.927254,0.728411
electronic_05::distortion::drv32,electronic_05,electronic,T,distortion,32.0,0.998450,0.496780,0.891219,0.744117
electronic_05::style_swap::swap_cross,electronic_05,electronic,S,style_swap,nan,0.938175,0.387429,0.594592,0.359374
electronic_05::style_swap::swap_same,electronic_05,electronic,S,style_swap,nan,0.910941,0.397804,0.654683,0.289022
electronic_06::control::ctrl,electronic_06,electronic,control,control,0.0,1.000000,0.999940,1.000000,0.474977
electronic_06::pitch_shift::-4st,electronic_06,electronic,H,pitch_shift,-4.0,0.801638,0.535909,0.984719,0.497073
electronic_06::pitch_shift::-2st,electronic_06,electronic,H,pitch_shift,-2.0,0.885413,0.694041,0.991747,0.517601
electronic_06::pitch_shift::-1st,electronic_06,electronic,H,pitch_shift,-1.0,0.939431,0.818481,0.994250,0.485031
electronic_06::pitch_shift::+1st,electronic_06,electronic,H,pitch_shift,1.0,0.942709,0.808613,0.992435,0.513438
electronic_06::pitch_shift::+2st,electronic_06,electronic,H,pitch_shift,2.0,0.899256,0.695582,0.988879,0.580312
electronic_06::pitch_shift::+4st,electronic_06,electronic,H,pitch_shift,4.0,0.872575,0.599894,0.976788,0.420796
electronic_06::time_stretch::-20pct,electronic_06,electronic,R,time_stretch,-20.0,0.993339,0.871466,0.492556,0.545049
electronic_06::time_stretch::-10pct,electronic_06,electronic,R,time_stretch,-10.0,0.997488,0.866716,0.571162,0.525041
electronic_06::time_stretch::-5pct,electronic_06,electronic,R,time_stretch,-5.0,0.996762,0.911930,0.632895,0.474334
electronic_06::time_stretch::+5pct,electronic_06,electronic,R,time_stretch,5.0,0.990592,0.931519,0.663356,0.482080
electronic_06::time_stretch::+10pct,electronic_06,electronic,R,time_stretch,10.0,0.998148,0.895563,0.620403,0.525091
electronic_06::time_stretch::+20pct,electronic_06,electronic,R,time_stretch,20.0,0.994743,0.868249,0.492386,0.566815
electronic_06::lowpass::lp8000,electronic_06,electronic,T,lowpass,8000.0,0.999429,0.507961,0.996631,0.488521
electronic_06::lowpass::lp4000,electronic_06,electronic,T,lowpass,4000.0,0.999979,0.460765,0.985038,0.419967
electronic_06::lowpass::lp2000,electronic_06,electronic,T,lowpass,2000.0,0.999927,0.444382,0.898836,0.262150
electronic_06::distortion::drv4,electronic_06,electronic,T,distortion,4.0,0.998690,0.732641,0.990820,0.442985
electronic_06::distortion::drv12,electronic_06,electronic,T,distortion,12.0,0.997279,0.590027,0.968415,0.343880
electronic_06::distortion::drv32,electronic_06,electronic,T,distortion,32.0,0.995958,0.517626,0.932750,0.280244
electronic_06::style_swap::swap_cross,electronic_06,electronic,S,style_swap,nan,0.858565,0.373502,0.597204,0.195856
electronic_06::style_swap::swap_same,electronic_06,electronic,S,style_swap,nan,0.896237,0.424328,0.492386,0.466184
electronic_07::control::ctrl,electronic_07,electronic,control,control,0.0,1.000000,1.000000,1.000000,0.487399
electronic_07::pitch_shift::-4st,electronic_07,electronic,H,pitch_shift,-4.0,0.766359,0.362181,0.982744,0.364958
electronic_07::pitch_shift::-2st,electronic_07,electronic,H,pitch_shift,-2.0,0.818328,0.499299,0.993122,0.418136
electronic_07::pitch_shift::-1st,electronic_07,electronic,H,pitch_shift,-1.0,0.760908,0.683785,0.995958,0.397643
electronic_07::pitch_shift::+1st,electronic_07,electronic,H,pitch_shift,1.0,0.754582,0.822341,0.994003,0.419763
electronic_07::pitch_shift::+2st,electronic_07,electronic,H,pitch_shift,2.0,0.813005,0.722975,0.988890,0.406433
electronic_07::pitch_shift::+4st,electronic_07,electronic,H,pitch_shift,4.0,0.743980,0.606290,0.976506,0.350461
electronic_07::time_stretch::-20pct,electronic_07,electronic,R,time_stretch,-20.0,0.996410,0.873581,0.575406,0.467496
electronic_07::time_stretch::-10pct,electronic_07,electronic,R,time_stretch,-10.0,0.997521,0.899124,0.659738,0.472889
electronic_07::time_stretch::-5pct,electronic_07,electronic,R,time_stretch,-5.0,0.996841,0.941551,0.712748,0.480416
electronic_07::time_stretch::+5pct,electronic_07,electronic,R,time_stretch,5.0,0.995897,0.943804,0.738210,0.480411
electronic_07::time_stretch::+10pct,electronic_07,electronic,R,time_stretch,10.0,0.996000,0.917156,0.664830,0.480747
electronic_07::time_stretch::+20pct,electronic_07,electronic,R,time_stretch,20.0,0.995886,0.868358,0.599492,0.474445
electronic_07::lowpass::lp8000,electronic_07,electronic,T,lowpass,8000.0,1.000000,0.369149,0.998675,0.474097
electronic_07::lowpass::lp4000,electronic_07,electronic,T,lowpass,4000.0,0.999997,0.359384,0.992886,0.368899
electronic_07::lowpass::lp2000,electronic_07,electronic,T,lowpass,2000.0,0.999806,0.343797,0.974246,0.336767
electronic_07::distortion::drv4,electronic_07,electronic,T,distortion,4.0,0.999882,0.435335,0.988260,0.465932
electronic_07::distortion::drv12,electronic_07,electronic,T,distortion,12.0,0.998433,0.379037,0.962933,0.372450
electronic_07::distortion::drv32,electronic_07,electronic,T,distortion,32.0,0.996350,0.363467,0.944004,0.299194
electronic_07::style_swap::swap_cross,electronic_07,electronic,S,style_swap,nan,0.886094,0.417874,0.606970,0.259661
electronic_07::style_swap::swap_same,electronic_07,electronic,S,style_swap,nan,0.882658,0.376619,0.549732,0.165074
electronic_08::control::ctrl,electronic_08,electronic,control,control,0.0,1.000000,1.000000,1.000000,0.696973
electronic_08::pitch_shift::-4st,electronic_08,electronic,H,pitch_shift,-4.0,0.909506,0.544146,0.985908,0.475641
electronic_08::pitch_shift::-2st,electronic_08,electronic,H,pitch_shift,-2.0,0.910801,0.705264,0.991156,0.528533
electronic_08::pitch_shift::-1st,electronic_08,electronic,H,pitch_shift,-1.0,0.947862,0.831419,0.993665,0.587430
electronic_08::pitch_shift::+1st,electronic_08,electronic,H,pitch_shift,1.0,0.974529,0.832712,0.990741,0.576330
electronic_08::pitch_shift::+2st,electronic_08,electronic,H,pitch_shift,2.0,0.914278,0.718489,0.985219,0.528547
electronic_08::pitch_shift::+4st,electronic_08,electronic,H,pitch_shift,4.0,0.909891,0.597793,0.971370,0.419890
electronic_08::time_stretch::-20pct,electronic_08,electronic,R,time_stretch,-20.0,0.991195,0.880703,0.540490,0.622706
electronic_08::time_stretch::-10pct,electronic_08,electronic,R,time_stretch,-10.0,0.996574,0.875521,0.479330,0.584041
electronic_08::time_stretch::-5pct,electronic_08,electronic,R,time_stretch,-5.0,0.995708,0.930215,0.462451,0.634645
electronic_08::time_stretch::+5pct,electronic_08,electronic,R,time_stretch,5.0,0.993494,0.928385,0.652191,0.660301
electronic_08::time_stretch::+10pct,electronic_08,electronic,R,time_stretch,10.0,0.992757,0.883722,0.591653,0.647466
electronic_08::time_stretch::+20pct,electronic_08,electronic,R,time_stretch,20.0,0.992174,0.871990,0.605431,0.634423
electronic_08::lowpass::lp8000,electronic_08,electronic,T,lowpass,8000.0,0.998137,0.496135,0.997432,0.690016
electronic_08::lowpass::lp4000,electronic_08,electronic,T,lowpass,4000.0,0.999998,0.453050,0.989490,0.538476
electronic_08::lowpass::lp2000,electronic_08,electronic,T,lowpass,2000.0,0.996882,0.426176,0.953607,0.439117
electronic_08::distortion::drv4,electronic_08,electronic,T,distortion,4.0,0.999749,0.673292,0.984054,0.453035
electronic_08::distortion::drv12,electronic_08,electronic,T,distortion,12.0,0.986606,0.507479,0.962554,0.325495
electronic_08::distortion::drv32,electronic_08,electronic,T,distortion,32.0,0.995942,0.477746,0.930002,0.246485
electronic_08::style_swap::swap_cross,electronic_08,electronic,S,style_swap,nan,0.927107,0.453751,0.529210,0.393434
electronic_08::style_swap::swap_same,electronic_08,electronic,S,style_swap,nan,0.863319,0.469269,0.492178,0.355617
electronic_09::control::ctrl,electronic_09,electronic,control,control,0.0,1.000000,1.000000,1.000000,0.425781
electronic_09::pitch_shift::-4st,electronic_09,electronic,H,pitch_shift,-4.0,0.957770,0.474381,0.977524,0.362901
electronic_09::pitch_shift::-2st,electronic_09,electronic,H,pitch_shift,-2.0,0.963454,0.655534,0.988020,0.385635
electronic_09::pitch_shift::-1st,electronic_09,electronic,H,pitch_shift,-1.0,0.981355,0.828012,0.992868,0.411465
electronic_09::pitch_shift::+1st,electronic_09,electronic,H,pitch_shift,1.0,0.984330,0.882311,0.993066,0.470320
electronic_09::pitch_shift::+2st,electronic_09,electronic,H,pitch_shift,2.0,0.953201,0.796113,0.988632,0.451352
electronic_09::pitch_shift::+4st,electronic_09,electronic,H,pitch_shift,4.0,0.956905,0.674835,0.978933,0.381356
electronic_09::time_stretch::-20pct,electronic_09,electronic,R,time_stretch,-20.0,0.995559,0.897227,0.626185,0.405147
electronic_09::time_stretch::-10pct,electronic_09,electronic,R,time_stretch,-10.0,0.994832,0.925088,0.682118,0.494746
electronic_09::time_stretch::-5pct,electronic_09,electronic,R,time_stretch,-5.0,0.991302,0.942303,0.757440,0.470803
electronic_09::time_stretch::+5pct,electronic_09,electronic,R,time_stretch,5.0,0.993649,0.968324,0.793516,0.490602
electronic_09::time_stretch::+10pct,electronic_09,electronic,R,time_stretch,10.0,0.993206,0.944744,0.717924,0.394321
electronic_09::time_stretch::+20pct,electronic_09,electronic,R,time_stretch,20.0,0.993301,0.922724,0.658349,0.412825
electronic_09::lowpass::lp8000,electronic_09,electronic,T,lowpass,8000.0,0.999474,0.483836,0.998775,0.446280
electronic_09::lowpass::lp4000,electronic_09,electronic,T,lowpass,4000.0,0.999479,0.453752,0.784357,0.293564
electronic_09::lowpass::lp2000,electronic_09,electronic,T,lowpass,2000.0,0.999986,0.408429,0.765017,0.267576
electronic_09::distortion::drv4,electronic_09,electronic,T,distortion,4.0,0.999442,0.695070,0.992479,0.400122
electronic_09::distortion::drv12,electronic_09,electronic,T,distortion,12.0,0.999431,0.580273,0.976129,0.334554
electronic_09::distortion::drv32,electronic_09,electronic,T,distortion,32.0,0.999298,0.520337,0.954315,0.285395
electronic_09::style_swap::swap_cross,electronic_09,electronic,S,style_swap,nan,0.962967,0.540225,0.613662,0.308113
electronic_09::style_swap::swap_same,electronic_09,electronic,S,style_swap,nan,0.892172,0.449766,0.724892,0.400627
electronic_10::control::ctrl,electronic_10,electronic,control,control,0.0,1.000000,1.000000,1.000000,0.515587
electronic_10::pitch_shift::-4st,electronic_10,electronic,H,pitch_shift,-4.0,0.927025,0.636505,0.980922,0.288948
electronic_10::pitch_shift::-2st,electronic_10,electronic,H,pitch_shift,-2.0,0.932425,0.759451,0.964897,0.339759
electronic_10::pitch_shift::-1st,electronic_10,electronic,H,pitch_shift,-1.0,0.948400,0.853620,0.968715,0.397542
electronic_10::pitch_shift::+1st,electronic_10,electronic,H,pitch_shift,1.0,0.958317,0.878046,0.994390,0.455247
electronic_10::pitch_shift::+2st,electronic_10,electronic,H,pitch_shift,2.0,0.941951,0.801162,0.991352,0.387406
electronic_10::pitch_shift::+4st,electronic_10,electronic,H,pitch_shift,4.0,0.926766,0.702292,0.987213,0.333104
electronic_10::time_stretch::-20pct,electronic_10,electronic,R,time_stretch,-20.0,0.995591,0.877708,0.875370,0.417632
electronic_10::time_stretch::-10pct,electronic_10,electronic,R,time_stretch,-10.0,0.994317,0.892442,0.886892,0.493293
electronic_10::time_stretch::-5pct,electronic_10,electronic,R,time_stretch,-5.0,0.996870,0.917673,0.935756,0.470008
electronic_10::time_stretch::+5pct,electronic_10,electronic,R,time_stretch,5.0,0.996779,0.913419,0.935756,0.470008
electronic_10::time_stretch::+10pct,electronic_10,electronic,R,time_stretch,10.0,0.996600,0.888181,0.882201,0.455248
electronic_10::time_stretch::+20pct,electronic_10,electronic,R,time_stretch,20.0,0.994582,0.875663,0.865886,0.447509
electronic_10::lowpass::lp8000,electronic_10,electronic,T,lowpass,8000.0,0.999418,0.528164,0.998620,0.508142
electronic_10::lowpass::lp4000,electronic_10,electronic,T,lowpass,4000.0,0.999519,0.458573,0.995015,0.383709
electronic_10::lowpass::lp2000,electronic_10,electronic,T,lowpass,2000.0,0.999878,0.436361,0.971037,0.370309
electronic_10::distortion::drv4,electronic_10,electronic,T,distortion,4.0,0.998247,0.775004,0.992018,0.348940
electronic_10::distortion::drv12,electronic_10,electronic,T,distortion,12.0,0.997680,0.650700,0.967430,0.229736
electronic_10::distortion::drv32,electronic_10,electronic,T,distortion,32.0,0.997355,0.562191,0.917529,0.204922
electronic_10::style_swap::swap_cross,electronic_10,electronic,S,style_swap,nan,0.942699,0.416073,0.937445,0.079782
electronic_10::style_swap::swap_same,electronic_10,electronic,S,style_swap,nan,0.859537,0.468063,0.899709,0.329142
electronic_11::control::ctrl,electronic_11,electronic,control,control,0.0,1.000000,1.000000,1.000000,0.398470
electronic_11::pitch_shift::-4st,electronic_11,electronic,H,pitch_shift,-4.0,0.940081,0.512479,0.943036,0.362254
electronic_11::pitch_shift::-2st,electronic_11,electronic,H,pitch_shift,-2.0,0.947287,0.673108,0.947651,0.333622
electronic_11::pitch_shift::-1st,electronic_11,electronic,H,pitch_shift,-1.0,0.926835,0.806931,0.992266,0.338573
electronic_11::pitch_shift::+1st,electronic_11,electronic,H,pitch_shift,1.0,0.931606,0.868722,0.946489,0.334533
electronic_11::pitch_shift::+2st,electronic_11,electronic,H,pitch_shift,2.0,0.943596,0.795863,0.944888,0.326129
electronic_11::pitch_shift::+4st,electronic_11,electronic,H,pitch_shift,4.0,0.933521,0.666576,0.933829,0.283464
electronic_11::time_stretch::-20pct,electronic_11,electronic,R,time_stretch,-20.0,0.995465,0.841497,0.678113,0.374727
electronic_11::time_stretch::-10pct,electronic_11,electronic,R,time_stretch,-10.0,0.998871,0.893133,0.740417,0.369705
electronic_11::time_stretch::-5pct,electronic_11,electronic,R,time_stretch,-5.0,0.999247,0.925802,0.799985,0.357039
electronic_11::time_stretch::+5pct,electronic_11,electronic,R,time_stretch,5.0,0.998672,0.911701,0.796149,0.367260
electronic_11::time_stretch::+10pct,electronic_11,electronic,R,time_stretch,10.0,0.997021,0.891625,0.730335,0.399802
electronic_11::time_stretch::+20pct,electronic_11,electronic,R,time_stretch,20.0,0.993691,0.869225,0.674220,0.376932
electronic_11::lowpass::lp8000,electronic_11,electronic,T,lowpass,8000.0,0.999645,0.460656,0.952868,0.419983
electronic_11::lowpass::lp4000,electronic_11,electronic,T,lowpass,4000.0,0.999927,0.446934,0.936248,0.419396
electronic_11::lowpass::lp2000,electronic_11,electronic,T,lowpass,2000.0,0.999985,0.414799,0.775530,0.355302
electronic_11::distortion::drv4,electronic_11,electronic,T,distortion,4.0,0.999866,0.755976,0.946075,0.368168
electronic_11::distortion::drv12,electronic_11,electronic,T,distortion,12.0,0.999465,0.563732,0.804425,0.351226
electronic_11::distortion::drv32,electronic_11,electronic,T,distortion,32.0,0.998631,0.484526,0.758402,0.311426
electronic_11::style_swap::swap_cross,electronic_11,electronic,S,style_swap,nan,0.822051,0.442780,0.665823,0.167385
electronic_11::style_swap::swap_same,electronic_11,electronic,S,style_swap,nan,0.954572,0.520179,0.651857,0.228198
electronic_12::control::ctrl,electronic_12,electronic,control,control,0.0,1.000000,1.000000,1.000000,0.593808
electronic_12::pitch_shift::-4st,electronic_12,electronic,H,pitch_shift,-4.0,0.925420,0.609236,0.961234,0.492423
electronic_12::pitch_shift::-2st,electronic_12,electronic,H,pitch_shift,-2.0,0.979892,0.741094,0.989700,0.521845
electronic_12::pitch_shift::-1st,electronic_12,electronic,H,pitch_shift,-1.0,0.993968,0.839741,0.996838,0.521844
electronic_12::pitch_shift::+1st,electronic_12,electronic,H,pitch_shift,1.0,0.989982,0.850082,0.992522,0.507489
electronic_12::pitch_shift::+2st,electronic_12,electronic,H,pitch_shift,2.0,0.942538,0.718770,0.982639,0.514220
electronic_12::pitch_shift::+4st,electronic_12,electronic,H,pitch_shift,4.0,0.873007,0.580113,0.947021,0.463343
electronic_12::time_stretch::-20pct,electronic_12,electronic,R,time_stretch,-20.0,0.995498,0.893197,0.214705,0.537877
electronic_12::time_stretch::-10pct,electronic_12,electronic,R,time_stretch,-10.0,0.995027,0.905504,0.353968,0.580681
electronic_12::time_stretch::-5pct,electronic_12,electronic,R,time_stretch,-5.0,0.996156,0.933068,0.503305,0.601608
electronic_12::time_stretch::+5pct,electronic_12,electronic,R,time_stretch,5.0,0.996165,0.956427,0.497672,0.565983
electronic_12::time_stretch::+10pct,electronic_12,electronic,R,time_stretch,10.0,0.993028,0.931220,0.376862,0.557330
electronic_12::time_stretch::+20pct,electronic_12,electronic,R,time_stretch,20.0,0.995701,0.903737,0.218036,0.529291
electronic_12::lowpass::lp8000,electronic_12,electronic,T,lowpass,8000.0,1.000000,0.718590,0.999336,0.609411
electronic_12::lowpass::lp4000,electronic_12,electronic,T,lowpass,4000.0,0.999967,0.617783,0.996177,0.506770
electronic_12::lowpass::lp2000,electronic_12,electronic,T,lowpass,2000.0,0.999998,0.523638,0.990328,0.463049
electronic_12::distortion::drv4,electronic_12,electronic,T,distortion,4.0,0.998066,0.772342,0.994744,0.521847
electronic_12::distortion::drv12,electronic_12,electronic,T,distortion,12.0,0.996694,0.659340,0.979778,0.372588
electronic_12::distortion::drv32,electronic_12,electronic,T,distortion,32.0,0.996048,0.579753,0.949473,0.299942
electronic_12::style_swap::swap_cross,electronic_12,electronic,S,style_swap,nan,0.761492,0.406166,0.458720,0.387955
electronic_12::style_swap::swap_same,electronic_12,electronic,S,style_swap,nan,0.859536,0.468037,0.442777,0.236407
electronic_13::control::ctrl,electronic_13,electronic,control,control,0.0,1.000000,0.993659,0.999997,0.567130
electronic_13::pitch_shift::-4st,electronic_13,electronic,H,pitch_shift,-4.0,0.969567,0.625223,0.984863,0.362933
electronic_13::pitch_shift::-2st,electronic_13,electronic,H,pitch_shift,-2.0,0.975931,0.764431,0.952796,0.522334
electronic_13::pitch_shift::-1st,electronic_13,electronic,H,pitch_shift,-1.0,0.980114,0.865735,0.955272,0.582672
electronic_13::pitch_shift::+1st,electronic_13,electronic,H,pitch_shift,1.0,0.990147,0.872457,0.951757,0.515109
electronic_13::pitch_shift::+2st,electronic_13,electronic,H,pitch_shift,2.0,0.972824,0.775589,0.987547,0.477223
electronic_13::pitch_shift::+4st,electronic_13,electronic,H,pitch_shift,4.0,0.962781,0.680232,0.922115,0.403795
electronic_13::time_stretch::-20pct,electronic_13,electronic,R,time_stretch,-20.0,0.993410,0.887597,0.425459,0.598794
electronic_13::time_stretch::-10pct,electronic_13,electronic,R,time_stretch,-10.0,0.997308,0.911817,0.505190,0.605171
electronic_13::time_stretch::-5pct,electronic_13,electronic,R,time_stretch,-5.0,0.995336,0.940400,0.594318,0.631911
electronic_13::time_stretch::+5pct,electronic_13,electronic,R,time_stretch,5.0,0.994443,0.951360,0.652717,0.584037
electronic_13::time_stretch::+10pct,electronic_13,electronic,R,time_stretch,10.0,0.993611,0.933167,0.558799,0.597126
electronic_13::time_stretch::+20pct,electronic_13,electronic,R,time_stretch,20.0,0.996648,0.887915,0.481659,0.538279
electronic_13::lowpass::lp8000,electronic_13,electronic,T,lowpass,8000.0,0.999985,0.491318,0.998480,0.573782
electronic_13::lowpass::lp4000,electronic_13,electronic,T,lowpass,4000.0,0.999990,0.470791,0.995247,0.419336
electronic_13::lowpass::lp2000,electronic_13,electronic,T,lowpass,2000.0,0.999998,0.461128,0.985278,0.418186
electronic_13::distortion::drv4,electronic_13,electronic,T,distortion,4.0,0.999837,0.856340,0.993420,0.568495
electronic_13::distortion::drv12,electronic_13,electronic,T,distortion,12.0,0.999499,0.741137,0.977622,0.461623
electronic_13::distortion::drv32,electronic_13,electronic,T,distortion,32.0,0.999227,0.664536,0.955131,0.266203
electronic_13::style_swap::swap_cross,electronic_13,electronic,S,style_swap,nan,0.779592,0.418635,0.415680,0.238300
electronic_13::style_swap::swap_same,electronic_13,electronic,S,style_swap,nan,0.968089,0.528689,0.450718,0.146358
electronic_14::control::ctrl,electronic_14,electronic,control,control,0.0,1.000000,1.000000,1.000000,0.448412
electronic_14::pitch_shift::-4st,electronic_14,electronic,H,pitch_shift,-4.0,0.942994,0.604606,0.886363,0.355913
electronic_14::pitch_shift::-2st,electronic_14,electronic,H,pitch_shift,-2.0,0.946014,0.769548,0.944065,0.375300
electronic_14::pitch_shift::-1st,electronic_14,electronic,H,pitch_shift,-1.0,0.963488,0.868980,0.947205,0.440964
electronic_14::pitch_shift::+1st,electronic_14,electronic,H,pitch_shift,1.0,0.966600,0.878262,0.943229,0.434647
electronic_14::pitch_shift::+2st,electronic_14,electronic,H,pitch_shift,2.0,0.949568,0.797395,0.986032,0.383767
electronic_14::pitch_shift::+4st,electronic_14,electronic,H,pitch_shift,4.0,0.944135,0.708877,0.870999,0.368163
electronic_14::time_stretch::-20pct,electronic_14,electronic,R,time_stretch,-20.0,0.992739,0.903740,0.412135,0.439813
electronic_14::time_stretch::-10pct,electronic_14,electronic,R,time_stretch,-10.0,0.996287,0.895170,0.579552,0.492812
electronic_14::time_stretch::-5pct,electronic_14,electronic,R,time_stretch,-5.0,0.997712,0.932380,0.689928,0.485363
electronic_14::time_stretch::+5pct,electronic_14,electronic,R,time_stretch,5.0,0.994763,0.950525,0.644494,0.448592
electronic_14::time_stretch::+10pct,electronic_14,electronic,R,time_stretch,10.0,0.996978,0.934030,0.574338,0.410232
electronic_14::time_stretch::+20pct,electronic_14,electronic,R,time_stretch,20.0,0.996439,0.941207,0.434703,0.403910
electronic_14::lowpass::lp8000,electronic_14,electronic,T,lowpass,8000.0,0.999795,0.506671,0.993608,0.455062
electronic_14::lowpass::lp4000,electronic_14,electronic,T,lowpass,4000.0,0.999959,0.470805,0.888807,0.389672
electronic_14::lowpass::lp2000,electronic_14,electronic,T,lowpass,2000.0,0.999934,0.452129,0.874068,0.433338
electronic_14::distortion::drv4,electronic_14,electronic,T,distortion,4.0,0.999540,0.792163,0.985038,0.419457
electronic_14::distortion::drv12,electronic_14,electronic,T,distortion,12.0,0.998372,0.641792,0.859454,0.294909
electronic_14::distortion::drv32,electronic_14,electronic,T,distortion,32.0,0.997578,0.553050,0.575864,0.278865
electronic_14::style_swap::swap_cross,electronic_14,electronic,S,style_swap,nan,0.874988,0.389854,0.608194,0.215995
electronic_14::style_swap::swap_same,electronic_14,electronic,S,style_swap,nan,0.883613,0.535980,0.395107,0.359331
electronic_15::control::ctrl,electronic_15,electronic,control,control,0.0,1.000000,1.000000,1.000000,0.425725
electronic_15::pitch_shift::-4st,electronic_15,electronic,H,pitch_shift,-4.0,0.843030,0.474571,0.961435,0.287830
electronic_15::pitch_shift::-2st,electronic_15,electronic,H,pitch_shift,-2.0,0.895145,0.617428,0.981473,0.323341
electronic_15::pitch_shift::-1st,electronic_15,electronic,H,pitch_shift,-1.0,0.789040,0.675896,0.976136,0.265761
electronic_15::pitch_shift::+1st,electronic_15,electronic,H,pitch_shift,1.0,0.779718,0.736520,0.964784,0.316117
electronic_15::pitch_shift::+2st,electronic_15,electronic,H,pitch_shift,2.0,0.884879,0.628843,0.965273,0.343814
electronic_15::pitch_shift::+4st,electronic_15,electronic,H,pitch_shift,4.0,0.861139,0.513669,0.963750,0.305299
electronic_15::time_stretch::-20pct,electronic_15,electronic,R,time_stretch,-20.0,0.997421,0.748185,0.939301,0.406213
electronic_15::time_stretch::-10pct,electronic_15,electronic,R,time_stretch,-10.0,0.999044,0.736844,0.932831,0.418495
electronic_15::time_stretch::-5pct,electronic_15,electronic,R,time_stretch,-5.0,0.998998,0.809648,0.936439,0.426300
electronic_15::time_stretch::+5pct,electronic_15,electronic,R,time_stretch,5.0,0.998750,0.781502,0.948146,0.419798
electronic_15::time_stretch::+10pct,electronic_15,electronic,R,time_stretch,10.0,0.999104,0.772210,0.931405,0.433522
electronic_15::time_stretch::+20pct,electronic_15,electronic,R,time_stretch,20.0,0.998759,0.806925,0.956358,0.401462
electronic_15::lowpass::lp8000,electronic_15,electronic,T,lowpass,8000.0,1.000000,0.486819,0.998033,0.455245
electronic_15::lowpass::lp4000,electronic_15,electronic,T,lowpass,4000.0,0.999999,0.431043,0.973596,0.404430
electronic_15::lowpass::lp2000,electronic_15,electronic,T,lowpass,2000.0,0.999959,0.396597,0.971246,0.379263
electronic_15::distortion::drv4,electronic_15,electronic,T,distortion,4.0,0.999999,0.955684,0.972045,0.434473
electronic_15::distortion::drv12,electronic_15,electronic,T,distortion,12.0,0.999742,0.778311,0.975552,0.377511
electronic_15::distortion::drv32,electronic_15,electronic,T,distortion,32.0,0.996745,0.595470,0.967717,0.262085
electronic_15::style_swap::swap_cross,electronic_15,electronic,S,style_swap,nan,0.942812,0.412285,0.947202,0.233955
electronic_15::style_swap::swap_same,electronic_15,electronic,S,style_swap,nan,0.875010,0.397523,0.917865,0.244505
folk_01::control::ctrl,folk_01,folk,control,control,0.0,1.000000,1.000000,1.000000,0.463070
folk_01::pitch_shift::-4st,folk_01,folk,H,pitch_shift,-4.0,0.878954,0.513062,0.986472,0.285534
folk_01::pitch_shift::-2st,folk_01,folk,H,pitch_shift,-2.0,0.912237,0.644607,0.994685,0.415469
folk_01::pitch_shift::-1st,folk_01,folk,H,pitch_shift,-1.0,0.852405,0.778847,0.996476,0.330541
folk_01::pitch_shift::+1st,folk_01,folk,H,pitch_shift,1.0,0.810990,0.785768,0.994591,0.374777
folk_01::pitch_shift::+2st,folk_01,folk,H,pitch_shift,2.0,0.914342,0.649229,0.988916,0.409623
folk_01::pitch_shift::+4st,folk_01,folk,H,pitch_shift,4.0,0.851277,0.527006,0.974051,0.259045
folk_01::time_stretch::-20pct,folk_01,folk,R,time_stretch,-20.0,0.992157,0.864495,0.495693,0.456114
folk_01::time_stretch::-10pct,folk_01,folk,R,time_stretch,-10.0,0.998729,0.893999,0.598147,0.478139
folk_01::time_stretch::-5pct,folk_01,folk,R,time_stretch,-5.0,0.999482,0.923645,0.646605,0.478141
folk_01::time_stretch::+5pct,folk_01,folk,R,time_stretch,5.0,0.998559,0.942656,0.664253,0.477745
folk_01::time_stretch::+10pct,folk_01,folk,R,time_stretch,10.0,0.999683,0.907943,0.590399,0.492588
folk_01::time_stretch::+20pct,folk_01,folk,R,time_stretch,20.0,0.994361,0.806868,0.520984,0.500034
folk_01::lowpass::lp8000,folk_01,folk,T,lowpass,8000.0,0.999954,0.501764,0.999435,0.470785
folk_01::lowpass::lp4000,folk_01,folk,T,lowpass,4000.0,0.999555,0.436560,0.997014,0.389788
folk_01::lowpass::lp2000,folk_01,folk,T,lowpass,2000.0,0.998372,0.442274,0.991835,0.340792
folk_01::distortion::drv4,folk_01,folk,T,distortion,4.0,0.999770,0.677715,0.997098,0.441836
folk_01::distortion::drv12,folk_01,folk,T,distortion,12.0,0.993428,0.489176,0.988871,0.380564
folk_01::distortion::drv32,folk_01,folk,T,distortion,32.0,0.996681,0.423966,0.967467,0.268311
folk_01::style_swap::swap_cross,folk_01,folk,S,style_swap,nan,0.906383,0.349768,0.465617,0.221604
folk_01::style_swap::swap_same,folk_01,folk,S,style_swap,nan,0.649426,0.385260,0.531447,0.234202
folk_02::control::ctrl,folk_02,folk,control,control,0.0,1.000000,1.000000,1.000000,0.560459
folk_02::pitch_shift::-4st,folk_02,folk,H,pitch_shift,-4.0,0.796811,0.563261,0.968589,0.338874
folk_02::pitch_shift::-2st,folk_02,folk,H,pitch_shift,-2.0,0.735278,0.685683,0.971321,0.384219
folk_02::pitch_shift::-1st,folk_02,folk,H,pitch_shift,-1.0,0.832848,0.796791,0.990613,0.411366
folk_02::pitch_shift::+1st,folk_02,folk,H,pitch_shift,1.0,0.801958,0.788173,0.990302,0.396714
folk_02::pitch_shift::+2st,folk_02,folk,H,pitch_shift,2.0,0.715834,0.687594,0.988942,0.470137
folk_02::pitch_shift::+4st,folk_02,folk,H,pitch_shift,4.0,0.796684,0.583490,0.987257,0.369501
folk_02::time_stretch::-20pct,folk_02,folk,R,time_stretch,-20.0,0.995888,0.849372,0.832824,0.537327
folk_02::time_stretch::-10pct,folk_02,folk,R,time_stretch,-10.0,0.999121,0.862892,0.840600,0.485464
folk_02::time_stretch::-5pct,folk_02,folk,R,time_stretch,-5.0,0.997673,0.884274,0.871374,0.462306
folk_02::time_stretch::+5pct,folk_02,folk,R,time_stretch,5.0,0.995773,0.864258,0.880725,0.500671
folk_02::time_stretch::+10pct,folk_02,folk,R,time_stretch,10.0,0.998056,0.881030,0.853999,0.470110
folk_02::time_stretch::+20pct,folk_02,folk,R,time_stretch,20.0,0.997801,0.847007,0.822141,0.522563
folk_02::lowpass::lp8000,folk_02,folk,T,lowpass,8000.0,0.999994,0.667875,0.999496,0.568195
folk_02::lowpass::lp4000,folk_02,folk,T,lowpass,4000.0,0.998544,0.476050,0.995762,0.447665
folk_02::lowpass::lp2000,folk_02,folk,T,lowpass,2000.0,0.999954,0.429863,0.989002,0.447507
folk_02::distortion::drv4,folk_02,folk,T,distortion,4.0,0.996031,0.690977,0.930826,0.469291
folk_02::distortion::drv12,folk_02,folk,T,distortion,12.0,0.987800,0.481315,0.912690,0.365426
folk_02::distortion::drv32,folk_02,folk,T,distortion,32.0,0.984613,0.456286,0.893513,0.284964
folk_02::style_swap::swap_cross,folk_02,folk,S,style_swap,nan,0.890880,0.407892,0.801770,0.239810
folk_02::style_swap::swap_same,folk_02,folk,S,style_swap,nan,0.821751,0.435787,0.841288,0.316971
folk_03::control::ctrl,folk_03,folk,control,control,0.0,1.000000,1.000000,1.000000,0.623519
folk_03::pitch_shift::-4st,folk_03,folk,H,pitch_shift,-4.0,0.815639,0.673463,0.991103,0.434470
folk_03::pitch_shift::-2st,folk_03,folk,H,pitch_shift,-2.0,0.803905,0.801152,0.995628,0.496575
folk_03::pitch_shift::-1st,folk_03,folk,H,pitch_shift,-1.0,0.858944,0.877283,0.997674,0.497713
folk_03::pitch_shift::+1st,folk_03,folk,H,pitch_shift,1.0,0.925510,0.871388,0.973880,0.512732
folk_03::pitch_shift::+2st,folk_03,folk,H,pitch_shift,2.0,0.826017,0.780477,0.994554,0.441939
folk_03::pitch_shift::+4st,folk_03,folk,H,pitch_shift,4.0,0.814717,0.642832,0.964077,0.482045
folk_03::time_stretch::-20pct,folk_03,folk,R,time_stretch,-20.0,0.991551,0.887184,0.736884,0.478319
folk_03::time_stretch::-10pct,folk_03,folk,R,time_stretch,-10.0,0.993188,0.935770,0.818383,0.512964
folk_03::time_stretch::-5pct,folk_03,folk,R,time_stretch,-5.0,0.993005,0.947557,0.865831,0.528335
folk_03::time_stretch::+5pct,folk_03,folk,R,time_stretch,5.0,0.989337,0.926100,0.844320,0.500835
folk_03::time_stretch::+10pct,folk_03,folk,R,time_stretch,10.0,0.993952,0.909768,0.818858,0.513658
folk_03::time_stretch::+20pct,folk_03,folk,R,time_stretch,20.0,0.991009,0.900325,0.773789,0.484685
folk_03::lowpass::lp8000,folk_03,folk,T,lowpass,8000.0,0.994476,0.675563,0.998619,0.623636
folk_03::lowpass::lp4000,folk_03,folk,T,lowpass,4000.0,0.995525,0.591141,0.993953,0.506490
folk_03::lowpass::lp2000,folk_03,folk,T,lowpass,2000.0,0.995449,0.498633,0.986788,0.418770
folk_03::distortion::drv4,folk_03,folk,T,distortion,4.0,0.994939,0.813659,0.998427,0.550021
folk_03::distortion::drv12,folk_03,folk,T,distortion,12.0,0.994688,0.642653,0.971034,0.340711
folk_03::distortion::drv32,folk_03,folk,T,distortion,32.0,0.993130,0.559313,0.964637,0.280839
folk_03::style_swap::swap_cross,folk_03,folk,S,style_swap,nan,0.802467,0.464467,0.791241,0.255595
folk_03::style_swap::swap_same,folk_03,folk,S,style_swap,nan,0.838325,0.510036,0.864919,0.232937
folk_04::control::ctrl,folk_04,folk,control,control,0.0,1.000000,1.000000,1.000000,0.456398
folk_04::pitch_shift::-4st,folk_04,folk,H,pitch_shift,-4.0,0.846959,0.602253,0.990526,0.296633
folk_04::pitch_shift::-2st,folk_04,folk,H,pitch_shift,-2.0,0.855078,0.752044,0.994249,0.431908
folk_04::pitch_shift::-1st,folk_04,folk,H,pitch_shift,-1.0,0.840427,0.862470,0.995744,0.403391
folk_04::pitch_shift::+1st,folk_04,folk,H,pitch_shift,1.0,0.850086,0.854881,0.994292,0.384089
folk_04::pitch_shift::+2st,folk_04,folk,H,pitch_shift,2.0,0.856204,0.741093,0.991393,0.425255
folk_04::pitch_shift::+4st,folk_04,folk,H,pitch_shift,4.0,0.846661,0.635010,0.985004,0.374732
folk_04::time_stretch::-20pct,folk_04,folk,R,time_stretch,-20.0,0.996187,0.870284,0.762304,0.464138
folk_04::time_stretch::-10pct,folk_04,folk,R,time_stretch,-10.0,0.999340,0.910288,0.800697,0.477806
folk_04::time_stretch::-5pct,folk_04,folk,R,time_stretch,-5.0,0.998487,0.933594,0.848819,0.457352
folk_04::time_stretch::+5pct,folk_04,folk,R,time_stretch,5.0,0.998482,0.942642,0.845782,0.415115
folk_04::time_stretch::+10pct,folk_04,folk,R,time_stretch,10.0,0.996912,0.921896,0.820055,0.439649
folk_04::time_stretch::+20pct,folk_04,folk,R,time_stretch,20.0,0.995728,0.896225,0.778727,0.411313
folk_04::lowpass::lp8000,folk_04,folk,T,lowpass,8000.0,0.999999,0.560813,0.997609,0.456399
folk_04::lowpass::lp4000,folk_04,folk,T,lowpass,4000.0,1.000000,0.507935,0.990416,0.462997
folk_04::lowpass::lp2000,folk_04,folk,T,lowpass,2000.0,0.999972,0.424061,0.975807,0.439532
folk_04::distortion::drv4,folk_04,folk,T,distortion,4.0,0.999622,0.842631,0.995711,0.395764
folk_04::distortion::drv12,folk_04,folk,T,distortion,12.0,0.996127,0.669891,0.984405,0.372949
folk_04::distortion::drv32,folk_04,folk,T,distortion,32.0,0.991641,0.570901,0.973388,0.280832
folk_04::style_swap::swap_cross,folk_04,folk,S,style_swap,nan,0.750422,0.397437,0.869201,0.189812
folk_04::style_swap::swap_same,folk_04,folk,S,style_swap,nan,0.700553,0.469813,0.894759,0.225207
folk_05::control::ctrl,folk_05,folk,control,control,0.0,1.000000,1.000000,1.000000,0.470786
folk_05::pitch_shift::-4st,folk_05,folk,H,pitch_shift,-4.0,0.673722,0.612274,0.977393,0.339830
folk_05::pitch_shift::-2st,folk_05,folk,H,pitch_shift,-2.0,0.610243,0.747034,0.979503,0.410173
folk_05::pitch_shift::-1st,folk_05,folk,H,pitch_shift,-1.0,0.579852,0.769186,0.981580,0.402947
folk_05::pitch_shift::+1st,folk_05,folk,H,pitch_shift,1.0,0.577952,0.764399,0.981260,0.416823
folk_05::pitch_shift::+2st,folk_05,folk,H,pitch_shift,2.0,0.623234,0.725086,0.979684,0.424630
folk_05::pitch_shift::+4st,folk_05,folk,H,pitch_shift,4.0,0.698028,0.587355,0.993070,0.381086
folk_05::time_stretch::-20pct,folk_05,folk,R,time_stretch,-20.0,0.990327,0.785648,0.924458,0.478409
folk_05::time_stretch::-10pct,folk_05,folk,R,time_stretch,-10.0,0.997699,0.795781,0.952065,0.448588
folk_05::time_stretch::-5pct,folk_05,folk,R,time_stretch,-5.0,0.999302,0.764944,0.944453,0.425776
folk_05::time_stretch::+5pct,folk_05,folk,R,time_stretch,5.0,0.998753,0.779810,0.899188,0.448587
folk_05::time_stretch::+10pct,folk_05,folk,R,time_stretch,10.0,0.997314,0.807326,0.903653,0.462196
folk_05::time_stretch::+20pct,folk_05,folk,R,time_stretch,20.0,0.994317,0.779200,0.926269,0.456388
folk_05::lowpass::lp8000,folk_05,folk,T,lowpass,8000.0,0.999984,0.931767,0.999961,0.462984
folk_05::lowpass::lp4000,folk_05,folk,T,lowpass,4000.0,0.999898,0.564107,0.999644,0.455300
folk_05::lowpass::lp2000,folk_05,folk,T,lowpass,2000.0,0.999961,0.452369,0.998639,0.419155
folk_05::distortion::drv4,folk_05,folk,T,distortion,4.0,0.999944,0.853610,0.998292,0.464134
folk_05::distortion::drv12,folk_05,folk,T,distortion,12.0,0.997911,0.643828,0.977718,0.396688
folk_05::distortion::drv32,folk_05,folk,T,distortion,32.0,0.990056,0.508045,0.916282,0.354249
folk_05::style_swap::swap_cross,folk_05,folk,S,style_swap,nan,0.914382,0.465521,0.921076,0.320774
folk_05::style_swap::swap_same,folk_05,folk,S,style_swap,nan,0.622665,0.467365,0.874676,0.263451
folk_06::control::ctrl,folk_06,folk,control,control,0.0,1.000000,1.000000,1.000000,0.514716
folk_06::pitch_shift::-4st,folk_06,folk,H,pitch_shift,-4.0,0.500296,0.404031,0.953257,0.302041
folk_06::pitch_shift::-2st,folk_06,folk,H,pitch_shift,-2.0,0.483483,0.536184,0.957748,0.364963
folk_06::pitch_shift::-1st,folk_06,folk,H,pitch_shift,-1.0,0.596279,0.696776,0.951343,0.328570
folk_06::pitch_shift::+1st,folk_06,folk,H,pitch_shift,1.0,0.517039,0.768765,0.960053,0.349786
folk_06::pitch_shift::+2st,folk_06,folk,H,pitch_shift,2.0,0.510201,0.652907,0.949816,0.357217
folk_06::pitch_shift::+4st,folk_06,folk,H,pitch_shift,4.0,0.515821,0.523667,0.939218,0.278915
folk_06::time_stretch::-20pct,folk_06,folk,R,time_stretch,-20.0,0.998066,0.827167,0.850241,0.432378
folk_06::time_stretch::-10pct,folk_06,folk,R,time_stretch,-10.0,0.997732,0.903953,0.935872,0.432376
folk_06::time_stretch::-5pct,folk_06,folk,R,time_stretch,-5.0,0.998912,0.924078,0.907714,0.461984
folk_06::time_stretch::+5pct,folk_06,folk,R,time_stretch,5.0,0.998495,0.924410,0.919807,0.454585
folk_06::time_stretch::+10pct,folk_06,folk,R,time_stretch,10.0,0.996580,0.896132,0.919507,0.418503
folk_06::time_stretch::+20pct,folk_06,folk,R,time_stretch,20.0,0.988819,0.885489,0.851491,0.447799
folk_06::lowpass::lp8000,folk_06,folk,T,lowpass,8000.0,1.000000,0.427535,0.998836,0.513929
folk_06::lowpass::lp4000,folk_06,folk,T,lowpass,4000.0,0.999977,0.443911,0.997363,0.390832
folk_06::lowpass::lp2000,folk_06,folk,T,lowpass,2000.0,0.984626,0.370865,0.996223,0.339469
folk_06::distortion::drv4,folk_06,folk,T,distortion,4.0,0.999936,0.590137,0.959201,0.484853
folk_06::distortion::drv12,folk_06,folk,T,distortion,12.0,0.998352,0.447169,0.954708,0.408088
folk_06::distortion::drv32,folk_06,folk,T,distortion,32.0,0.993986,0.401387,0.941684,0.337456
folk_06::style_swap::swap_cross,folk_06,folk,S,style_swap,nan,0.744829,0.361779,0.864781,0.237940
folk_06::style_swap::swap_same,folk_06,folk,S,style_swap,nan,0.912357,0.367504,0.921463,0.351909
folk_07::control::ctrl,folk_07,folk,control,control,0.0,1.000000,1.000000,1.000000,0.645144
folk_07::pitch_shift::-4st,folk_07,folk,H,pitch_shift,-4.0,0.796288,0.485222,0.989629,0.469038
folk_07::pitch_shift::-2st,folk_07,folk,H,pitch_shift,-2.0,0.758337,0.631892,0.994908,0.414873
folk_07::pitch_shift::-1st,folk_07,folk,H,pitch_shift,-1.0,0.837187,0.759730,0.997158,0.592852
folk_07::pitch_shift::+1st,folk_07,folk,H,pitch_shift,1.0,0.841766,0.825439,0.996121,0.491484
folk_07::pitch_shift::+2st,folk_07,folk,H,pitch_shift,2.0,0.752165,0.729531,0.993679,0.427046
folk_07::pitch_shift::+4st,folk_07,folk,H,pitch_shift,4.0,0.772593,0.605629,0.988609,0.436331
folk_07::time_stretch::-20pct,folk_07,folk,R,time_stretch,-20.0,0.995666,0.877189,0.839778,0.695077
folk_07::time_stretch::-10pct,folk_07,folk,R,time_stretch,-10.0,0.997092,0.897870,0.858352,0.659708
folk_07::time_stretch::-5pct,folk_07,folk,R,time_stretch,-5.0,0.995620,0.925962,0.900884,0.712111
folk_07::time_stretch::+5pct,folk_07,folk,R,time_stretch,5.0,0.996632,0.942170,0.882766,0.628036
folk_07::time_stretch::+10pct,folk_07,folk,R,time_stretch,10.0,0.996419,0.906290,0.858754,0.592801
folk_07::time_stretch::+20pct,folk_07,folk,R,time_stretch,20.0,0.992525,0.865471,0.831519,0.579458
folk_07::lowpass::lp8000,folk_07,folk,T,lowpass,8000.0,0.999943,0.448054,0.998557,0.617916
folk_07::lowpass::lp4000,folk_07,folk,T,lowpass,4000.0,0.999932,0.422538,0.995446,0.497584
folk_07::lowpass::lp2000,folk_07,folk,T,lowpass,2000.0,0.999721,0.408585,0.990009,0.476089
folk_07::distortion::drv4,folk_07,folk,T,distortion,4.0,0.999439,0.821782,0.999053,0.617302
folk_07::distortion::drv12,folk_07,folk,T,distortion,12.0,0.995280,0.668084,0.994791,0.555987
folk_07::distortion::drv32,folk_07,folk,T,distortion,32.0,0.989306,0.542108,0.986895,0.474743
folk_07::style_swap::swap_cross,folk_07,folk,S,style_swap,nan,0.848329,0.457508,0.836980,0.336349
folk_07::style_swap::swap_same,folk_07,folk,S,style_swap,nan,0.754787,0.436250,0.891110,0.388854
folk_08::control::ctrl,folk_08,folk,control,control,0.0,1.000000,1.000000,1.000000,0.671981
folk_08::pitch_shift::-4st,folk_08,folk,H,pitch_shift,-4.0,0.810933,0.608810,0.984338,0.501187
folk_08::pitch_shift::-2st,folk_08,folk,H,pitch_shift,-2.0,0.780303,0.768596,0.989728,0.516164
folk_08::pitch_shift::-1st,folk_08,folk,H,pitch_shift,-1.0,0.738483,0.865862,0.992898,0.552648
folk_08::pitch_shift::+1st,folk_08,folk,H,pitch_shift,1.0,0.762857,0.871169,0.991097,0.530439
folk_08::pitch_shift::+2st,folk_08,folk,H,pitch_shift,2.0,0.788813,0.787715,0.987984,0.551484
folk_08::pitch_shift::+4st,folk_08,folk,H,pitch_shift,4.0,0.797620,0.666384,0.978907,0.573224
folk_08::time_stretch::-20pct,folk_08,folk,R,time_stretch,-20.0,0.996383,0.881054,0.652567,0.597470
folk_08::time_stretch::-10pct,folk_08,folk,R,time_stretch,-10.0,0.998251,0.892354,0.714180,0.720469
folk_08::time_stretch::-5pct,folk_08,folk,R,time_stretch,-5.0,0.999187,0.918965,0.777099,0.672779
folk_08::time_stretch::+5pct,folk_08,folk,R,time_stretch,5.0,0.998629,0.915886,0.774553,0.696372
folk_08::time_stretch::+10pct,folk_08,folk,R,time_stretch,10.0,0.996543,0.893937,0.724309,0.583380
folk_08::time_stretch::+20pct,folk_08,folk,R,time_stretch,20.0,0.995640,0.866691,0.676682,0.568511
folk_08::lowpass::lp8000,folk_08,folk,T,lowpass,8000.0,0.999987,0.483058,0.993999,0.662919
folk_08::lowpass::lp4000,folk_08,folk,T,lowpass,4000.0,0.999998,0.464628,0.983183,0.665799
folk_08::lowpass::lp2000,folk_08,folk,T,lowpass,2000.0,0.999909,0.432986,0.931780,0.586934
folk_08::distortion::drv4,folk_08,folk,T,distortion,4.0,0.999216,0.766026,0.989841,0.626252
folk_08::distortion::drv12,folk_08,folk,T,distortion,12.0,0.994358,0.597911,0.972681,0.513683
folk_08::distortion::drv32,folk_08,folk,T,distortion,32.0,0.992595,0.522198,0.945810,0.352801
folk_08::style_swap::swap_cross,folk_08,folk,S,style_swap,nan,0.824456,0.540516,0.746490,0.293210
folk_08::style_swap::swap_same,folk_08,folk,S,style_swap,nan,0.869323,0.538745,0.808247,0.433052
folk_09::control::ctrl,folk_09,folk,control,control,0.0,1.000000,1.000000,1.000000,0.577129
folk_09::pitch_shift::-4st,folk_09,folk,H,pitch_shift,-4.0,0.865885,0.553797,0.985436,0.409312
folk_09::pitch_shift::-2st,folk_09,folk,H,pitch_shift,-2.0,0.940847,0.723729,0.993925,0.498347
folk_09::pitch_shift::-1st,folk_09,folk,H,pitch_shift,-1.0,0.963725,0.836714,0.996171,0.519124
folk_09::pitch_shift::+1st,folk_09,folk,H,pitch_shift,1.0,0.958602,0.870164,0.994392,0.526866
folk_09::pitch_shift::+2st,folk_09,folk,H,pitch_shift,2.0,0.938384,0.778089,0.990621,0.354946
folk_09::pitch_shift::+4st,folk_09,folk,H,pitch_shift,4.0,0.862821,0.654272,0.981860,0.335621
folk_09::time_stretch::-20pct,folk_09,folk,R,time_stretch,-20.0,0.990226,0.863164,0.658819,0.592551
folk_09::time_stretch::-10pct,folk_09,folk,R,time_stretch,-10.0,0.995980,0.899189,0.711750,0.551576
folk_09::time_stretch::-5pct,folk_09,folk,R,time_stretch,-5.0,0.994901,0.918056,0.777304,0.574613
folk_09::time_stretch::+5pct,folk_09,folk,R,time_stretch,5.0,0.994850,0.931791,0.782942,0.468579
folk_09::time_stretch::+10pct,folk_09,folk,R,time_stretch,10.0,0.996361,0.902874,0.728273,0.491076
folk_09::time_stretch::+20pct,folk_09,folk,R,time_stretch,20.0,0.991917,0.895463,0.711820,0.573385
folk_09::lowpass::lp8000,folk_09,folk,T,lowpass,8000.0,0.999992,0.470127,0.996938,0.584756
folk_09::lowpass::lp4000,folk_09,folk,T,lowpass,4000.0,0.999984,0.451317,0.989423,0.327880
folk_09::lowpass::lp2000,folk_09,folk,T,lowpass,2000.0,0.999990,0.432733,0.979228,0.272900
folk_09::distortion::drv4,folk_09,folk,T,distortion,4.0,0.998810,0.756620,0.990994,0.347204
folk_09::distortion::drv12,folk_09,folk,T,distortion,12.0,0.995673,0.575161,0.971065,0.171116
folk_09::distortion::drv32,folk_09,folk,T,distortion,32.0,0.994280,0.493401,0.944556,0.148311
folk_09::style_swap::swap_cross,folk_09,folk,S,style_swap,nan,0.930703,0.480277,0.718031,0.257483
folk_09::style_swap::swap_same,folk_09,folk,S,style_swap,nan,0.861831,0.432369,0.746361,0.229222
folk_10::control::ctrl,folk_10,folk,control,control,0.0,1.000000,1.000000,1.000000,0.568801
folk_10::pitch_shift::-4st,folk_10,folk,H,pitch_shift,-4.0,0.935137,0.588600,0.967596,0.515297
folk_10::pitch_shift::-2st,folk_10,folk,H,pitch_shift,-2.0,0.932327,0.752926,0.971289,0.537827
folk_10::pitch_shift::-1st,folk_10,folk,H,pitch_shift,-1.0,0.951001,0.870185,0.996584,0.484456
folk_10::pitch_shift::+1st,folk_10,folk,H,pitch_shift,1.0,0.952685,0.870085,0.994526,0.507278
folk_10::pitch_shift::+2st,folk_10,folk,H,pitch_shift,2.0,0.927634,0.780636,0.990642,0.568192
folk_10::pitch_shift::+4st,folk_10,folk,H,pitch_shift,4.0,0.919946,0.640190,0.959549,0.491373
folk_10::time_stretch::-20pct,folk_10,folk,R,time_stretch,-20.0,0.997931,0.885518,0.687055,0.531015
folk_10::time_stretch::-10pct,folk_10,folk,R,time_stretch,-10.0,0.998570,0.907758,0.728172,0.546500
folk_10::time_stretch::-5pct,folk_10,folk,R,time_stretch,-5.0,0.998818,0.935065,0.807426,0.515414
folk_10::time_stretch::+5pct,folk_10,folk,R,time_stretch,5.0,0.999341,0.960076,0.797580,0.515659
folk_10::time_stretch::+10pct,folk_10,folk,R,time_stretch,10.0,0.998624,0.933906,0.763216,0.500225
folk_10::time_stretch::+20pct,folk_10,folk,R,time_stretch,20.0,0.995309,0.906435,0.721414,0.485036
folk_10::lowpass::lp8000,folk_10,folk,T,lowpass,8000.0,0.999222,0.505129,0.997304,0.561179
folk_10::lowpass::lp4000,folk_10,folk,T,lowpass,4000.0,1.000000,0.490194,0.987515,0.507259
folk_10::lowpass::lp2000,folk_10,folk,T,lowpass,2000.0,0.999894,0.446114,0.966547,0.550014
folk_10::distortion::drv4,folk_10,folk,T,distortion,4.0,0.999536,0.766818,0.994307,0.453833
folk_10::distortion::drv12,folk_10,folk,T,distortion,12.0,0.998239,0.615445,0.960896,0.319561
folk_10::distortion::drv32,folk_10,folk,T,distortion,32.0,0.997095,0.535203,0.950797,0.187899
folk_10::style_swap::swap_cross,folk_10,folk,S,style_swap,nan,0.960052,0.507955,0.706733,0.271497
folk_10::style_swap::swap_same,folk_10,folk,S,style_swap,nan,0.830953,0.557990,0.737053,0.207297
folk_11::control::ctrl,folk_11,folk,control,control,0.0,1.000000,1.000000,1.000000,0.493108
folk_11::pitch_shift::-4st,folk_11,folk,H,pitch_shift,-4.0,0.823410,0.607324,0.985444,0.410063
folk_11::pitch_shift::-2st,folk_11,folk,H,pitch_shift,-2.0,0.787050,0.756220,0.997408,0.374435
folk_11::pitch_shift::-1st,folk_11,folk,H,pitch_shift,-1.0,0.758217,0.851467,0.998039,0.439835
folk_11::pitch_shift::+1st,folk_11,folk,H,pitch_shift,1.0,0.776034,0.850788,0.997539,0.413330
folk_11::pitch_shift::+2st,folk_11,folk,H,pitch_shift,2.0,0.774301,0.753952,0.996344,0.484973
folk_11::pitch_shift::+4st,folk_11,folk,H,pitch_shift,4.0,0.821165,0.652431,0.993776,0.439698
folk_11::time_stretch::-20pct,folk_11,folk,R,time_stretch,-20.0,0.979053,0.826716,0.943455,0.442275
folk_11::time_stretch::-10pct,folk_11,folk,R,time_stretch,-10.0,0.990924,0.897473,0.916636,0.448598
folk_11::time_stretch::-5pct,folk_11,folk,R,time_stretch,-5.0,0.991481,0.911246,0.928683,0.470852
folk_11::time_stretch::+5pct,folk_11,folk,R,time_stretch,5.0,0.994453,0.891031,0.934209,0.470854
folk_11::time_stretch::+10pct,folk_11,folk,R,time_stretch,10.0,0.994452,0.886722,0.924589,0.432997
folk_11::time_stretch::+20pct,folk_11,folk,R,time_stretch,20.0,0.982158,0.861838,0.953648,0.407370
folk_11::lowpass::lp8000,folk_11,folk,T,lowpass,8000.0,0.999987,0.531838,0.998616,0.493415
folk_11::lowpass::lp4000,folk_11,folk,T,lowpass,4000.0,0.999987,0.479082,0.984700,0.477057
folk_11::lowpass::lp2000,folk_11,folk,T,lowpass,2000.0,0.999960,0.422928,0.977393,0.462381
folk_11::distortion::drv4,folk_11,folk,T,distortion,4.0,0.999940,0.907840,0.999472,0.486453
folk_11::distortion::drv12,folk_11,folk,T,distortion,12.0,0.997168,0.707003,0.997050,0.403389
folk_11::distortion::drv32,folk_11,folk,T,distortion,32.0,0.990868,0.568636,0.993101,0.215993
folk_11::style_swap::swap_cross,folk_11,folk,S,style_swap,nan,0.896859,0.524589,0.925201,0.299526
folk_11::style_swap::swap_same,folk_11,folk,S,style_swap,nan,0.761931,0.544451,0.916636,0.283373
folk_12::control::ctrl,folk_12,folk,control,control,0.0,1.000000,1.000000,1.000000,0.470020
folk_12::pitch_shift::-4st,folk_12,folk,H,pitch_shift,-4.0,0.507928,0.636724,0.913367,0.369326
folk_12::pitch_shift::-2st,folk_12,folk,H,pitch_shift,-2.0,0.383017,0.782682,0.993526,0.386347
folk_12::pitch_shift::-1st,folk_12,folk,H,pitch_shift,-1.0,0.536185,0.859081,0.996037,0.413999
folk_12::pitch_shift::+1st,folk_12,folk,H,pitch_shift,1.0,0.596550,0.795066,0.970446,0.400055
folk_12::pitch_shift::+2st,folk_12,folk,H,pitch_shift,2.0,0.427527,0.692987,0.836302,0.413029
folk_12::pitch_shift::+4st,folk_12,folk,H,pitch_shift,4.0,0.519595,0.606783,0.979174,0.372955
folk_12::time_stretch::-20pct,folk_12,folk,R,time_stretch,-20.0,0.980174,0.859981,0.715118,0.426304
folk_12::time_stretch::-10pct,folk_12,folk,R,time_stretch,-10.0,0.994734,0.906443,0.694796,0.448873
folk_12::time_stretch::-5pct,folk_12,folk,R,time_stretch,-5.0,0.998175,0.899327,0.709375,0.470307
folk_12::time_stretch::+5pct,folk_12,folk,R,time_stretch,5.0,0.997281,0.906268,0.813159,0.463574
folk_12::time_stretch::+10pct,folk_12,folk,R,time_stretch,10.0,0.996689,0.895478,0.704135,0.455832
folk_12::time_stretch::+20pct,folk_12,folk,R,time_stretch,20.0,0.994148,0.870858,0.718699,0.471770
folk_12::lowpass::lp8000,folk_12,folk,T,lowpass,8000.0,1.000000,0.796595,0.999485,0.448392
folk_12::lowpass::lp4000,folk_12,folk,T,lowpass,4000.0,0.999996,0.761859,0.998278,0.456695
folk_12::lowpass::lp2000,folk_12,folk,T,lowpass,2000.0,0.999943,0.728126,0.867798,0.434108
folk_12::distortion::drv4,folk_12,folk,T,distortion,4.0,0.999955,0.840241,0.998997,0.434422
folk_12::distortion::drv12,folk_12,folk,T,distortion,12.0,0.999053,0.681044,0.859128,0.372583
folk_12::distortion::drv32,folk_12,folk,T,distortion,32.0,0.996445,0.576462,0.885341,0.287717
folk_12::style_swap::swap_cross,folk_12,folk,S,style_swap,nan,0.577813,0.391724,0.738923,0.268918
folk_12::style_swap::swap_same,folk_12,folk,S,style_swap,nan,0.667599,0.518016,0.864848,0.348915
folk_13::control::ctrl,folk_13,folk,control,control,0.0,1.000000,1.000000,1.000000,0.552488
folk_13::pitch_shift::-4st,folk_13,folk,H,pitch_shift,-4.0,0.736852,0.453050,0.973301,0.433048
folk_13::pitch_shift::-2st,folk_13,folk,H,pitch_shift,-2.0,0.689273,0.590759,0.981148,0.454452
folk_13::pitch_shift::-1st,folk_13,folk,H,pitch_shift,-1.0,0.642013,0.704205,0.983034,0.470799
folk_13::pitch_shift::+1st,folk_13,folk,H,pitch_shift,1.0,0.699010,0.741353,0.982899,0.455731
folk_13::pitch_shift::+2st,folk_13,folk,H,pitch_shift,2.0,0.683311,0.594636,0.990124,0.440010
folk_13::pitch_shift::+4st,folk_13,folk,H,pitch_shift,4.0,0.693644,0.511952,0.988808,0.416846
folk_13::time_stretch::-20pct,folk_13,folk,R,time_stretch,-20.0,0.994561,0.740102,0.963468,0.463047
folk_13::time_stretch::-10pct,folk_13,folk,R,time_stretch,-10.0,0.995903,0.772294,0.964029,0.464136
folk_13::time_stretch::-5pct,folk_13,folk,R,time_stretch,-5.0,0.998243,0.816354,0.965677,0.508542
folk_13::time_stretch::+5pct,folk_13,folk,R,time_stretch,5.0,0.999782,0.796182,0.965235,0.493113
folk_13::time_stretch::+10pct,folk_13,folk,R,time_stretch,10.0,0.997046,0.766353,0.971661,0.500918
folk_13::time_stretch::+20pct,folk_13,folk,R,time_stretch,20.0,0.994722,0.738766,0.961325,0.478594
folk_13::lowpass::lp8000,folk_13,folk,T,lowpass,8000.0,0.999938,0.423217,0.991999,0.560799
folk_13::lowpass::lp4000,folk_13,folk,T,lowpass,4000.0,0.999997,0.391271,0.997481,0.462987
folk_13::lowpass::lp2000,folk_13,folk,T,lowpass,2000.0,0.999466,0.383959,0.984036,0.478061
folk_13::distortion::drv4,folk_13,folk,T,distortion,4.0,0.999262,0.762219,0.984867,0.462390
folk_13::distortion::drv12,folk_13,folk,T,distortion,12.0,0.984757,0.473816,0.974344,0.312243
folk_13::distortion::drv32,folk_13,folk,T,distortion,32.0,0.982427,0.446027,0.978675,0.268479
folk_13::style_swap::swap_cross,folk_13,folk,S,style_swap,nan,0.746740,0.344509,0.944921,0.432523
folk_13::style_swap::swap_same,folk_13,folk,S,style_swap,nan,0.797704,0.450208,0.942583,0.190282
folk_14::control::ctrl,folk_14,folk,control,control,0.0,1.000000,1.000000,1.000000,0.515982
folk_14::pitch_shift::-4st,folk_14,folk,H,pitch_shift,-4.0,0.478768,0.590467,0.994448,0.386282
folk_14::pitch_shift::-2st,folk_14,folk,H,pitch_shift,-2.0,0.477679,0.728486,0.997708,0.418552
folk_14::pitch_shift::-1st,folk_14,folk,H,pitch_shift,-1.0,0.541738,0.814223,0.998741,0.442272
folk_14::pitch_shift::+1st,folk_14,folk,H,pitch_shift,1.0,0.562256,0.833753,0.978516,0.463163
folk_14::pitch_shift::+2st,folk_14,folk,H,pitch_shift,2.0,0.465427,0.706426,0.996656,0.470784
folk_14::pitch_shift::+4st,folk_14,folk,H,pitch_shift,4.0,0.458393,0.555620,0.992178,0.456116
folk_14::time_stretch::-20pct,folk_14,folk,R,time_stretch,-20.0,0.989307,0.879501,0.849866,0.486153
folk_14::time_stretch::-10pct,folk_14,folk,R,time_stretch,-10.0,0.996277,0.899465,0.893042,0.500882
folk_14::time_stretch::-5pct,folk_14,folk,R,time_stretch,-5.0,0.997649,0.909772,0.881041,0.508622
folk_14::time_stretch::+5pct,folk_14,folk,R,time_stretch,5.0,0.998889,0.913562,0.908071,0.508357
folk_14::time_stretch::+10pct,folk_14,folk,R,time_stretch,10.0,0.994590,0.858819,0.881843,0.500612
folk_14::time_stretch::+20pct,folk_14,folk,R,time_stretch,20.0,0.996401,0.831313,0.853360,0.538453
folk_14::lowpass::lp8000,folk_14,folk,T,lowpass,8000.0,0.999745,0.820257,0.999847,0.531005
folk_14::lowpass::lp4000,folk_14,folk,T,lowpass,4000.0,0.999620,0.700201,0.979266,0.515402
folk_14::lowpass::lp2000,folk_14,folk,T,lowpass,2000.0,0.999659,0.582963,0.995243,0.485855
folk_14::distortion::drv4,folk_14,folk,T,distortion,4.0,0.998710,0.725618,0.999146,0.470666
folk_14::distortion::drv12,folk_14,folk,T,distortion,12.0,0.995172,0.547153,0.977459,0.411594
folk_14::distortion::drv32,folk_14,folk,T,distortion,32.0,0.983385,0.470637,0.973060,0.228792
folk_14::style_swap::swap_cross,folk_14,folk,S,style_swap,nan,0.776983,0.426403,0.880539,0.251540
folk_14::style_swap::swap_same,folk_14,folk,S,style_swap,nan,0.748645,0.365049,0.855415,0.174696
folk_15::control::ctrl,folk_15,folk,control,control,0.0,1.000000,1.000000,1.000000,0.313703
folk_15::pitch_shift::-4st,folk_15,folk,H,pitch_shift,-4.0,0.897715,0.607875,0.995690,0.274275
folk_15::pitch_shift::-2st,folk_15,folk,H,pitch_shift,-2.0,0.937496,0.731734,0.997560,0.313034
folk_15::pitch_shift::-1st,folk_15,folk,H,pitch_shift,-1.0,0.917349,0.840958,0.997782,0.280814
folk_15::pitch_shift::+1st,folk_15,folk,H,pitch_shift,1.0,0.913899,0.826765,0.996480,0.333104
folk_15::pitch_shift::+2st,folk_15,folk,H,pitch_shift,2.0,0.916641,0.721733,0.992556,0.360425
folk_15::pitch_shift::+4st,folk_15,folk,H,pitch_shift,4.0,0.898594,0.614817,0.986367,0.310753
folk_15::time_stretch::-20pct,folk_15,folk,R,time_stretch,-20.0,0.986914,0.815355,0.736572,0.314340
folk_15::time_stretch::-10pct,folk_15,folk,R,time_stretch,-10.0,0.996012,0.886717,0.791383,0.333623
folk_15::time_stretch::-5pct,folk_15,folk,R,time_stretch,-5.0,0.996604,0.928622,0.817101,0.302537
folk_15::time_stretch::+5pct,folk_15,folk,R,time_stretch,5.0,0.997738,0.935321,0.814124,0.344668
folk_15::time_stretch::+10pct,folk_15,folk,R,time_stretch,10.0,0.994035,0.926151,0.788607,0.346443
folk_15::time_stretch::+20pct,folk_15,folk,R,time_stretch,20.0,0.985018,0.827984,0.742410,0.372042
folk_15::lowpass::lp8000,folk_15,folk,T,lowpass,8000.0,1.000000,0.745446,0.998443,0.326667
folk_15::lowpass::lp4000,folk_15,folk,T,lowpass,4000.0,0.994992,0.631605,0.970868,0.325482
folk_15::lowpass::lp2000,folk_15,folk,T,lowpass,2000.0,0.999971,0.535185,0.967161,0.346150
folk_15::distortion::drv4,folk_15,folk,T,distortion,4.0,0.999989,0.865085,0.999384,0.313702
folk_15::distortion::drv12,folk_15,folk,T,distortion,12.0,0.999413,0.710202,0.996390,0.325480
folk_15::distortion::drv32,folk_15,folk,T,distortion,32.0,0.997231,0.615183,0.991534,0.285085
folk_15::style_swap::swap_cross,folk_15,folk,S,style_swap,nan,0.878508,0.462213,0.747206,0.143412
folk_15::style_swap::swap_same,folk_15,folk,S,style_swap,nan,0.563210,0.448488,0.890076,0.152008
jazz_01::control::ctrl,jazz_01,jazz,control,control,0.0,1.000000,1.000000,1.000000,0.551430
jazz_01::pitch_shift::-4st,jazz_01,jazz,H,pitch_shift,-4.0,0.975292,0.543517,0.985271,0.385659
jazz_01::pitch_shift::-2st,jazz_01,jazz,H,pitch_shift,-2.0,0.986926,0.692887,0.992331,0.492062
jazz_01::pitch_shift::-1st,jazz_01,jazz,H,pitch_shift,-1.0,0.993934,0.812792,0.995088,0.528385
jazz_01::pitch_shift::+1st,jazz_01,jazz,H,pitch_shift,1.0,0.991914,0.849330,0.992050,0.528389
jazz_01::pitch_shift::+2st,jazz_01,jazz,H,pitch_shift,2.0,0.985536,0.764110,0.987576,0.537776
jazz_01::pitch_shift::+4st,jazz_01,jazz,H,pitch_shift,4.0,0.979616,0.635756,0.974542,0.426533
jazz_01::time_stretch::-20pct,jazz_01,jazz,R,time_stretch,-20.0,0.999205,0.890005,0.520509,0.535840
jazz_01::time_stretch::-10pct,jazz_01,jazz,R,time_stretch,-10.0,0.998930,0.895199,0.590474,0.626754
jazz_01::time_stretch::-5pct,jazz_01,jazz,R,time_stretch,-5.0,0.999205,0.910397,0.662588,0.528455
jazz_01::time_stretch::+5pct,jazz_01,jazz,R,time_stretch,5.0,0.999122,0.929855,0.682921,0.571714
jazz_01::time_stretch::+10pct,jazz_01,jazz,R,time_stretch,10.0,0.999280,0.889230,0.615648,0.530619
jazz_01::time_stretch::+20pct,jazz_01,jazz,R,time_stretch,20.0,0.998812,0.916045,0.533952,0.548557
jazz_01::lowpass::lp8000,jazz_01,jazz,T,lowpass,8000.0,0.999995,0.456928,0.988913,0.535889
jazz_01::lowpass::lp4000,jazz_01,jazz,T,lowpass,4000.0,0.999992,0.426408,0.660273,0.447737
jazz_01::lowpass::lp2000,jazz_01,jazz,T,lowpass,2000.0,0.999948,0.404169,0.628172,0.333480
jazz_01::distortion::drv4,jazz_01,jazz,T,distortion,4.0,0.999865,0.851955,0.995791,0.515932
jazz_01::distortion::drv12,jazz_01,jazz,T,distortion,12.0,0.999282,0.669559,0.984332,0.433055
jazz_01::distortion::drv32,jazz_01,jazz,T,distortion,32.0,0.999557,0.537851,0.661424,0.325546
jazz_01::style_swap::swap_cross,jazz_01,jazz,S,style_swap,nan,0.973340,0.473619,0.479680,0.285676
jazz_01::style_swap::swap_same,jazz_01,jazz,S,style_swap,nan,0.937352,0.470715,0.682921,0.385537
jazz_02::control::ctrl,jazz_02,jazz,control,control,0.0,1.000000,0.999849,1.000000,0.580031
jazz_02::pitch_shift::-4st,jazz_02,jazz,H,pitch_shift,-4.0,0.973099,0.621041,0.812388,0.580955
jazz_02::pitch_shift::-2st,jazz_02,jazz,H,pitch_shift,-2.0,0.981640,0.767071,0.817158,0.597048
jazz_02::pitch_shift::-1st,jazz_02,jazz,H,pitch_shift,-1.0,0.979613,0.861102,0.818495,0.513637
jazz_02::pitch_shift::+1st,jazz_02,jazz,H,pitch_shift,1.0,0.977571,0.859808,0.817138,0.568485
jazz_02::pitch_shift::+2st,jazz_02,jazz,H,pitch_shift,2.0,0.982821,0.779785,0.813774,0.555957
jazz_02::pitch_shift::+4st,jazz_02,jazz,H,pitch_shift,4.0,0.974382,0.678027,0.805516,0.498843
jazz_02::time_stretch::-20pct,jazz_02,jazz,R,time_stretch,-20.0,0.998382,0.865141,0.733361,0.644150
jazz_02::time_stretch::-10pct,jazz_02,jazz,R,time_stretch,-10.0,0.998819,0.888391,0.695834,0.620221
jazz_02::time_stretch::-5pct,jazz_02,jazz,R,time_stretch,-5.0,0.999153,0.922696,0.788977,0.558227
jazz_02::time_stretch::+5pct,jazz_02,jazz,R,time_stretch,5.0,0.999013,0.930910,0.700330,0.608553
jazz_02::time_stretch::+10pct,jazz_02,jazz,R,time_stretch,10.0,0.999461,0.912415,0.710507,0.580030
jazz_02::time_stretch::+20pct,jazz_02,jazz,R,time_stretch,20.0,0.998452,0.886710,0.766732,0.655187
jazz_02::lowpass::lp8000,jazz_02,jazz,T,lowpass,8000.0,1.000000,0.498445,0.995507,0.594788
jazz_02::lowpass::lp4000,jazz_02,jazz,T,lowpass,4000.0,1.000000,0.458514,0.987944,0.516814
jazz_02::lowpass::lp2000,jazz_02,jazz,T,lowpass,2000.0,0.999951,0.438284,0.981574,0.466669
jazz_02::distortion::drv4,jazz_02,jazz,T,distortion,4.0,0.999079,0.765838,0.963128,0.512510
jazz_02::distortion::drv12,jazz_02,jazz,T,distortion,12.0,0.997639,0.622632,0.950938,0.406797
jazz_02::distortion::drv32,jazz_02,jazz,T,distortion,32.0,0.996706,0.538405,0.928819,0.245533
jazz_02::style_swap::swap_cross,jazz_02,jazz,S,style_swap,nan,0.909782,0.483636,0.771211,0.278818
jazz_02::style_swap::swap_same,jazz_02,jazz,S,style_swap,nan,0.932449,0.491929,0.687629,0.337485
jazz_03::control::ctrl,jazz_03,jazz,control,control,0.0,1.000000,1.000000,1.000000,0.522552
jazz_03::pitch_shift::-4st,jazz_03,jazz,H,pitch_shift,-4.0,0.971857,0.555734,0.986693,0.464127
jazz_03::pitch_shift::-2st,jazz_03,jazz,H,pitch_shift,-2.0,0.937707,0.725728,0.991827,0.464220
jazz_03::pitch_shift::-1st,jazz_03,jazz,H,pitch_shift,-1.0,0.956448,0.832110,0.994001,0.492806
jazz_03::pitch_shift::+1st,jazz_03,jazz,H,pitch_shift,1.0,0.959655,0.864999,0.992075,0.485581
jazz_03::pitch_shift::+2st,jazz_03,jazz,H,pitch_shift,2.0,0.937845,0.781688,0.987280,0.471178
jazz_03::pitch_shift::+4st,jazz_03,jazz,H,pitch_shift,4.0,0.967205,0.699867,0.977380,0.470776
jazz_03::time_stretch::-20pct,jazz_03,jazz,R,time_stretch,-20.0,0.998204,0.880044,0.563117,0.515106
jazz_03::time_stretch::-10pct,jazz_03,jazz,R,time_stretch,-10.0,0.999376,0.916906,0.625293,0.514704
jazz_03::time_stretch::-5pct,jazz_03,jazz,R,time_stretch,-5.0,0.999507,0.937941,0.691142,0.529376
jazz_03::time_stretch::+5pct,jazz_03,jazz,R,time_stretch,5.0,0.999854,0.958307,0.718085,0.529104
jazz_03::time_stretch::+10pct,jazz_03,jazz,R,time_stretch,10.0,0.999471,0.943104,0.657856,0.514210
jazz_03::time_stretch::+20pct,jazz_03,jazz,R,time_stretch,20.0,0.998494,0.912599,0.577205,0.500030
jazz_03::lowpass::lp8000,jazz_03,jazz,T,lowpass,8000.0,0.999942,0.493363,0.997350,0.522152
jazz_03::lowpass::lp4000,jazz_03,jazz,T,lowpass,4000.0,0.999999,0.481010,0.987403,0.503595
jazz_03::lowpass::lp2000,jazz_03,jazz,T,lowpass,2000.0,0.999993,0.464726,0.961541,0.491938
jazz_03::distortion::drv4,jazz_03,jazz,T,distortion,4.0,0.998592,0.783133,0.994045,0.477912
jazz_03::distortion::drv12,jazz_03,jazz,T,distortion,12.0,0.997305,0.621797,0.980864,0.469993
jazz_03::distortion::drv32,jazz_03,jazz,T,distortion,32.0,0.996960,0.549118,0.959238,0.378533
jazz_03::style_swap::swap_cross,jazz_03,jazz,S,style_swap,nan,0.827302,0.406029,0.796099,0.180503
jazz_03::style_swap::swap_same,jazz_03,jazz,S,style_swap,nan,0.967539,0.447431,0.558307,0.248722
jazz_04::control::ctrl,jazz_04,jazz,control,control,0.0,1.000000,1.000000,1.000000,0.599495
jazz_04::pitch_shift::-4st,jazz_04,jazz,H,pitch_shift,-4.0,0.833330,0.601981,0.986360,0.417410
jazz_04::pitch_shift::-2st,jazz_04,jazz,H,pitch_shift,-2.0,0.872041,0.720900,0.994618,0.425209
jazz_04::pitch_shift::-1st,jazz_04,jazz,H,pitch_shift,-1.0,0.834219,0.843580,0.997937,0.401801
jazz_04::pitch_shift::+1st,jazz_04,jazz,H,pitch_shift,1.0,0.839733,0.838038,0.995471,0.477071
jazz_04::pitch_shift::+2st,jazz_04,jazz,H,pitch_shift,2.0,0.875148,0.733029,0.990999,0.492123
jazz_04::pitch_shift::+4st,jazz_04,jazz,H,pitch_shift,4.0,0.838593,0.613456,0.975052,0.393672
jazz_04::time_stretch::-20pct,jazz_04,jazz,R,time_stretch,-20.0,0.985616,0.846216,0.569946,0.569091
jazz_04::time_stretch::-10pct,jazz_04,jazz,R,time_stretch,-10.0,0.990719,0.864493,0.652571,0.569446
jazz_04::time_stretch::-5pct,jazz_04,jazz,R,time_stretch,-5.0,0.985608,0.894949,0.712546,0.621137
jazz_04::time_stretch::+5pct,jazz_04,jazz,R,time_stretch,5.0,0.985668,0.930627,0.736869,0.599614
jazz_04::time_stretch::+10pct,jazz_04,jazz,R,time_stretch,10.0,0.981871,0.917079,0.660659,0.629034
jazz_04::time_stretch::+20pct,jazz_04,jazz,R,time_stretch,20.0,0.977588,0.885510,0.594168,0.530847
jazz_04::lowpass::lp8000,jazz_04,jazz,T,lowpass,8000.0,1.000000,0.731289,0.994781,0.606850
jazz_04::lowpass::lp4000,jazz_04,jazz,T,lowpass,4000.0,0.999960,0.665034,0.984009,0.484676
jazz_04::lowpass::lp2000,jazz_04,jazz,T,lowpass,2000.0,0.999991,0.579879,0.974123,0.403800
jazz_04::distortion::drv4,jazz_04,jazz,T,distortion,4.0,0.999820,0.791881,0.995591,0.439889
jazz_04::distortion::drv12,jazz_04,jazz,T,distortion,12.0,0.997467,0.658752,0.982594,0.225988
jazz_04::distortion::drv32,jazz_04,jazz,T,distortion,32.0,0.992587,0.587680,0.707647,0.182488
jazz_04::style_swap::swap_cross,jazz_04,jazz,S,style_swap,nan,0.917358,0.424875,0.538177,0.389090
jazz_04::style_swap::swap_same,jazz_04,jazz,S,style_swap,nan,0.895585,0.514792,0.736869,0.287484
jazz_05::control::ctrl,jazz_05,jazz,control,control,0.0,1.000000,1.000000,1.000000,0.424887
jazz_05::pitch_shift::-4st,jazz_05,jazz,H,pitch_shift,-4.0,0.959421,0.650404,0.991899,0.370006
jazz_05::pitch_shift::-2st,jazz_05,jazz,H,pitch_shift,-2.0,0.966809,0.761535,0.995693,0.415127
jazz_05::pitch_shift::-1st,jazz_05,jazz,H,pitch_shift,-1.0,0.979612,0.857148,0.996933,0.431929
jazz_05::pitch_shift::+1st,jazz_05,jazz,H,pitch_shift,1.0,0.986673,0.846987,0.996135,0.411372
jazz_05::pitch_shift::+2st,jazz_05,jazz,H,pitch_shift,2.0,0.971964,0.755135,0.994584,0.401594
jazz_05::pitch_shift::+4st,jazz_05,jazz,H,pitch_shift,4.0,0.959731,0.663274,0.989886,0.372709
jazz_05::time_stretch::-20pct,jazz_05,jazz,R,time_stretch,-20.0,0.995412,0.809701,0.787335,0.415961
jazz_05::time_stretch::-10pct,jazz_05,jazz,R,time_stretch,-10.0,0.996480,0.855129,0.822477,0.417264
jazz_05::time_stretch::-5pct,jazz_05,jazz,R,time_stretch,-5.0,0.999039,0.929356,0.857358,0.443486
jazz_05::time_stretch::+5pct,jazz_05,jazz,R,time_stretch,5.0,0.996270,0.904245,0.856847,0.436204
jazz_05::time_stretch::+10pct,jazz_05,jazz,R,time_stretch,10.0,0.995999,0.874080,0.832511,0.458718
jazz_05::time_stretch::+20pct,jazz_05,jazz,R,time_stretch,20.0,0.989567,0.818683,0.792965,0.400417
jazz_05::lowpass::lp8000,jazz_05,jazz,T,lowpass,8000.0,0.997646,0.876395,0.999817,0.411666
jazz_05::lowpass::lp4000,jazz_05,jazz,T,lowpass,4000.0,0.999587,0.714402,0.998929,0.409163
jazz_05::lowpass::lp2000,jazz_05,jazz,T,lowpass,2000.0,0.999317,0.626045,0.997340,0.369193
jazz_05::distortion::drv4,jazz_05,jazz,T,distortion,4.0,0.992547,0.819237,0.999260,0.421524
jazz_05::distortion::drv12,jazz_05,jazz,T,distortion,12.0,0.990125,0.683214,0.997736,0.403134
jazz_05::distortion::drv32,jazz_05,jazz,T,distortion,32.0,0.990099,0.632072,0.995908,0.380572
jazz_05::style_swap::swap_cross,jazz_05,jazz,S,style_swap,nan,0.975000,0.388541,0.851228,0.226150
jazz_05::style_swap::swap_same,jazz_05,jazz,S,style_swap,nan,0.958224,0.410725,0.832755,0.351909
jazz_06::control::ctrl,jazz_06,jazz,control,control,0.0,1.000000,1.000000,1.000000,0.507289
jazz_06::pitch_shift::-4st,jazz_06,jazz,H,pitch_shift,-4.0,0.860839,0.585246,0.955348,0.485472
jazz_06::pitch_shift::-2st,jazz_06,jazz,H,pitch_shift,-2.0,0.892401,0.730056,0.995796,0.492826
jazz_06::pitch_shift::-1st,jazz_06,jazz,H,pitch_shift,-1.0,0.892641,0.841317,0.998237,0.456791
jazz_06::pitch_shift::+1st,jazz_06,jazz,H,pitch_shift,1.0,0.897179,0.837275,0.997313,0.470787
jazz_06::pitch_shift::+2st,jazz_06,jazz,H,pitch_shift,2.0,0.896181,0.748724,0.960381,0.485373
jazz_06::pitch_shift::+4st,jazz_06,jazz,H,pitch_shift,4.0,0.871706,0.650088,0.952095,0.413086
jazz_06::time_stretch::-20pct,jazz_06,jazz,R,time_stretch,-20.0,0.996358,0.885706,0.660530,0.485373
jazz_06::time_stretch::-10pct,jazz_06,jazz,R,time_stretch,-10.0,0.997679,0.914788,0.711256,0.529387
jazz_06::time_stretch::-5pct,jazz_06,jazz,R,time_stretch,-5.0,0.998425,0.938391,0.772755,0.477929
jazz_06::time_stretch::+5pct,jazz_06,jazz,R,time_stretch,5.0,0.997563,0.953469,0.744180,0.485592
jazz_06::time_stretch::+10pct,jazz_06,jazz,R,time_stretch,10.0,0.996003,0.933763,0.708230,0.440754
jazz_06::time_stretch::+20pct,jazz_06,jazz,R,time_stretch,20.0,0.997230,0.902770,0.649799,0.470514
jazz_06::lowpass::lp8000,jazz_06,jazz,T,lowpass,8000.0,1.000000,0.572906,0.995882,0.514741
jazz_06::lowpass::lp4000,jazz_06,jazz,T,lowpass,4000.0,1.000000,0.549055,0.982300,0.499808
jazz_06::lowpass::lp2000,jazz_06,jazz,T,lowpass,2000.0,0.999995,0.477267,0.972237,0.448425
jazz_06::distortion::drv4,jazz_06,jazz,T,distortion,4.0,0.999972,0.911932,0.999435,0.529576
jazz_06::distortion::drv12,jazz_06,jazz,T,distortion,12.0,0.999497,0.787180,0.996933,0.449156
jazz_06::distortion::drv32,jazz_06,jazz,T,distortion,32.0,0.997570,0.672992,0.988852,0.313096
jazz_06::style_swap::swap_cross,jazz_06,jazz,S,style_swap,nan,0.824651,0.459862,0.640989,0.231078
jazz_06::style_swap::swap_same,jazz_06,jazz,S,style_swap,nan,0.937220,0.413917,0.644435,0.264183
jazz_07::control::ctrl,jazz_07,jazz,control,control,0.0,1.000000,1.000000,1.000000,0.686354
jazz_07::pitch_shift::-4st,jazz_07,jazz,H,pitch_shift,-4.0,0.973532,0.600259,0.982084,0.571568
jazz_07::pitch_shift::-2st,jazz_07,jazz,H,pitch_shift,-2.0,0.977775,0.742799,0.990792,0.614155
jazz_07::pitch_shift::-1st,jazz_07,jazz,H,pitch_shift,-1.0,0.968245,0.837516,0.993857,0.576594
jazz_07::pitch_shift::+1st,jazz_07,jazz,H,pitch_shift,1.0,0.963216,0.822480,0.992155,0.528305
jazz_07::pitch_shift::+2st,jazz_07,jazz,H,pitch_shift,2.0,0.979150,0.723557,0.989542,0.597351
jazz_07::pitch_shift::+4st,jazz_07,jazz,H,pitch_shift,4.0,0.967627,0.617396,0.981157,0.492406
jazz_07::time_stretch::-20pct,jazz_07,jazz,R,time_stretch,-20.0,0.999051,0.836686,0.631958,0.668281
jazz_07::time_stretch::-10pct,jazz_07,jazz,R,time_stretch,-10.0,0.999168,0.870477,0.697524,0.676759
jazz_07::time_stretch::-5pct,jazz_07,jazz,R,time_stretch,-5.0,0.999601,0.909591,0.763236,0.710568
jazz_07::time_stretch::+5pct,jazz_07,jazz,R,time_stretch,5.0,0.999269,0.928559,0.777920,0.705527
jazz_07::time_stretch::+10pct,jazz_07,jazz,R,time_stretch,10.0,0.999098,0.907439,0.716122,0.709304
jazz_07::time_stretch::+20pct,jazz_07,jazz,R,time_stretch,20.0,0.999383,0.894195,0.662876,0.692096
jazz_07::lowpass::lp8000,jazz_07,jazz,T,lowpass,8000.0,0.999980,0.495395,0.779294,0.676772
jazz_07::lowpass::lp4000,jazz_07,jazz,T,lowpass,4000.0,0.999996,0.466442,0.764293,0.477217
jazz_07::lowpass::lp2000,jazz_07,jazz,T,lowpass,2000.0,0.999994,0.443111,0.747705,0.413628
jazz_07::distortion::drv4,jazz_07,jazz,T,distortion,4.0,0.999955,0.831466,0.783638,0.578832
jazz_07::distortion::drv12,jazz_07,jazz,T,distortion,12.0,0.999672,0.672901,0.766822,0.366975
jazz_07::distortion::drv32,jazz_07,jazz,T,distortion,32.0,0.997720,0.591190,0.745969,0.250012
jazz_07::style_swap::swap_cross,jazz_07,jazz,S,style_swap,nan,0.974894,0.421153,0.624288,0.260211
jazz_07::style_swap::swap_same,jazz_07,jazz,S,style_swap,nan,0.979577,0.567352,0.684561,0.564128
jazz_08::control::ctrl,jazz_08,jazz,control,control,0.0,1.000000,1.000000,1.000000,0.593793
jazz_08::pitch_shift::-4st,jazz_08,jazz,H,pitch_shift,-4.0,0.897363,0.598976,0.989415,0.586866
jazz_08::pitch_shift::-2st,jazz_08,jazz,H,pitch_shift,-2.0,0.879133,0.722150,0.975681,0.609514
jazz_08::pitch_shift::-1st,jazz_08,jazz,H,pitch_shift,-1.0,0.904515,0.839311,0.997265,0.599388
jazz_08::pitch_shift::+1st,jazz_08,jazz,H,pitch_shift,1.0,0.909468,0.838389,0.996369,0.542544
jazz_08::pitch_shift::+2st,jazz_08,jazz,H,pitch_shift,2.0,0.886784,0.733424,0.972280,0.541280
jazz_08::pitch_shift::+4st,jazz_08,jazz,H,pitch_shift,4.0,0.895977,0.625187,0.965739,0.483175
jazz_08::time_stretch::-20pct,jazz_08,jazz,R,time_stretch,-20.0,0.991033,0.836398,0.756731,0.606404
jazz_08::time_stretch::-10pct,jazz_08,jazz,R,time_stretch,-10.0,0.995224,0.911014,0.814616,0.616352
jazz_08::time_stretch::-5pct,jazz_08,jazz,R,time_stretch,-5.0,0.996159,0.938048,0.836894,0.600749
jazz_08::time_stretch::+5pct,jazz_08,jazz,R,time_stretch,5.0,0.994407,0.953706,0.833367,0.593790
jazz_08::time_stretch::+10pct,jazz_08,jazz,R,time_stretch,10.0,0.991435,0.935007,0.795431,0.576625
jazz_08::time_stretch::+20pct,jazz_08,jazz,R,time_stretch,20.0,0.987513,0.903148,0.762393,0.549993
jazz_08::lowpass::lp8000,jazz_08,jazz,T,lowpass,8000.0,1.000000,0.652147,0.998615,0.601594
jazz_08::lowpass::lp4000,jazz_08,jazz,T,lowpass,4000.0,1.000000,0.590164,0.972762,0.546358
jazz_08::lowpass::lp2000,jazz_08,jazz,T,lowpass,2000.0,0.999983,0.544811,0.833876,0.531511
jazz_08::distortion::drv4,jazz_08,jazz,T,distortion,4.0,0.999986,0.941801,0.999773,0.608550
jazz_08::distortion::drv12,jazz_08,jazz,T,distortion,12.0,0.999778,0.778938,0.997141,0.555953
jazz_08::distortion::drv32,jazz_08,jazz,T,distortion,32.0,0.998000,0.650928,0.991095,0.375167
jazz_08::style_swap::swap_cross,jazz_08,jazz,S,style_swap,nan,0.933218,0.452913,0.754467,0.297086
jazz_08::style_swap::swap_same,jazz_08,jazz,S,style_swap,nan,0.894906,0.483703,0.749487,0.481747
jazz_09::control::ctrl,jazz_09,jazz,control,control,0.0,1.000000,1.000000,1.000000,0.456390
jazz_09::pitch_shift::-4st,jazz_09,jazz,H,pitch_shift,-4.0,0.993550,0.520189,0.994295,0.370827
jazz_09::pitch_shift::-2st,jazz_09,jazz,H,pitch_shift,-2.0,0.993295,0.668179,0.995548,0.350934
jazz_09::pitch_shift::-1st,jazz_09,jazz,H,pitch_shift,-1.0,0.994325,0.797147,0.996291,0.402189
jazz_09::pitch_shift::+1st,jazz_09,jazz,H,pitch_shift,1.0,0.995296,0.873630,0.986764,0.421492
jazz_09::pitch_shift::+2st,jazz_09,jazz,H,pitch_shift,2.0,0.992981,0.778679,0.985836,0.393898
jazz_09::pitch_shift::+4st,jazz_09,jazz,H,pitch_shift,4.0,0.993681,0.680095,0.993501,0.405017
jazz_09::time_stretch::-20pct,jazz_09,jazz,R,time_stretch,-20.0,0.999820,0.874245,0.929123,0.416374
jazz_09::time_stretch::-10pct,jazz_09,jazz,R,time_stretch,-10.0,0.999762,0.886338,0.925168,0.401704
jazz_09::time_stretch::-5pct,jazz_09,jazz,R,time_stretch,-5.0,0.999676,0.937200,0.936289,0.428659
jazz_09::time_stretch::+5pct,jazz_09,jazz,R,time_stretch,5.0,0.999825,0.907091,0.942912,0.406182
jazz_09::time_stretch::+10pct,jazz_09,jazz,R,time_stretch,10.0,0.999663,0.884010,0.932196,0.401701
jazz_09::time_stretch::+20pct,jazz_09,jazz,R,time_stretch,20.0,0.999407,0.893063,0.924240,0.428656
jazz_09::lowpass::lp8000,jazz_09,jazz,T,lowpass,8000.0,1.000000,0.394304,0.991235,0.455543
jazz_09::lowpass::lp4000,jazz_09,jazz,T,lowpass,4000.0,0.999786,0.401189,0.985243,0.383671
jazz_09::lowpass::lp2000,jazz_09,jazz,T,lowpass,2000.0,0.999513,0.369264,0.983943,0.333344
jazz_09::distortion::drv4,jazz_09,jazz,T,distortion,4.0,0.999959,0.945588,0.999863,0.442270
jazz_09::distortion::drv12,jazz_09,jazz,T,distortion,12.0,0.999751,0.626861,0.989583,0.408575
jazz_09::distortion::drv32,jazz_09,jazz,T,distortion,32.0,0.999888,0.458302,0.984396,0.325548
jazz_09::style_swap::swap_cross,jazz_09,jazz,S,style_swap,nan,0.952617,0.472839,0.906479,0.289915
jazz_09::style_swap::swap_same,jazz_09,jazz,S,style_swap,nan,0.973991,0.516828,0.950124,0.315644
jazz_10::control::ctrl,jazz_10,jazz,control,control,0.0,1.000000,1.000000,1.000000,0.647882
jazz_10::pitch_shift::-4st,jazz_10,jazz,H,pitch_shift,-4.0,0.991657,0.604271,0.988564,0.658507
jazz_10::pitch_shift::-2st,jazz_10,jazz,H,pitch_shift,-2.0,0.994534,0.788766,0.994366,0.660527
jazz_10::pitch_shift::-1st,jazz_10,jazz,H,pitch_shift,-1.0,0.993905,0.890445,0.996235,0.644985
jazz_10::pitch_shift::+1st,jazz_10,jazz,H,pitch_shift,1.0,0.994377,0.918836,0.994780,0.649462
jazz_10::pitch_shift::+2st,jazz_10,jazz,H,pitch_shift,2.0,0.990313,0.860729,0.992269,0.690446
jazz_10::pitch_shift::+4st,jazz_10,jazz,H,pitch_shift,4.0,0.979473,0.780618,0.983655,0.630863
jazz_10::time_stretch::-20pct,jazz_10,jazz,R,time_stretch,-20.0,0.998646,0.895980,0.699537,0.612996
jazz_10::time_stretch::-10pct,jazz_10,jazz,R,time_stretch,-10.0,0.999014,0.914011,0.747906,0.644987
jazz_10::time_stretch::-5pct,jazz_10,jazz,R,time_stretch,-5.0,0.999160,0.941124,0.789484,0.640137
jazz_10::time_stretch::+5pct,jazz_10,jazz,R,time_stretch,5.0,0.999455,0.947034,0.786308,0.633819
jazz_10::time_stretch::+10pct,jazz_10,jazz,R,time_stretch,10.0,0.998965,0.930542,0.764757,0.618216
jazz_10::time_stretch::+20pct,jazz_10,jazz,R,time_stretch,20.0,0.998483,0.921300,0.702560,0.614148
jazz_10::lowpass::lp8000,jazz_10,jazz,T,lowpass,8000.0,0.999996,0.475037,0.994423,0.653846
jazz_10::lowpass::lp4000,jazz_10,jazz,T,lowpass,4000.0,0.999996,0.465638,0.986251,0.566769
jazz_10::lowpass::lp2000,jazz_10,jazz,T,lowpass,2000.0,0.999998,0.445786,0.981971,0.502536
jazz_10::distortion::drv4,jazz_10,jazz,T,distortion,4.0,0.999712,0.871568,0.993246,0.611564
jazz_10::distortion::drv12,jazz_10,jazz,T,distortion,12.0,0.998882,0.708573,0.949376,0.513235
jazz_10::distortion::drv32,jazz_10,jazz,T,distortion,32.0,0.998055,0.590036,0.947198,0.419761
jazz_10::style_swap::swap_cross,jazz_10,jazz,S,style_swap,nan,0.924891,0.411552,0.674367,0.212425
jazz_10::style_swap::swap_same,jazz_10,jazz,S,style_swap,nan,0.976866,0.544370,0.789484,0.478885
jazz_11::control::ctrl,jazz_11,jazz,control,control,0.0,1.000000,1.000000,1.000000,0.620213
jazz_11::pitch_shift::-4st,jazz_11,jazz,H,pitch_shift,-4.0,0.947010,0.524735,0.990831,0.444097
jazz_11::pitch_shift::-2st,jazz_11,jazz,H,pitch_shift,-2.0,0.973869,0.687392,0.995139,0.546358
jazz_11::pitch_shift::-1st,jazz_11,jazz,H,pitch_shift,-1.0,0.956330,0.823001,0.996614,0.589244
jazz_11::pitch_shift::+1st,jazz_11,jazz,H,pitch_shift,1.0,0.961928,0.874637,0.994816,0.579418
jazz_11::pitch_shift::+2st,jazz_11,jazz,H,pitch_shift,2.0,0.971311,0.774948,0.992128,0.566770
jazz_11::pitch_shift::+4st,jazz_11,jazz,H,pitch_shift,4.0,0.943940,0.677091,0.983693,0.536730
jazz_11::time_stretch::-20pct,jazz_11,jazz,R,time_stretch,-20.0,0.998419,0.875932,0.618564,0.614145
jazz_11::time_stretch::-10pct,jazz_11,jazz,R,time_stretch,-10.0,0.998811,0.894795,0.694855,0.658509
jazz_11::time_stretch::-5pct,jazz_11,jazz,R,time_stretch,-5.0,0.998882,0.927346,0.735558,0.635344
jazz_11::time_stretch::+5pct,jazz_11,jazz,R,time_stretch,5.0,0.999259,0.936869,0.755578,0.620214
jazz_11::time_stretch::+10pct,jazz_11,jazz,R,time_stretch,10.0,0.998295,0.920745,0.698561,0.622255
jazz_11::time_stretch::+20pct,jazz_11,jazz,R,time_stretch,20.0,0.996292,0.877148,0.646875,0.591646
jazz_11::lowpass::lp8000,jazz_11,jazz,T,lowpass,8000.0,1.000000,0.457968,0.993689,0.644232
jazz_11::lowpass::lp4000,jazz_11,jazz,T,lowpass,4000.0,1.000000,0.451550,0.979650,0.512608
jazz_11::lowpass::lp2000,jazz_11,jazz,T,lowpass,2000.0,0.999991,0.440528,0.959965,0.485837
jazz_11::distortion::drv4,jazz_11,jazz,T,distortion,4.0,0.999738,0.654194,0.988778,0.533836
jazz_11::distortion::drv12,jazz_11,jazz,T,distortion,12.0,0.998933,0.520993,0.972787,0.434089
jazz_11::distortion::drv32,jazz_11,jazz,T,distortion,32.0,0.998474,0.460108,0.949900,0.384492
jazz_11::style_swap::swap_cross,jazz_11,jazz,S,style_swap,nan,0.957214,0.528654,0.786424,0.286490
jazz_11::style_swap::swap_same,jazz_11,jazz,S,style_swap,nan,0.978943,0.571892,0.644919,0.544355
jazz_12::control::ctrl,jazz_12,jazz,control,control,0.0,1.000000,1.000000,1.000000,0.639644
jazz_12::pitch_shift::-4st,jazz_12,jazz,H,pitch_shift,-4.0,0.930882,0.556420,0.983869,0.529578
jazz_12::pitch_shift::-2st,jazz_12,jazz,H,pitch_shift,-2.0,0.952690,0.698191,0.991786,0.599390
jazz_12::pitch_shift::-1st,jazz_12,jazz,H,pitch_shift,-1.0,0.957054,0.823344,0.995232,0.566550
jazz_12::pitch_shift::+1st,jazz_12,jazz,H,pitch_shift,1.0,0.957070,0.833236,0.992915,0.571028
jazz_12::pitch_shift::+2st,jazz_12,jazz,H,pitch_shift,2.0,0.943552,0.728528,0.985914,0.586630
jazz_12::pitch_shift::+4st,jazz_12,jazz,H,pitch_shift,4.0,0.927646,0.639408,0.969479,0.536224
jazz_12::time_stretch::-20pct,jazz_12,jazz,R,time_stretch,-20.0,0.990616,0.753734,0.435620,0.603441
jazz_12::time_stretch::-10pct,jazz_12,jazz,R,time_stretch,-10.0,0.993334,0.889527,0.563129,0.609406
jazz_12::time_stretch::-5pct,jazz_12,jazz,R,time_stretch,-5.0,0.988644,0.932100,0.619823,0.617734
jazz_12::time_stretch::+5pct,jazz_12,jazz,R,time_stretch,5.0,0.995547,0.937045,0.614296,0.611239
jazz_12::time_stretch::+10pct,jazz_12,jazz,R,time_stretch,10.0,0.994645,0.906825,0.524673,0.639641
jazz_12::time_stretch::+20pct,jazz_12,jazz,R,time_stretch,20.0,0.993523,0.846594,0.451194,0.587836
jazz_12::lowpass::lp8000,jazz_12,jazz,T,lowpass,8000.0,0.999807,0.517995,0.996044,0.624163
jazz_12::lowpass::lp4000,jazz_12,jazz,T,lowpass,4000.0,0.999978,0.490035,0.983789,0.475731
jazz_12::lowpass::lp2000,jazz_12,jazz,T,lowpass,2000.0,0.998510,0.474518,0.620515,0.434460
jazz_12::distortion::drv4,jazz_12,jazz,T,distortion,4.0,0.999785,0.795270,0.994876,0.566490
jazz_12::distortion::drv12,jazz_12,jazz,T,distortion,12.0,0.995536,0.640309,0.978926,0.377118
jazz_12::distortion::drv32,jazz_12,jazz,T,distortion,32.0,0.995451,0.555792,0.950169,0.252024
jazz_12::style_swap::swap_cross,jazz_12,jazz,S,style_swap,nan,0.906809,0.485037,0.395582,0.237230
jazz_12::style_swap::swap_same,jazz_12,jazz,S,style_swap,nan,0.968208,0.469720,0.467118,0.203853
jazz_13::control::ctrl,jazz_13,jazz,control,control,0.0,1.000000,1.000000,1.000000,0.761280
jazz_13::pitch_shift::-4st,jazz_13,jazz,H,pitch_shift,-4.0,0.857639,0.628435,0.990805,0.641656
jazz_13::pitch_shift::-2st,jazz_13,jazz,H,pitch_shift,-2.0,0.919095,0.767321,0.994042,0.702980
jazz_13::pitch_shift::-1st,jazz_13,jazz,H,pitch_shift,-1.0,0.969700,0.870911,0.996068,0.693785
jazz_13::pitch_shift::+1st,jazz_13,jazz,H,pitch_shift,1.0,0.965989,0.889320,0.992757,0.726931
jazz_13::pitch_shift::+2st,jazz_13,jazz,H,pitch_shift,2.0,0.907929,0.813636,0.986196,0.738083
jazz_13::pitch_shift::+4st,jazz_13,jazz,H,pitch_shift,4.0,0.840756,0.704576,0.978256,0.712722
jazz_13::time_stretch::-20pct,jazz_13,jazz,R,time_stretch,-20.0,0.998213,0.849413,0.556658,0.661471
jazz_13::time_stretch::-10pct,jazz_13,jazz,R,time_stretch,-10.0,0.999192,0.880859,0.623757,0.687166
jazz_13::time_stretch::-5pct,jazz_13,jazz,R,time_stretch,-5.0,0.998923,0.926820,0.719010,0.717153
jazz_13::time_stretch::+5pct,jazz_13,jazz,R,time_stretch,5.0,0.998940,0.925831,0.684768,0.702001
jazz_13::time_stretch::+10pct,jazz_13,jazz,R,time_stretch,10.0,0.997729,0.900051,0.632258,0.725297
jazz_13::time_stretch::+20pct,jazz_13,jazz,R,time_stretch,20.0,0.995096,0.872329,0.568477,0.724888
jazz_13::lowpass::lp8000,jazz_13,jazz,T,lowpass,8000.0,1.000000,0.614482,0.997159,0.783087
jazz_13::lowpass::lp4000,jazz_13,jazz,T,lowpass,4000.0,1.000000,0.541464,0.990086,0.684324
jazz_13::lowpass::lp2000,jazz_13,jazz,T,lowpass,2000.0,0.999995,0.474856,0.939470,0.608987
jazz_13::distortion::drv4,jazz_13,jazz,T,distortion,4.0,0.999466,0.794882,0.994470,0.756054
jazz_13::distortion::drv12,jazz_13,jazz,T,distortion,12.0,0.995084,0.653928,0.978025,0.499897
jazz_13::distortion::drv32,jazz_13,jazz,T,distortion,32.0,0.991993,0.567285,0.955914,0.259681
jazz_13::style_swap::swap_cross,jazz_13,jazz,S,style_swap,nan,0.808750,0.501906,0.514837,0.286650
jazz_13::style_swap::swap_same,jazz_13,jazz,S,style_swap,nan,0.930396,0.449679,0.595873,0.234213
jazz_14::control::ctrl,jazz_14,jazz,control,control,0.0,1.000000,1.000000,1.000000,0.622755
jazz_14::pitch_shift::-4st,jazz_14,jazz,H,pitch_shift,-4.0,0.934206,0.590761,0.964260,0.513412
jazz_14::pitch_shift::-2st,jazz_14,jazz,H,pitch_shift,-2.0,0.937177,0.695728,0.971471,0.563764
jazz_14::pitch_shift::-1st,jazz_14,jazz,H,pitch_shift,-1.0,0.962807,0.821226,0.998011,0.535938
jazz_14::pitch_shift::+1st,jazz_14,jazz,H,pitch_shift,1.0,0.966213,0.802676,0.971793,0.571033
jazz_14::pitch_shift::+2st,jazz_14,jazz,H,pitch_shift,2.0,0.949163,0.698707,0.968441,0.549993
jazz_14::pitch_shift::+4st,jazz_14,jazz,H,pitch_shift,4.0,0.932821,0.586226,0.957447,0.482667
jazz_14::time_stretch::-20pct,jazz_14,jazz,R,time_stretch,-20.0,0.998080,0.858659,0.727825,0.625941
jazz_14::time_stretch::-10pct,jazz_14,jazz,R,time_stretch,-10.0,0.998977,0.890882,0.779535,0.588420
jazz_14::time_stretch::-5pct,jazz_14,jazz,R,time_stretch,-5.0,0.997320,0.933183,0.818322,0.627128
jazz_14::time_stretch::+5pct,jazz_14,jazz,R,time_stretch,5.0,0.998140,0.948291,0.719260,0.602124
jazz_14::time_stretch::+10pct,jazz_14,jazz,R,time_stretch,10.0,0.998617,0.928067,0.722274,0.551488
jazz_14::time_stretch::+20pct,jazz_14,jazz,R,time_stretch,20.0,0.998981,0.914060,0.744737,0.622748
jazz_14::lowpass::lp8000,jazz_14,jazz,T,lowpass,8000.0,0.999982,0.686754,0.998291,0.631920
jazz_14::lowpass::lp4000,jazz_14,jazz,T,lowpass,4000.0,0.999909,0.527779,0.992664,0.589940
jazz_14::lowpass::lp2000,jazz_14,jazz,T,lowpass,2000.0,0.999956,0.452628,0.986559,0.483828
jazz_14::distortion::drv4,jazz_14,jazz,T,distortion,4.0,0.999705,0.712523,0.969466,0.565605
jazz_14::distortion::drv12,jazz_14,jazz,T,distortion,12.0,0.998455,0.571102,0.955522,0.387916
jazz_14::distortion::drv32,jazz_14,jazz,T,distortion,32.0,0.996809,0.513077,0.961260,0.313336
jazz_14::style_swap::swap_cross,jazz_14,jazz,S,style_swap,nan,0.920173,0.460066,0.773477,0.232132
jazz_14::style_swap::swap_same,jazz_14,jazz,S,style_swap,nan,0.961866,0.467382,0.815302,0.482642
jazz_15::control::ctrl,jazz_15,jazz,control,control,0.0,1.000000,1.000000,1.000000,0.403916
jazz_15::pitch_shift::-4st,jazz_15,jazz,H,pitch_shift,-4.0,0.820676,0.550637,0.993349,0.271472
jazz_15::pitch_shift::-2st,jazz_15,jazz,H,pitch_shift,-2.0,0.909637,0.659955,0.994246,0.302774
jazz_15::pitch_shift::-1st,jazz_15,jazz,H,pitch_shift,-1.0,0.786078,0.766376,0.995705,0.325942
jazz_15::pitch_shift::+1st,jazz_15,jazz,H,pitch_shift,1.0,0.777963,0.776825,0.996535,0.345866
jazz_15::pitch_shift::+2st,jazz_15,jazz,H,pitch_shift,2.0,0.892901,0.682280,0.995125,0.354241
jazz_15::pitch_shift::+4st,jazz_15,jazz,H,pitch_shift,4.0,0.795438,0.551517,0.992737,0.312234
jazz_15::time_stretch::-20pct,jazz_15,jazz,R,time_stretch,-20.0,0.997852,0.754360,0.754556,0.368347
jazz_15::time_stretch::-10pct,jazz_15,jazz,R,time_stretch,-10.0,0.997548,0.847138,0.805239,0.382348
jazz_15::time_stretch::-5pct,jazz_15,jazz,R,time_stretch,-5.0,0.998991,0.878337,0.844973,0.418494
jazz_15::time_stretch::+5pct,jazz_15,jazz,R,time_stretch,5.0,0.999382,0.869278,0.846910,0.355299
jazz_15::time_stretch::+10pct,jazz_15,jazz,R,time_stretch,10.0,0.998653,0.868622,0.824894,0.370551
jazz_15::time_stretch::+20pct,jazz_15,jazz,R,time_stretch,20.0,0.996875,0.859278,0.772912,0.333622
jazz_15::lowpass::lp8000,jazz_15,jazz,T,lowpass,8000.0,0.999998,0.965447,0.999997,0.403856
jazz_15::lowpass::lp4000,jazz_15,jazz,T,lowpass,4000.0,0.999989,0.777751,0.999673,0.411659
jazz_15::lowpass::lp2000,jazz_15,jazz,T,lowpass,2000.0,0.999987,0.507678,0.998792,0.380625
jazz_15::distortion::drv4,jazz_15,jazz,T,distortion,4.0,0.999636,0.730560,0.998351,0.360543
jazz_15::distortion::drv12,jazz_15,jazz,T,distortion,12.0,0.996427,0.507364,0.965091,0.349604
jazz_15::distortion::drv32,jazz_15,jazz,T,distortion,32.0,0.991463,0.454300,0.959982,0.344730
jazz_15::style_swap::swap_cross,jazz_15,jazz,S,style_swap,nan,0.921302,0.394224,0.805239,0.284204
jazz_15::style_swap::swap_same,jazz_15,jazz,S,style_swap,nan,0.888360,0.390540,0.782156,0.383067
rock_01::control::ctrl,rock_01,rock,control,control,0.0,1.000000,0.999941,1.000000,0.615712
rock_01::pitch_shift::-4st,rock_01,rock,H,pitch_shift,-4.0,0.813899,0.557392,0.979674,0.419800
rock_01::pitch_shift::-2st,rock_01,rock,H,pitch_shift,-2.0,0.879909,0.680312,0.990443,0.469652
rock_01::pitch_shift::-1st,rock_01,rock,H,pitch_shift,-1.0,0.839092,0.812309,0.992651,0.505862
rock_01::pitch_shift::+1st,rock_01,rock,H,pitch_shift,1.0,0.850511,0.847182,0.991063,0.537047
rock_01::pitch_shift::+2st,rock_01,rock,H,pitch_shift,2.0,0.881669,0.760299,0.988921,0.499475
rock_01::pitch_shift::+4st,rock_01,rock,H,pitch_shift,4.0,0.816753,0.645685,0.977467,0.337683
rock_01::time_stretch::-20pct,rock_01,rock,R,time_stretch,-20.0,0.994166,0.881545,0.577422,0.587844
rock_01::time_stretch::-10pct,rock_01,rock,R,time_stretch,-10.0,0.998747,0.903182,0.661396,0.625789
rock_01::time_stretch::-5pct,rock_01,rock,R,time_stretch,-5.0,0.998819,0.915811,0.706096,0.602141
rock_01::time_stretch::+5pct,rock_01,rock,R,time_stretch,5.0,0.999070,0.914223,0.701312,0.573239
rock_01::time_stretch::+10pct,rock_01,rock,R,time_stretch,10.0,0.997577,0.882194,0.651367,0.577180
rock_01::time_stretch::+20pct,rock_01,rock,R,time_stretch,20.0,0.995841,0.822359,0.584487,0.656866
rock_01::lowpass::lp8000,rock_01,rock,T,lowpass,8000.0,1.000000,0.474364,0.991089,0.648773
rock_01::lowpass::lp4000,rock_01,rock,T,lowpass,4000.0,0.999999,0.425396,0.878785,0.442273
rock_01::lowpass::lp2000,rock_01,rock,T,lowpass,2000.0,0.999956,0.398225,0.840812,0.383071
rock_01::distortion::drv4,rock_01,rock,T,distortion,4.0,0.999287,0.774378,0.981845,0.470298
rock_01::distortion::drv12,rock_01,rock,T,distortion,12.0,0.996281,0.570772,0.947007,0.283947
rock_01::distortion::drv32,rock_01,rock,T,distortion,32.0,0.994382,0.488409,0.854444,0.235927
rock_01::style_swap::swap_cross,rock_01,rock,S,style_swap,nan,0.902871,0.438940,0.634167,0.222436
rock_01::style_swap::swap_same,rock_01,rock,S,style_swap,nan,0.945281,0.401226,0.731974,0.385424
rock_02::control::ctrl,rock_02,rock,control,control,0.0,1.000000,1.000000,1.000000,0.523900
rock_02::pitch_shift::-4st,rock_02,rock,H,pitch_shift,-4.0,0.926029,0.434437,0.749347,0.482964
rock_02::pitch_shift::-2st,rock_02,rock,H,pitch_shift,-2.0,0.967341,0.591448,0.978944,0.476647
rock_02::pitch_shift::-1st,rock_02,rock,H,pitch_shift,-1.0,0.977166,0.749809,0.983481,0.442210
rock_02::pitch_shift::+1st,rock_02,rock,H,pitch_shift,1.0,0.981000,0.801360,0.982379,0.449735
rock_02::pitch_shift::+2st,rock_02,rock,H,pitch_shift,2.0,0.975555,0.730636,0.978671,0.490705
rock_02::pitch_shift::+4st,rock_02,rock,H,pitch_shift,4.0,0.930320,0.636285,0.976888,0.422336
rock_02::time_stretch::-20pct,rock_02,rock,R,time_stretch,-20.0,0.998565,0.857639,0.755892,0.513417
rock_02::time_stretch::-10pct,rock_02,rock,R,time_stretch,-10.0,0.998630,0.858506,0.650500,0.505553
rock_02::time_stretch::-5pct,rock_02,rock,R,time_stretch,-5.0,0.999352,0.877468,0.752447,0.498572
rock_02::time_stretch::+5pct,rock_02,rock,R,time_stretch,5.0,0.999185,0.865125,0.748891,0.497642
rock_02::time_stretch::+10pct,rock_02,rock,R,time_stretch,10.0,0.999070,0.864770,0.707761,0.498572
rock_02::time_stretch::+20pct,rock_02,rock,R,time_stretch,20.0,0.997021,0.860444,0.650500,0.514447
rock_02::lowpass::lp8000,rock_02,rock,T,lowpass,8000.0,1.000000,0.421983,0.775742,0.509497
rock_02::lowpass::lp4000,rock_02,rock,T,lowpass,4000.0,0.999968,0.435369,0.768712,0.500323
rock_02::lowpass::lp2000,rock_02,rock,T,lowpass,2000.0,0.999983,0.408411,0.756542,0.458992
rock_02::distortion::drv4,rock_02,rock,T,distortion,4.0,0.999895,0.597362,0.774171,0.442215
rock_02::distortion::drv12,rock_02,rock,T,distortion,12.0,0.999633,0.461474,0.722791,0.427510
rock_02::distortion::drv32,rock_02,rock,T,distortion,32.0,0.999400,0.427758,0.661058,0.428499
rock_02::style_swap::swap_cross,rock_02,rock,S,style_swap,nan,0.929088,0.524234,0.636275,0.223972
rock_02::style_swap::swap_same,rock_02,rock,S,style_swap,nan,0.990037,0.517628,0.690208,0.376986
rock_03::control::ctrl,rock_03,rock,control,control,0.0,0.999823,0.943625,0.999858,0.633960
rock_03::pitch_shift::-4st,rock_03,rock,H,pitch_shift,-4.0,0.950305,0.603178,0.989047,0.512635
rock_03::pitch_shift::-2st,rock_03,rock,H,pitch_shift,-2.0,0.977322,0.767117,0.993760,0.651588
rock_03::pitch_shift::-1st,rock_03,rock,H,pitch_shift,-1.0,0.986587,0.864451,0.995650,0.591636
rock_03::pitch_shift::+1st,rock_03,rock,H,pitch_shift,1.0,0.991223,0.868093,0.993064,0.546202
rock_03::pitch_shift::+2st,rock_03,rock,H,pitch_shift,2.0,0.977271,0.770740,0.987774,0.538462
rock_03::pitch_shift::+4st,rock_03,rock,H,pitch_shift,4.0,0.953922,0.645921,0.974663,0.448645
rock_03::time_stretch::-20pct,rock_03,rock,R,time_stretch,-20.0,0.999228,0.870774,0.530659,0.533460
rock_03::time_stretch::-10pct,rock_03,rock,R,time_stretch,-10.0,0.999789,0.882451,0.614640,0.566791
rock_03::time_stretch::-5pct,rock_03,rock,R,time_stretch,-5.0,0.999418,0.915012,0.685734,0.556277
rock_03::time_stretch::+5pct,rock_03,rock,R,time_stretch,5.0,0.998934,0.924244,0.678688,0.582213
rock_03::time_stretch::+10pct,rock_03,rock,R,time_stretch,10.0,0.999415,0.886384,0.614595,0.582219
rock_03::time_stretch::+20pct,rock_03,rock,R,time_stretch,20.0,0.999596,0.863924,0.549704,0.556570
rock_03::lowpass::lp8000,rock_03,rock,T,lowpass,8000.0,0.998735,0.455113,0.998741,0.603402
rock_03::lowpass::lp4000,rock_03,rock,T,lowpass,4000.0,0.999979,0.437897,0.994185,0.400836
rock_03::lowpass::lp2000,rock_03,rock,T,lowpass,2000.0,0.999748,0.432030,0.691917,0.352799
rock_03::distortion::drv4,rock_03,rock,T,distortion,4.0,0.999644,0.666804,0.990538,0.616751
rock_03::distortion::drv12,rock_03,rock,T,distortion,12.0,0.999471,0.549200,0.676984,0.524810
rock_03::distortion::drv32,rock_03,rock,T,distortion,32.0,0.999376,0.507933,0.629428,0.528191
rock_03::style_swap::swap_cross,rock_03,rock,S,style_swap,nan,0.965684,0.456104,0.585605,0.292057
rock_03::style_swap::swap_same,rock_03,rock,S,style_swap,nan,0.984031,0.447872,0.653550,0.359855
rock_04::control::ctrl,rock_04,rock,control,control,0.0,1.000000,1.000000,1.000000,0.517784
rock_04::pitch_shift::-4st,rock_04,rock,H,pitch_shift,-4.0,0.993695,0.532313,0.973760,0.466848
rock_04::pitch_shift::-2st,rock_04,rock,H,pitch_shift,-2.0,0.993030,0.698270,0.981666,0.505684
rock_04::pitch_shift::-1st,rock_04,rock,H,pitch_shift,-1.0,0.994868,0.809303,0.984916,0.513794
rock_04::pitch_shift::+1st,rock_04,rock,H,pitch_shift,1.0,0.996421,0.847069,0.984321,0.544020
rock_04::pitch_shift::+2st,rock_04,rock,H,pitch_shift,2.0,0.993103,0.758941,0.979066,0.506349
rock_04::pitch_shift::+4st,rock_04,rock,H,pitch_shift,4.0,0.993631,0.630989,0.966162,0.457904
rock_04::time_stretch::-20pct,rock_04,rock,R,time_stretch,-20.0,0.999492,0.830333,0.561339,0.534137
rock_04::time_stretch::-10pct,rock_04,rock,R,time_stretch,-10.0,0.999486,0.855990,0.641402,0.549705
rock_04::time_stretch::-5pct,rock_04,rock,R,time_stretch,-5.0,0.999557,0.882185,0.705079,0.519957
rock_04::time_stretch::+5pct,rock_04,rock,R,time_stretch,5.0,0.999916,0.888513,0.530132,0.576760
rock_04::time_stretch::+10pct,rock_04,rock,R,time_stretch,10.0,0.999313,0.894495,0.540791,0.561400
rock_04::time_stretch::+20pct,rock_04,rock,R,time_stretch,20.0,0.999824,0.892525,0.568403,0.590035
rock_04::lowpass::lp8000,rock_04,rock,T,lowpass,8000.0,0.999999,0.422854,0.988926,0.525011
rock_04::lowpass::lp4000,rock_04,rock,T,lowpass,4000.0,0.999998,0.412050,0.916593,0.476864
rock_04::lowpass::lp2000,rock_04,rock,T,lowpass,2000.0,0.999971,0.411064,0.897509,0.401576
rock_04::distortion::drv4,rock_04,rock,T,distortion,4.0,0.999974,0.744738,0.705210,0.543226
rock_04::distortion::drv12,rock_04,rock,T,distortion,12.0,0.999856,0.522079,0.613956,0.484334
rock_04::distortion::drv32,rock_04,rock,T,distortion,32.0,0.999745,0.471436,0.589954,0.463891
rock_04::style_swap::swap_cross,rock_04,rock,S,style_swap,nan,0.964222,0.453161,0.534823,0.281825
rock_04::style_swap::swap_same,rock_04,rock,S,style_swap,nan,0.980173,0.524115,0.533974,0.453869
rock_05::control::ctrl,rock_05,rock,control,control,0.0,1.000000,1.000000,1.000000,0.501905
rock_05::pitch_shift::-4st,rock_05,rock,H,pitch_shift,-4.0,0.864513,0.509776,0.971492,0.346863
rock_05::pitch_shift::-2st,rock_05,rock,H,pitch_shift,-2.0,0.908004,0.649100,0.985665,0.343695
rock_05::pitch_shift::-1st,rock_05,rock,H,pitch_shift,-1.0,0.953988,0.801212,0.991311,0.428178
rock_05::pitch_shift::+1st,rock_05,rock,H,pitch_shift,1.0,0.964072,0.810727,0.988234,0.428173
rock_05::pitch_shift::+2st,rock_05,rock,H,pitch_shift,2.0,0.916324,0.697329,0.983818,0.402892
rock_05::pitch_shift::+4st,rock_05,rock,H,pitch_shift,4.0,0.876112,0.573392,0.962458,0.396224
rock_05::time_stretch::-20pct,rock_05,rock,R,time_stretch,-20.0,0.998331,0.864973,0.424559,0.489959
rock_05::time_stretch::-10pct,rock_05,rock,R,time_stretch,-10.0,0.997644,0.887607,0.525032,0.469385
rock_05::time_stretch::-5pct,rock_05,rock,R,time_stretch,-5.0,0.997922,0.928482,0.585703,0.487541
rock_05::time_stretch::+5pct,rock_05,rock,R,time_stretch,5.0,0.999676,0.943259,0.621196,0.494476
rock_05::time_stretch::+10pct,rock_05,rock,R,time_stretch,10.0,0.998492,0.919197,0.574654,0.467396
rock_05::time_stretch::+20pct,rock_05,rock,R,time_stretch,20.0,0.997626,0.890014,0.456671,0.515607
rock_05::lowpass::lp8000,rock_05,rock,T,lowpass,8000.0,0.999536,0.509874,0.984144,0.473651
rock_05::lowpass::lp4000,rock_05,rock,T,lowpass,4000.0,0.999417,0.438412,0.944909,0.413814
rock_05::lowpass::lp2000,rock_05,rock,T,lowpass,2000.0,0.999939,0.409549,0.923085,0.349475
rock_05::distortion::drv4,rock_05,rock,T,distortion,4.0,0.996810,0.704477,0.977950,0.393803
rock_05::distortion::drv12,rock_05,rock,T,distortion,12.0,0.993765,0.532240,0.937684,0.349076
rock_05::distortion::drv32,rock_05,rock,T,distortion,32.0,0.992450,0.470004,0.862427,0.317997
rock_05::style_swap::swap_cross,rock_05,rock,S,style_swap,nan,0.884864,0.394601,0.513749,0.281570
rock_05::style_swap::swap_same,rock_05,rock,S,style_swap,nan,0.920233,0.446908,0.474134,0.248383
rock_06::control::ctrl,rock_06,rock,control,control,0.0,1.000000,1.000000,1.000000,0.589709
rock_06::pitch_shift::-4st,rock_06,rock,H,pitch_shift,-4.0,0.938312,0.521602,0.982166,0.498542
rock_06::pitch_shift::-2st,rock_06,rock,H,pitch_shift,-2.0,0.928712,0.707180,0.990446,0.588866
rock_06::pitch_shift::-1st,rock_06,rock,H,pitch_shift,-1.0,0.948788,0.808646,0.993247,0.585800
rock_06::pitch_shift::+1st,rock_06,rock,H,pitch_shift,1.0,0.947815,0.830860,0.989846,0.621916
rock_06::pitch_shift::+2st,rock_06,rock,H,pitch_shift,2.0,0.930198,0.775429,0.984536,0.552596
rock_06::pitch_shift::+4st,rock_06,rock,H,pitch_shift,4.0,0.949713,0.677201,0.968770,0.524430
rock_06::time_stretch::-20pct,rock_06,rock,R,time_stretch,-20.0,0.998556,0.828778,0.494203,0.605312
rock_06::time_stretch::-10pct,rock_06,rock,R,time_stretch,-10.0,0.999516,0.847438,0.599484,0.597510
rock_06::time_stretch::-5pct,rock_06,rock,R,time_stretch,-5.0,0.998805,0.861825,0.679825,0.579428
rock_06::time_stretch::+5pct,rock_06,rock,R,time_stretch,5.0,0.999337,0.888681,0.679558,0.574646
rock_06::time_stretch::+10pct,rock_06,rock,R,time_stretch,10.0,0.998021,0.861595,0.589617,0.592461
rock_06::time_stretch::+20pct,rock_06,rock,R,time_stretch,20.0,0.999141,0.879633,0.512218,0.598659
rock_06::lowpass::lp8000,rock_06,rock,T,lowpass,8000.0,0.999997,0.424493,0.996572,0.590284
rock_06::lowpass::lp4000,rock_06,rock,T,lowpass,4000.0,0.999986,0.439439,0.992414,0.512312
rock_06::lowpass::lp2000,rock_06,rock,T,lowpass,2000.0,0.998553,0.415651,0.985587,0.454387
rock_06::distortion::drv4,rock_06,rock,T,distortion,4.0,0.999869,0.784772,0.992653,0.578579
rock_06::distortion::drv12,rock_06,rock,T,distortion,12.0,0.999664,0.533638,0.956995,0.556655
rock_06::distortion::drv32,rock_06,rock,T,distortion,32.0,0.999508,0.461691,0.891710,0.527181
rock_06::style_swap::swap_cross,rock_06,rock,S,style_swap,nan,0.887546,0.403980,0.553224,0.248892
rock_06::style_swap::swap_same,rock_06,rock,S,style_swap,nan,0.951376,0.484016,0.599484,0.413129
rock_07::control::ctrl,rock_07,rock,control,control,0.0,1.000000,1.000000,1.000000,0.462386
rock_07::pitch_shift::-4st,rock_07,rock,H,pitch_shift,-4.0,0.736135,0.631514,0.975232,0.317537
rock_07::pitch_shift::-2st,rock_07,rock,H,pitch_shift,-2.0,0.811422,0.756788,0.986607,0.387404
rock_07::pitch_shift::-1st,rock_07,rock,H,pitch_shift,-1.0,0.703716,0.857612,0.992319,0.431235
rock_07::pitch_shift::+1st,rock_07,rock,H,pitch_shift,1.0,0.707813,0.864073,0.989798,0.416049
rock_07::pitch_shift::+2st,rock_07,rock,H,pitch_shift,2.0,0.798501,0.760865,0.982558,0.381083
rock_07::pitch_shift::+4st,rock_07,rock,H,pitch_shift,4.0,0.725087,0.626975,0.968525,0.352797
rock_07::time_stretch::-20pct,rock_07,rock,R,time_stretch,-20.0,0.992111,0.731987,0.567383,0.559297
rock_07::time_stretch::-10pct,rock_07,rock,R,time_stretch,-10.0,0.997459,0.826436,0.648386,0.515120
rock_07::time_stretch::-5pct,rock_07,rock,R,time_stretch,-5.0,0.998771,0.883314,0.706105,0.515408
rock_07::time_stretch::+5pct,rock_07,rock,R,time_stretch,5.0,0.997481,0.905213,0.731078,0.461683
rock_07::time_stretch::+10pct,rock_07,rock,R,time_stretch,10.0,0.993954,0.893489,0.662971,0.530604
rock_07::time_stretch::+20pct,rock_07,rock,R,time_stretch,20.0,0.986489,0.843632,0.596081,0.461810
rock_07::lowpass::lp8000,rock_07,rock,T,lowpass,8000.0,0.999997,0.537304,0.993655,0.432169
rock_07::lowpass::lp4000,rock_07,rock,T,lowpass,4000.0,0.999994,0.506100,0.982593,0.352803
rock_07::lowpass::lp2000,rock_07,rock,T,lowpass,2000.0,0.999926,0.466434,0.972303,0.299987
rock_07::distortion::drv4,rock_07,rock,T,distortion,4.0,0.999883,0.787652,0.982693,0.394906
rock_07::distortion::drv12,rock_07,rock,T,distortion,12.0,0.996426,0.659981,0.949424,0.189898
rock_07::distortion::drv32,rock_07,rock,T,distortion,32.0,0.990829,0.567385,0.753447,0.128032
rock_07::style_swap::swap_cross,rock_07,rock,S,style_swap,nan,0.795693,0.476206,0.582683,0.152376
rock_07::style_swap::swap_same,rock_07,rock,S,style_swap,nan,0.851624,0.535156,0.731079,0.269621
rock_08::control::ctrl,rock_08,rock,control,control,0.0,1.000000,1.000000,1.000000,0.580749
rock_08::pitch_shift::-4st,rock_08,rock,H,pitch_shift,-4.0,0.958208,0.423980,0.961914,0.498544
rock_08::pitch_shift::-2st,rock_08,rock,H,pitch_shift,-2.0,0.962213,0.603060,0.970594,0.576632
rock_08::pitch_shift::-1st,rock_08,rock,H,pitch_shift,-1.0,0.956550,0.768973,0.976870,0.587227
rock_08::pitch_shift::+1st,rock_08,rock,H,pitch_shift,1.0,0.961180,0.796044,0.975379,0.500322
rock_08::pitch_shift::+2st,rock_08,rock,H,pitch_shift,2.0,0.959366,0.731476,0.969123,0.559904
rock_08::pitch_shift::+4st,rock_08,rock,H,pitch_shift,4.0,0.967831,0.613639,0.965023,0.412211
rock_08::time_stretch::-20pct,rock_08,rock,R,time_stretch,-20.0,0.997742,0.830256,0.703569,0.556953
rock_08::time_stretch::-10pct,rock_08,rock,R,time_stretch,-10.0,0.998407,0.837772,0.693829,0.565722
rock_08::time_stretch::-5pct,rock_08,rock,R,time_stretch,-5.0,0.999098,0.857372,0.775448,0.626135
rock_08::time_stretch::+5pct,rock_08,rock,R,time_stretch,5.0,0.999365,0.856802,0.769633,0.603543
rock_08::time_stretch::+10pct,rock_08,rock,R,time_stretch,10.0,0.997332,0.820339,0.682279,0.549995
rock_08::time_stretch::+20pct,rock_08,rock,R,time_stretch,20.0,0.995897,0.821867,0.642510,0.569231
rock_08::lowpass::lp8000,rock_08,rock,T,lowpass,8000.0,1.000000,0.398632,0.985534,0.580749
rock_08::lowpass::lp4000,rock_08,rock,T,lowpass,4000.0,0.999998,0.405805,0.966189,0.462413
rock_08::lowpass::lp2000,rock_08,rock,T,lowpass,2000.0,0.998148,0.387533,0.949041,0.400093
rock_08::distortion::drv4,rock_08,rock,T,distortion,4.0,0.999589,0.555806,0.985506,0.567126
rock_08::distortion::drv12,rock_08,rock,T,distortion,12.0,0.999499,0.418826,0.950344,0.519380
rock_08::distortion::drv32,rock_08,rock,T,distortion,32.0,0.999133,0.395945,0.915010,0.447718
rock_08::style_swap::swap_cross,rock_08,rock,S,style_swap,nan,0.766064,0.416942,0.711322,0.111960
rock_08::style_swap::swap_same,rock_08,rock,S,style_swap,nan,0.928717,0.484022,0.790246,0.315207
rock_09::control::ctrl,rock_09,rock,control,control,0.0,1.000000,1.000000,1.000000,0.579327
rock_09::pitch_shift::-4st,rock_09,rock,H,pitch_shift,-4.0,0.971174,0.535402,0.991116,0.440792
rock_09::pitch_shift::-2st,rock_09,rock,H,pitch_shift,-2.0,0.983290,0.686871,0.995271,0.527207
rock_09::pitch_shift::-1st,rock_09,rock,H,pitch_shift,-1.0,0.982045,0.809907,0.996457,0.497539
rock_09::pitch_shift::+1st,rock_09,rock,H,pitch_shift,1.0,0.976068,0.834724,0.995855,0.461104
rock_09::pitch_shift::+2st,rock_09,rock,H,pitch_shift,2.0,0.983458,0.745400,0.994307,0.403800
rock_09::pitch_shift::+4st,rock_09,rock,H,pitch_shift,4.0,0.974578,0.637123,0.989988,0.370681
rock_09::time_stretch::-20pct,rock_09,rock,R,time_stretch,-20.0,0.997496,0.856342,0.875536,0.484460
rock_09::time_stretch::-10pct,rock_09,rock,R,time_stretch,-10.0,0.998144,0.869499,0.885961,0.607096
rock_09::time_stretch::-5pct,rock_09,rock,R,time_stretch,-5.0,0.999465,0.896985,0.901117,0.582401
rock_09::time_stretch::+5pct,rock_09,rock,R,time_stretch,5.0,0.999616,0.882384,0.909823,0.484454
rock_09::time_stretch::+10pct,rock_09,rock,R,time_stretch,10.0,0.999304,0.856621,0.890696,0.526904
rock_09::time_stretch::+20pct,rock_09,rock,R,time_stretch,20.0,0.998263,0.849891,0.883282,0.569371
rock_09::lowpass::lp8000,rock_09,rock,T,lowpass,8000.0,0.999475,0.439360,0.997746,0.584987
rock_09::lowpass::lp4000,rock_09,rock,T,lowpass,4000.0,0.999667,0.424055,0.991899,0.354469
rock_09::lowpass::lp2000,rock_09,rock,T,lowpass,2000.0,0.999496,0.422581,0.984203,0.303934
rock_09::distortion::drv4,rock_09,rock,T,distortion,4.0,0.999784,0.910737,0.996652,0.540494
rock_09::distortion::drv12,rock_09,rock,T,distortion,12.0,0.998742,0.662600,0.987667,0.327788
rock_09::distortion::drv32,rock_09,rock,T,distortion,32.0,0.998787,0.503514,0.959489,0.231081
rock_09::style_swap::swap_cross,rock_09,rock,S,style_swap,nan,0.891277,0.421292,0.901117,0.270380
rock_09::style_swap::swap_same,rock_09,rock,S,style_swap,nan,0.956709,0.488897,0.912412,0.328636
rock_10::control::ctrl,rock_10,rock,control,control,0.0,1.000000,1.000000,1.000000,0.560748
rock_10::pitch_shift::-4st,rock_10,rock,H,pitch_shift,-4.0,0.824229,0.601825,0.958073,0.494747
rock_10::pitch_shift::-2st,rock_10,rock,H,pitch_shift,-2.0,0.875153,0.745307,0.991242,0.538453
rock_10::pitch_shift::-1st,rock_10,rock,H,pitch_shift,-1.0,0.941580,0.845900,0.834376,0.595825
rock_10::pitch_shift::+1st,rock_10,rock,H,pitch_shift,1.0,0.944165,0.881190,0.967302,0.634533
rock_10::pitch_shift::+2st,rock_10,rock,H,pitch_shift,2.0,0.861912,0.789500,0.965171,0.543968
rock_10::pitch_shift::+4st,rock_10,rock,H,pitch_shift,4.0,0.807954,0.650539,0.958854,0.509195
rock_10::time_stretch::-20pct,rock_10,rock,R,time_stretch,-20.0,0.996816,0.845708,0.733780,0.482972
rock_10::time_stretch::-10pct,rock_10,rock,R,time_stretch,-10.0,0.994926,0.877325,0.705913,0.513934
rock_10::time_stretch::-5pct,rock_10,rock,R,time_stretch,-5.0,0.998329,0.912146,0.852397,0.576287
rock_10::time_stretch::+5pct,rock_10,rock,R,time_stretch,5.0,0.997699,0.921524,0.726414,0.576101
rock_10::time_stretch::+10pct,rock_10,rock,R,time_stretch,10.0,0.996991,0.888992,0.743563,0.497402
rock_10::time_stretch::+20pct,rock_10,rock,R,time_stretch,20.0,0.997977,0.880497,0.780767,0.618993
rock_10::lowpass::lp8000,rock_10,rock,T,lowpass,8000.0,1.000000,0.493460,0.836706,0.557119
rock_10::lowpass::lp4000,rock_10,rock,T,lowpass,4000.0,0.999973,0.435017,0.829037,0.514039
rock_10::lowpass::lp2000,rock_10,rock,T,lowpass,2000.0,0.999896,0.429675,0.820860,0.495097
rock_10::distortion::drv4,rock_10,rock,T,distortion,4.0,0.999914,0.843264,0.969730,0.557413
rock_10::distortion::drv12,rock_10,rock,T,distortion,12.0,0.998999,0.623723,0.931258,0.521986
rock_10::distortion::drv32,rock_10,rock,T,distortion,32.0,0.997845,0.526536,0.887411,0.430982
rock_10::style_swap::swap_cross,rock_10,rock,S,style_swap,nan,0.883339,0.513896,0.712531,0.326690
rock_10::style_swap::swap_same,rock_10,rock,S,style_swap,nan,0.915243,0.479050,0.813656,0.264877
rock_11::control::ctrl,rock_11,rock,control,control,0.0,1.000000,0.999225,0.999997,0.482845
rock_11::pitch_shift::-4st,rock_11,rock,H,pitch_shift,-4.0,0.954188,0.482477,0.939152,0.487074
rock_11::pitch_shift::-2st,rock_11,rock,H,pitch_shift,-2.0,0.957205,0.612519,0.942532,0.458163
rock_11::pitch_shift::-1st,rock_11,rock,H,pitch_shift,-1.0,0.979961,0.770365,0.994332,0.477107
rock_11::pitch_shift::+1st,rock_11,rock,H,pitch_shift,1.0,0.969634,0.849170,0.941520,0.482824
rock_11::pitch_shift::+2st,rock_11,rock,H,pitch_shift,2.0,0.954220,0.780586,0.936992,0.484972
rock_11::pitch_shift::+4st,rock_11,rock,H,pitch_shift,4.0,0.956324,0.686298,0.928319,0.446247
rock_11::time_stretch::-20pct,rock_11,rock,R,time_stretch,-20.0,0.995503,0.868183,0.737219,0.511736
rock_11::time_stretch::-10pct,rock_11,rock,R,time_stretch,-10.0,0.998353,0.863508,0.584535,0.524073
rock_11::time_stretch::-5pct,rock_11,rock,R,time_stretch,-5.0,0.997385,0.884576,0.657781,0.524077
rock_11::time_stretch::+5pct,rock_11,rock,R,time_stretch,5.0,0.998281,0.900123,0.688404,0.526152
rock_11::time_stretch::+10pct,rock_11,rock,R,time_stretch,10.0,0.998436,0.888708,0.652460,0.497418
rock_11::time_stretch::+20pct,rock_11,rock,R,time_stretch,20.0,0.998410,0.886365,0.548148,0.527987
rock_11::lowpass::lp8000,rock_11,rock,T,lowpass,8000.0,1.000000,0.413096,0.941118,0.500367
rock_11::lowpass::lp4000,rock_11,rock,T,lowpass,4000.0,0.999480,0.396448,0.973901,0.376824
rock_11::lowpass::lp2000,rock_11,rock,T,lowpass,2000.0,0.999272,0.379263,0.956173,0.293867
rock_11::distortion::drv4,rock_11,rock,T,distortion,4.0,0.997132,0.798399,0.987904,0.394007
rock_11::distortion::drv12,rock_11,rock,T,distortion,12.0,0.997661,0.613842,0.972928,0.290309
rock_11::distortion::drv32,rock_11,rock,T,distortion,32.0,0.994355,0.502742,0.898798,0.252023
rock_11::style_swap::swap_cross,rock_11,rock,S,style_swap,nan,0.950473,0.381667,0.568048,0.180759
rock_11::style_swap::swap_same,rock_11,rock,S,style_swap,nan,0.879670,0.479887,0.606102,0.378329
rock_12::control::ctrl,rock_12,rock,control,control,0.0,1.000000,1.000000,1.000000,0.551254
rock_12::pitch_shift::-4st,rock_12,rock,H,pitch_shift,-4.0,0.957328,0.541066,0.976131,0.427225
rock_12::pitch_shift::-2st,rock_12,rock,H,pitch_shift,-2.0,0.977403,0.722596,0.984444,0.484062
rock_12::pitch_shift::-1st,rock_12,rock,H,pitch_shift,-1.0,0.953098,0.842051,0.987228,0.429239
rock_12::pitch_shift::+1st,rock_12,rock,H,pitch_shift,1.0,0.950999,0.839759,0.984611,0.445290
rock_12::pitch_shift::+2st,rock_12,rock,H,pitch_shift,2.0,0.980774,0.740371,0.982254,0.517118
rock_12::pitch_shift::+4st,rock_12,rock,H,pitch_shift,4.0,0.958224,0.636210,0.972489,0.400852
rock_12::time_stretch::-20pct,rock_12,rock,R,time_stretch,-20.0,0.998532,0.852881,0.573730,0.449234
rock_12::time_stretch::-10pct,rock_12,rock,R,time_stretch,-10.0,0.999270,0.869092,0.653731,0.529803
rock_12::time_stretch::-5pct,rock_12,rock,R,time_stretch,-5.0,0.999423,0.915979,0.715361,0.538764
rock_12::time_stretch::+5pct,rock_12,rock,R,time_stretch,5.0,0.999497,0.912540,0.714746,0.553941
rock_12::time_stretch::+10pct,rock_12,rock,R,time_stretch,10.0,0.997587,0.899508,0.643004,0.470794
rock_12::time_stretch::+20pct,rock_12,rock,R,time_stretch,20.0,0.998059,0.895930,0.578576,0.490835
rock_12::lowpass::lp8000,rock_12,rock,T,lowpass,8000.0,0.999996,0.447894,0.989066,0.561637
rock_12::lowpass::lp4000,rock_12,rock,T,lowpass,4000.0,0.999993,0.453522,0.969855,0.493754
rock_12::lowpass::lp2000,rock_12,rock,T,lowpass,2000.0,0.999950,0.422382,0.957701,0.387014
rock_12::distortion::drv4,rock_12,rock,T,distortion,4.0,0.999550,0.687982,0.967129,0.551433
rock_12::distortion::drv12,rock_12,rock,T,distortion,12.0,0.999561,0.527825,0.926237,0.432382
rock_12::distortion::drv32,rock_12,rock,T,distortion,32.0,0.998772,0.467803,0.881015,0.363872
rock_12::style_swap::swap_cross,rock_12,rock,S,style_swap,nan,0.890166,0.465891,0.557822,0.237199
rock_12::style_swap::swap_same,rock_12,rock,S,style_swap,nan,0.940486,0.523234,0.564462,0.276356
rock_13::control::ctrl,rock_13,rock,control,control,0.0,1.000000,1.000000,1.000000,0.553533
rock_13::pitch_shift::-4st,rock_13,rock,H,pitch_shift,-4.0,0.720217,0.542256,0.988576,0.420069
rock_13::pitch_shift::-2st,rock_13,rock,H,pitch_shift,-2.0,0.788476,0.729178,0.993169,0.386279
rock_13::pitch_shift::-1st,rock_13,rock,H,pitch_shift,-1.0,0.769879,0.866179,0.995158,0.383705
rock_13::pitch_shift::+1st,rock_13,rock,H,pitch_shift,1.0,0.773455,0.868074,0.972732,0.427261
rock_13::pitch_shift::+2st,rock_13,rock,H,pitch_shift,2.0,0.797231,0.800740,0.970979,0.377115
rock_13::pitch_shift::+4st,rock_13,rock,H,pitch_shift,4.0,0.742585,0.682369,0.988211,0.391948
rock_13::time_stretch::-20pct,rock_13,rock,R,time_stretch,-20.0,0.994929,0.879280,0.814343,0.515764
rock_13::time_stretch::-10pct,rock_13,rock,R,time_stretch,-10.0,0.994983,0.917741,0.843438,0.605842
rock_13::time_stretch::-5pct,rock_13,rock,R,time_stretch,-5.0,0.997465,0.926467,0.888232,0.612496
rock_13::time_stretch::+5pct,rock_13,rock,R,time_stretch,5.0,0.997721,0.935733,0.867904,0.591659
rock_13::time_stretch::+10pct,rock_13,rock,R,time_stretch,10.0,0.997664,0.925012,0.837898,0.568497
rock_13::time_stretch::+20pct,rock_13,rock,R,time_stretch,20.0,0.997365,0.892562,0.810114,0.553302
rock_13::lowpass::lp8000,rock_13,rock,T,lowpass,8000.0,1.000000,0.421876,0.972141,0.575719
rock_13::lowpass::lp4000,rock_13,rock,T,lowpass,4000.0,0.999999,0.437112,0.963332,0.441423
rock_13::lowpass::lp2000,rock_13,rock,T,lowpass,2000.0,0.999980,0.419893,0.956224,0.406578
rock_13::distortion::drv4,rock_13,rock,T,distortion,4.0,0.999880,0.798468,0.997065,0.531010
rock_13::distortion::drv12,rock_13,rock,T,distortion,12.0,0.998655,0.571120,0.987258,0.406187
rock_13::distortion::drv32,rock_13,rock,T,distortion,32.0,0.996824,0.470678,0.943338,0.315437
rock_13::style_swap::swap_cross,rock_13,rock,S,style_swap,nan,0.752659,0.431010,0.830133,0.266718
rock_13::style_swap::swap_same,rock_13,rock,S,style_swap,nan,0.917936,0.477961,0.841512,0.295652
rock_14::control::ctrl,rock_14,rock,control,control,0.0,0.999329,0.997552,0.999911,0.541290
rock_14::pitch_shift::-4st,rock_14,rock,H,pitch_shift,-4.0,0.946360,0.395950,0.965721,0.369189
rock_14::pitch_shift::-2st,rock_14,rock,H,pitch_shift,-2.0,0.976535,0.546714,0.972948,0.449715
rock_14::pitch_shift::-1st,rock_14,rock,H,pitch_shift,-1.0,0.961530,0.706464,0.975072,0.428680
rock_14::pitch_shift::+1st,rock_14,rock,H,pitch_shift,1.0,0.954275,0.803245,0.979066,0.464128
rock_14::pitch_shift::+2st,rock_14,rock,H,pitch_shift,2.0,0.972991,0.720617,0.975642,0.448585
rock_14::pitch_shift::+4st,rock_14,rock,H,pitch_shift,4.0,0.952104,0.600730,0.971231,0.352353
rock_14::time_stretch::-20pct,rock_14,rock,R,time_stretch,-20.0,0.996885,0.809246,0.704601,0.527579
rock_14::time_stretch::-10pct,rock_14,rock,R,time_stretch,-10.0,0.999283,0.818225,0.760655,0.534805
rock_14::time_stretch::-5pct,rock_14,rock,R,time_stretch,-5.0,0.998643,0.843001,0.784272,0.529006
rock_14::time_stretch::+5pct,rock_14,rock,R,time_stretch,5.0,0.999110,0.831378,0.805204,0.506989
rock_14::time_stretch::+10pct,rock_14,rock,R,time_stretch,10.0,0.999237,0.817822,0.760823,0.535322
rock_14::time_stretch::+20pct,rock_14,rock,R,time_stretch,20.0,0.997080,0.805119,0.768814,0.549993
rock_14::lowpass::lp8000,rock_14,rock,T,lowpass,8000.0,1.000000,0.364058,0.989706,0.549092
rock_14::lowpass::lp4000,rock_14,rock,T,lowpass,4000.0,0.998873,0.365912,0.976584,0.448919
rock_14::lowpass::lp2000,rock_14,rock,T,lowpass,2000.0,0.998139,0.347400,0.905452,0.334615
rock_14::distortion::drv4,rock_14,rock,T,distortion,4.0,0.999057,0.399021,0.966573,0.506352
rock_14::distortion::drv12,rock_14,rock,T,distortion,12.0,0.999098,0.362068,0.927672,0.450977
rock_14::distortion::drv32,rock_14,rock,T,distortion,32.0,0.999030,0.354624,0.909399,0.383466
rock_14::style_swap::swap_cross,rock_14,rock,S,style_swap,nan,0.969653,0.359990,0.816761,0.201609
rock_14::style_swap::swap_same,rock_14,rock,S,style_swap,nan,0.978102,0.390265,0.846669,0.243358
rock_15::control::ctrl,rock_15,rock,control,control,0.0,1.000000,1.000000,1.000000,0.469938
rock_15::pitch_shift::-4st,rock_15,rock,H,pitch_shift,-4.0,0.924844,0.538525,0.989434,0.412544
rock_15::pitch_shift::-2st,rock_15,rock,H,pitch_shift,-2.0,0.951015,0.686319,0.992139,0.484668
rock_15::pitch_shift::-1st,rock_15,rock,H,pitch_shift,-1.0,0.954785,0.810687,0.994562,0.417619
rock_15::pitch_shift::+1st,rock_15,rock,H,pitch_shift,1.0,0.950218,0.848100,0.989389,0.424269
rock_15::pitch_shift::+2st,rock_15,rock,H,pitch_shift,2.0,0.951027,0.730703,0.983811,0.405688
rock_15::pitch_shift::+4st,rock_15,rock,H,pitch_shift,4.0,0.926988,0.583774,0.971832,0.399924
rock_15::time_stretch::-20pct,rock_15,rock,R,time_stretch,-20.0,0.995116,0.888481,0.768667,0.424626
rock_15::time_stretch::-10pct,rock_15,rock,R,time_stretch,-10.0,0.996538,0.912488,0.759850,0.477744
rock_15::time_stretch::-5pct,rock_15,rock,R,time_stretch,-5.0,0.996393,0.932759,0.813789,0.462198
rock_15::time_stretch::+5pct,rock_15,rock,R,time_stretch,5.0,0.997159,0.925194,0.732458,0.477226
rock_15::time_stretch::+10pct,rock_15,rock,R,time_stretch,10.0,0.995071,0.901142,0.762200,0.456393
rock_15::time_stretch::+20pct,rock_15,rock,R,time_stretch,20.0,0.993986,0.879421,0.838611,0.462377
rock_15::lowpass::lp8000,rock_15,rock,T,lowpass,8000.0,1.000000,0.541276,0.998599,0.462199
rock_15::lowpass::lp4000,rock_15,rock,T,lowpass,4000.0,0.999999,0.452586,0.994498,0.476374
rock_15::lowpass::lp2000,rock_15,rock,T,lowpass,2000.0,0.999971,0.392923,0.958542,0.453605
rock_15::distortion::drv4,rock_15,rock,T,distortion,4.0,0.999861,0.853633,0.996121,0.447620
rock_15::distortion::drv12,rock_15,rock,T,distortion,12.0,0.998976,0.607725,0.982636,0.397473
rock_15::distortion::drv32,rock_15,rock,T,distortion,32.0,0.997351,0.502678,0.965817,0.284319
rock_15::style_swap::swap_cross,rock_15,rock,S,style_swap,nan,0.928120,0.432940,0.690423,0.192289
rock_15::style_swap::swap_same,rock_15,rock,S,style_swap,nan,0.863999,0.491131,0.763358,0.207761
