pair_id,source_id,genre,dim_target,perturbation,magnitude,score_H,score_T,score_R,score_S,score_scs,score_clap_htsat,score_cbase
classical_01::control::ctrl,classical_01,classical,control,control,0.0,1.000000,1.000000,1.000000,0.829116,1.000000,1.000000,1.000000
classical_01::pitch_shift::-4st,classical_01,classical,H,pitch_shift,-4.0,0.864113,0.612303,0.992673,0.825897,0.949832,0.974351,0.962013
classical_01::pitch_shift::-2st,classical_01,classical,H,pitch_shift,-2.0,0.824667,0.734894,0.995101,0.820352,0.969484,0.984112,0.976771
classical_01::pitch_shift::-1st,classical_01,classical,H,pitch_shift,-1.0,0.787760,0.849246,0.996772,0.778667,0.966062,0.988727,0.977329
classical_01::pitch_shift::+1st,classical_01,classical,H,pitch_shift,1.0,0.788619,0.819998,0.996755,0.827911,0.969586,0.992108,0.980783
classical_01::pitch_shift::+2st,classical_01,classical,H,pitch_shift,2.0,0.842670,0.727144,0.983819,0.814273,0.962299,0.978586,0.970408
classical_01::pitch_shift::+4st,classical_01,classical,H,pitch_shift,4.0,0.860251,0.637512,0.980056,0.796530,0.944871,0.967374,0.956056
classical_01::time_stretch::-20pct,classical_01,classical,R,time_stretch,-20.0,0.996247,0.861653,0.914808,0.897815,0.654362,0.974647,0.798606
classical_01::time_stretch::-10pct,classical_01,classical,R,time_stretch,-10.0,0.997108,0.898333,0.899642,0.862071,0.714893,0.983357,0.838448
classical_01::time_stretch::-5pct,classical_01,classical,R,time_stretch,-5.0,0.998156,0.932403,0.907294,0.877346,0.788738,0.985475,0.881636
classical_01::time_stretch::+5pct,classical_01,classical,R,time_stretch,5.0,0.997116,0.908869,0.932434,0.869116,0.765241,0.991535,0.871070
classical_01::time_stretch::+10pct,classical_01,classical,R,time_stretch,10.0,0.995629,0.883222,0.913560,0.862229,0.705810,0.971304,0.827983
classical_01::time_stretch::+20pct,classical_01,classical,R,time_stretch,20.0,0.993441,0.848716,0.887090,0.882407,0.631808,0.980416,0.787042
classical_01::lowpass::lp8000,classical_01,classical,T,lowpass,8000.0,1.000000,0.818931,0.998947,0.834595,0.998189,0.946120,0.971806
classical_01::lowpass::lp4000,classical_01,classical,T,lowpass,4000.0,0.999999,0.583820,0.984677,0.823127,0.971069,0.847771,0.907328
classical_01::lowpass::lp2000,classical_01,classical,T,lowpass,2000.0,0.999966,0.484488,0.982548,0.782339,0.985297,0.786829,0.880488
classical_01::distortion::drv4,classical_01,classical,T,distortion,4.0,0.999999,0.939767,0.999491,0.824140,0.985799,0.999737,0.992744
classical_01::distortion::drv12,classical_01,classical,T,distortion,12.0,0.999808,0.741768,0.993548,0.787758,0.974862,0.982995,0.978920
classical_01::distortion::drv32,classical_01,classical,T,distortion,32.0,0.997670,0.597949,0.984828,0.745197,0.940705,0.870850,0.905104
classical_01::style_swap::swap_cross,classical_01,classical,S,style_swap,nan,0.756144,0.384217,0.934590,0.646745,0.577401,0.628085,0.602210
classical_01::style_swap::swap_same,classical_01,classical,S,style_swap,nan,0.845911,0.516402,0.904931,0.711641,0.586040,0.828579,0.696836
classical_02::control::ctrl,classical_02,classical,control,control,0.0,1.000000,1.000000,1.000000,0.799097,1.000000,1.000000,1.000000
classical_02::pitch_shift::-4st,classical_02,classical,H,pitch_shift,-4.0,0.876858,0.519232,0.992366,0.758212,0.936240,0.986148,0.960870
classical_02::pitch_shift::-2st,classical_02,classical,H,pitch_shift,-2.0,0.854270,0.672519,0.994177,0.723161,0.957957,0.982707,0.970253
classical_02::pitch_shift::-1st,classical_02,classical,H,pitch_shift,-1.0,0.860895,0.783541,0.994913,0.746091,0.973694,0.989819,0.981724
classical_02::pitch_shift::+1st,classical_02,classical,H,pitch_shift,1.0,0.855980,0.795642,0.993839,0.748212,0.963627,0.992873,0.978140
classical_02::pitch_shift::+2st,classical_02,classical,H,pitch_shift,2.0,0.855895,0.689406,0.992812,0.760362,0.940314,0.988551,0.964131
classical_02::pitch_shift::+4st,classical_02,classical,H,pitch_shift,4.0,0.861920,0.579241,0.990348,0.721167,0.936505,0.979849,0.957932
classical_02::time_stretch::-20pct,classical_02,classical,R,time_stretch,-20.0,0.998915,0.795302,0.907132,0.805066,0.645461,0.984950,0.797337
classical_02::time_stretch::-10pct,classical_02,classical,R,time_stretch,-10.0,0.998979,0.792034,0.916513,0.799097,0.642271,0.992033,0.798219
classical_02::time_stretch::-5pct,classical_02,classical,R,time_stretch,-5.0,0.992919,0.828905,0.921832,0.787189,0.697418,0.990339,0.831072
classical_02::time_stretch::+5pct,classical_02,classical,R,time_stretch,5.0,0.999822,0.898014,0.923681,0.784801,0.738579,0.990613,0.855363
classical_02::time_stretch::+10pct,classical_02,classical,R,time_stretch,10.0,0.999419,0.886192,0.907166,0.755532,0.649205,0.983023,0.798864
classical_02::time_stretch::+20pct,classical_02,classical,R,time_stretch,20.0,0.994589,0.865308,0.917850,0.767822,0.637613,0.986044,0.792916
classical_02::lowpass::lp8000,classical_02,classical,T,lowpass,8000.0,1.000000,0.540419,0.998866,0.789621,0.985454,0.948610,0.966857
classical_02::lowpass::lp4000,classical_02,classical,T,lowpass,4000.0,0.996767,0.498750,0.996442,0.772079,0.985405,0.934523,0.959627
classical_02::lowpass::lp2000,classical_02,classical,T,lowpass,2000.0,0.999545,0.435651,0.992241,0.763336,0.982805,0.847874,0.912850
classical_02::distortion::drv4,classical_02,classical,T,distortion,4.0,1.000000,0.971852,0.999929,0.787935,0.999950,0.999892,0.999921
classical_02::distortion::drv12,classical_02,classical,T,distortion,12.0,0.999950,0.833633,0.998966,0.784493,0.996862,0.999045,0.997953
classical_02::distortion::drv32,classical_02,classical,T,distortion,32.0,0.992631,0.649915,0.994843,0.740942,0.973656,0.981712,0.977676
classical_02::style_swap::swap_cross,classical_02,classical,S,style_swap,nan,0.867470,0.357396,0.917488,0.496780,0.631919,0.725238,0.676973
classical_02::style_swap::swap_same,classical_02,classical,S,style_swap,nan,0.942536,0.471134,0.900222,0.693582,0.591006,0.775164,0.676851
classical_03::control::ctrl,classical_03,classical,control,control,0.0,1.000000,0.999997,1.000000,0.839157,1.000000,1.000000,1.000000
classical_03::pitch_shift::-4st,classical_03,classical,H,pitch_shift,-4.0,0.750486,0.581610,0.880385,0.793982,0.962773,0.958572,0.960670
classical_03::pitch_shift::-2st,classical_03,classical,H,pitch_shift,-2.0,0.784584,0.716112,0.874670,0.809610,0.971294,0.959425,0.965342
classical_03::pitch_shift::-1st,classical_03,classical,H,pitch_shift,-1.0,0.684936,0.823785,0.989732,0.797457,0.987128,0.961109,0.974031
classical_03::pitch_shift::+1st,classical_03,classical,H,pitch_shift,1.0,0.685355,0.815827,0.989258,0.832920,0.986195,0.976626,0.981399
classical_03::pitch_shift::+2st,classical_03,classical,H,pitch_shift,2.0,0.779941,0.714954,0.881136,0.801912,0.972331,0.967568,0.969947
classical_03::pitch_shift::+4st,classical_03,classical,H,pitch_shift,4.0,0.757959,0.595320,0.863607,0.780281,0.951699,0.965353,0.958502
classical_03::time_stretch::-20pct,classical_03,classical,R,time_stretch,-20.0,0.988867,0.715848,0.829220,0.826457,0.704364,0.977184,0.829634
classical_03::time_stretch::-10pct,classical_03,classical,R,time_stretch,-10.0,0.994111,0.825710,0.831412,0.821946,0.793352,0.978960,0.881283
classical_03::time_stretch::-5pct,classical_03,classical,R,time_stretch,-5.0,0.998174,0.900534,0.793413,0.829734,0.870910,0.986677,0.926988
classical_03::time_stretch::+5pct,classical_03,classical,R,time_stretch,5.0,0.997193,0.892898,0.775429,0.823327,0.869928,0.980086,0.923366
classical_03::time_stretch::+10pct,classical_03,classical,R,time_stretch,10.0,0.992930,0.888176,0.812694,0.828741,0.815210,0.973403,0.890802
classical_03::time_stretch::+20pct,classical_03,classical,R,time_stretch,20.0,0.983839,0.850548,0.766852,0.802008,0.748585,0.942475,0.839954
classical_03::lowpass::lp8000,classical_03,classical,T,lowpass,8000.0,1.000000,0.987020,0.999866,0.844438,0.999948,0.987889,0.993900
classical_03::lowpass::lp4000,classical_03,classical,T,lowpass,4000.0,1.000000,0.981225,0.999840,0.853351,0.999883,0.942816,0.970930
classical_03::lowpass::lp2000,classical_03,classical,T,lowpass,2000.0,1.000000,0.956241,0.999435,0.858405,0.999816,0.944188,0.971604
classical_03::distortion::drv4,classical_03,classical,T,distortion,4.0,1.000000,0.963296,0.998157,0.831880,0.999737,0.997629,0.998683
classical_03::distortion::drv12,classical_03,classical,T,distortion,12.0,0.999997,0.820762,0.992396,0.807928,0.992559,0.981464,0.986996
classical_03::distortion::drv32,classical_03,classical,T,distortion,32.0,0.999737,0.639981,0.892109,0.721117,0.966795,0.935761,0.951152
classical_03::style_swap::swap_cross,classical_03,classical,S,style_swap,nan,0.876702,0.363711,0.767462,0.589374,0.551276,0.673311,0.609245
classical_03::style_swap::swap_same,classical_03,classical,S,style_swap,nan,0.791802,0.405002,0.900865,0.664596,0.690430,0.730096,0.709986
classical_04::control::ctrl,classical_04,classical,control,control,0.0,1.000000,1.000000,1.000000,0.770551,1.000000,1.000000,1.000000
classical_04::pitch_shift::-4st,classical_04,classical,H,pitch_shift,-4.0,0.902721,0.521585,0.984788,0.643491,0.937700,0.979738,0.958489
classical_04::pitch_shift::-2st,classical_04,classical,H,pitch_shift,-2.0,0.902272,0.678855,0.987639,0.719199,0.960813,0.970022,0.965407
classical_04::pitch_shift::-1st,classical_04,classical,H,pitch_shift,-1.0,0.881021,0.787717,0.988960,0.776390,0.970582,0.978080,0.974324
classical_04::pitch_shift::+1st,classical_04,classical,H,pitch_shift,1.0,0.878067,0.802675,0.986214,0.744842,0.966653,0.979055,0.972834
classical_04::pitch_shift::+2st,classical_04,classical,H,pitch_shift,2.0,0.905087,0.681803,0.982374,0.791483,0.960383,0.985518,0.972869
classical_04::pitch_shift::+4st,classical_04,classical,H,pitch_shift,4.0,0.908763,0.550489,0.974613,0.721649,0.931822,0.971717,0.951561
classical_04::time_stretch::-20pct,classical_04,classical,R,time_stretch,-20.0,0.998906,0.885519,0.682633,0.767258,0.703808,0.988123,0.833936
classical_04::time_stretch::-10pct,classical_04,classical,R,time_stretch,-10.0,0.999131,0.906359,0.744330,0.772562,0.764506,0.990030,0.869991
classical_04::time_stretch::-5pct,classical_04,classical,R,time_stretch,-5.0,0.999511,0.907233,0.799437,0.776949,0.821200,0.993814,0.903393
classical_04::time_stretch::+5pct,classical_04,classical,R,time_stretch,5.0,0.999458,0.886120,0.663581,0.784653,0.833519,0.988729,0.907813
classical_04::time_stretch::+10pct,classical_04,classical,R,time_stretch,10.0,0.998985,0.880722,0.671884,0.792519,0.791421,0.991159,0.885677
classical_04::time_stretch::+20pct,classical_04,classical,R,time_stretch,20.0,0.998412,0.871281,0.675436,0.753843,0.681123,0.990872,0.821526
classical_04::lowpass::lp8000,classical_04,classical,T,lowpass,8000.0,0.999962,0.494824,0.956801,0.780580,0.998054,0.978933,0.988447
classical_04::lowpass::lp4000,classical_04,classical,T,lowpass,4000.0,0.999988,0.451422,0.946613,0.694652,0.988282,0.915383,0.951134
classical_04::lowpass::lp2000,classical_04,classical,T,lowpass,2000.0,0.999784,0.424381,0.776986,0.695091,0.977938,0.857739,0.915869
classical_04::distortion::drv4,classical_04,classical,T,distortion,4.0,0.998683,0.915623,0.998689,0.760515,0.991497,0.999301,0.995391
classical_04::distortion::drv12,classical_04,classical,T,distortion,12.0,0.999733,0.727059,0.990520,0.740661,0.967685,0.977625,0.972643
classical_04::distortion::drv32,classical_04,classical,T,distortion,32.0,0.997847,0.596923,0.933518,0.657715,0.930909,0.877611,0.903867
classical_04::style_swap::swap_cross,classical_04,classical,S,style_swap,nan,0.718854,0.437217,0.680685,0.598123,0.646583,0.874883,0.752120
classical_04::style_swap::swap_same,classical_04,classical,S,style_swap,nan,0.865958,0.423247,0.690669,0.636853,0.563749,0.899617,0.712150
classical_05::control::ctrl,classical_05,classical,control,control,0.0,1.000000,1.000000,1.000000,0.863103,1.000000,1.000000,1.000000
classical_05::pitch_shift::-4st,classical_05,classical,H,pitch_shift,-4.0,0.826430,0.543608,0.986932,0.696754,0.917373,0.968831,0.942751
classical_05::pitch_shift::-2st,classical_05,classical,H,pitch_shift,-2.0,0.931116,0.681547,0.991416,0.812404,0.938479,0.983984,0.960962
classical_05::pitch_shift::-1st,classical_05,classical,H,pitch_shift,-1.0,0.780394,0.785340,0.993429,0.655161,0.965882,0.984971,0.975380
classical_05::pitch_shift::+1st,classical_05,classical,H,pitch_shift,1.0,0.780385,0.799396,0.991523,0.781985,0.959030,0.984758,0.971809
classical_05::pitch_shift::+2st,classical_05,classical,H,pitch_shift,2.0,0.917132,0.678307,0.986772,0.756069,0.939459,0.981013,0.960011
classical_05::pitch_shift::+4st,classical_05,classical,H,pitch_shift,4.0,0.815830,0.558801,0.972734,0.606838,0.912067,0.978004,0.944460
classical_05::time_stretch::-20pct,classical_05,classical,R,time_stretch,-20.0,0.994855,0.836550,0.518477,0.848184,0.535189,0.987101,0.726833
classical_05::time_stretch::-10pct,classical_05,classical,R,time_stretch,-10.0,0.997507,0.893827,0.612752,0.847492,0.550856,0.992612,0.739450
classical_05::time_stretch::-5pct,classical_05,classical,R,time_stretch,-5.0,0.998375,0.920109,0.697140,0.861150,0.573900,0.992267,0.754627
classical_05::time_stretch::+5pct,classical_05,classical,R,time_stretch,5.0,0.997909,0.917585,0.699425,0.870052,0.597480,0.995582,0.771259
classical_05::time_stretch::+10pct,classical_05,classical,R,time_stretch,10.0,0.997040,0.901905,0.634037,0.846979,0.593254,0.988424,0.765758
classical_05::time_stretch::+20pct,classical_05,classical,R,time_stretch,20.0,0.995403,0.882352,0.540177,0.863696,0.554502,0.970940,0.733750
classical_05::lowpass::lp8000,classical_05,classical,T,lowpass,8000.0,0.999994,0.555207,0.997365,0.864897,0.992119,0.977719,0.984893
classical_05::lowpass::lp4000,classical_05,classical,T,lowpass,4000.0,0.999994,0.424309,0.988053,0.801758,0.976190,0.958748,0.967430
classical_05::lowpass::lp2000,classical_05,classical,T,lowpass,2000.0,0.999981,0.420024,0.975184,0.811394,0.961162,0.942093,0.951579
classical_05::distortion::drv4,classical_05,classical,T,distortion,4.0,0.999044,0.611597,0.988815,0.759743,0.941457,0.961793,0.951570
classical_05::distortion::drv12,classical_05,classical,T,distortion,12.0,0.995044,0.453771,0.963500,0.639261,0.861011,0.920626,0.890319
classical_05::distortion::drv32,classical_05,classical,T,distortion,32.0,0.992742,0.462087,0.937098,0.596926,0.837368,0.880802,0.858810
classical_05::style_swap::swap_cross,classical_05,classical,S,style_swap,nan,0.834885,0.443612,0.697140,0.592101,0.503493,0.695456,0.591741
classical_05::style_swap::swap_same,classical_05,classical,S,style_swap,nan,0.942535,0.470888,0.630491,0.628517,0.591096,0.755347,0.668193
classical_06::control::ctrl,classical_06,classical,control,control,0.0,1.000000,1.000000,1.000000,0.683052,1.000000,1.000000,1.000000
classical_06::pitch_shift::-4st,classical_06,classical,H,pitch_shift,-4.0,0.734047,0.709554,0.989257,0.669314,0.935026,0.980158,0.957326
classical_06::pitch_shift::-2st,classical_06,classical,H,pitch_shift,-2.0,0.825350,0.804681,0.991395,0.685565,0.950746,0.985207,0.967823
classical_06::pitch_shift::-1st,classical_06,classical,H,pitch_shift,-1.0,0.741674,0.851268,0.992159,0.715078,0.965999,0.983258,0.974590
classical_06::pitch_shift::+1st,classical_06,classical,H,pitch_shift,1.0,0.777363,0.866080,0.943706,0.738644,0.955071,0.993361,0.974028
classical_06::pitch_shift::+2st,classical_06,classical,H,pitch_shift,2.0,0.852149,0.794743,0.965252,0.662846,0.939062,0.987261,0.962860
classical_06::pitch_shift::+4st,classical_06,classical,H,pitch_shift,4.0,0.760496,0.657445,0.963410,0.723759,0.912165,0.984758,0.947766
classical_06::time_stretch::-20pct,classical_06,classical,R,time_stretch,-20.0,0.988067,0.687602,0.834439,0.652644,0.679867,0.956861,0.806560
classical_06::time_stretch::-10pct,classical_06,classical,R,time_stretch,-10.0,0.993930,0.845693,0.902673,0.689541,0.711043,0.977971,0.833894
classical_06::time_stretch::-5pct,classical_06,classical,R,time_stretch,-5.0,0.997987,0.879530,0.930268,0.724054,0.819389,0.989479,0.900427
classical_06::time_stretch::+5pct,classical_06,classical,R,time_stretch,5.0,0.997436,0.871008,0.929823,0.695743,0.849320,0.995708,0.919606
classical_06::time_stretch::+10pct,classical_06,classical,R,time_stretch,10.0,0.986519,0.892624,0.883941,0.689626,0.812228,0.991983,0.897617
classical_06::time_stretch::+20pct,classical_06,classical,R,time_stretch,20.0,0.985704,0.848804,0.887923,0.667647,0.705263,0.989939,0.835564
classical_06::lowpass::lp8000,classical_06,classical,T,lowpass,8000.0,0.999344,0.847287,0.999466,0.695906,0.998311,0.951488,0.974619
classical_06::lowpass::lp4000,classical_06,classical,T,lowpass,4000.0,0.998589,0.628359,0.997548,0.649627,0.994437,0.904735,0.948526
classical_06::lowpass::lp2000,classical_06,classical,T,lowpass,2000.0,0.999230,0.529815,0.993118,0.605904,0.990643,0.835721,0.909891
classical_06::distortion::drv4,classical_06,classical,T,distortion,4.0,0.999532,0.849352,0.985212,0.680820,0.978839,0.990447,0.984626
classical_06::distortion::drv12,classical_06,classical,T,distortion,12.0,0.994831,0.648839,0.949694,0.540312,0.936501,0.933750,0.935125
classical_06::distortion::drv32,classical_06,classical,T,distortion,32.0,0.989607,0.587683,0.942812,0.443670,0.906426,0.784292,0.843150
classical_06::style_swap::swap_cross,classical_06,classical,S,style_swap,nan,0.860518,0.472724,0.758398,0.549085,0.556929,0.677241,0.614146
classical_06::style_swap::swap_same,classical_06,classical,S,style_swap,nan,0.818979,0.522514,0.856778,0.706083,0.639367,0.868580,0.745212
classical_07::control::ctrl,classical_07,classical,control,control,0.0,1.000000,1.000000,1.000000,0.726878,1.000000,1.000000,1.000000
classical_07::pitch_shift::-4st,classical_07,classical,H,pitch_shift,-4.0,0.757308,0.547150,0.992228,0.634361,0.970127,0.981726,0.975909
classical_07::pitch_shift::-2st,classical_07,classical,H,pitch_shift,-2.0,0.520474,0.674674,0.997295,0.662274,0.981242,0.989716,0.985470
classical_07::pitch_shift::-1st,classical_07,classical,H,pitch_shift,-1.0,0.613616,0.808642,0.998706,0.697808,0.985515,0.989476,0.987494
classical_07::pitch_shift::+1st,classical_07,classical,H,pitch_shift,1.0,0.608660,0.788862,0.979739,0.702007,0.986098,0.988908,0.987502
classical_07::pitch_shift::+2st,classical_07,classical,H,pitch_shift,2.0,0.502097,0.669379,0.975721,0.631703,0.970213,0.986713,0.978429
classical_07::pitch_shift::+4st,classical_07,classical,H,pitch_shift,4.0,0.742213,0.536622,0.967458,0.654416,0.955511,0.981415,0.968376
classical_07::time_stretch::-20pct,classical_07,classical,R,time_stretch,-20.0,0.988439,0.818068,0.735008,0.739775,0.735543,0.984928,0.851151
classical_07::time_stretch::-10pct,classical_07,classical,R,time_stretch,-10.0,0.999372,0.892039,0.779972,0.758826,0.747170,0.993224,0.861456
classical_07::time_stretch::-5pct,classical_07,classical,R,time_stretch,-5.0,0.999394,0.928397,0.796430,0.742898,0.824387,0.994125,0.905287
classical_07::time_stretch::+5pct,classical_07,classical,R,time_stretch,5.0,0.998852,0.893700,0.819091,0.742265,0.835970,0.991673,0.910499
classical_07::time_stretch::+10pct,classical_07,classical,R,time_stretch,10.0,0.997609,0.865240,0.775110,0.709497,0.731960,0.995550,0.853641
classical_07::time_stretch::+20pct,classical_07,classical,R,time_stretch,20.0,0.994535,0.846588,0.725697,0.726809,0.672566,0.989710,0.815871
classical_07::lowpass::lp8000,classical_07,classical,T,lowpass,8000.0,1.000000,0.887378,0.999931,0.738480,0.999529,0.973099,0.986225
classical_07::lowpass::lp4000,classical_07,classical,T,lowpass,4000.0,0.999998,0.675770,0.999563,0.746205,0.993771,0.950194,0.971738
classical_07::lowpass::lp2000,classical_07,classical,T,lowpass,2000.0,0.999805,0.529654,0.997893,0.685526,0.985957,0.936496,0.960908
classical_07::distortion::drv4,classical_07,classical,T,distortion,4.0,0.999686,0.830664,0.999399,0.732884,0.991332,0.986036,0.988680
classical_07::distortion::drv12,classical_07,classical,T,distortion,12.0,0.997603,0.688581,0.997957,0.681682,0.961737,0.892479,0.926461
classical_07::distortion::drv32,classical_07,classical,T,distortion,32.0,0.991400,0.600469,0.995059,0.579242,0.941190,0.795262,0.865155
classical_07::style_swap::swap_cross,classical_07,classical,S,style_swap,nan,0.561467,0.441637,0.729005,0.652580,0.637741,0.730807,0.682690
classical_07::style_swap::swap_same,classical_07,classical,S,style_swap,nan,0.900928,0.479527,0.776503,0.634711,0.645236,0.700474,0.672288
classical_08::control::ctrl,classical_08,classical,control,control,0.0,1.000000,0.999999,1.000000,0.850615,1.000000,1.000000,1.000000
classical_08::pitch_shift::-4st,classical_08,classical,H,pitch_shift,-4.0,0.664641,0.515556,0.969442,0.704359,0.925558,0.973091,0.949027
classical_08::pitch_shift::-2st,classical_08,classical,H,pitch_shift,-2.0,0.587997,0.626644,0.971744,0.705016,0.949967,0.960982,0.955458
classical_08::pitch_shift::-1st,classical_08,classical,H,pitch_shift,-1.0,0.621717,0.742298,0.973566,0.794787,0.950673,0.968761,0.959675
classical_08::pitch_shift::+1st,classical_08,classical,H,pitch_shift,1.0,0.638426,0.714910,0.992626,0.807888,0.949959,0.971138,0.960490
classical_08::pitch_shift::+2st,classical_08,classical,H,pitch_shift,2.0,0.581754,0.619610,0.981229,0.766917,0.938550,0.964643,0.951507
classical_08::pitch_shift::+4st,classical_08,classical,H,pitch_shift,4.0,0.644201,0.475109,0.978376,0.785706,0.916399,0.969203,0.942431
classical_08::time_stretch::-20pct,classical_08,classical,R,time_stretch,-20.0,0.992931,0.816711,0.907733,0.828568,0.641598,0.985194,0.795046
classical_08::time_stretch::-10pct,classical_08,classical,R,time_stretch,-10.0,0.998571,0.876612,0.909192,0.829006,0.714596,0.987223,0.839920
classical_08::time_stretch::-5pct,classical_08,classical,R,time_stretch,-5.0,0.998955,0.835725,0.933794,0.844979,0.780634,0.991398,0.879726
classical_08::time_stretch::+5pct,classical_08,classical,R,time_stretch,5.0,0.998499,0.862341,0.945829,0.832922,0.780530,0.989284,0.878730
classical_08::time_stretch::+10pct,classical_08,classical,R,time_stretch,10.0,0.998927,0.886902,0.931894,0.814033,0.729786,0.988216,0.849227
classical_08::time_stretch::+20pct,classical_08,classical,R,time_stretch,20.0,0.997634,0.867187,0.913347,0.785418,0.670039,0.987398,0.813385
classical_08::lowpass::lp8000,classical_08,classical,T,lowpass,8000.0,0.999998,0.958808,0.999964,0.852992,0.999755,0.968914,0.984214
classical_08::lowpass::lp4000,classical_08,classical,T,lowpass,4000.0,0.999966,0.949259,0.999725,0.862291,0.998971,0.943209,0.970690
classical_08::lowpass::lp2000,classical_08,classical,T,lowpass,2000.0,0.999991,0.464655,0.978766,0.809842,0.984396,0.937099,0.960457
classical_08::distortion::drv4,classical_08,classical,T,distortion,4.0,0.998720,0.573731,0.982074,0.786626,0.932385,0.970300,0.951154
classical_08::distortion::drv12,classical_08,classical,T,distortion,12.0,0.984657,0.414515,0.972304,0.548975,0.836570,0.808055,0.822189
classical_08::distortion::drv32,classical_08,classical,T,distortion,32.0,0.967876,0.408195,0.979024,0.435135,0.787688,0.691999,0.738295
classical_08::style_swap::swap_cross,classical_08,classical,S,style_swap,nan,0.809106,0.416323,0.888815,0.604412,0.547778,0.783194,0.654994
classical_08::style_swap::swap_same,classical_08,classical,S,style_swap,nan,0.809079,0.380344,0.901239,0.667203,0.646591,0.725562,0.684939
classical_09::control::ctrl,classical_09,classical,control,control,0.0,1.000000,1.000000,1.000000,0.779827,1.000000,1.000000,1.000000
classical_09::pitch_shift::-4st,classical_09,classical,H,pitch_shift,-4.0,0.848484,0.621390,0.993900,0.656669,0.975331,0.985349,0.980327
classical_09::pitch_shift::-2st,classical_09,classical,H,pitch_shift,-2.0,0.849070,0.726420,0.998179,0.696997,0.983574,0.992813,0.988183
classical_09::pitch_shift::-1st,classical_09,classical,H,pitch_shift,-1.0,0.806949,0.815983,0.999191,0.706485,0.990459,0.989559,0.990009
classical_09::pitch_shift::+1st,classical_09,classical,H,pitch_shift,1.0,0.799052,0.796756,0.998331,0.687986,0.987593,0.985393,0.986493
classical_09::pitch_shift::+2st,classical_09,classical,H,pitch_shift,2.0,0.834523,0.710134,0.985918,0.690775,0.981863,0.984007,0.982934
classical_09::pitch_shift::+4st,classical_09,classical,H,pitch_shift,4.0,0.827255,0.589200,0.978983,0.649953,0.968036,0.981286,0.974639
classical_09::time_stretch::-20pct,classical_09,classical,R,time_stretch,-20.0,0.990624,0.873693,0.830187,0.755334,0.803377,0.989713,0.891691
classical_09::time_stretch::-10pct,classical_09,classical,R,time_stretch,-10.0,0.995723,0.889188,0.863127,0.777369,0.739009,0.991768,0.856110
classical_09::time_stretch::-5pct,classical_09,classical,R,time_stretch,-5.0,0.998329,0.892037,0.810619,0.801823,0.776002,0.994920,0.878669
classical_09::time_stretch::+5pct,classical_09,classical,R,time_stretch,5.0,0.999145,0.897279,0.883333,0.824790,0.797415,0.996045,0.891213
classical_09::time_stretch::+10pct,classical_09,classical,R,time_stretch,10.0,0.998595,0.891376,0.860268,0.788904,0.738687,0.994746,0.857209
classical_09::time_stretch::+20pct,classical_09,classical,R,time_stretch,20.0,0.995937,0.855297,0.832433,0.808019,0.679452,0.990694,0.820444
classical_09::lowpass::lp8000,classical_09,classical,T,lowpass,8000.0,1.000000,0.849612,0.999888,0.781847,0.998459,0.957994,0.978017
classical_09::lowpass::lp4000,classical_09,classical,T,lowpass,4000.0,0.999999,0.586038,0.988682,0.815542,0.988100,0.929768,0.958491
classical_09::lowpass::lp2000,classical_09,classical,T,lowpass,2000.0,0.999940,0.479378,0.987621,0.731210,0.981565,0.922207,0.951423
classical_09::distortion::drv4,classical_09,classical,T,distortion,4.0,0.999633,0.807796,0.999539,0.695301,0.982541,0.989009,0.985770
classical_09::distortion::drv12,classical_09,classical,T,distortion,12.0,0.996819,0.633971,0.998562,0.655388,0.943852,0.924111,0.933930
classical_09::distortion::drv32,classical_09,classical,T,distortion,32.0,0.991088,0.528820,0.996440,0.659636,0.919866,0.847908,0.883155
classical_09::style_swap::swap_cross,classical_09,classical,S,style_swap,nan,0.897722,0.377306,0.883131,0.453710,0.557655,0.619882,0.587946
classical_09::style_swap::swap_same,classical_09,classical,S,style_swap,nan,0.818171,0.530727,0.816501,0.532988,0.717915,0.910806,0.808629
classical_10::control::ctrl,classical_10,classical,control,control,0.0,1.000000,1.000000,1.000000,0.847845,1.000000,1.000000,1.000000
classical_10::pitch_shift::-4st,classical_10,classical,H,pitch_shift,-4.0,0.719316,0.613257,0.996571,0.712668,0.947538,0.992207,0.969615
classical_10::pitch_shift::-2st,classical_10,classical,H,pitch_shift,-2.0,0.685240,0.751635,0.999044,0.717236,0.975544,0.992242,0.983858
classical_10::pitch_shift::-1st,classical_10,classical,H,pitch_shift,-1.0,0.599660,0.837629,0.999692,0.722060,0.985912,0.988605,0.987257
classical_10::pitch_shift::+1st,classical_10,classical,H,pitch_shift,1.0,0.596098,0.856862,0.999193,0.713025,0.978539,0.988400,0.983457
classical_10::pitch_shift::+2st,classical_10,classical,H,pitch_shift,2.0,0.662931,0.773538,0.998085,0.747478,0.971188,0.990623,0.980857
classical_10::pitch_shift::+4st,classical_10,classical,H,pitch_shift,4.0,0.728684,0.641817,0.994792,0.713927,0.948573,0.986117,0.967163
classical_10::time_stretch::-20pct,classical_10,classical,R,time_stretch,-20.0,0.988448,0.828432,0.928726,0.817851,0.635274,0.990878,0.793397
classical_10::time_stretch::-10pct,classical_10,classical,R,time_stretch,-10.0,0.994966,0.873206,0.919240,0.813256,0.689563,0.995362,0.828471
classical_10::time_stretch::-5pct,classical_10,classical,R,time_stretch,-5.0,0.998605,0.921652,0.936839,0.822880,0.697716,0.995689,0.833491
classical_10::time_stretch::+5pct,classical_10,classical,R,time_stretch,5.0,0.998265,0.933004,0.936183,0.810532,0.718610,0.995365,0.845742
classical_10::time_stretch::+10pct,classical_10,classical,R,time_stretch,10.0,0.996293,0.897087,0.922251,0.809239,0.736674,0.993512,0.855508
classical_10::time_stretch::+20pct,classical_10,classical,R,time_stretch,20.0,0.993271,0.850048,0.904104,0.805037,0.671277,0.991747,0.815927
classical_10::lowpass::lp8000,classical_10,classical,T,lowpass,8000.0,1.000000,0.870783,0.999954,0.847845,0.998965,0.984162,0.991536
classical_10::lowpass::lp4000,classical_10,classical,T,lowpass,4000.0,0.999993,0.652280,0.999774,0.818312,0.993252,0.961108,0.977048
classical_10::lowpass::lp2000,classical_10,classical,T,lowpass,2000.0,0.999819,0.536521,0.999236,0.778836,0.986205,0.944447,0.965100
classical_10::distortion::drv4,classical_10,classical,T,distortion,4.0,0.999561,0.723807,0.999312,0.790945,0.976305,0.974308,0.975306
classical_10::distortion::drv12,classical_10,classical,T,distortion,12.0,0.994965,0.593012,0.998199,0.698214,0.942494,0.879373,0.910387
classical_10::distortion::drv32,classical_10,classical,T,distortion,32.0,0.986273,0.550736,0.994871,0.627654,0.906342,0.809253,0.856423
classical_10::style_swap::swap_cross,classical_10,classical,S,style_swap,nan,0.647722,0.481486,0.954542,0.613361,0.639267,0.685728,0.662090
classical_10::style_swap::swap_same,classical_10,classical,S,style_swap,nan,0.904747,0.493142,0.904104,0.749234,0.686674,0.963975,0.813595
classical_11::control::ctrl,classical_11,classical,control,control,0.0,1.000000,1.000000,1.000000,0.814832,1.000000,1.000000,1.000000
classical_11::pitch_shift::-4st,classical_11,classical,H,pitch_shift,-4.0,0.642501,0.618023,0.972449,0.693205,0.956780,0.970360,0.963546
classical_11::pitch_shift::-2st,classical_11,classical,H,pitch_shift,-2.0,0.657320,0.682140,0.992606,0.737841,0.979062,0.981379,0.980220
classical_11::pitch_shift::-1st,classical_11,classical,H,pitch_shift,-1.0,0.605818,0.790484,0.993602,0.680746,0.982168,0.986027,0.984096
classical_11::pitch_shift::+1st,classical_11,classical,H,pitch_shift,1.0,0.643472,0.770137,0.976207,0.717246,0.987316,0.989659,0.988487
classical_11::pitch_shift::+2st,classical_11,classical,H,pitch_shift,2.0,0.649417,0.677590,0.958712,0.677674,0.968906,0.987357,0.978088
classical_11::pitch_shift::+4st,classical_11,classical,H,pitch_shift,4.0,0.743976,0.586582,0.957887,0.698332,0.965080,0.976157,0.970603
classical_11::time_stretch::-20pct,classical_11,classical,R,time_stretch,-20.0,0.994939,0.797311,0.855067,0.821871,0.789054,0.979236,0.879016
classical_11::time_stretch::-10pct,classical_11,classical,R,time_stretch,-10.0,0.999227,0.866217,0.878218,0.789547,0.815012,0.979980,0.893697
classical_11::time_stretch::-5pct,classical_11,classical,R,time_stretch,-5.0,0.998653,0.883111,0.877093,0.794920,0.853487,0.983948,0.916399
classical_11::time_stretch::+5pct,classical_11,classical,R,time_stretch,5.0,0.999364,0.868967,0.875962,0.805688,0.868718,0.984707,0.924896
classical_11::time_stretch::+10pct,classical_11,classical,R,time_stretch,10.0,0.999058,0.854528,0.845182,0.793056,0.798949,0.985544,0.887355
classical_11::time_stretch::+20pct,classical_11,classical,R,time_stretch,20.0,0.994512,0.838834,0.813344,0.815709,0.748711,0.975279,0.854519
classical_11::lowpass::lp8000,classical_11,classical,T,lowpass,8000.0,1.000000,0.994813,0.999996,0.810969,0.999890,0.986285,0.993064
classical_11::lowpass::lp4000,classical_11,classical,T,lowpass,4000.0,1.000000,0.824765,0.999765,0.813819,0.998960,0.985810,0.992363
classical_11::lowpass::lp2000,classical_11,classical,T,lowpass,2000.0,0.999993,0.595429,0.980281,0.814310,0.987951,0.976706,0.982312
classical_11::distortion::drv4,classical_11,classical,T,distortion,4.0,0.999950,0.879138,0.981273,0.793296,0.995424,0.992294,0.993858
classical_11::distortion::drv12,classical_11,classical,T,distortion,12.0,0.998640,0.680252,0.978224,0.760774,0.967729,0.935034,0.951241
classical_11::distortion::drv32,classical_11,classical,T,distortion,32.0,0.992478,0.554525,0.975510,0.691308,0.931232,0.832613,0.880543
classical_11::style_swap::swap_cross,classical_11,classical,S,style_swap,nan,0.885847,0.394578,0.790832,0.573354,0.642400,0.678769,0.660334
classical_11::style_swap::swap_same,classical_11,classical,S,style_swap,nan,0.759333,0.423632,0.821256,0.586973,0.641884,0.740424,0.689395
classical_12::control::ctrl,classical_12,classical,control,control,0.0,1.000000,1.000000,1.000000,0.828252,1.000000,1.000000,1.000000
classical_12::pitch_shift::-4st,classical_12,classical,H,pitch_shift,-4.0,0.747931,0.570972,0.978486,0.795541,0.940037,0.970685,0.955238
classical_12::pitch_shift::-2st,classical_12,classical,H,pitch_shift,-2.0,0.756959,0.699857,0.992407,0.811631,0.938866,0.983997,0.961167
classical_12::pitch_shift::-1st,classical_12,classical,H,pitch_shift,-1.0,0.811395,0.763160,0.980892,0.811276,0.958700,0.985621,0.972068
classical_12::pitch_shift::+1st,classical_12,classical,H,pitch_shift,1.0,0.826522,0.787238,0.980996,0.812198,0.965762,0.967057,0.966409
classical_12::pitch_shift::+2st,classical_12,classical,H,pitch_shift,2.0,0.760980,0.698835,0.980185,0.796916,0.951250,0.969121,0.960144
classical_12::pitch_shift::+4st,classical_12,classical,H,pitch_shift,4.0,0.731961,0.588650,0.979340,0.810486,0.921894,0.966363,0.943867
classical_12::time_stretch::-20pct,classical_12,classical,R,time_stretch,-20.0,0.990284,0.798351,0.933391,0.819834,0.486783,0.982286,0.691491
classical_12::time_stretch::-10pct,classical_12,classical,R,time_stretch,-10.0,0.997870,0.844924,0.913189,0.830580,0.501853,0.992082,0.705606
classical_12::time_stretch::-5pct,classical_12,classical,R,time_stretch,-5.0,0.994681,0.814766,0.932131,0.822312,0.591700,0.988047,0.764609
classical_12::time_stretch::+5pct,classical_12,classical,R,time_stretch,5.0,0.998851,0.810938,0.922905,0.825798,0.595399,0.988394,0.767130
classical_12::time_stretch::+10pct,classical_12,classical,R,time_stretch,10.0,0.998697,0.850112,0.903186,0.812041,0.555794,0.988525,0.741226
classical_12::time_stretch::+20pct,classical_12,classical,R,time_stretch,20.0,0.996399,0.844450,0.937503,0.808464,0.545728,0.976565,0.730027
classical_12::lowpass::lp8000,classical_12,classical,T,lowpass,8000.0,1.000000,0.813922,0.999443,0.831197,0.998457,0.964726,0.981447
classical_12::lowpass::lp4000,classical_12,classical,T,lowpass,4000.0,0.999999,0.509594,0.997705,0.803243,0.994820,0.944529,0.969349
classical_12::lowpass::lp2000,classical_12,classical,T,lowpass,2000.0,0.999364,0.414133,0.982570,0.783656,0.983049,0.895936,0.938482
classical_12::distortion::drv4,classical_12,classical,T,distortion,4.0,0.999485,0.911366,0.999450,0.819492,0.995107,0.999799,0.997450
classical_12::distortion::drv12,classical_12,classical,T,distortion,12.0,0.997929,0.706351,0.994833,0.816432,0.958098,0.984048,0.970986
classical_12::distortion::drv32,classical_12,classical,T,distortion,32.0,0.995035,0.553799,0.972473,0.715885,0.907625,0.832593,0.869300
classical_12::style_swap::swap_cross,classical_12,classical,S,style_swap,nan,0.970511,0.410347,0.912900,0.533101,0.512153,0.692376,0.595485
classical_12::style_swap::swap_same,classical_12,classical,S,style_swap,nan,0.654856,0.484040,0.888062,0.592130,0.553496,0.710838,0.627253
classical_13::control::ctrl,classical_13,classical,control,control,0.0,1.000000,1.000000,1.000000,0.735999,1.000000,1.000000,1.000000
classical_13::pitch_shift::-4st,classical_13,classical,H,pitch_shift,-4.0,0.841447,0.546578,0.959818,0.684603,0.955091,0.957499,0.956294
classical_13::pitch_shift::-2st,classical_13,classical,H,pitch_shift,-2.0,0.861788,0.651564,0.941685,0.743706,0.978468,0.964668,0.971544
classical_13::pitch_shift::-1st,classical_13,classical,H,pitch_shift,-1.0,0.824119,0.743943,0.996646,0.681804,0.973276,0.987360,0.980293
classical_13::pitch_shift::+1st,classical_13,classical,H,pitch_shift,1.0,0.850080,0.740670,0.941965,0.698453,0.974997,0.977192,0.976094
classical_13::pitch_shift::+2st,classical_13,classical,H,pitch_shift,2.0,0.876210,0.648844,0.964592,0.716563,0.960138,0.984218,0.972104
classical_13::pitch_shift::+4st,classical_13,classical,H,pitch_shift,4.0,0.872449,0.520474,0.953447,0.719228,0.917738,0.976044,0.946442
classical_13::time_stretch::-20pct,classical_13,classical,R,time_stretch,-20.0,0.986721,0.770048,0.823150,0.718604,0.665352,0.971253,0.803881
classical_13::time_stretch::-10pct,classical_13,classical,R,time_stretch,-10.0,0.998976,0.803878,0.789474,0.710156,0.767937,0.974558,0.865101
classical_13::time_stretch::-5pct,classical_13,classical,R,time_stretch,-5.0,0.996779,0.807893,0.875686,0.717547,0.845068,0.985633,0.912648
classical_13::time_stretch::+5pct,classical_13,classical,R,time_stretch,5.0,0.999114,0.809798,0.845987,0.740836,0.903051,0.979660,0.940576
classical_13::time_stretch::+10pct,classical_13,classical,R,time_stretch,10.0,0.997000,0.820004,0.846581,0.734197,0.765036,0.977831,0.864914
classical_13::time_stretch::+20pct,classical_13,classical,R,time_stretch,20.0,0.995832,0.785364,0.803940,0.724610,0.701635,0.974773,0.827004
classical_13::lowpass::lp8000,classical_13,classical,T,lowpass,8000.0,1.000000,0.803034,0.948103,0.733399,0.999747,0.950148,0.974632
classical_13::lowpass::lp4000,classical_13,classical,T,lowpass,4000.0,0.999998,0.652771,0.947634,0.748900,0.997249,0.867354,0.930037
classical_13::lowpass::lp2000,classical_13,classical,T,lowpass,2000.0,0.999967,0.484745,0.998230,0.696788,0.992519,0.816221,0.900064
classical_13::distortion::drv4,classical_13,classical,T,distortion,4.0,0.999999,0.977887,0.948413,0.746211,0.999954,0.999739,0.999847
classical_13::distortion::drv12,classical_13,classical,T,distortion,12.0,0.999983,0.874877,0.948076,0.735154,0.999512,0.996018,0.997763
classical_13::distortion::drv32,classical_13,classical,T,distortion,32.0,0.999935,0.698620,0.946360,0.727989,0.997363,0.940055,0.968285
classical_13::style_swap::swap_cross,classical_13,classical,S,style_swap,nan,0.938630,0.407658,0.735857,0.553928,0.564761,0.709412,0.632968
classical_13::style_swap::swap_same,classical_13,classical,S,style_swap,nan,0.850502,0.408574,0.846581,0.703039,0.691551,0.701309,0.696413
classical_14::control::ctrl,classical_14,classical,control,control,0.0,1.000000,0.999998,1.000000,0.853792,1.000000,1.000000,1.000000
classical_14::pitch_shift::-4st,classical_14,classical,H,pitch_shift,-4.0,0.707259,0.577600,0.925485,0.777447,0.953775,0.984412,0.968973
classical_14::pitch_shift::-2st,classical_14,classical,H,pitch_shift,-2.0,0.827977,0.711373,0.930529,0.819570,0.972660,0.987239,0.979922
classical_14::pitch_shift::-1st,classical_14,classical,H,pitch_shift,-1.0,0.691512,0.818130,0.996100,0.841260,0.978543,0.991801,0.985150
classical_14::pitch_shift::+1st,classical_14,classical,H,pitch_shift,1.0,0.706686,0.815906,0.970565,0.822655,0.974611,0.994885,0.984696
classical_14::pitch_shift::+2st,classical_14,classical,H,pitch_shift,2.0,0.833162,0.710529,0.969537,0.838165,0.976617,0.994225,0.985382
classical_14::pitch_shift::+4st,classical_14,classical,H,pitch_shift,4.0,0.718171,0.575755,0.964863,0.778419,0.958696,0.988208,0.973340
classical_14::time_stretch::-20pct,classical_14,classical,R,time_stretch,-20.0,0.993734,0.822093,0.707227,0.836961,0.681272,0.972305,0.813882
classical_14::time_stretch::-10pct,classical_14,classical,R,time_stretch,-10.0,0.997701,0.894413,0.771094,0.842501,0.718228,0.982994,0.840246
classical_14::time_stretch::-5pct,classical_14,classical,R,time_stretch,-5.0,0.998546,0.905012,0.784914,0.842213,0.805394,0.991770,0.893737
classical_14::time_stretch::+5pct,classical_14,classical,R,time_stretch,5.0,0.998630,0.892132,0.873351,0.859581,0.785246,0.989573,0.881509
classical_14::time_stretch::+10pct,classical_14,classical,R,time_stretch,10.0,0.996972,0.895697,0.825731,0.864695,0.668315,0.992818,0.814564
classical_14::time_stretch::+20pct,classical_14,classical,R,time_stretch,20.0,0.989969,0.860611,0.828963,0.842746,0.655242,0.991541,0.806039
classical_14::lowpass::lp8000,classical_14,classical,T,lowpass,8000.0,1.000000,0.984898,0.999993,0.853182,0.999928,0.976765,0.988279
classical_14::lowpass::lp4000,classical_14,classical,T,lowpass,4000.0,1.000000,0.941421,0.999910,0.849606,0.999069,0.947446,0.972915
classical_14::lowpass::lp2000,classical_14,classical,T,lowpass,2000.0,0.999999,0.586043,0.998457,0.858661,0.988700,0.945349,0.966782
classical_14::distortion::drv4,classical_14,classical,T,distortion,4.0,0.999914,0.742818,0.996099,0.755639,0.975490,0.986703,0.981080
classical_14::distortion::drv12,classical_14,classical,T,distortion,12.0,0.998441,0.574651,0.988334,0.570335,0.937823,0.914532,0.926105
classical_14::distortion::drv32,classical_14,classical,T,distortion,32.0,0.992250,0.502599,0.982553,0.488518,0.908081,0.815058,0.860313
classical_14::style_swap::swap_cross,classical_14,classical,S,style_swap,nan,0.872103,0.345070,0.760395,0.592043,0.664777,0.685801,0.675207
classical_14::style_swap::swap_same,classical_14,classical,S,style_swap,nan,0.825374,0.443807,0.748870,0.514794,0.637340,0.735438,0.684635
classical_15::control::ctrl,classical_15,classical,control,control,0.0,1.000000,1.000000,1.000000,0.757276,1.000000,1.000000,1.000000
classical_15::pitch_shift::-4st,classical_15,classical,H,pitch_shift,-4.0,0.956041,0.512082,0.985633,0.792694,0.947289,0.937990,0.942628
classical_15::pitch_shift::-2st,classical_15,classical,H,pitch_shift,-2.0,0.968745,0.686166,0.996111,0.791384,0.976262,0.959551,0.967871
classical_15::pitch_shift::-1st,classical_15,classical,H,pitch_shift,-1.0,0.981113,0.817315,0.996356,0.757473,0.979427,0.981099,0.980263
classical_15::pitch_shift::+1st,classical_15,classical,H,pitch_shift,1.0,0.983307,0.816304,0.995383,0.739702,0.983055,0.961559,0.972248
classical_15::pitch_shift::+2st,classical_15,classical,H,pitch_shift,2.0,0.973490,0.679885,0.994851,0.743990,0.967636,0.960880,0.964252
classical_15::pitch_shift::+4st,classical_15,classical,H,pitch_shift,4.0,0.967338,0.544054,0.983840,0.713189,0.942166,0.959328,0.950708
classical_15::time_stretch::-20pct,classical_15,classical,R,time_stretch,-20.0,0.998683,0.811928,0.943124,0.745614,0.608173,0.975589,0.770277
classical_15::time_stretch::-10pct,classical_15,classical,R,time_stretch,-10.0,0.999555,0.824298,0.927435,0.776347,0.696351,0.987444,0.829221
classical_15::time_stretch::-5pct,classical_15,classical,R,time_stretch,-5.0,0.999524,0.876822,0.939810,0.747581,0.797210,0.990110,0.888440
classical_15::time_stretch::+5pct,classical_15,classical,R,time_stretch,5.0,0.998928,0.897941,0.941619,0.773777,0.749336,0.987110,0.860045
classical_15::time_stretch::+10pct,classical_15,classical,R,time_stretch,10.0,0.997781,0.829580,0.931338,0.787083,0.657393,0.975082,0.800632
classical_15::time_stretch::+20pct,classical_15,classical,R,time_stretch,20.0,0.997678,0.804178,0.930040,0.785260,0.595791,0.959915,0.756246
classical_15::lowpass::lp8000,classical_15,classical,T,lowpass,8000.0,0.999872,0.638903,0.999001,0.754992,0.997539,0.959151,0.978157
classical_15::lowpass::lp4000,classical_15,classical,T,lowpass,4000.0,0.999872,0.577801,0.984907,0.741679,0.991955,0.929614,0.960278
classical_15::lowpass::lp2000,classical_15,classical,T,lowpass,2000.0,0.999225,0.476938,0.974412,0.708099,0.971443,0.882649,0.925983
classical_15::distortion::drv4,classical_15,classical,T,distortion,4.0,0.999986,0.995858,0.999988,0.747486,0.999984,0.999853,0.999919
classical_15::distortion::drv12,classical_15,classical,T,distortion,12.0,1.000000,0.946744,0.999811,0.743564,0.999216,0.999333,0.999274
classical_15::distortion::drv32,classical_15,classical,T,distortion,32.0,0.999869,0.806054,0.998657,0.746713,0.992718,0.997065,0.994889
classical_15::style_swap::swap_cross,classical_15,classical,S,style_swap,nan,0.982942,0.408907,0.931338,0.670868,0.589306,0.657791,0.622608
classical_15::style_swap::swap_same,classical_15,classical,S,style_swap,nan,0.921746,0.440542,0.958621,0.721377,0.591651,0.676495,0.632652
ambient_01::control::ctrl,ambient_01,ambient,control,control,0.0,1.000000,1.000000,1.000000,0.752810,1.000000,1.000000,1.000000
ambient_01::pitch_shift::-4st,ambient_01,ambient,H,pitch_shift,-4.0,0.991860,0.535472,0.980880,0.725145,0.907034,0.886231,0.896572
ambient_01::pitch_shift::-2st,ambient_01,ambient,H,pitch_shift,-2.0,0.994160,0.669668,0.983710,0.747035,0.931638,0.944874,0.938233
ambient_01::pitch_shift::-1st,ambient_01,ambient,H,pitch_shift,-1.0,0.992230,0.794462,0.984684,0.793250,0.956849,0.973297,0.965038
ambient_01::pitch_shift::+1st,ambient_01,ambient,H,pitch_shift,1.0,0.992976,0.798119,0.995430,0.770594,0.953928,0.944113,0.949008
ambient_01::pitch_shift::+2st,ambient_01,ambient,H,pitch_shift,2.0,0.994728,0.703130,0.982154,0.760865,0.924239,0.945982,0.935048
ambient_01::pitch_shift::+4st,ambient_01,ambient,H,pitch_shift,4.0,0.990868,0.598342,0.979553,0.762153,0.858640,0.911666,0.884756
ambient_01::time_stretch::-20pct,ambient_01,ambient,R,time_stretch,-20.0,0.999551,0.830197,0.917763,0.753315,0.574952,0.967111,0.745683
ambient_01::time_stretch::-10pct,ambient_01,ambient,R,time_stretch,-10.0,0.999781,0.875798,0.909151,0.758625,0.612106,0.959352,0.766306
ambient_01::time_stretch::-5pct,ambient_01,ambient,R,time_stretch,-5.0,0.999163,0.877557,0.930745,0.699749,0.689087,0.960715,0.813644
ambient_01::time_stretch::+5pct,ambient_01,ambient,R,time_stretch,5.0,0.999658,0.887665,0.916141,0.762950,0.686565,0.957853,0.810943
ambient_01::time_stretch::+10pct,ambient_01,ambient,R,time_stretch,10.0,0.999207,0.891970,0.923006,0.731208,0.621139,0.970019,0.776220
ambient_01::time_stretch::+20pct,ambient_01,ambient,R,time_stretch,20.0,0.998769,0.816180,0.910809,0.768841,0.607253,0.932677,0.752576
ambient_01::lowpass::lp8000,ambient_01,ambient,T,lowpass,8000.0,0.999863,0.668603,0.953496,0.740709,0.992616,0.954161,0.973199
ambient_01::lowpass::lp4000,ambient_01,ambient,T,lowpass,4000.0,0.999991,0.456822,0.956717,0.808642,0.964346,0.879672,0.921036
ambient_01::lowpass::lp2000,ambient_01,ambient,T,lowpass,2000.0,0.999997,0.407643,0.946942,0.785291,0.909483,0.818815,0.862959
ambient_01::distortion::drv4,ambient_01,ambient,T,distortion,4.0,0.999207,0.816485,0.997343,0.753267,0.975608,0.971335,0.973469
ambient_01::distortion::drv12,ambient_01,ambient,T,distortion,12.0,0.999877,0.583775,0.954716,0.681686,0.909933,0.745889,0.823838
ambient_01::distortion::drv32,ambient_01,ambient,T,distortion,32.0,0.999323,0.453171,0.946290,0.653117,0.824749,0.637149,0.724906
ambient_01::style_swap::swap_cross,ambient_01,ambient,S,style_swap,nan,0.922525,0.383363,0.938740,0.679743,0.541309,0.659186,0.597347
ambient_01::style_swap::swap_same,ambient_01,ambient,S,style_swap,nan,0.786444,0.436147,0.900642,0.636998,0.647765,0.706524,0.676507
ambient_02::control::ctrl,ambient_02,ambient,control,control,0.0,1.000000,1.000000,1.000000,0.633565,1.000000,1.000000,1.000000
ambient_02::pitch_shift::-4st,ambient_02,ambient,H,pitch_shift,-4.0,0.979569,0.675632,0.939457,0.651064,0.831628,0.942756,0.885450
ambient_02::pitch_shift::-2st,ambient_02,ambient,H,pitch_shift,-2.0,0.980604,0.785834,0.954735,0.652538,0.898584,0.957773,0.927706
ambient_02::pitch_shift::-1st,ambient_02,ambient,H,pitch_shift,-1.0,0.982425,0.849402,0.964227,0.641160,0.879505,0.974564,0.925815
ambient_02::pitch_shift::+1st,ambient_02,ambient,H,pitch_shift,1.0,0.988710,0.850334,0.961004,0.600578,0.905486,0.958519,0.931625
ambient_02::pitch_shift::+2st,ambient_02,ambient,H,pitch_shift,2.0,0.983157,0.780604,0.952201,0.600848,0.872434,0.952358,0.911521
ambient_02::pitch_shift::+4st,ambient_02,ambient,H,pitch_shift,4.0,0.986475,0.681578,0.946378,0.604126,0.854630,0.911217,0.882470
ambient_02::time_stretch::-20pct,ambient_02,ambient,R,time_stretch,-20.0,0.998187,0.851555,0.465753,0.641743,0.642648,0.942861,0.778414
ambient_02::time_stretch::-10pct,ambient_02,ambient,R,time_stretch,-10.0,0.997916,0.866119,0.573374,0.640562,0.698173,0.955809,0.816896
ambient_02::time_stretch::-5pct,ambient_02,ambient,R,time_stretch,-5.0,0.999041,0.894707,0.651737,0.642248,0.698402,0.954989,0.816680
ambient_02::time_stretch::+5pct,ambient_02,ambient,R,time_stretch,5.0,0.999575,0.887427,0.657285,0.635779,0.722204,0.980148,0.841348
ambient_02::time_stretch::+10pct,ambient_02,ambient,R,time_stretch,10.0,0.998746,0.871035,0.592206,0.659402,0.689364,0.965905,0.816003
ambient_02::time_stretch::+20pct,ambient_02,ambient,R,time_stretch,20.0,0.997618,0.851619,0.499158,0.630502,0.656728,0.964212,0.795754
ambient_02::lowpass::lp8000,ambient_02,ambient,T,lowpass,8000.0,0.996569,0.696462,0.997989,0.653775,0.989225,0.973670,0.981417
ambient_02::lowpass::lp4000,ambient_02,ambient,T,lowpass,4000.0,0.999159,0.462093,0.985293,0.654173,0.954897,0.932948,0.943859
ambient_02::lowpass::lp2000,ambient_02,ambient,T,lowpass,2000.0,0.999628,0.414113,0.949809,0.587965,0.924542,0.850340,0.886665
ambient_02::distortion::drv4,ambient_02,ambient,T,distortion,4.0,0.999992,0.885197,0.979681,0.631687,0.957342,0.983674,0.970419
ambient_02::distortion::drv12,ambient_02,ambient,T,distortion,12.0,0.998867,0.634103,0.934581,0.577185,0.903563,0.878747,0.891069
ambient_02::distortion::drv32,ambient_02,ambient,T,distortion,32.0,0.999022,0.473899,0.902881,0.449738,0.817484,0.749235,0.782616
ambient_02::style_swap::swap_cross,ambient_02,ambient,S,style_swap,nan,0.981542,0.450337,0.696751,0.618875,0.568913,0.684332,0.623960
ambient_02::style_swap::swap_same,ambient_02,ambient,S,style_swap,nan,0.703100,0.438493,0.499158,0.552519,0.680790,0.661596,0.671124
ambient_03::control::ctrl,ambient_03,ambient,control,control,0.0,1.000000,0.909740,0.999968,0.845590,0.999985,0.996746,0.998364
ambient_03::pitch_shift::-4st,ambient_03,ambient,H,pitch_shift,-4.0,0.967475,0.442842,0.981213,0.670424,0.866316,0.970763,0.917053
ambient_03::pitch_shift::-2st,ambient_03,ambient,H,pitch_shift,-2.0,0.966983,0.614702,0.994043,0.778602,0.900463,0.980012,0.939396
ambient_03::pitch_shift::-1st,ambient_03,ambient,H,pitch_shift,-1.0,0.956746,0.735617,0.996440,0.791583,0.934428,0.975322,0.954656
ambient_03::pitch_shift::+1st,ambient_03,ambient,H,pitch_shift,1.0,0.962836,0.885929,0.993492,0.769742,0.939614,0.986916,0.962974
ambient_03::pitch_shift::+2st,ambient_03,ambient,H,pitch_shift,2.0,0.964014,0.803769,0.986760,0.800604,0.897099,0.976842,0.936122
ambient_03::pitch_shift::+4st,ambient_03,ambient,H,pitch_shift,4.0,0.964465,0.717791,0.966153,0.734867,0.891347,0.960948,0.925493
ambient_03::time_stretch::-20pct,ambient_03,ambient,R,time_stretch,-20.0,0.996542,0.887253,0.310870,0.836448,0.516134,0.966324,0.706224
ambient_03::time_stretch::-10pct,ambient_03,ambient,R,time_stretch,-10.0,0.998140,0.907143,0.439812,0.846571,0.505690,0.972426,0.701246
ambient_03::time_stretch::-5pct,ambient_03,ambient,R,time_stretch,-5.0,0.998781,0.938444,0.541582,0.826722,0.577303,0.981395,0.752703
ambient_03::time_stretch::+5pct,ambient_03,ambient,R,time_stretch,5.0,0.998646,0.937681,0.534686,0.855350,0.569583,0.985006,0.749028
ambient_03::time_stretch::+10pct,ambient_03,ambient,R,time_stretch,10.0,0.998979,0.906747,0.422458,0.863704,0.510234,0.982881,0.708166
ambient_03::time_stretch::+20pct,ambient_03,ambient,R,time_stretch,20.0,0.997873,0.869821,0.318227,0.851206,0.529988,0.976090,0.719247
ambient_03::lowpass::lp8000,ambient_03,ambient,T,lowpass,8000.0,0.999998,0.391500,0.995147,0.845272,0.998118,0.960422,0.979089
ambient_03::lowpass::lp4000,ambient_03,ambient,T,lowpass,4000.0,0.999994,0.392753,0.981564,0.795163,0.981784,0.886018,0.932673
ambient_03::lowpass::lp2000,ambient_03,ambient,T,lowpass,2000.0,0.999952,0.382287,0.939266,0.729489,0.980046,0.850763,0.913119
ambient_03::distortion::drv4,ambient_03,ambient,T,distortion,4.0,0.999750,0.587877,0.994579,0.801936,0.964189,0.974484,0.969322
ambient_03::distortion::drv12,ambient_03,ambient,T,distortion,12.0,0.999094,0.485067,0.974285,0.665063,0.915327,0.907045,0.911177
ambient_03::distortion::drv32,ambient_03,ambient,T,distortion,32.0,0.998735,0.443486,0.922930,0.584819,0.895695,0.886085,0.890877
ambient_03::style_swap::swap_cross,ambient_03,ambient,S,style_swap,nan,0.806611,0.376423,0.373747,0.589807,0.525377,0.766305,0.634507
ambient_03::style_swap::swap_same,ambient_03,ambient,S,style_swap,nan,0.776063,0.358581,0.327914,0.473290,0.520949,0.725611,0.614822
ambient_04::control::ctrl,ambient_04,ambient,control,control,0.0,1.000000,1.000000,1.000000,0.774408,1.000000,1.000000,1.000000
ambient_04::pitch_shift::-4st,ambient_04,ambient,H,pitch_shift,-4.0,0.453659,0.515198,0.989405,0.708538,0.981654,0.966627,0.974111
ambient_04::pitch_shift::-2st,ambient_04,ambient,H,pitch_shift,-2.0,0.608414,0.655428,0.973122,0.742313,0.989215,0.989140,0.989178
ambient_04::pitch_shift::-1st,ambient_04,ambient,H,pitch_shift,-1.0,0.557387,0.782174,0.973556,0.735684,0.988507,0.986236,0.987371
ambient_04::pitch_shift::+1st,ambient_04,ambient,H,pitch_shift,1.0,0.480187,0.747064,0.969352,0.734621,0.992483,0.987313,0.989895
ambient_04::pitch_shift::+2st,ambient_04,ambient,H,pitch_shift,2.0,0.596663,0.607531,0.968119,0.733282,0.988726,0.987872,0.988299
ambient_04::pitch_shift::+4st,ambient_04,ambient,H,pitch_shift,4.0,0.439260,0.500091,0.977755,0.653398,0.972597,0.981314,0.976946
ambient_04::time_stretch::-20pct,ambient_04,ambient,R,time_stretch,-20.0,0.986257,0.754337,0.958501,0.730214,0.672943,0.964526,0.805650
ambient_04::time_stretch::-10pct,ambient_04,ambient,R,time_stretch,-10.0,0.997683,0.803605,0.956372,0.759191,0.745825,0.970634,0.850837
ambient_04::time_stretch::-5pct,ambient_04,ambient,R,time_stretch,-5.0,0.999376,0.862993,0.957976,0.745158,0.877361,0.982553,0.928468
ambient_04::time_stretch::+5pct,ambient_04,ambient,R,time_stretch,5.0,0.998484,0.877194,0.965219,0.760368,0.845869,0.985260,0.912908
ambient_04::time_stretch::+10pct,ambient_04,ambient,R,time_stretch,10.0,0.997237,0.867047,0.969424,0.754081,0.772098,0.975684,0.867942
ambient_04::time_stretch::+20pct,ambient_04,ambient,R,time_stretch,20.0,0.996091,0.838491,0.962223,0.721409,0.661547,0.984535,0.807041
ambient_04::lowpass::lp8000,ambient_04,ambient,T,lowpass,8000.0,0.999998,0.862721,0.999735,0.774805,0.998517,0.978655,0.988536
ambient_04::lowpass::lp4000,ambient_04,ambient,T,lowpass,4000.0,0.999999,0.645434,0.998639,0.730122,0.995977,0.942664,0.968954
ambient_04::lowpass::lp2000,ambient_04,ambient,T,lowpass,2000.0,0.999506,0.500317,0.997307,0.722602,0.994902,0.900892,0.946731
ambient_04::distortion::drv4,ambient_04,ambient,T,distortion,4.0,0.999892,0.822714,0.995669,0.746894,0.997129,0.996842,0.996986
ambient_04::distortion::drv12,ambient_04,ambient,T,distortion,12.0,0.994796,0.584906,0.970343,0.666483,0.978148,0.948393,0.963156
ambient_04::distortion::drv32,ambient_04,ambient,T,distortion,32.0,0.974092,0.484068,0.965212,0.629985,0.956202,0.858508,0.906039
ambient_04::style_swap::swap_cross,ambient_04,ambient,S,style_swap,nan,0.793058,0.388578,0.927496,0.600138,0.545669,0.673856,0.606385
ambient_04::style_swap::swap_same,ambient_04,ambient,S,style_swap,nan,0.405134,0.449697,0.960801,0.662684,0.665126,0.820099,0.738559
ambient_05::control::ctrl,ambient_05,ambient,control,control,0.0,1.000000,1.000000,1.000000,0.772766,1.000000,1.000000,1.000000
ambient_05::pitch_shift::-4st,ambient_05,ambient,H,pitch_shift,-4.0,0.743985,0.556551,0.983569,0.745498,0.867105,0.961433,0.913052
ambient_05::pitch_shift::-2st,ambient_05,ambient,H,pitch_shift,-2.0,0.677017,0.699875,0.976582,0.777441,0.907057,0.948396,0.927496
ambient_05::pitch_shift::-1st,ambient_05,ambient,H,pitch_shift,-1.0,0.715724,0.770504,0.986817,0.736671,0.924963,0.957449,0.941066
ambient_05::pitch_shift::+1st,ambient_05,ambient,H,pitch_shift,1.0,0.702877,0.743486,0.987631,0.764887,0.918073,0.984396,0.950657
ambient_05::pitch_shift::+2st,ambient_05,ambient,H,pitch_shift,2.0,0.656497,0.688284,0.987246,0.747858,0.888114,0.978834,0.932371
ambient_05::pitch_shift::+4st,ambient_05,ambient,H,pitch_shift,4.0,0.734344,0.578996,0.987435,0.741096,0.855902,0.941341,0.897606
ambient_05::time_stretch::-20pct,ambient_05,ambient,R,time_stretch,-20.0,0.966326,0.792423,0.967866,0.796226,0.679502,0.973974,0.813522
ambient_05::time_stretch::-10pct,ambient_05,ambient,R,time_stretch,-10.0,0.993737,0.794226,0.965360,0.787452,0.721903,0.983132,0.842452
ambient_05::time_stretch::-5pct,ambient_05,ambient,R,time_stretch,-5.0,0.997714,0.780697,0.950449,0.776643,0.764636,0.982970,0.866957
ambient_05::time_stretch::+5pct,ambient_05,ambient,R,time_stretch,5.0,0.997799,0.749545,0.951600,0.773067,0.776368,0.988083,0.875852
ambient_05::time_stretch::+10pct,ambient_05,ambient,R,time_stretch,10.0,0.996662,0.798070,0.967509,0.787452,0.734128,0.990030,0.852531
ambient_05::time_stretch::+20pct,ambient_05,ambient,R,time_stretch,20.0,0.993276,0.775387,0.956235,0.768674,0.746483,0.976128,0.853618
ambient_05::lowpass::lp8000,ambient_05,ambient,T,lowpass,8000.0,0.999954,0.525608,0.991141,0.774173,0.997373,0.960067,0.978542
ambient_05::lowpass::lp4000,ambient_05,ambient,T,lowpass,4000.0,0.999843,0.512959,0.989768,0.766551,0.985295,0.918610,0.951369
ambient_05::lowpass::lp2000,ambient_05,ambient,T,lowpass,2000.0,0.999928,0.429033,0.986925,0.758667,0.973473,0.906071,0.939168
ambient_05::distortion::drv4,ambient_05,ambient,T,distortion,4.0,0.999994,0.926163,0.999031,0.779839,0.998164,0.999782,0.998972
ambient_05::distortion::drv12,ambient_05,ambient,T,distortion,12.0,0.999769,0.709542,0.981671,0.760329,0.967626,0.984731,0.976141
ambient_05::distortion::drv32,ambient_05,ambient,T,distortion,32.0,0.995251,0.535242,0.956531,0.613970,0.893553,0.865466,0.879398
ambient_05::style_swap::swap_cross,ambient_05,ambient,S,style_swap,nan,0.559526,0.437994,0.915074,0.619757,0.706862,0.701476,0.704164
ambient_05::style_swap::swap_same,ambient_05,ambient,S,style_swap,nan,0.797992,0.443338,0.919340,0.390506,0.692345,0.733979,0.712858
ambient_06::control::ctrl,ambient_06,ambient,control,control,0.0,1.000000,1.000000,1.000000,0.875008,1.000000,1.000000,1.000000
ambient_06::pitch_shift::-4st,ambient_06,ambient,H,pitch_shift,-4.0,0.933492,0.608839,0.685669,0.755440,0.914909,0.971181,0.942625
ambient_06::pitch_shift::-2st,ambient_06,ambient,H,pitch_shift,-2.0,0.902073,0.725149,0.693941,0.741346,0.946088,0.968038,0.957000
ambient_06::pitch_shift::-1st,ambient_06,ambient,H,pitch_shift,-1.0,0.903169,0.830952,0.697581,0.741306,0.962574,0.970967,0.966761
ambient_06::pitch_shift::+1st,ambient_06,ambient,H,pitch_shift,1.0,0.901373,0.786065,0.693696,0.786158,0.960731,0.967623,0.964171
ambient_06::pitch_shift::+2st,ambient_06,ambient,H,pitch_shift,2.0,0.902912,0.667559,0.687621,0.786523,0.937992,0.974808,0.956223
ambient_06::pitch_shift::+4st,ambient_06,ambient,H,pitch_shift,4.0,0.941973,0.568132,0.671017,0.766856,0.887196,0.968016,0.926725
ambient_06::time_stretch::-20pct,ambient_06,ambient,R,time_stretch,-20.0,0.998208,0.821386,0.528688,0.847704,0.720358,0.972601,0.837031
ambient_06::time_stretch::-10pct,ambient_06,ambient,R,time_stretch,-10.0,0.999552,0.848160,0.485195,0.858372,0.748228,0.972312,0.852943
ambient_06::time_stretch::-5pct,ambient_06,ambient,R,time_stretch,-5.0,0.999569,0.888466,0.470404,0.865404,0.803307,0.975665,0.885301
ambient_06::time_stretch::+5pct,ambient_06,ambient,R,time_stretch,5.0,0.999789,0.887261,0.511152,0.875483,0.811638,0.981499,0.892537
ambient_06::time_stretch::+10pct,ambient_06,ambient,R,time_stretch,10.0,0.999452,0.848974,0.524802,0.862778,0.749481,0.990923,0.861788
ambient_06::time_stretch::+20pct,ambient_06,ambient,R,time_stretch,20.0,0.998026,0.822305,0.603077,0.861623,0.724129,0.974748,0.840145
ambient_06::lowpass::lp8000,ambient_06,ambient,T,lowpass,8000.0,1.000000,0.600506,0.997262,0.877748,0.991070,0.990214,0.990642
ambient_06::lowpass::lp4000,ambient_06,ambient,T,lowpass,4000.0,0.999997,0.441231,0.989876,0.761450,0.981906,0.948206,0.964909
ambient_06::lowpass::lp2000,ambient_06,ambient,T,lowpass,2000.0,0.999978,0.390320,0.975047,0.761074,0.960688,0.910445,0.935229
ambient_06::distortion::drv4,ambient_06,ambient,T,distortion,4.0,0.999716,0.707646,0.959996,0.725169,0.931842,0.957592,0.944629
ambient_06::distortion::drv12,ambient_06,ambient,T,distortion,12.0,0.997673,0.491608,0.748365,0.571179,0.862430,0.887051,0.874653
ambient_06::distortion::drv32,ambient_06,ambient,T,distortion,32.0,0.996700,0.459338,0.831052,0.477057,0.827806,0.838313,0.833043
ambient_06::style_swap::swap_cross,ambient_06,ambient,S,style_swap,nan,0.864388,0.470866,0.734756,0.640891,0.510118,0.832763,0.651772
ambient_06::style_swap::swap_same,ambient_06,ambient,S,style_swap,nan,0.683270,0.453647,0.736087,0.664982,0.732588,0.818454,0.774332
ambient_07::control::ctrl,ambient_07,ambient,control,control,0.0,1.000000,1.000000,1.000000,0.838622,1.000000,1.000000,1.000000
ambient_07::pitch_shift::-4st,ambient_07,ambient,H,pitch_shift,-4.0,0.393655,0.604657,0.993286,0.744362,0.976798,0.979178,0.977987
ambient_07::pitch_shift::-2st,ambient_07,ambient,H,pitch_shift,-2.0,0.689597,0.713787,0.997655,0.780969,0.983199,0.984906,0.984052
ambient_07::pitch_shift::-1st,ambient_07,ambient,H,pitch_shift,-1.0,0.345551,0.810926,0.998603,0.755294,0.989811,0.989387,0.989599
ambient_07::pitch_shift::+1st,ambient_07,ambient,H,pitch_shift,1.0,0.358931,0.799919,0.998054,0.748325,0.988253,0.981259,0.984750
ambient_07::pitch_shift::+2st,ambient_07,ambient,H,pitch_shift,2.0,0.671615,0.724955,0.996185,0.770584,0.980767,0.979747,0.980257
ambient_07::pitch_shift::+4st,ambient_07,ambient,H,pitch_shift,4.0,0.358746,0.608252,0.990207,0.716190,0.972007,0.966452,0.969226
ambient_07::time_stretch::-20pct,ambient_07,ambient,R,time_stretch,-20.0,0.995224,0.839484,0.826813,0.820231,0.707587,0.983227,0.834097
ambient_07::time_stretch::-10pct,ambient_07,ambient,R,time_stretch,-10.0,0.997987,0.886904,0.864750,0.849696,0.765748,0.979237,0.865938
ambient_07::time_stretch::-5pct,ambient_07,ambient,R,time_stretch,-5.0,0.999391,0.888946,0.898460,0.843900,0.833753,0.990621,0.908809
ambient_07::time_stretch::+5pct,ambient_07,ambient,R,time_stretch,5.0,0.999447,0.883194,0.896076,0.833091,0.822937,0.987900,0.901654
ambient_07::time_stretch::+10pct,ambient_07,ambient,R,time_stretch,10.0,0.997690,0.857473,0.868285,0.840979,0.767895,0.988573,0.871275
ambient_07::time_stretch::+20pct,ambient_07,ambient,R,time_stretch,20.0,0.995508,0.843121,0.856899,0.841689,0.719185,0.986085,0.842127
ambient_07::lowpass::lp8000,ambient_07,ambient,T,lowpass,8000.0,0.999997,0.874025,0.999889,0.845219,0.999356,0.973070,0.986125
ambient_07::lowpass::lp4000,ambient_07,ambient,T,lowpass,4000.0,0.999993,0.601988,0.999426,0.839012,0.996411,0.943493,0.969591
ambient_07::lowpass::lp2000,ambient_07,ambient,T,lowpass,2000.0,0.999893,0.480554,0.998851,0.813616,0.992895,0.909224,0.950139
ambient_07::distortion::drv4,ambient_07,ambient,T,distortion,4.0,0.999939,0.810032,0.999150,0.829498,0.993603,0.998032,0.995815
ambient_07::distortion::drv12,ambient_07,ambient,T,distortion,12.0,0.998365,0.599668,0.994383,0.764790,0.953303,0.924192,0.938635
ambient_07::distortion::drv32,ambient_07,ambient,T,distortion,32.0,0.990253,0.493914,0.988822,0.711121,0.893682,0.741935,0.814281
ambient_07::style_swap::swap_cross,ambient_07,ambient,S,style_swap,nan,0.803303,0.448432,0.877081,0.588140,0.682401,0.823090,0.749451
ambient_07::style_swap::swap_same,ambient_07,ambient,S,style_swap,nan,0.800924,0.441013,0.921675,0.608964,0.715294,0.759188,0.736914
ambient_08::control::ctrl,ambient_08,ambient,control,control,0.0,1.000000,1.000000,1.000000,0.822059,1.000000,1.000000,1.000000
ambient_08::pitch_shift::-4st,ambient_08,ambient,H,pitch_shift,-4.0,0.723803,0.510457,0.981699,0.768288,0.942857,0.980547,0.961517
ambient_08::pitch_shift::-2st,ambient_08,ambient,H,pitch_shift,-2.0,0.608591,0.620931,0.984900,0.768210,0.956733,0.972681,0.964674
ambient_08::pitch_shift::-1st,ambient_08,ambient,H,pitch_shift,-1.0,0.472501,0.733390,0.987599,0.767301,0.973641,0.983112,0.978365
ambient_08::pitch_shift::+1st,ambient_08,ambient,H,pitch_shift,1.0,0.454409,0.715595,0.977583,0.767878,0.972746,0.984390,0.978551
ambient_08::pitch_shift::+2st,ambient_08,ambient,H,pitch_shift,2.0,0.590542,0.619937,0.985306,0.773870,0.936726,0.990629,0.963300
ambient_08::pitch_shift::+4st,ambient_08,ambient,H,pitch_shift,4.0,0.673092,0.537854,0.985874,0.749685,0.942109,0.990760,0.966128
ambient_08::time_stretch::-20pct,ambient_08,ambient,R,time_stretch,-20.0,0.978781,0.772355,0.951184,0.810150,0.759659,0.984315,0.864722
ambient_08::time_stretch::-10pct,ambient_08,ambient,R,time_stretch,-10.0,0.990527,0.787403,0.952786,0.805191,0.775874,0.988613,0.875808
ambient_08::time_stretch::-5pct,ambient_08,ambient,R,time_stretch,-5.0,0.997675,0.835389,0.947009,0.813619,0.857158,0.994931,0.923478
ambient_08::time_stretch::+5pct,ambient_08,ambient,R,time_stretch,5.0,0.996387,0.785292,0.954589,0.828767,0.864798,0.995767,0.927975
ambient_08::time_stretch::+10pct,ambient_08,ambient,R,time_stretch,10.0,0.995280,0.787221,0.963118,0.793567,0.810539,0.991079,0.896274
ambient_08::time_stretch::+20pct,ambient_08,ambient,R,time_stretch,20.0,0.961311,0.632961,0.953815,0.798695,0.765557,0.990812,0.870932
ambient_08::lowpass::lp8000,ambient_08,ambient,T,lowpass,8000.0,0.999979,0.467328,0.997865,0.816712,0.998798,0.954117,0.976202
ambient_08::lowpass::lp4000,ambient_08,ambient,T,lowpass,4000.0,0.999978,0.450038,0.996530,0.781847,0.996807,0.908054,0.951396
ambient_08::lowpass::lp2000,ambient_08,ambient,T,lowpass,2000.0,0.999324,0.423370,0.994445,0.766173,0.996104,0.854791,0.922746
ambient_08::distortion::drv4,ambient_08,ambient,T,distortion,4.0,0.999838,0.892702,0.997075,0.820312,0.988027,0.999216,0.993606
ambient_08::distortion::drv12,ambient_08,ambient,T,distortion,12.0,0.995272,0.667041,0.986724,0.743824,0.947581,0.963924,0.955717
ambient_08::distortion::drv32,ambient_08,ambient,T,distortion,32.0,0.982232,0.547025,0.977122,0.650902,0.909405,0.887336,0.898303
ambient_08::style_swap::swap_cross,ambient_08,ambient,S,style_swap,nan,0.745865,0.415230,0.923419,0.480313,0.676501,0.612682,0.643802
ambient_08::style_swap::swap_same,ambient_08,ambient,S,style_swap,nan,0.787097,0.417093,0.901420,0.556849,0.663469,0.703308,0.683098
ambient_09::control::ctrl,ambient_09,ambient,control,control,0.0,1.000000,1.000000,1.000000,0.816552,1.000000,1.000000,1.000000
ambient_09::pitch_shift::-4st,ambient_09,ambient,H,pitch_shift,-4.0,0.712680,0.500521,0.962175,0.762199,0.938188,0.987457,0.962507
ambient_09::pitch_shift::-2st,ambient_09,ambient,H,pitch_shift,-2.0,0.875073,0.639930,0.938120,0.790080,0.959143,0.987441,0.973189
ambient_09::pitch_shift::-1st,ambient_09,ambient,H,pitch_shift,-1.0,0.663314,0.728254,0.973127,0.753929,0.970337,0.990886,0.980558
ambient_09::pitch_shift::+1st,ambient_09,ambient,H,pitch_shift,1.0,0.688159,0.822591,0.973200,0.768914,0.965570,0.988269,0.976853
ambient_09::pitch_shift::+2st,ambient_09,ambient,H,pitch_shift,2.0,0.847923,0.742165,0.974416,0.774231,0.947825,0.991042,0.969193
ambient_09::pitch_shift::+4st,ambient_09,ambient,H,pitch_shift,4.0,0.689868,0.637622,0.971022,0.716196,0.949962,0.980796,0.965256
ambient_09::time_stretch::-20pct,ambient_09,ambient,R,time_stretch,-20.0,0.992976,0.825241,0.847720,0.805583,0.664564,0.983088,0.808285
ambient_09::time_stretch::-10pct,ambient_09,ambient,R,time_stretch,-10.0,0.995879,0.853611,0.797548,0.803906,0.735384,0.990466,0.853448
ambient_09::time_stretch::-5pct,ambient_09,ambient,R,time_stretch,-5.0,0.996090,0.866738,0.823603,0.806642,0.807834,0.990362,0.894454
ambient_09::time_stretch::+5pct,ambient_09,ambient,R,time_stretch,5.0,0.997789,0.857327,0.797478,0.827377,0.816605,0.991806,0.899952
ambient_09::time_stretch::+10pct,ambient_09,ambient,R,time_stretch,10.0,0.997842,0.845212,0.773415,0.803843,0.769552,0.988379,0.872129
ambient_09::time_stretch::+20pct,ambient_09,ambient,R,time_stretch,20.0,0.995433,0.840177,0.724705,0.793293,0.706965,0.989214,0.836266
ambient_09::lowpass::lp8000,ambient_09,ambient,T,lowpass,8000.0,0.998881,0.453000,0.992739,0.810084,0.998310,0.971485,0.984806
ambient_09::lowpass::lp4000,ambient_09,ambient,T,lowpass,4000.0,0.999998,0.420715,0.987042,0.756408,0.987336,0.911294,0.948553
ambient_09::lowpass::lp2000,ambient_09,ambient,T,lowpass,2000.0,0.998481,0.423547,0.980518,0.755921,0.984113,0.909886,0.946272
ambient_09::distortion::drv4,ambient_09,ambient,T,distortion,4.0,0.999147,0.885405,0.995233,0.811377,0.990430,0.999399,0.994904
ambient_09::distortion::drv12,ambient_09,ambient,T,distortion,12.0,0.999473,0.715357,0.973820,0.788983,0.949264,0.983245,0.966105
ambient_09::distortion::drv32,ambient_09,ambient,T,distortion,32.0,0.996241,0.594114,0.942727,0.725890,0.899611,0.907649,0.903621
ambient_09::style_swap::swap_cross,ambient_09,ambient,S,style_swap,nan,0.842045,0.480484,0.769403,0.599415,0.616935,0.657309,0.636802
ambient_09::style_swap::swap_same,ambient_09,ambient,S,style_swap,nan,0.545857,0.412381,0.811315,0.633349,0.658557,0.734938,0.695700
ambient_10::control::ctrl,ambient_10,ambient,control,control,0.0,1.000000,1.000000,1.000000,0.735890,1.000000,1.000000,1.000000
ambient_10::pitch_shift::-4st,ambient_10,ambient,H,pitch_shift,-4.0,0.875458,0.461847,0.972453,0.660295,0.824049,0.972835,0.895357
ambient_10::pitch_shift::-2st,ambient_10,ambient,H,pitch_shift,-2.0,0.921455,0.563085,0.978307,0.716528,0.850166,0.951021,0.899181
ambient_10::pitch_shift::-1st,ambient_10,ambient,H,pitch_shift,-1.0,0.970039,0.693054,0.980250,0.707251,0.847858,0.972247,0.907924
ambient_10::pitch_shift::+1st,ambient_10,ambient,H,pitch_shift,1.0,0.986659,0.690748,0.969727,0.726409,0.887243,0.974617,0.929904
ambient_10::pitch_shift::+2st,ambient_10,ambient,H,pitch_shift,2.0,0.961057,0.578212,0.971882,0.695984,0.870550,0.945595,0.907297
ambient_10::pitch_shift::+4st,ambient_10,ambient,H,pitch_shift,4.0,0.944938,0.449543,0.980744,0.677370,0.860771,0.940451,0.899729
ambient_10::time_stretch::-20pct,ambient_10,ambient,R,time_stretch,-20.0,0.986184,0.725964,0.937202,0.694503,0.728093,0.971030,0.840833
ambient_10::time_stretch::-10pct,ambient_10,ambient,R,time_stretch,-10.0,0.996962,0.764904,0.949751,0.725651,0.808172,0.974283,0.887349
ambient_10::time_stretch::-5pct,ambient_10,ambient,R,time_stretch,-5.0,0.988589,0.762821,0.948427,0.731634,0.830854,0.969314,0.897417
ambient_10::time_stretch::+5pct,ambient_10,ambient,R,time_stretch,5.0,0.998284,0.752154,0.947626,0.712382,0.814116,0.979893,0.893166
ambient_10::time_stretch::+10pct,ambient_10,ambient,R,time_stretch,10.0,0.996403,0.744653,0.938064,0.680691,0.797879,0.969457,0.879494
ambient_10::time_stretch::+20pct,ambient_10,ambient,R,time_stretch,20.0,0.996128,0.787709,0.957747,0.709628,0.754513,0.975756,0.858033
ambient_10::lowpass::lp8000,ambient_10,ambient,T,lowpass,8000.0,1.000000,0.551173,0.999327,0.737563,0.998655,0.978948,0.988752
ambient_10::lowpass::lp4000,ambient_10,ambient,T,lowpass,4000.0,0.999998,0.427673,0.997842,0.709504,0.991248,0.932033,0.961184
ambient_10::lowpass::lp2000,ambient_10,ambient,T,lowpass,2000.0,0.999463,0.380097,0.995412,0.674398,0.977110,0.932979,0.954790
ambient_10::distortion::drv4,ambient_10,ambient,T,distortion,4.0,0.999936,0.906382,0.997533,0.717609,0.996254,0.997602,0.996928
ambient_10::distortion::drv12,ambient_10,ambient,T,distortion,12.0,0.999871,0.611583,0.954245,0.663428,0.943149,0.919586,0.931293
ambient_10::distortion::drv32,ambient_10,ambient,T,distortion,32.0,0.999184,0.459026,0.942726,0.576904,0.864494,0.891979,0.878129
ambient_10::style_swap::swap_cross,ambient_10,ambient,S,style_swap,nan,0.924343,0.396036,0.952955,0.585000,0.604948,0.566633,0.585478
ambient_10::style_swap::swap_same,ambient_10,ambient,S,style_swap,nan,0.789284,0.401594,0.938743,0.730966,0.836027,0.739444,0.786254
ambient_11::control::ctrl,ambient_11,ambient,control,control,0.0,0.999997,0.992369,0.999991,0.829892,1.000000,0.999914,0.999957
ambient_11::pitch_shift::-4st,ambient_11,ambient,H,pitch_shift,-4.0,0.792757,0.512197,0.992110,0.750112,0.902193,0.962612,0.931913
ambient_11::pitch_shift::-2st,ambient_11,ambient,H,pitch_shift,-2.0,0.868017,0.648893,0.995802,0.726871,0.935485,0.974750,0.954915
ambient_11::pitch_shift::-1st,ambient_11,ambient,H,pitch_shift,-1.0,0.799248,0.753158,0.996827,0.856528,0.960051,0.982500,0.971211
ambient_11::pitch_shift::+1st,ambient_11,ambient,H,pitch_shift,1.0,0.804936,0.759027,0.995482,0.789121,0.963378,0.983613,0.973443
ambient_11::pitch_shift::+2st,ambient_11,ambient,H,pitch_shift,2.0,0.857017,0.638144,0.993788,0.803184,0.950048,0.961536,0.955775
ambient_11::pitch_shift::+4st,ambient_11,ambient,H,pitch_shift,4.0,0.770872,0.528879,0.986629,0.791045,0.919525,0.932190,0.925836
ambient_11::time_stretch::-20pct,ambient_11,ambient,R,time_stretch,-20.0,0.995223,0.857046,0.738374,0.849669,0.652352,0.968314,0.794784
ambient_11::time_stretch::-10pct,ambient_11,ambient,R,time_stretch,-10.0,0.998735,0.879810,0.779856,0.834173,0.667731,0.983861,0.810528
ambient_11::time_stretch::-5pct,ambient_11,ambient,R,time_stretch,-5.0,0.999113,0.895625,0.825443,0.844242,0.732272,0.985587,0.849540
ambient_11::time_stretch::+5pct,ambient_11,ambient,R,time_stretch,5.0,0.999240,0.910075,0.823214,0.849994,0.699855,0.984614,0.830112
ambient_11::time_stretch::+10pct,ambient_11,ambient,R,time_stretch,10.0,0.998297,0.871096,0.782966,0.842862,0.689586,0.986202,0.824664
ambient_11::time_stretch::+20pct,ambient_11,ambient,R,time_stretch,20.0,0.997867,0.809079,0.761825,0.836809,0.647786,0.980237,0.796859
ambient_11::lowpass::lp8000,ambient_11,ambient,T,lowpass,8000.0,0.999997,0.453637,0.997642,0.847709,0.997308,0.967760,0.982423
ambient_11::lowpass::lp4000,ambient_11,ambient,T,lowpass,4000.0,0.999875,0.435715,0.837154,0.794298,0.973112,0.853208,0.911190
ambient_11::lowpass::lp2000,ambient_11,ambient,T,lowpass,2000.0,0.994462,0.402551,0.821830,0.675593,0.953621,0.717605,0.827238
ambient_11::distortion::drv4,ambient_11,ambient,T,distortion,4.0,0.999811,0.723192,0.998499,0.810969,0.990309,0.997589,0.993943
ambient_11::distortion::drv12,ambient_11,ambient,T,distortion,12.0,0.997487,0.550873,0.992885,0.778540,0.960351,0.962558,0.961454
ambient_11::distortion::drv32,ambient_11,ambient,T,distortion,32.0,0.992133,0.463777,0.819374,0.735714,0.923695,0.861299,0.891951
ambient_11::style_swap::swap_cross,ambient_11,ambient,S,style_swap,nan,0.914370,0.374194,0.747802,0.731537,0.564257,0.698636,0.627862
ambient_11::style_swap::swap_same,ambient_11,ambient,S,style_swap,nan,0.969948,0.474155,0.729045,0.771585,0.668703,0.702252,0.685273
ambient_12::control::ctrl,ambient_12,ambient,control,control,0.0,1.000000,1.000000,1.000000,0.582125,1.000000,1.000000,1.000000
ambient_12::pitch_shift::-4st,ambient_12,ambient,H,pitch_shift,-4.0,0.982149,0.439230,0.976882,0.464105,0.966108,0.973169,0.969632
ambient_12::pitch_shift::-2st,ambient_12,ambient,H,pitch_shift,-2.0,0.990802,0.554137,0.988544,0.488541,0.973130,0.980890,0.977002
ambient_12::pitch_shift::-1st,ambient_12,ambient,H,pitch_shift,-1.0,0.991962,0.700742,0.978902,0.507780,0.982782,0.980144,0.981462
ambient_12::pitch_shift::+1st,ambient_12,ambient,H,pitch_shift,1.0,0.992449,0.721010,0.996332,0.589633,0.974912,0.973675,0.974293
ambient_12::pitch_shift::+2st,ambient_12,ambient,H,pitch_shift,2.0,0.989630,0.610298,0.996432,0.593072,0.965326,0.956267,0.960786
ambient_12::pitch_shift::+4st,ambient_12,ambient,H,pitch_shift,4.0,0.983221,0.508080,0.989325,0.555993,0.965646,0.951105,0.958348
ambient_12::time_stretch::-20pct,ambient_12,ambient,R,time_stretch,-20.0,0.999359,0.858799,0.958762,0.563059,0.575972,0.939198,0.735494
ambient_12::time_stretch::-10pct,ambient_12,ambient,R,time_stretch,-10.0,0.999430,0.885672,0.962486,0.565227,0.690395,0.970437,0.818526
ambient_12::time_stretch::-5pct,ambient_12,ambient,R,time_stretch,-5.0,0.999331,0.873550,0.959203,0.571292,0.830164,0.984345,0.903973
ambient_12::time_stretch::+5pct,ambient_12,ambient,R,time_stretch,5.0,0.999779,0.831324,0.958804,0.555992,0.853151,0.986773,0.917533
ambient_12::time_stretch::+10pct,ambient_12,ambient,R,time_stretch,10.0,0.999273,0.898511,0.947216,0.596372,0.748011,0.982712,0.857368
ambient_12::time_stretch::+20pct,ambient_12,ambient,R,time_stretch,20.0,0.999050,0.864608,0.971289,0.592276,0.607922,0.967175,0.766790
ambient_12::lowpass::lp8000,ambient_12,ambient,T,lowpass,8000.0,0.999990,0.996663,0.999997,0.568976,0.994937,0.988441,0.991684
ambient_12::lowpass::lp4000,ambient_12,ambient,T,lowpass,4000.0,0.999990,0.619340,0.999946,0.555715,0.995707,0.961380,0.978393
ambient_12::lowpass::lp2000,ambient_12,ambient,T,lowpass,2000.0,0.999640,0.444727,0.999470,0.556086,0.979233,0.893117,0.935184
ambient_12::distortion::drv4,ambient_12,ambient,T,distortion,4.0,0.999194,0.707435,0.992325,0.521410,0.989120,0.986808,0.987963
ambient_12::distortion::drv12,ambient_12,ambient,T,distortion,12.0,0.999000,0.547497,0.989891,0.490702,0.979207,0.954679,0.966865
ambient_12::distortion::drv32,ambient_12,ambient,T,distortion,32.0,0.999091,0.483179,0.988339,0.424497,0.957227,0.880158,0.917884
ambient_12::style_swap::swap_cross,ambient_12,ambient,S,style_swap,nan,0.957063,0.351425,0.957997,0.433010,0.650599,0.654761,0.652677
ambient_12::style_swap::swap_same,ambient_12,ambient,S,style_swap,nan,0.732430,0.441401,0.969138,0.582886,0.570979,0.590286,0.580552
ambient_13::control::ctrl,ambient_13,ambient,control,control,0.0,1.000000,1.000000,1.000000,0.806060,1.000000,1.000000,1.000000
ambient_13::pitch_shift::-4st,ambient_13,ambient,H,pitch_shift,-4.0,0.556186,0.600669,0.927063,0.759677,0.947036,0.933351,0.940168
ambient_13::pitch_shift::-2st,ambient_13,ambient,H,pitch_shift,-2.0,0.749166,0.681639,0.974646,0.794013,0.964971,0.983276,0.974081
ambient_13::pitch_shift::-1st,ambient_13,ambient,H,pitch_shift,-1.0,0.489544,0.800135,0.978308,0.768210,0.973380,0.987994,0.980660
ambient_13::pitch_shift::+1st,ambient_13,ambient,H,pitch_shift,1.0,0.513236,0.817322,0.976178,0.802709,0.974766,0.982445,0.978598
ambient_13::pitch_shift::+2st,ambient_13,ambient,H,pitch_shift,2.0,0.742498,0.692902,0.972239,0.796399,0.970214,0.978023,0.974111
ambient_13::pitch_shift::+4st,ambient_13,ambient,H,pitch_shift,4.0,0.646190,0.615799,0.960454,0.725756,0.951976,0.947767,0.949869
ambient_13::time_stretch::-20pct,ambient_13,ambient,R,time_stretch,-20.0,0.965806,0.797673,0.597956,0.803283,0.808682,0.983652,0.891887
ambient_13::time_stretch::-10pct,ambient_13,ambient,R,time_stretch,-10.0,0.988974,0.785547,0.529167,0.828154,0.866179,0.984219,0.923315
ambient_13::time_stretch::-5pct,ambient_13,ambient,R,time_stretch,-5.0,0.991312,0.814777,0.728429,0.825544,0.921834,0.988111,0.954397
ambient_13::time_stretch::+5pct,ambient_13,ambient,R,time_stretch,5.0,0.995766,0.852228,0.734106,0.815718,0.929365,0.992481,0.960405
ambient_13::time_stretch::+10pct,ambient_13,ambient,R,time_stretch,10.0,0.988421,0.825857,0.645295,0.795057,0.884569,0.988625,0.935151
ambient_13::time_stretch::+20pct,ambient_13,ambient,R,time_stretch,20.0,0.979249,0.788526,0.653463,0.786682,0.861542,0.976737,0.917333
ambient_13::lowpass::lp8000,ambient_13,ambient,T,lowpass,8000.0,1.000000,0.536139,0.984054,0.812374,0.990715,0.981935,0.986315
ambient_13::lowpass::lp4000,ambient_13,ambient,T,lowpass,4000.0,1.000000,0.452412,0.956057,0.795859,0.991102,0.949948,0.970307
ambient_13::lowpass::lp2000,ambient_13,ambient,T,lowpass,2000.0,0.999944,0.430353,0.926302,0.766443,0.975127,0.924969,0.949717
ambient_13::distortion::drv4,ambient_13,ambient,T,distortion,4.0,0.999734,0.806216,0.986011,0.802788,0.984623,0.988854,0.986736
ambient_13::distortion::drv12,ambient_13,ambient,T,distortion,12.0,0.993729,0.615945,0.944278,0.704931,0.949807,0.921423,0.935507
ambient_13::distortion::drv32,ambient_13,ambient,T,distortion,32.0,0.983502,0.505243,0.884956,0.556149,0.915585,0.850049,0.882209
ambient_13::style_swap::swap_cross,ambient_13,ambient,S,style_swap,nan,0.833886,0.386475,0.679407,0.575880,0.740864,0.649957,0.693924
ambient_13::style_swap::swap_same,ambient_13,ambient,S,style_swap,nan,0.942991,0.463723,0.794526,0.681603,0.777184,0.895379,0.834191
ambient_14::control::ctrl,ambient_14,ambient,control,control,0.0,1.000000,1.000000,1.000000,0.839459,1.000000,1.000000,1.000000
ambient_14::pitch_shift::-4st,ambient_14,ambient,H,pitch_shift,-4.0,0.445474,0.509280,0.980121,0.722976,0.950338,0.988615,0.969288
ambient_14::pitch_shift::-2st,ambient_14,ambient,H,pitch_shift,-2.0,0.603276,0.615384,0.981515,0.771188,0.962498,0.989329,0.975821
ambient_14::pitch_shift::-1st,ambient_14,ambient,H,pitch_shift,-1.0,0.349664,0.717494,0.990500,0.721948,0.965443,0.991243,0.978258
ambient_14::pitch_shift::+1st,ambient_14,ambient,H,pitch_shift,1.0,0.339898,0.734084,0.990554,0.757745,0.968713,0.994078,0.981313
ambient_14::pitch_shift::+2st,ambient_14,ambient,H,pitch_shift,2.0,0.613777,0.619659,0.982365,0.749924,0.952138,0.987860,0.969834
ambient_14::pitch_shift::+4st,ambient_14,ambient,H,pitch_shift,4.0,0.430828,0.521558,0.990088,0.728772,0.919528,0.985564,0.951973
ambient_14::time_stretch::-20pct,ambient_14,ambient,R,time_stretch,-20.0,0.995258,0.823346,0.954713,0.852833,0.698097,0.990746,0.831647
ambient_14::time_stretch::-10pct,ambient_14,ambient,R,time_stretch,-10.0,0.998562,0.830130,0.953812,0.824889,0.739256,0.995049,0.857669
ambient_14::time_stretch::-5pct,ambient_14,ambient,R,time_stretch,-5.0,0.997920,0.854890,0.970227,0.841415,0.835666,0.993780,0.911300
ambient_14::time_stretch::+5pct,ambient_14,ambient,R,time_stretch,5.0,0.997708,0.833173,0.960823,0.832387,0.845235,0.991983,0.915674
ambient_14::time_stretch::+10pct,ambient_14,ambient,R,time_stretch,10.0,0.998610,0.841678,0.959540,0.831844,0.781928,0.991406,0.880459
ambient_14::time_stretch::+20pct,ambient_14,ambient,R,time_stretch,20.0,0.998394,0.828925,0.951936,0.833433,0.691074,0.992114,0.828024
ambient_14::lowpass::lp8000,ambient_14,ambient,T,lowpass,8000.0,1.000000,0.555157,0.991686,0.846583,0.996809,0.953516,0.974922
ambient_14::lowpass::lp4000,ambient_14,ambient,T,lowpass,4000.0,0.999972,0.480145,0.990441,0.791929,0.981920,0.931418,0.956336
ambient_14::lowpass::lp2000,ambient_14,ambient,T,lowpass,2000.0,0.999001,0.443293,0.996146,0.770810,0.976583,0.869109,0.921280
ambient_14::distortion::drv4,ambient_14,ambient,T,distortion,4.0,0.999602,0.795469,0.979915,0.820304,0.992383,0.999104,0.995738
ambient_14::distortion::drv12,ambient_14,ambient,T,distortion,12.0,0.989304,0.555726,0.969931,0.698201,0.958359,0.923408,0.940721
ambient_14::distortion::drv32,ambient_14,ambient,T,distortion,32.0,0.967010,0.457764,0.964897,0.575610,0.919207,0.860754,0.889500
ambient_14::style_swap::swap_cross,ambient_14,ambient,S,style_swap,nan,0.496949,0.400790,0.951005,0.623286,0.635700,0.707197,0.670496
ambient_14::style_swap::swap_same,ambient_14,ambient,S,style_swap,nan,0.877742,0.346620,0.950537,0.636024,0.685441,0.639280,0.661959
ambient_15::control::ctrl,ambient_15,ambient,control,control,0.0,1.000000,1.000000,1.000000,0.787864,1.000000,1.000000,1.000000
ambient_15::pitch_shift::-4st,ambient_15,ambient,H,pitch_shift,-4.0,0.795832,0.395902,0.968380,0.736827,0.921164,0.857477,0.888750
ambient_15::pitch_shift::-2st,ambient_15,ambient,H,pitch_shift,-2.0,0.894009,0.475818,0.976969,0.774410,0.940667,0.898693,0.919441
ambient_15::pitch_shift::-1st,ambient_15,ambient,H,pitch_shift,-1.0,0.754429,0.598125,0.980004,0.788311,0.962974,0.943692,0.953284
ambient_15::pitch_shift::+1st,ambient_15,ambient,H,pitch_shift,1.0,0.766570,0.571167,0.980927,0.789709,0.958297,0.973017,0.965629
ambient_15::pitch_shift::+2st,ambient_15,ambient,H,pitch_shift,2.0,0.910526,0.458781,0.979721,0.797549,0.941133,0.914275,0.927607
ambient_15::pitch_shift::+4st,ambient_15,ambient,H,pitch_shift,4.0,0.838639,0.413429,0.977514,0.763408,0.935738,0.883348,0.909166
ambient_15::time_stretch::-20pct,ambient_15,ambient,R,time_stretch,-20.0,0.996613,0.821128,0.805354,0.773788,0.699707,0.964324,0.821428
ambient_15::time_stretch::-10pct,ambient_15,ambient,R,time_stretch,-10.0,0.998577,0.835014,0.701719,0.792343,0.712462,0.973021,0.832611
ambient_15::time_stretch::-5pct,ambient_15,ambient,R,time_stretch,-5.0,0.998239,0.853619,0.771440,0.805448,0.771993,0.970925,0.865764
ambient_15::time_stretch::+5pct,ambient_15,ambient,R,time_stretch,5.0,0.998199,0.851793,0.775751,0.778872,0.791393,0.937385,0.861301
ambient_15::time_stretch::+10pct,ambient_15,ambient,R,time_stretch,10.0,0.998226,0.840353,0.713396,0.779631,0.710604,0.971244,0.830765
ambient_15::time_stretch::+20pct,ambient_15,ambient,R,time_stretch,20.0,0.996879,0.849316,0.654613,0.776588,0.694478,0.963524,0.818014
ambient_15::lowpass::lp8000,ambient_15,ambient,T,lowpass,8000.0,1.000000,0.458808,0.994995,0.787553,0.997382,0.971416,0.984313
ambient_15::lowpass::lp4000,ambient_15,ambient,T,lowpass,4000.0,1.000000,0.451133,0.977747,0.779640,0.990446,0.884209,0.935821
ambient_15::lowpass::lp2000,ambient_15,ambient,T,lowpass,2000.0,0.999970,0.433479,0.962747,0.764343,0.983394,0.839085,0.908378
ambient_15::distortion::drv4,ambient_15,ambient,T,distortion,4.0,0.999997,0.918726,0.996114,0.788468,0.995498,0.999510,0.997502
ambient_15::distortion::drv12,ambient_15,ambient,T,distortion,12.0,0.999574,0.594689,0.985910,0.757945,0.958917,0.932064,0.945395
ambient_15::distortion::drv32,ambient_15,ambient,T,distortion,32.0,0.996240,0.471304,0.978213,0.728469,0.925307,0.791450,0.855765
ambient_15::style_swap::swap_cross,ambient_15,ambient,S,style_swap,nan,0.898710,0.398311,0.674610,0.687153,0.574813,0.518487,0.545924
ambient_15::style_swap::swap_same,ambient_15,ambient,S,style_swap,nan,0.903423,0.342104,0.765265,0.637534,0.650127,0.741182,0.694163
electronic_01::control::ctrl,electronic_01,electronic,control,control,0.0,1.000000,1.000000,1.000000,0.605448,1.000000,1.000000,1.000000
electronic_01::pitch_shift::-4st,electronic_01,electronic,H,pitch_shift,-4.0,0.945811,0.422687,0.977400,0.663594,0.924682,0.971244,0.947677
electronic_01::pitch_shift::-2st,electronic_01,electronic,H,pitch_shift,-2.0,0.942735,0.582709,0.984895,0.705582,0.946236,0.962352,0.954260
electronic_01::pitch_shift::-1st,electronic_01,electronic,H,pitch_shift,-1.0,0.959297,0.730242,0.971446,0.655291,0.958634,0.975381,0.966971
electronic_01::pitch_shift::+1st,electronic_01,electronic,H,pitch_shift,1.0,0.969528,0.797640,0.973058,0.685798,0.955651,0.984729,0.970081
electronic_01::pitch_shift::+2st,electronic_01,electronic,H,pitch_shift,2.0,0.958703,0.690911,0.985230,0.661864,0.950266,0.962486,0.956357
electronic_01::pitch_shift::+4st,electronic_01,electronic,H,pitch_shift,4.0,0.950566,0.573887,0.971592,0.593226,0.909775,0.969718,0.939269
electronic_01::time_stretch::-20pct,electronic_01,electronic,R,time_stretch,-20.0,0.997518,0.805718,0.911469,0.572881,0.714948,0.956201,0.826821
electronic_01::time_stretch::-10pct,electronic_01,electronic,R,time_stretch,-10.0,0.997407,0.839154,0.909727,0.633867,0.790590,0.971090,0.876204
electronic_01::time_stretch::-5pct,electronic_01,electronic,R,time_stretch,-5.0,0.997500,0.864145,0.919759,0.602906,0.842728,0.971990,0.905054
electronic_01::time_stretch::+5pct,electronic_01,electronic,R,time_stretch,5.0,0.996980,0.874828,0.934457,0.602538,0.856323,0.985727,0.918749
electronic_01::time_stretch::+10pct,electronic_01,electronic,R,time_stretch,10.0,0.997182,0.879119,0.922208,0.624014,0.799683,0.987281,0.888545
electronic_01::time_stretch::+20pct,electronic_01,electronic,R,time_stretch,20.0,0.998620,0.707903,0.920848,0.610250,0.743560,0.978096,0.852803
electronic_01::lowpass::lp8000,electronic_01,electronic,T,lowpass,8000.0,0.999998,0.431203,0.999604,0.608343,0.999971,0.955231,0.977345
electronic_01::lowpass::lp4000,electronic_01,electronic,T,lowpass,4000.0,0.999975,0.441031,0.998875,0.658019,0.995094,0.896935,0.944740
electronic_01::lowpass::lp2000,electronic_01,electronic,T,lowpass,2000.0,0.999022,0.428175,0.994027,0.599325,0.995610,0.831900,0.910081
electronic_01::distortion::drv4,electronic_01,electronic,T,distortion,4.0,0.999998,0.998936,0.999994,0.616078,0.999997,0.999996,0.999996
electronic_01::distortion::drv12,electronic_01,electronic,T,distortion,12.0,0.997341,0.991985,0.999875,0.625838,0.997328,0.999945,0.998636
electronic_01::distortion::drv32,electronic_01,electronic,T,distortion,32.0,0.999364,0.901260,0.997859,0.614987,0.993927,0.996925,0.995425
electronic_01::style_swap::swap_cross,electronic_01,electronic,S,style_swap,nan,0.937976,0.349675,0.922398,0.540846,0.659197,0.733309,0.695266
electronic_01::style_swap::swap_same,electronic_01,electronic,S,style_swap,nan,0.952056,0.384604,0.845884,0.617156,0.583760,0.700512,0.639477
electronic_02::control::ctrl,electronic_02,electronic,control,control,0.0,1.000000,0.996412,0.999951,0.874203,1.000000,0.999929,0.999964
electronic_02::pitch_shift::-4st,electronic_02,electronic,H,pitch_shift,-4.0,0.845970,0.357292,0.986437,0.832489,0.907828,0.965675,0.936305
electronic_02::pitch_shift::-2st,electronic_02,electronic,H,pitch_shift,-2.0,0.933650,0.499879,0.991978,0.857402,0.924685,0.976642,0.950308
electronic_02::pitch_shift::-1st,electronic_02,electronic,H,pitch_shift,-1.0,0.854283,0.670267,0.994387,0.863993,0.971714,0.986465,0.979062
electronic_02::pitch_shift::+1st,electronic_02,electronic,H,pitch_shift,1.0,0.840383,0.829232,0.993616,0.855779,0.965924,0.984576,0.975205
electronic_02::pitch_shift::+2st,electronic_02,electronic,H,pitch_shift,2.0,0.925749,0.748019,0.989283,0.856158,0.937765,0.977605,0.957478
electronic_02::pitch_shift::+4st,electronic_02,electronic,H,pitch_shift,4.0,0.844764,0.632716,0.976408,0.840862,0.929311,0.974679,0.951725
electronic_02::time_stretch::-20pct,electronic_02,electronic,R,time_stretch,-20.0,0.996420,0.801553,0.618707,0.869642,0.551647,0.975917,0.733731
electronic_02::time_stretch::-10pct,electronic_02,electronic,R,time_stretch,-10.0,0.998428,0.833060,0.675261,0.876846,0.564893,0.979901,0.744002
electronic_02::time_stretch::-5pct,electronic_02,electronic,R,time_stretch,-5.0,0.999666,0.859886,0.730423,0.883943,0.644385,0.985138,0.796749
electronic_02::time_stretch::+5pct,electronic_02,electronic,R,time_stretch,5.0,0.998677,0.854712,0.754316,0.890392,0.630150,0.979381,0.785594
electronic_02::time_stretch::+10pct,electronic_02,electronic,R,time_stretch,10.0,0.998863,0.840921,0.695875,0.870806,0.563485,0.980850,0.743434
electronic_02::time_stretch::+20pct,electronic_02,electronic,R,time_stretch,20.0,0.998254,0.831386,0.598947,0.890392,0.526680,0.976827,0.717269
electronic_02::lowpass::lp8000,electronic_02,electronic,T,lowpass,8000.0,0.999868,0.367913,0.999430,0.869290,0.999451,0.961937,0.980515
electronic_02::lowpass::lp4000,electronic_02,electronic,T,lowpass,4000.0,0.999871,0.384484,0.998986,0.790429,0.991500,0.900402,0.944854
electronic_02::lowpass::lp2000,electronic_02,electronic,T,lowpass,2000.0,0.999789,0.367604,0.997399,0.763339,0.976118,0.855928,0.914049
electronic_02::distortion::drv4,electronic_02,electronic,T,distortion,4.0,0.999855,0.405606,0.980504,0.852719,0.978260,0.981526,0.979892
electronic_02::distortion::drv12,electronic_02,electronic,T,distortion,12.0,0.998243,0.371171,0.961512,0.823443,0.947158,0.953990,0.950568
electronic_02::distortion::drv32,electronic_02,electronic,T,distortion,32.0,0.996908,0.362562,0.952877,0.798600,0.930868,0.938372,0.934613
electronic_02::style_swap::swap_cross,electronic_02,electronic,S,style_swap,nan,0.960120,0.354984,0.585917,0.617612,0.581421,0.680624,0.629070
electronic_02::style_swap::swap_same,electronic_02,electronic,S,style_swap,nan,0.884276,0.331471,0.669026,0.599862,0.543931,0.679625,0.608004
electronic_03::control::ctrl,electronic_03,electronic,control,control,0.0,1.000000,1.000000,1.000000,0.753807,1.000000,1.000000,1.000000
electronic_03::pitch_shift::-4st,electronic_03,electronic,H,pitch_shift,-4.0,0.788346,0.519168,0.984427,0.696859,0.937734,0.970591,0.954021
electronic_03::pitch_shift::-2st,electronic_03,electronic,H,pitch_shift,-2.0,0.896738,0.691159,0.993354,0.724209,0.943812,0.982100,0.962765
electronic_03::pitch_shift::-1st,electronic_03,electronic,H,pitch_shift,-1.0,0.844839,0.819591,0.996090,0.716155,0.946997,0.986755,0.966672
electronic_03::pitch_shift::+1st,electronic_03,electronic,H,pitch_shift,1.0,0.835002,0.836081,0.994608,0.712004,0.940962,0.993412,0.966831
electronic_03::pitch_shift::+2st,electronic_03,electronic,H,pitch_shift,2.0,0.882757,0.749434,0.989889,0.689562,0.928832,0.988276,0.958093
electronic_03::pitch_shift::+4st,electronic_03,electronic,H,pitch_shift,4.0,0.779014,0.609306,0.970904,0.644988,0.911545,0.987590,0.948806
electronic_03::time_stretch::-20pct,electronic_03,electronic,R,time_stretch,-20.0,0.985607,0.879953,0.521783,0.766524,0.591036,0.969491,0.756971
electronic_03::time_stretch::-10pct,electronic_03,electronic,R,time_stretch,-10.0,0.987852,0.913809,0.608954,0.771110,0.636063,0.987505,0.792537
electronic_03::time_stretch::-5pct,electronic_03,electronic,R,time_stretch,-5.0,0.983866,0.926579,0.673739,0.760122,0.688021,0.988059,0.824503
electronic_03::time_stretch::+5pct,electronic_03,electronic,R,time_stretch,5.0,0.975732,0.938414,0.671795,0.783392,0.667755,0.986973,0.811823
electronic_03::time_stretch::+10pct,electronic_03,electronic,R,time_stretch,10.0,0.988753,0.900945,0.608096,0.752892,0.639130,0.981978,0.792219
electronic_03::time_stretch::+20pct,electronic_03,electronic,R,time_stretch,20.0,0.967919,0.869285,0.529469,0.754039,0.636595,0.984659,0.791725
electronic_03::lowpass::lp8000,electronic_03,electronic,T,lowpass,8000.0,0.999988,0.460280,0.997180,0.755356,0.988962,0.973195,0.981047
electronic_03::lowpass::lp4000,electronic_03,electronic,T,lowpass,4000.0,0.999992,0.443416,0.987591,0.692070,0.958741,0.895297,0.926476
electronic_03::lowpass::lp2000,electronic_03,electronic,T,lowpass,2000.0,0.999898,0.405602,0.973443,0.693037,0.958520,0.884296,0.920660
electronic_03::distortion::drv4,electronic_03,electronic,T,distortion,4.0,0.999817,0.727611,0.997881,0.751415,0.984855,0.993197,0.989017
electronic_03::distortion::drv12,electronic_03,electronic,T,distortion,12.0,0.998965,0.570448,0.989218,0.701862,0.942811,0.942121,0.942466
electronic_03::distortion::drv32,electronic_03,electronic,T,distortion,32.0,0.997222,0.489519,0.970613,0.645676,0.915863,0.871017,0.893159
electronic_03::style_swap::swap_cross,electronic_03,electronic,S,style_swap,nan,0.742728,0.422853,0.510899,0.426433,0.618959,0.647183,0.632914
electronic_03::style_swap::swap_same,electronic_03,electronic,S,style_swap,nan,0.883613,0.535962,0.482211,0.469829,0.527797,0.806314,0.652358
electronic_04::control::ctrl,electronic_04,electronic,control,control,0.0,1.000000,1.000000,1.000000,0.814233,1.000000,1.000000,1.000000
electronic_04::pitch_shift::-4st,electronic_04,electronic,H,pitch_shift,-4.0,0.808084,0.456859,0.981981,0.734941,0.921723,0.975190,0.948080
electronic_04::pitch_shift::-2st,electronic_04,electronic,H,pitch_shift,-2.0,0.892388,0.592037,0.989689,0.778971,0.946173,0.979735,0.962808
electronic_04::pitch_shift::-1st,electronic_04,electronic,H,pitch_shift,-1.0,0.967084,0.761149,0.992983,0.796113,0.972432,0.986652,0.979516
electronic_04::pitch_shift::+1st,electronic_04,electronic,H,pitch_shift,1.0,0.952675,0.871977,0.991361,0.793115,0.966282,0.989643,0.977893
electronic_04::pitch_shift::+2st,electronic_04,electronic,H,pitch_shift,2.0,0.890415,0.783176,0.988609,0.788126,0.951669,0.989405,0.970354
electronic_04::pitch_shift::+4st,electronic_04,electronic,H,pitch_shift,4.0,0.754312,0.667644,0.978209,0.761476,0.906437,0.980323,0.942656
electronic_04::time_stretch::-20pct,electronic_04,electronic,R,time_stretch,-20.0,0.984433,0.910148,0.626316,0.810200,0.480984,0.967700,0.682238
electronic_04::time_stretch::-10pct,electronic_04,electronic,R,time_stretch,-10.0,0.980080,0.915711,0.677188,0.820200,0.518386,0.990472,0.716552
electronic_04::time_stretch::-5pct,electronic_04,electronic,R,time_stretch,-5.0,0.981175,0.938481,0.746494,0.798881,0.587766,0.984481,0.760687
electronic_04::time_stretch::+5pct,electronic_04,electronic,R,time_stretch,5.0,0.961583,0.953011,0.746255,0.798683,0.577408,0.991964,0.756814
electronic_04::time_stretch::+10pct,electronic_04,electronic,R,time_stretch,10.0,0.980164,0.945289,0.610677,0.790595,0.487209,0.986921,0.693424
electronic_04::time_stretch::+20pct,electronic_04,electronic,R,time_stretch,20.0,0.976533,0.930077,0.672330,0.798612,0.474184,0.984252,0.683167
electronic_04::lowpass::lp8000,electronic_04,electronic,T,lowpass,8000.0,0.998054,0.451174,0.997851,0.803408,0.987405,0.980428,0.983910
electronic_04::lowpass::lp4000,electronic_04,electronic,T,lowpass,4000.0,0.983855,0.445069,0.988253,0.748724,0.977262,0.938649,0.957761
electronic_04::lowpass::lp2000,electronic_04,electronic,T,lowpass,2000.0,0.998193,0.436671,0.966454,0.755091,0.962080,0.907812,0.934552
electronic_04::distortion::drv4,electronic_04,electronic,T,distortion,4.0,0.988275,0.960242,0.999833,0.809864,0.991992,0.999534,0.995756
electronic_04::distortion::drv12,electronic_04,electronic,T,distortion,12.0,0.984722,0.839189,0.998119,0.804014,0.967862,0.993404,0.980550
electronic_04::distortion::drv32,electronic_04,electronic,T,distortion,32.0,0.984007,0.707193,0.992370,0.785091,0.893797,0.939129,0.916183
electronic_04::style_swap::swap_cross,electronic_04,electronic,S,style_swap,nan,0.870442,0.476422,0.744885,0.672845,0.503997,0.738776,0.610197
electronic_04::style_swap::swap_same,electronic_04,electronic,S,style_swap,nan,0.932752,0.410372,0.629456,0.685862,0.508183,0.632783,0.567071
electronic_05::control::ctrl,electronic_05,electronic,control,control,0.0,1.000000,1.000000,1.000000,0.932054,1.000000,1.000000,1.000000
electronic_05::pitch_shift::-4st,electronic_05,electronic,H,pitch_shift,-4.0,0.978700,0.503432,0.977032,0.917008,0.894376,0.959950,0.926583
electronic_05::pitch_shift::-2st,electronic_05,electronic,H,pitch_shift,-2.0,0.988706,0.695381,0.990629,0.917071,0.943739,0.975869,0.959669
electronic_05::pitch_shift::-1st,electronic_05,electronic,H,pitch_shift,-1.0,0.989157,0.820012,0.994975,0.898119,0.965269,0.978481,0.971853
electronic_05::pitch_shift::+1st,electronic_05,electronic,H,pitch_shift,1.0,0.988240,0.872107,0.989440,0.921052,0.957479,0.969673,0.963557
electronic_05::pitch_shift::+2st,electronic_05,electronic,H,pitch_shift,2.0,0.989525,0.809081,0.975186,0.888978,0.936683,0.961042,0.948784
electronic_05::pitch_shift::+4st,electronic_05,electronic,H,pitch_shift,4.0,0.987495,0.747371,0.959450,0.898711,0.912637,0.970970,0.941352
electronic_05::time_stretch::-20pct,electronic_05,electronic,R,time_stretch,-20.0,0.998991,0.844281,0.467838,0.910191,0.501501,0.961762,0.694496
electronic_05::time_stretch::-10pct,electronic_05,electronic,R,time_stretch,-10.0,0.998786,0.899849,0.568484,0.919716,0.531501,0.976191,0.720310
electronic_05::time_stretch::-5pct,electronic_05,electronic,R,time_stretch,-5.0,0.998986,0.910747,0.661874,0.912695,0.593936,0.981566,0.763536
electronic_05::time_stretch::+5pct,electronic_05,electronic,R,time_stretch,5.0,0.999055,0.913016,0.658398,0.932957,0.602776,0.978326,0.767927
electronic_05::time_stretch::+10pct,electronic_05,electronic,R,time_stretch,10.0,0.998973,0.897789,0.578170,0.907456,0.523379,0.979723,0.716077
electronic_05::time_stretch::+20pct,electronic_05,electronic,R,time_stretch,20.0,0.998467,0.860478,0.467838,0.899237,0.510079,0.966827,0.702252
electronic_05::lowpass::lp8000,electronic_05,electronic,T,lowpass,8000.0,0.999999,0.419915,0.998368,0.929973,0.999116,0.931135,0.964526
electronic_05::lowpass::lp4000,electronic_05,electronic,T,lowpass,4000.0,0.999999,0.422606,0.995605,0.877809,0.985763,0.845806,0.913107
electronic_05::lowpass::lp2000,electronic_05,electronic,T,lowpass,2000.0,0.999995,0.413037,0.991329,0.888477,0.978124,0.822768,0.897089
electronic_05::distortion::drv4,electronic_05,electronic,T,distortion,4.0,0.999863,0.805368,0.972337,0.940724,0.963866,0.962119,0.962993
electronic_05::distortion::drv12,electronic_05,electronic,T,distortion,12.0,0.999138,0.585290,0.927254,0.908060,0.901055,0.905436,0.903242
electronic_05::distortion::drv32,electronic_05,electronic,T,distortion,32.0,0.998450,0.496780,0.891219,0.911356,0.876543,0.873412,0.874976
electronic_05::style_swap::swap_cross,electronic_05,electronic,S,style_swap,nan,0.938175,0.387429,0.594592,0.678387,0.484036,0.568862,0.524738
electronic_05::style_swap::swap_same,electronic_05,electronic,S,style_swap,nan,0.910941,0.397804,0.654683,0.575099,0.504499,0.621580,0.559988
electronic_06::control::ctrl,electronic_06,electronic,control,control,0.0,1.000000,0.999940,1.000000,0.756988,1.000000,0.999978,0.999989
electronic_06::pitch_shift::-4st,electronic_06,electronic,H,pitch_shift,-4.0,0.801638,0.535909,0.984719,0.759329,0.944158,0.975354,0.959629
electronic_06::pitch_shift::-2st,electronic_06,electronic,H,pitch_shift,-2.0,0.885413,0.694041,0.991747,0.773903,0.975136,0.985576,0.980342
electronic_06::pitch_shift::-1st,electronic_06,electronic,H,pitch_shift,-1.0,0.939431,0.818481,0.994250,0.791458,0.970639,0.990118,0.980330
electronic_06::pitch_shift::+1st,electronic_06,electronic,H,pitch_shift,1.0,0.942709,0.808613,0.992435,0.783937,0.965851,0.988016,0.976871
electronic_06::pitch_shift::+2st,electronic_06,electronic,H,pitch_shift,2.0,0.899256,0.695582,0.988879,0.823439,0.950276,0.984687,0.967328
electronic_06::pitch_shift::+4st,electronic_06,electronic,H,pitch_shift,4.0,0.872575,0.599894,0.976788,0.729081,0.943824,0.983392,0.963405
electronic_06::time_stretch::-20pct,electronic_06,electronic,R,time_stretch,-20.0,0.993339,0.871466,0.492556,0.809779,0.500150,0.963530,0.694197
electronic_06::time_stretch::-10pct,electronic_06,electronic,R,time_stretch,-10.0,0.997488,0.866716,0.571162,0.780578,0.590252,0.981706,0.761219
electronic_06::time_stretch::-5pct,electronic_06,electronic,R,time_stretch,-5.0,0.996762,0.911930,0.632895,0.776486,0.686112,0.983548,0.821477
electronic_06::time_stretch::+5pct,electronic_06,electronic,R,time_stretch,5.0,0.990592,0.931519,0.663356,0.762786,0.643975,0.977925,0.793574
electronic_06::time_stretch::+10pct,electronic_06,electronic,R,time_stretch,10.0,0.998148,0.895563,0.620403,0.809468,0.557402,0.981504,0.739657
electronic_06::time_stretch::+20pct,electronic_06,electronic,R,time_stretch,20.0,0.994743,0.868249,0.492386,0.827685,0.546202,0.980675,0.731879
electronic_06::lowpass::lp8000,electronic_06,electronic,T,lowpass,8000.0,0.999429,0.507961,0.996631,0.759270,0.998450,0.978230,0.988288
electronic_06::lowpass::lp4000,electronic_06,electronic,T,lowpass,4000.0,0.999979,0.460765,0.985038,0.720381,0.993355,0.952998,0.972967
electronic_06::lowpass::lp2000,electronic_06,electronic,T,lowpass,2000.0,0.999927,0.444382,0.898836,0.593283,0.981002,0.912822,0.946298
electronic_06::distortion::drv4,electronic_06,electronic,T,distortion,4.0,0.998690,0.732641,0.990820,0.708643,0.976820,0.961910,0.969336
electronic_06::distortion::drv12,electronic_06,electronic,T,distortion,12.0,0.997279,0.590027,0.968415,0.619637,0.936479,0.871757,0.903538
electronic_06::distortion::drv32,electronic_06,electronic,T,distortion,32.0,0.995958,0.517626,0.932750,0.570602,0.910274,0.816050,0.861875
electronic_06::style_swap::swap_cross,electronic_06,electronic,S,style_swap,nan,0.858565,0.373502,0.597204,0.463320,0.563911,0.692341,0.624835
electronic_06::style_swap::swap_same,electronic_06,electronic,S,style_swap,nan,0.896237,0.424328,0.492386,0.732927,0.525447,0.833988,0.661979
electronic_07::control::ctrl,electronic_07,electronic,control,control,0.0,1.000000,1.000000,1.000000,0.769931,1.000000,1.000000,1.000000
electronic_07::pitch_shift::-4st,electronic_07,electronic,H,pitch_shift,-4.0,0.766359,0.362181,0.982744,0.676492,0.943782,0.977047,0.960270
electronic_07::pitch_shift::-2st,electronic_07,electronic,H,pitch_shift,-2.0,0.818328,0.499299,0.993122,0.733329,0.958738,0.987098,0.972815
electronic_07::pitch_shift::-1st,electronic_07,electronic,H,pitch_shift,-1.0,0.760908,0.683785,0.995958,0.708821,0.965473,0.991841,0.978568
electronic_07::pitch_shift::+1st,electronic_07,electronic,H,pitch_shift,1.0,0.754582,0.822341,0.994003,0.712680,0.968124,0.989289,0.978649
electronic_07::pitch_shift::+2st,electronic_07,electronic,H,pitch_shift,2.0,0.813005,0.722975,0.988890,0.723844,0.966250,0.989393,0.977753
electronic_07::pitch_shift::+4st,electronic_07,electronic,H,pitch_shift,4.0,0.743980,0.606290,0.976506,0.672821,0.952613,0.978165,0.965304
electronic_07::time_stretch::-20pct,electronic_07,electronic,R,time_stretch,-20.0,0.996410,0.873581,0.575406,0.750097,0.577291,0.989125,0.755654
electronic_07::time_stretch::-10pct,electronic_07,electronic,R,time_stretch,-10.0,0.997521,0.899124,0.659738,0.773186,0.601573,0.985700,0.770046
electronic_07::time_stretch::-5pct,electronic_07,electronic,R,time_stretch,-5.0,0.996841,0.941551,0.712748,0.763943,0.631933,0.992400,0.791915
electronic_07::time_stretch::+5pct,electronic_07,electronic,R,time_stretch,5.0,0.995897,0.943804,0.738210,0.761980,0.625144,0.993648,0.788145
electronic_07::time_stretch::+10pct,electronic_07,electronic,R,time_stretch,10.0,0.996000,0.917156,0.664830,0.761568,0.587992,0.987389,0.761956
electronic_07::time_stretch::+20pct,electronic_07,electronic,R,time_stretch,20.0,0.995886,0.868358,0.599492,0.764097,0.566140,0.987914,0.747862
electronic_07::lowpass::lp8000,electronic_07,electronic,T,lowpass,8000.0,1.000000,0.369149,0.998675,0.770075,0.998037,0.967193,0.982494
electronic_07::lowpass::lp4000,electronic_07,electronic,T,lowpass,4000.0,0.999997,0.359384,0.992886,0.693546,0.985603,0.913337,0.948782
electronic_07::lowpass::lp2000,electronic_07,electronic,T,lowpass,2000.0,0.999806,0.343797,0.974246,0.662279,0.971384,0.868454,0.918478
electronic_07::distortion::drv4,electronic_07,electronic,T,distortion,4.0,0.999882,0.435335,0.988260,0.767996,0.967791,0.988967,0.978322
electronic_07::distortion::drv12,electronic_07,electronic,T,distortion,12.0,0.998433,0.379037,0.962933,0.703612,0.924931,0.939369,0.932122
electronic_07::distortion::drv32,electronic_07,electronic,T,distortion,32.0,0.996350,0.363467,0.944004,0.642438,0.898266,0.897628,0.897947
electronic_07::style_swap::swap_cross,electronic_07,electronic,S,style_swap,nan,0.886094,0.417874,0.606970,0.591770,0.700271,0.780530,0.739312
electronic_07::style_swap::swap_same,electronic_07,electronic,S,style_swap,nan,0.882658,0.376619,0.549732,0.453864,0.500985,0.802025,0.633879
electronic_08::control::ctrl,electronic_08,electronic,control,control,0.0,1.000000,1.000000,1.000000,0.890409,1.000000,1.000000,1.000000
electronic_08::pitch_shift::-4st,electronic_08,electronic,H,pitch_shift,-4.0,0.909506,0.544146,0.985908,0.749515,0.919982,0.961933,0.940724
electronic_08::pitch_shift::-2st,electronic_08,electronic,H,pitch_shift,-2.0,0.910801,0.705264,0.991156,0.813893,0.927733,0.982706,0.954824
electronic_08::pitch_shift::-1st,electronic_08,electronic,H,pitch_shift,-1.0,0.947862,0.831419,0.993665,0.851472,0.956972,0.987223,0.971980
electronic_08::pitch_shift::+1st,electronic_08,electronic,H,pitch_shift,1.0,0.974529,0.832712,0.990741,0.836485,0.961959,0.977893,0.969893
electronic_08::pitch_shift::+2st,electronic_08,electronic,H,pitch_shift,2.0,0.914278,0.718489,0.985219,0.798669,0.953508,0.978418,0.965883
electronic_08::pitch_shift::+4st,electronic_08,electronic,H,pitch_shift,4.0,0.909891,0.597793,0.971370,0.733664,0.911763,0.970829,0.940833
electronic_08::time_stretch::-20pct,electronic_08,electronic,R,time_stretch,-20.0,0.991195,0.880703,0.540490,0.864045,0.504180,0.969058,0.698985
electronic_08::time_stretch::-10pct,electronic_08,electronic,R,time_stretch,-10.0,0.996574,0.875521,0.479330,0.849875,0.547510,0.976543,0.731209
electronic_08::time_stretch::-5pct,electronic_08,electronic,R,time_stretch,-5.0,0.995708,0.930215,0.462451,0.876737,0.613128,0.970907,0.771551
electronic_08::time_stretch::+5pct,electronic_08,electronic,R,time_stretch,5.0,0.993494,0.928385,0.652191,0.885241,0.649654,0.979895,0.797868
electronic_08::time_stretch::+10pct,electronic_08,electronic,R,time_stretch,10.0,0.992757,0.883722,0.591653,0.877539,0.602177,0.978026,0.767427
electronic_08::time_stretch::+20pct,electronic_08,electronic,R,time_stretch,20.0,0.992174,0.871990,0.605431,0.863405,0.535309,0.963791,0.718280
electronic_08::lowpass::lp8000,electronic_08,electronic,T,lowpass,8000.0,0.998137,0.496135,0.997432,0.887768,0.995254,0.990910,0.993080
electronic_08::lowpass::lp4000,electronic_08,electronic,T,lowpass,4000.0,0.999998,0.453050,0.989490,0.815450,0.986510,0.975631,0.981056
electronic_08::lowpass::lp2000,electronic_08,electronic,T,lowpass,2000.0,0.996882,0.426176,0.953607,0.731751,0.965030,0.963033,0.964031
electronic_08::distortion::drv4,electronic_08,electronic,T,distortion,4.0,0.999749,0.673292,0.984054,0.733904,0.952293,0.967003,0.959620
electronic_08::distortion::drv12,electronic_08,electronic,T,distortion,12.0,0.986606,0.507479,0.962554,0.641455,0.902825,0.929187,0.915911
electronic_08::distortion::drv32,electronic_08,electronic,T,distortion,32.0,0.995942,0.477746,0.930002,0.586715,0.878894,0.910300,0.894459
electronic_08::style_swap::swap_cross,electronic_08,electronic,S,style_swap,nan,0.927107,0.453751,0.529210,0.684815,0.541991,0.788623,0.653779
electronic_08::style_swap::swap_same,electronic_08,electronic,S,style_swap,nan,0.863319,0.469269,0.492178,0.654547,0.532143,0.788036,0.647571
electronic_09::control::ctrl,electronic_09,electronic,control,control,0.0,1.000000,1.000000,1.000000,0.718092,1.000000,1.000000,1.000000
electronic_09::pitch_shift::-4st,electronic_09,electronic,H,pitch_shift,-4.0,0.957770,0.474381,0.977524,0.650762,0.821029,0.957572,0.886676
electronic_09::pitch_shift::-2st,electronic_09,electronic,H,pitch_shift,-2.0,0.963454,0.655534,0.988020,0.711411,0.868827,0.976696,0.921184
electronic_09::pitch_shift::-1st,electronic_09,electronic,H,pitch_shift,-1.0,0.981355,0.828012,0.992868,0.709682,0.878713,0.986122,0.930870
electronic_09::pitch_shift::+1st,electronic_09,electronic,H,pitch_shift,1.0,0.984330,0.882311,0.993066,0.758319,0.905966,0.985824,0.945052
electronic_09::pitch_shift::+2st,electronic_09,electronic,H,pitch_shift,2.0,0.953201,0.796113,0.988632,0.779904,0.864285,0.971337,0.916249
electronic_09::pitch_shift::+4st,electronic_09,electronic,H,pitch_shift,4.0,0.956905,0.674835,0.978933,0.698421,0.839275,0.966308,0.900554
electronic_09::time_stretch::-20pct,electronic_09,electronic,R,time_stretch,-20.0,0.995559,0.897227,0.626185,0.735415,0.528058,0.960202,0.712069
electronic_09::time_stretch::-10pct,electronic_09,electronic,R,time_stretch,-10.0,0.994832,0.925088,0.682118,0.773537,0.531369,0.981011,0.721997
electronic_09::time_stretch::-5pct,electronic_09,electronic,R,time_stretch,-5.0,0.991302,0.942303,0.757440,0.751627,0.535267,0.983709,0.725635
electronic_09::time_stretch::+5pct,electronic_09,electronic,R,time_stretch,5.0,0.993649,0.968324,0.793516,0.753948,0.531916,0.987383,0.724710
electronic_09::time_stretch::+10pct,electronic_09,electronic,R,time_stretch,10.0,0.993206,0.944744,0.717924,0.705499,0.515581,0.989167,0.714140
electronic_09::time_stretch::+20pct,electronic_09,electronic,R,time_stretch,20.0,0.993301,0.922724,0.658349,0.724026,0.508005,0.982544,0.706497
electronic_09::lowpass::lp8000,electronic_09,electronic,T,lowpass,8000.0,0.999474,0.483836,0.998775,0.729085,0.984751,0.979700,0.982222
electronic_09::lowpass::lp4000,electronic_09,electronic,T,lowpass,4000.0,0.999479,0.453752,0.784357,0.623887,0.956624,0.931954,0.944208
electronic_09::lowpass::lp2000,electronic_09,electronic,T,lowpass,2000.0,0.999986,0.408429,0.765017,0.603178,0.901614,0.884137,0.892832
electronic_09::distortion::drv4,electronic_09,electronic,T,distortion,4.0,0.999442,0.695070,0.992479,0.683796,0.962409,0.984407,0.973346
electronic_09::distortion::drv12,electronic_09,electronic,T,distortion,12.0,0.999431,0.580273,0.976129,0.633823,0.896151,0.924814,0.910370
electronic_09::distortion::drv32,electronic_09,electronic,T,distortion,32.0,0.999298,0.520337,0.954315,0.602336,0.835084,0.878794,0.856660
electronic_09::style_swap::swap_cross,electronic_09,electronic,S,style_swap,nan,0.962967,0.540225,0.613662,0.629425,0.509172,0.749364,0.617701
electronic_09::style_swap::swap_same,electronic_09,electronic,S,style_swap,nan,0.892172,0.449766,0.724892,0.663505,0.505916,0.745784,0.614251
electronic_10::control::ctrl,electronic_10,electronic,control,control,0.0,1.000000,1.000000,1.000000,0.810411,1.000000,1.000000,1.000000
electronic_10::pitch_shift::-4st,electronic_10,electronic,H,pitch_shift,-4.0,0.927025,0.636505,0.980922,0.671573,0.877639,0.930901,0.903878
electronic_10::pitch_shift::-2st,electronic_10,electronic,H,pitch_shift,-2.0,0.932425,0.759451,0.964897,0.718410,0.887399,0.953481,0.919847
electronic_10::pitch_shift::-1st,electronic_10,electronic,H,pitch_shift,-1.0,0.948400,0.853620,0.968715,0.735278,0.931817,0.976402,0.953849
electronic_10::pitch_shift::+1st,electronic_10,electronic,H,pitch_shift,1.0,0.958317,0.878046,0.994390,0.770588,0.917867,0.982384,0.949578
electronic_10::pitch_shift::+2st,electronic_10,electronic,H,pitch_shift,2.0,0.941951,0.801162,0.991352,0.722643,0.922590,0.966611,0.944344
electronic_10::pitch_shift::+4st,electronic_10,electronic,H,pitch_shift,4.0,0.926766,0.702292,0.987213,0.719798,0.917287,0.953632,0.935283
electronic_10::time_stretch::-20pct,electronic_10,electronic,R,time_stretch,-20.0,0.995591,0.877708,0.875370,0.756500,0.544156,0.966336,0.725147
electronic_10::time_stretch::-10pct,electronic_10,electronic,R,time_stretch,-10.0,0.994317,0.892442,0.886892,0.784036,0.515275,0.976628,0.709388
electronic_10::time_stretch::-5pct,electronic_10,electronic,R,time_stretch,-5.0,0.996870,0.917673,0.935756,0.763266,0.618454,0.987343,0.781426
electronic_10::time_stretch::+5pct,electronic_10,electronic,R,time_stretch,5.0,0.996779,0.913419,0.935756,0.782091,0.698568,0.986964,0.830338
electronic_10::time_stretch::+10pct,electronic_10,electronic,R,time_stretch,10.0,0.996600,0.888181,0.882201,0.772440,0.555253,0.986033,0.739931
electronic_10::time_stretch::+20pct,electronic_10,electronic,R,time_stretch,20.0,0.994582,0.875663,0.865886,0.784418,0.535090,0.979578,0.723990
electronic_10::lowpass::lp8000,electronic_10,electronic,T,lowpass,8000.0,0.999418,0.528164,0.998620,0.807738,0.993972,0.970240,0.982034
electronic_10::lowpass::lp4000,electronic_10,electronic,T,lowpass,4000.0,0.999519,0.458573,0.995015,0.728948,0.983284,0.912336,0.947146
electronic_10::lowpass::lp2000,electronic_10,electronic,T,lowpass,2000.0,0.999878,0.436361,0.971037,0.710243,0.965976,0.822175,0.891180
electronic_10::distortion::drv4,electronic_10,electronic,T,distortion,4.0,0.998247,0.775004,0.992018,0.692911,0.959001,0.899527,0.928788
electronic_10::distortion::drv12,electronic_10,electronic,T,distortion,12.0,0.997680,0.650700,0.967430,0.566792,0.922106,0.787073,0.851918
electronic_10::distortion::drv32,electronic_10,electronic,T,distortion,32.0,0.997355,0.562191,0.917529,0.534999,0.914494,0.752369,0.829480
electronic_10::style_swap::swap_cross,electronic_10,electronic,S,style_swap,nan,0.942699,0.416073,0.937445,0.239747,0.539229,0.648789,0.591477
electronic_10::style_swap::swap_same,electronic_10,electronic,S,style_swap,nan,0.859537,0.468063,0.899709,0.635552,0.523044,0.769407,0.634376
electronic_11::control::ctrl,electronic_11,electronic,control,control,0.0,1.000000,1.000000,1.000000,0.720974,1.000000,1.000000,1.000000
electronic_11::pitch_shift::-4st,electronic_11,electronic,H,pitch_shift,-4.0,0.940081,0.512479,0.943036,0.698801,0.912424,0.966191,0.938923
electronic_11::pitch_shift::-2st,electronic_11,electronic,H,pitch_shift,-2.0,0.947287,0.673108,0.947651,0.686351,0.936466,0.988520,0.962141
electronic_11::pitch_shift::-1st,electronic_11,electronic,H,pitch_shift,-1.0,0.926835,0.806931,0.992266,0.661324,0.951530,0.971834,0.961628
electronic_11::pitch_shift::+1st,electronic_11,electronic,H,pitch_shift,1.0,0.931606,0.868722,0.946489,0.677755,0.950326,0.989237,0.969586
electronic_11::pitch_shift::+2st,electronic_11,electronic,H,pitch_shift,2.0,0.943596,0.795863,0.944888,0.678035,0.939347,0.982602,0.960731
electronic_11::pitch_shift::+4st,electronic_11,electronic,H,pitch_shift,4.0,0.933521,0.666576,0.933829,0.626743,0.896458,0.982517,0.938502
electronic_11::time_stretch::-20pct,electronic_11,electronic,R,time_stretch,-20.0,0.995465,0.841497,0.678113,0.719670,0.556877,0.979887,0.738699
electronic_11::time_stretch::-10pct,electronic_11,electronic,R,time_stretch,-10.0,0.998871,0.893133,0.740417,0.723259,0.618753,0.982151,0.779557
electronic_11::time_stretch::-5pct,electronic_11,electronic,R,time_stretch,-5.0,0.999247,0.925802,0.799985,0.682601,0.673382,0.986422,0.815008
electronic_11::time_stretch::+5pct,electronic_11,electronic,R,time_stretch,5.0,0.998672,0.911701,0.796149,0.716304,0.631854,0.982244,0.787804
electronic_11::time_stretch::+10pct,electronic_11,electronic,R,time_stretch,10.0,0.997021,0.891625,0.730335,0.739943,0.596749,0.988227,0.767934
electronic_11::time_stretch::+20pct,electronic_11,electronic,R,time_stretch,20.0,0.993691,0.869225,0.674220,0.715921,0.567918,0.979037,0.745663
electronic_11::lowpass::lp8000,electronic_11,electronic,T,lowpass,8000.0,0.999645,0.460656,0.952868,0.739625,0.998410,0.984067,0.991213
electronic_11::lowpass::lp4000,electronic_11,electronic,T,lowpass,4000.0,0.999927,0.446934,0.936248,0.742932,0.983890,0.928484,0.955786
electronic_11::lowpass::lp2000,electronic_11,electronic,T,lowpass,2000.0,0.999985,0.414799,0.775530,0.699265,0.976626,0.857726,0.915247
electronic_11::distortion::drv4,electronic_11,electronic,T,distortion,4.0,0.999866,0.755976,0.946075,0.706237,0.957659,0.971689,0.964649
electronic_11::distortion::drv12,electronic_11,electronic,T,distortion,12.0,0.999465,0.563732,0.804425,0.682269,0.903751,0.878281,0.890925
electronic_11::distortion::drv32,electronic_11,electronic,T,distortion,32.0,0.998631,0.484526,0.758402,0.638601,0.882785,0.833103,0.857585
electronic_11::style_swap::swap_cross,electronic_11,electronic,S,style_swap,nan,0.822051,0.442780,0.665823,0.472771,0.637834,0.796124,0.712597
electronic_11::style_swap::swap_same,electronic_11,electronic,S,style_swap,nan,0.954572,0.520179,0.651857,0.541555,0.560572,0.817262,0.676856
electronic_12::control::ctrl,electronic_12,electronic,control,control,0.0,1.000000,1.000000,1.000000,0.844959,1.000000,1.000000,1.000000
electronic_12::pitch_shift::-4st,electronic_12,electronic,H,pitch_shift,-4.0,0.925420,0.609236,0.961234,0.790859,0.861935,0.974767,0.916617
electronic_12::pitch_shift::-2st,electronic_12,electronic,H,pitch_shift,-2.0,0.979892,0.741094,0.989700,0.805836,0.928018,0.985064,0.956116
electronic_12::pitch_shift::-1st,electronic_12,electronic,H,pitch_shift,-1.0,0.993968,0.839741,0.996838,0.813193,0.960201,0.987904,0.973954
electronic_12::pitch_shift::+1st,electronic_12,electronic,H,pitch_shift,1.0,0.989982,0.850082,0.992522,0.785886,0.935443,0.988547,0.961628
electronic_12::pitch_shift::+2st,electronic_12,electronic,H,pitch_shift,2.0,0.942538,0.718770,0.982639,0.795188,0.900666,0.982021,0.940464
electronic_12::pitch_shift::+4st,electronic_12,electronic,H,pitch_shift,4.0,0.873007,0.580113,0.947021,0.763623,0.871357,0.964147,0.916579
electronic_12::time_stretch::-20pct,electronic_12,electronic,R,time_stretch,-20.0,0.995498,0.893197,0.214705,0.798050,0.488396,0.954120,0.682634
electronic_12::time_stretch::-10pct,electronic_12,electronic,R,time_stretch,-10.0,0.995027,0.905504,0.353968,0.843262,0.516267,0.968905,0.707258
electronic_12::time_stretch::-5pct,electronic_12,electronic,R,time_stretch,-5.0,0.996156,0.933068,0.503305,0.838201,0.559372,0.968195,0.735922
electronic_12::time_stretch::+5pct,electronic_12,electronic,R,time_stretch,5.0,0.996165,0.956427,0.497672,0.837304,0.527072,0.971207,0.715469
electronic_12::time_stretch::+10pct,electronic_12,electronic,R,time_stretch,10.0,0.993028,0.931220,0.376862,0.839752,0.511006,0.971461,0.704572
electronic_12::time_stretch::+20pct,electronic_12,electronic,R,time_stretch,20.0,0.995701,0.903737,0.218036,0.814142,0.500232,0.962067,0.693727
electronic_12::lowpass::lp8000,electronic_12,electronic,T,lowpass,8000.0,1.000000,0.718590,0.999336,0.836792,0.992102,0.984152,0.988119
electronic_12::lowpass::lp4000,electronic_12,electronic,T,lowpass,4000.0,0.999967,0.617783,0.996177,0.798167,0.988231,0.944638,0.966189
electronic_12::lowpass::lp2000,electronic_12,electronic,T,lowpass,2000.0,0.999998,0.523638,0.990328,0.767548,0.976926,0.906259,0.940929
electronic_12::distortion::drv4,electronic_12,electronic,T,distortion,4.0,0.998066,0.772342,0.994744,0.799252,0.946365,0.970607,0.958409
electronic_12::distortion::drv12,electronic_12,electronic,T,distortion,12.0,0.996694,0.659340,0.979778,0.696251,0.859206,0.905932,0.882260
electronic_12::distortion::drv32,electronic_12,electronic,T,distortion,32.0,0.996048,0.579753,0.949473,0.629727,0.801883,0.803816,0.802849
electronic_12::style_swap::swap_cross,electronic_12,electronic,S,style_swap,nan,0.761492,0.406166,0.458720,0.719567,0.600268,0.696478,0.646586
electronic_12::style_swap::swap_same,electronic_12,electronic,S,style_swap,nan,0.859536,0.468037,0.442777,0.567266,0.523036,0.764562,0.632371
electronic_13::control::ctrl,electronic_13,electronic,control,control,0.0,1.000000,0.993659,0.999997,0.846999,1.000000,0.999785,0.999892
electronic_13::pitch_shift::-4st,electronic_13,electronic,H,pitch_shift,-4.0,0.969567,0.625223,0.984863,0.721952,0.906869,0.967803,0.936841
electronic_13::pitch_shift::-2st,electronic_13,electronic,H,pitch_shift,-2.0,0.975931,0.764431,0.952796,0.818780,0.939661,0.966919,0.953193
electronic_13::pitch_shift::-1st,electronic_13,electronic,H,pitch_shift,-1.0,0.980114,0.865735,0.955272,0.834188,0.950872,0.980545,0.965595
electronic_13::pitch_shift::+1st,electronic_13,electronic,H,pitch_shift,1.0,0.990147,0.872457,0.951757,0.816712,0.930836,0.988649,0.959307
electronic_13::pitch_shift::+2st,electronic_13,electronic,H,pitch_shift,2.0,0.972824,0.775589,0.987547,0.789235,0.957340,0.980416,0.968809
electronic_13::pitch_shift::+4st,electronic_13,electronic,H,pitch_shift,4.0,0.962781,0.680232,0.922115,0.752466,0.888179,0.948652,0.917918
electronic_13::time_stretch::-20pct,electronic_13,electronic,R,time_stretch,-20.0,0.993410,0.887597,0.425459,0.843787,0.526448,0.964755,0.712666
electronic_13::time_stretch::-10pct,electronic_13,electronic,R,time_stretch,-10.0,0.997308,0.911817,0.505190,0.857395,0.530667,0.979837,0.721087
electronic_13::time_stretch::-5pct,electronic_13,electronic,R,time_stretch,-5.0,0.995336,0.940400,0.594318,0.873587,0.548629,0.984889,0.735078
electronic_13::time_stretch::+5pct,electronic_13,electronic,R,time_stretch,5.0,0.994443,0.951360,0.652717,0.849790,0.596912,0.994005,0.770281
electronic_13::time_stretch::+10pct,electronic_13,electronic,R,time_stretch,10.0,0.993611,0.933167,0.558799,0.849423,0.518809,0.983948,0.714480
electronic_13::time_stretch::+20pct,electronic_13,electronic,R,time_stretch,20.0,0.996648,0.887915,0.481659,0.834540,0.509112,0.979917,0.706320
electronic_13::lowpass::lp8000,electronic_13,electronic,T,lowpass,8000.0,0.999985,0.491318,0.998480,0.839362,0.990340,0.985380,0.987857
electronic_13::lowpass::lp4000,electronic_13,electronic,T,lowpass,4000.0,0.999990,0.470791,0.995247,0.750912,0.981657,0.950608,0.966008
electronic_13::lowpass::lp2000,electronic_13,electronic,T,lowpass,2000.0,0.999998,0.461128,0.985278,0.744104,0.980409,0.905103,0.942004
electronic_13::distortion::drv4,electronic_13,electronic,T,distortion,4.0,0.999837,0.856340,0.993420,0.838900,0.978760,0.992369,0.985541
electronic_13::distortion::drv12,electronic_13,electronic,T,distortion,12.0,0.999499,0.741137,0.977622,0.766975,0.930479,0.926936,0.928706
electronic_13::distortion::drv32,electronic_13,electronic,T,distortion,32.0,0.999227,0.664536,0.955131,0.615189,0.904535,0.795991,0.848529
electronic_13::style_swap::swap_cross,electronic_13,electronic,S,style_swap,nan,0.779592,0.418635,0.415680,0.604020,0.594275,0.836692,0.705142
electronic_13::style_swap::swap_same,electronic_13,electronic,S,style_swap,nan,0.968089,0.528689,0.450718,0.455917,0.518596,0.725129,0.613229
electronic_14::control::ctrl,electronic_14,electronic,control,control,0.0,1.000000,1.000000,1.000000,0.776063,1.000000,1.000000,1.000000
electronic_14::pitch_shift::-4st,electronic_14,electronic,H,pitch_shift,-4.0,0.942994,0.604606,0.886363,0.713275,0.895556,0.975385,0.934618
electronic_14::pitch_shift::-2st,electronic_14,electronic,H,pitch_shift,-2.0,0.946014,0.769548,0.944065,0.732778,0.889384,0.989511,0.938112
electronic_14::pitch_shift::-1st,electronic_14,electronic,H,pitch_shift,-1.0,0.963488,0.868980,0.947205,0.762986,0.932502,0.988787,0.960232
electronic_14::pitch_shift::+1st,electronic_14,electronic,H,pitch_shift,1.0,0.966600,0.878262,0.943229,0.765915,0.951607,0.993578,0.972366
electronic_14::pitch_shift::+2st,electronic_14,electronic,H,pitch_shift,2.0,0.949568,0.797395,0.986032,0.738692,0.917583,0.983765,0.950098
electronic_14::pitch_shift::+4st,electronic_14,electronic,H,pitch_shift,4.0,0.944135,0.708877,0.870999,0.729163,0.867464,0.984872,0.924306
electronic_14::time_stretch::-20pct,electronic_14,electronic,R,time_stretch,-20.0,0.992739,0.903740,0.412135,0.768463,0.543755,0.978224,0.729324
electronic_14::time_stretch::-10pct,electronic_14,electronic,R,time_stretch,-10.0,0.996287,0.895170,0.579552,0.797760,0.574303,0.988137,0.753319
electronic_14::time_stretch::-5pct,electronic_14,electronic,R,time_stretch,-5.0,0.997712,0.932380,0.689928,0.798490,0.635112,0.991352,0.793486
electronic_14::time_stretch::+5pct,electronic_14,electronic,R,time_stretch,5.0,0.994763,0.950525,0.644494,0.771504,0.633668,0.993580,0.793473
electronic_14::time_stretch::+10pct,electronic_14,electronic,R,time_stretch,10.0,0.996978,0.934030,0.574338,0.746980,0.596621,0.992028,0.769327
electronic_14::time_stretch::+20pct,electronic_14,electronic,R,time_stretch,20.0,0.996439,0.941207,0.434703,0.744978,0.528956,0.979216,0.719696
electronic_14::lowpass::lp8000,electronic_14,electronic,T,lowpass,8000.0,0.999795,0.506671,0.993608,0.766960,0.994134,0.988653,0.991390
electronic_14::lowpass::lp4000,electronic_14,electronic,T,lowpass,4000.0,0.999959,0.470805,0.888807,0.735329,0.983564,0.963436,0.973448
electronic_14::lowpass::lp2000,electronic_14,electronic,T,lowpass,2000.0,0.999934,0.452129,0.874068,0.757939,0.971333,0.918195,0.944390
electronic_14::distortion::drv4,electronic_14,electronic,T,distortion,4.0,0.999540,0.792163,0.985038,0.753353,0.968814,0.959454,0.964123
electronic_14::distortion::drv12,electronic_14,electronic,T,distortion,12.0,0.998372,0.641792,0.859454,0.643499,0.906531,0.819536,0.861937
electronic_14::distortion::drv32,electronic_14,electronic,T,distortion,32.0,0.997578,0.553050,0.575864,0.625547,0.890051,0.743155,0.813293
electronic_14::style_swap::swap_cross,electronic_14,electronic,S,style_swap,nan,0.874988,0.389854,0.608194,0.557280,0.551684,0.770819,0.652111
electronic_14::style_swap::swap_same,electronic_14,electronic,S,style_swap,nan,0.883613,0.535980,0.395107,0.704070,0.527801,0.824631,0.659728
electronic_15::control::ctrl,electronic_15,electronic,control,control,0.0,1.000000,1.000000,1.000000,0.753795,1.000000,1.000000,1.000000
electronic_15::pitch_shift::-4st,electronic_15,electronic,H,pitch_shift,-4.0,0.843030,0.474571,0.961435,0.637507,0.914502,0.868719,0.891317
electronic_15::pitch_shift::-2st,electronic_15,electronic,H,pitch_shift,-2.0,0.895145,0.617428,0.981473,0.684890,0.920781,0.921258,0.921020
electronic_15::pitch_shift::-1st,electronic_15,electronic,H,pitch_shift,-1.0,0.789040,0.675896,0.976136,0.605925,0.938148,0.945877,0.942004
electronic_15::pitch_shift::+1st,electronic_15,electronic,H,pitch_shift,1.0,0.779718,0.736520,0.964784,0.671486,0.954402,0.950854,0.952626
electronic_15::pitch_shift::+2st,electronic_15,electronic,H,pitch_shift,2.0,0.884879,0.628843,0.965273,0.685794,0.917376,0.914154,0.915764
electronic_15::pitch_shift::+4st,electronic_15,electronic,H,pitch_shift,4.0,0.861139,0.513669,0.963750,0.656424,0.918465,0.873046,0.895467
electronic_15::time_stretch::-20pct,electronic_15,electronic,R,time_stretch,-20.0,0.997421,0.748185,0.939301,0.734104,0.685211,0.962034,0.811909
electronic_15::time_stretch::-10pct,electronic_15,electronic,R,time_stretch,-10.0,0.999044,0.736844,0.932831,0.749264,0.721473,0.964181,0.834045
electronic_15::time_stretch::-5pct,electronic_15,electronic,R,time_stretch,-5.0,0.998998,0.809648,0.936439,0.753843,0.766099,0.985478,0.868892
electronic_15::time_stretch::+5pct,electronic_15,electronic,R,time_stretch,5.0,0.998750,0.781502,0.948146,0.737747,0.783381,0.978584,0.875559
electronic_15::time_stretch::+10pct,electronic_15,electronic,R,time_stretch,10.0,0.999104,0.772210,0.931405,0.751696,0.783413,0.985582,0.878702
electronic_15::time_stretch::+20pct,electronic_15,electronic,R,time_stretch,20.0,0.998759,0.806925,0.956358,0.736481,0.782798,0.977215,0.874621
electronic_15::lowpass::lp8000,electronic_15,electronic,T,lowpass,8000.0,1.000000,0.486819,0.998033,0.763447,0.999394,0.988778,0.994072
electronic_15::lowpass::lp4000,electronic_15,electronic,T,lowpass,4000.0,0.999999,0.431043,0.973596,0.734082,0.995805,0.939709,0.967351
electronic_15::lowpass::lp2000,electronic_15,electronic,T,lowpass,2000.0,0.999959,0.396597,0.971246,0.727694,0.989558,0.859102,0.922026
electronic_15::distortion::drv4,electronic_15,electronic,T,distortion,4.0,0.999999,0.955684,0.972045,0.748341,0.998690,0.999825,0.999257
electronic_15::distortion::drv12,electronic_15,electronic,T,distortion,12.0,0.999742,0.778311,0.975552,0.713352,0.980608,0.988161,0.984378
electronic_15::distortion::drv32,electronic_15,electronic,T,distortion,32.0,0.996745,0.595470,0.967717,0.593494,0.937268,0.924956,0.931092
electronic_15::style_swap::swap_cross,electronic_15,electronic,S,style_swap,nan,0.942812,0.412285,0.947202,0.572006,0.567003,0.663508,0.613360
electronic_15::style_swap::swap_same,electronic_15,electronic,S,style_swap,nan,0.875010,0.397523,0.917865,0.586349,0.646396,0.586404,0.615670
folk_01::control::ctrl,folk_01,folk,control,control,0.0,1.000000,1.000000,1.000000,0.786495,1.000000,1.000000,1.000000
folk_01::pitch_shift::-4st,folk_01,folk,H,pitch_shift,-4.0,0.878954,0.513062,0.986472,0.598706,0.943055,0.955354,0.949184
folk_01::pitch_shift::-2st,folk_01,folk,H,pitch_shift,-2.0,0.912237,0.644607,0.994685,0.748513,0.968873,0.984173,0.976493
folk_01::pitch_shift::-1st,folk_01,folk,H,pitch_shift,-1.0,0.852405,0.778847,0.996476,0.664654,0.978067,0.989068,0.983552
folk_01::pitch_shift::+1st,folk_01,folk,H,pitch_shift,1.0,0.810990,0.785768,0.994591,0.702744,0.982612,0.983021,0.982817
folk_01::pitch_shift::+2st,folk_01,folk,H,pitch_shift,2.0,0.914342,0.649229,0.988916,0.736113,0.967934,0.978595,0.973250
folk_01::pitch_shift::+4st,folk_01,folk,H,pitch_shift,4.0,0.851277,0.527006,0.974051,0.629265,0.941847,0.950938,0.946382
folk_01::time_stretch::-20pct,folk_01,folk,R,time_stretch,-20.0,0.992157,0.864495,0.495693,0.773621,0.529756,0.992308,0.725039
folk_01::time_stretch::-10pct,folk_01,folk,R,time_stretch,-10.0,0.998729,0.893999,0.598147,0.785757,0.585892,0.986010,0.760063
folk_01::time_stretch::-5pct,folk_01,folk,R,time_stretch,-5.0,0.999482,0.923645,0.646605,0.787687,0.655230,0.994978,0.807428
folk_01::time_stretch::+5pct,folk_01,folk,R,time_stretch,5.0,0.998559,0.942656,0.664253,0.795272,0.616016,0.994438,0.782681
folk_01::time_stretch::+10pct,folk_01,folk,R,time_stretch,10.0,0.999683,0.907943,0.590399,0.798462,0.549845,0.988032,0.737065
folk_01::time_stretch::+20pct,folk_01,folk,R,time_stretch,20.0,0.994361,0.806868,0.520984,0.803135,0.520580,0.993699,0.719236
folk_01::lowpass::lp8000,folk_01,folk,T,lowpass,8000.0,0.999954,0.501764,0.999435,0.779887,0.997994,0.988739,0.993355
folk_01::lowpass::lp4000,folk_01,folk,T,lowpass,4000.0,0.999555,0.436560,0.997014,0.709616,0.989611,0.942463,0.965749
folk_01::lowpass::lp2000,folk_01,folk,T,lowpass,2000.0,0.998372,0.442274,0.991835,0.668707,0.982838,0.824589,0.900243
folk_01::distortion::drv4,folk_01,folk,T,distortion,4.0,0.999770,0.677715,0.997098,0.764658,0.971294,0.981557,0.976412
folk_01::distortion::drv12,folk_01,folk,T,distortion,12.0,0.993428,0.489176,0.988871,0.713702,0.905203,0.853370,0.878904
folk_01::distortion::drv32,folk_01,folk,T,distortion,32.0,0.996681,0.423966,0.967467,0.603022,0.898543,0.780019,0.837186
folk_01::style_swap::swap_cross,folk_01,folk,S,style_swap,nan,0.906383,0.349768,0.465617,0.518517,0.491844,0.574987,0.531794
folk_01::style_swap::swap_same,folk_01,folk,S,style_swap,nan,0.649426,0.385260,0.531447,0.567229,0.607724,0.815474,0.703977
folk_02::control::ctrl,folk_02,folk,control,control,0.0,1.000000,1.000000,1.000000,0.825891,1.000000,1.000000,1.000000
folk_02::pitch_shift::-4st,folk_02,folk,H,pitch_shift,-4.0,0.796811,0.563261,0.968589,0.666978,0.940437,0.942730,0.941583
folk_02::pitch_shift::-2st,folk_02,folk,H,pitch_shift,-2.0,0.735278,0.685683,0.971321,0.695695,0.961349,0.962503,0.961926
folk_02::pitch_shift::-1st,folk_02,folk,H,pitch_shift,-1.0,0.832848,0.796791,0.990613,0.722679,0.969062,0.966884,0.967973
folk_02::pitch_shift::+1st,folk_02,folk,H,pitch_shift,1.0,0.801958,0.788173,0.990302,0.706178,0.978746,0.976916,0.977831
folk_02::pitch_shift::+2st,folk_02,folk,H,pitch_shift,2.0,0.715834,0.687594,0.988942,0.768063,0.952115,0.981347,0.966620
folk_02::pitch_shift::+4st,folk_02,folk,H,pitch_shift,4.0,0.796684,0.583490,0.987257,0.670735,0.944043,0.971243,0.957546
folk_02::time_stretch::-20pct,folk_02,folk,R,time_stretch,-20.0,0.995888,0.849372,0.832824,0.805416,0.679707,0.983045,0.817424
folk_02::time_stretch::-10pct,folk_02,folk,R,time_stretch,-10.0,0.999121,0.862892,0.840600,0.790282,0.728640,0.989145,0.848959
folk_02::time_stretch::-5pct,folk_02,folk,R,time_stretch,-5.0,0.997673,0.884274,0.871374,0.755050,0.758746,0.992157,0.867638
folk_02::time_stretch::+5pct,folk_02,folk,R,time_stretch,5.0,0.995773,0.864258,0.880725,0.778004,0.782813,0.985070,0.878138
folk_02::time_stretch::+10pct,folk_02,folk,R,time_stretch,10.0,0.998056,0.881030,0.853999,0.759298,0.730487,0.979219,0.845758
folk_02::time_stretch::+20pct,folk_02,folk,R,time_stretch,20.0,0.997801,0.847007,0.822141,0.797484,0.638938,0.972361,0.788212
folk_02::lowpass::lp8000,folk_02,folk,T,lowpass,8000.0,0.999994,0.667875,0.999496,0.819124,0.996532,0.987960,0.992237
folk_02::lowpass::lp4000,folk_02,folk,T,lowpass,4000.0,0.998544,0.476050,0.995762,0.744524,0.981282,0.958333,0.969739
folk_02::lowpass::lp2000,folk_02,folk,T,lowpass,2000.0,0.999954,0.429863,0.989002,0.740867,0.969636,0.925041,0.947076
folk_02::distortion::drv4,folk_02,folk,T,distortion,4.0,0.996031,0.690977,0.930826,0.760347,0.965777,0.961763,0.963768
folk_02::distortion::drv12,folk_02,folk,T,distortion,12.0,0.987800,0.481315,0.912690,0.692111,0.916440,0.883197,0.899665
folk_02::distortion::drv32,folk_02,folk,T,distortion,32.0,0.984613,0.456286,0.893513,0.618478,0.883659,0.830727,0.856784
folk_02::style_swap::swap_cross,folk_02,folk,S,style_swap,nan,0.890880,0.407892,0.801770,0.532591,0.542820,0.859334,0.682981
folk_02::style_swap::swap_same,folk_02,folk,S,style_swap,nan,0.821751,0.435787,0.841288,0.648171,0.632280,0.764065,0.695056
folk_03::control::ctrl,folk_03,folk,control,control,0.0,1.000000,1.000000,1.000000,0.858099,1.000000,1.000000,1.000000
folk_03::pitch_shift::-4st,folk_03,folk,H,pitch_shift,-4.0,0.815639,0.673463,0.991103,0.722022,0.890840,0.949596,0.919749
folk_03::pitch_shift::-2st,folk_03,folk,H,pitch_shift,-2.0,0.803905,0.801152,0.995628,0.790532,0.920838,0.971972,0.946060
folk_03::pitch_shift::-1st,folk_03,folk,H,pitch_shift,-1.0,0.858944,0.877283,0.997674,0.783655,0.932687,0.975340,0.953775
folk_03::pitch_shift::+1st,folk_03,folk,H,pitch_shift,1.0,0.925510,0.871388,0.973880,0.806289,0.930368,0.987123,0.958326
folk_03::pitch_shift::+2st,folk_03,folk,H,pitch_shift,2.0,0.826017,0.780477,0.994554,0.754181,0.922136,0.983069,0.952115
folk_03::pitch_shift::+4st,folk_03,folk,H,pitch_shift,4.0,0.814717,0.642832,0.964077,0.770595,0.883154,0.976652,0.928727
folk_03::time_stretch::-20pct,folk_03,folk,R,time_stretch,-20.0,0.991551,0.887184,0.736884,0.775802,0.578615,0.976048,0.751503
folk_03::time_stretch::-10pct,folk_03,folk,R,time_stretch,-10.0,0.993188,0.935770,0.818383,0.793901,0.597635,0.983400,0.766625
folk_03::time_stretch::-5pct,folk_03,folk,R,time_stretch,-5.0,0.993005,0.947557,0.865831,0.812640,0.649847,0.984919,0.800029
folk_03::time_stretch::+5pct,folk_03,folk,R,time_stretch,5.0,0.989337,0.926100,0.844320,0.791838,0.650670,0.988496,0.801988
folk_03::time_stretch::+10pct,folk_03,folk,R,time_stretch,10.0,0.993952,0.909768,0.818858,0.797254,0.630791,0.986797,0.788963
folk_03::time_stretch::+20pct,folk_03,folk,R,time_stretch,20.0,0.991009,0.900325,0.773789,0.777974,0.606102,0.984499,0.772468
folk_03::lowpass::lp8000,folk_03,folk,T,lowpass,8000.0,0.994476,0.675563,0.998619,0.858956,0.991081,0.979464,0.985255
folk_03::lowpass::lp4000,folk_03,folk,T,lowpass,4000.0,0.995525,0.591141,0.993953,0.800612,0.982313,0.926484,0.953990
folk_03::lowpass::lp2000,folk_03,folk,T,lowpass,2000.0,0.995449,0.498633,0.986788,0.731221,0.949243,0.863862,0.905546
folk_03::distortion::drv4,folk_03,folk,T,distortion,4.0,0.994939,0.813659,0.998427,0.825799,0.963777,0.979164,0.971440
folk_03::distortion::drv12,folk_03,folk,T,distortion,12.0,0.994688,0.642653,0.971034,0.679510,0.885861,0.870778,0.878287
folk_03::distortion::drv32,folk_03,folk,T,distortion,32.0,0.993130,0.559313,0.964637,0.603512,0.823128,0.707003,0.762859
folk_03::style_swap::swap_cross,folk_03,folk,S,style_swap,nan,0.802467,0.464467,0.791241,0.574633,0.528031,0.678438,0.598528
folk_03::style_swap::swap_same,folk_03,folk,S,style_swap,nan,0.838325,0.510036,0.864919,0.547835,0.539398,0.883761,0.690434
folk_04::control::ctrl,folk_04,folk,control,control,0.0,1.000000,1.000000,1.000000,0.766463,1.000000,1.000000,1.000000
folk_04::pitch_shift::-4st,folk_04,folk,H,pitch_shift,-4.0,0.846959,0.602253,0.990526,0.639485,0.881893,0.973490,0.926560
folk_04::pitch_shift::-2st,folk_04,folk,H,pitch_shift,-2.0,0.855078,0.752044,0.994249,0.754418,0.942084,0.981168,0.961427
folk_04::pitch_shift::-1st,folk_04,folk,H,pitch_shift,-1.0,0.840427,0.862470,0.995744,0.723987,0.948666,0.984684,0.966507
folk_04::pitch_shift::+1st,folk_04,folk,H,pitch_shift,1.0,0.850086,0.854881,0.994292,0.706977,0.934884,0.979453,0.956909
folk_04::pitch_shift::+2st,folk_04,folk,H,pitch_shift,2.0,0.856204,0.741093,0.991393,0.757710,0.933014,0.970640,0.951641
folk_04::pitch_shift::+4st,folk_04,folk,H,pitch_shift,4.0,0.846661,0.635010,0.985004,0.714459,0.889311,0.970801,0.929163
folk_04::time_stretch::-20pct,folk_04,folk,R,time_stretch,-20.0,0.996187,0.870284,0.762304,0.749831,0.542970,0.978704,0.728977
folk_04::time_stretch::-10pct,folk_04,folk,R,time_stretch,-10.0,0.999340,0.910288,0.800697,0.788857,0.582941,0.989578,0.759516
folk_04::time_stretch::-5pct,folk_04,folk,R,time_stretch,-5.0,0.998487,0.933594,0.848819,0.770262,0.644283,0.993395,0.800017
folk_04::time_stretch::+5pct,folk_04,folk,R,time_stretch,5.0,0.998482,0.942642,0.845782,0.743970,0.632020,0.988063,0.790238
folk_04::time_stretch::+10pct,folk_04,folk,R,time_stretch,10.0,0.996912,0.921896,0.820055,0.759332,0.594641,0.988910,0.766842
folk_04::time_stretch::+20pct,folk_04,folk,R,time_stretch,20.0,0.995728,0.896225,0.778727,0.731230,0.544385,0.988905,0.733720
folk_04::lowpass::lp8000,folk_04,folk,T,lowpass,8000.0,0.999999,0.560813,0.997609,0.769560,0.992710,0.982501,0.987593
folk_04::lowpass::lp4000,folk_04,folk,T,lowpass,4000.0,1.000000,0.507935,0.990416,0.772690,0.966834,0.939605,0.953122
folk_04::lowpass::lp2000,folk_04,folk,T,lowpass,2000.0,0.999972,0.424061,0.975807,0.755773,0.918631,0.886604,0.902476
folk_04::distortion::drv4,folk_04,folk,T,distortion,4.0,0.999622,0.842631,0.995711,0.725169,0.966860,0.982934,0.974864
folk_04::distortion::drv12,folk_04,folk,T,distortion,12.0,0.996127,0.669891,0.984405,0.696795,0.869947,0.891179,0.880499
folk_04::distortion::drv32,folk_04,folk,T,distortion,32.0,0.991641,0.570901,0.973388,0.617984,0.807402,0.817000,0.812187
folk_04::style_swap::swap_cross,folk_04,folk,S,style_swap,nan,0.750422,0.397437,0.869201,0.503905,0.599089,0.675922,0.636347
folk_04::style_swap::swap_same,folk_04,folk,S,style_swap,nan,0.700553,0.469813,0.894759,0.550336,0.588274,0.755827,0.666809
folk_05::control::ctrl,folk_05,folk,control,control,0.0,1.000000,1.000000,1.000000,0.787149,1.000000,1.000000,1.000000
folk_05::pitch_shift::-4st,folk_05,folk,H,pitch_shift,-4.0,0.673722,0.612274,0.977393,0.706180,0.941510,0.977481,0.959327
folk_05::pitch_shift::-2st,folk_05,folk,H,pitch_shift,-2.0,0.610243,0.747034,0.979503,0.754123,0.957273,0.984356,0.970720
folk_05::pitch_shift::-1st,folk_05,folk,H,pitch_shift,-1.0,0.579852,0.769186,0.981580,0.736043,0.951991,0.984147,0.967935
folk_05::pitch_shift::+1st,folk_05,folk,H,pitch_shift,1.0,0.577952,0.764399,0.981260,0.759303,0.953691,0.990951,0.972142
folk_05::pitch_shift::+2st,folk_05,folk,H,pitch_shift,2.0,0.623234,0.725086,0.979684,0.771108,0.957878,0.995089,0.976306
folk_05::pitch_shift::+4st,folk_05,folk,H,pitch_shift,4.0,0.698028,0.587355,0.993070,0.741153,0.942508,0.985435,0.963733
folk_05::time_stretch::-20pct,folk_05,folk,R,time_stretch,-20.0,0.990327,0.785648,0.924458,0.797262,0.668666,0.958332,0.800502
folk_05::time_stretch::-10pct,folk_05,folk,R,time_stretch,-10.0,0.997699,0.795781,0.952065,0.769595,0.708239,0.984524,0.835032
folk_05::time_stretch::-5pct,folk_05,folk,R,time_stretch,-5.0,0.999302,0.764944,0.944453,0.750275,0.777290,0.981761,0.873564
folk_05::time_stretch::+5pct,folk_05,folk,R,time_stretch,5.0,0.998753,0.779810,0.899188,0.774395,0.762848,0.982873,0.865900
folk_05::time_stretch::+10pct,folk_05,folk,R,time_stretch,10.0,0.997314,0.807326,0.903653,0.787149,0.693095,0.986897,0.827051
folk_05::time_stretch::+20pct,folk_05,folk,R,time_stretch,20.0,0.994317,0.779200,0.926269,0.778090,0.665071,0.982873,0.808505
folk_05::lowpass::lp8000,folk_05,folk,T,lowpass,8000.0,0.999984,0.931767,0.999961,0.783569,0.999757,0.980380,0.990021
folk_05::lowpass::lp4000,folk_05,folk,T,lowpass,4000.0,0.999898,0.564107,0.999644,0.777438,0.997151,0.936614,0.966409
folk_05::lowpass::lp2000,folk_05,folk,T,lowpass,2000.0,0.999961,0.452369,0.998639,0.754854,0.988071,0.954563,0.971172
folk_05::distortion::drv4,folk_05,folk,T,distortion,4.0,0.999944,0.853610,0.998292,0.785692,0.989084,0.996943,0.993006
folk_05::distortion::drv12,folk_05,folk,T,distortion,12.0,0.997911,0.643828,0.977718,0.742049,0.936740,0.963334,0.949944
folk_05::distortion::drv32,folk_05,folk,T,distortion,32.0,0.990056,0.508045,0.916282,0.698374,0.884829,0.836179,0.860160
folk_05::style_swap::swap_cross,folk_05,folk,S,style_swap,nan,0.914382,0.465521,0.921076,0.654134,0.584549,0.820760,0.692658
folk_05::style_swap::swap_same,folk_05,folk,S,style_swap,nan,0.622665,0.467365,0.874676,0.606503,0.687400,0.742320,0.714333
folk_06::control::ctrl,folk_06,folk,control,control,0.0,1.000000,1.000000,1.000000,0.811906,1.000000,1.000000,1.000000
folk_06::pitch_shift::-4st,folk_06,folk,H,pitch_shift,-4.0,0.500296,0.404031,0.953257,0.639860,0.971220,0.952295,0.961711
folk_06::pitch_shift::-2st,folk_06,folk,H,pitch_shift,-2.0,0.483483,0.536184,0.957748,0.715462,0.976270,0.979981,0.978124
folk_06::pitch_shift::-1st,folk_06,folk,H,pitch_shift,-1.0,0.596279,0.696776,0.951343,0.687824,0.980841,0.988026,0.984427
folk_06::pitch_shift::+1st,folk_06,folk,H,pitch_shift,1.0,0.517039,0.768765,0.960053,0.696954,0.978608,0.988160,0.983372
folk_06::pitch_shift::+2st,folk_06,folk,H,pitch_shift,2.0,0.510201,0.652907,0.949816,0.709081,0.966656,0.985549,0.976057
folk_06::pitch_shift::+4st,folk_06,folk,H,pitch_shift,4.0,0.515821,0.523667,0.939218,0.644626,0.970413,0.979895,0.975143
folk_06::time_stretch::-20pct,folk_06,folk,R,time_stretch,-20.0,0.998066,0.827167,0.850241,0.761394,0.750934,0.970590,0.853726
folk_06::time_stretch::-10pct,folk_06,folk,R,time_stretch,-10.0,0.997732,0.903953,0.935872,0.754456,0.844402,0.986225,0.912562
folk_06::time_stretch::-5pct,folk_06,folk,R,time_stretch,-5.0,0.998912,0.924078,0.907714,0.785422,0.882314,0.986084,0.932757
folk_06::time_stretch::+5pct,folk_06,folk,R,time_stretch,5.0,0.998495,0.924410,0.919807,0.776250,0.864807,0.987676,0.924202
folk_06::time_stretch::+10pct,folk_06,folk,R,time_stretch,10.0,0.996580,0.896132,0.919507,0.756920,0.813316,0.989064,0.896895
folk_06::time_stretch::+20pct,folk_06,folk,R,time_stretch,20.0,0.988819,0.885489,0.851491,0.770557,0.760140,0.980572,0.863350
folk_06::lowpass::lp8000,folk_06,folk,T,lowpass,8000.0,1.000000,0.427535,0.998836,0.814885,0.999477,0.972612,0.985953
folk_06::lowpass::lp4000,folk_06,folk,T,lowpass,4000.0,0.999977,0.443911,0.997363,0.729126,0.993859,0.964555,0.979098
folk_06::lowpass::lp2000,folk_06,folk,T,lowpass,2000.0,0.984626,0.370865,0.996223,0.680653,0.985114,0.897964,0.940530
folk_06::distortion::drv4,folk_06,folk,T,distortion,4.0,0.999936,0.590137,0.959201,0.781464,0.986895,0.986904,0.986900
folk_06::distortion::drv12,folk_06,folk,T,distortion,12.0,0.998352,0.447169,0.954708,0.750311,0.955980,0.941891,0.948909
folk_06::distortion::drv32,folk_06,folk,T,distortion,32.0,0.993986,0.401387,0.941684,0.678946,0.923107,0.859512,0.890742
folk_06::style_swap::swap_cross,folk_06,folk,S,style_swap,nan,0.744829,0.361779,0.864781,0.594550,0.608951,0.757082,0.678988
folk_06::style_swap::swap_same,folk_06,folk,S,style_swap,nan,0.912357,0.367504,0.921463,0.688159,0.578568,0.788326,0.675352
folk_07::control::ctrl,folk_07,folk,control,control,0.0,1.000000,1.000000,1.000000,0.861685,1.000000,1.000000,1.000000
folk_07::pitch_shift::-4st,folk_07,folk,H,pitch_shift,-4.0,0.796288,0.485222,0.989629,0.753795,0.883239,0.959046,0.920363
folk_07::pitch_shift::-2st,folk_07,folk,H,pitch_shift,-2.0,0.758337,0.631892,0.994908,0.710140,0.909086,0.969898,0.939000
folk_07::pitch_shift::-1st,folk_07,folk,H,pitch_shift,-1.0,0.837187,0.759730,0.997158,0.836789,0.952340,0.977887,0.965029
folk_07::pitch_shift::+1st,folk_07,folk,H,pitch_shift,1.0,0.841766,0.825439,0.996121,0.749657,0.951909,0.974146,0.962963
folk_07::pitch_shift::+2st,folk_07,folk,H,pitch_shift,2.0,0.752165,0.729531,0.993679,0.692806,0.935511,0.964088,0.949692
folk_07::pitch_shift::+4st,folk_07,folk,H,pitch_shift,4.0,0.772593,0.605629,0.988609,0.711262,0.912180,0.955169,0.933427
folk_07::time_stretch::-20pct,folk_07,folk,R,time_stretch,-20.0,0.995666,0.877189,0.839778,0.897139,0.606091,0.977688,0.769784
folk_07::time_stretch::-10pct,folk_07,folk,R,time_stretch,-10.0,0.997092,0.897870,0.858352,0.874474,0.621629,0.983315,0.781829
folk_07::time_stretch::-5pct,folk_07,folk,R,time_stretch,-5.0,0.995620,0.925962,0.900884,0.897151,0.653538,0.979268,0.799993
folk_07::time_stretch::+5pct,folk_07,folk,R,time_stretch,5.0,0.996632,0.942170,0.882766,0.857275,0.633185,0.987053,0.790561
folk_07::time_stretch::+10pct,folk_07,folk,R,time_stretch,10.0,0.996419,0.906290,0.858754,0.834596,0.604476,0.985301,0.771746
folk_07::time_stretch::+20pct,folk_07,folk,R,time_stretch,20.0,0.992525,0.865471,0.831519,0.821165,0.610788,0.982713,0.774745
folk_07::lowpass::lp8000,folk_07,folk,T,lowpass,8000.0,0.999943,0.448054,0.998557,0.859462,0.997301,0.969090,0.983094
folk_07::lowpass::lp4000,folk_07,folk,T,lowpass,4000.0,0.999932,0.422538,0.995446,0.778058,0.985462,0.908101,0.945991
folk_07::lowpass::lp2000,folk_07,folk,T,lowpass,2000.0,0.999721,0.408585,0.990009,0.754783,0.972506,0.808995,0.886991
folk_07::distortion::drv4,folk_07,folk,T,distortion,4.0,0.999439,0.821782,0.999053,0.855143,0.984641,0.995510,0.990060
folk_07::distortion::drv12,folk_07,folk,T,distortion,12.0,0.995280,0.668084,0.994791,0.817094,0.925746,0.943093,0.934379
folk_07::distortion::drv32,folk_07,folk,T,distortion,32.0,0.989306,0.542108,0.986895,0.762462,0.885015,0.735344,0.806716
folk_07::style_swap::swap_cross,folk_07,folk,S,style_swap,nan,0.848329,0.457508,0.836980,0.660669,0.518367,0.638430,0.575275
folk_07::style_swap::swap_same,folk_07,folk,S,style_swap,nan,0.754787,0.436250,0.891110,0.686142,0.592111,0.811633,0.693236
folk_08::control::ctrl,folk_08,folk,control,control,0.0,1.000000,1.000000,1.000000,0.883102,1.000000,1.000000,1.000000
folk_08::pitch_shift::-4st,folk_08,folk,H,pitch_shift,-4.0,0.810933,0.608810,0.984338,0.809964,0.890841,0.967390,0.928327
folk_08::pitch_shift::-2st,folk_08,folk,H,pitch_shift,-2.0,0.780303,0.768596,0.989728,0.807805,0.917874,0.972980,0.945025
folk_08::pitch_shift::-1st,folk_08,folk,H,pitch_shift,-1.0,0.738483,0.865862,0.992898,0.821308,0.933544,0.967765,0.950501
folk_08::pitch_shift::+1st,folk_08,folk,H,pitch_shift,1.0,0.762857,0.871169,0.991097,0.813464,0.941961,0.973116,0.957412
folk_08::pitch_shift::+2st,folk_08,folk,H,pitch_shift,2.0,0.788813,0.787715,0.987984,0.827639,0.916786,0.981720,0.948698
folk_08::pitch_shift::+4st,folk_08,folk,H,pitch_shift,4.0,0.797620,0.666384,0.978907,0.824332,0.913952,0.973132,0.943078
folk_08::time_stretch::-20pct,folk_08,folk,R,time_stretch,-20.0,0.996383,0.881054,0.652567,0.868010,0.592651,0.985558,0.764259
folk_08::time_stretch::-10pct,folk_08,folk,R,time_stretch,-10.0,0.998251,0.892354,0.714180,0.908603,0.616499,0.991416,0.781797
folk_08::time_stretch::-5pct,folk_08,folk,R,time_stretch,-5.0,0.999187,0.918965,0.777099,0.893366,0.606686,0.994058,0.776583
folk_08::time_stretch::+5pct,folk_08,folk,R,time_stretch,5.0,0.998629,0.915886,0.774553,0.890735,0.629273,0.987579,0.788325
folk_08::time_stretch::+10pct,folk_08,folk,R,time_stretch,10.0,0.996543,0.893937,0.724309,0.846587,0.598938,0.990537,0.770240
folk_08::time_stretch::+20pct,folk_08,folk,R,time_stretch,20.0,0.995640,0.866691,0.676682,0.839264,0.560541,0.983689,0.742561
folk_08::lowpass::lp8000,folk_08,folk,T,lowpass,8000.0,0.999987,0.483058,0.993999,0.880453,0.994348,0.960682,0.977370
folk_08::lowpass::lp4000,folk_08,folk,T,lowpass,4000.0,0.999998,0.464628,0.983183,0.874617,0.969583,0.870205,0.918551
folk_08::lowpass::lp2000,folk_08,folk,T,lowpass,2000.0,0.999909,0.432986,0.931780,0.843302,0.943953,0.804870,0.871642
folk_08::distortion::drv4,folk_08,folk,T,distortion,4.0,0.999216,0.766026,0.989841,0.867352,0.923054,0.938870,0.930928
folk_08::distortion::drv12,folk_08,folk,T,distortion,12.0,0.994358,0.597911,0.972681,0.799295,0.851049,0.834447,0.842707
folk_08::distortion::drv32,folk_08,folk,T,distortion,32.0,0.992595,0.522198,0.945810,0.685977,0.821705,0.789037,0.805205
folk_08::style_swap::swap_cross,folk_08,folk,S,style_swap,nan,0.824456,0.540516,0.746490,0.627676,0.626020,0.798191,0.706883
folk_08::style_swap::swap_same,folk_08,folk,S,style_swap,nan,0.869323,0.538745,0.808247,0.740542,0.597679,0.848886,0.712293
folk_09::control::ctrl,folk_09,folk,control,control,0.0,1.000000,1.000000,1.000000,0.822602,1.000000,1.000000,1.000000
folk_09::pitch_shift::-4st,folk_09,folk,H,pitch_shift,-4.0,0.865885,0.553797,0.985436,0.709030,0.875450,0.962552,0.917969
folk_09::pitch_shift::-2st,folk_09,folk,H,pitch_shift,-2.0,0.940847,0.723729,0.993925,0.770586,0.912182,0.986594,0.948659
folk_09::pitch_shift::-1st,folk_09,folk,H,pitch_shift,-1.0,0.963725,0.836714,0.996171,0.789616,0.919139,0.991999,0.954874
folk_09::pitch_shift::+1st,folk_09,folk,H,pitch_shift,1.0,0.958602,0.870164,0.994392,0.775497,0.919428,0.989022,0.953590
folk_09::pitch_shift::+2st,folk_09,folk,H,pitch_shift,2.0,0.938384,0.778089,0.990621,0.682227,0.902295,0.982265,0.941432
folk_09::pitch_shift::+4st,folk_09,folk,H,pitch_shift,4.0,0.862821,0.654272,0.981860,0.680870,0.862871,0.980247,0.919688
folk_09::time_stretch::-20pct,folk_09,folk,R,time_stretch,-20.0,0.990226,0.863164,0.658819,0.825450,0.591460,0.975797,0.759700
folk_09::time_stretch::-10pct,folk_09,folk,R,time_stretch,-10.0,0.995980,0.899189,0.711750,0.798697,0.603308,0.984229,0.770580
folk_09::time_stretch::-5pct,folk_09,folk,R,time_stretch,-5.0,0.994901,0.918056,0.777304,0.836260,0.646393,0.993470,0.801357
folk_09::time_stretch::+5pct,folk_09,folk,R,time_stretch,5.0,0.994850,0.931791,0.782942,0.762957,0.614182,0.991810,0.780482
folk_09::time_stretch::+10pct,folk_09,folk,R,time_stretch,10.0,0.996361,0.902874,0.728273,0.767663,0.604298,0.988145,0.772745
folk_09::time_stretch::+20pct,folk_09,folk,R,time_stretch,20.0,0.991917,0.895463,0.711820,0.832473,0.573449,0.980040,0.749668
folk_09::lowpass::lp8000,folk_09,folk,T,lowpass,8000.0,0.999992,0.470127,0.996938,0.833056,0.985343,0.979832,0.982584
folk_09::lowpass::lp4000,folk_09,folk,T,lowpass,4000.0,0.999984,0.451317,0.989423,0.673775,0.981521,0.939464,0.960262
folk_09::lowpass::lp2000,folk_09,folk,T,lowpass,2000.0,0.999990,0.432733,0.979228,0.611396,0.950230,0.882839,0.915915
folk_09::distortion::drv4,folk_09,folk,T,distortion,4.0,0.998810,0.756620,0.990994,0.665164,0.950739,0.972156,0.961388
folk_09::distortion::drv12,folk_09,folk,T,distortion,12.0,0.995673,0.575161,0.971065,0.481332,0.892730,0.849834,0.871018
folk_09::distortion::drv32,folk_09,folk,T,distortion,32.0,0.994280,0.493401,0.944556,0.454058,0.871147,0.784040,0.826447
folk_09::style_swap::swap_cross,folk_09,folk,S,style_swap,nan,0.930703,0.480277,0.718031,0.602996,0.574574,0.903460,0.720489
folk_09::style_swap::swap_same,folk_09,folk,S,style_swap,nan,0.861831,0.432369,0.746361,0.588081,0.542485,0.858680,0.682511
folk_10::control::ctrl,folk_10,folk,control,control,0.0,1.000000,1.000000,1.000000,0.830359,1.000000,1.000000,1.000000
folk_10::pitch_shift::-4st,folk_10,folk,H,pitch_shift,-4.0,0.935137,0.588600,0.967596,0.765232,0.853693,0.955166,0.903006
folk_10::pitch_shift::-2st,folk_10,folk,H,pitch_shift,-2.0,0.932327,0.752926,0.971289,0.806622,0.907707,0.975847,0.941161
folk_10::pitch_shift::-1st,folk_10,folk,H,pitch_shift,-1.0,0.951001,0.870185,0.996584,0.775709,0.926622,0.982477,0.954141
folk_10::pitch_shift::+1st,folk_10,folk,H,pitch_shift,1.0,0.952685,0.870085,0.994526,0.767365,0.943292,0.991296,0.966996
folk_10::pitch_shift::+2st,folk_10,folk,H,pitch_shift,2.0,0.927634,0.780636,0.990642,0.829370,0.933099,0.986088,0.959228
folk_10::pitch_shift::+4st,folk_10,folk,H,pitch_shift,4.0,0.919946,0.640190,0.959549,0.766268,0.882570,0.953977,0.917579
folk_10::time_stretch::-20pct,folk_10,folk,R,time_stretch,-20.0,0.997931,0.885518,0.687055,0.808719,0.504050,0.984490,0.704438
folk_10::time_stretch::-10pct,folk_10,folk,R,time_stretch,-10.0,0.998570,0.907758,0.728172,0.829662,0.527736,0.988746,0.722355
folk_10::time_stretch::-5pct,folk_10,folk,R,time_stretch,-5.0,0.998818,0.935065,0.807426,0.815932,0.544756,0.992003,0.735119
folk_10::time_stretch::+5pct,folk_10,folk,R,time_stretch,5.0,0.999341,0.960076,0.797580,0.785601,0.559979,0.992923,0.745665
folk_10::time_stretch::+10pct,folk_10,folk,R,time_stretch,10.0,0.998624,0.933906,0.763216,0.800361,0.523964,0.989163,0.719921
folk_10::time_stretch::+20pct,folk_10,folk,R,time_stretch,20.0,0.995309,0.906435,0.721414,0.814005,0.512963,0.987930,0.711879
folk_10::lowpass::lp8000,folk_10,folk,T,lowpass,8000.0,0.999222,0.505129,0.997304,0.831001,0.990169,0.978321,0.984227
folk_10::lowpass::lp4000,folk_10,folk,T,lowpass,4000.0,1.000000,0.490194,0.987515,0.793183,0.976601,0.908203,0.941781
folk_10::lowpass::lp2000,folk_10,folk,T,lowpass,2000.0,0.999894,0.446114,0.966547,0.788668,0.945893,0.877786,0.911203
folk_10::distortion::drv4,folk_10,folk,T,distortion,4.0,0.999536,0.766818,0.994307,0.771968,0.941855,0.955868,0.948836
folk_10::distortion::drv12,folk_10,folk,T,distortion,12.0,0.998239,0.615445,0.960896,0.650745,0.857891,0.851739,0.854809
folk_10::distortion::drv32,folk_10,folk,T,distortion,32.0,0.997095,0.535203,0.950797,0.482630,0.826104,0.811721,0.818881
folk_10::style_swap::swap_cross,folk_10,folk,S,style_swap,nan,0.960052,0.507955,0.706733,0.534094,0.524401,0.806957,0.650515
folk_10::style_swap::swap_same,folk_10,folk,S,style_swap,nan,0.830953,0.557990,0.737053,0.501437,0.555892,0.837686,0.682395
folk_11::control::ctrl,folk_11,folk,control,control,0.0,1.000000,1.000000,1.000000,0.778882,1.000000,1.000000,1.000000
folk_11::pitch_shift::-4st,folk_11,folk,H,pitch_shift,-4.0,0.823410,0.607324,0.985444,0.732984,0.936245,0.942140,0.939188
folk_11::pitch_shift::-2st,folk_11,folk,H,pitch_shift,-2.0,0.787050,0.756220,0.997408,0.715837,0.953691,0.982037,0.967760
folk_11::pitch_shift::-1st,folk_11,folk,H,pitch_shift,-1.0,0.758217,0.851467,0.998039,0.746446,0.965143,0.986946,0.975984
folk_11::pitch_shift::+1st,folk_11,folk,H,pitch_shift,1.0,0.776034,0.850788,0.997539,0.708886,0.965027,0.984583,0.974756
folk_11::pitch_shift::+2st,folk_11,folk,H,pitch_shift,2.0,0.774301,0.753952,0.996344,0.787704,0.960021,0.980875,0.970392
folk_11::pitch_shift::+4st,folk_11,folk,H,pitch_shift,4.0,0.821165,0.652431,0.993776,0.760141,0.944035,0.968071,0.955978
folk_11::time_stretch::-20pct,folk_11,folk,R,time_stretch,-20.0,0.979053,0.826716,0.943455,0.754771,0.659647,0.976622,0.802637
folk_11::time_stretch::-10pct,folk_11,folk,R,time_stretch,-10.0,0.990924,0.897473,0.916636,0.756645,0.753022,0.986525,0.861902
folk_11::time_stretch::-5pct,folk_11,folk,R,time_stretch,-5.0,0.991481,0.911246,0.928683,0.781402,0.787986,0.987168,0.881972
folk_11::time_stretch::+5pct,folk_11,folk,R,time_stretch,5.0,0.994453,0.891031,0.934209,0.780364,0.772847,0.990442,0.874906
folk_11::time_stretch::+10pct,folk_11,folk,R,time_stretch,10.0,0.994452,0.886722,0.924589,0.746202,0.734312,0.988775,0.852097
folk_11::time_stretch::+20pct,folk_11,folk,R,time_stretch,20.0,0.982158,0.861838,0.953648,0.730635,0.652466,0.980363,0.799783
folk_11::lowpass::lp8000,folk_11,folk,T,lowpass,8000.0,0.999987,0.531838,0.998616,0.771980,0.989957,0.980644,0.985289
folk_11::lowpass::lp4000,folk_11,folk,T,lowpass,4000.0,0.999987,0.479082,0.984700,0.777339,0.977925,0.931767,0.954567
folk_11::lowpass::lp2000,folk_11,folk,T,lowpass,2000.0,0.999960,0.422928,0.977393,0.768962,0.966383,0.901891,0.933580
folk_11::distortion::drv4,folk_11,folk,T,distortion,4.0,0.999940,0.907840,0.999472,0.772450,0.992387,0.998479,0.995428
folk_11::distortion::drv12,folk_11,folk,T,distortion,12.0,0.997168,0.707003,0.997050,0.724799,0.951286,0.953101,0.952193
folk_11::distortion::drv32,folk_11,folk,T,distortion,32.0,0.990868,0.568636,0.993101,0.545189,0.899541,0.839734,0.869123
folk_11::style_swap::swap_cross,folk_11,folk,S,style_swap,nan,0.896859,0.524589,0.925201,0.602933,0.568127,0.777905,0.664792
folk_11::style_swap::swap_same,folk_11,folk,S,style_swap,nan,0.761931,0.544451,0.916636,0.605872,0.563235,0.901612,0.712615
folk_12::control::ctrl,folk_12,folk,control,control,0.0,1.000000,1.000000,1.000000,0.778797,1.000000,1.000000,1.000000
folk_12::pitch_shift::-4st,folk_12,folk,H,pitch_shift,-4.0,0.507928,0.636724,0.913367,0.694345,0.979200,0.955490,0.967272
folk_12::pitch_shift::-2st,folk_12,folk,H,pitch_shift,-2.0,0.383017,0.782682,0.993526,0.711246,0.987083,0.969643,0.978324
folk_12::pitch_shift::-1st,folk_12,folk,H,pitch_shift,-1.0,0.536185,0.859081,0.996037,0.723957,0.986526,0.963819,0.975106
folk_12::pitch_shift::+1st,folk_12,folk,H,pitch_shift,1.0,0.596550,0.795066,0.970446,0.711365,0.987769,0.989520,0.988644
folk_12::pitch_shift::+2st,folk_12,folk,H,pitch_shift,2.0,0.427527,0.692987,0.836302,0.729033,0.988356,0.982773,0.985561
folk_12::pitch_shift::+4st,folk_12,folk,H,pitch_shift,4.0,0.519595,0.606783,0.979174,0.699148,0.984172,0.982551,0.983361
folk_12::time_stretch::-20pct,folk_12,folk,R,time_stretch,-20.0,0.980174,0.859981,0.715118,0.744842,0.790417,0.973059,0.876996
folk_12::time_stretch::-10pct,folk_12,folk,R,time_stretch,-10.0,0.994734,0.906443,0.694796,0.760451,0.844125,0.989940,0.914130
folk_12::time_stretch::-5pct,folk_12,folk,R,time_stretch,-5.0,0.998175,0.899327,0.709375,0.764992,0.919494,0.994895,0.956451
folk_12::time_stretch::+5pct,folk_12,folk,R,time_stretch,5.0,0.997281,0.906268,0.813159,0.754061,0.917030,0.990480,0.953047
folk_12::time_stretch::+10pct,folk_12,folk,R,time_stretch,10.0,0.996689,0.895478,0.704135,0.758751,0.880795,0.989943,0.933776
folk_12::time_stretch::+20pct,folk_12,folk,R,time_stretch,20.0,0.994148,0.870858,0.718699,0.752077,0.821711,0.991114,0.902446
folk_12::lowpass::lp8000,folk_12,folk,T,lowpass,8000.0,1.000000,0.796595,0.999485,0.754834,0.999509,0.975821,0.987594
folk_12::lowpass::lp4000,folk_12,folk,T,lowpass,4000.0,0.999996,0.761859,0.998278,0.746776,0.998275,0.863049,0.928203
folk_12::lowpass::lp2000,folk_12,folk,T,lowpass,2000.0,0.999943,0.728126,0.867798,0.743133,0.996818,0.719124,0.846662
folk_12::distortion::drv4,folk_12,folk,T,distortion,4.0,0.999955,0.840241,0.998997,0.743306,0.995599,0.984181,0.989873
folk_12::distortion::drv12,folk_12,folk,T,distortion,12.0,0.999053,0.681044,0.859128,0.694217,0.978149,0.910476,0.943706
folk_12::distortion::drv32,folk_12,folk,T,distortion,32.0,0.996445,0.576462,0.885341,0.607686,0.941721,0.742332,0.836104
folk_12::style_swap::swap_cross,folk_12,folk,S,style_swap,nan,0.577813,0.391724,0.738923,0.594472,0.489021,0.593494,0.538731
folk_12::style_swap::swap_same,folk_12,folk,S,style_swap,nan,0.667599,0.518016,0.864848,0.669614,0.646564,0.871457,0.750635
folk_13::control::ctrl,folk_13,folk,control,control,0.0,1.000000,1.000000,1.000000,0.810444,1.000000,1.000000,1.000000
folk_13::pitch_shift::-4st,folk_13,folk,H,pitch_shift,-4.0,0.736852,0.453050,0.973301,0.748820,0.865408,0.969325,0.915894
folk_13::pitch_shift::-2st,folk_13,folk,H,pitch_shift,-2.0,0.689273,0.590759,0.981148,0.760456,0.909115,0.965980,0.937117
folk_13::pitch_shift::-1st,folk_13,folk,H,pitch_shift,-1.0,0.642013,0.704205,0.983034,0.771058,0.912863,0.964839,0.938491
folk_13::pitch_shift::+1st,folk_13,folk,H,pitch_shift,1.0,0.699010,0.741353,0.982899,0.751373,0.912377,0.982421,0.946752
folk_13::pitch_shift::+2st,folk_13,folk,H,pitch_shift,2.0,0.683311,0.594636,0.990124,0.746731,0.858714,0.971729,0.913475
folk_13::pitch_shift::+4st,folk_13,folk,H,pitch_shift,4.0,0.693644,0.511952,0.988808,0.747858,0.884140,0.958693,0.920662
folk_13::time_stretch::-20pct,folk_13,folk,R,time_stretch,-20.0,0.994561,0.740102,0.963468,0.778102,0.610551,0.981010,0.773923
folk_13::time_stretch::-10pct,folk_13,folk,R,time_stretch,-10.0,0.995903,0.772294,0.964029,0.775668,0.649808,0.981264,0.798519
folk_13::time_stretch::-5pct,folk_13,folk,R,time_stretch,-5.0,0.998243,0.816354,0.965677,0.797760,0.701131,0.987415,0.832050
folk_13::time_stretch::+5pct,folk_13,folk,R,time_stretch,5.0,0.999782,0.796182,0.965235,0.791266,0.728421,0.992702,0.850355
folk_13::time_stretch::+10pct,folk_13,folk,R,time_stretch,10.0,0.997046,0.766353,0.971661,0.796908,0.670660,0.993450,0.816252
folk_13::time_stretch::+20pct,folk_13,folk,R,time_stretch,20.0,0.994722,0.738766,0.961325,0.789257,0.652181,0.989734,0.803421
folk_13::lowpass::lp8000,folk_13,folk,T,lowpass,8000.0,0.999938,0.423217,0.991999,0.811785,0.993146,0.970165,0.981588
folk_13::lowpass::lp4000,folk_13,folk,T,lowpass,4000.0,0.999997,0.391271,0.997481,0.774078,0.979334,0.921858,0.950162
folk_13::lowpass::lp2000,folk_13,folk,T,lowpass,2000.0,0.999466,0.383959,0.984036,0.777065,0.965882,0.889428,0.926867
folk_13::distortion::drv4,folk_13,folk,T,distortion,4.0,0.999262,0.762219,0.984867,0.764512,0.938897,0.984915,0.961631
folk_13::distortion::drv12,folk_13,folk,T,distortion,12.0,0.984757,0.473816,0.974344,0.669937,0.845571,0.933880,0.888629
folk_13::distortion::drv32,folk_13,folk,T,distortion,32.0,0.982427,0.446027,0.978675,0.617153,0.799969,0.906726,0.851676
folk_13::style_swap::swap_cross,folk_13,folk,S,style_swap,nan,0.746740,0.344509,0.944921,0.737233,0.554258,0.678214,0.613112
folk_13::style_swap::swap_same,folk_13,folk,S,style_swap,nan,0.797704,0.450208,0.942583,0.460206,0.719130,0.734728,0.726888
folk_14::control::ctrl,folk_14,folk,control,control,0.0,1.000000,1.000000,1.000000,0.819484,1.000000,1.000000,1.000000
folk_14::pitch_shift::-4st,folk_14,folk,H,pitch_shift,-4.0,0.478768,0.590467,0.994448,0.726771,0.936826,0.979366,0.957860
folk_14::pitch_shift::-2st,folk_14,folk,H,pitch_shift,-2.0,0.477679,0.728486,0.997708,0.760515,0.964512,0.978665,0.971563
folk_14::pitch_shift::-1st,folk_14,folk,H,pitch_shift,-1.0,0.541738,0.814223,0.998741,0.775805,0.978249,0.987602,0.982914
folk_14::pitch_shift::+1st,folk_14,folk,H,pitch_shift,1.0,0.562256,0.833753,0.978516,0.784186,0.973904,0.986682,0.980272
folk_14::pitch_shift::+2st,folk_14,folk,H,pitch_shift,2.0,0.465427,0.706426,0.996656,0.782914,0.961123,0.986159,0.973561
folk_14::pitch_shift::+4st,folk_14,folk,H,pitch_shift,4.0,0.458393,0.555620,0.992178,0.784494,0.931724,0.979300,0.955216
folk_14::time_stretch::-20pct,folk_14,folk,R,time_stretch,-20.0,0.989307,0.879501,0.849866,0.798597,0.654027,0.985807,0.802960
folk_14::time_stretch::-10pct,folk_14,folk,R,time_stretch,-10.0,0.996277,0.899465,0.893042,0.808747,0.738900,0.992316,0.856284
folk_14::time_stretch::-5pct,folk_14,folk,R,time_stretch,-5.0,0.997649,0.909772,0.881041,0.810189,0.783358,0.989335,0.880343
folk_14::time_stretch::+5pct,folk_14,folk,R,time_stretch,5.0,0.998889,0.913562,0.908071,0.808942,0.757627,0.994445,0.867997
folk_14::time_stretch::+10pct,folk_14,folk,R,time_stretch,10.0,0.994590,0.858819,0.881843,0.806332,0.745318,0.992384,0.860024
folk_14::time_stretch::+20pct,folk_14,folk,R,time_stretch,20.0,0.996401,0.831313,0.853360,0.830685,0.672517,0.990690,0.816245
folk_14::lowpass::lp8000,folk_14,folk,T,lowpass,8000.0,0.999745,0.820257,0.999847,0.823703,0.996534,0.991967,0.994248
folk_14::lowpass::lp4000,folk_14,folk,T,lowpass,4000.0,0.999620,0.700201,0.979266,0.820617,0.989563,0.938309,0.963595
folk_14::lowpass::lp2000,folk_14,folk,T,lowpass,2000.0,0.999659,0.582963,0.995243,0.792565,0.974746,0.892120,0.932518
folk_14::distortion::drv4,folk_14,folk,T,distortion,4.0,0.998710,0.725618,0.999146,0.787686,0.969123,0.994003,0.981484
folk_14::distortion::drv12,folk_14,folk,T,distortion,12.0,0.995172,0.547153,0.977459,0.748007,0.906459,0.912615,0.909532
folk_14::distortion::drv32,folk_14,folk,T,distortion,32.0,0.983385,0.470637,0.973060,0.569674,0.842050,0.773564,0.807081
folk_14::style_swap::swap_cross,folk_14,folk,S,style_swap,nan,0.776983,0.426403,0.880539,0.562940,0.576790,0.783412,0.672209
folk_14::style_swap::swap_same,folk_14,folk,S,style_swap,nan,0.748645,0.365049,0.855415,0.490474,0.614926,0.763776,0.685322
folk_15::control::ctrl,folk_15,folk,control,control,0.0,1.000000,1.000000,1.000000,0.659218,1.000000,1.000000,1.000000
folk_15::pitch_shift::-4st,folk_15,folk,H,pitch_shift,-4.0,0.897715,0.607875,0.995690,0.623470,0.921482,0.954514,0.937852
folk_15::pitch_shift::-2st,folk_15,folk,H,pitch_shift,-2.0,0.937496,0.731734,0.997560,0.655897,0.951807,0.984807,0.968166
folk_15::pitch_shift::-1st,folk_15,folk,H,pitch_shift,-1.0,0.917349,0.840958,0.997782,0.634161,0.965413,0.992442,0.978834
folk_15::pitch_shift::+1st,folk_15,folk,H,pitch_shift,1.0,0.913899,0.826765,0.996480,0.676349,0.968625,0.992044,0.980265
folk_15::pitch_shift::+2st,folk_15,folk,H,pitch_shift,2.0,0.916641,0.721733,0.992556,0.702399,0.959421,0.985409,0.972329
folk_15::pitch_shift::+4st,folk_15,folk,H,pitch_shift,4.0,0.898594,0.614817,0.986367,0.656730,0.941408,0.972235,0.956698
folk_15::time_stretch::-20pct,folk_15,folk,R,time_stretch,-20.0,0.986914,0.815355,0.736572,0.650949,0.649657,0.988957,0.801550
folk_15::time_stretch::-10pct,folk_15,folk,R,time_stretch,-10.0,0.996012,0.886717,0.791383,0.672159,0.665271,0.992013,0.812377
folk_15::time_stretch::-5pct,folk_15,folk,R,time_stretch,-5.0,0.996604,0.928622,0.817101,0.644525,0.722955,0.993722,0.847594
folk_15::time_stretch::+5pct,folk_15,folk,R,time_stretch,5.0,0.997738,0.935321,0.814124,0.680402,0.726041,0.991546,0.848471
folk_15::time_stretch::+10pct,folk_15,folk,R,time_stretch,10.0,0.994035,0.926151,0.788607,0.681762,0.669061,0.989446,0.813633
folk_15::time_stretch::+20pct,folk_15,folk,R,time_stretch,20.0,0.985018,0.827984,0.742410,0.717008,0.642871,0.989261,0.797475
folk_15::lowpass::lp8000,folk_15,folk,T,lowpass,8000.0,1.000000,0.745446,0.998443,0.669314,0.996239,0.989444,0.992836
folk_15::lowpass::lp4000,folk_15,folk,T,lowpass,4000.0,0.994992,0.631605,0.970868,0.668545,0.984747,0.947030,0.965704
folk_15::lowpass::lp2000,folk_15,folk,T,lowpass,2000.0,0.999971,0.535185,0.967161,0.691962,0.980422,0.850922,0.913380
folk_15::distortion::drv4,folk_15,folk,T,distortion,4.0,0.999989,0.865085,0.999384,0.658512,0.990776,0.998773,0.994767
folk_15::distortion::drv12,folk_15,folk,T,distortion,12.0,0.999413,0.710202,0.996390,0.658703,0.960444,0.963713,0.962077
folk_15::distortion::drv32,folk_15,folk,T,distortion,32.0,0.997231,0.615183,0.991534,0.606920,0.929117,0.890569,0.909639
folk_15::style_swap::swap_cross,folk_15,folk,S,style_swap,nan,0.878508,0.462213,0.747206,0.412627,0.480504,0.612217,0.542377
folk_15::style_swap::swap_same,folk_15,folk,S,style_swap,nan,0.563210,0.448488,0.890076,0.447165,0.642247,0.840224,0.734596
jazz_01::control::ctrl,jazz_01,jazz,control,control,0.0,1.000000,1.000000,1.000000,0.801353,1.000000,1.000000,1.000000
jazz_01::pitch_shift::-4st,jazz_01,jazz,H,pitch_shift,-4.0,0.975292,0.543517,0.985271,0.684808,0.903132,0.965366,0.933731
jazz_01::pitch_shift::-2st,jazz_01,jazz,H,pitch_shift,-2.0,0.986926,0.692887,0.992331,0.746350,0.912139,0.983714,0.947251
jazz_01::pitch_shift::-1st,jazz_01,jazz,H,pitch_shift,-1.0,0.993934,0.812792,0.995088,0.786641,0.952385,0.986295,0.969192
jazz_01::pitch_shift::+1st,jazz_01,jazz,H,pitch_shift,1.0,0.991914,0.849330,0.992050,0.789577,0.952139,0.986651,0.969242
jazz_01::pitch_shift::+2st,jazz_01,jazz,H,pitch_shift,2.0,0.985536,0.764110,0.987576,0.789837,0.924211,0.984824,0.954036
jazz_01::pitch_shift::+4st,jazz_01,jazz,H,pitch_shift,4.0,0.979616,0.635756,0.974542,0.707026,0.885309,0.981489,0.932159
jazz_01::time_stretch::-20pct,jazz_01,jazz,R,time_stretch,-20.0,0.999205,0.890005,0.520509,0.798884,0.547057,0.963543,0.726026
jazz_01::time_stretch::-10pct,jazz_01,jazz,R,time_stretch,-10.0,0.998930,0.895199,0.590474,0.855479,0.564056,0.973591,0.741054
jazz_01::time_stretch::-5pct,jazz_01,jazz,R,time_stretch,-5.0,0.999205,0.910397,0.662588,0.798067,0.583801,0.976048,0.754862
jazz_01::time_stretch::+5pct,jazz_01,jazz,R,time_stretch,5.0,0.999122,0.929855,0.682921,0.817732,0.579039,0.981315,0.753803
jazz_01::time_stretch::+10pct,jazz_01,jazz,R,time_stretch,10.0,0.999280,0.889230,0.615648,0.800213,0.540546,0.976723,0.726611
jazz_01::time_stretch::+20pct,jazz_01,jazz,R,time_stretch,20.0,0.998812,0.916045,0.533952,0.800953,0.548114,0.986457,0.735317
jazz_01::lowpass::lp8000,jazz_01,jazz,T,lowpass,8000.0,0.999995,0.456928,0.988913,0.798210,0.976489,0.970693,0.973587
jazz_01::lowpass::lp4000,jazz_01,jazz,T,lowpass,4000.0,0.999992,0.426408,0.660273,0.740011,0.960975,0.925731,0.943188
jazz_01::lowpass::lp2000,jazz_01,jazz,T,lowpass,2000.0,0.999948,0.404169,0.628172,0.645725,0.930037,0.886913,0.908219
jazz_01::distortion::drv4,jazz_01,jazz,T,distortion,4.0,0.999865,0.851955,0.995791,0.782526,0.976693,0.993877,0.985247
jazz_01::distortion::drv12,jazz_01,jazz,T,distortion,12.0,0.999282,0.669559,0.984332,0.712176,0.929136,0.913071,0.921069
jazz_01::distortion::drv32,jazz_01,jazz,T,distortion,32.0,0.999557,0.537851,0.661424,0.627144,0.868051,0.849679,0.858816
jazz_01::style_swap::swap_cross,jazz_01,jazz,S,style_swap,nan,0.973340,0.473619,0.479680,0.587749,0.530319,0.846607,0.670054
jazz_01::style_swap::swap_same,jazz_01,jazz,S,style_swap,nan,0.937352,0.470715,0.682921,0.664207,0.534546,0.777809,0.644806
jazz_02::control::ctrl,jazz_02,jazz,control,control,0.0,1.000000,0.999849,1.000000,0.839277,1.000000,0.999990,0.999995
jazz_02::pitch_shift::-4st,jazz_02,jazz,H,pitch_shift,-4.0,0.973099,0.621041,0.812388,0.822579,0.868446,0.940897,0.903946
jazz_02::pitch_shift::-2st,jazz_02,jazz,H,pitch_shift,-2.0,0.981640,0.767071,0.817158,0.848609,0.927437,0.975815,0.951319
jazz_02::pitch_shift::-1st,jazz_02,jazz,H,pitch_shift,-1.0,0.979613,0.861102,0.818495,0.800519,0.910900,0.982236,0.945896
jazz_02::pitch_shift::+1st,jazz_02,jazz,H,pitch_shift,1.0,0.977571,0.859808,0.817138,0.825350,0.953015,0.985948,0.969342
jazz_02::pitch_shift::+2st,jazz_02,jazz,H,pitch_shift,2.0,0.982821,0.779785,0.813774,0.828274,0.943974,0.981041,0.962329
jazz_02::pitch_shift::+4st,jazz_02,jazz,H,pitch_shift,4.0,0.974382,0.678027,0.805516,0.800265,0.901723,0.985393,0.942630
jazz_02::time_stretch::-20pct,jazz_02,jazz,R,time_stretch,-20.0,0.998382,0.865141,0.733361,0.852751,0.537008,0.983023,0.726561
jazz_02::time_stretch::-10pct,jazz_02,jazz,R,time_stretch,-10.0,0.998819,0.888391,0.695834,0.835572,0.526469,0.982422,0.719177
jazz_02::time_stretch::-5pct,jazz_02,jazz,R,time_stretch,-5.0,0.999153,0.922696,0.788977,0.826113,0.586652,0.972083,0.755165
jazz_02::time_stretch::+5pct,jazz_02,jazz,R,time_stretch,5.0,0.999013,0.930910,0.700330,0.842839,0.579150,0.988192,0.756513
jazz_02::time_stretch::+10pct,jazz_02,jazz,R,time_stretch,10.0,0.999461,0.912415,0.710507,0.833513,0.538319,0.979638,0.726194
jazz_02::time_stretch::+20pct,jazz_02,jazz,R,time_stretch,20.0,0.998452,0.886710,0.766732,0.874819,0.533128,0.970600,0.719343
jazz_02::lowpass::lp8000,jazz_02,jazz,T,lowpass,8000.0,1.000000,0.498445,0.995507,0.836743,0.993588,0.979818,0.986679
jazz_02::lowpass::lp4000,jazz_02,jazz,T,lowpass,4000.0,1.000000,0.458514,0.987944,0.791844,0.972830,0.929085,0.950706
jazz_02::lowpass::lp2000,jazz_02,jazz,T,lowpass,2000.0,0.999951,0.438284,0.981574,0.757959,0.966109,0.862953,0.913075
jazz_02::distortion::drv4,jazz_02,jazz,T,distortion,4.0,0.999079,0.765838,0.963128,0.803626,0.937895,0.975277,0.956403
jazz_02::distortion::drv12,jazz_02,jazz,T,distortion,12.0,0.997639,0.622632,0.950938,0.713204,0.856830,0.835384,0.846039
jazz_02::distortion::drv32,jazz_02,jazz,T,distortion,32.0,0.996706,0.538405,0.928819,0.584294,0.824347,0.776811,0.800226
jazz_02::style_swap::swap_cross,jazz_02,jazz,S,style_swap,nan,0.909782,0.483636,0.771211,0.587306,0.540860,0.847498,0.677036
jazz_02::style_swap::swap_same,jazz_02,jazz,S,style_swap,nan,0.932449,0.491929,0.687629,0.644966,0.546141,0.734808,0.633489
jazz_03::control::ctrl,jazz_03,jazz,control,control,0.0,1.000000,1.000000,1.000000,0.817271,1.000000,1.000000,1.000000
jazz_03::pitch_shift::-4st,jazz_03,jazz,H,pitch_shift,-4.0,0.971857,0.555734,0.986693,0.778378,0.881499,0.923545,0.902277
jazz_03::pitch_shift::-2st,jazz_03,jazz,H,pitch_shift,-2.0,0.937707,0.725728,0.991827,0.777914,0.933225,0.950399,0.941773
jazz_03::pitch_shift::-1st,jazz_03,jazz,H,pitch_shift,-1.0,0.956448,0.832110,0.994001,0.800798,0.942054,0.962840,0.952390
jazz_03::pitch_shift::+1st,jazz_03,jazz,H,pitch_shift,1.0,0.959655,0.864999,0.992075,0.794068,0.965422,0.952661,0.959020
jazz_03::pitch_shift::+2st,jazz_03,jazz,H,pitch_shift,2.0,0.937845,0.781688,0.987280,0.807096,0.953152,0.947397,0.950271
jazz_03::pitch_shift::+4st,jazz_03,jazz,H,pitch_shift,4.0,0.967205,0.699867,0.977380,0.778187,0.923469,0.933385,0.928414
jazz_03::time_stretch::-20pct,jazz_03,jazz,R,time_stretch,-20.0,0.998204,0.880044,0.563117,0.810520,0.548659,0.968143,0.728821
jazz_03::time_stretch::-10pct,jazz_03,jazz,R,time_stretch,-10.0,0.999376,0.916906,0.625293,0.808133,0.534821,0.976010,0.722489
jazz_03::time_stretch::-5pct,jazz_03,jazz,R,time_stretch,-5.0,0.999507,0.937941,0.691142,0.814082,0.571099,0.973899,0.745783
jazz_03::time_stretch::+5pct,jazz_03,jazz,R,time_stretch,5.0,0.999854,0.958307,0.718085,0.815609,0.567189,0.984865,0.747398
jazz_03::time_stretch::+10pct,jazz_03,jazz,R,time_stretch,10.0,0.999471,0.943104,0.657856,0.814424,0.525343,0.971958,0.714571
jazz_03::time_stretch::+20pct,jazz_03,jazz,R,time_stretch,20.0,0.998494,0.912599,0.577205,0.797540,0.519912,0.949531,0.702618
jazz_03::lowpass::lp8000,jazz_03,jazz,T,lowpass,8000.0,0.999942,0.493363,0.997350,0.816465,0.999145,0.972326,0.985644
jazz_03::lowpass::lp4000,jazz_03,jazz,T,lowpass,4000.0,0.999999,0.481010,0.987403,0.791260,0.990360,0.872647,0.929642
jazz_03::lowpass::lp2000,jazz_03,jazz,T,lowpass,2000.0,0.999993,0.464726,0.961541,0.785705,0.988805,0.783238,0.880039
jazz_03::distortion::drv4,jazz_03,jazz,T,distortion,4.0,0.998592,0.783133,0.994045,0.794088,0.965500,0.981777,0.973605
jazz_03::distortion::drv12,jazz_03,jazz,T,distortion,12.0,0.997305,0.621797,0.980864,0.779743,0.894639,0.853080,0.873613
jazz_03::distortion::drv32,jazz_03,jazz,T,distortion,32.0,0.996960,0.549118,0.959238,0.696251,0.857534,0.729958,0.791179
jazz_03::style_swap::swap_cross,jazz_03,jazz,S,style_swap,nan,0.827302,0.406029,0.796099,0.491364,0.563730,0.738215,0.645100
jazz_03::style_swap::swap_same,jazz_03,jazz,S,style_swap,nan,0.967539,0.447431,0.558307,0.514437,0.551273,0.713811,0.627300
jazz_04::control::ctrl,jazz_04,jazz,control,control,0.0,1.000000,1.000000,1.000000,0.847145,1.000000,1.000000,1.000000
jazz_04::pitch_shift::-4st,jazz_04,jazz,H,pitch_shift,-4.0,0.833330,0.601981,0.986360,0.752875,0.940806,0.969935,0.955259
jazz_04::pitch_shift::-2st,jazz_04,jazz,H,pitch_shift,-2.0,0.872041,0.720900,0.994618,0.761504,0.939651,0.986529,0.962804
jazz_04::pitch_shift::-1st,jazz_04,jazz,H,pitch_shift,-1.0,0.834219,0.843580,0.997937,0.743929,0.947746,0.983290,0.965354
jazz_04::pitch_shift::+1st,jazz_04,jazz,H,pitch_shift,1.0,0.839733,0.838038,0.995471,0.796232,0.947138,0.985898,0.966324
jazz_04::pitch_shift::+2st,jazz_04,jazz,H,pitch_shift,2.0,0.875148,0.733029,0.990999,0.809033,0.947183,0.980208,0.963554
jazz_04::pitch_shift::+4st,jazz_04,jazz,H,pitch_shift,4.0,0.838593,0.613456,0.975052,0.738043,0.917727,0.977132,0.946964
jazz_04::time_stretch::-20pct,jazz_04,jazz,R,time_stretch,-20.0,0.985616,0.846216,0.569946,0.841402,0.668220,0.980439,0.809413
jazz_04::time_stretch::-10pct,jazz_04,jazz,R,time_stretch,-10.0,0.990719,0.864493,0.652571,0.836427,0.679382,0.977512,0.814926
jazz_04::time_stretch::-5pct,jazz_04,jazz,R,time_stretch,-5.0,0.985608,0.894949,0.712546,0.851234,0.740217,0.986661,0.854601
jazz_04::time_stretch::+5pct,jazz_04,jazz,R,time_stretch,5.0,0.985668,0.930627,0.736869,0.851947,0.750248,0.989371,0.861553
jazz_04::time_stretch::+10pct,jazz_04,jazz,R,time_stretch,10.0,0.981871,0.917079,0.660659,0.860102,0.684312,0.980933,0.819307
jazz_04::time_stretch::+20pct,jazz_04,jazz,R,time_stretch,20.0,0.977588,0.885510,0.594168,0.824302,0.633051,0.978141,0.786901
jazz_04::lowpass::lp8000,jazz_04,jazz,T,lowpass,8000.0,1.000000,0.731289,0.994781,0.851947,0.997235,0.981139,0.989155
jazz_04::lowpass::lp4000,jazz_04,jazz,T,lowpass,4000.0,0.999960,0.665034,0.984009,0.798242,0.992690,0.921476,0.956420
jazz_04::lowpass::lp2000,jazz_04,jazz,T,lowpass,2000.0,0.999991,0.579879,0.974123,0.747049,0.988640,0.855745,0.919796
jazz_04::distortion::drv4,jazz_04,jazz,T,distortion,4.0,0.999820,0.791881,0.995591,0.759865,0.966443,0.982279,0.974329
jazz_04::distortion::drv12,jazz_04,jazz,T,distortion,12.0,0.997467,0.658752,0.982594,0.563463,0.912517,0.846759,0.879023
jazz_04::distortion::drv32,jazz_04,jazz,T,distortion,32.0,0.992587,0.587680,0.707647,0.490650,0.887680,0.741977,0.811565
jazz_04::style_swap::swap_cross,jazz_04,jazz,S,style_swap,nan,0.917358,0.424875,0.538177,0.713132,0.532729,0.704895,0.612795
jazz_04::style_swap::swap_same,jazz_04,jazz,S,style_swap,nan,0.895585,0.514792,0.736869,0.614472,0.545608,0.697057,0.616701
jazz_05::control::ctrl,jazz_05,jazz,control,control,0.0,1.000000,1.000000,1.000000,0.710646,1.000000,1.000000,1.000000
jazz_05::pitch_shift::-4st,jazz_05,jazz,H,pitch_shift,-4.0,0.959421,0.650404,0.991899,0.658069,0.970172,0.942850,0.956413
jazz_05::pitch_shift::-2st,jazz_05,jazz,H,pitch_shift,-2.0,0.966809,0.761535,0.995693,0.713620,0.986516,0.960612,0.973478
jazz_05::pitch_shift::-1st,jazz_05,jazz,H,pitch_shift,-1.0,0.979612,0.857148,0.996933,0.716478,0.987874,0.978203,0.983027
jazz_05::pitch_shift::+1st,jazz_05,jazz,H,pitch_shift,1.0,0.986673,0.846987,0.996135,0.690561,0.990529,0.978788,0.984641
jazz_05::pitch_shift::+2st,jazz_05,jazz,H,pitch_shift,2.0,0.971964,0.755135,0.994584,0.679084,0.984110,0.973036,0.978557
jazz_05::pitch_shift::+4st,jazz_05,jazz,H,pitch_shift,4.0,0.959731,0.663274,0.989886,0.663265,0.972910,0.971531,0.972220
jazz_05::time_stretch::-20pct,jazz_05,jazz,R,time_stretch,-20.0,0.995412,0.809701,0.787335,0.709874,0.598787,0.974191,0.763763
jazz_05::time_stretch::-10pct,jazz_05,jazz,R,time_stretch,-10.0,0.996480,0.855129,0.822477,0.720203,0.759154,0.980723,0.862855
jazz_05::time_stretch::-5pct,jazz_05,jazz,R,time_stretch,-5.0,0.999039,0.929356,0.857358,0.730268,0.778179,0.981367,0.873888
jazz_05::time_stretch::+5pct,jazz_05,jazz,R,time_stretch,5.0,0.996270,0.904245,0.856847,0.705132,0.753423,0.986846,0.862272
jazz_05::time_stretch::+10pct,jazz_05,jazz,R,time_stretch,10.0,0.995999,0.874080,0.832511,0.726563,0.717870,0.982105,0.839657
jazz_05::time_stretch::+20pct,jazz_05,jazz,R,time_stretch,20.0,0.989567,0.818683,0.792965,0.717137,0.638252,0.983683,0.792362
jazz_05::lowpass::lp8000,jazz_05,jazz,T,lowpass,8000.0,0.997646,0.876395,0.999817,0.696119,0.999587,0.949102,0.974017
jazz_05::lowpass::lp4000,jazz_05,jazz,T,lowpass,4000.0,0.999587,0.714402,0.998929,0.695730,0.994980,0.903337,0.948052
jazz_05::lowpass::lp2000,jazz_05,jazz,T,lowpass,2000.0,0.999317,0.626045,0.997340,0.662571,0.992752,0.821490,0.903070
jazz_05::distortion::drv4,jazz_05,jazz,T,distortion,4.0,0.992547,0.819237,0.999260,0.699662,0.974194,0.995223,0.984652
jazz_05::distortion::drv12,jazz_05,jazz,T,distortion,12.0,0.990125,0.683214,0.997736,0.665353,0.961408,0.958728,0.960067
jazz_05::distortion::drv32,jazz_05,jazz,T,distortion,32.0,0.990099,0.632072,0.995908,0.657113,0.956841,0.891156,0.923415
jazz_05::style_swap::swap_cross,jazz_05,jazz,S,style_swap,nan,0.975000,0.388541,0.851228,0.519040,0.534376,0.593589,0.563205
jazz_05::style_swap::swap_same,jazz_05,jazz,S,style_swap,nan,0.958224,0.410725,0.832755,0.637977,0.538321,0.690631,0.609739
jazz_06::control::ctrl,jazz_06,jazz,control,control,0.0,1.000000,1.000000,1.000000,0.790886,1.000000,1.000000,1.000000
jazz_06::pitch_shift::-4st,jazz_06,jazz,H,pitch_shift,-4.0,0.860839,0.585246,0.955348,0.783123,0.944901,0.974391,0.959533
jazz_06::pitch_shift::-2st,jazz_06,jazz,H,pitch_shift,-2.0,0.892401,0.730056,0.995796,0.802922,0.972654,0.988821,0.980705
jazz_06::pitch_shift::-1st,jazz_06,jazz,H,pitch_shift,-1.0,0.892641,0.841317,0.998237,0.770391,0.963742,0.991408,0.977477
jazz_06::pitch_shift::+1st,jazz_06,jazz,H,pitch_shift,1.0,0.897179,0.837275,0.997313,0.769451,0.967496,0.993922,0.980620
jazz_06::pitch_shift::+2st,jazz_06,jazz,H,pitch_shift,2.0,0.896181,0.748724,0.960381,0.786685,0.968525,0.988443,0.978434
jazz_06::pitch_shift::+4st,jazz_06,jazz,H,pitch_shift,4.0,0.871706,0.650088,0.952095,0.733771,0.945830,0.983192,0.964330
jazz_06::time_stretch::-20pct,jazz_06,jazz,R,time_stretch,-20.0,0.996358,0.885706,0.660530,0.791636,0.636008,0.982009,0.790295
jazz_06::time_stretch::-10pct,jazz_06,jazz,R,time_stretch,-10.0,0.997679,0.914788,0.711256,0.804929,0.689191,0.986402,0.824511
jazz_06::time_stretch::-5pct,jazz_06,jazz,R,time_stretch,-5.0,0.998425,0.938391,0.772755,0.778782,0.731988,0.988040,0.850432
jazz_06::time_stretch::+5pct,jazz_06,jazz,R,time_stretch,5.0,0.997563,0.953469,0.744180,0.776521,0.766602,0.990029,0.871182
jazz_06::time_stretch::+10pct,jazz_06,jazz,R,time_stretch,10.0,0.996003,0.933763,0.708230,0.750401,0.725257,0.978878,0.842578
jazz_06::time_stretch::+20pct,jazz_06,jazz,R,time_stretch,20.0,0.997230,0.902770,0.649799,0.771037,0.628234,0.976414,0.783209
jazz_06::lowpass::lp8000,jazz_06,jazz,T,lowpass,8000.0,1.000000,0.572906,0.995882,0.785187,0.996029,0.975143,0.985531
jazz_06::lowpass::lp4000,jazz_06,jazz,T,lowpass,4000.0,1.000000,0.549055,0.982300,0.800218,0.985174,0.935526,0.960029
jazz_06::lowpass::lp2000,jazz_06,jazz,T,lowpass,2000.0,0.999995,0.477267,0.972237,0.753982,0.974245,0.892941,0.932708
jazz_06::distortion::drv4,jazz_06,jazz,T,distortion,4.0,0.999972,0.911932,0.999435,0.800232,0.995487,0.996473,0.995980
jazz_06::distortion::drv12,jazz_06,jazz,T,distortion,12.0,0.999497,0.787180,0.996933,0.748239,0.978020,0.962081,0.970018
jazz_06::distortion::drv32,jazz_06,jazz,T,distortion,32.0,0.997570,0.672992,0.988852,0.648524,0.945737,0.831189,0.886615
jazz_06::style_swap::swap_cross,jazz_06,jazz,S,style_swap,nan,0.824651,0.459862,0.640989,0.584680,0.694982,0.747197,0.720617
jazz_06::style_swap::swap_same,jazz_06,jazz,S,style_swap,nan,0.937220,0.413917,0.644435,0.610287,0.578551,0.739559,0.654120
jazz_07::control::ctrl,jazz_07,jazz,control,control,0.0,1.000000,1.000000,1.000000,0.877286,1.000000,1.000000,1.000000
jazz_07::pitch_shift::-4st,jazz_07,jazz,H,pitch_shift,-4.0,0.973532,0.600259,0.982084,0.826771,0.881040,0.975614,0.927122
jazz_07::pitch_shift::-2st,jazz_07,jazz,H,pitch_shift,-2.0,0.977775,0.742799,0.990792,0.848959,0.910910,0.978318,0.944013
jazz_07::pitch_shift::-1st,jazz_07,jazz,H,pitch_shift,-1.0,0.968245,0.837516,0.993857,0.822782,0.924616,0.987213,0.955402
jazz_07::pitch_shift::+1st,jazz_07,jazz,H,pitch_shift,1.0,0.963216,0.822480,0.992155,0.810565,0.923467,0.989352,0.955842
jazz_07::pitch_shift::+2st,jazz_07,jazz,H,pitch_shift,2.0,0.979150,0.723557,0.989542,0.839610,0.905505,0.983598,0.943744
jazz_07::pitch_shift::+4st,jazz_07,jazz,H,pitch_shift,4.0,0.967627,0.617396,0.981157,0.778552,0.873579,0.974346,0.922587
jazz_07::time_stretch::-20pct,jazz_07,jazz,R,time_stretch,-20.0,0.999051,0.836686,0.631958,0.882288,0.621029,0.968802,0.775664
jazz_07::time_stretch::-10pct,jazz_07,jazz,R,time_stretch,-10.0,0.999168,0.870477,0.697524,0.873558,0.684713,0.975365,0.817218
jazz_07::time_stretch::-5pct,jazz_07,jazz,R,time_stretch,-5.0,0.999601,0.909591,0.763236,0.892067,0.672230,0.985944,0.814114
jazz_07::time_stretch::+5pct,jazz_07,jazz,R,time_stretch,5.0,0.999269,0.928559,0.777920,0.891696,0.696221,0.989351,0.829944
jazz_07::time_stretch::+10pct,jazz_07,jazz,R,time_stretch,10.0,0.999098,0.907439,0.716122,0.890319,0.662907,0.977577,0.805011
jazz_07::time_stretch::+20pct,jazz_07,jazz,R,time_stretch,20.0,0.999383,0.894195,0.662876,0.885944,0.610668,0.972008,0.770437
jazz_07::lowpass::lp8000,jazz_07,jazz,T,lowpass,8000.0,0.999980,0.495395,0.779294,0.875401,0.996285,0.974388,0.985276
jazz_07::lowpass::lp4000,jazz_07,jazz,T,lowpass,4000.0,0.999996,0.466442,0.764293,0.779408,0.984454,0.938206,0.961052
jazz_07::lowpass::lp2000,jazz_07,jazz,T,lowpass,2000.0,0.999994,0.443111,0.747705,0.723449,0.974911,0.872496,0.922283
jazz_07::distortion::drv4,jazz_07,jazz,T,distortion,4.0,0.999955,0.831466,0.783638,0.837866,0.965156,0.963589,0.964372
jazz_07::distortion::drv12,jazz_07,jazz,T,distortion,12.0,0.999672,0.672901,0.766822,0.690822,0.902810,0.850264,0.876143
jazz_07::distortion::drv32,jazz_07,jazz,T,distortion,32.0,0.997720,0.591190,0.745969,0.570926,0.874735,0.774592,0.823142
jazz_07::style_swap::swap_cross,jazz_07,jazz,S,style_swap,nan,0.974894,0.421153,0.624288,0.476909,0.567550,0.595093,0.581158
jazz_07::style_swap::swap_same,jazz_07,jazz,S,style_swap,nan,0.979577,0.567352,0.684561,0.818358,0.578659,0.794742,0.678148
jazz_08::control::ctrl,jazz_08,jazz,control,control,0.0,1.000000,1.000000,1.000000,0.844803,1.000000,1.000000,1.000000
jazz_08::pitch_shift::-4st,jazz_08,jazz,H,pitch_shift,-4.0,0.897363,0.598976,0.989415,0.839461,0.934400,0.969186,0.951634
jazz_08::pitch_shift::-2st,jazz_08,jazz,H,pitch_shift,-2.0,0.879133,0.722150,0.975681,0.850699,0.946492,0.979194,0.962704
jazz_08::pitch_shift::-1st,jazz_08,jazz,H,pitch_shift,-1.0,0.904515,0.839311,0.997265,0.849194,0.952006,0.985412,0.968565
jazz_08::pitch_shift::+1st,jazz_08,jazz,H,pitch_shift,1.0,0.909468,0.838389,0.996369,0.821205,0.933912,0.990091,0.961591
jazz_08::pitch_shift::+2st,jazz_08,jazz,H,pitch_shift,2.0,0.886784,0.733424,0.972280,0.812111,0.949024,0.985347,0.967015
jazz_08::pitch_shift::+4st,jazz_08,jazz,H,pitch_shift,4.0,0.895977,0.625187,0.965739,0.779459,0.922106,0.981228,0.951208
jazz_08::time_stretch::-20pct,jazz_08,jazz,R,time_stretch,-20.0,0.991033,0.836398,0.756731,0.842342,0.564656,0.985333,0.745905
jazz_08::time_stretch::-10pct,jazz_08,jazz,R,time_stretch,-10.0,0.995224,0.911014,0.814616,0.857538,0.663712,0.987524,0.809587
jazz_08::time_stretch::-5pct,jazz_08,jazz,R,time_stretch,-5.0,0.996159,0.938048,0.836894,0.856010,0.691709,0.990944,0.827916
jazz_08::time_stretch::+5pct,jazz_08,jazz,R,time_stretch,5.0,0.994407,0.953706,0.833367,0.838798,0.696176,0.992226,0.831122
jazz_08::time_stretch::+10pct,jazz_08,jazz,R,time_stretch,10.0,0.991435,0.935007,0.795431,0.841919,0.668108,0.988435,0.812639
jazz_08::time_stretch::+20pct,jazz_08,jazz,R,time_stretch,20.0,0.987513,0.903148,0.762393,0.828620,0.619202,0.984242,0.780669
jazz_08::lowpass::lp8000,jazz_08,jazz,T,lowpass,8000.0,1.000000,0.652147,0.998615,0.852196,0.995945,0.975353,0.985595
jazz_08::lowpass::lp4000,jazz_08,jazz,T,lowpass,4000.0,1.000000,0.590164,0.972762,0.820080,0.984720,0.947080,0.965717
jazz_08::lowpass::lp2000,jazz_08,jazz,T,lowpass,2000.0,0.999983,0.544811,0.833876,0.804770,0.968426,0.869424,0.917591
jazz_08::distortion::drv4,jazz_08,jazz,T,distortion,4.0,0.999986,0.941801,0.999773,0.850990,0.995591,0.997262,0.996426
jazz_08::distortion::drv12,jazz_08,jazz,T,distortion,12.0,0.999778,0.778938,0.997141,0.822618,0.956589,0.930323,0.943365
jazz_08::distortion::drv32,jazz_08,jazz,T,distortion,32.0,0.998000,0.650928,0.991095,0.705146,0.896315,0.745622,0.817503
jazz_08::style_swap::swap_cross,jazz_08,jazz,S,style_swap,nan,0.933218,0.452913,0.754467,0.643891,0.685684,0.729014,0.707017
jazz_08::style_swap::swap_same,jazz_08,jazz,S,style_swap,nan,0.894906,0.483703,0.749487,0.755327,0.532240,0.750273,0.631922
jazz_09::control::ctrl,jazz_09,jazz,control,control,0.0,1.000000,1.000000,1.000000,0.753220,1.000000,1.000000,1.000000
jazz_09::pitch_shift::-4st,jazz_09,jazz,H,pitch_shift,-4.0,0.993550,0.520189,0.994295,0.669297,0.855547,0.979385,0.915374
jazz_09::pitch_shift::-2st,jazz_09,jazz,H,pitch_shift,-2.0,0.993295,0.668179,0.995548,0.654154,0.894208,0.991082,0.941400
jazz_09::pitch_shift::-1st,jazz_09,jazz,H,pitch_shift,-1.0,0.994325,0.797147,0.996291,0.708389,0.932302,0.994511,0.962904
jazz_09::pitch_shift::+1st,jazz_09,jazz,H,pitch_shift,1.0,0.995296,0.873630,0.986764,0.717206,0.932999,0.991356,0.961735
jazz_09::pitch_shift::+2st,jazz_09,jazz,H,pitch_shift,2.0,0.992981,0.778679,0.985836,0.684620,0.902101,0.986707,0.943456
jazz_09::pitch_shift::+4st,jazz_09,jazz,H,pitch_shift,4.0,0.993681,0.680095,0.993501,0.695860,0.870191,0.985410,0.926010
jazz_09::time_stretch::-20pct,jazz_09,jazz,R,time_stretch,-20.0,0.999820,0.874245,0.929123,0.723033,0.524724,0.986915,0.719624
jazz_09::time_stretch::-10pct,jazz_09,jazz,R,time_stretch,-10.0,0.999762,0.886338,0.925168,0.716772,0.509134,0.986694,0.708773
jazz_09::time_stretch::-5pct,jazz_09,jazz,R,time_stretch,-5.0,0.999676,0.937200,0.936289,0.720375,0.513405,0.987562,0.712053
jazz_09::time_stretch::+5pct,jazz_09,jazz,R,time_stretch,5.0,0.999825,0.907091,0.942912,0.719434,0.522318,0.991133,0.719504
jazz_09::time_stretch::+10pct,jazz_09,jazz,R,time_stretch,10.0,0.999663,0.884010,0.932196,0.710321,0.530316,0.990512,0.724765
jazz_09::time_stretch::+20pct,jazz_09,jazz,R,time_stretch,20.0,0.999407,0.893063,0.924240,0.716772,0.518266,0.988787,0.715860
jazz_09::lowpass::lp8000,jazz_09,jazz,T,lowpass,8000.0,1.000000,0.394304,0.991235,0.753181,0.968500,0.962766,0.965629
jazz_09::lowpass::lp4000,jazz_09,jazz,T,lowpass,4000.0,0.999786,0.401189,0.985243,0.704597,0.930514,0.960364,0.945321
jazz_09::lowpass::lp2000,jazz_09,jazz,T,lowpass,2000.0,0.999513,0.369264,0.983943,0.651480,0.928361,0.856731,0.891827
jazz_09::distortion::drv4,jazz_09,jazz,T,distortion,4.0,0.999959,0.945588,0.999863,0.739988,0.998987,0.999651,0.999319
jazz_09::distortion::drv12,jazz_09,jazz,T,distortion,12.0,0.999751,0.626861,0.989583,0.691262,0.957977,0.983019,0.970417
jazz_09::distortion::drv32,jazz_09,jazz,T,distortion,32.0,0.999888,0.458302,0.984396,0.640767,0.922590,0.960812,0.941507
jazz_09::style_swap::swap_cross,jazz_09,jazz,S,style_swap,nan,0.952617,0.472839,0.906479,0.609758,0.504791,0.805307,0.637583
jazz_09::style_swap::swap_same,jazz_09,jazz,S,style_swap,nan,0.973991,0.516828,0.950124,0.611811,0.531453,0.775063,0.641802
jazz_10::control::ctrl,jazz_10,jazz,control,control,0.0,1.000000,1.000000,1.000000,0.860866,1.000000,1.000000,1.000000
jazz_10::pitch_shift::-4st,jazz_10,jazz,H,pitch_shift,-4.0,0.991657,0.604271,0.988564,0.874829,0.875967,0.958076,0.916102
jazz_10::pitch_shift::-2st,jazz_10,jazz,H,pitch_shift,-2.0,0.994534,0.788766,0.994366,0.865171,0.901989,0.980627,0.940486
jazz_10::pitch_shift::-1st,jazz_10,jazz,H,pitch_shift,-1.0,0.993905,0.890445,0.996235,0.865165,0.917647,0.986118,0.951267
jazz_10::pitch_shift::+1st,jazz_10,jazz,H,pitch_shift,1.0,0.994377,0.918836,0.994780,0.861068,0.919833,0.986482,0.952575
jazz_10::pitch_shift::+2st,jazz_10,jazz,H,pitch_shift,2.0,0.990313,0.860729,0.992269,0.875253,0.916232,0.984235,0.949625
jazz_10::pitch_shift::+4st,jazz_10,jazz,H,pitch_shift,4.0,0.979473,0.780618,0.983655,0.851311,0.884664,0.978635,0.930464
jazz_10::time_stretch::-20pct,jazz_10,jazz,R,time_stretch,-20.0,0.998646,0.895980,0.699537,0.834058,0.512393,0.981524,0.709173
jazz_10::time_stretch::-10pct,jazz_10,jazz,R,time_stretch,-10.0,0.999014,0.914011,0.747906,0.856854,0.579565,0.992311,0.758359
jazz_10::time_stretch::-5pct,jazz_10,jazz,R,time_stretch,-5.0,0.999160,0.941124,0.789484,0.853740,0.531583,0.991203,0.725884
jazz_10::time_stretch::+5pct,jazz_10,jazz,R,time_stretch,5.0,0.999455,0.947034,0.786308,0.858958,0.553534,0.993350,0.741521
jazz_10::time_stretch::+10pct,jazz_10,jazz,R,time_stretch,10.0,0.998965,0.930542,0.764757,0.858152,0.592412,0.994276,0.767477
jazz_10::time_stretch::+20pct,jazz_10,jazz,R,time_stretch,20.0,0.998483,0.921300,0.702560,0.862557,0.507366,0.990627,0.708950
jazz_10::lowpass::lp8000,jazz_10,jazz,T,lowpass,8000.0,0.999996,0.475037,0.994423,0.863805,0.998393,0.983304,0.990820
jazz_10::lowpass::lp4000,jazz_10,jazz,T,lowpass,4000.0,0.999996,0.465638,0.986251,0.821676,0.987453,0.945529,0.966264
jazz_10::lowpass::lp2000,jazz_10,jazz,T,lowpass,2000.0,0.999998,0.445786,0.981971,0.781683,0.979515,0.880640,0.928763
jazz_10::distortion::drv4,jazz_10,jazz,T,distortion,4.0,0.999712,0.871568,0.993246,0.854154,0.971910,0.987090,0.979471
jazz_10::distortion::drv12,jazz_10,jazz,T,distortion,12.0,0.998882,0.708573,0.949376,0.797292,0.921533,0.848815,0.884427
jazz_10::distortion::drv32,jazz_10,jazz,T,distortion,32.0,0.998055,0.590036,0.947198,0.726889,0.887992,0.741875,0.811652
jazz_10::style_swap::swap_cross,jazz_10,jazz,S,style_swap,nan,0.924891,0.411552,0.674367,0.536714,0.553449,0.722875,0.632514
jazz_10::style_swap::swap_same,jazz_10,jazz,S,style_swap,nan,0.976866,0.544370,0.789484,0.755721,0.555007,0.850780,0.687160
jazz_11::control::ctrl,jazz_11,jazz,control,control,0.0,1.000000,1.000000,1.000000,0.869773,1.000000,1.000000,1.000000
jazz_11::pitch_shift::-4st,jazz_11,jazz,H,pitch_shift,-4.0,0.947010,0.524735,0.990831,0.749957,0.946323,0.972175,0.959162
jazz_11::pitch_shift::-2st,jazz_11,jazz,H,pitch_shift,-2.0,0.973869,0.687392,0.995139,0.830234,0.951319,0.984633,0.967833
jazz_11::pitch_shift::-1st,jazz_11,jazz,H,pitch_shift,-1.0,0.956330,0.823001,0.996614,0.848596,0.963755,0.985450,0.974542
jazz_11::pitch_shift::+1st,jazz_11,jazz,H,pitch_shift,1.0,0.961928,0.874637,0.994816,0.848028,0.965869,0.993857,0.979763
jazz_11::pitch_shift::+2st,jazz_11,jazz,H,pitch_shift,2.0,0.971311,0.774948,0.992128,0.843193,0.948041,0.990216,0.968899
jazz_11::pitch_shift::+4st,jazz_11,jazz,H,pitch_shift,4.0,0.943940,0.677091,0.983693,0.817280,0.929958,0.984875,0.957023
jazz_11::time_stretch::-20pct,jazz_11,jazz,R,time_stretch,-20.0,0.998419,0.875932,0.618564,0.859247,0.558984,0.985956,0.742384
jazz_11::time_stretch::-10pct,jazz_11,jazz,R,time_stretch,-10.0,0.998811,0.894795,0.694855,0.875190,0.555754,0.986234,0.740340
jazz_11::time_stretch::-5pct,jazz_11,jazz,R,time_stretch,-5.0,0.998882,0.927346,0.735558,0.868148,0.645259,0.989512,0.799057
jazz_11::time_stretch::+5pct,jazz_11,jazz,R,time_stretch,5.0,0.999259,0.936869,0.755578,0.862748,0.636543,0.990604,0.794079
jazz_11::time_stretch::+10pct,jazz_11,jazz,R,time_stretch,10.0,0.998295,0.920745,0.698561,0.865939,0.566465,0.990092,0.748901
jazz_11::time_stretch::+20pct,jazz_11,jazz,R,time_stretch,20.0,0.996292,0.877148,0.646875,0.846973,0.560070,0.986953,0.743480
jazz_11::lowpass::lp8000,jazz_11,jazz,T,lowpass,8000.0,1.000000,0.457968,0.993689,0.879257,0.998217,0.979572,0.988851
jazz_11::lowpass::lp4000,jazz_11,jazz,T,lowpass,4000.0,1.000000,0.451550,0.979650,0.813058,0.988895,0.960046,0.974364
jazz_11::lowpass::lp2000,jazz_11,jazz,T,lowpass,2000.0,0.999991,0.440528,0.959965,0.791932,0.983167,0.936065,0.959327
jazz_11::distortion::drv4,jazz_11,jazz,T,distortion,4.0,0.999738,0.654194,0.988778,0.824373,0.932710,0.959629,0.946074
jazz_11::distortion::drv12,jazz_11,jazz,T,distortion,12.0,0.998933,0.520993,0.972787,0.745876,0.888195,0.885027,0.886609
jazz_11::distortion::drv32,jazz_11,jazz,T,distortion,32.0,0.998474,0.460108,0.949900,0.703186,0.879669,0.828498,0.853700
jazz_11::style_swap::swap_cross,jazz_11,jazz,S,style_swap,nan,0.957214,0.528654,0.786424,0.646518,0.533588,0.770881,0.641352
jazz_11::style_swap::swap_same,jazz_11,jazz,S,style_swap,nan,0.978943,0.571892,0.644919,0.826714,0.529946,0.920143,0.698302
jazz_12::control::ctrl,jazz_12,jazz,control,control,0.0,1.000000,1.000000,1.000000,0.858757,1.000000,1.000000,1.000000
jazz_12::pitch_shift::-4st,jazz_12,jazz,H,pitch_shift,-4.0,0.930882,0.556420,0.983869,0.815317,0.916118,0.974683,0.944947
jazz_12::pitch_shift::-2st,jazz_12,jazz,H,pitch_shift,-2.0,0.952690,0.698191,0.991786,0.850214,0.945271,0.982627,0.963768
jazz_12::pitch_shift::-1st,jazz_12,jazz,H,pitch_shift,-1.0,0.957054,0.823344,0.995232,0.832644,0.963442,0.989512,0.976390
jazz_12::pitch_shift::+1st,jazz_12,jazz,H,pitch_shift,1.0,0.957070,0.833236,0.992915,0.827703,0.958785,0.991159,0.974838
jazz_12::pitch_shift::+2st,jazz_12,jazz,H,pitch_shift,2.0,0.943552,0.728528,0.985914,0.844091,0.953722,0.981442,0.967483
jazz_12::pitch_shift::+4st,jazz_12,jazz,H,pitch_shift,4.0,0.927646,0.639408,0.969479,0.816332,0.931863,0.976804,0.954069
jazz_12::time_stretch::-20pct,jazz_12,jazz,R,time_stretch,-20.0,0.990616,0.753734,0.435620,0.845612,0.604056,0.974987,0.767429
jazz_12::time_stretch::-10pct,jazz_12,jazz,R,time_stretch,-10.0,0.993334,0.889527,0.563129,0.851531,0.678870,0.983788,0.817230
jazz_12::time_stretch::-5pct,jazz_12,jazz,R,time_stretch,-5.0,0.988644,0.932100,0.619823,0.851316,0.711945,0.987992,0.838687
jazz_12::time_stretch::+5pct,jazz_12,jazz,R,time_stretch,5.0,0.995547,0.937045,0.614296,0.851895,0.737102,0.990598,0.854501
jazz_12::time_stretch::+10pct,jazz_12,jazz,R,time_stretch,10.0,0.994645,0.906825,0.524673,0.859318,0.672335,0.990381,0.816007
jazz_12::time_stretch::+20pct,jazz_12,jazz,R,time_stretch,20.0,0.993523,0.846594,0.451194,0.839586,0.615150,0.983129,0.777671
jazz_12::lowpass::lp8000,jazz_12,jazz,T,lowpass,8000.0,0.999807,0.517995,0.996044,0.856904,0.985446,0.976977,0.981203
jazz_12::lowpass::lp4000,jazz_12,jazz,T,lowpass,4000.0,0.999978,0.490035,0.983789,0.764088,0.980164,0.948757,0.964333
jazz_12::lowpass::lp2000,jazz_12,jazz,T,lowpass,2000.0,0.998510,0.474518,0.620515,0.739977,0.974728,0.898507,0.935842
jazz_12::distortion::drv4,jazz_12,jazz,T,distortion,4.0,0.999785,0.795270,0.994876,0.832114,0.963192,0.968475,0.965830
jazz_12::distortion::drv12,jazz_12,jazz,T,distortion,12.0,0.995536,0.640309,0.978926,0.705058,0.907352,0.817733,0.861378
jazz_12::distortion::drv32,jazz_12,jazz,T,distortion,32.0,0.995451,0.555792,0.950169,0.578775,0.872488,0.718749,0.791896
jazz_12::style_swap::swap_cross,jazz_12,jazz,S,style_swap,nan,0.906809,0.485037,0.395582,0.558876,0.610271,0.688774,0.648335
jazz_12::style_swap::swap_same,jazz_12,jazz,S,style_swap,nan,0.968208,0.469720,0.467118,0.522573,0.532064,0.642243,0.584563
jazz_13::control::ctrl,jazz_13,jazz,control,control,0.0,1.000000,1.000000,1.000000,0.913895,1.000000,1.000000,1.000000
jazz_13::pitch_shift::-4st,jazz_13,jazz,H,pitch_shift,-4.0,0.857639,0.628435,0.990805,0.864783,0.916655,0.949761,0.933061
jazz_13::pitch_shift::-2st,jazz_13,jazz,H,pitch_shift,-2.0,0.919095,0.767321,0.994042,0.899468,0.963664,0.971728,0.967687
jazz_13::pitch_shift::-1st,jazz_13,jazz,H,pitch_shift,-1.0,0.969700,0.870911,0.996068,0.889855,0.975807,0.995641,0.985674
jazz_13::pitch_shift::+1st,jazz_13,jazz,H,pitch_shift,1.0,0.965989,0.889320,0.992757,0.902497,0.976296,0.996499,0.986346
jazz_13::pitch_shift::+2st,jazz_13,jazz,H,pitch_shift,2.0,0.907929,0.813636,0.986196,0.911959,0.953739,0.984422,0.968959
jazz_13::pitch_shift::+4st,jazz_13,jazz,H,pitch_shift,4.0,0.840756,0.704576,0.978256,0.902636,0.935655,0.981672,0.958387
jazz_13::time_stretch::-20pct,jazz_13,jazz,R,time_stretch,-20.0,0.998213,0.849413,0.556658,0.876176,0.569088,0.989511,0.750412
jazz_13::time_stretch::-10pct,jazz_13,jazz,R,time_stretch,-10.0,0.999192,0.880859,0.623757,0.883316,0.621452,0.995522,0.786555
jazz_13::time_stretch::-5pct,jazz_13,jazz,R,time_stretch,-5.0,0.998923,0.926820,0.719010,0.892187,0.657295,0.993767,0.808207
jazz_13::time_stretch::+5pct,jazz_13,jazz,R,time_stretch,5.0,0.998940,0.925831,0.684768,0.896514,0.676495,0.992489,0.819398
jazz_13::time_stretch::+10pct,jazz_13,jazz,R,time_stretch,10.0,0.997729,0.900051,0.632258,0.903019,0.612870,0.988994,0.778540
jazz_13::time_stretch::+20pct,jazz_13,jazz,R,time_stretch,20.0,0.995096,0.872329,0.568477,0.903825,0.572894,0.975167,0.747441
jazz_13::lowpass::lp8000,jazz_13,jazz,T,lowpass,8000.0,1.000000,0.614482,0.997159,0.920144,0.982164,0.971374,0.976754
jazz_13::lowpass::lp4000,jazz_13,jazz,T,lowpass,4000.0,1.000000,0.541464,0.990086,0.887335,0.978904,0.921454,0.949745
jazz_13::lowpass::lp2000,jazz_13,jazz,T,lowpass,2000.0,0.999995,0.474856,0.939470,0.850626,0.970015,0.880321,0.924081
jazz_13::distortion::drv4,jazz_13,jazz,T,distortion,4.0,0.999466,0.794882,0.994470,0.918160,0.954703,0.980868,0.967697
jazz_13::distortion::drv12,jazz_13,jazz,T,distortion,12.0,0.995084,0.653928,0.978025,0.763696,0.895348,0.855718,0.875309
jazz_13::distortion::drv32,jazz_13,jazz,T,distortion,32.0,0.991993,0.567285,0.955914,0.564704,0.861926,0.750914,0.804507
jazz_13::style_swap::swap_cross,jazz_13,jazz,S,style_swap,nan,0.808750,0.501906,0.514837,0.585862,0.535536,0.678443,0.602769
jazz_13::style_swap::swap_same,jazz_13,jazz,S,style_swap,nan,0.930396,0.449679,0.595873,0.518592,0.516777,0.780052,0.634912
jazz_14::control::ctrl,jazz_14,jazz,control,control,0.0,1.000000,1.000000,1.000000,0.851425,1.000000,1.000000,1.000000
jazz_14::pitch_shift::-4st,jazz_14,jazz,H,pitch_shift,-4.0,0.934206,0.590761,0.964260,0.786143,0.892635,0.976060,0.933416
jazz_14::pitch_shift::-2st,jazz_14,jazz,H,pitch_shift,-2.0,0.937177,0.695728,0.971471,0.805457,0.937123,0.986059,0.961280
jazz_14::pitch_shift::-1st,jazz_14,jazz,H,pitch_shift,-1.0,0.962807,0.821226,0.998011,0.792512,0.949128,0.994230,0.971417
jazz_14::pitch_shift::+1st,jazz_14,jazz,H,pitch_shift,1.0,0.966213,0.802676,0.971793,0.825113,0.932066,0.989056,0.960138
jazz_14::pitch_shift::+2st,jazz_14,jazz,H,pitch_shift,2.0,0.949163,0.698707,0.968441,0.812437,0.935011,0.978761,0.956636
jazz_14::pitch_shift::+4st,jazz_14,jazz,H,pitch_shift,4.0,0.932821,0.586226,0.957447,0.787879,0.915997,0.961492,0.938469
jazz_14::time_stretch::-20pct,jazz_14,jazz,R,time_stretch,-20.0,0.998080,0.858659,0.727825,0.852864,0.567841,0.981782,0.746656
jazz_14::time_stretch::-10pct,jazz_14,jazz,R,time_stretch,-10.0,0.998977,0.890882,0.779535,0.842808,0.624740,0.990307,0.786565
jazz_14::time_stretch::-5pct,jazz_14,jazz,R,time_stretch,-5.0,0.997320,0.933183,0.818322,0.856533,0.646895,0.979068,0.795836
jazz_14::time_stretch::+5pct,jazz_14,jazz,R,time_stretch,5.0,0.998140,0.948291,0.719260,0.844261,0.614687,0.994075,0.781694
jazz_14::time_stretch::+10pct,jazz_14,jazz,R,time_stretch,10.0,0.998617,0.928067,0.722274,0.818617,0.560333,0.984768,0.742831
jazz_14::time_stretch::+20pct,jazz_14,jazz,R,time_stretch,20.0,0.998981,0.914060,0.744737,0.853333,0.576910,0.984514,0.753642
jazz_14::lowpass::lp8000,jazz_14,jazz,T,lowpass,8000.0,0.999982,0.686754,0.998291,0.861497,0.991862,0.975213,0.983502
jazz_14::lowpass::lp4000,jazz_14,jazz,T,lowpass,4000.0,0.999909,0.527779,0.992664,0.835214,0.982867,0.938552,0.960454
jazz_14::lowpass::lp2000,jazz_14,jazz,T,lowpass,2000.0,0.999956,0.452628,0.986559,0.773591,0.973141,0.892210,0.931798
jazz_14::distortion::drv4,jazz_14,jazz,T,distortion,4.0,0.999705,0.712523,0.969466,0.832152,0.943063,0.984165,0.963395
jazz_14::distortion::drv12,jazz_14,jazz,T,distortion,12.0,0.998455,0.571102,0.955522,0.695957,0.886010,0.826556,0.855767
jazz_14::distortion::drv32,jazz_14,jazz,T,distortion,32.0,0.996809,0.513077,0.961260,0.597771,0.871890,0.708244,0.785819
jazz_14::style_swap::swap_cross,jazz_14,jazz,S,style_swap,nan,0.920173,0.460066,0.773477,0.508909,0.578639,0.730080,0.649963
jazz_14::style_swap::swap_same,jazz_14,jazz,S,style_swap,nan,0.961866,0.467382,0.815302,0.771601,0.529541,0.907771,0.693326
jazz_15::control::ctrl,jazz_15,jazz,control,control,0.0,1.000000,1.000000,1.000000,0.729589,1.000000,1.000000,1.000000
jazz_15::pitch_shift::-4st,jazz_15,jazz,H,pitch_shift,-4.0,0.820676,0.550637,0.993349,0.607311,0.910375,0.971816,0.940594
jazz_15::pitch_shift::-2st,jazz_15,jazz,H,pitch_shift,-2.0,0.909637,0.659955,0.994246,0.650093,0.936321,0.971473,0.953735
jazz_15::pitch_shift::-1st,jazz_15,jazz,H,pitch_shift,-1.0,0.786078,0.766376,0.995705,0.678302,0.964868,0.988554,0.976639
jazz_15::pitch_shift::+1st,jazz_15,jazz,H,pitch_shift,1.0,0.777963,0.776825,0.996535,0.688846,0.965516,0.992476,0.978903
jazz_15::pitch_shift::+2st,jazz_15,jazz,H,pitch_shift,2.0,0.892901,0.682280,0.995125,0.678302,0.943615,0.990712,0.966877
jazz_15::pitch_shift::+4st,jazz_15,jazz,H,pitch_shift,4.0,0.795438,0.551517,0.992737,0.654349,0.930924,0.992037,0.960995
jazz_15::time_stretch::-20pct,jazz_15,jazz,R,time_stretch,-20.0,0.997852,0.754360,0.754556,0.701322,0.572957,0.986854,0.751948
jazz_15::time_stretch::-10pct,jazz_15,jazz,R,time_stretch,-10.0,0.997548,0.847138,0.805239,0.717332,0.629784,0.992898,0.790766
jazz_15::time_stretch::-5pct,jazz_15,jazz,R,time_stretch,-5.0,0.998991,0.878337,0.844973,0.741501,0.659562,0.990839,0.808406
jazz_15::time_stretch::+5pct,jazz_15,jazz,R,time_stretch,5.0,0.999382,0.869278,0.846910,0.687330,0.652847,0.987806,0.803048
jazz_15::time_stretch::+10pct,jazz_15,jazz,R,time_stretch,10.0,0.998653,0.868622,0.824894,0.708495,0.598040,0.991893,0.770189
jazz_15::time_stretch::+20pct,jazz_15,jazz,R,time_stretch,20.0,0.996875,0.859278,0.772912,0.680721,0.572424,0.989129,0.752463
jazz_15::lowpass::lp8000,jazz_15,jazz,T,lowpass,8000.0,0.999998,0.965447,0.999997,0.738285,0.999475,0.976658,0.988001
jazz_15::lowpass::lp4000,jazz_15,jazz,T,lowpass,4000.0,0.999989,0.777751,0.999673,0.732875,0.995599,0.936260,0.965474
jazz_15::lowpass::lp2000,jazz_15,jazz,T,lowpass,2000.0,0.999987,0.507678,0.998792,0.711016,0.967338,0.937713,0.952411
jazz_15::distortion::drv4,jazz_15,jazz,T,distortion,4.0,0.999636,0.730560,0.998351,0.687727,0.957002,0.987359,0.972062
jazz_15::distortion::drv12,jazz_15,jazz,T,distortion,12.0,0.996427,0.507364,0.965091,0.682232,0.867793,0.917502,0.892302
jazz_15::distortion::drv32,jazz_15,jazz,T,distortion,32.0,0.991463,0.454300,0.959982,0.645431,0.850994,0.836112,0.843520
jazz_15::style_swap::swap_cross,jazz_15,jazz,S,style_swap,nan,0.921302,0.394224,0.805239,0.640620,0.573014,0.640831,0.605974
jazz_15::style_swap::swap_same,jazz_15,jazz,S,style_swap,nan,0.888360,0.390540,0.782156,0.708327,0.547313,0.763807,0.646561
rock_01::control::ctrl,rock_01,rock,control,control,0.0,1.000000,0.999941,1.000000,0.852123,1.000000,0.999999,0.999999
rock_01::pitch_shift::-4st,rock_01,rock,H,pitch_shift,-4.0,0.813899,0.557392,0.979674,0.749739,0.890050,0.960387,0.924550
rock_01::pitch_shift::-2st,rock_01,rock,H,pitch_shift,-2.0,0.879909,0.680312,0.990443,0.790236,0.929843,0.962252,0.945909
rock_01::pitch_shift::-1st,rock_01,rock,H,pitch_shift,-1.0,0.839092,0.812309,0.992651,0.800226,0.960010,0.987977,0.973893
rock_01::pitch_shift::+1st,rock_01,rock,H,pitch_shift,1.0,0.850511,0.847182,0.991063,0.810633,0.965060,0.975297,0.970165
rock_01::pitch_shift::+2st,rock_01,rock,H,pitch_shift,2.0,0.881669,0.760299,0.988921,0.797864,0.943123,0.983932,0.963312
rock_01::pitch_shift::+4st,rock_01,rock,H,pitch_shift,4.0,0.816753,0.645685,0.977467,0.664383,0.914158,0.981250,0.947110
rock_01::time_stretch::-20pct,rock_01,rock,R,time_stretch,-20.0,0.994166,0.881545,0.577422,0.837120,0.643918,0.988594,0.797856
rock_01::time_stretch::-10pct,rock_01,rock,R,time_stretch,-10.0,0.998747,0.903182,0.661396,0.847076,0.592247,0.988284,0.765055
rock_01::time_stretch::-5pct,rock_01,rock,R,time_stretch,-5.0,0.998819,0.915811,0.706096,0.850757,0.683690,0.992059,0.823566
rock_01::time_stretch::+5pct,rock_01,rock,R,time_stretch,5.0,0.999070,0.914223,0.701312,0.836851,0.682615,0.992596,0.823141
rock_01::time_stretch::+10pct,rock_01,rock,R,time_stretch,10.0,0.997577,0.882194,0.651367,0.829793,0.654423,0.991531,0.805532
rock_01::time_stretch::+20pct,rock_01,rock,R,time_stretch,20.0,0.995841,0.822359,0.584487,0.865480,0.631293,0.990799,0.790876
rock_01::lowpass::lp8000,rock_01,rock,T,lowpass,8000.0,1.000000,0.474364,0.991089,0.857176,0.981903,0.963828,0.972824
rock_01::lowpass::lp4000,rock_01,rock,T,lowpass,4000.0,0.999999,0.425396,0.878785,0.760955,0.953225,0.890267,0.921208
rock_01::lowpass::lp2000,rock_01,rock,T,lowpass,2000.0,0.999956,0.398225,0.840812,0.680278,0.938301,0.833098,0.884136
rock_01::distortion::drv4,rock_01,rock,T,distortion,4.0,0.999287,0.774378,0.981845,0.777299,0.941366,0.963924,0.952578
rock_01::distortion::drv12,rock_01,rock,T,distortion,12.0,0.996281,0.570772,0.947007,0.620318,0.863494,0.866590,0.865041
rock_01::distortion::drv32,rock_01,rock,T,distortion,32.0,0.994382,0.488409,0.854444,0.563018,0.824609,0.801395,0.812919
rock_01::style_swap::swap_cross,rock_01,rock,S,style_swap,nan,0.902871,0.438940,0.634167,0.498722,0.545103,0.828273,0.671933
rock_01::style_swap::swap_same,rock_01,rock,S,style_swap,nan,0.945281,0.401226,0.731974,0.705768,0.607740,0.870987,0.727554
rock_02::control::ctrl,rock_02,rock,control,control,0.0,1.000000,1.000000,1.000000,0.804026,1.000000,1.000000,1.000000
rock_02::pitch_shift::-4st,rock_02,rock,H,pitch_shift,-4.0,0.926029,0.434437,0.749347,0.774874,0.904838,0.978254,0.940830
rock_02::pitch_shift::-2st,rock_02,rock,H,pitch_shift,-2.0,0.967341,0.591448,0.978944,0.769596,0.932153,0.987656,0.959503
rock_02::pitch_shift::-1st,rock_02,rock,H,pitch_shift,-1.0,0.977166,0.749809,0.983481,0.761729,0.934349,0.988187,0.960891
rock_02::pitch_shift::+1st,rock_02,rock,H,pitch_shift,1.0,0.981000,0.801360,0.982379,0.762227,0.941904,0.988545,0.964943
rock_02::pitch_shift::+2st,rock_02,rock,H,pitch_shift,2.0,0.975555,0.730636,0.978671,0.769174,0.930965,0.992078,0.961036
rock_02::pitch_shift::+4st,rock_02,rock,H,pitch_shift,4.0,0.930320,0.636285,0.976888,0.757324,0.896335,0.985931,0.940066
rock_02::time_stretch::-20pct,rock_02,rock,R,time_stretch,-20.0,0.998565,0.857639,0.755892,0.809949,0.560845,0.986964,0.743999
rock_02::time_stretch::-10pct,rock_02,rock,R,time_stretch,-10.0,0.998630,0.858506,0.650500,0.789306,0.581120,0.990483,0.758676
rock_02::time_stretch::-5pct,rock_02,rock,R,time_stretch,-5.0,0.999352,0.877468,0.752447,0.785791,0.658451,0.994200,0.809093
rock_02::time_stretch::+5pct,rock_02,rock,R,time_stretch,5.0,0.999185,0.865125,0.748891,0.802308,0.658950,0.995285,0.809841
rock_02::time_stretch::+10pct,rock_02,rock,R,time_stretch,10.0,0.999070,0.864770,0.707761,0.789644,0.591774,0.993966,0.766944
rock_02::time_stretch::+20pct,rock_02,rock,R,time_stretch,20.0,0.997021,0.860444,0.650500,0.799784,0.534922,0.992311,0.728567
rock_02::lowpass::lp8000,rock_02,rock,T,lowpass,8000.0,1.000000,0.421983,0.775742,0.793862,0.999301,0.975430,0.987293
rock_02::lowpass::lp4000,rock_02,rock,T,lowpass,4000.0,0.999968,0.435369,0.768712,0.791629,0.993734,0.944248,0.968675
rock_02::lowpass::lp2000,rock_02,rock,T,lowpass,2000.0,0.999983,0.408411,0.756542,0.744377,0.984231,0.872645,0.926760
rock_02::distortion::drv4,rock_02,rock,T,distortion,4.0,0.999895,0.597362,0.774171,0.765171,0.963966,0.980148,0.972023
rock_02::distortion::drv12,rock_02,rock,T,distortion,12.0,0.999633,0.461474,0.722791,0.746008,0.925376,0.890599,0.907821
rock_02::distortion::drv32,rock_02,rock,T,distortion,32.0,0.999400,0.427758,0.661058,0.726292,0.909491,0.842515,0.875363
rock_02::style_swap::swap_cross,rock_02,rock,S,style_swap,nan,0.929088,0.524234,0.636275,0.537869,0.500664,0.744855,0.610674
rock_02::style_swap::swap_same,rock_02,rock,S,style_swap,nan,0.990037,0.517628,0.690208,0.689280,0.549757,0.929837,0.714972
rock_03::control::ctrl,rock_03,rock,control,control,0.0,0.999823,0.943625,0.999858,0.863036,0.999983,0.998608,0.999296
rock_03::pitch_shift::-4st,rock_03,rock,H,pitch_shift,-4.0,0.950305,0.603178,0.989047,0.796043,0.880339,0.964089,0.921263
rock_03::pitch_shift::-2st,rock_03,rock,H,pitch_shift,-2.0,0.977322,0.767117,0.993760,0.876354,0.904303,0.978144,0.940499
rock_03::pitch_shift::-1st,rock_03,rock,H,pitch_shift,-1.0,0.986587,0.864451,0.995650,0.866963,0.923236,0.984080,0.953173
rock_03::pitch_shift::+1st,rock_03,rock,H,pitch_shift,1.0,0.991223,0.868093,0.993064,0.837612,0.922774,0.983669,0.952735
rock_03::pitch_shift::+2st,rock_03,rock,H,pitch_shift,2.0,0.977271,0.770740,0.987774,0.833738,0.902059,0.962403,0.931743
rock_03::pitch_shift::+4st,rock_03,rock,H,pitch_shift,4.0,0.953922,0.645921,0.974663,0.767931,0.871125,0.937657,0.903779
rock_03::time_stretch::-20pct,rock_03,rock,R,time_stretch,-20.0,0.999228,0.870774,0.530659,0.835150,0.543456,0.965765,0.724466
rock_03::time_stretch::-10pct,rock_03,rock,R,time_stretch,-10.0,0.999789,0.882451,0.614640,0.851623,0.578314,0.984766,0.754655
rock_03::time_stretch::-5pct,rock_03,rock,R,time_stretch,-5.0,0.999418,0.915012,0.685734,0.834950,0.582997,0.988158,0.759008
rock_03::time_stretch::+5pct,rock_03,rock,R,time_stretch,5.0,0.998934,0.924244,0.678688,0.863452,0.571718,0.985410,0.750584
rock_03::time_stretch::+10pct,rock_03,rock,R,time_stretch,10.0,0.999415,0.886384,0.614595,0.860841,0.564736,0.985027,0.745842
rock_03::time_stretch::+20pct,rock_03,rock,R,time_stretch,20.0,0.999596,0.863924,0.549704,0.857807,0.545822,0.981162,0.731806
rock_03::lowpass::lp8000,rock_03,rock,T,lowpass,8000.0,0.998735,0.455113,0.998741,0.865981,0.994046,0.981663,0.987835
rock_03::lowpass::lp4000,rock_03,rock,T,lowpass,4000.0,0.999979,0.437897,0.994185,0.795376,0.937124,0.955648,0.946341
rock_03::lowpass::lp2000,rock_03,rock,T,lowpass,2000.0,0.999748,0.432030,0.691917,0.739645,0.975593,0.937187,0.956197
rock_03::distortion::drv4,rock_03,rock,T,distortion,4.0,0.999644,0.666804,0.990538,0.841824,0.907286,0.975032,0.940550
rock_03::distortion::drv12,rock_03,rock,T,distortion,12.0,0.999471,0.549200,0.676984,0.796268,0.892294,0.947980,0.919716
rock_03::distortion::drv32,rock_03,rock,T,distortion,32.0,0.999376,0.507933,0.629428,0.774238,0.879946,0.927533,0.903426
rock_03::style_swap::swap_cross,rock_03,rock,S,style_swap,nan,0.965684,0.456104,0.585605,0.597394,0.551371,0.710042,0.625697
rock_03::style_swap::swap_same,rock_03,rock,S,style_swap,nan,0.984031,0.447872,0.653550,0.650204,0.564217,0.818899,0.679733
rock_04::control::ctrl,rock_04,rock,control,control,0.0,1.000000,1.000000,1.000000,0.779956,1.000000,1.000000,1.000000
rock_04::pitch_shift::-4st,rock_04,rock,H,pitch_shift,-4.0,0.993695,0.532313,0.973760,0.734213,0.884602,0.959716,0.921394
rock_04::pitch_shift::-2st,rock_04,rock,H,pitch_shift,-2.0,0.993030,0.698270,0.981666,0.764773,0.916336,0.978055,0.946692
rock_04::pitch_shift::-1st,rock_04,rock,H,pitch_shift,-1.0,0.994868,0.809303,0.984916,0.775436,0.927118,0.978714,0.952567
rock_04::pitch_shift::+1st,rock_04,rock,H,pitch_shift,1.0,0.996421,0.847069,0.984321,0.784721,0.927047,0.989246,0.957641
rock_04::pitch_shift::+2st,rock_04,rock,H,pitch_shift,2.0,0.993103,0.758941,0.979066,0.760071,0.911009,0.977055,0.943454
rock_04::pitch_shift::+4st,rock_04,rock,H,pitch_shift,4.0,0.993631,0.630989,0.966162,0.728816,0.867134,0.970558,0.917390
rock_04::time_stretch::-20pct,rock_04,rock,R,time_stretch,-20.0,0.999492,0.830333,0.561339,0.791958,0.528720,0.975921,0.718324
rock_04::time_stretch::-10pct,rock_04,rock,R,time_stretch,-10.0,0.999486,0.855990,0.641402,0.793845,0.549021,0.989247,0.736965
rock_04::time_stretch::-5pct,rock_04,rock,R,time_stretch,-5.0,0.999557,0.882185,0.705079,0.790524,0.596626,0.988840,0.768093
rock_04::time_stretch::+5pct,rock_04,rock,R,time_stretch,5.0,0.999916,0.888513,0.530132,0.810704,0.615710,0.988909,0.780309
rock_04::time_stretch::+10pct,rock_04,rock,R,time_stretch,10.0,0.999313,0.894495,0.540791,0.799429,0.570504,0.988903,0.751114
rock_04::time_stretch::+20pct,rock_04,rock,R,time_stretch,20.0,0.999824,0.892525,0.568403,0.808069,0.494773,0.983275,0.697494
rock_04::lowpass::lp8000,rock_04,rock,T,lowpass,8000.0,0.999999,0.422854,0.988926,0.787845,0.994398,0.984034,0.989203
rock_04::lowpass::lp4000,rock_04,rock,T,lowpass,4000.0,0.999998,0.412050,0.916593,0.761662,0.985611,0.958063,0.971740
rock_04::lowpass::lp2000,rock_04,rock,T,lowpass,2000.0,0.999971,0.411064,0.897509,0.686141,0.977598,0.887810,0.931623
rock_04::distortion::drv4,rock_04,rock,T,distortion,4.0,0.999974,0.744738,0.705210,0.794273,0.977322,0.989292,0.983289
rock_04::distortion::drv12,rock_04,rock,T,distortion,12.0,0.999856,0.522079,0.613956,0.751340,0.914271,0.934308,0.924235
rock_04::distortion::drv32,rock_04,rock,T,distortion,32.0,0.999745,0.471436,0.589954,0.736728,0.878456,0.897832,0.888091
rock_04::style_swap::swap_cross,rock_04,rock,S,style_swap,nan,0.964222,0.453161,0.534823,0.595353,0.548807,0.822067,0.671682
rock_04::style_swap::swap_same,rock_04,rock,S,style_swap,nan,0.980173,0.524115,0.533974,0.732868,0.509427,0.968799,0.702519
rock_05::control::ctrl,rock_05,rock,control,control,0.0,1.000000,1.000000,1.000000,0.790890,1.000000,1.000000,1.000000
rock_05::pitch_shift::-4st,rock_05,rock,H,pitch_shift,-4.0,0.864513,0.509776,0.971492,0.654395,0.919986,0.980739,0.949877
rock_05::pitch_shift::-2st,rock_05,rock,H,pitch_shift,-2.0,0.908004,0.649100,0.985665,0.652262,0.950645,0.989862,0.970055
rock_05::pitch_shift::-1st,rock_05,rock,H,pitch_shift,-1.0,0.953988,0.801212,0.991311,0.728123,0.962682,0.993209,0.977826
rock_05::pitch_shift::+1st,rock_05,rock,H,pitch_shift,1.0,0.964072,0.810727,0.988234,0.736828,0.962269,0.992037,0.977039
rock_05::pitch_shift::+2st,rock_05,rock,H,pitch_shift,2.0,0.916324,0.697329,0.983818,0.677440,0.946153,0.981095,0.963466
rock_05::pitch_shift::+4st,rock_05,rock,H,pitch_shift,4.0,0.876112,0.573392,0.962458,0.690088,0.930375,0.978484,0.954126
rock_05::time_stretch::-20pct,rock_05,rock,R,time_stretch,-20.0,0.998331,0.864973,0.424559,0.764017,0.522978,0.983045,0.717015
rock_05::time_stretch::-10pct,rock_05,rock,R,time_stretch,-10.0,0.997644,0.887607,0.525032,0.753348,0.594151,0.983691,0.764501
rock_05::time_stretch::-5pct,rock_05,rock,R,time_stretch,-5.0,0.997922,0.928482,0.585703,0.777592,0.674470,0.988326,0.816454
rock_05::time_stretch::+5pct,rock_05,rock,R,time_stretch,5.0,0.999676,0.943259,0.621196,0.799958,0.681418,0.993436,0.822767
rock_05::time_stretch::+10pct,rock_05,rock,R,time_stretch,10.0,0.998492,0.919197,0.574654,0.780577,0.579621,0.980985,0.754056
rock_05::time_stretch::+20pct,rock_05,rock,R,time_stretch,20.0,0.997626,0.890014,0.456671,0.786925,0.535412,0.986905,0.726912
rock_05::lowpass::lp8000,rock_05,rock,T,lowpass,8000.0,0.999536,0.509874,0.984144,0.776751,0.991917,0.983052,0.987475
rock_05::lowpass::lp4000,rock_05,rock,T,lowpass,4000.0,0.999417,0.438412,0.944909,0.713303,0.977068,0.890797,0.932936
rock_05::lowpass::lp2000,rock_05,rock,T,lowpass,2000.0,0.999939,0.409549,0.923085,0.653779,0.967410,0.848159,0.905824
rock_05::distortion::drv4,rock_05,rock,T,distortion,4.0,0.996810,0.704477,0.977950,0.690384,0.963669,0.963612,0.963641
rock_05::distortion::drv12,rock_05,rock,T,distortion,12.0,0.993765,0.532240,0.937684,0.647161,0.911935,0.891507,0.901663
rock_05::distortion::drv32,rock_05,rock,T,distortion,32.0,0.992450,0.470004,0.862427,0.617796,0.886405,0.846883,0.866419
rock_05::style_swap::swap_cross,rock_05,rock,S,style_swap,nan,0.884864,0.394601,0.513749,0.561071,0.568135,0.754244,0.654609
rock_05::style_swap::swap_same,rock_05,rock,S,style_swap,nan,0.920233,0.446908,0.474134,0.583036,0.526588,0.854692,0.670873
rock_06::control::ctrl,rock_06,rock,control,control,0.0,1.000000,1.000000,1.000000,0.827588,1.000000,1.000000,1.000000
rock_06::pitch_shift::-4st,rock_06,rock,H,pitch_shift,-4.0,0.938312,0.521602,0.982166,0.776489,0.880056,0.984212,0.930678
rock_06::pitch_shift::-2st,rock_06,rock,H,pitch_shift,-2.0,0.928712,0.707180,0.990446,0.826126,0.912849,0.981804,0.946699
rock_06::pitch_shift::-1st,rock_06,rock,H,pitch_shift,-1.0,0.948788,0.808646,0.993247,0.829926,0.949413,0.982373,0.965752
rock_06::pitch_shift::+1st,rock_06,rock,H,pitch_shift,1.0,0.947815,0.830860,0.989846,0.837950,0.971088,0.991933,0.981455
rock_06::pitch_shift::+2st,rock_06,rock,H,pitch_shift,2.0,0.930198,0.775429,0.984536,0.808334,0.927542,0.991532,0.959003
rock_06::pitch_shift::+4st,rock_06,rock,H,pitch_shift,4.0,0.949713,0.677201,0.968770,0.785692,0.887604,0.973921,0.929761
rock_06::time_stretch::-20pct,rock_06,rock,R,time_stretch,-20.0,0.998556,0.828778,0.494203,0.844943,0.497096,0.984957,0.699727
rock_06::time_stretch::-10pct,rock_06,rock,R,time_stretch,-10.0,0.999516,0.847438,0.599484,0.819586,0.516898,0.988363,0.714761
rock_06::time_stretch::-5pct,rock_06,rock,R,time_stretch,-5.0,0.998805,0.861825,0.679825,0.816042,0.568995,0.990903,0.750879
rock_06::time_stretch::+5pct,rock_06,rock,R,time_stretch,5.0,0.999337,0.888681,0.679558,0.827542,0.576812,0.993922,0.757170
rock_06::time_stretch::+10pct,rock_06,rock,R,time_stretch,10.0,0.998021,0.861595,0.589617,0.829908,0.550275,0.990336,0.738212
rock_06::time_stretch::+20pct,rock_06,rock,R,time_stretch,20.0,0.999141,0.879633,0.512218,0.832921,0.518535,0.993235,0.717654
rock_06::lowpass::lp8000,rock_06,rock,T,lowpass,8000.0,0.999997,0.424493,0.996572,0.832415,0.999165,0.982968,0.991033
rock_06::lowpass::lp4000,rock_06,rock,T,lowpass,4000.0,0.999986,0.439439,0.992414,0.799458,0.992314,0.950952,0.971413
rock_06::lowpass::lp2000,rock_06,rock,T,lowpass,2000.0,0.998553,0.415651,0.985587,0.752847,0.985861,0.893896,0.938753
rock_06::distortion::drv4,rock_06,rock,T,distortion,4.0,0.999869,0.784772,0.992653,0.820667,0.986997,0.996863,0.991918
rock_06::distortion::drv12,rock_06,rock,T,distortion,12.0,0.999664,0.533638,0.956995,0.812945,0.948288,0.970580,0.959369
rock_06::distortion::drv32,rock_06,rock,T,distortion,32.0,0.999508,0.461691,0.891710,0.797088,0.921830,0.928187,0.925003
rock_06::style_swap::swap_cross,rock_06,rock,S,style_swap,nan,0.887546,0.403980,0.553224,0.597780,0.549579,0.627687,0.587336
rock_06::style_swap::swap_same,rock_06,rock,S,style_swap,nan,0.951376,0.484016,0.599484,0.739130,0.509127,0.855863,0.660108
rock_07::control::ctrl,rock_07,rock,control,control,0.0,1.000000,1.000000,1.000000,0.765996,1.000000,1.000000,1.000000
rock_07::pitch_shift::-4st,rock_07,rock,H,pitch_shift,-4.0,0.736135,0.631514,0.975232,0.666742,0.940958,0.957243,0.949066
rock_07::pitch_shift::-2st,rock_07,rock,H,pitch_shift,-2.0,0.811422,0.756788,0.986607,0.719053,0.968371,0.978674,0.973508
rock_07::pitch_shift::-1st,rock_07,rock,H,pitch_shift,-1.0,0.703716,0.857612,0.992319,0.740352,0.956976,0.971168,0.964046
rock_07::pitch_shift::+1st,rock_07,rock,H,pitch_shift,1.0,0.707813,0.864073,0.989798,0.715024,0.955010,0.977409,0.966145
rock_07::pitch_shift::+2st,rock_07,rock,H,pitch_shift,2.0,0.798501,0.760865,0.982558,0.724997,0.956371,0.984233,0.970202
rock_07::pitch_shift::+4st,rock_07,rock,H,pitch_shift,4.0,0.725087,0.626975,0.968525,0.690524,0.917996,0.960041,0.938783
rock_07::time_stretch::-20pct,rock_07,rock,R,time_stretch,-20.0,0.992111,0.731987,0.567383,0.788566,0.676497,0.979961,0.814212
rock_07::time_stretch::-10pct,rock_07,rock,R,time_stretch,-10.0,0.997459,0.826436,0.648386,0.792169,0.737427,0.977615,0.849070
rock_07::time_stretch::-5pct,rock_07,rock,R,time_stretch,-5.0,0.998771,0.883314,0.706105,0.787336,0.799667,0.984492,0.887280
rock_07::time_stretch::+5pct,rock_07,rock,R,time_stretch,5.0,0.997481,0.905213,0.731078,0.754456,0.821641,0.990730,0.902233
rock_07::time_stretch::+10pct,rock_07,rock,R,time_stretch,10.0,0.993954,0.893489,0.662971,0.790513,0.778496,0.989215,0.877553
rock_07::time_stretch::+20pct,rock_07,rock,R,time_stretch,20.0,0.986489,0.843632,0.596081,0.762334,0.711958,0.980699,0.835594
rock_07::lowpass::lp8000,rock_07,rock,T,lowpass,8000.0,0.999997,0.537304,0.993655,0.756928,0.997771,0.968823,0.983190
rock_07::lowpass::lp4000,rock_07,rock,T,lowpass,4000.0,0.999994,0.506100,0.982593,0.698599,0.984371,0.896241,0.939273
rock_07::lowpass::lp2000,rock_07,rock,T,lowpass,2000.0,0.999926,0.466434,0.972303,0.642239,0.972313,0.843875,0.905820
rock_07::distortion::drv4,rock_07,rock,T,distortion,4.0,0.999883,0.787652,0.982693,0.713162,0.981738,0.983243,0.982490
rock_07::distortion::drv12,rock_07,rock,T,distortion,12.0,0.996426,0.659981,0.949424,0.515216,0.926482,0.906335,0.916353
rock_07::distortion::drv32,rock_07,rock,T,distortion,32.0,0.990829,0.567385,0.753447,0.408017,0.883856,0.834744,0.858949
rock_07::style_swap::swap_cross,rock_07,rock,S,style_swap,nan,0.795693,0.476206,0.582683,0.409970,0.498845,0.708244,0.594394
rock_07::style_swap::swap_same,rock_07,rock,S,style_swap,nan,0.851624,0.535156,0.731079,0.596674,0.496285,0.838997,0.645277
rock_08::control::ctrl,rock_08,rock,control,control,0.0,1.000000,1.000000,1.000000,0.818048,1.000000,1.000000,1.000000
rock_08::pitch_shift::-4st,rock_08,rock,H,pitch_shift,-4.0,0.958208,0.423980,0.961914,0.739298,0.899588,0.974381,0.936238
rock_08::pitch_shift::-2st,rock_08,rock,H,pitch_shift,-2.0,0.962213,0.603060,0.970594,0.817582,0.901730,0.989756,0.944718
rock_08::pitch_shift::-1st,rock_08,rock,H,pitch_shift,-1.0,0.956550,0.768973,0.976870,0.807806,0.908224,0.990765,0.948597
rock_08::pitch_shift::+1st,rock_08,rock,H,pitch_shift,1.0,0.961180,0.796044,0.975379,0.775003,0.928594,0.990932,0.959257
rock_08::pitch_shift::+2st,rock_08,rock,H,pitch_shift,2.0,0.959366,0.731476,0.969123,0.809140,0.927453,0.978930,0.952844
rock_08::pitch_shift::+4st,rock_08,rock,H,pitch_shift,4.0,0.967831,0.613639,0.965023,0.729896,0.882190,0.947237,0.914135
rock_08::time_stretch::-20pct,rock_08,rock,R,time_stretch,-20.0,0.997742,0.830256,0.703569,0.787370,0.571867,0.987327,0.751412
rock_08::time_stretch::-10pct,rock_08,rock,R,time_stretch,-10.0,0.998407,0.837772,0.693829,0.808432,0.572670,0.989576,0.752795
rock_08::time_stretch::-5pct,rock_08,rock,R,time_stretch,-5.0,0.999098,0.857372,0.775448,0.839446,0.668901,0.990899,0.814134
rock_08::time_stretch::+5pct,rock_08,rock,R,time_stretch,5.0,0.999365,0.856802,0.769633,0.832687,0.672300,0.989761,0.815730
rock_08::time_stretch::+10pct,rock_08,rock,R,time_stretch,10.0,0.997332,0.820339,0.682279,0.794689,0.600601,0.990224,0.771187
rock_08::time_stretch::+20pct,rock_08,rock,R,time_stretch,20.0,0.995897,0.821867,0.642510,0.817403,0.581056,0.988530,0.757886
rock_08::lowpass::lp8000,rock_08,rock,T,lowpass,8000.0,1.000000,0.398632,0.985534,0.818652,0.999381,0.972933,0.986068
rock_08::lowpass::lp4000,rock_08,rock,T,lowpass,4000.0,0.999998,0.405805,0.966189,0.742274,0.964983,0.930537,0.947603
rock_08::lowpass::lp2000,rock_08,rock,T,lowpass,2000.0,0.998148,0.387533,0.949041,0.683109,0.961557,0.861415,0.910110
rock_08::distortion::drv4,rock_08,rock,T,distortion,4.0,0.999589,0.555806,0.985506,0.805153,0.962861,0.992851,0.977741
rock_08::distortion::drv12,rock_08,rock,T,distortion,12.0,0.999499,0.418826,0.950344,0.774764,0.924366,0.944878,0.934566
rock_08::distortion::drv32,rock_08,rock,T,distortion,32.0,0.999133,0.395945,0.915010,0.729457,0.918893,0.893020,0.905864
rock_08::style_swap::swap_cross,rock_08,rock,S,style_swap,nan,0.766064,0.416942,0.711322,0.374926,0.597847,0.699535,0.646696
rock_08::style_swap::swap_same,rock_08,rock,S,style_swap,nan,0.928717,0.484022,0.790246,0.601052,0.482070,0.904535,0.660340
rock_09::control::ctrl,rock_09,rock,control,control,0.0,1.000000,1.000000,1.000000,0.835722,1.000000,1.000000,1.000000
rock_09::pitch_shift::-4st,rock_09,rock,H,pitch_shift,-4.0,0.971174,0.535402,0.991116,0.750111,0.843154,0.948545,0.894298
rock_09::pitch_shift::-2st,rock_09,rock,H,pitch_shift,-2.0,0.983290,0.686871,0.995271,0.806480,0.901946,0.972649,0.936631
rock_09::pitch_shift::-1st,rock_09,rock,H,pitch_shift,-1.0,0.982045,0.809907,0.996457,0.786315,0.926970,0.964562,0.945579
rock_09::pitch_shift::+1st,rock_09,rock,H,pitch_shift,1.0,0.976068,0.834724,0.995855,0.756803,0.953815,0.976765,0.965222
rock_09::pitch_shift::+2st,rock_09,rock,H,pitch_shift,2.0,0.983458,0.745400,0.994307,0.715886,0.916272,0.980015,0.947607
rock_09::pitch_shift::+4st,rock_09,rock,H,pitch_shift,4.0,0.974578,0.637123,0.989988,0.688116,0.889897,0.943650,0.916380
rock_09::time_stretch::-20pct,rock_09,rock,R,time_stretch,-20.0,0.997496,0.856342,0.875536,0.786788,0.535238,0.958002,0.716072
rock_09::time_stretch::-10pct,rock_09,rock,R,time_stretch,-10.0,0.998144,0.869499,0.885961,0.841584,0.502939,0.980003,0.702056
rock_09::time_stretch::-5pct,rock_09,rock,R,time_stretch,-5.0,0.999465,0.896985,0.901117,0.828304,0.573110,0.986989,0.752099
rock_09::time_stretch::+5pct,rock_09,rock,R,time_stretch,5.0,0.999616,0.882384,0.909823,0.790006,0.644608,0.985148,0.796890
rock_09::time_stretch::+10pct,rock_09,rock,R,time_stretch,10.0,0.999304,0.856621,0.890696,0.802457,0.554062,0.988802,0.740174
rock_09::time_stretch::+20pct,rock_09,rock,R,time_stretch,20.0,0.998263,0.849891,0.883282,0.820346,0.545889,0.987553,0.734231
rock_09::lowpass::lp8000,rock_09,rock,T,lowpass,8000.0,0.999475,0.439360,0.997746,0.840579,0.995610,0.979424,0.987484
rock_09::lowpass::lp4000,rock_09,rock,T,lowpass,4000.0,0.999667,0.424055,0.991899,0.692642,0.981493,0.905860,0.942918
rock_09::lowpass::lp2000,rock_09,rock,T,lowpass,2000.0,0.999496,0.422581,0.984203,0.652580,0.956814,0.879989,0.917598
rock_09::distortion::drv4,rock_09,rock,T,distortion,4.0,0.999784,0.910737,0.996652,0.810144,0.988702,0.988719,0.988710
rock_09::distortion::drv12,rock_09,rock,T,distortion,12.0,0.998742,0.662600,0.987667,0.664528,0.917637,0.920189,0.918912
rock_09::distortion::drv32,rock_09,rock,T,distortion,32.0,0.998787,0.503514,0.959489,0.544301,0.869509,0.859934,0.864708
rock_09::style_swap::swap_cross,rock_09,rock,S,style_swap,nan,0.891277,0.421292,0.901117,0.627538,0.583470,0.631317,0.606922
rock_09::style_swap::swap_same,rock_09,rock,S,style_swap,nan,0.956709,0.488897,0.912412,0.642321,0.535577,0.849177,0.674389
rock_10::control::ctrl,rock_10,rock,control,control,0.0,1.000000,1.000000,1.000000,0.819097,1.000000,1.000000,1.000000
rock_10::pitch_shift::-4st,rock_10,rock,H,pitch_shift,-4.0,0.824229,0.601825,0.958073,0.789798,0.941253,0.969369,0.955208
rock_10::pitch_shift::-2st,rock_10,rock,H,pitch_shift,-2.0,0.875153,0.745307,0.991242,0.812423,0.941641,0.984187,0.962679
rock_10::pitch_shift::-1st,rock_10,rock,H,pitch_shift,-1.0,0.941580,0.845900,0.834376,0.835789,0.958499,0.989173,0.973715
rock_10::pitch_shift::+1st,rock_10,rock,H,pitch_shift,1.0,0.944165,0.881190,0.967302,0.859031,0.969007,0.984199,0.976574
rock_10::pitch_shift::+2st,rock_10,rock,H,pitch_shift,2.0,0.861912,0.789500,0.965171,0.811335,0.953882,0.974958,0.964362
rock_10::pitch_shift::+4st,rock_10,rock,H,pitch_shift,4.0,0.807954,0.650539,0.958854,0.791596,0.909703,0.954937,0.932045
rock_10::time_stretch::-20pct,rock_10,rock,R,time_stretch,-20.0,0.996816,0.845708,0.733780,0.775061,0.497652,0.987605,0.701059
rock_10::time_stretch::-10pct,rock_10,rock,R,time_stretch,-10.0,0.994926,0.877325,0.705913,0.809332,0.515116,0.989853,0.714065
rock_10::time_stretch::-5pct,rock_10,rock,R,time_stretch,-5.0,0.998329,0.912146,0.852397,0.831530,0.552342,0.993931,0.740939
rock_10::time_stretch::+5pct,rock_10,rock,R,time_stretch,5.0,0.997699,0.921524,0.726414,0.829690,0.539327,0.993784,0.732103
rock_10::time_stretch::+10pct,rock_10,rock,R,time_stretch,10.0,0.996991,0.888992,0.743563,0.779143,0.495457,0.986453,0.699103
rock_10::time_stretch::+20pct,rock_10,rock,R,time_stretch,20.0,0.997977,0.880497,0.780767,0.841336,0.486863,0.979647,0.690618
rock_10::lowpass::lp8000,rock_10,rock,T,lowpass,8000.0,1.000000,0.493460,0.836706,0.810836,0.993345,0.971983,0.982606
rock_10::lowpass::lp4000,rock_10,rock,T,lowpass,4000.0,0.999973,0.435017,0.829037,0.782794,0.982674,0.930318,0.956138
rock_10::lowpass::lp2000,rock_10,rock,T,lowpass,2000.0,0.999896,0.429675,0.820860,0.769184,0.966279,0.867097,0.915346
rock_10::distortion::drv4,rock_10,rock,T,distortion,4.0,0.999914,0.843264,0.969730,0.804215,0.961779,0.990825,0.976194
rock_10::distortion::drv12,rock_10,rock,T,distortion,12.0,0.998999,0.623723,0.931258,0.790026,0.904517,0.919791,0.912122
rock_10::distortion::drv32,rock_10,rock,T,distortion,32.0,0.997845,0.526536,0.887411,0.696033,0.889878,0.857528,0.873553
rock_10::style_swap::swap_cross,rock_10,rock,S,style_swap,nan,0.883339,0.513896,0.712531,0.632357,0.491518,0.740494,0.603296
rock_10::style_swap::swap_same,rock_10,rock,S,style_swap,nan,0.915243,0.479050,0.813656,0.553473,0.493462,0.883978,0.660461
rock_11::control::ctrl,rock_11,rock,control,control,0.0,1.000000,0.999225,0.999997,0.730712,0.999808,0.999877,0.999843
rock_11::pitch_shift::-4st,rock_11,rock,H,pitch_shift,-4.0,0.954188,0.482477,0.939152,0.722407,0.867465,0.972709,0.918581
rock_11::pitch_shift::-2st,rock_11,rock,H,pitch_shift,-2.0,0.957205,0.612519,0.942532,0.728074,0.916404,0.973069,0.944311
rock_11::pitch_shift::-1st,rock_11,rock,H,pitch_shift,-1.0,0.979961,0.770365,0.994332,0.735652,0.937796,0.987517,0.962336
rock_11::pitch_shift::+1st,rock_11,rock,H,pitch_shift,1.0,0.969634,0.849170,0.941520,0.721589,0.935835,0.982664,0.958964
rock_11::pitch_shift::+2st,rock_11,rock,H,pitch_shift,2.0,0.954220,0.780586,0.936992,0.719068,0.918798,0.960683,0.939507
rock_11::pitch_shift::+4st,rock_11,rock,H,pitch_shift,4.0,0.956324,0.686298,0.928319,0.705007,0.843575,0.953223,0.896725
rock_11::time_stretch::-20pct,rock_11,rock,R,time_stretch,-20.0,0.995503,0.868183,0.737219,0.783840,0.501199,0.975351,0.699174
rock_11::time_stretch::-10pct,rock_11,rock,R,time_stretch,-10.0,0.998353,0.863508,0.584535,0.764191,0.509602,0.989091,0.709960
rock_11::time_stretch::-5pct,rock_11,rock,R,time_stretch,-5.0,0.997385,0.884576,0.657781,0.783748,0.518522,0.989853,0.716422
rock_11::time_stretch::+5pct,rock_11,rock,R,time_stretch,5.0,0.998281,0.900123,0.688404,0.753773,0.528221,0.983595,0.720802
rock_11::time_stretch::+10pct,rock_11,rock,R,time_stretch,10.0,0.998436,0.888708,0.652460,0.742876,0.538021,0.983507,0.727425
rock_11::time_stretch::+20pct,rock_11,rock,R,time_stretch,20.0,0.998410,0.886365,0.548148,0.764369,0.513954,0.983836,0.711088
rock_11::lowpass::lp8000,rock_11,rock,T,lowpass,8000.0,1.000000,0.413096,0.941118,0.741766,0.977077,0.982489,0.979779
rock_11::lowpass::lp4000,rock_11,rock,T,lowpass,4000.0,0.999480,0.396448,0.973901,0.676923,0.935346,0.954309,0.944780
rock_11::lowpass::lp2000,rock_11,rock,T,lowpass,2000.0,0.999272,0.379263,0.956173,0.614928,0.928533,0.911544,0.919999
rock_11::distortion::drv4,rock_11,rock,T,distortion,4.0,0.997132,0.798399,0.987904,0.681222,0.920823,0.963059,0.941704
rock_11::distortion::drv12,rock_11,rock,T,distortion,12.0,0.997661,0.613842,0.972928,0.623075,0.861365,0.855400,0.858378
rock_11::distortion::drv32,rock_11,rock,T,distortion,32.0,0.994355,0.502742,0.898798,0.572096,0.837837,0.798715,0.818042
rock_11::style_swap::swap_cross,rock_11,rock,S,style_swap,nan,0.950473,0.381667,0.568048,0.462086,0.557240,0.634913,0.594810
rock_11::style_swap::swap_same,rock_11,rock,S,style_swap,nan,0.879670,0.479887,0.606102,0.656751,0.503044,0.799433,0.634153
rock_12::control::ctrl,rock_12,rock,control,control,0.0,1.000000,1.000000,1.000000,0.811346,1.000000,1.000000,1.000000
rock_12::pitch_shift::-4st,rock_12,rock,H,pitch_shift,-4.0,0.957328,0.541066,0.976131,0.694374,0.909211,0.967215,0.937765
rock_12::pitch_shift::-2st,rock_12,rock,H,pitch_shift,-2.0,0.977403,0.722596,0.984444,0.781601,0.942807,0.976644,0.959576
rock_12::pitch_shift::-1st,rock_12,rock,H,pitch_shift,-1.0,0.953098,0.842051,0.987228,0.729051,0.957730,0.992408,0.974914
rock_12::pitch_shift::+1st,rock_12,rock,H,pitch_shift,1.0,0.950999,0.839759,0.984611,0.750324,0.962870,0.989407,0.976048
rock_12::pitch_shift::+2st,rock_12,rock,H,pitch_shift,2.0,0.980774,0.740371,0.982254,0.774563,0.948032,0.987814,0.967719
rock_12::pitch_shift::+4st,rock_12,rock,H,pitch_shift,4.0,0.958224,0.636210,0.972489,0.726562,0.923312,0.965701,0.944269
rock_12::time_stretch::-20pct,rock_12,rock,R,time_stretch,-20.0,0.998532,0.852881,0.573730,0.782029,0.551530,0.983921,0.736656
rock_12::time_stretch::-10pct,rock_12,rock,R,time_stretch,-10.0,0.999270,0.869092,0.653731,0.807530,0.564329,0.988318,0.746818
rock_12::time_stretch::-5pct,rock_12,rock,R,time_stretch,-5.0,0.999423,0.915979,0.715361,0.806670,0.592460,0.989729,0.765751
rock_12::time_stretch::+5pct,rock_12,rock,R,time_stretch,5.0,0.999497,0.912540,0.714746,0.827148,0.596739,0.989960,0.768601
rock_12::time_stretch::+10pct,rock_12,rock,R,time_stretch,10.0,0.997587,0.899508,0.643004,0.774507,0.579041,0.986866,0.755934
rock_12::time_stretch::+20pct,rock_12,rock,R,time_stretch,20.0,0.998059,0.895930,0.578576,0.785823,0.565371,0.980004,0.744356
rock_12::lowpass::lp8000,rock_12,rock,T,lowpass,8000.0,0.999996,0.447894,0.989066,0.809738,0.998148,0.985734,0.991922
rock_12::lowpass::lp4000,rock_12,rock,T,lowpass,4000.0,0.999993,0.453522,0.969855,0.764933,0.988210,0.949527,0.968675
rock_12::lowpass::lp2000,rock_12,rock,T,lowpass,2000.0,0.999950,0.422382,0.957701,0.706482,0.982853,0.906376,0.943840
rock_12::distortion::drv4,rock_12,rock,T,distortion,4.0,0.999550,0.687982,0.967129,0.816250,0.959384,0.965018,0.962197
rock_12::distortion::drv12,rock_12,rock,T,distortion,12.0,0.999561,0.527825,0.926237,0.739415,0.926819,0.887372,0.906881
rock_12::distortion::drv32,rock_12,rock,T,distortion,32.0,0.998772,0.467803,0.881015,0.695940,0.911952,0.859653,0.885416
rock_12::style_swap::swap_cross,rock_12,rock,S,style_swap,nan,0.890166,0.465891,0.557822,0.483442,0.561600,0.760306,0.653443
rock_12::style_swap::swap_same,rock_12,rock,S,style_swap,nan,0.940486,0.523234,0.564462,0.570084,0.517478,0.840709,0.659582
rock_13::control::ctrl,rock_13,rock,control,control,0.0,1.000000,1.000000,1.000000,0.834438,1.000000,1.000000,1.000000
rock_13::pitch_shift::-4st,rock_13,rock,H,pitch_shift,-4.0,0.720217,0.542256,0.988576,0.748624,0.938309,0.974258,0.956115
rock_13::pitch_shift::-2st,rock_13,rock,H,pitch_shift,-2.0,0.788476,0.729178,0.993169,0.724113,0.950539,0.989227,0.969690
rock_13::pitch_shift::-1st,rock_13,rock,H,pitch_shift,-1.0,0.769879,0.866179,0.995158,0.733132,0.970068,0.987838,0.978913
rock_13::pitch_shift::+1st,rock_13,rock,H,pitch_shift,1.0,0.773455,0.868074,0.972732,0.766989,0.964368,0.989745,0.976974
rock_13::pitch_shift::+2st,rock_13,rock,H,pitch_shift,2.0,0.797231,0.800740,0.970979,0.717420,0.948885,0.978009,0.963337
rock_13::pitch_shift::+4st,rock_13,rock,H,pitch_shift,4.0,0.742585,0.682369,0.988211,0.717423,0.922973,0.981960,0.952010
rock_13::time_stretch::-20pct,rock_13,rock,R,time_stretch,-20.0,0.994929,0.879280,0.814343,0.833408,0.530030,0.984957,0.722535
rock_13::time_stretch::-10pct,rock_13,rock,R,time_stretch,-10.0,0.994983,0.917741,0.843438,0.864162,0.550675,0.992443,0.739265
rock_13::time_stretch::-5pct,rock_13,rock,R,time_stretch,-5.0,0.997465,0.926467,0.888232,0.863912,0.671079,0.990175,0.815160
rock_13::time_stretch::+5pct,rock_13,rock,R,time_stretch,5.0,0.997721,0.935733,0.867904,0.850643,0.617980,0.992025,0.782976
rock_13::time_stretch::+10pct,rock_13,rock,R,time_stretch,10.0,0.997664,0.925012,0.837898,0.846003,0.553512,0.989792,0.740177
rock_13::time_stretch::+20pct,rock_13,rock,R,time_stretch,20.0,0.997365,0.892562,0.810114,0.843127,0.512259,0.992074,0.712880
rock_13::lowpass::lp8000,rock_13,rock,T,lowpass,8000.0,1.000000,0.421876,0.972141,0.846978,0.999426,0.971704,0.985468
rock_13::lowpass::lp4000,rock_13,rock,T,lowpass,4000.0,0.999999,0.437112,0.963332,0.764718,0.990659,0.927473,0.958545
rock_13::lowpass::lp2000,rock_13,rock,T,lowpass,2000.0,0.999980,0.419893,0.956224,0.739052,0.983691,0.876242,0.928413
rock_13::distortion::drv4,rock_13,rock,T,distortion,4.0,0.999880,0.798468,0.997065,0.825275,0.980164,0.982926,0.981544
rock_13::distortion::drv12,rock_13,rock,T,distortion,12.0,0.998655,0.571120,0.987258,0.742036,0.942733,0.891158,0.916583
rock_13::distortion::drv32,rock_13,rock,T,distortion,32.0,0.996824,0.470678,0.943338,0.652400,0.922416,0.863375,0.892407
rock_13::style_swap::swap_cross,rock_13,rock,S,style_swap,nan,0.752659,0.431010,0.830133,0.612647,0.510197,0.726735,0.608915
rock_13::style_swap::swap_same,rock_13,rock,S,style_swap,nan,0.917936,0.477961,0.841512,0.635136,0.600223,0.867470,0.721578
rock_14::control::ctrl,rock_14,rock,control,control,0.0,0.999329,0.997552,0.999911,0.819934,1.000000,0.999980,0.999990
rock_14::pitch_shift::-4st,rock_14,rock,H,pitch_shift,-4.0,0.946360,0.395950,0.965721,0.721810,0.860145,0.989354,0.922490
rock_14::pitch_shift::-2st,rock_14,rock,H,pitch_shift,-2.0,0.976535,0.546714,0.972948,0.770270,0.860617,0.960091,0.908994
rock_14::pitch_shift::-1st,rock_14,rock,H,pitch_shift,-1.0,0.961530,0.706464,0.975072,0.769167,0.883658,0.971025,0.926312
rock_14::pitch_shift::+1st,rock_14,rock,H,pitch_shift,1.0,0.954275,0.803245,0.979066,0.774005,0.906422,0.985912,0.945332
rock_14::pitch_shift::+2st,rock_14,rock,H,pitch_shift,2.0,0.972991,0.720617,0.975642,0.773962,0.869562,0.990471,0.928049
rock_14::pitch_shift::+4st,rock_14,rock,H,pitch_shift,4.0,0.952104,0.600730,0.971231,0.716471,0.849920,0.976708,0.911111
rock_14::time_stretch::-20pct,rock_14,rock,R,time_stretch,-20.0,0.996885,0.809246,0.704601,0.804247,0.632619,0.980213,0.787465
rock_14::time_stretch::-10pct,rock_14,rock,R,time_stretch,-10.0,0.999283,0.818225,0.760655,0.819029,0.627643,0.991379,0.788817
rock_14::time_stretch::-5pct,rock_14,rock,R,time_stretch,-5.0,0.998643,0.843001,0.784272,0.812106,0.654634,0.992403,0.806015
rock_14::time_stretch::+5pct,rock_14,rock,R,time_stretch,5.0,0.999110,0.831378,0.805204,0.805702,0.686883,0.986347,0.823107
rock_14::time_stretch::+10pct,rock_14,rock,R,time_stretch,10.0,0.999237,0.817822,0.760823,0.804874,0.641882,0.985445,0.795324
rock_14::time_stretch::+20pct,rock_14,rock,R,time_stretch,20.0,0.997080,0.805119,0.768814,0.818250,0.612791,0.989662,0.778753
rock_14::lowpass::lp8000,rock_14,rock,T,lowpass,8000.0,1.000000,0.364058,0.989706,0.823050,0.998040,0.959927,0.978798
rock_14::lowpass::lp4000,rock_14,rock,T,lowpass,4000.0,0.998873,0.365912,0.976584,0.747676,0.988587,0.903045,0.944848
rock_14::lowpass::lp2000,rock_14,rock,T,lowpass,2000.0,0.998139,0.347400,0.905452,0.672994,0.970226,0.800524,0.881300
rock_14::distortion::drv4,rock_14,rock,T,distortion,4.0,0.999057,0.399021,0.966573,0.802889,0.962849,0.987980,0.975334
rock_14::distortion::drv12,rock_14,rock,T,distortion,12.0,0.999098,0.362068,0.927672,0.754047,0.921908,0.954793,0.938207
rock_14::distortion::drv32,rock_14,rock,T,distortion,32.0,0.999030,0.354624,0.909399,0.720635,0.895933,0.934653,0.915088
rock_14::style_swap::swap_cross,rock_14,rock,S,style_swap,nan,0.969653,0.359990,0.816761,0.542987,0.631915,0.820326,0.719984
rock_14::style_swap::swap_same,rock_14,rock,S,style_swap,nan,0.978102,0.390265,0.846669,0.597986,0.559093,0.916155,0.715693
rock_15::control::ctrl,rock_15,rock,control,control,0.0,1.000000,1.000000,1.000000,0.782294,1.000000,1.000000,1.000000
rock_15::pitch_shift::-4st,rock_15,rock,H,pitch_shift,-4.0,0.924844,0.538525,0.989434,0.735669,0.897994,0.969591,0.933106
rock_15::pitch_shift::-2st,rock_15,rock,H,pitch_shift,-2.0,0.951015,0.686319,0.992139,0.784225,0.923125,0.982216,0.952212
rock_15::pitch_shift::-1st,rock_15,rock,H,pitch_shift,-1.0,0.954785,0.810687,0.994562,0.757150,0.932452,0.991094,0.961326
rock_15::pitch_shift::+1st,rock_15,rock,H,pitch_shift,1.0,0.950218,0.848100,0.989389,0.749151,0.942914,0.991679,0.966989
rock_15::pitch_shift::+2st,rock_15,rock,H,pitch_shift,2.0,0.951027,0.730703,0.983811,0.731137,0.929758,0.980820,0.954948
rock_15::pitch_shift::+4st,rock_15,rock,H,pitch_shift,4.0,0.926988,0.583774,0.971832,0.716134,0.904044,0.949424,0.926456
rock_15::time_stretch::-20pct,rock_15,rock,R,time_stretch,-20.0,0.995116,0.888481,0.768667,0.751170,0.552617,0.983556,0.737245
rock_15::time_stretch::-10pct,rock_15,rock,R,time_stretch,-10.0,0.996538,0.912488,0.759850,0.787703,0.570741,0.989099,0.751345
rock_15::time_stretch::-5pct,rock_15,rock,R,time_stretch,-5.0,0.996393,0.932759,0.813789,0.781108,0.577455,0.991002,0.756478
rock_15::time_stretch::+5pct,rock_15,rock,R,time_stretch,5.0,0.997159,0.925194,0.732458,0.793606,0.605769,0.983298,0.771785
rock_15::time_stretch::+10pct,rock_15,rock,R,time_stretch,10.0,0.995071,0.901142,0.762200,0.783387,0.537892,0.975678,0.724437
rock_15::time_stretch::+20pct,rock_15,rock,R,time_stretch,20.0,0.993986,0.879421,0.838611,0.780557,0.527682,0.988419,0.722199
rock_15::lowpass::lp8000,rock_15,rock,T,lowpass,8000.0,1.000000,0.541276,0.998599,0.785965,0.994151,0.992280,0.993215
rock_15::lowpass::lp4000,rock_15,rock,T,lowpass,4000.0,0.999999,0.452586,0.994498,0.783624,0.978350,0.941376,0.959685
rock_15::lowpass::lp2000,rock_15,rock,T,lowpass,2000.0,0.999971,0.392923,0.958542,0.763089,0.954471,0.899209,0.926428
rock_15::distortion::drv4,rock_15,rock,T,distortion,4.0,0.999861,0.853633,0.996121,0.772633,0.980268,0.984832,0.982547
rock_15::distortion::drv12,rock_15,rock,T,distortion,12.0,0.998976,0.607725,0.982636,0.721799,0.897556,0.905314,0.901427
rock_15::distortion::drv32,rock_15,rock,T,distortion,32.0,0.997351,0.502678,0.965817,0.621333,0.837515,0.803408,0.820284
rock_15::style_swap::swap_cross,rock_15,rock,S,style_swap,nan,0.928120,0.432940,0.690423,0.517305,0.565680,0.736175,0.645321
rock_15::style_swap::swap_same,rock_15,rock,S,style_swap,nan,0.863999,0.491131,0.763358,0.545248,0.565577,0.838631,0.688702
