pair_id,musecp_key,musecp_chroma_mean,musecp_chroma_dtw,musecp_bpm,musecp_beat_f,musecp_beat_ig,musecp_struct_f,musecp_ari,musecp_contour,musecp_motif,musecp_mfcc_skl,musecp_mfcc_cos,musecp_mean12,musecp_mean10
classical_01::pitch_shift::-4st,0.333333,0.860272,0.746164,1.000000,0.900000,0.603937,0.988788,0.842184,0.833138,0.588235,0.562308,0.995435,0.754778,0.749990
classical_01::pitch_shift::-1st,0.166667,0.794347,0.713844,1.000000,1.000000,0.912461,0.988788,0.842184,0.919865,0.411765,0.933196,0.999286,0.789063,0.753632
classical_01::pitch_shift::+1st,0.166667,0.790634,0.708658,1.000000,1.000000,0.744109,1.000000,1.000000,0.859700,0.411765,0.861997,0.999396,0.776695,0.745899
classical_01::pitch_shift::-2st,0.666667,0.836074,0.760031,1.000000,1.000000,0.706778,0.988788,0.842184,0.882722,0.764706,0.821449,0.998377,0.839738,0.825714
classical_01::pitch_shift::+4st,0.333333,0.862811,0.761845,1.000000,1.000000,0.744109,1.000000,1.000000,0.724270,0.411765,0.641930,0.992437,0.771811,0.762787
classical_01::control::ctrl,1.000000,1.000000,1.000000,1.000000,1.000000,1.000000,1.000000,1.000000,1.000000,1.000000,1.000000,1.000000,1.000000,1.000000
classical_01::pitch_shift::+2st,0.666667,0.843562,0.748243,1.000000,1.000000,0.865250,0.988788,0.842184,0.875214,0.647059,0.741858,0.998287,0.835400,0.828477
classical_01::time_stretch::-5pct,0.833333,0.983347,0.968254,0.600094,0.125000,0.379954,0.988661,0.842017,0.669606,0.705882,0.949863,0.999812,0.743653,0.697417
classical_01::time_stretch::-10pct,0.833333,0.984573,0.961827,0.375769,0.105263,0.379954,0.956670,0.555832,0.616202,0.529412,0.922616,0.999621,0.670807,0.612748
classical_01::time_stretch::+5pct,0.833333,0.980648,0.963483,0.571607,0.285714,0.417285,0.989152,0.842666,0.684728,0.411765,0.952958,0.999620,0.734429,0.686060
classical_01::time_stretch::+10pct,1.000000,0.994686,0.987670,0.048789,0.266667,0.379954,0.967480,0.630648,0.633422,0.352941,0.940000,0.999230,0.671513,0.611898
classical_01::lowpass::lp4000,1.000000,0.999998,0.999991,0.375769,0.444444,0.280983,0.956670,0.555832,0.998445,0.764706,0.011686,0.985204,0.693967,0.733169
classical_01::lowpass::lp8000,1.000000,1.000000,1.000000,1.000000,0.900000,0.580697,1.000000,1.000000,0.998567,0.764706,0.823127,0.999314,0.922163,0.924356
classical_01::time_stretch::+20pct,1.000000,0.992522,0.981745,0.025465,0.142857,0.454615,0.989152,0.842666,0.582909,0.352941,0.911348,0.998703,0.678082,0.622702
classical_01::time_stretch::-20pct,0.833333,0.990261,0.974037,0.113600,0.222222,0.379954,0.978309,0.723723,0.579099,0.235294,0.904727,0.998649,0.648323,0.587659
classical_01::lowpass::lp2000,1.000000,0.999957,0.999572,0.000142,0.000000,0.000000,0.956670,0.555832,0.992498,0.764706,0.000680,0.921086,0.594915,0.622240
classical_01::distortion::drv4,1.000000,0.999998,0.999979,1.000000,1.000000,0.912461,0.988788,0.842184,0.999166,1.000000,0.969167,0.999816,0.974995,0.973096
classical_01::distortion::drv12,1.000000,0.999783,0.998976,0.048789,0.125000,0.379954,0.988661,0.842017,0.982975,1.000000,0.694165,0.996220,0.753296,0.734941
classical_01::distortion::drv32,1.000000,0.997856,0.994005,0.156526,0.125000,0.379954,0.988661,0.842017,0.920989,0.823529,0.398299,0.991915,0.715135,0.719194
classical_02::control::ctrl,1.000000,1.000000,1.000000,1.000000,1.000000,1.000000,1.000000,1.000000,1.000000,1.000000,1.000000,1.000000,1.000000,1.000000
classical_01::style_swap::swap_cross,0.166667,0.754681,0.677009,1.000000,0.900000,0.596651,0.989371,0.786476,0.296512,0.000000,0.290658,0.902204,0.577875,0.574806
classical_01::style_swap::swap_same,0.166667,0.837013,0.750215,0.031602,0.235294,0.454615,0.662162,0.000000,0.328758,0.000000,0.349435,0.959606,0.339549,0.276820
classical_02::pitch_shift::-4st,1.000000,0.890284,0.833578,1.000000,0.700000,0.787195,1.000000,1.000000,0.881752,0.222222,0.518928,0.986452,0.807219,0.818214
classical_02::pitch_shift::+1st,0.833333,0.892503,0.854358,1.000000,0.700000,0.854532,0.973512,0.892056,0.930139,0.777778,0.898181,0.997289,0.871903,0.856754
classical_02::pitch_shift::+2st,0.000000,0.863368,0.832012,1.000000,0.700000,0.854532,1.000000,1.000000,0.872113,0.333333,0.793897,0.992680,0.757642,0.730561
classical_02::pitch_shift::+4st,0.333333,0.871412,0.815785,1.000000,0.700000,0.884391,1.000000,1.000000,0.865937,0.333333,0.581836,0.974682,0.767284,0.765256
classical_02::time_stretch::-20pct,0.333333,0.995356,0.969432,0.055287,0.235294,0.379954,0.949157,0.779728,0.576188,0.333333,0.890874,0.996945,0.609195,0.542273
classical_02::time_stretch::-10pct,0.333333,0.995683,0.968327,0.201898,0.133333,0.440043,1.000000,1.000000,0.648192,0.444444,0.922566,0.998439,0.664659,0.605501
classical_02::pitch_shift::-2st,0.666667,0.855959,0.828241,1.000000,0.700000,0.926973,0.674944,0.268437,0.908430,0.555556,0.799475,0.995988,0.724105,0.689406
classical_02::pitch_shift::-1st,0.500000,0.856017,0.814876,1.000000,0.700000,0.926973,0.676525,0.181627,0.903651,0.555556,0.899576,0.997958,0.709897,0.662136
classical_02::time_stretch::-5pct,0.333333,0.995239,0.980406,0.429798,0.533333,0.486706,0.986486,0.946501,0.666054,0.666667,0.944763,0.998907,0.737630,0.690796
classical_02::time_stretch::+20pct,0.333333,0.995713,0.966401,0.038499,0.461538,0.476000,1.000000,1.000000,0.590687,0.000000,0.918914,0.998520,0.637705,0.573513
classical_02::lowpass::lp8000,0.333333,0.997482,0.993152,1.000000,1.000000,1.000000,1.000000,1.000000,0.980596,0.777778,0.517260,0.989429,0.881647,0.907377
classical_02::lowpass::lp2000,0.333333,0.999332,0.998070,0.386743,0.600000,0.602788,0.687005,0.210047,0.979235,1.000000,0.000633,0.850571,0.608128,0.645613
classical_02::lowpass::lp4000,0.333333,0.997493,0.993177,1.000000,1.000000,1.000000,1.000000,1.000000,0.999768,1.000000,0.033377,0.975851,0.860690,0.932065
classical_02::time_stretch::+5pct,0.333333,0.997465,0.979144,0.386743,0.400000,0.338020,0.670134,0.177348,0.656600,0.555556,0.948102,0.998870,0.582118,0.503851
classical_02::distortion::drv4,1.000000,1.000000,0.999994,1.000000,1.000000,1.000000,0.972474,0.899474,0.994138,1.000000,0.999280,0.999999,0.986208,0.983521
classical_02::time_stretch::+10pct,1.000000,0.999425,0.987382,0.131776,0.190476,0.316013,0.652016,0.282613,0.672480,0.777778,0.941414,0.998887,0.623501,0.554178
classical_02::distortion::drv12,1.000000,0.999956,0.999721,0.386743,0.700000,0.591458,0.972474,0.899474,0.989430,0.666667,0.957543,0.999700,0.844236,0.817361
classical_02::style_swap::swap_cross,0.333333,0.846479,0.790915,1.000000,0.181818,0.529330,0.852174,0.000000,0.251610,0.000000,0.166336,0.743870,0.431605,0.428586
classical_02::style_swap::swap_same,0.666667,0.938367,0.869883,0.031602,0.235294,0.379954,1.000000,1.000000,0.280660,0.000000,0.231952,0.978124,0.528474,0.513305
classical_02::distortion::drv32,0.333333,0.997175,0.990355,0.386743,0.700000,0.504710,0.683587,0.213759,0.962594,0.666667,0.725277,0.996790,0.650735,0.608697
classical_03::control::ctrl,1.000000,1.000000,1.000000,1.000000,0.000000,0.000000,1.000000,1.000000,1.000000,1.000000,1.000000,1.000000,0.833333,0.800000
classical_03::pitch_shift::-4st,0.333333,0.752619,0.533568,0.043075,0.000000,0.000000,0.852174,0.000000,0.727329,0.294118,0.281157,0.992596,0.360794,0.305627
classical_03::pitch_shift::-1st,0.166667,0.701339,0.516368,0.242308,0.000000,0.000000,1.000000,1.000000,0.849651,0.470588,0.795877,0.998971,0.535049,0.462581
classical_03::pitch_shift::-2st,0.666667,0.788248,0.543146,1.000000,0.000000,0.000000,1.000000,1.000000,0.796055,0.294118,0.400564,0.997533,0.600098,0.580324
classical_03::pitch_shift::+1st,0.166667,0.699844,0.518325,0.242308,0.000000,0.000000,1.000000,1.000000,0.878808,0.176471,0.747565,0.997721,0.509538,0.436932
classical_03::pitch_shift::+2st,0.666667,0.774795,0.528164,1.000000,0.000000,0.000000,1.000000,1.000000,0.813282,0.235294,0.460275,0.993828,0.598418,0.572733
classical_03::pitch_shift::+4st,0.333333,0.756493,0.499451,1.000000,0.000000,0.000000,1.000000,1.000000,0.737439,0.352941,0.280293,0.985419,0.551267,0.535045
classical_03::time_stretch::-20pct,1.000000,0.980507,0.893231,1.000000,0.000000,0.000000,0.815931,0.000000,0.582115,0.588235,0.522670,0.997650,0.585839,0.550991
classical_03::time_stretch::-10pct,1.000000,0.990536,0.988958,0.242308,0.000000,0.000000,0.833785,0.000000,0.688582,0.823529,0.568356,0.998029,0.571944,0.529708
classical_03::time_stretch::-5pct,1.000000,0.997195,0.995018,1.000000,0.000000,0.000000,0.871023,0.000000,0.741296,0.411765,0.648729,0.998995,0.621117,0.580575
classical_03::time_stretch::+5pct,1.000000,0.996450,0.986422,0.242308,0.000000,0.000000,1.000000,1.000000,0.765435,0.411765,0.598297,0.999116,0.660653,0.633049
classical_03::time_stretch::+10pct,1.000000,0.992283,0.959155,0.242308,0.000000,0.000000,0.571016,0.000000,0.716605,0.235294,0.824680,0.999086,0.498975,0.416399
classical_03::time_stretch::+20pct,1.000000,0.983699,0.905635,0.441185,0.000000,0.000000,0.871023,0.000000,0.625214,0.882353,0.604599,0.998549,0.586539,0.543542
classical_03::lowpass::lp8000,1.000000,1.000000,0.999999,1.000000,0.000000,0.000000,1.000000,1.000000,0.990095,1.000000,0.605172,1.000000,0.799371,0.798729
classical_03::lowpass::lp4000,1.000000,1.000000,0.999999,0.043075,0.000000,0.000000,1.000000,1.000000,0.991275,1.000000,0.018223,1.000000,0.670838,0.703184
classical_03::distortion::drv12,1.000000,0.999979,0.999941,0.043075,0.000000,0.000000,0.880597,0.000000,0.976689,1.000000,0.014183,0.997240,0.565058,0.576946
classical_03::lowpass::lp2000,1.000000,1.000000,0.999997,1.000000,0.000000,0.000000,1.000000,1.000000,0.998322,1.000000,0.005232,0.999957,0.750252,0.799784
classical_03::distortion::drv4,1.000000,1.000000,1.000000,0.043075,0.000000,0.000000,1.000000,1.000000,0.990791,1.000000,0.147170,0.999974,0.681530,0.703122
classical_03::distortion::drv32,1.000000,0.999707,0.999352,0.008452,0.000000,0.000000,0.979802,0.000000,0.991691,0.764706,0.004897,0.972139,0.558245,0.572373
classical_03::style_swap::swap_cross,0.666667,0.872268,0.682268,0.395282,0.000000,0.000000,0.871023,0.000000,0.296290,0.058824,0.001963,0.590972,0.327224,0.336057
classical_03::style_swap::swap_same,0.333333,0.802172,0.613318,0.043075,0.000000,0.000000,0.979802,0.000000,0.322268,0.000000,0.002997,0.772966,0.286985,0.268274
classical_04::control::ctrl,1.000000,1.000000,1.000000,1.000000,1.000000,1.000000,1.000000,1.000000,1.000000,1.000000,1.000000,1.000000,1.000000,1.000000
classical_04::pitch_shift::-1st,0.166667,0.884060,0.753691,1.000000,0.909091,0.912461,1.000000,1.000000,0.906124,0.600000,0.891780,0.996213,0.822487,0.798210
classical_04::pitch_shift::+2st,0.666667,0.904913,0.790611,1.000000,0.909091,0.835505,1.000000,1.000000,0.882961,0.600000,0.751572,0.985704,0.849149,0.845345
classical_04::pitch_shift::-2st,0.666667,0.899469,0.777124,1.000000,1.000000,0.912461,1.000000,1.000000,0.884635,0.400000,0.778226,0.991048,0.847244,0.839824
classical_04::pitch_shift::-4st,0.333333,0.902808,0.779268,1.000000,0.909091,0.878672,0.663318,0.073036,0.860596,0.400000,0.517486,0.974002,0.648721,0.629487
classical_04::pitch_shift::+1st,0.166667,0.880431,0.731340,1.000000,0.909091,0.912461,0.625516,0.057277,0.907637,0.266667,0.889484,0.995351,0.648761,0.590060
classical_04::pitch_shift::+4st,0.333333,0.904408,0.831210,1.000000,0.909091,0.865250,1.000000,1.000000,0.836987,0.066667,0.497360,0.960003,0.755224,0.760795
classical_04::time_stretch::-20pct,1.000000,0.996981,0.963137,0.055287,0.400000,0.417285,1.000000,1.000000,0.616005,0.600000,0.912960,0.998984,0.736708,0.692862
classical_04::time_stretch::-10pct,1.000000,0.999549,0.990078,0.201898,0.454545,0.330858,0.946977,0.402409,0.672799,0.400000,0.932520,0.999112,0.681718,0.624905
classical_04::time_stretch::-5pct,1.000000,0.999583,0.992128,0.429798,0.545455,0.454615,0.946977,0.402409,0.677250,0.333333,0.949676,0.999268,0.715183,0.663331
classical_04::time_stretch::+20pct,1.000000,0.998278,0.972578,0.038499,0.235294,0.379954,1.000000,1.000000,0.608516,0.066667,0.914814,0.998226,0.674470,0.618072
classical_04::lowpass::lp8000,1.000000,0.999997,0.999992,1.000000,1.000000,1.000000,1.000000,1.000000,0.999982,1.000000,0.300637,0.968830,0.938948,0.999996
classical_04::lowpass::lp4000,1.000000,0.999989,0.999968,1.000000,1.000000,0.912461,1.000000,1.000000,0.999763,1.000000,0.058466,0.915309,0.906693,0.991210
classical_04::lowpass::lp2000,1.000000,0.999783,0.998848,0.007720,0.000000,0.000000,0.978747,0.643124,0.984901,0.600000,0.000595,0.819221,0.582922,0.618710
classical_04::time_stretch::+5pct,1.000000,0.999494,0.988779,0.386743,0.583333,0.369342,0.665998,0.073854,0.713754,0.733333,0.938673,0.997993,0.667592,0.607457
classical_04::time_stretch::+10pct,1.000000,0.996549,0.967756,0.131776,0.416667,0.289348,0.663318,0.073036,0.666988,0.400000,0.924753,0.998076,0.588745,0.514223
classical_04::distortion::drv4,1.000000,0.999524,0.998610,1.000000,1.000000,0.912461,1.000000,1.000000,0.957558,0.400000,0.979868,0.999780,0.936262,0.925551
classical_04::distortion::drv12,1.000000,0.999461,0.998338,1.000000,0.909091,0.878672,1.000000,1.000000,0.970125,1.000000,0.781145,0.993795,0.960087,0.974651
classical_04::style_swap::swap_cross,0.333333,0.710971,0.704799,0.009308,0.250000,0.379954,0.974723,0.638680,0.351821,0.066667,0.205176,0.816055,0.416301,0.398644
classical_04::style_swap::swap_same,0.166667,0.809961,0.756535,1.000000,0.909091,0.540994,0.989371,0.786476,0.279916,0.000000,0.130620,0.904518,0.574400,0.586393
classical_05::control::ctrl,1.000000,1.000000,1.000000,1.000000,1.000000,1.000000,1.000000,1.000000,1.000000,1.000000,1.000000,1.000000,1.000000,1.000000
classical_05::pitch_shift::-4st,0.333333,0.823788,0.712338,1.000000,1.000000,0.865250,1.000000,1.000000,0.813684,0.294118,0.512466,0.997572,0.761222,0.762479
classical_05::pitch_shift::-2st,0.666667,0.929653,0.876897,1.000000,1.000000,0.912461,0.976949,0.826556,0.847999,0.294118,0.750726,0.999310,0.828845,0.819616
classical_04::distortion::drv32,1.000000,0.995086,0.984267,1.000000,1.000000,0.835505,0.662166,0.072688,0.901841,0.933333,0.534079,0.982774,0.792196,0.799063
classical_05::pitch_shift::-1st,0.166667,0.776941,0.666123,1.000000,1.000000,1.000000,0.976949,0.826556,0.885222,0.705882,0.890607,0.999803,0.803108,0.774690
classical_05::pitch_shift::+1st,0.166667,0.783330,0.678150,1.000000,1.000000,1.000000,0.976949,0.826556,0.883669,0.764706,0.867140,0.999530,0.807932,0.782854
classical_05::pitch_shift::+2st,0.666667,0.915339,0.852728,1.000000,1.000000,1.000000,0.976949,0.826556,0.849867,0.705882,0.697017,0.998480,0.861764,0.864577
classical_05::pitch_shift::+4st,0.333333,0.811373,0.703338,1.000000,1.000000,0.784084,0.976949,0.826556,0.805850,0.352941,0.490953,0.996165,0.735717,0.734174
classical_05::time_stretch::-10pct,1.000000,0.997199,0.980717,0.375769,0.210526,0.379954,0.988471,0.907007,0.677907,0.352941,0.895148,0.999825,0.721303,0.676068
classical_05::time_stretch::-5pct,1.000000,0.998182,0.986806,0.600094,0.400000,0.379954,0.988471,0.907007,0.705655,0.588235,0.940962,0.999952,0.782956,0.745456
classical_05::time_stretch::-20pct,1.000000,0.994383,0.976703,0.113600,0.315789,0.449804,0.976949,0.826556,0.593825,0.294118,0.833264,0.999431,0.685515,0.639353
classical_05::time_stretch::+5pct,1.000000,0.998041,0.990275,0.308962,0.200000,0.417285,1.000000,1.000000,0.668582,0.529412,0.940740,0.999959,0.746310,0.701502
classical_05::time_stretch::+10pct,1.000000,0.997016,0.989738,0.308962,0.200000,0.379954,1.000000,1.000000,0.652564,0.529412,0.910474,0.999891,0.738772,0.695491
classical_05::time_stretch::+20pct,1.000000,0.995782,0.971937,0.073528,0.363636,0.393076,0.657907,0.154569,0.582543,0.235294,0.889901,0.999823,0.568778,0.493563
classical_05::lowpass::lp4000,1.000000,0.999999,0.999999,1.000000,1.000000,0.912461,1.000000,1.000000,0.999958,1.000000,0.005689,0.971287,0.907291,0.991240
classical_05::lowpass::lp8000,1.000000,1.000000,1.000000,1.000000,1.000000,0.912461,1.000000,1.000000,0.999993,1.000000,0.370027,0.997479,0.939982,0.991245
classical_05::distortion::drv4,1.000000,0.999033,0.998062,1.000000,1.000000,0.912461,0.988471,0.907007,0.965602,0.882353,0.561670,0.999372,0.932602,0.963023
classical_05::lowpass::lp2000,1.000000,0.999935,0.999879,1.000000,0.777778,0.669448,1.000000,1.000000,0.996743,0.882353,0.000057,0.901235,0.851663,0.932515
classical_05::distortion::drv12,1.000000,0.995017,0.991716,1.000000,0.400000,0.566607,0.948043,0.258037,0.909187,0.588235,0.170896,0.998720,0.728606,0.757375
classical_05::distortion::drv32,1.000000,0.992658,0.987884,1.000000,0.400000,0.506036,0.948043,0.258037,0.883034,0.588235,0.046359,0.994588,0.709316,0.747121
classical_05::style_swap::swap_cross,0.166667,0.830333,0.733372,0.080712,0.285714,0.379954,0.657362,0.133549,0.258171,0.000000,0.158323,0.952404,0.325143,0.279412
classical_05::style_swap::swap_same,0.666667,0.938366,0.869885,0.031602,0.235294,0.379954,1.000000,1.000000,0.280653,0.000000,0.232101,0.978123,0.528486,0.513305
classical_06::control::ctrl,1.000000,1.000000,1.000000,1.000000,0.000000,0.000000,1.000000,1.000000,1.000000,1.000000,1.000000,1.000000,0.833333,0.800000
classical_06::pitch_shift::-4st,0.333333,0.705058,0.679380,0.007285,0.000000,0.000000,1.000000,1.000000,0.714711,0.428571,0.535452,0.993698,0.506843,0.455339
classical_06::pitch_shift::-2st,0.666667,0.796430,0.794923,0.007285,0.000000,0.000000,1.000000,1.000000,0.755934,0.000000,0.767401,0.996547,0.546536,0.479471
classical_06::pitch_shift::+1st,0.166667,0.721174,0.785260,0.013479,0.000000,0.000000,1.000000,1.000000,0.843630,0.000000,0.860885,0.997714,0.512175,0.428766
classical_06::pitch_shift::-1st,0.166667,0.695801,0.754331,1.000000,0.000000,0.000000,1.000000,1.000000,0.819800,0.000000,0.887962,0.997115,0.587600,0.516631
classical_06::pitch_shift::+2st,0.666667,0.814564,0.809259,1.000000,0.000000,0.000000,1.000000,1.000000,0.733149,0.000000,0.691029,0.996526,0.624249,0.580366
classical_06::pitch_shift::+4st,0.333333,0.716785,0.764489,0.552104,0.000000,0.000000,1.000000,1.000000,0.682995,0.000000,0.497059,0.990894,0.520110,0.475397
classical_06::time_stretch::-20pct,1.000000,0.993466,0.952690,0.026605,0.000000,0.000000,1.000000,1.000000,0.511865,0.000000,0.796570,0.990989,0.593123,0.533051
classical_06::time_stretch::-10pct,1.000000,0.995924,0.984803,0.004164,0.000000,0.000000,1.000000,1.000000,0.618219,0.000000,0.889573,0.995669,0.614478,0.548878
classical_06::time_stretch::-5pct,1.000000,0.999329,0.988700,0.013479,0.000000,0.000000,1.000000,1.000000,0.685464,0.142857,0.898572,0.996955,0.636054,0.573732
classical_06::time_stretch::+5pct,1.000000,0.997188,0.990508,0.552104,0.000000,0.000000,1.000000,1.000000,0.675259,0.285714,0.829760,0.998241,0.686054,0.640477
classical_06::time_stretch::+20pct,1.000000,0.985814,0.978725,0.070634,0.000000,0.000000,1.000000,1.000000,0.551751,0.142857,0.856016,0.998464,0.620354,0.558987
classical_06::time_stretch::+10pct,1.000000,0.993340,0.984556,0.005285,0.000000,0.000000,1.000000,1.000000,0.565729,0.142857,0.907794,0.999193,0.622342,0.556117
classical_06::lowpass::lp8000,1.000000,0.999992,0.999964,1.000000,0.000000,0.000000,1.000000,1.000000,0.999758,1.000000,0.903326,0.999631,0.825214,0.799963
classical_06::lowpass::lp4000,1.000000,0.999993,0.999964,0.000048,0.000000,0.000000,1.000000,1.000000,0.999659,1.000000,0.003913,0.978718,0.665062,0.699952
classical_06::lowpass::lp2000,1.000000,0.999705,0.999377,0.000048,0.000000,0.000000,1.000000,1.000000,0.991957,0.571429,0.000023,0.888442,0.620086,0.655989
classical_06::distortion::drv12,1.000000,0.993219,0.989165,0.292156,0.000000,0.000000,0.929614,0.000000,0.895318,0.714286,0.461670,0.994597,0.596861,0.570643
classical_06::distortion::drv4,1.000000,0.999330,0.998414,0.013479,0.000000,0.000000,1.000000,1.000000,0.979720,1.000000,0.773324,0.998819,0.729706,0.698440
classical_07::control::ctrl,1.000000,1.000000,1.000000,1.000000,1.000000,1.000000,1.000000,1.000000,1.000000,1.000000,1.000000,1.000000,1.000000,1.000000
classical_06::distortion::drv32,1.000000,0.984863,0.978376,0.007285,0.000000,0.000000,0.989899,0.000000,0.838907,0.857143,0.348687,0.988519,0.577288,0.559101
classical_06::style_swap::swap_cross,0.333333,0.835969,0.862582,0.031895,0.000000,0.000000,0.807229,0.000000,0.280686,0.000000,0.245222,0.889190,0.312680,0.262502
classical_06::style_swap::swap_same,0.333333,0.808697,0.788756,0.004164,0.000000,0.000000,0.969716,0.000000,0.287671,0.000000,0.265421,0.985356,0.338279,0.280954
classical_07::pitch_shift::-4st,0.333333,0.751409,0.570641,1.000000,1.000000,1.000000,0.861546,0.000000,0.794988,0.545455,0.445420,0.978992,0.653235,0.641579
classical_07::pitch_shift::-2st,0.666667,0.516320,0.382223,1.000000,1.000000,1.000000,1.000000,1.000000,0.825579,0.727273,0.799334,0.993027,0.787727,0.766082
classical_07::pitch_shift::-1st,0.166667,0.613325,0.585587,1.000000,1.000000,1.000000,1.000000,1.000000,0.889305,0.545455,0.874694,0.997639,0.777988,0.746368
classical_07::pitch_shift::+1st,0.166667,0.604894,0.527687,1.000000,1.000000,1.000000,1.000000,1.000000,0.853944,0.636364,0.808492,0.995673,0.768946,0.742347
classical_07::pitch_shift::+2st,0.666667,0.497914,0.322077,1.000000,1.000000,0.813348,1.000000,1.000000,0.793381,0.272727,0.662329,0.988005,0.710351,0.687466
classical_07::pitch_shift::+4st,0.333333,0.735850,0.616502,1.000000,1.000000,0.813348,1.000000,1.000000,0.760460,0.090909,0.419917,0.962944,0.702348,0.704774
classical_07::time_stretch::-20pct,1.000000,0.988955,0.932626,0.237985,0.000000,0.626695,0.861546,0.000000,0.608443,0.454545,0.838365,0.997671,0.605645,0.543186
classical_07::time_stretch::-10pct,1.000000,0.999133,0.987753,0.487837,0.000000,0.566607,0.861546,0.000000,0.683446,0.272727,0.910278,0.998823,0.627498,0.562096
classical_07::time_stretch::-5pct,1.000000,0.999279,0.997573,0.685384,0.000000,0.626695,1.000000,1.000000,0.759881,0.545455,0.934104,0.999403,0.789887,0.754517
classical_07::time_stretch::+5pct,1.000000,0.998697,0.990967,0.655590,0.000000,0.517511,0.986746,0.944302,0.739087,0.454545,0.904868,0.999332,0.758380,0.719640
classical_07::time_stretch::+10pct,1.000000,0.997123,0.989606,0.520731,0.400000,0.517511,0.986746,0.944302,0.693991,0.272727,0.896390,0.998872,0.759411,0.721774
classical_07::time_stretch::+20pct,1.000000,0.994692,0.979742,0.237985,0.200000,0.517511,0.974022,0.887327,0.652360,0.272727,0.863871,0.997695,0.703642,0.658229
classical_07::lowpass::lp8000,1.000000,1.000000,0.999999,1.000000,1.000000,1.000000,1.000000,1.000000,0.999977,1.000000,0.946605,0.999834,0.995533,0.999997
classical_07::lowpass::lp4000,1.000000,0.999999,0.999997,1.000000,1.000000,1.000000,0.861546,0.000000,0.999603,1.000000,0.046153,0.992092,0.812839,0.871635
classical_07::distortion::drv4,1.000000,0.999723,0.999049,1.000000,1.000000,1.000000,1.000000,1.000000,0.974329,1.000000,0.709291,0.998201,0.972734,0.996543
classical_07::lowpass::lp2000,1.000000,0.999764,0.999495,1.000000,0.444444,0.566607,0.861546,0.000000,0.983524,1.000000,0.000030,0.937536,0.719937,0.770578
classical_07::distortion::drv12,1.000000,0.997842,0.995696,1.000000,1.000000,0.813348,0.861546,0.000000,0.888952,1.000000,0.408204,0.989826,0.814696,0.837900
classical_07::distortion::drv32,1.000000,0.991681,0.987271,1.000000,1.000000,0.848573,0.861546,0.000000,0.781389,1.000000,0.295253,0.976107,0.793835,0.825623
classical_07::style_swap::swap_cross,0.666667,0.551371,0.453618,0.487837,0.133333,0.388226,1.000000,1.000000,0.284821,0.000000,0.152028,0.880425,0.451366,0.439178
classical_07::style_swap::swap_same,0.333333,0.885000,0.773567,0.655590,0.181818,0.529330,0.986486,0.946501,0.270447,0.000000,0.228513,0.945285,0.532781,0.522317
classical_08::control::ctrl,1.000000,1.000000,1.000000,1.000000,0.000000,0.000000,1.000000,1.000000,1.000000,1.000000,1.000000,1.000000,0.833333,0.800000
classical_08::pitch_shift::-4st,0.333333,0.648244,0.572266,1.000000,0.000000,0.000000,0.985891,0.903478,0.876568,0.176471,0.392241,0.994324,0.545144,0.515554
classical_08::pitch_shift::-2st,0.666667,0.591353,0.521612,1.000000,0.000000,0.000000,1.000000,1.000000,0.902191,0.647059,0.657482,0.998639,0.635335,0.596799
classical_08::pitch_shift::-1st,0.166667,0.622149,0.571222,1.000000,0.000000,0.000000,1.000000,1.000000,0.900887,0.235294,0.796893,0.999512,0.579998,0.516360
classical_08::pitch_shift::+1st,0.166667,0.637744,0.568837,0.884841,0.000000,0.000000,1.000000,1.000000,0.894310,0.411765,0.777512,0.999154,0.584468,0.523700
classical_08::pitch_shift::+2st,0.666667,0.583644,0.498133,0.465833,0.000000,0.000000,0.988471,0.907007,0.881726,0.294118,0.633112,0.997296,0.543921,0.489682
classical_08::pitch_shift::+4st,0.333333,0.629602,0.548486,0.465833,0.000000,0.000000,1.000000,1.000000,0.809230,0.647059,0.382373,0.991602,0.537184,0.507278
classical_08::time_stretch::-20pct,1.000000,0.990989,0.970395,0.348515,0.000000,0.000000,0.965443,0.756274,0.618473,0.411765,0.776539,0.999764,0.640123,0.590519
classical_08::time_stretch::-10pct,1.000000,0.998035,0.988825,0.182277,0.000000,0.000000,0.976949,0.826556,0.718130,0.470588,0.884432,0.999899,0.661480,0.605344
classical_08::time_stretch::-5pct,1.000000,0.998740,0.989170,0.402325,0.000000,0.000000,1.000000,1.000000,0.746703,0.176471,0.872633,0.999831,0.675879,0.623810
classical_08::time_stretch::+5pct,1.000000,0.998072,0.982242,0.504016,0.000000,0.000000,1.000000,1.000000,0.745151,0.117647,0.882101,0.999846,0.679264,0.626923
classical_08::time_stretch::+10pct,1.000000,0.998666,0.982681,0.597412,0.000000,0.000000,0.988471,0.907007,0.720739,0.117647,0.898684,0.999879,0.676231,0.621622
classical_08::time_stretch::+20pct,1.000000,0.997512,0.973090,0.457021,0.000000,0.000000,1.000000,1.000000,0.673597,0.235294,0.860394,0.999820,0.674655,0.623566
classical_08::lowpass::lp8000,1.000000,1.000000,1.000000,1.000000,0.000000,0.000000,1.000000,1.000000,0.999992,1.000000,0.741070,1.000000,0.811755,0.799999
classical_08::lowpass::lp4000,1.000000,1.000000,1.000000,0.628445,0.000000,0.000000,1.000000,1.000000,0.999957,1.000000,0.030165,0.999995,0.721544,0.762838
classical_08::lowpass::lp2000,1.000000,0.999998,0.999997,1.000000,0.000000,0.000000,0.988471,0.907007,0.999903,1.000000,0.001186,0.989668,0.739459,0.788334
classical_08::distortion::drv4,1.000000,0.998848,0.998066,0.078486,0.000000,0.000000,1.000000,1.000000,0.964973,0.764706,0.365451,0.993549,0.679383,0.679402
classical_08::distortion::drv12,1.000000,0.985158,0.980631,0.106755,0.000000,0.000000,0.988471,0.907007,0.843661,0.647059,0.041279,0.945200,0.614386,0.638976
classical_08::distortion::drv32,1.000000,0.968424,0.959824,0.078486,0.000000,0.000000,1.000000,1.000000,0.765879,0.588235,0.018783,0.919836,0.600101,0.626785
classical_08::style_swap::swap_cross,0.166667,0.816070,0.695875,0.582738,0.000000,0.000000,0.988471,0.907007,0.298238,0.058824,0.067476,0.949601,0.428627,0.412976
classical_08::style_swap::swap_same,0.833333,0.800947,0.720835,0.025102,0.000000,0.000000,0.957542,0.462798,0.294672,0.000000,0.038648,0.815475,0.376631,0.367755
classical_09::control::ctrl,1.000000,1.000000,1.000000,1.000000,1.000000,1.000000,1.000000,1.000000,1.000000,1.000000,1.000000,1.000000,1.000000,1.000000
classical_09::pitch_shift::-4st,0.333333,0.809108,0.588168,1.000000,1.000000,1.000000,1.000000,1.000000,0.874172,0.642857,0.552716,0.995316,0.796242,0.800718
classical_09::pitch_shift::-2st,0.666667,0.856032,0.637198,1.000000,1.000000,1.000000,1.000000,1.000000,0.895913,0.785714,0.795851,0.998564,0.869855,0.864395
classical_09::pitch_shift::-1st,0.166667,0.775831,0.529867,1.000000,1.000000,1.000000,1.000000,1.000000,0.921289,0.785714,0.898717,0.999398,0.818180,0.792009
classical_09::pitch_shift::+1st,0.166667,0.769694,0.525676,1.000000,1.000000,1.000000,1.000000,1.000000,0.884347,1.000000,0.862774,0.998100,0.827763,0.807241
classical_09::pitch_shift::+2st,0.666667,0.843486,0.658523,1.000000,1.000000,1.000000,1.000000,1.000000,0.844796,1.000000,0.734252,0.994911,0.877450,0.880057
classical_09::pitch_shift::+4st,0.333333,0.792755,0.588802,1.000000,1.000000,1.000000,1.000000,1.000000,0.831053,0.571429,0.530868,0.984137,0.780873,0.785651
classical_09::time_stretch::-20pct,1.000000,0.991656,0.924195,0.237985,0.000000,0.517511,0.842917,0.000000,0.633469,0.500000,0.879371,0.999326,0.602804,0.535500
classical_09::time_stretch::-10pct,1.000000,0.995205,0.984961,0.487837,0.000000,0.579728,0.842917,0.000000,0.726116,0.785714,0.892296,0.998962,0.670406,0.615369
classical_09::time_stretch::-5pct,1.000000,0.997698,0.984475,0.685384,0.000000,0.517511,0.842917,0.000000,0.768954,0.857143,0.913107,0.998915,0.694211,0.641859
classical_09::time_stretch::+5pct,1.000000,0.998924,0.988871,0.655590,0.000000,0.517511,0.986224,0.948370,0.781863,0.785714,0.932715,0.999211,0.792918,0.758314
classical_09::time_stretch::+10pct,1.000000,0.998030,0.963145,0.407703,0.166667,0.517511,0.986224,0.948370,0.760287,0.857143,0.918668,0.998992,0.785788,0.751186
classical_09::time_stretch::+20pct,1.000000,0.994224,0.919427,0.237985,0.333333,0.517511,0.972996,0.896060,0.709015,1.000000,0.899021,0.998152,0.778539,0.744542
classical_09::lowpass::lp8000,1.000000,1.000000,1.000000,1.000000,0.909091,0.878672,1.000000,1.000000,0.999980,1.000000,0.958259,0.999848,0.978819,0.978774
classical_09::lowpass::lp4000,1.000000,0.999999,0.999998,0.814584,0.909091,0.878672,1.000000,1.000000,0.999910,1.000000,0.020570,0.990122,0.884355,0.960222
classical_09::lowpass::lp2000,1.000000,0.999924,0.999712,0.814584,0.909091,0.878672,0.842917,0.000000,0.987412,1.000000,0.000463,0.936083,0.766352,0.826388
classical_09::distortion::drv4,1.000000,0.999655,0.998599,1.000000,1.000000,1.000000,1.000000,1.000000,0.963779,1.000000,0.756041,0.996646,0.975307,0.995122
classical_09::distortion::drv12,1.000000,0.996654,0.992763,1.000000,0.909091,0.878672,1.000000,1.000000,0.815965,0.785714,0.471566,0.986298,0.898337,0.932308
classical_09::style_swap::swap_cross,0.333333,0.870461,0.706779,0.685384,0.117647,0.354289,0.971949,0.902401,0.287945,0.000000,0.090568,0.814474,0.479068,0.485594
classical_09::distortion::drv32,1.000000,0.990382,0.983231,0.814584,0.909091,0.878672,0.842917,0.000000,0.707775,0.785714,0.358263,0.978610,0.749245,0.765547
classical_09::style_swap::swap_same,0.833333,0.811712,0.684313,0.210057,0.142857,0.486706,0.613544,0.056416,0.293444,0.000000,0.220239,0.968622,0.377360,0.334152
classical_10::control::ctrl,1.000000,1.000000,1.000000,1.000000,1.000000,1.000000,1.000000,1.000000,1.000000,1.000000,1.000000,1.000000,1.000000,1.000000
classical_10::pitch_shift::-4st,0.333333,0.715970,0.596253,1.000000,1.000000,0.842213,1.000000,1.000000,0.865994,0.647059,0.534288,0.989035,0.769606,0.771267
classical_10::pitch_shift::-2st,0.666667,0.682603,0.515447,1.000000,0.916667,0.926973,0.965870,0.938662,0.910577,0.882353,0.808122,0.995154,0.821556,0.805572
classical_10::pitch_shift::-1st,0.166667,0.579399,0.351350,1.000000,0.916667,0.926973,0.965870,0.938662,0.937141,0.882353,0.907098,0.998323,0.761032,0.722708
classical_10::time_stretch::-20pct,1.000000,0.988141,0.925919,0.021382,0.200000,0.388226,0.643288,0.143030,0.643494,0.705882,0.892834,0.997841,0.586911,0.515239
classical_10::pitch_shift::+1st,0.166667,0.577404,0.345600,1.000000,0.916667,0.926973,0.965870,0.938662,0.920324,0.823529,0.848937,0.998671,0.748660,0.713641
classical_10::pitch_shift::+2st,0.666667,0.666973,0.512736,0.012222,0.300000,0.422162,0.965870,0.938662,0.908746,0.823529,0.737878,0.995841,0.632640,0.585824
classical_10::pitch_shift::+4st,0.333333,0.717295,0.632386,1.000000,0.720000,0.641406,0.965870,0.938662,0.854759,0.529412,0.488293,0.986787,0.707467,0.701539
classical_10::time_stretch::-10pct,1.000000,0.995375,0.960295,0.004593,0.400000,0.388226,0.659051,0.203054,0.714661,0.882353,0.913316,0.998682,0.638508,0.575019
classical_10::time_stretch::-5pct,1.000000,0.998354,0.997860,0.007334,0.200000,0.388226,0.633856,0.112220,0.766807,0.882353,0.946409,0.999616,0.622914,0.552896
classical_10::time_stretch::+10pct,1.000000,0.995690,0.975209,0.340732,0.480000,0.422162,0.654166,0.198905,0.730609,0.647059,0.923674,0.998519,0.659379,0.599046
classical_10::time_stretch::+5pct,1.000000,0.998057,0.989965,1.000000,0.000000,0.338020,0.944071,0.899451,0.772160,0.647059,0.951005,0.999562,0.784275,0.746076
classical_10::lowpass::lp4000,1.000000,0.999994,0.999991,0.021382,0.300000,0.408326,0.649595,0.195563,0.999617,1.000000,0.026271,0.982178,0.600640,0.620041
classical_10::lowpass::lp2000,1.000000,0.999777,0.999210,0.021382,0.300000,0.388226,0.659051,0.203054,0.991854,1.000000,0.000467,0.912973,0.591988,0.619613
classical_10::time_stretch::+20pct,1.000000,0.991691,0.940040,0.099547,0.444444,0.388226,0.903896,0.829469,0.644061,0.647059,0.890231,0.997069,0.712660,0.666482
classical_10::lowpass::lp8000,1.000000,1.000000,1.000000,1.000000,1.000000,1.000000,1.000000,1.000000,0.999858,1.000000,0.921824,0.999494,0.993425,0.999982
classical_10::distortion::drv12,1.000000,0.994658,0.990409,0.021382,0.200000,0.408326,0.649595,0.195563,0.831232,0.882353,0.275470,0.972747,0.582743,0.574649
classical_10::distortion::drv4,1.000000,0.999499,0.998608,0.021382,0.300000,0.408326,0.887242,0.796932,0.957254,0.882353,0.505100,0.991353,0.717844,0.711825
classical_10::distortion::drv32,1.000000,0.986108,0.977638,0.021382,0.300000,0.388226,0.634057,0.032548,0.744590,0.882353,0.183190,0.957567,0.552465,0.549161
classical_11::control::ctrl,1.000000,1.000000,1.000000,1.000000,1.000000,1.000000,1.000000,1.000000,1.000000,1.000000,1.000000,1.000000,1.000000,1.000000
classical_10::style_swap::swap_cross,0.666667,0.640947,0.668120,0.039558,0.272727,0.388226,0.672657,0.237169,0.309537,0.000000,0.174706,0.914779,0.347066,0.308090
classical_11::pitch_shift::-4st,0.333333,0.641784,0.619782,0.626183,0.666667,0.710914,1.000000,1.000000,0.820779,0.769231,0.353496,0.997881,0.683937,0.685601
classical_11::pitch_shift::-2st,0.666667,0.660359,0.649047,1.000000,1.000000,1.000000,1.000000,1.000000,0.873910,0.692308,0.836221,0.999139,0.839759,0.824181
classical_10::style_swap::swap_same,1.000000,0.900931,0.641271,0.166222,0.235294,0.388226,0.667186,0.225296,0.261156,0.000000,0.277566,0.934524,0.415387,0.377685
classical_11::pitch_shift::-1st,0.166667,0.610970,0.597706,0.626183,0.888889,0.827920,1.000000,1.000000,0.894493,0.692308,0.899639,0.999051,0.739211,0.697190
classical_11::pitch_shift::+1st,0.166667,0.614037,0.600790,1.000000,0.941176,0.898542,1.000000,1.000000,0.924764,1.000000,0.873465,0.997795,0.807902,0.782371
classical_11::pitch_shift::+2st,0.833333,0.725304,0.673002,1.000000,0.888889,0.827920,1.000000,1.000000,0.894530,0.769231,0.796523,0.996168,0.845781,0.835693
classical_11::pitch_shift::+4st,0.333333,0.699292,0.604076,1.000000,0.941176,0.898542,1.000000,1.000000,0.864844,0.615385,0.620471,0.994145,0.772995,0.766171
classical_11::time_stretch::-10pct,1.000000,0.999167,0.982387,0.273538,0.250000,0.440043,0.643233,0.218281,0.689236,0.615385,0.877174,0.999015,0.626114,0.563724
classical_11::time_stretch::-5pct,1.000000,0.998169,0.988677,0.407067,0.352941,0.440043,0.886810,0.762316,0.741404,0.769231,0.896113,0.999059,0.753638,0.714854
classical_11::time_stretch::-20pct,1.000000,0.995678,0.936066,0.097840,0.266667,0.476000,0.663787,0.000000,0.599947,0.692308,0.271618,0.998055,0.542311,0.523820
classical_11::time_stretch::+5pct,1.000000,0.999142,0.990514,0.600094,0.117647,0.486706,1.000000,1.000000,0.761046,0.538462,0.900953,0.998396,0.776848,0.742293
classical_11::time_stretch::+10pct,1.000000,0.998676,0.981484,0.343018,0.000000,0.379954,1.000000,1.000000,0.700504,0.076923,0.883434,0.997691,0.689257,0.639011
classical_11::time_stretch::+20pct,1.000000,0.994124,0.948292,0.093930,0.500000,0.361967,0.902409,0.806216,0.593308,0.769231,0.873138,0.997181,0.716958,0.673337
classical_11::lowpass::lp8000,1.000000,1.000000,1.000000,1.000000,1.000000,1.000000,1.000000,1.000000,0.999992,1.000000,0.997598,1.000000,0.999799,0.999999
classical_11::lowpass::lp4000,1.000000,1.000000,1.000000,1.000000,1.000000,1.000000,1.000000,1.000000,0.999965,1.000000,0.020387,0.999428,0.918310,0.999995
classical_11::distortion::drv4,1.000000,0.999950,0.999800,1.000000,0.941176,0.906066,1.000000,1.000000,0.990279,1.000000,0.919362,0.999092,0.979402,0.983444
classical_11::lowpass::lp2000,1.000000,0.999995,0.999987,0.626183,0.666667,0.710914,0.663787,0.000000,0.999728,1.000000,0.001105,0.984414,0.691159,0.730942
classical_11::distortion::drv12,1.000000,0.998674,0.996791,1.000000,0.888889,0.827920,1.000000,1.000000,0.927733,1.000000,0.537996,0.989113,0.928700,0.961800
classical_11::distortion::drv32,1.000000,0.992914,0.986993,1.000000,0.888889,0.827920,0.653748,-0.004514,0.835589,0.923077,0.266283,0.966921,0.742790,0.768245
classical_11::style_swap::swap_cross,1.000000,0.889988,0.801119,0.026390,0.300000,0.393076,0.625039,0.005681,0.289449,0.153846,0.179176,0.924842,0.406222,0.377558
classical_11::style_swap::swap_same,0.333333,0.754693,0.720095,0.343018,0.000000,0.000000,0.663787,0.000000,0.311998,0.000000,0.189157,0.936419,0.291449,0.237598
classical_12::control::ctrl,1.000000,1.000000,1.000000,1.000000,1.000000,1.000000,1.000000,1.000000,1.000000,1.000000,1.000000,1.000000,1.000000,1.000000
classical_12::pitch_shift::-4st,0.333333,0.691908,0.591649,0.131776,0.421053,0.393076,0.989152,0.842666,0.888536,0.111111,0.496167,0.994911,0.548230,0.508802
classical_12::pitch_shift::-2st,0.666667,0.698866,0.701057,0.229705,0.444444,0.393076,1.000000,1.000000,0.896082,0.111111,0.727280,0.997708,0.633735,0.587999
classical_12::pitch_shift::+1st,0.166667,0.741717,0.729853,0.229705,0.333333,0.361967,1.000000,1.000000,0.884175,0.000000,0.841982,0.997581,0.587649,0.521238
classical_12::pitch_shift::-1st,0.166667,0.800655,0.838209,0.229705,0.555556,0.435926,1.000000,1.000000,0.912406,0.111111,0.845565,0.998440,0.643786,0.588153
classical_12::pitch_shift::+2st,0.666667,0.707958,0.765345,0.131776,0.421053,0.361967,1.000000,1.000000,0.881962,0.111111,0.747743,0.996227,0.628995,0.580422
classical_12::pitch_shift::+4st,0.333333,0.666085,0.575447,0.386743,0.444444,0.393076,1.000000,1.000000,0.849781,0.000000,0.518797,0.989336,0.569392,0.532528
classical_12::time_stretch::-20pct,1.000000,0.985576,0.980361,0.009308,0.210526,0.330858,0.988661,0.842017,0.660019,0.222222,0.806470,0.997994,0.659455,0.610913
classical_12::time_stretch::-10pct,1.000000,0.994910,0.986205,1.000000,0.222222,0.424184,0.989152,0.842666,0.674232,0.111111,0.880046,0.998791,0.751158,0.713514
classical_12::time_stretch::-5pct,1.000000,0.992587,0.982480,0.386743,0.000000,0.393076,0.989152,0.842666,0.742250,0.222222,0.873556,0.998830,0.694254,0.645874
classical_12::time_stretch::+5pct,1.000000,0.995533,0.980942,0.102286,0.454545,0.361967,1.000000,1.000000,0.731856,0.000000,0.865374,0.998670,0.700648,0.654382
classical_12::time_stretch::+10pct,1.000000,0.997041,0.983737,0.038499,0.315789,0.393076,0.956670,0.555832,0.715269,0.000000,0.902422,0.998652,0.643808,0.582471
classical_12::time_stretch::+20pct,1.000000,0.995473,0.982817,0.009308,0.315789,0.393076,0.956670,0.555832,0.656633,0.111111,0.874157,0.998546,0.641704,0.582784
classical_12::lowpass::lp8000,1.000000,0.998217,0.997208,1.000000,1.000000,0.778122,0.967480,0.630648,0.975566,0.222222,0.911684,0.999839,0.869919,0.852752
classical_12::lowpass::lp4000,1.000000,0.999999,0.999999,0.055287,0.250000,0.330858,1.000000,1.000000,0.999136,1.000000,0.001140,0.989316,0.718729,0.763500
classical_12::lowpass::lp2000,1.000000,0.998091,0.997002,0.009533,0.125000,0.330858,0.969716,0.000000,0.996567,0.555556,0.000121,0.903223,0.570701,0.595143
classical_12::distortion::drv4,1.000000,0.999258,0.998720,1.000000,1.000000,0.760959,0.967480,0.630648,0.983284,0.333333,0.965713,0.999912,0.883373,0.863485
classical_12::distortion::drv12,1.000000,0.997225,0.995897,0.429798,0.000000,0.509885,0.967480,0.630648,0.974043,0.777778,0.676841,0.998032,0.742854,0.723951
classical_12::distortion::drv32,1.000000,0.990360,0.988334,0.429798,1.000000,0.805722,0.988531,0.841845,0.915831,0.555556,0.394526,0.991627,0.821507,0.847249
classical_12::style_swap::swap_same,0.500000,0.600577,0.431383,0.429798,0.375000,0.361967,0.987981,0.841118,0.275266,0.000000,0.217501,0.972819,0.451822,0.423334
classical_13::control::ctrl,1.000000,1.000000,1.000000,1.000000,0.000000,0.000000,1.000000,1.000000,1.000000,1.000000,1.000000,1.000000,0.833333,0.800000
classical_12::style_swap::swap_cross,1.000000,0.958907,0.877003,0.038499,0.347826,0.388226,0.655081,0.099380,0.263386,0.000000,0.163517,0.918354,0.422942,0.399880
classical_13::pitch_shift::-4st,0.500000,0.813148,0.742573,1.000000,0.000000,0.000000,1.000000,1.000000,0.657003,0.400000,0.467460,0.994856,0.609584,0.585304
classical_13::pitch_shift::-2st,0.833333,0.842974,0.703253,1.000000,0.000000,0.000000,1.000000,1.000000,0.770818,0.600000,0.703241,0.997909,0.685743,0.652791
classical_13::pitch_shift::-1st,0.500000,0.808140,0.683819,1.000000,0.000000,0.000000,1.000000,1.000000,0.825263,0.400000,0.821592,0.997689,0.650541,0.598736
classical_13::pitch_shift::+1st,0.333333,0.833537,0.693829,0.735197,0.000000,0.000000,1.000000,1.000000,0.841391,0.600000,0.820917,0.997796,0.637176,0.582755
classical_13::pitch_shift::+2st,0.500000,0.862109,0.684067,0.860659,0.000000,0.000000,1.000000,1.000000,0.791399,0.400000,0.655620,0.997334,0.628260,0.588634
classical_13::pitch_shift::+4st,0.166667,0.852497,0.786756,0.860659,0.000000,0.000000,1.000000,1.000000,0.685432,0.600000,0.456246,0.994261,0.598508,0.573197
classical_13::time_stretch::-20pct,0.666667,0.980604,0.971314,0.373673,0.000000,0.000000,1.000000,1.000000,0.524310,0.400000,0.765445,0.998781,0.627370,0.576429
classical_13::time_stretch::-10pct,0.833333,0.999163,0.992943,0.523292,0.000000,0.000000,1.000000,1.000000,0.620342,0.400000,0.837584,0.998955,0.674634,0.625914
classical_13::time_stretch::-5pct,0.666667,0.994877,0.990921,0.756047,0.000000,0.000000,1.000000,1.000000,0.654313,0.400000,0.861033,0.998385,0.684927,0.635982
classical_13::time_stretch::+5pct,1.000000,0.998901,0.995799,0.735197,0.000000,0.000000,1.000000,1.000000,0.662759,0.400000,0.893349,0.997694,0.715521,0.669537
classical_13::time_stretch::+10pct,0.833333,0.996434,0.988478,0.435440,0.000000,0.000000,1.000000,1.000000,0.610810,0.400000,0.871180,0.997768,0.668175,0.614930
classical_13::time_stretch::+20pct,0.833333,0.996103,0.987147,0.235132,0.000000,0.000000,1.000000,1.000000,0.577309,0.600000,0.833902,0.996756,0.661187,0.610380
classical_13::lowpass::lp8000,1.000000,1.000000,1.000000,1.000000,0.000000,0.000000,1.000000,1.000000,0.999967,1.000000,0.809601,0.998501,0.817330,0.799996
classical_13::lowpass::lp4000,0.500000,0.999988,0.999961,1.000000,0.000000,0.000000,1.000000,1.000000,0.999911,1.000000,0.012460,0.992640,0.708702,0.749982
classical_13::lowpass::lp2000,0.500000,0.999957,0.999819,1.000000,0.000000,0.000000,1.000000,1.000000,0.996465,1.000000,0.000299,0.943783,0.702963,0.749517
classical_13::distortion::drv4,1.000000,1.000000,0.999991,1.000000,0.000000,0.000000,1.000000,1.000000,0.999790,1.000000,0.997301,0.999998,0.833085,0.799972
classical_13::distortion::drv12,1.000000,0.999989,0.999828,1.000000,0.000000,0.000000,1.000000,1.000000,0.995608,1.000000,0.956617,0.999939,0.829223,0.799413
classical_13::distortion::drv32,1.000000,0.999942,0.999555,0.735197,0.000000,0.000000,1.000000,1.000000,0.980494,1.000000,0.804639,0.999608,0.792810,0.770950
classical_13::style_swap::swap_cross,0.833333,0.924256,0.843690,0.463456,0.000000,0.000000,0.871023,0.000000,0.266830,0.000000,0.155984,0.816113,0.395071,0.378081
classical_13::style_swap::swap_same,0.333333,0.863519,0.700429,0.186764,0.000000,0.000000,0.939589,0.000000,0.274917,0.200000,0.069579,0.956134,0.342284,0.308458
classical_14::control::ctrl,1.000000,1.000000,1.000000,1.000000,1.000000,1.000000,1.000000,1.000000,1.000000,1.000000,1.000000,1.000000,1.000000,1.000000
classical_14::pitch_shift::-4st,0.333333,0.683180,0.500607,0.002128,0.300000,0.308860,1.000000,1.000000,0.818334,1.000000,0.387027,0.996165,0.582167,0.560307
classical_14::pitch_shift::-2st,0.666667,0.822886,0.667017,0.002128,0.300000,0.308860,1.000000,1.000000,0.834825,1.000000,0.629724,0.998681,0.667221,0.637833
classical_14::pitch_shift::-1st,0.166667,0.664394,0.442065,0.002128,0.300000,0.332191,1.000000,1.000000,0.858904,0.625000,0.791893,0.999260,0.568811,0.503463
classical_14::pitch_shift::+1st,0.166667,0.683136,0.436247,0.002128,0.300000,0.332191,1.000000,1.000000,0.846314,1.000000,0.885095,0.999528,0.608252,0.541443
classical_14::pitch_shift::+2st,0.666667,0.821498,0.644502,0.002128,0.300000,0.308860,1.000000,1.000000,0.798853,1.000000,0.708588,0.998311,0.667372,0.630168
classical_14::pitch_shift::+4st,0.333333,0.696936,0.495231,0.002128,0.300000,0.332191,1.000000,1.000000,0.748597,0.500000,0.370115,0.992230,0.534393,0.505088
classical_14::time_stretch::-20pct,1.000000,0.992814,0.946310,0.031408,0.200000,0.517511,0.988235,0.916858,0.573778,0.375000,0.634686,0.999333,0.668752,0.639105
classical_14::time_stretch::-10pct,1.000000,0.997060,0.977771,0.009910,0.352941,0.366736,1.000000,1.000000,0.658939,0.750000,0.821808,0.999779,0.735907,0.700932
classical_14::time_stretch::-5pct,1.000000,0.997900,0.988498,0.004873,0.200000,0.300053,0.664020,0.207843,0.736422,1.000000,0.895068,0.999753,0.629762,0.566234
classical_14::time_stretch::+10pct,1.000000,0.996861,0.986898,0.636114,0.000000,0.566607,0.929614,0.000000,0.724602,0.750000,0.915241,0.999878,0.695945,0.643624
classical_14::time_stretch::+20pct,0.833333,0.989835,0.962474,0.413300,0.250000,0.626695,0.988471,0.907007,0.643741,0.750000,0.836230,0.999472,0.756042,0.723684
classical_14::time_stretch::+5pct,1.000000,0.997308,0.989918,0.842907,0.000000,0.626695,1.000000,1.000000,0.737264,0.625000,0.901442,0.999780,0.803483,0.774059
classical_14::lowpass::lp8000,1.000000,0.999953,0.999815,1.000000,1.000000,1.000000,1.000000,1.000000,0.999989,1.000000,0.974030,1.000000,0.997809,0.999968
classical_14::lowpass::lp4000,1.000000,0.999953,0.999814,1.000000,1.000000,1.000000,1.000000,1.000000,0.999944,1.000000,0.106476,0.999966,0.925505,0.999962
classical_14::lowpass::lp2000,1.000000,0.999949,0.999809,0.574813,0.666667,0.715928,0.929614,0.000000,0.999650,1.000000,0.001473,0.991803,0.733969,0.781490
classical_14::distortion::drv32,1.000000,0.993170,0.987396,1.000000,0.857143,0.720021,0.988235,0.916858,0.684224,1.000000,0.022359,0.925159,0.831753,0.903844
classical_14::distortion::drv4,1.000000,0.999954,0.999776,1.000000,1.000000,0.848573,0.677460,0.218041,0.977694,1.000000,0.262449,0.995842,0.802426,0.837110
classical_14::distortion::drv12,1.000000,0.998740,0.996929,1.000000,1.000000,0.848573,0.929614,0.000000,0.849628,1.000000,0.018047,0.967691,0.790973,0.850806
classical_14::style_swap::swap_cross,1.000000,0.871593,0.788320,0.442958,0.000000,0.626695,0.929614,0.000000,0.304281,0.125000,0.031031,0.624141,0.444138,0.469913
classical_14::style_swap::swap_same,0.500000,0.805462,0.617768,0.214792,0.000000,0.000000,0.929614,0.000000,0.283433,0.000000,0.057808,0.952256,0.323711,0.287760
classical_15::control::ctrl,1.000000,1.000000,1.000000,1.000000,1.000000,1.000000,1.000000,1.000000,1.000000,1.000000,1.000000,1.000000,1.000000,1.000000
classical_15::pitch_shift::-4st,0.833333,0.946295,0.868362,0.692056,1.000000,1.000000,0.962568,0.819748,0.775131,0.125000,0.423678,0.977585,0.771439,0.785748
classical_15::pitch_shift::-2st,0.666667,0.957558,0.896893,1.000000,1.000000,0.889563,1.000000,1.000000,0.843329,0.250000,0.728158,0.991986,0.844222,0.841104
classical_15::pitch_shift::-1st,0.166667,0.977788,0.913868,1.000000,1.000000,0.889563,0.962568,0.819748,0.860809,0.125000,0.888529,0.996648,0.790682,0.760323
classical_15::pitch_shift::+1st,0.166667,0.975452,0.910770,0.692056,1.000000,0.889563,0.962568,0.819748,0.885375,0.000000,0.894514,0.996367,0.757084,0.719437
classical_15::pitch_shift::+2st,0.666667,0.964766,0.868847,0.692056,1.000000,1.000000,1.000000,1.000000,0.857077,0.625000,0.735892,0.990714,0.858974,0.858169
classical_15::pitch_shift::+4st,0.333333,0.955183,0.885401,0.692056,1.000000,1.000000,1.000000,1.000000,0.760814,0.375000,0.425520,0.973870,0.773240,0.788120
classical_15::time_stretch::-20pct,1.000000,0.998133,0.976746,0.093829,0.133333,0.440043,1.000000,1.000000,0.565121,0.000000,0.795050,0.997368,0.655757,0.607684
classical_15::time_stretch::-10pct,1.000000,0.999503,0.986336,0.357682,0.714286,0.529330,0.986746,0.944302,0.610367,0.000000,0.849574,0.997633,0.737271,0.700020
classical_15::time_stretch::-5pct,1.000000,0.999253,0.984773,0.491700,0.000000,0.476000,1.000000,1.000000,0.632412,0.250000,0.923628,0.998310,0.720614,0.672554
classical_15::time_stretch::+5pct,1.000000,0.998918,0.989662,0.671974,0.133333,0.440043,0.962568,0.819748,0.622396,0.000000,0.944553,0.996546,0.702472,0.648880
classical_15::time_stretch::+10pct,1.000000,0.996473,0.981729,0.436835,0.266667,0.476000,0.987003,0.941694,0.598987,0.000000,0.901179,0.994694,0.703907,0.655135
classical_15::time_stretch::+20pct,0.166667,0.994217,0.972645,0.164149,0.235294,0.379954,0.930562,0.775080,0.501065,0.125000,0.864172,0.991184,0.572835,0.501924
classical_15::lowpass::lp8000,1.000000,0.999965,0.999701,1.000000,1.000000,1.000000,1.000000,1.000000,0.999405,1.000000,0.675644,0.994155,0.972352,0.999881
classical_15::lowpass::lp4000,1.000000,0.999984,0.999866,1.000000,0.833333,0.785567,0.986746,0.944302,0.999343,1.000000,0.022414,0.991221,0.878994,0.953488
classical_15::lowpass::lp2000,1.000000,0.999222,0.998178,0.096477,0.181818,0.529330,1.000000,1.000000,0.981805,1.000000,0.000447,0.894664,0.722414,0.778077
classical_15::distortion::drv4,1.000000,0.999985,0.999867,1.000000,1.000000,1.000000,1.000000,1.000000,0.999995,1.000000,0.999752,0.999999,0.999963,0.999980
classical_15::distortion::drv12,1.000000,1.000000,0.999996,1.000000,1.000000,1.000000,1.000000,1.000000,0.960435,0.375000,0.976583,0.999748,0.941710,0.932421
classical_15::distortion::drv32,1.000000,0.999910,0.999298,0.692056,1.000000,0.785567,0.962568,0.819748,0.997650,1.000000,0.807937,0.994445,0.918199,0.921637
classical_15::style_swap::swap_cross,0.833333,0.972446,0.908809,0.043350,0.111111,0.388226,1.000000,1.000000,0.278450,0.000000,0.132383,0.858943,0.522944,0.529326
ambient_01::pitch_shift::-4st,0.833333,0.989817,0.963159,1.000000,1.000000,0.732084,1.000000,1.000000,0.578544,0.000000,0.245974,0.995381,0.766973,0.796263
ambient_01::control::ctrl,1.000000,1.000000,1.000000,1.000000,1.000000,1.000000,1.000000,1.000000,1.000000,1.000000,1.000000,1.000000,1.000000,1.000000
classical_15::style_swap::swap_same,0.500000,0.914144,0.861644,0.050716,0.000000,0.000000,0.871023,0.000000,0.277885,0.000000,0.142281,0.929401,0.343611,0.305629
ambient_01::pitch_shift::-2st,0.833333,0.991336,0.974128,1.000000,1.000000,0.842213,0.988929,0.873771,0.679927,0.100000,0.503191,0.998150,0.805964,0.817035
ambient_01::pitch_shift::-1st,0.166667,0.988788,0.963539,1.000000,1.000000,0.732084,0.988929,0.873771,0.731976,0.000000,0.781462,0.999250,0.760319,0.734316
ambient_01::pitch_shift::+1st,0.666667,0.988067,0.964259,1.000000,1.000000,0.732084,1.000000,1.000000,0.787625,0.000000,0.780084,0.999304,0.820201,0.806307
ambient_01::pitch_shift::+2st,0.166667,0.992959,0.973620,1.000000,1.000000,0.814462,0.988702,0.893464,0.705777,0.100000,0.600240,0.998056,0.760685,0.753006
ambient_01::pitch_shift::+4st,0.166667,0.989556,0.967601,1.000000,1.000000,0.732084,0.988929,0.873771,0.679306,0.000000,0.425237,0.995687,0.725207,0.728184
ambient_01::time_stretch::-10pct,1.000000,0.999797,0.990681,0.273835,0.285714,0.354289,0.988702,0.893464,0.523490,0.000000,0.901313,0.999507,0.671783,0.616061
ambient_01::time_stretch::-20pct,0.166667,0.998769,0.987321,0.058817,0.300000,0.388226,0.988702,0.893464,0.494692,0.000000,0.858004,0.998857,0.581208,0.511772
ambient_01::time_stretch::-5pct,1.000000,0.999627,0.991481,0.506619,0.666667,0.468908,0.988702,0.893464,0.602985,0.000000,0.910613,0.999650,0.741833,0.699176
ambient_01::time_stretch::+5pct,1.000000,0.999479,0.992072,0.469752,0.545455,0.468908,0.988929,0.873771,0.600928,0.000000,0.932028,0.999676,0.728676,0.681243
ambient_01::time_stretch::+10pct,1.000000,0.999471,0.991498,0.201898,0.416667,0.309304,0.988929,0.873771,0.527605,0.000000,0.869434,0.999592,0.669193,0.616132
ambient_01::time_stretch::+20pct,1.000000,0.998666,0.987167,0.705594,0.000000,0.354289,0.988929,0.873771,0.451005,0.000000,0.810405,0.999211,0.666493,0.618836
ambient_01::lowpass::lp8000,1.000000,1.000000,1.000000,1.000000,1.000000,0.872323,0.988929,0.873771,0.994021,0.700000,0.661925,0.998201,0.922999,0.941599
ambient_01::lowpass::lp4000,1.000000,0.999989,0.999919,0.025694,0.210526,0.388226,0.943659,0.604224,0.996403,1.000000,0.040790,0.981907,0.677511,0.710864
ambient_01::lowpass::lp2000,1.000000,0.999981,0.999878,0.012634,0.347826,0.393076,0.977410,0.803884,0.918254,0.000000,0.000258,0.937981,0.611700,0.640623
ambient_01::distortion::drv4,1.000000,0.999816,0.998304,0.469752,1.000000,0.823490,0.988929,0.873771,0.952821,0.200000,0.837278,0.999053,0.843155,0.828159
ambient_01::distortion::drv12,1.000000,0.999778,0.997695,0.506619,0.818182,0.761530,1.000000,1.000000,0.819444,0.000000,0.375892,0.986960,0.767776,0.785132
ambient_01::distortion::drv32,1.000000,0.999014,0.995128,0.506619,0.285714,0.354289,0.958397,0.307845,0.786096,0.200000,0.143561,0.976896,0.617323,0.628895
ambient_01::style_swap::swap_cross,0.500000,0.890725,0.906459,1.000000,0.533333,0.536782,0.968135,0.540236,0.255829,0.100000,0.082727,0.582265,0.545476,0.590811
ambient_02::control::ctrl,1.000000,1.000000,1.000000,1.000000,1.000000,1.000000,1.000000,1.000000,1.000000,1.000000,1.000000,1.000000,1.000000,1.000000
ambient_01::style_swap::swap_same,1.000000,0.779794,0.667982,0.014689,0.210526,0.388226,0.650686,0.170495,0.259965,0.000000,0.132025,0.960914,0.370945,0.336097
ambient_02::pitch_shift::-4st,0.333333,0.978383,0.969304,1.000000,1.000000,0.742647,1.000000,1.000000,0.583950,0.100000,0.560459,0.999396,0.760869,0.757062
ambient_02::pitch_shift::-2st,0.000000,0.976848,0.965507,1.000000,1.000000,0.742647,1.000000,1.000000,0.649596,0.000000,0.811162,0.999498,0.752088,0.721444
ambient_02::pitch_shift::-1st,0.833333,0.986149,0.965139,1.000000,1.000000,0.785567,1.000000,1.000000,0.699980,0.000000,0.890095,0.999546,0.838213,0.816894
ambient_02::pitch_shift::+1st,0.166667,0.986487,0.960740,1.000000,0.933333,0.673358,1.000000,1.000000,0.718318,0.000000,0.872118,0.999516,0.767792,0.734190
ambient_02::pitch_shift::+2st,0.500000,0.980443,0.961312,1.000000,1.000000,0.838896,1.000000,1.000000,0.651400,0.000000,0.751548,0.999075,0.796975,0.781314
ambient_02::pitch_shift::+4st,1.000000,0.986250,0.972652,1.000000,0.933333,0.757577,0.939802,0.703277,0.534892,0.000000,0.555879,0.998868,0.764408,0.761823
ambient_02::time_stretch::-20pct,0.333333,0.997676,0.984253,0.155136,0.307692,0.529330,0.952836,0.807012,0.377023,0.200000,0.845758,0.999379,0.604789,0.541238
ambient_02::time_stretch::-10pct,0.333333,0.996708,0.986799,0.357682,0.500000,0.476000,0.730769,0.000000,0.535276,0.000000,0.865877,0.999379,0.529941,0.449407
ambient_02::time_stretch::-5pct,1.000000,0.998834,0.989149,0.692056,0.000000,0.476000,0.933729,0.838173,0.519843,0.000000,0.923812,0.999801,0.680094,0.623753
ambient_02::time_stretch::+5pct,1.000000,0.999502,0.990781,0.671974,0.000000,0.579728,1.000000,1.000000,0.537348,0.000000,0.919974,0.999458,0.713739,0.664548
ambient_02::time_stretch::+10pct,1.000000,0.998158,0.988232,0.273538,0.500000,0.602788,0.965627,0.917845,0.472936,0.000000,0.899683,0.999321,0.702328,0.652898
ambient_02::time_stretch::+20pct,0.333333,0.997429,0.981091,0.164149,0.235294,0.417285,0.933729,0.838173,0.418785,0.200000,0.891311,0.999408,0.597350,0.527752
ambient_02::lowpass::lp8000,1.000000,1.000000,1.000000,1.000000,1.000000,0.889563,1.000000,1.000000,0.974841,0.300000,0.587072,0.998534,0.895231,0.915727
ambient_02::lowpass::lp4000,1.000000,1.000000,1.000000,1.000000,0.933333,0.737634,1.000000,1.000000,0.995474,0.500000,0.021231,0.977459,0.846864,0.916516
ambient_02::lowpass::lp2000,1.000000,0.999869,0.999765,1.000000,0.000000,0.000000,0.730769,0.000000,0.999366,1.000000,0.000058,0.938762,0.614890,0.644389
ambient_02::distortion::drv4,1.000000,0.999011,0.998069,1.000000,1.000000,0.742647,1.000000,1.000000,0.952864,0.500000,0.924777,0.999777,0.925230,0.917822
ambient_02::distortion::drv12,1.000000,0.999901,0.998415,1.000000,0.933333,0.737634,1.000000,1.000000,0.820379,0.000000,0.547842,0.997172,0.831924,0.843827
ambient_02::style_swap::swap_cross,0.000000,0.979145,0.953974,0.671974,0.000000,0.529330,1.000000,1.000000,0.275324,0.000000,0.191908,0.949614,0.526652,0.518161
ambient_02::distortion::drv32,1.000000,0.998617,0.995447,1.000000,0.800000,0.597645,0.730555,0.026082,0.642434,0.000000,0.277124,0.997785,0.639694,0.640157
ambient_02::style_swap::swap_same,0.000000,0.692724,0.544537,0.164149,0.235294,0.454615,0.732724,0.052627,0.252786,0.000000,0.181810,0.935701,0.289303,0.235835
ambient_03::control::ctrl,1.000000,1.000000,1.000000,1.000000,1.000000,1.000000,1.000000,1.000000,0.999949,1.000000,0.999949,1.000000,0.999990,0.999993
ambient_03::pitch_shift::-4st,0.333333,0.965288,0.922074,1.000000,1.000000,1.000000,1.000000,1.000000,0.625707,0.533333,0.595019,0.975409,0.817032,0.823558
ambient_03::pitch_shift::-2st,0.666667,0.965848,0.927680,1.000000,1.000000,0.922760,1.000000,1.000000,0.725374,0.466667,0.832025,0.993336,0.865481,0.856084
ambient_03::pitch_shift::-1st,0.166667,0.956841,0.905078,1.000000,1.000000,1.000000,1.000000,1.000000,0.833336,0.800000,0.926527,0.998275,0.874382,0.856789
ambient_03::pitch_shift::+1st,0.166667,0.959691,0.902604,1.000000,1.000000,0.922760,1.000000,1.000000,0.813702,1.000000,0.903359,0.998469,0.880697,0.866664
ambient_03::pitch_shift::+2st,0.666667,0.962365,0.922383,1.000000,1.000000,0.878672,0.953028,0.719554,0.759645,0.333333,0.775516,0.994555,0.817368,0.803871
ambient_03::pitch_shift::+4st,0.333333,0.963199,0.924637,1.000000,1.000000,0.727647,0.953028,0.719554,0.616259,0.466667,0.559146,0.981499,0.753931,0.750774
ambient_03::time_stretch::-20pct,1.000000,0.996603,0.977230,0.073528,0.380952,0.455293,0.988398,0.841670,0.549767,0.266667,0.858592,0.997475,0.686571,0.638295
ambient_03::time_stretch::-10pct,1.000000,0.998103,0.986817,0.237985,0.285714,0.330858,0.953028,0.719554,0.613652,0.400000,0.897374,0.999050,0.688229,0.636238
ambient_03::time_stretch::-5pct,1.000000,0.998876,0.990491,0.469752,0.583333,0.361967,0.988398,0.841670,0.700338,0.466667,0.952651,0.999896,0.771184,0.730166
ambient_03::time_stretch::+5pct,1.000000,0.998677,0.989683,0.429798,0.666667,0.404817,0.977301,0.641527,0.671405,0.733333,0.956252,0.999837,0.779157,0.739381
ambient_03::time_stretch::+10pct,1.000000,0.999041,0.991041,0.166222,0.384615,0.289348,0.636877,0.158863,0.660661,1.000000,0.915057,0.999510,0.642890,0.580014
ambient_03::time_stretch::+20pct,1.000000,0.997703,0.984255,0.056637,0.296296,0.395204,0.977301,0.641527,0.582655,0.666667,0.870495,0.998186,0.693360,0.645175
ambient_03::lowpass::lp4000,1.000000,0.999994,0.999993,1.000000,1.000000,0.922760,1.000000,1.000000,0.999555,1.000000,0.024458,0.806923,0.895074,0.992217
ambient_03::lowpass::lp8000,1.000000,1.000000,1.000000,1.000000,1.000000,1.000000,1.000000,1.000000,0.999971,1.000000,0.073874,0.924895,0.916150,0.999996
ambient_03::lowpass::lp2000,1.000000,0.999839,0.999681,0.008353,0.315789,0.393076,1.000000,1.000000,0.982025,1.000000,0.000435,0.630718,0.691701,0.769347
ambient_03::distortion::drv4,1.000000,0.999644,0.998666,1.000000,1.000000,0.878672,0.667346,0.169599,0.927947,0.800000,0.894390,0.994367,0.829552,0.806624
ambient_03::distortion::drv12,1.000000,0.999074,0.997182,1.000000,0.916667,0.585398,1.000000,1.000000,0.837186,0.800000,0.704467,0.982781,0.897854,0.908813
ambient_03::distortion::drv32,1.000000,0.998733,0.996260,1.000000,0.869565,0.646062,0.652451,0.033549,0.802379,0.800000,0.573102,0.980264,0.743609,0.737124
ambient_03::style_swap::swap_same,0.833333,0.759753,0.724328,0.237985,0.434783,0.361967,1.000000,1.000000,0.245228,0.000000,0.057023,0.344656,0.462303,0.518892
ambient_03::style_swap::swap_cross,0.833333,0.797701,0.855307,0.429798,0.000000,0.424184,0.890259,0.000000,0.284700,0.000000,0.067330,0.841887,0.413055,0.405781
ambient_04::control::ctrl,1.000000,1.000000,1.000000,1.000000,1.000000,1.000000,1.000000,1.000000,1.000000,1.000000,1.000000,1.000000,1.000000,1.000000
ambient_04::pitch_shift::-4st,0.333333,0.416801,0.293110,1.000000,0.521739,0.455293,1.000000,1.000000,0.733846,0.500000,0.312532,0.983176,0.582623,0.569688
ambient_04::pitch_shift::-2st,0.666667,0.591457,0.685411,0.039558,0.250000,0.406290,1.000000,1.000000,0.839302,1.000000,0.632855,0.996245,0.647631,0.614272
ambient_04::pitch_shift::-1st,0.166667,0.503831,0.448163,1.000000,0.842105,0.585223,0.807229,0.000000,0.823212,0.250000,0.844257,0.998798,0.551594,0.477616
ambient_04::pitch_shift::+1st,0.166667,0.436738,0.365455,1.000000,0.900000,0.570719,1.000000,1.000000,0.842292,0.500000,0.768713,0.993941,0.670556,0.628442
ambient_04::pitch_shift::+2st,0.666667,0.577261,0.686172,1.000000,0.842105,0.757577,1.000000,1.000000,0.818687,1.000000,0.527743,0.983006,0.792440,0.799965
ambient_04::pitch_shift::+4st,0.333333,0.414932,0.290247,0.116098,0.428571,0.259024,1.000000,1.000000,0.736366,0.000000,0.292915,0.959176,0.439144,0.402031
ambient_04::time_stretch::-20pct,0.500000,0.992122,0.977237,0.540514,0.285714,0.491946,0.925064,0.788753,0.534623,0.000000,0.731036,0.998420,0.628634,0.581426
ambient_04::time_stretch::-10pct,1.000000,0.996785,0.988028,0.237985,0.434783,0.330858,0.807229,0.000000,0.583513,0.000000,0.819627,0.997994,0.572549,0.505310
ambient_04::time_stretch::+5pct,1.000000,0.998134,0.997003,0.506619,0.380952,0.454615,1.000000,1.000000,0.584195,0.500000,0.895409,0.997413,0.766210,0.730187
ambient_04::time_stretch::-5pct,1.000000,0.998458,0.993974,1.000000,0.000000,0.408326,0.807229,0.000000,0.580507,0.500000,0.894704,0.997961,0.654710,0.596399
ambient_04::time_stretch::+10pct,1.000000,0.997579,0.996778,0.237985,0.285714,0.379954,0.985156,0.953551,0.576865,0.000000,0.888223,0.997739,0.680128,0.627572
ambient_04::time_stretch::+20pct,1.000000,0.996107,0.987572,0.102286,0.200000,0.354289,0.957194,0.860596,0.555914,0.000000,0.838507,0.996717,0.639358,0.583728
ambient_04::lowpass::lp8000,1.000000,1.000000,1.000000,1.000000,1.000000,0.795467,1.000000,1.000000,0.999964,1.000000,0.925498,0.999744,0.976721,0.979542
ambient_04::lowpass::lp4000,1.000000,0.999138,0.998458,0.237985,0.285714,0.490036,0.807229,0.000000,0.999802,1.000000,0.019022,0.992999,0.635483,0.661424
ambient_04::lowpass::lp2000,1.000000,0.998580,0.996900,1.000000,0.000000,0.000000,0.807229,0.000000,0.980320,1.000000,0.000662,0.918242,0.623854,0.657272
ambient_04::distortion::drv12,1.000000,0.994951,0.994031,0.039558,0.307692,0.320543,1.000000,1.000000,0.910792,1.000000,0.370733,0.971640,0.739885,0.753811
ambient_04::distortion::drv4,1.000000,0.998973,0.998307,0.039558,0.400000,0.369342,1.000000,1.000000,0.993555,1.000000,0.758530,0.996374,0.795965,0.779691
ambient_04::distortion::drv32,1.000000,0.975054,0.974551,0.116098,0.117647,0.354289,1.000000,1.000000,0.796604,1.000000,0.241886,0.941030,0.703019,0.725718
ambient_04::style_swap::swap_cross,0.666667,0.782763,0.656109,0.018140,0.222222,0.354289,1.000000,1.000000,0.265911,0.000000,0.093795,0.624872,0.437626,0.455744
ambient_04::style_swap::swap_same,0.333333,0.371883,0.282453,0.075473,0.333333,0.388226,0.985156,0.953551,0.381503,0.000000,0.186381,0.851717,0.369553,0.340627
ambient_05::control::ctrl,1.000000,1.000000,1.000000,1.000000,1.000000,1.000000,1.000000,1.000000,1.000000,1.000000,1.000000,1.000000,1.000000,1.000000
ambient_05::pitch_shift::-4st,0.500000,0.740737,0.693246,0.540514,0.380952,0.422162,0.988471,0.907007,0.768274,0.111111,0.576766,0.997434,0.611380,0.576253
ambient_05::pitch_shift::-2st,0.833333,0.668150,0.612242,0.273835,0.095238,0.417285,1.000000,1.000000,0.812141,0.111111,0.789591,0.998597,0.607315,0.549968
ambient_05::pitch_shift::-1st,0.000000,0.708245,0.626114,0.571607,1.000000,0.827920,0.956670,0.555832,0.834706,0.000000,0.866236,0.998991,0.634032,0.574322
ambient_05::pitch_shift::+1st,0.166667,0.699069,0.618609,0.571607,1.000000,0.827920,0.988471,0.907007,0.808968,0.444444,0.877468,0.998820,0.715821,0.671364
ambient_05::pitch_shift::+2st,0.666667,0.646057,0.627709,1.000000,1.000000,0.758199,0.988471,0.907007,0.761027,0.111111,0.780586,0.998255,0.740635,0.710889
ambient_05::pitch_shift::+4st,0.333333,0.727234,0.664831,0.571607,0.210526,0.454615,0.988471,0.907007,0.666006,0.111111,0.565826,0.994818,0.571817,0.530150
ambient_05::time_stretch::-20pct,1.000000,0.966727,0.940710,0.571607,0.700000,0.468705,0.956670,0.555832,0.502136,0.222222,0.844942,0.999038,0.709185,0.666630
ambient_05::time_stretch::-10pct,1.000000,0.993289,0.975207,0.214792,0.300000,0.417285,0.956670,0.555832,0.630227,0.222222,0.872868,0.999109,0.664832,0.610607
ambient_05::time_stretch::-5pct,1.000000,0.998292,0.979072,0.093829,0.235294,0.417285,0.977410,0.803884,0.684470,0.111111,0.876955,0.998910,0.671429,0.618136
ambient_05::time_stretch::+5pct,1.000000,0.997757,0.988229,0.128634,0.181818,0.393076,1.000000,1.000000,0.731880,0.444444,0.859459,0.998600,0.720295,0.678557
ambient_05::time_stretch::+10pct,1.000000,0.997236,0.975001,0.273835,0.315789,0.379954,0.977410,0.803884,0.689967,0.111111,0.886499,0.999250,0.690880,0.640486
ambient_05::lowpass::lp8000,1.000000,1.000000,1.000000,0.273835,0.100000,0.468705,1.000000,1.000000,0.999982,1.000000,0.364816,0.993841,0.766728,0.784249
ambient_05::time_stretch::+20pct,1.000000,0.993424,0.965419,0.128634,0.347826,0.338020,0.652351,0.150503,0.602704,0.666667,0.863861,0.998909,0.601037,0.534975
ambient_05::lowpass::lp4000,1.000000,1.000000,1.000000,0.093829,0.133333,0.417285,0.929614,0.000000,0.999923,1.000000,0.013263,0.989654,0.625402,0.650259
ambient_05::lowpass::lp2000,1.000000,0.999998,0.999996,1.000000,0.000000,0.000000,0.929614,0.000000,0.999777,0.666667,0.001118,0.976148,0.625028,0.652464
ambient_05::distortion::drv4,1.000000,0.999999,0.999986,0.273835,0.380952,0.490036,0.956670,0.555832,0.999110,1.000000,0.995021,0.999995,0.800539,0.761145
ambient_05::distortion::drv12,1.000000,0.999748,0.999260,0.093829,0.210526,0.379954,1.000000,1.000000,0.976059,1.000000,0.871642,0.999199,0.793585,0.765224
ambient_05::distortion::drv32,1.000000,0.994567,0.992034,0.540514,0.000000,0.468705,0.967772,0.376768,0.875774,1.000000,0.524167,0.990741,0.721535,0.714412
ambient_05::style_swap::swap_cross,0.666667,0.545889,0.446445,0.021382,0.125000,0.417285,1.000000,1.000000,0.290953,0.111111,0.236054,0.983344,0.438833,0.404770
ambient_05::style_swap::swap_same,0.166667,0.793837,0.734428,0.093829,0.352941,0.417285,0.939802,0.703277,0.267729,0.000000,0.142434,0.967393,0.427657,0.402420
ambient_06::control::ctrl,1.000000,1.000000,1.000000,1.000000,1.000000,1.000000,1.000000,1.000000,1.000000,1.000000,1.000000,1.000000,1.000000,1.000000
ambient_06::pitch_shift::-4st,0.333333,0.934221,0.873814,1.000000,0.880000,0.759768,1.000000,1.000000,0.674641,0.272727,0.606899,0.998030,0.764549,0.756979
ambient_06::pitch_shift::-2st,0.666667,0.898266,0.871469,1.000000,1.000000,1.000000,0.916706,0.851121,0.729603,0.363636,0.813278,0.999307,0.821572,0.804632
ambient_06::pitch_shift::-1st,0.166667,0.905763,0.867564,1.000000,0.880000,0.860086,1.000000,1.000000,0.794306,0.636364,0.906502,0.999682,0.822999,0.796983
ambient_06::pitch_shift::+1st,0.166667,0.906062,0.869449,1.000000,0.880000,0.862898,0.916706,0.851121,0.858226,0.818182,0.891939,0.999578,0.817464,0.791808
ambient_06::pitch_shift::+2st,0.666667,0.899492,0.876654,0.529168,0.555556,0.536782,1.000000,1.000000,0.804039,0.363636,0.725495,0.997726,0.734671,0.709299
ambient_06::time_stretch::-20pct,0.833333,0.997906,0.987885,0.016547,0.434783,0.354289,0.657936,0.179349,0.551098,0.363636,0.868173,0.999283,0.562314,0.488036
ambient_06::pitch_shift::+4st,0.500000,0.938591,0.881412,0.529168,0.555556,0.536782,1.000000,1.000000,0.710972,0.454545,0.468206,0.992493,0.701917,0.696281
ambient_06::time_stretch::-5pct,0.833333,0.999627,0.994093,0.292156,0.782609,0.361967,0.625516,0.057277,0.680278,0.818182,0.934313,0.999832,0.657294,0.595339
ambient_06::time_stretch::-10pct,0.833333,0.999490,0.991493,0.099547,0.333333,0.338020,0.978424,0.961506,0.619076,0.545455,0.891704,0.999523,0.704773,0.656608
ambient_06::time_stretch::+10pct,1.000000,0.998698,0.991112,0.241769,0.300000,0.354289,0.625516,0.057277,0.622650,0.454545,0.905938,0.999730,0.586856,0.513662
ambient_06::time_stretch::+5pct,1.000000,0.998823,0.991976,0.504800,0.631579,0.354289,0.925935,0.866817,0.681022,0.272727,0.940658,0.999885,0.749679,0.705561
ambient_06::time_stretch::+20pct,1.000000,0.998062,0.986715,0.046136,0.500000,0.456099,0.625516,0.057277,0.501844,0.000000,0.882580,0.999565,0.542399,0.462668
ambient_06::lowpass::lp2000,1.000000,0.999635,0.998855,1.000000,0.625000,0.625783,0.625516,0.057277,0.998287,0.727273,0.000218,0.942406,0.683022,0.725742
ambient_06::lowpass::lp8000,0.833333,0.999902,0.999754,1.000000,1.000000,1.000000,1.000000,1.000000,0.999974,1.000000,0.614393,0.996697,0.953643,0.983284
ambient_06::lowpass::lp4000,0.833333,0.999916,0.999787,1.000000,1.000000,1.000000,1.000000,1.000000,0.999953,1.000000,0.021393,0.981262,0.902858,0.983288
ambient_06::distortion::drv32,0.833333,0.996486,0.992738,0.046136,0.470588,0.354289,0.617664,0.028101,0.816735,0.363636,0.125167,0.992070,0.514431,0.505646
ambient_06::distortion::drv4,0.833333,0.999812,0.999063,1.000000,1.000000,0.842213,0.915159,0.840994,0.952441,0.181818,0.712571,0.996628,0.847441,0.846031
ambient_06::style_swap::swap_cross,0.833333,0.828582,0.851539,0.038499,0.347826,0.422162,0.634001,0.087534,0.246775,0.000000,0.218219,0.978563,0.396305,0.356029
ambient_06::distortion::drv12,0.833333,0.997715,0.995054,0.292156,1.000000,0.768426,0.927364,0.860322,0.861111,0.636364,0.318883,0.990098,0.780057,0.805235
ambient_06::style_swap::swap_same,0.000000,0.680497,0.528398,0.109171,0.105263,0.388226,0.663450,0.184843,0.283957,0.090909,0.193584,0.956883,0.277867,0.218677
ambient_07::pitch_shift::-4st,0.333333,0.375979,0.226006,1.000000,1.000000,1.000000,1.000000,1.000000,0.875259,0.333333,0.487003,0.992088,0.672251,0.658844
ambient_07::control::ctrl,1.000000,1.000000,1.000000,1.000000,1.000000,1.000000,1.000000,1.000000,1.000000,1.000000,1.000000,1.000000,1.000000,1.000000
ambient_07::pitch_shift::-2st,0.666667,0.684323,0.641143,1.000000,1.000000,1.000000,1.000000,1.000000,0.904424,0.666667,0.757798,0.997270,0.836370,0.828155
ambient_07::pitch_shift::-1st,0.166667,0.337665,0.231993,1.000000,1.000000,1.000000,1.000000,1.000000,0.947831,0.666667,0.869872,0.998533,0.722189,0.679796
ambient_07::pitch_shift::+1st,0.166667,0.340408,0.234446,1.000000,1.000000,0.818770,1.000000,1.000000,0.887562,1.000000,0.867056,0.997609,0.728704,0.687994
ambient_07::pitch_shift::+2st,0.666667,0.665038,0.622596,1.000000,1.000000,0.818770,1.000000,1.000000,0.905464,0.666667,0.734914,0.996606,0.815037,0.804915
ambient_07::pitch_shift::+4st,0.333333,0.351794,0.206939,1.000000,1.000000,0.818770,1.000000,1.000000,0.885090,0.666667,0.561229,0.990331,0.686961,0.669261
ambient_07::time_stretch::-20pct,1.000000,0.994794,0.966482,0.113600,0.111111,0.440043,1.000000,1.000000,0.647771,0.333333,0.871947,0.997460,0.697089,0.649583
ambient_07::time_stretch::-10pct,1.000000,0.997988,0.987764,0.375769,0.315789,0.379954,1.000000,1.000000,0.742892,0.333333,0.914267,0.998715,0.747437,0.705635
ambient_07::time_stretch::-5pct,1.000000,0.999317,0.996409,0.600094,0.111111,0.379954,1.000000,1.000000,0.732973,0.666667,0.925510,0.998593,0.777793,0.740951
ambient_07::time_stretch::+5pct,1.000000,0.999511,0.994261,0.571607,0.200000,0.417285,0.968135,0.540236,0.744187,0.333333,0.928925,0.998303,0.715759,0.666199
ambient_07::time_stretch::+10pct,1.000000,0.997371,0.992258,0.308962,0.300000,0.379954,1.000000,1.000000,0.689146,0.166667,0.914450,0.997754,0.721241,0.674283
ambient_07::lowpass::lp8000,1.000000,0.999993,0.999985,1.000000,1.000000,1.000000,1.000000,1.000000,0.999988,1.000000,0.910088,0.999659,0.992473,0.999995
ambient_07::lowpass::lp4000,1.000000,0.999998,0.999997,1.000000,1.000000,0.912461,1.000000,1.000000,0.999933,1.000000,0.021711,0.981615,0.909540,0.991237
ambient_07::time_stretch::+20pct,1.000000,0.995239,0.989956,0.156526,0.190476,0.422162,0.663318,0.073036,0.665904,0.666667,0.889538,0.997854,0.604346,0.536490
ambient_07::lowpass::lp2000,1.000000,0.999885,0.999839,1.000000,1.000000,0.865250,1.000000,1.000000,0.963078,1.000000,0.000171,0.865094,0.889491,0.981748
ambient_07::distortion::drv4,1.000000,0.999942,0.999795,1.000000,1.000000,1.000000,1.000000,1.000000,0.945747,1.000000,0.855844,0.997867,0.981966,0.993002
ambient_07::distortion::drv12,1.000000,0.998272,0.996707,1.000000,1.000000,1.000000,1.000000,1.000000,0.843031,1.000000,0.511039,0.986549,0.940705,0.979176
ambient_07::distortion::drv32,1.000000,0.990142,0.987092,1.000000,1.000000,0.835505,0.975645,0.639698,0.725008,1.000000,0.293962,0.973401,0.858976,0.904210
ambient_07::style_swap::swap_cross,0.666667,0.798008,0.772059,0.571607,0.000000,0.000000,0.979802,0.000000,0.323373,0.000000,0.210436,0.912127,0.404726,0.373992
ambient_08::control::ctrl,1.000000,1.000000,1.000000,1.000000,1.000000,1.000000,1.000000,1.000000,1.000000,1.000000,1.000000,1.000000,1.000000,1.000000
ambient_08::pitch_shift::-4st,0.333333,0.719124,0.513898,0.407067,0.352941,0.449804,1.000000,1.000000,0.816900,1.000000,0.517664,0.990577,0.648226,0.627109
ambient_07::style_swap::swap_same,0.833333,0.800002,0.701310,0.080712,0.285714,0.388226,0.625516,0.057277,0.256620,0.000000,0.190767,0.931891,0.363079,0.323876
ambient_08::pitch_shift::-2st,0.666667,0.613066,0.417306,0.038236,0.315789,0.422162,1.000000,1.000000,0.814227,0.000000,0.692270,0.992674,0.547491,0.488544
ambient_08::pitch_shift::-1st,0.166667,0.456951,0.330537,0.038236,0.315789,0.422162,1.000000,1.000000,0.858496,1.000000,0.826413,0.995932,0.576602,0.509714
ambient_08::pitch_shift::+2st,0.666667,0.590917,0.381742,1.000000,0.625000,0.533369,1.000000,1.000000,0.859575,1.000000,0.660615,0.990417,0.741498,0.724757
ambient_08::pitch_shift::+1st,0.166667,0.464984,0.345622,1.000000,0.375000,0.580032,0.703483,0.178856,0.858304,1.000000,0.823993,0.995412,0.557716,0.487348
ambient_08::pitch_shift::+4st,0.333333,0.661848,0.442628,0.038236,0.555556,0.417285,1.000000,1.000000,0.806857,0.000000,0.466786,0.978229,0.527225,0.488311
ambient_08::time_stretch::-10pct,1.000000,0.986971,0.985102,0.139631,0.705882,0.449804,0.988471,0.907007,0.549915,0.666667,0.861230,0.996857,0.757262,0.722927
ambient_08::time_stretch::-20pct,1.000000,0.969421,0.988195,0.075473,0.210526,0.422162,0.657594,0.154933,0.551226,1.000000,0.856162,0.997875,0.614364,0.551847
ambient_08::time_stretch::+5pct,1.000000,0.996283,0.996831,0.042502,0.210526,0.456099,0.967480,0.630648,0.643457,0.000000,0.862030,0.995277,0.638633,0.580660
ambient_08::time_stretch::+10pct,1.000000,0.994553,0.997071,0.042502,0.300000,0.330858,1.000000,1.000000,0.574907,0.000000,0.868783,0.995356,0.664968,0.611578
ambient_08::time_stretch::+20pct,0.833333,0.961141,0.973242,0.465043,0.000000,0.440043,1.000000,1.000000,0.504367,1.000000,0.783786,0.979430,0.730974,0.700982
ambient_08::time_stretch::-5pct,1.000000,0.996778,0.996234,0.104248,0.090909,0.342677,0.652428,0.125822,0.606574,1.000000,0.891285,0.997662,0.609975,0.543091
ambient_08::lowpass::lp8000,1.000000,0.999880,0.999815,1.000000,0.750000,0.710914,1.000000,1.000000,0.999936,1.000000,0.228347,0.983309,0.889248,0.946042
ambient_08::lowpass::lp4000,1.000000,0.999890,0.999833,0.135267,0.000000,0.000000,1.000000,1.000000,0.999701,1.000000,0.011461,0.976267,0.676720,0.713448
ambient_08::lowpass::lp2000,1.000000,0.999125,0.998902,1.000000,0.000000,0.000000,0.939589,0.000000,0.980966,1.000000,0.000213,0.870458,0.642836,0.685186
ambient_08::style_swap::swap_cross,0.166667,0.738242,0.598588,0.650077,0.133333,0.440043,1.000000,1.000000,0.258912,0.000000,0.108122,0.805663,0.453214,0.453753
ambient_08::distortion::drv32,1.000000,0.984001,0.980482,0.244279,0.500000,0.486706,0.948043,0.258037,0.801274,1.000000,0.336365,0.990510,0.700567,0.708055
ambient_08::style_swap::swap_same,0.500000,0.773432,0.530578,0.139631,0.461538,0.486706,0.988471,0.907007,0.285122,0.000000,0.110278,0.772350,0.457288,0.461975
ambient_08::distortion::drv4,1.000000,0.999854,0.999589,0.671974,0.000000,0.486706,0.652428,0.125822,0.992835,1.000000,0.956146,0.999587,0.709345,0.655644
ambient_08::distortion::drv12,1.000000,0.996165,0.994566,0.671974,0.250000,0.533369,0.640385,0.036803,0.923772,1.000000,0.681713,0.995215,0.692960,0.663891
ambient_09::control::ctrl,1.000000,1.000000,1.000000,1.000000,1.000000,1.000000,1.000000,1.000000,1.000000,1.000000,1.000000,1.000000,1.000000,1.000000
ambient_09::pitch_shift::-4st,0.333333,0.683641,0.539766,1.000000,0.705882,0.669448,1.000000,1.000000,0.866572,0.307692,0.617236,0.989122,0.699397,0.678713
ambient_09::pitch_shift::-2st,0.666667,0.862513,0.770667,0.058713,0.285714,0.529330,1.000000,1.000000,0.896237,0.230769,0.800411,0.994011,0.661271,0.614122
ambient_09::pitch_shift::-1st,0.166667,0.637805,0.516222,1.000000,0.823529,0.827920,1.000000,1.000000,0.902483,0.230769,0.865164,0.993233,0.718734,0.676686
ambient_09::pitch_shift::+1st,0.166667,0.655224,0.533853,1.000000,0.823529,0.746754,1.000000,1.000000,0.900366,0.461538,0.873596,0.993421,0.735738,0.696227
ambient_09::pitch_shift::+2st,0.666667,0.843445,0.757021,1.000000,0.823529,0.912461,1.000000,1.000000,0.894769,0.307692,0.774593,0.990324,0.816401,0.803253
ambient_09::pitch_shift::+4st,0.333333,0.672817,0.524811,1.000000,0.823529,0.784084,1.000000,1.000000,0.861426,0.461538,0.637975,0.983300,0.729302,0.713145
ambient_09::time_stretch::-20pct,1.000000,0.992283,0.978833,0.073528,0.315789,0.361967,0.953962,0.694350,0.641868,0.538462,0.849494,0.995113,0.686339,0.639178
ambient_09::time_stretch::-10pct,1.000000,0.996468,0.988107,0.375769,0.375000,0.476000,0.988471,0.907007,0.729045,0.615385,0.871802,0.994821,0.768648,0.735749
ambient_09::time_stretch::-5pct,1.000000,0.996669,0.990521,0.600094,0.000000,0.408326,1.000000,1.000000,0.767130,0.538462,0.891089,0.993262,0.759575,0.723099
ambient_09::time_stretch::+5pct,1.000000,0.997927,0.988671,0.571607,0.000000,0.476000,0.976949,0.826556,0.731866,0.384615,0.897622,0.992734,0.728330,0.685008
ambient_09::time_stretch::+10pct,1.000000,0.997549,0.980173,0.113600,0.133333,0.476000,0.953962,0.694350,0.707515,0.307692,0.884119,0.993219,0.675288,0.622656
ambient_09::lowpass::lp8000,1.000000,1.000000,0.999999,1.000000,1.000000,1.000000,1.000000,1.000000,0.999979,1.000000,0.358038,0.954824,0.942489,0.999997
ambient_09::lowpass::lp4000,1.000000,0.999997,0.999996,1.000000,1.000000,0.889563,1.000000,1.000000,0.999927,1.000000,0.044035,0.843357,0.897215,0.988946
ambient_09::lowpass::lp2000,1.000000,0.999877,0.999783,0.019938,0.444444,0.656117,1.000000,1.000000,0.997084,0.692308,0.000128,0.836253,0.719517,0.780857
ambient_09::distortion::drv4,1.000000,0.999991,0.999881,1.000000,0.823529,0.827920,1.000000,1.000000,0.997008,1.000000,0.982358,0.999368,0.969094,0.964745
ambient_09::time_stretch::+20pct,1.000000,0.993583,0.974025,0.375769,0.400000,0.440043,0.661325,0.155081,0.678829,0.461538,0.873789,0.991310,0.628541,0.567796
ambient_09::distortion::drv12,1.000000,0.998839,0.997160,1.000000,0.823529,0.669448,0.948043,0.258037,0.963342,0.923077,0.839372,0.989904,0.862143,0.851710
ambient_09::distortion::drv32,1.000000,0.993426,0.988538,0.058713,0.285714,0.529330,0.948043,0.258037,0.896517,0.769231,0.626155,0.971997,0.686292,0.663919
ambient_09::style_swap::swap_cross,0.833333,0.826400,0.704887,0.571607,0.222222,0.388226,0.988702,0.893464,0.270725,0.000000,0.244608,0.917419,0.539348,0.531556
ambient_09::style_swap::swap_same,0.000000,0.519514,0.424667,0.244279,0.000000,0.529330,1.000000,1.000000,0.324107,0.153846,0.134551,0.672494,0.366213,0.360899
ambient_10::control::ctrl,1.000000,1.000000,1.000000,1.000000,1.000000,1.000000,1.000000,1.000000,1.000000,1.000000,1.000000,1.000000,1.000000,1.000000
ambient_10::pitch_shift::-2st,0.000000,0.923362,0.901495,1.000000,1.000000,0.741593,0.977023,0.479905,0.757294,0.125000,0.677771,0.998384,0.702142,0.674966
ambient_10::pitch_shift::-4st,0.333333,0.864044,0.840334,0.506619,0.347826,0.388226,0.975624,0.478682,0.628830,0.000000,0.409264,0.995786,0.544011,0.512336
ambient_10::pitch_shift::-1st,0.833333,0.958479,0.931763,0.506619,0.608696,0.435926,0.978504,0.481200,0.683212,0.125000,0.751181,0.999008,0.678601,0.639309
ambient_10::pitch_shift::+1st,0.166667,0.982523,0.963271,0.273835,0.521739,0.393076,0.618868,0.028251,0.826762,0.125000,0.673989,0.998366,0.508194,0.442609
ambient_10::pitch_shift::+2st,0.666667,0.955737,0.929545,0.078083,0.320000,0.338020,0.958397,0.307845,0.670289,0.000000,0.547625,0.997432,0.549440,0.504840
ambient_10::pitch_shift::+4st,0.166667,0.942409,0.922065,0.156526,0.363636,0.361967,0.989586,0.655126,0.614186,0.000000,0.327653,0.993062,0.526969,0.500337
ambient_10::time_stretch::-20pct,1.000000,0.992843,0.980338,0.025694,0.300000,0.435926,0.948043,0.258037,0.439219,0.500000,0.681488,0.998862,0.611659,0.565963
ambient_10::time_stretch::-10pct,0.833333,0.990605,0.981846,0.469752,0.000000,0.388226,0.989586,0.655126,0.534867,0.375000,0.751210,0.999086,0.651456,0.606724
ambient_10::time_stretch::-5pct,1.000000,0.997369,0.987571,0.201898,0.416667,0.393076,0.948043,0.258037,0.494388,0.000000,0.751588,0.998914,0.603905,0.549643
ambient_10::time_stretch::+5pct,0.833333,0.997944,0.988930,0.058817,0.200000,0.361967,0.978504,0.481200,0.571075,0.125000,0.770936,0.999118,0.601696,0.545035
ambient_10::time_stretch::+10pct,0.833333,0.997298,0.985416,0.506619,0.260870,0.393076,0.967772,0.376768,0.479398,0.500000,0.740318,0.998987,0.654587,0.611581
ambient_10::time_stretch::+20pct,0.833333,0.994945,0.984731,0.017781,0.300000,0.404817,0.978271,0.480996,0.450157,0.250000,0.799183,0.999467,0.609172,0.551145
ambient_10::lowpass::lp8000,1.000000,0.999999,0.999998,0.038236,0.380952,0.435926,1.000000,1.000000,0.999609,1.000000,0.596910,0.997350,0.787388,0.785458
ambient_10::lowpass::lp2000,1.000000,0.999999,0.999998,0.156526,0.000000,0.000000,0.989899,0.000000,0.999627,1.000000,0.000016,0.970526,0.592344,0.613952
ambient_10::distortion::drv4,1.000000,0.999994,0.999955,1.000000,0.521739,0.490036,1.000000,1.000000,0.851322,0.250000,0.971180,0.999918,0.836830,0.807087
ambient_10::distortion::drv12,1.000000,0.999846,0.999159,0.025694,0.200000,0.330858,1.000000,1.000000,0.932917,1.000000,0.521217,0.992657,0.748543,0.746912
ambient_10::lowpass::lp4000,1.000000,1.000000,1.000000,0.003121,0.000000,0.000000,0.662822,0.038196,0.999572,1.000000,0.000772,0.981138,0.527105,0.534460
ambient_10::style_swap::swap_cross,1.000000,0.911153,0.885205,0.026605,0.000000,0.000000,0.989899,0.000000,0.275264,0.000000,0.057073,0.919503,0.397687,0.380096
ambient_10::distortion::drv32,1.000000,0.999001,0.996794,0.273835,0.272727,0.330858,0.662069,0.038073,0.806649,0.500000,0.126938,0.968216,0.546426,0.546405
ambient_11::control::ctrl,1.000000,1.000000,1.000000,1.000000,1.000000,1.000000,1.000000,1.000000,1.000000,1.000000,0.999999,1.000000,1.000000,1.000000
ambient_10::style_swap::swap_same,0.666667,0.799009,0.682473,0.014689,0.300000,0.361967,0.628463,0.036539,0.251799,0.000000,0.075861,0.947736,0.330691,0.294813
ambient_11::pitch_shift::-4st,0.333333,0.752165,0.667216,1.000000,1.000000,1.000000,1.000000,1.000000,0.765894,1.000000,0.431736,0.949091,0.801377,0.823904
ambient_11::pitch_shift::-2st,0.666667,0.854079,0.834168,1.000000,1.000000,1.000000,1.000000,1.000000,0.824045,0.857143,0.724235,0.985081,0.881407,0.886855
ambient_11::pitch_shift::-1st,0.166667,0.767445,0.724912,1.000000,1.000000,0.865250,1.000000,1.000000,0.852549,0.857143,0.887387,0.995479,0.823699,0.800182
ambient_11::pitch_shift::+1st,0.166667,0.758444,0.713789,0.214792,0.461538,0.533369,1.000000,1.000000,0.850646,1.000000,0.875046,0.995414,0.694100,0.645904
ambient_11::pitch_shift::+2st,0.500000,0.839353,0.808994,0.214792,0.461538,0.486706,1.000000,1.000000,0.824060,0.571429,0.722159,0.984776,0.685929,0.652522
ambient_11::pitch_shift::+4st,0.166667,0.737946,0.651192,0.214792,0.461538,0.486706,1.000000,1.000000,0.822504,0.857143,0.460946,0.949351,0.627541,0.612352
ambient_11::time_stretch::-20pct,1.000000,0.994201,0.986010,0.358656,0.352941,0.330858,0.977410,0.803884,0.543367,0.571429,0.899738,0.998650,0.721458,0.675919
ambient_11::time_stretch::-5pct,1.000000,0.999093,0.995432,0.085355,0.333333,0.309304,0.953028,0.719554,0.673096,0.571429,0.941223,0.999760,0.703072,0.649590
ambient_11::time_stretch::+5pct,1.000000,0.998875,0.996028,0.735197,0.000000,0.566607,1.000000,1.000000,0.688016,0.857143,0.960003,0.999082,0.809234,0.775178
ambient_11::time_stretch::+10pct,0.833333,0.997506,0.992042,0.523292,0.181818,0.517511,1.000000,1.000000,0.607513,0.285714,0.922052,0.998013,0.728668,0.682408
ambient_11::time_stretch::-10pct,1.000000,0.997191,0.989960,0.146225,0.315789,0.316013,0.652767,0.151891,0.615789,0.428571,0.919350,0.998960,0.587426,0.513087
ambient_11::time_stretch::+20pct,0.833333,0.996006,0.973619,0.292156,0.181818,0.517511,1.000000,1.000000,0.572305,0.428571,0.855898,0.996769,0.709797,0.666510
ambient_11::lowpass::lp8000,1.000000,1.000000,1.000000,1.000000,1.000000,1.000000,1.000000,1.000000,0.999858,1.000000,0.390008,0.954578,0.945118,0.999982
ambient_11::lowpass::lp4000,1.000000,0.999879,0.999809,1.000000,1.000000,1.000000,0.664020,0.207843,0.998684,1.000000,0.028037,0.837255,0.780495,0.851132
ambient_11::lowpass::lp2000,1.000000,0.998010,0.996353,0.214792,0.461538,0.550982,0.929614,0.000000,0.977724,1.000000,0.000468,0.661268,0.640741,0.704936
ambient_11::distortion::drv4,1.000000,0.999773,0.999414,0.214792,0.461538,0.550982,1.000000,1.000000,0.990698,1.000000,0.919352,0.998704,0.844353,0.821426
ambient_11::distortion::drv12,1.000000,0.996835,0.995464,0.214792,0.307692,0.486706,0.978271,0.480996,0.936415,1.000000,0.663181,0.991566,0.750786,0.735524
ambient_11::distortion::drv32,1.000000,0.990995,0.987744,0.254823,0.307692,0.486706,0.978271,0.480996,0.883865,0.571429,0.421576,0.985952,0.690608,0.688070
ambient_11::style_swap::swap_cross,0.666667,0.892551,0.851322,0.235132,0.000000,0.566607,0.988235,0.916858,0.258126,0.000000,0.124264,0.720539,0.490476,0.505924
ambient_11::style_swap::swap_same,0.833333,0.970521,0.891888,0.756047,0.000000,0.476000,0.988471,0.907007,0.342206,0.285714,0.241713,0.907957,0.612754,0.620942
ambient_12::control::ctrl,1.000000,1.000000,1.000000,1.000000,1.000000,1.000000,1.000000,1.000000,1.000000,1.000000,1.000000,1.000000,1.000000,1.000000
ambient_12::pitch_shift::-4st,0.333333,0.982208,0.969321,1.000000,1.000000,0.898542,0.901472,0.819280,0.627289,0.000000,0.176915,0.984246,0.705289,0.730335
ambient_12::pitch_shift::-2st,0.666667,0.991427,0.969803,1.000000,1.000000,0.805240,1.000000,1.000000,0.689303,0.250000,0.345307,0.995281,0.801030,0.827209
ambient_12::pitch_shift::-1st,0.166667,0.993196,0.976788,1.000000,1.000000,0.862197,0.793371,0.605394,0.646906,0.125000,0.627936,0.998549,0.705451,0.683902
ambient_12::pitch_shift::+1st,0.166667,0.994398,0.977498,1.000000,1.000000,0.953359,0.938860,0.888828,0.685702,0.125000,0.519718,0.996726,0.756943,0.756709
ambient_12::pitch_shift::+2st,0.666667,0.989240,0.967729,1.000000,1.000000,0.848573,0.938860,0.888828,0.734823,0.125000,0.294723,0.994024,0.774467,0.800525
ambient_12::pitch_shift::+4st,0.333333,0.982315,0.967080,0.027630,0.526316,0.233719,0.790599,0.627072,0.599712,0.000000,0.114646,0.986217,0.486055,0.473270
ambient_12::time_stretch::-20pct,1.000000,0.999439,0.989303,0.056637,0.424242,0.364025,1.000000,1.000000,0.364299,0.000000,0.740785,0.997736,0.646080,0.601458
ambient_12::time_stretch::-10pct,1.000000,0.999409,0.992473,1.000000,0.829268,0.783566,0.947765,0.907060,0.407697,0.000000,0.819174,0.998573,0.788235,0.764117
ambient_12::time_stretch::-5pct,1.000000,0.999122,0.994365,1.000000,0.206897,0.641267,0.617125,0.000000,0.420846,0.000000,0.844230,0.998651,0.595688,0.530547
ambient_12::time_stretch::+5pct,1.000000,0.999712,0.994665,1.000000,0.933333,0.816454,0.911272,0.837167,0.378829,0.000000,0.842518,0.996320,0.786458,0.759890
ambient_12::time_stretch::+20pct,1.000000,0.998863,0.991642,1.000000,0.650000,0.414501,0.677460,0.218041,0.360438,0.125000,0.891614,0.996720,0.649664,0.590785
ambient_12::time_stretch::+10pct,1.000000,0.999460,0.992893,1.000000,0.883721,0.654509,0.911272,0.837167,0.423939,0.125000,0.877211,0.997933,0.786886,0.756763
ambient_12::lowpass::lp8000,1.000000,0.999366,0.996882,1.000000,1.000000,1.000000,1.000000,1.000000,0.999799,1.000000,0.963517,1.000000,0.996531,0.999485
ambient_12::lowpass::lp4000,1.000000,0.999973,0.999835,1.000000,1.000000,0.790463,1.000000,1.000000,0.998541,1.000000,0.280272,0.990738,0.921561,0.978834
ambient_12::lowpass::lp2000,1.000000,0.999670,0.998938,1.000000,1.000000,0.878672,0.666563,0.183680,0.963238,0.500000,0.000103,0.902409,0.726702,0.782431
ambient_12::distortion::drv12,1.000000,0.999659,0.998093,0.005406,0.470588,0.243403,0.666563,0.183680,0.865962,0.375000,0.039944,0.996884,0.537557,0.541407
ambient_12::distortion::drv4,1.000000,0.999892,0.999403,0.027630,0.540541,0.268641,0.902059,0.823303,0.804493,0.000000,0.045384,0.998410,0.604103,0.620555
ambient_12::distortion::drv32,1.000000,0.999088,0.995523,0.184727,0.540541,0.221978,0.666563,0.183680,0.807856,0.125000,0.031332,0.994128,0.528192,0.531324
ambient_12::style_swap::swap_cross,0.333333,0.952994,0.897618,0.016547,0.352941,0.258957,0.656365,0.150396,0.241806,0.000000,0.021888,0.621010,0.320574,0.322885
ambient_12::style_swap::swap_same,0.166667,0.724964,0.581140,0.005406,0.352941,0.249274,0.659519,0.070985,0.235018,0.000000,0.037965,0.957022,0.267413,0.221680
ambient_13::pitch_shift::-4st,0.333333,0.546387,0.410438,0.743037,0.545455,0.559523,0.767892,0.605066,0.699831,0.000000,0.448042,0.993930,0.494501,0.449245
ambient_13::pitch_shift::-2st,0.666667,0.737797,0.767113,0.743037,0.545455,0.497461,0.518629,0.000000,0.715255,0.666667,0.734925,0.996939,0.566701,0.506875
ambient_13::control::ctrl,1.000000,1.000000,1.000000,1.000000,1.000000,1.000000,1.000000,1.000000,1.000000,1.000000,1.000000,1.000000,1.000000,1.000000
ambient_13::pitch_shift::-1st,0.166667,0.477696,0.401356,0.743037,0.521739,0.465008,0.767892,0.605066,0.752708,0.666667,0.851289,0.998235,0.556361,0.482692
ambient_13::pitch_shift::+1st,0.166667,0.507755,0.428981,1.000000,1.000000,0.898542,0.518629,0.000000,0.734853,0.666667,0.843535,0.999208,0.564626,0.493283
ambient_13::pitch_shift::+2st,0.666667,0.732628,0.747760,0.743037,0.545455,0.470796,0.767892,0.605066,0.697316,0.000000,0.652564,0.998723,0.590963,0.544035
ambient_13::pitch_shift::+4st,0.333333,0.642396,0.502757,1.000000,0.875000,0.673358,0.518629,0.000000,0.647256,0.333333,0.479567,0.997091,0.506359,0.459985
ambient_13::time_stretch::-20pct,1.000000,0.968082,0.948280,0.121198,0.421053,0.388226,0.676320,0.363647,0.494646,0.333333,0.828711,0.997008,0.585112,0.519582
ambient_13::time_stretch::-10pct,1.000000,0.988942,0.977970,0.433727,0.285714,0.338020,0.744471,0.559470,0.554751,0.666667,0.860499,0.997847,0.666413,0.613875
ambient_13::time_stretch::-5pct,1.000000,0.992003,0.981423,0.562785,0.142857,0.440043,0.809273,0.673657,0.643125,0.666667,0.891297,0.998699,0.707299,0.659768
ambient_13::time_stretch::+5pct,1.000000,0.996240,0.989799,0.727439,0.000000,0.486706,0.518629,0.000000,0.666056,0.000000,0.896954,0.999258,0.555635,0.477146
ambient_13::time_stretch::+10pct,1.000000,0.990286,0.987120,0.516840,0.625000,0.440043,0.518629,0.000000,0.624640,0.000000,0.871147,0.999176,0.578661,0.507366
ambient_13::time_stretch::+20pct,1.000000,0.980742,0.973629,0.156248,0.125000,0.440043,0.518629,0.000000,0.553913,0.666667,0.857734,0.999294,0.551208,0.475752
ambient_13::lowpass::lp8000,1.000000,1.000000,1.000000,1.000000,0.375000,0.533369,0.518629,0.000000,0.999992,1.000000,0.271038,0.990258,0.681125,0.691285
ambient_13::lowpass::lp4000,1.000000,1.000000,0.999999,0.743037,0.521739,0.440121,0.518629,0.000000,0.999920,1.000000,0.037289,0.943524,0.640532,0.670928
ambient_13::lowpass::lp2000,1.000000,0.999968,0.999931,1.000000,0.000000,0.000000,0.518629,0.000000,0.995530,1.000000,0.000038,0.940470,0.577935,0.599862
ambient_13::distortion::drv12,1.000000,0.993701,0.992678,1.000000,0.125000,0.550982,0.628463,0.036539,0.825496,1.000000,0.472717,0.989696,0.680335,0.670229
ambient_13::distortion::drv4,1.000000,0.999740,0.999565,1.000000,0.125000,0.486706,0.860013,0.764209,0.967403,1.000000,0.823597,0.998140,0.822083,0.804338
ambient_13::distortion::drv32,1.000000,0.983307,0.980994,1.000000,0.125000,0.550982,0.628463,0.036539,0.717686,0.666667,0.303626,0.990883,0.624505,0.620015
ambient_13::style_swap::swap_cross,1.000000,0.823272,0.779717,0.097840,0.250000,0.440043,0.855172,0.745298,0.306905,0.000000,0.101878,0.894281,0.482370,0.479922
ambient_13::style_swap::swap_same,0.833333,0.948900,0.854909,0.058713,0.266667,0.476000,0.663212,0.207268,0.376763,0.000000,0.226789,0.913035,0.434994,0.408581
ambient_14::control::ctrl,1.000000,1.000000,1.000000,1.000000,1.000000,1.000000,1.000000,1.000000,1.000000,1.000000,1.000000,1.000000,1.000000,1.000000
ambient_14::pitch_shift::-4st,0.833333,0.443382,0.330945,1.000000,0.933333,0.661921,1.000000,1.000000,0.818929,0.222222,0.409550,0.988062,0.677600,0.673437
ambient_14::pitch_shift::-2st,0.833333,0.599433,0.527157,0.650077,0.625000,0.491282,0.957981,0.857127,0.830027,1.000000,0.702742,0.994979,0.720698,0.695099
ambient_14::pitch_shift::-1st,0.166667,0.342217,0.274687,0.671974,0.571429,0.602788,0.957981,0.857127,0.893234,0.333333,0.823338,0.995755,0.574227,0.507192
ambient_14::pitch_shift::+1st,0.166667,0.343405,0.277091,0.650077,0.533333,0.533369,1.000000,1.000000,0.863721,0.555556,0.773070,0.987016,0.593369,0.536119
ambient_14::pitch_shift::+2st,0.666667,0.606044,0.526150,0.650077,0.500000,0.491282,1.000000,1.000000,0.847629,0.555556,0.608555,0.977965,0.671731,0.647570
ambient_14::pitch_shift::+4st,0.166667,0.418582,0.317558,1.000000,0.933333,0.673358,1.000000,1.000000,0.845517,0.666667,0.406875,0.956890,0.655360,0.650339
ambient_14::time_stretch::-20pct,0.500000,0.994339,0.982227,0.064830,0.400000,0.395451,1.000000,1.000000,0.628574,0.333333,0.864977,0.996600,0.670603,0.618588
ambient_14::time_stretch::-10pct,1.000000,0.998739,0.982428,0.465043,0.266667,0.529330,0.985425,0.952526,0.617465,0.444444,0.854752,0.994896,0.746848,0.711287
ambient_14::time_stretch::-5pct,1.000000,0.997696,0.987293,0.671974,0.000000,0.533369,0.971420,0.904921,0.675470,0.555556,0.880589,0.995367,0.753872,0.717081
ambient_14::time_stretch::+5pct,1.000000,0.997765,0.993286,0.650077,0.000000,0.517511,1.000000,1.000000,0.647085,0.888889,0.887143,0.994153,0.789379,0.759164
ambient_14::time_stretch::+10pct,1.000000,0.998482,0.992464,0.407067,0.470588,0.417285,0.985425,0.952526,0.610609,0.333333,0.879289,0.994826,0.742741,0.703912
ambient_14::time_stretch::+20pct,1.000000,0.998680,0.979733,0.139631,0.333333,0.388226,0.957981,0.857127,0.617135,0.777778,0.866653,0.994214,0.729244,0.689044
ambient_14::lowpass::lp8000,1.000000,1.000000,1.000000,0.671974,0.615385,0.689317,1.000000,1.000000,0.999978,1.000000,0.424723,0.989242,0.865824,0.897664
ambient_14::lowpass::lp4000,1.000000,0.999989,0.999984,0.038236,0.200000,0.529330,0.957981,0.857127,0.999764,1.000000,0.016800,0.949746,0.708410,0.753767
ambient_14::lowpass::lp2000,1.000000,0.998964,0.996608,0.244279,0.250000,0.000000,0.957981,0.857127,0.956524,1.000000,0.000792,0.737716,0.660366,0.720309
ambient_14::distortion::drv4,1.000000,0.999648,0.999476,0.671974,0.533333,0.486706,0.957981,0.857127,0.994846,1.000000,0.826346,0.996435,0.856435,0.845467
ambient_14::distortion::drv12,1.000000,0.989938,0.988132,0.330410,0.454545,0.474401,0.975324,0.478419,0.941320,1.000000,0.449266,0.982530,0.751167,0.758336
ambient_14::distortion::drv32,1.000000,0.967023,0.962977,1.000000,0.000000,0.486706,0.975324,0.478419,0.850051,0.666667,0.268684,0.974691,0.711304,0.729393
ambient_14::style_swap::swap_cross,0.166667,0.486485,0.384081,0.075473,0.470588,0.379954,1.000000,1.000000,0.297402,0.111111,0.111590,0.685818,0.377234,0.375000
ambient_14::style_swap::swap_same,0.666667,0.877527,0.788311,0.244279,0.352941,0.417285,0.974723,0.638680,0.372138,0.000000,0.081360,0.572838,0.469783,0.501121
ambient_15::control::ctrl,1.000000,1.000000,1.000000,1.000000,1.000000,1.000000,1.000000,1.000000,1.000000,1.000000,1.000000,1.000000,1.000000,1.000000
ambient_15::pitch_shift::-4st,0.500000,0.783242,0.744870,1.000000,0.571429,0.671312,1.000000,1.000000,0.804623,0.111111,0.154562,0.949780,0.671263,0.695411
ambient_15::pitch_shift::-2st,0.833333,0.888083,0.875360,1.000000,0.571429,0.543366,1.000000,1.000000,0.809287,0.000000,0.434657,0.968428,0.731518,0.737720
ambient_15::pitch_shift::-1st,0.000000,0.746766,0.674244,1.000000,0.571429,0.744109,1.000000,1.000000,0.876566,0.444444,0.686572,0.987041,0.706768,0.680846
ambient_15::pitch_shift::+1st,0.166667,0.756200,0.687655,1.000000,0.571429,0.543366,1.000000,1.000000,0.874254,0.222222,0.733359,0.992049,0.692102,0.658034
ambient_15::pitch_shift::+2st,0.666667,0.904430,0.872407,1.000000,0.571429,0.543366,1.000000,1.000000,0.846409,0.000000,0.464638,0.967287,0.725743,0.727914
ambient_15::pitch_shift::+4st,0.333333,0.831451,0.760711,1.000000,0.000000,0.000000,1.000000,1.000000,0.773664,0.000000,0.175348,0.919114,0.547981,0.548662
ambient_15::time_stretch::-10pct,1.000000,0.998588,0.985724,0.244279,0.235294,0.379954,1.000000,1.000000,0.638380,0.111111,0.840568,0.997488,0.693684,0.648632
ambient_15::time_stretch::-20pct,1.000000,0.996497,0.979313,0.080712,0.125000,0.417285,0.979802,0.000000,0.600307,0.333333,0.813263,0.997811,0.598780,0.537443
ambient_15::time_stretch::-5pct,1.000000,0.998028,0.991033,0.600094,0.000000,0.454615,1.000000,1.000000,0.726942,0.444444,0.863045,0.997897,0.749598,0.713437
ambient_15::time_stretch::+5pct,0.833333,0.998156,0.989758,0.571607,0.100000,0.454615,1.000000,1.000000,0.729437,0.222222,0.864729,0.998234,0.723469,0.681878
ambient_15::time_stretch::+10pct,0.833333,0.998080,0.990700,0.308962,0.300000,0.379954,1.000000,1.000000,0.692109,0.000000,0.824130,0.998005,0.686201,0.641241
ambient_15::lowpass::lp8000,1.000000,1.000000,1.000000,1.000000,1.000000,0.865250,1.000000,1.000000,0.999987,1.000000,0.285851,0.971532,0.926729,0.986523
ambient_15::time_stretch::+20pct,0.833333,0.996812,0.983389,0.073528,0.434783,0.366736,0.662166,0.072688,0.610967,0.111111,0.821685,0.998225,0.540766,0.466940
ambient_15::lowpass::lp4000,1.000000,1.000000,1.000000,0.031602,0.285714,0.454615,1.000000,1.000000,0.999959,1.000000,0.051924,0.921626,0.728354,0.777185
ambient_15::lowpass::lp2000,1.000000,0.999969,0.999955,0.156526,0.117647,0.379954,1.000000,1.000000,0.999503,1.000000,0.000380,0.928585,0.714803,0.765336
ambient_15::distortion::drv4,1.000000,0.999996,0.999985,1.000000,1.000000,1.000000,1.000000,1.000000,0.999153,1.000000,0.958992,0.999631,0.996457,0.999889
ambient_15::distortion::drv12,1.000000,0.999544,0.999120,1.000000,1.000000,0.827920,1.000000,1.000000,0.976106,0.777778,0.614489,0.979038,0.930448,0.957323
ambient_15::distortion::drv32,0.833333,0.996079,0.993722,1.000000,1.000000,0.827920,1.000000,1.000000,0.895060,0.444444,0.356995,0.933929,0.853646,0.895717
ambient_15::style_swap::swap_cross,0.333333,0.893230,0.790877,0.164149,0.210526,0.379954,0.975038,0.639028,0.295038,0.000000,0.196150,0.926503,0.455401,0.434698
ambient_15::style_swap::swap_same,0.833333,0.899634,0.827967,0.156526,0.363636,0.404817,0.989586,0.655126,0.283414,0.000000,0.071024,0.916392,0.507252,0.510510
electronic_01::control::ctrl,1.000000,1.000000,1.000000,1.000000,1.000000,1.000000,1.000000,1.000000,1.000000,1.000000,1.000000,1.000000,1.000000,1.000000
electronic_01::pitch_shift::-4st,0.833333,0.935000,0.864685,1.000000,0.750000,0.722732,1.000000,1.000000,0.776653,0.095238,0.312127,0.977847,0.761198,0.784587
electronic_01::pitch_shift::-2st,0.666667,0.923124,0.858431,0.055287,0.363636,0.361967,0.977410,0.803884,0.851599,0.142857,0.629401,0.991713,0.623644,0.586316
electronic_01::pitch_shift::-1st,0.166667,0.954291,0.891742,0.055287,0.363636,0.330858,0.966134,0.727513,0.862437,0.095238,0.802786,0.996546,0.590588,0.528795
electronic_01::pitch_shift::+1st,0.166667,0.942800,0.874279,0.273835,0.461538,0.566607,1.000000,1.000000,0.878830,0.047619,0.795225,0.997888,0.659067,0.611583
electronic_01::pitch_shift::+2st,0.666667,0.952438,0.881166,0.128634,0.500000,0.379954,0.977410,0.803884,0.837172,0.285714,0.580081,0.994318,0.655179,0.628813
electronic_01::pitch_shift::+4st,0.333333,0.944386,0.869612,1.000000,0.750000,0.706778,1.000000,1.000000,0.782527,0.047619,0.307981,0.981042,0.716499,0.731022
electronic_01::time_stretch::-20pct,1.000000,0.995909,0.947844,0.128634,0.117647,0.454615,0.988702,0.893464,0.587090,0.142857,0.845575,0.991250,0.662376,0.611226
electronic_01::time_stretch::-10pct,1.000000,0.995813,0.965513,0.343018,0.117647,0.379954,0.988702,0.893464,0.713413,0.095238,0.862842,0.996185,0.687286,0.638865
electronic_01::time_stretch::-5pct,1.000000,0.998519,0.981685,0.343018,0.352941,0.506036,1.000000,1.000000,0.797363,0.095238,0.889942,0.997294,0.741570,0.701179
electronic_01::time_stretch::+5pct,1.000000,0.999066,0.980313,0.540514,0.300000,0.468705,0.988702,0.893464,0.789014,0.095238,0.880649,0.999169,0.738136,0.697787
electronic_01::time_stretch::+10pct,1.000000,0.998650,0.971473,0.021382,0.434783,0.366736,0.977410,0.803884,0.726314,0.047619,0.885742,0.998858,0.676962,0.623903
electronic_01::time_stretch::+20pct,0.166667,0.993981,0.968095,0.139631,0.444444,0.454615,0.988929,0.873771,0.669901,0.095238,0.533314,0.995608,0.600627,0.567889
electronic_01::lowpass::lp8000,1.000000,0.997416,0.995670,1.000000,1.000000,1.000000,1.000000,1.000000,0.999983,1.000000,0.092668,0.960235,0.920075,0.999062
electronic_01::lowpass::lp4000,1.000000,0.999998,0.999996,0.010140,0.181818,0.000000,0.943659,0.604224,0.999948,1.000000,0.013893,0.899485,0.632299,0.668081
electronic_01::distortion::drv4,1.000000,0.999621,0.999289,1.000000,1.000000,1.000000,1.000000,1.000000,0.999999,1.000000,0.999962,1.000000,0.999874,0.999853
electronic_01::lowpass::lp2000,1.000000,0.997167,0.995238,0.005935,0.000000,0.000000,0.949602,0.000000,0.995715,0.666667,0.000173,0.912243,0.538603,0.555658
electronic_01::distortion::drv12,1.000000,0.997425,0.995678,1.000000,1.000000,0.912461,1.000000,1.000000,0.999965,1.000000,0.999147,0.999999,0.991852,0.990308
electronic_01::distortion::drv32,1.000000,0.996653,0.994251,0.128634,0.476190,0.417285,1.000000,1.000000,0.997954,1.000000,0.938219,0.999661,0.828751,0.800715
electronic_01::style_swap::swap_cross,0.166667,0.930315,0.865637,0.273835,0.454545,0.379954,0.958397,0.307845,0.257090,0.000000,0.025590,0.717869,0.416356,0.427131
electronic_01::style_swap::swap_same,0.666667,0.946868,0.892461,0.033561,0.117647,0.379954,0.977410,0.803884,0.273998,0.000000,0.083691,0.834627,0.476286,0.480796
electronic_02::control::ctrl,1.000000,1.000000,1.000000,1.000000,1.000000,1.000000,1.000000,1.000000,1.000000,1.000000,1.000000,1.000000,1.000000,1.000000
electronic_02::pitch_shift::-4st,0.333333,0.817252,0.660448,0.000034,0.380952,0.393685,1.000000,1.000000,0.786630,1.000000,0.473895,0.997106,0.633403,0.613003
electronic_02::pitch_shift::-2st,0.666667,0.918233,0.831567,0.000034,0.380952,0.421026,0.968777,0.377494,0.807850,1.000000,0.687875,0.997501,0.657235,0.620160
electronic_02::pitch_shift::+1st,0.166667,0.801636,0.651223,1.000000,1.000000,0.787204,1.000000,1.000000,0.837214,1.000000,0.831270,0.998516,0.819611,0.800565
electronic_02::pitch_shift::-1st,0.166667,0.791153,0.643577,0.000034,0.380952,0.421026,1.000000,1.000000,0.888755,1.000000,0.820043,0.998400,0.656621,0.606111
electronic_02::pitch_shift::+2st,0.666667,0.913363,0.837601,0.000034,0.380952,0.495192,1.000000,1.000000,0.773776,1.000000,0.707729,0.996622,0.718416,0.691686
electronic_02::pitch_shift::+4st,0.333333,0.816157,0.683027,0.000034,0.380952,0.495192,1.000000,1.000000,0.788353,1.000000,0.534573,0.993487,0.649016,0.626057
electronic_02::time_stretch::-10pct,0.833333,0.997615,0.988788,0.190825,0.545455,0.346861,0.968777,0.377494,0.670571,1.000000,0.852035,0.998740,0.720166,0.679130
electronic_02::time_stretch::-5pct,1.000000,0.999516,0.994201,1.000000,0.400000,0.366848,0.988283,0.872899,0.713981,1.000000,0.910813,0.999338,0.845910,0.824081
electronic_02::time_stretch::-20pct,0.833333,0.996273,0.956371,0.046136,0.600000,0.366736,0.651531,0.042314,0.613551,1.000000,0.814023,0.998498,0.618719,0.561221
electronic_02::time_stretch::+5pct,1.000000,0.998953,0.992083,0.002815,0.333333,0.237065,0.968777,0.377494,0.741168,1.000000,0.885088,0.998565,0.702365,0.654482
electronic_02::time_stretch::+20pct,0.833333,0.997792,0.982379,0.000359,0.260870,0.324902,0.968777,0.377494,0.616944,1.000000,0.854063,0.997116,0.672385,0.621764
electronic_02::time_stretch::+10pct,1.000000,0.998216,0.988696,0.000098,0.285714,0.237065,0.959647,0.000000,0.692770,1.000000,0.867895,0.998392,0.658200,0.603222
electronic_02::lowpass::lp8000,1.000000,0.999999,0.999988,1.000000,1.000000,1.000000,1.000000,1.000000,0.999974,1.000000,0.096335,0.942878,0.919617,0.999995
electronic_02::lowpass::lp4000,1.000000,0.999997,0.999996,0.000034,0.380952,0.421026,1.000000,1.000000,0.999765,1.000000,0.033980,0.902259,0.727624,0.780167
electronic_02::lowpass::lp2000,1.000000,0.999866,0.999726,0.000034,0.380952,0.393685,0.959647,0.000000,0.992507,1.000000,0.000436,0.892988,0.630961,0.668514
electronic_02::distortion::drv4,1.000000,0.996819,0.993945,0.001150,0.454545,0.377108,0.968777,0.377494,0.927689,1.000000,0.826094,0.999515,0.739044,0.704295
electronic_02::distortion::drv12,1.000000,0.997517,0.994299,0.001150,0.454545,0.438700,0.968777,0.377494,0.841381,1.000000,0.593012,0.997018,0.715424,0.699526
electronic_02::distortion::drv32,1.000000,0.996291,0.992471,0.001150,0.454545,0.377108,0.968777,0.377494,0.791747,1.000000,0.513867,0.994668,0.697832,0.686580
electronic_02::style_swap::swap_cross,1.000000,0.962432,0.823671,0.000763,0.347826,0.259024,0.987400,0.871709,0.310729,0.000000,0.126168,0.892899,0.525163,0.528992
electronic_02::style_swap::swap_same,0.666667,0.865192,0.786473,0.046136,0.518519,0.368820,0.988929,0.873771,0.252704,0.000000,0.125742,0.839065,0.497811,0.501948
electronic_03::control::ctrl,1.000000,1.000000,1.000000,1.000000,1.000000,1.000000,1.000000,1.000000,1.000000,1.000000,1.000000,1.000000,1.000000,1.000000
electronic_03::pitch_shift::-4st,0.333333,0.760781,0.681433,1.000000,1.000000,0.704163,1.000000,1.000000,0.726384,0.500000,0.468424,0.996556,0.740682,0.742343
electronic_03::pitch_shift::-2st,0.500000,0.883391,0.800760,1.000000,1.000000,0.828598,1.000000,1.000000,0.792357,1.000000,0.702653,0.998568,0.861326,0.863479
electronic_03::pitch_shift::-1st,0.333333,0.815999,0.708420,1.000000,1.000000,0.828598,1.000000,1.000000,0.775064,0.500000,0.855633,0.999217,0.798545,0.772774
electronic_03::pitch_shift::+1st,0.000000,0.809304,0.675531,1.000000,1.000000,1.000000,1.000000,1.000000,0.785386,0.500000,0.846687,0.999255,0.781115,0.752748
electronic_03::time_stretch::-20pct,1.000000,0.987045,0.960376,0.220883,0.166667,0.408326,0.662166,0.072688,0.549946,1.000000,0.822333,0.997954,0.611987,0.552370
electronic_03::pitch_shift::+2st,0.833333,0.872670,0.789893,1.000000,1.000000,1.000000,1.000000,1.000000,0.790575,0.250000,0.684516,0.996681,0.836527,0.835735
electronic_03::pitch_shift::+4st,0.500000,0.757099,0.687790,1.000000,1.000000,1.000000,1.000000,1.000000,0.705912,0.750000,0.459610,0.988601,0.796631,0.811211
electronic_03::time_stretch::-10pct,0.833333,0.988227,0.972910,0.558303,0.166667,0.408326,0.662166,0.072688,0.615659,0.500000,0.903107,0.999414,0.599907,0.529640
electronic_03::time_stretch::-5pct,0.833333,0.985805,0.970362,0.814584,0.285714,0.422162,0.662166,0.072688,0.615780,0.250000,0.943509,0.999914,0.614356,0.542886
electronic_03::time_stretch::+20pct,1.000000,0.968631,0.950292,0.217082,0.000000,0.704163,0.651768,0.069385,0.547635,0.500000,0.862479,0.999120,0.578520,0.508070
electronic_03::time_stretch::+5pct,0.833333,0.978188,0.965633,0.639261,0.000000,0.704163,0.958803,0.921475,0.644473,0.500000,0.942200,0.999891,0.743539,0.698039
electronic_03::time_stretch::+10pct,0.833333,0.988430,0.978366,0.500505,0.000000,0.704163,0.907548,0.828426,0.611269,1.000000,0.910242,0.999714,0.753446,0.713142
electronic_03::lowpass::lp2000,1.000000,0.999926,0.999845,1.000000,1.000000,0.828598,0.662166,0.072688,0.993579,1.000000,0.000273,0.933741,0.760396,0.819509
electronic_03::lowpass::lp8000,1.000000,0.999996,0.999975,1.000000,1.000000,0.828598,1.000000,1.000000,0.999766,1.000000,0.260164,0.960966,0.920569,0.982826
electronic_03::lowpass::lp4000,1.000000,0.999998,0.999992,1.000000,1.000000,0.704163,1.000000,1.000000,0.999569,1.000000,0.118449,0.938660,0.896390,0.970360
electronic_03::distortion::drv12,1.000000,0.998724,0.996050,0.804816,0.600000,0.656117,0.662166,0.072688,0.842894,1.000000,0.698305,0.997486,0.743586,0.722740
electronic_03::distortion::drv4,1.000000,0.999814,0.999091,1.000000,1.000000,0.704163,1.000000,1.000000,0.959535,1.000000,0.922307,0.999503,0.964381,0.965080
electronic_03::distortion::drv32,1.000000,0.996761,0.992663,0.804816,0.600000,0.656117,0.645347,0.070794,0.758657,1.000000,0.537780,0.996534,0.717442,0.707522
electronic_03::style_swap::swap_same,0.500000,0.866770,0.730643,0.135401,0.250000,0.566607,0.652424,0.069203,0.263941,0.000000,0.258041,0.879660,0.370629,0.331775
electronic_03::style_swap::swap_cross,0.166667,0.722874,0.578063,0.220883,0.153846,0.417285,0.662166,0.072688,0.323328,0.000000,0.167109,0.933623,0.300923,0.251471
electronic_04::control::ctrl,1.000000,1.000000,1.000000,1.000000,1.000000,1.000000,1.000000,1.000000,1.000000,1.000000,1.000000,1.000000,1.000000,1.000000
electronic_04::pitch_shift::-4st,0.333333,0.798593,0.779613,1.000000,1.000000,0.848573,1.000000,1.000000,0.630570,1.000000,0.550889,0.986090,0.805151,0.812574
electronic_04::pitch_shift::-2st,0.666667,0.888741,0.906058,1.000000,1.000000,0.848573,1.000000,1.000000,0.761461,0.000000,0.796761,0.995702,0.809567,0.792263
electronic_04::pitch_shift::-1st,1.000000,0.940613,0.919776,1.000000,1.000000,0.848573,1.000000,1.000000,0.708416,0.000000,0.907830,0.998557,0.849148,0.828349
electronic_04::pitch_shift::+1st,0.166667,0.955246,0.937727,1.000000,1.000000,0.776118,0.988235,0.916858,0.681755,0.000000,0.916054,0.999128,0.766344,0.728100
electronic_04::pitch_shift::+2st,0.666667,0.900216,0.927590,1.000000,1.000000,0.870050,0.988235,0.916858,0.725728,1.000000,0.754286,0.995269,0.882063,0.883551
electronic_04::pitch_shift::+4st,0.333333,0.767470,0.750195,1.000000,1.000000,0.832752,0.988235,0.916858,0.671334,1.000000,0.486751,0.983874,0.786710,0.797095
electronic_04::time_stretch::+5pct,0.166667,0.992934,0.979076,0.451549,0.500000,0.378854,0.976949,0.826556,0.567686,0.000000,0.971074,0.999901,0.637960,0.568455
electronic_04::time_stretch::-20pct,1.000000,0.992642,0.979094,0.024067,0.500000,0.323385,0.652494,0.173449,0.535199,0.000000,0.889896,0.999224,0.546473,0.466861
electronic_04::time_stretch::-10pct,1.000000,0.993157,0.990278,0.241769,0.451613,0.295656,0.655364,0.160788,0.608585,0.000000,0.943245,0.999619,0.571289,0.491263
electronic_04::time_stretch::-5pct,1.000000,0.996441,0.986569,0.241769,0.451613,0.346717,0.966134,0.727513,0.572012,0.000000,0.972781,0.999904,0.674957,0.612680
electronic_04::time_stretch::+10pct,1.000000,0.990681,0.981305,0.190825,0.705882,0.333197,0.988235,0.916858,0.617166,0.000000,0.956411,0.999748,0.712482,0.659364
electronic_04::time_stretch::+20pct,1.000000,0.992461,0.984062,0.478941,0.363636,0.323385,0.988235,0.916858,0.591126,0.000000,0.911820,0.999553,0.701149,0.650245
electronic_04::lowpass::lp8000,1.000000,0.999918,0.999892,1.000000,1.000000,1.000000,1.000000,1.000000,0.999988,1.000000,0.074160,0.926107,0.916262,0.999972
electronic_04::lowpass::lp4000,1.000000,0.999999,0.999999,1.000000,1.000000,0.778578,0.976949,0.826556,0.998152,1.000000,0.079094,0.833755,0.871466,0.955565
electronic_04::lowpass::lp2000,1.000000,0.999975,0.999954,0.001879,0.370370,0.355523,0.976949,0.826556,0.947540,1.000000,0.000695,0.922206,0.696462,0.743976
electronic_04::distortion::drv4,1.000000,0.999881,0.999844,1.000000,1.000000,1.000000,1.000000,1.000000,0.955326,1.000000,0.996658,0.999942,0.994907,0.994228
electronic_04::distortion::drv12,1.000000,0.999314,0.999137,1.000000,1.000000,0.870050,0.976949,0.826556,0.917906,1.000000,0.913354,0.998328,0.954465,0.954200
electronic_04::distortion::drv32,1.000000,0.973949,0.969279,1.000000,1.000000,0.778578,0.976949,0.826556,0.825971,1.000000,0.725765,0.991545,0.914445,0.925658
electronic_04::style_swap::swap_cross,0.333333,0.835506,0.755397,0.002572,0.307692,0.300053,0.964027,0.795085,0.265750,0.000000,0.220554,0.923930,0.442096,0.416566
electronic_04::style_swap::swap_same,0.500000,0.903206,0.822217,0.190825,0.484848,0.302943,0.955783,0.617685,0.273796,0.000000,0.160789,0.946959,0.483997,0.470370
electronic_05::control::ctrl,1.000000,1.000000,1.000000,1.000000,1.000000,1.000000,1.000000,1.000000,1.000000,1.000000,1.000000,1.000000,1.000000,1.000000
electronic_05::pitch_shift::-4st,0.333333,0.976884,0.926463,1.000000,0.600000,0.669448,0.943659,0.604224,0.676556,0.000000,0.639608,0.996794,0.682096,0.654896
electronic_05::pitch_shift::-2st,0.500000,0.985911,0.934336,1.000000,1.000000,0.912461,0.943659,0.604224,0.767054,0.136364,0.843500,0.998688,0.789735,0.763472
electronic_05::pitch_shift::-1st,0.166667,0.986950,0.934131,1.000000,1.000000,1.000000,1.000000,1.000000,0.834237,0.318182,0.909315,0.999308,0.839825,0.816932
electronic_05::pitch_shift::+1st,0.166667,0.985083,0.934414,1.000000,1.000000,0.912461,1.000000,1.000000,0.807239,0.272727,0.871096,0.999542,0.822485,0.799922
electronic_05::pitch_shift::+2st,0.833333,0.987159,0.928852,1.000000,1.000000,0.912461,0.943659,0.604224,0.764314,0.000000,0.754561,0.998853,0.798040,0.782314
electronic_05::pitch_shift::+4st,0.333333,0.986260,0.936941,1.000000,1.000000,0.865250,1.000000,1.000000,0.689701,0.000000,0.628772,0.997410,0.777171,0.770004
electronic_05::time_stretch::-20pct,1.000000,0.999076,0.977459,0.075473,0.210526,0.454615,0.968516,0.866195,0.561222,0.045455,0.840247,0.998686,0.652772,0.599442
electronic_05::time_stretch::-10pct,1.000000,0.998815,0.981559,0.308962,0.100000,0.417285,0.984712,0.930953,0.669293,0.090909,0.879514,0.999335,0.687160,0.636712
electronic_05::time_stretch::-5pct,1.000000,0.998601,0.987547,0.540514,0.000000,0.454615,0.987506,0.934789,0.728437,0.272727,0.919740,0.999604,0.727492,0.681059
electronic_05::time_stretch::+5pct,1.000000,0.998941,0.988256,0.506619,0.210526,0.379954,1.000000,1.000000,0.738570,0.454545,0.930698,0.999669,0.760834,0.719966
electronic_05::time_stretch::+10pct,1.000000,0.999084,0.984956,0.237985,0.363636,0.404817,0.987753,0.930139,0.708887,0.090909,0.921960,0.999574,0.710819,0.660832
electronic_05::time_stretch::+20pct,1.000000,0.998369,0.980059,0.102286,0.272727,0.404817,0.900000,0.000000,0.621804,0.090909,0.896252,0.999395,0.587502,0.515442
electronic_05::lowpass::lp8000,1.000000,0.999999,0.999992,1.000000,1.000000,1.000000,1.000000,1.000000,0.999414,1.000000,0.230236,0.939513,0.930418,0.999924
electronic_05::lowpass::lp4000,1.000000,1.000000,0.999999,1.000000,0.888889,0.827920,1.000000,1.000000,0.999877,1.000000,0.031859,0.854858,0.882820,0.971665
electronic_05::lowpass::lp2000,1.000000,0.999994,0.999974,1.000000,0.888889,0.618027,1.000000,1.000000,0.998860,1.000000,0.000095,0.860540,0.863075,0.950541
electronic_05::distortion::drv4,1.000000,0.999812,0.998405,1.000000,1.000000,0.835505,1.000000,1.000000,0.939750,0.500000,0.914675,0.999068,0.930797,0.925588
electronic_05::distortion::drv12,1.000000,0.998937,0.995121,0.013479,0.352941,0.491946,0.900000,0.000000,0.839730,0.363636,0.727716,0.992241,0.627058,0.580525
electronic_05::style_swap::swap_cross,0.833333,0.933783,0.892105,0.308962,0.000000,0.417285,0.977556,0.641808,0.291728,0.000000,0.166186,0.900838,0.505978,0.501122
electronic_05::distortion::drv32,1.000000,0.998159,0.993031,1.000000,0.142857,0.506036,0.900000,0.000000,0.794897,0.318182,0.655895,0.985291,0.677435,0.648900
electronic_05::style_swap::swap_same,0.333333,0.907480,0.857898,0.024937,0.222222,0.454615,0.900000,0.000000,0.289268,0.045455,0.109831,0.836540,0.381817,0.364615
electronic_06::control::ctrl,1.000000,1.000000,1.000000,1.000000,1.000000,1.000000,1.000000,1.000000,1.000000,1.000000,1.000000,1.000000,1.000000,1.000000
electronic_06::pitch_shift::-4st,0.333333,0.741118,0.794974,1.000000,1.000000,1.000000,1.000000,1.000000,0.695472,0.153846,0.509215,0.962415,0.743006,0.744692
electronic_06::pitch_shift::-2st,0.666667,0.819764,0.851782,1.000000,1.000000,1.000000,1.000000,1.000000,0.811879,0.153846,0.761398,0.987321,0.822327,0.812003
electronic_06::pitch_shift::-1st,0.166667,0.914779,0.904835,1.000000,0.888889,0.813348,1.000000,1.000000,0.762328,0.000000,0.913965,0.996043,0.768744,0.731518
electronic_06::pitch_shift::+1st,0.166667,0.947524,0.906291,1.000000,0.888889,0.813348,1.000000,1.000000,0.783055,0.076923,0.890158,0.994127,0.779490,0.746998
electronic_06::pitch_shift::+2st,0.666667,0.866419,0.890913,1.000000,0.888889,0.715928,1.000000,1.000000,0.753554,0.230769,0.729642,0.975652,0.795866,0.784669
electronic_06::pitch_shift::+4st,0.333333,0.819348,0.865461,1.000000,0.888889,0.715928,1.000000,1.000000,0.699768,0.230769,0.467466,0.928333,0.727688,0.734116
electronic_06::time_stretch::-20pct,1.000000,0.990854,0.970328,0.093930,0.200000,0.517511,0.978048,0.642352,0.556382,0.000000,0.903894,0.995415,0.640679,0.578914
electronic_06::time_stretch::-10pct,1.000000,0.989534,0.968601,0.273835,0.000000,0.566607,0.978048,0.642352,0.702998,0.000000,0.892708,0.994969,0.657459,0.600216
electronic_06::time_stretch::-5pct,1.000000,0.995261,0.980326,0.506619,0.000000,0.517511,0.946977,0.402409,0.713747,0.076923,0.951851,0.998799,0.662264,0.599660
electronic_06::time_stretch::+5pct,1.000000,0.984582,0.967826,0.469752,0.000000,0.626695,1.000000,1.000000,0.665565,0.076923,0.956672,0.997751,0.719543,0.668024
electronic_06::time_stretch::+10pct,1.000000,0.986465,0.965366,0.201898,0.000000,0.626695,1.000000,1.000000,0.645463,0.000000,0.933300,0.993278,0.686294,0.630939
electronic_06::time_stretch::+20pct,1.000000,0.987944,0.955116,0.026605,0.000000,0.626695,1.000000,1.000000,0.592182,0.076923,0.908170,0.987412,0.668891,0.613194
electronic_06::lowpass::lp8000,1.000000,0.999093,0.998688,1.000000,1.000000,1.000000,1.000000,1.000000,0.986557,0.461538,0.344503,0.947019,0.894109,0.944126
electronic_06::lowpass::lp4000,1.000000,0.999095,0.998691,1.000000,1.000000,0.848573,1.000000,1.000000,0.999648,1.000000,0.129460,0.657882,0.884168,0.984511
electronic_06::lowpass::lp2000,1.000000,0.999782,0.999648,1.000000,0.533333,0.583528,1.000000,1.000000,0.989546,0.461538,0.000041,0.638888,0.764955,0.856421
electronic_06::distortion::drv4,1.000000,0.999132,0.997661,1.000000,1.000000,0.848573,1.000000,1.000000,0.937660,0.384615,0.838689,0.982480,0.914078,0.914891
electronic_06::distortion::drv12,1.000000,0.996700,0.992237,0.469752,0.857143,0.720021,0.957542,0.462798,0.832386,0.153846,0.607847,0.947264,0.741624,0.734784
electronic_06::distortion::drv32,1.000000,0.993872,0.986934,0.469752,0.615385,0.615717,0.957542,0.462798,0.765221,0.230769,0.496044,0.933829,0.700589,0.698154
electronic_06::style_swap::swap_cross,0.166667,0.809728,0.755055,0.273835,0.000000,0.000000,0.979802,0.000000,0.300003,0.000000,0.098452,0.580115,0.296620,0.290840
electronic_06::style_swap::swap_same,0.500000,0.841096,0.820529,0.026605,0.222222,0.342677,0.978048,0.642352,0.349550,0.076923,0.105333,0.634867,0.431826,0.446565
electronic_07::control::ctrl,1.000000,1.000000,1.000000,1.000000,1.000000,1.000000,1.000000,1.000000,1.000000,1.000000,1.000000,1.000000,1.000000,1.000000
electronic_07::pitch_shift::-4st,0.833333,0.732915,0.595070,1.000000,1.000000,0.720021,1.000000,1.000000,0.639084,0.777778,0.555452,0.994189,0.791941,0.795404
electronic_07::pitch_shift::-2st,0.833333,0.778810,0.829598,1.000000,0.727273,0.720021,1.000000,1.000000,0.705320,0.666667,0.787202,0.997754,0.817087,0.802024
electronic_07::pitch_shift::-1st,0.166667,0.714409,0.589512,1.000000,0.727273,0.720021,1.000000,1.000000,0.769494,0.666667,0.875188,0.999077,0.742515,0.703597
electronic_07::pitch_shift::+1st,0.666667,0.724117,0.701009,1.000000,0.727273,0.656117,1.000000,1.000000,0.754465,0.444444,0.860926,0.997416,0.770331,0.738581
electronic_07::pitch_shift::+2st,0.666667,0.780088,0.833643,1.000000,0.727273,0.656117,1.000000,1.000000,0.745271,0.777778,0.759200,0.993947,0.809319,0.795908
electronic_07::pitch_shift::+4st,0.166667,0.708369,0.571355,1.000000,1.000000,0.626695,1.000000,1.000000,0.685461,0.666667,0.519380,0.981535,0.714600,0.707550
electronic_07::time_stretch::-20pct,0.500000,0.997160,0.971207,0.116098,0.222222,0.379406,0.625516,0.057277,0.568150,0.333333,0.920731,0.999345,0.513311,0.423969
electronic_07::time_stretch::-5pct,0.500000,0.996839,0.991488,0.436835,0.000000,0.626695,1.000000,1.000000,0.738207,0.555556,0.970178,0.999881,0.728132,0.676754
electronic_07::time_stretch::-10pct,1.000000,0.997448,0.950990,0.302314,0.222222,0.566607,0.626729,0.057573,0.643541,0.222222,0.945023,0.999520,0.585087,0.507653
electronic_07::time_stretch::+5pct,1.000000,0.996039,0.990547,0.626183,0.000000,0.813348,1.000000,1.000000,0.646628,0.777778,0.976275,0.999752,0.810153,0.774583
electronic_07::time_stretch::+10pct,0.500000,0.995823,0.988504,0.375769,0.857143,0.704163,1.000000,1.000000,0.606935,0.666667,0.957003,0.999579,0.794580,0.757840
electronic_07::lowpass::lp8000,1.000000,1.000000,0.999998,1.000000,1.000000,1.000000,1.000000,1.000000,0.999986,1.000000,0.158496,0.941192,0.924650,0.999998
electronic_07::time_stretch::+20pct,0.500000,0.995533,0.989039,0.116098,0.333333,0.626695,1.000000,1.000000,0.598761,0.333333,0.930647,0.998872,0.691941,0.637385
electronic_07::lowpass::lp4000,1.000000,0.999996,0.999993,0.027630,0.571429,0.704163,1.000000,1.000000,0.999837,1.000000,0.084603,0.886365,0.772206,0.830296
electronic_07::lowpass::lp2000,1.000000,0.999800,0.999258,0.027630,0.400000,0.579728,1.000000,1.000000,0.917923,0.777778,0.001541,0.925154,0.716691,0.767851
electronic_07::distortion::drv4,1.000000,0.999890,0.999054,1.000000,0.615385,0.729986,1.000000,1.000000,0.931644,0.888889,0.729555,0.995549,0.905831,0.914516
electronic_07::distortion::drv12,1.000000,0.998413,0.994133,1.000000,0.615385,0.647029,0.978048,0.642352,0.835438,0.444444,0.611086,0.994370,0.807440,0.808419
electronic_07::distortion::drv32,1.000000,0.996386,0.990061,1.000000,0.615385,0.589895,0.968135,0.540236,0.776906,0.111111,0.571474,0.994425,0.754474,0.748815
electronic_07::style_swap::swap_cross,0.500000,0.896248,0.774144,0.042145,0.000000,0.626695,0.979802,0.000000,0.299982,0.111111,0.140525,0.794655,0.402019,0.390251
electronic_07::style_swap::swap_same,0.666667,0.874338,0.815769,0.214792,0.461538,0.449804,1.000000,1.000000,0.251236,0.000000,0.308292,0.978989,0.557964,0.540967
electronic_08::control::ctrl,1.000000,1.000000,1.000000,1.000000,1.000000,1.000000,1.000000,1.000000,1.000000,1.000000,1.000000,1.000000,1.000000,1.000000
electronic_08::pitch_shift::-4st,0.166667,0.896436,0.818638,1.000000,1.000000,1.000000,1.000000,1.000000,0.717534,0.200000,0.461114,0.993618,0.756114,0.761906
electronic_08::pitch_shift::-1st,0.166667,0.961620,0.902356,1.000000,1.000000,1.000000,1.000000,1.000000,0.762854,0.600000,0.913673,0.999412,0.849521,0.828121
electronic_08::pitch_shift::-2st,0.666667,0.912811,0.850843,1.000000,1.000000,1.000000,1.000000,1.000000,0.727780,0.600000,0.776940,0.997643,0.864331,0.859754
electronic_08::pitch_shift::+1st,0.000000,0.958585,0.893759,1.000000,1.000000,1.000000,1.000000,1.000000,0.774719,0.600000,0.899329,0.999394,0.834419,0.811435
electronic_08::pitch_shift::+2st,0.833333,0.904496,0.823140,1.000000,1.000000,1.000000,1.000000,1.000000,0.726744,1.000000,0.709486,0.996887,0.901797,0.911539
electronic_08::pitch_shift::+4st,0.500000,0.903664,0.837890,1.000000,1.000000,0.930709,1.000000,1.000000,0.655937,0.400000,0.461032,0.992544,0.791026,0.803923
electronic_08::time_stretch::-20pct,0.833333,0.992971,0.958467,0.026605,0.500000,0.506194,0.977410,0.803884,0.509434,0.400000,0.881655,0.999178,0.684339,0.633129
electronic_08::time_stretch::-10pct,1.000000,0.996205,0.970986,0.131776,0.461538,0.342677,0.647498,0.117954,0.582189,0.200000,0.871100,0.999193,0.568103,0.494700
electronic_08::time_stretch::-5pct,0.833333,0.995723,0.975496,0.340732,0.666667,0.316013,0.647260,0.121242,0.652862,0.200000,0.947554,0.999945,0.601142,0.526621
electronic_08::time_stretch::+5pct,1.000000,0.996644,0.983138,0.552104,0.545455,0.289348,0.988235,0.916858,0.672056,1.000000,0.950119,0.999875,0.815201,0.783242
electronic_08::time_stretch::+20pct,0.166667,0.994806,0.966747,0.031895,0.363636,0.316013,0.988235,0.916858,0.576633,1.000000,0.892187,0.999309,0.672436,0.617779
electronic_08::lowpass::lp8000,1.000000,1.000000,1.000000,1.000000,1.000000,0.889563,1.000000,1.000000,0.999994,1.000000,0.341258,0.989880,0.935002,0.988956
electronic_08::lowpass::lp4000,1.000000,1.000000,1.000000,1.000000,1.000000,0.889563,1.000000,1.000000,0.999973,1.000000,0.038422,0.973367,0.908297,0.988953
electronic_08::time_stretch::+10pct,0.833333,0.995864,0.973326,0.292156,0.181818,0.316013,0.651836,0.131111,0.595954,1.000000,0.913858,0.999562,0.615828,0.547654
electronic_08::lowpass::lp2000,1.000000,0.999977,0.999958,1.000000,1.000000,0.838896,1.000000,1.000000,0.997097,1.000000,0.000117,0.927184,0.896467,0.983508
electronic_08::distortion::drv4,1.000000,0.998221,0.995304,1.000000,1.000000,0.889563,1.000000,1.000000,0.941304,1.000000,0.640445,0.997379,0.953605,0.980562
electronic_08::distortion::drv12,1.000000,0.999072,0.997298,0.005285,0.434783,0.406071,1.000000,1.000000,0.876081,1.000000,0.289424,0.994301,0.747132,0.768224
electronic_08::distortion::drv32,0.833333,0.997072,0.992758,0.005285,0.434783,0.342677,1.000000,1.000000,0.844352,1.000000,0.163635,0.991727,0.713127,0.740271
electronic_08::style_swap::swap_cross,0.166667,0.912685,0.830608,0.070634,0.347826,0.289348,0.986510,0.914489,0.313274,0.200000,0.183708,0.845553,0.479463,0.473442
electronic_09::control::ctrl,1.000000,1.000000,1.000000,1.000000,1.000000,1.000000,1.000000,1.000000,1.000000,1.000000,1.000000,1.000000,1.000000,1.000000
electronic_09::pitch_shift::-4st,0.333333,0.954412,0.943964,0.055287,0.380952,0.424184,1.000000,1.000000,0.542047,0.071429,0.490094,0.996154,0.585321,0.553786
electronic_09::pitch_shift::-2st,0.833333,0.960567,0.950375,0.055287,0.380952,0.424184,1.000000,1.000000,0.620396,0.071429,0.830295,0.998583,0.665382,0.615580
electronic_08::style_swap::swap_same,0.333333,0.837181,0.760459,0.085355,0.117647,0.289348,0.651982,0.069524,0.296319,0.000000,0.215527,0.980595,0.326679,0.272531
electronic_09::pitch_shift::-1st,0.000000,0.981709,0.970597,0.055287,0.380952,0.424184,1.000000,1.000000,0.600346,0.285714,0.944243,0.999704,0.626031,0.556844
electronic_09::pitch_shift::+1st,0.333333,0.980384,0.963562,0.055287,0.400000,0.422162,1.000000,1.000000,0.584233,0.214286,0.921978,0.999789,0.644797,0.581582
electronic_09::pitch_shift::+2st,0.666667,0.949524,0.938143,0.055287,0.300000,0.422162,1.000000,1.000000,0.658038,0.285714,0.757985,0.999107,0.657808,0.613667
electronic_09::pitch_shift::+4st,0.333333,0.954996,0.934515,0.055287,0.380952,0.361967,1.000000,1.000000,0.513878,0.071429,0.541460,0.996469,0.580512,0.542845
electronic_09::time_stretch::-10pct,1.000000,0.995363,0.983871,0.273835,0.400000,0.434972,1.000000,1.000000,0.486181,0.571429,0.951763,0.999822,0.745411,0.699336
electronic_09::time_stretch::-5pct,0.000000,0.992638,0.977730,0.128634,0.210526,0.379954,0.968135,0.540236,0.438783,0.071429,0.983424,0.999830,0.540860,0.450707
electronic_09::time_stretch::+5pct,1.000000,0.992698,0.980621,0.540514,0.300000,0.354289,1.000000,1.000000,0.475641,0.142857,0.980807,0.999983,0.717495,0.662914
electronic_09::time_stretch::-20pct,1.000000,0.994972,0.980800,1.000000,0.000000,0.543366,0.957542,0.462798,0.426065,0.142857,0.903768,0.999643,0.683179,0.629476
electronic_09::time_stretch::+10pct,0.833333,0.993151,0.983558,0.064935,0.125000,0.408326,1.000000,1.000000,0.517263,0.500000,0.952819,0.999803,0.686123,0.628087
electronic_09::time_stretch::+20pct,0.833333,0.993494,0.978942,0.139631,0.352941,0.408326,1.000000,1.000000,0.422731,0.000000,0.930429,0.999492,0.657230,0.595688
electronic_09::lowpass::lp8000,1.000000,0.999919,0.999776,1.000000,1.000000,1.000000,1.000000,1.000000,0.999991,1.000000,0.269914,0.973173,0.936742,0.999958
electronic_09::lowpass::lp4000,1.000000,0.999921,0.999778,0.055287,0.285714,0.361967,1.000000,1.000000,0.910869,0.571429,0.109921,0.933439,0.683213,0.715956
electronic_09::lowpass::lp2000,1.000000,0.999792,0.999435,0.055287,0.200000,0.388226,1.000000,1.000000,0.976143,0.785714,0.000474,0.908253,0.691688,0.739755
electronic_09::distortion::drv4,1.000000,0.999698,0.998585,0.055287,0.285714,0.404817,1.000000,1.000000,0.930755,0.357143,0.925128,0.999565,0.744706,0.701181
electronic_09::distortion::drv12,1.000000,0.999224,0.996466,0.055287,0.285714,0.361967,1.000000,1.000000,0.817623,0.285714,0.745378,0.998229,0.707702,0.674893
electronic_09::distortion::drv32,1.000000,0.999382,0.995839,0.055287,0.190476,0.393076,1.000000,1.000000,0.736496,0.142857,0.562570,0.997277,0.666411,0.643726
electronic_09::style_swap::swap_cross,0.666667,0.963304,0.934572,0.343018,0.000000,0.408326,0.976223,0.640336,0.331293,0.000000,0.299427,0.955673,0.522209,0.501432
electronic_09::style_swap::swap_same,0.833333,0.862622,0.872260,0.273835,0.000000,0.408326,1.000000,1.000000,0.361024,0.000000,0.227459,0.699689,0.519524,0.532683
electronic_10::control::ctrl,1.000000,1.000000,1.000000,1.000000,1.000000,1.000000,1.000000,1.000000,1.000000,1.000000,1.000000,1.000000,1.000000,1.000000
electronic_10::pitch_shift::-4st,0.333333,0.928709,0.752388,0.007285,0.434783,0.459400,1.000000,1.000000,0.689524,0.166667,0.536532,0.997481,0.593076,0.558307
electronic_10::pitch_shift::-2st,0.666667,0.927863,0.813107,0.007285,0.434783,0.469465,1.000000,1.000000,0.719032,0.000000,0.831799,0.998731,0.641950,0.587296
electronic_10::pitch_shift::-1st,0.166667,0.941938,0.851125,0.007285,0.434783,0.432736,1.000000,1.000000,0.785583,1.000000,0.934694,0.999559,0.702088,0.649084
electronic_10::pitch_shift::+1st,0.166667,0.958516,0.840182,0.007285,0.434783,0.449336,1.000000,1.000000,0.727267,0.666667,0.906888,0.999326,0.668055,0.611049
electronic_10::pitch_shift::+2st,0.666667,0.940638,0.812899,0.007285,0.434783,0.406071,1.000000,1.000000,0.686142,0.833333,0.796582,0.998496,0.701224,0.661971
electronic_10::pitch_shift::+4st,0.333333,0.927931,0.742991,0.007285,0.333333,0.379406,1.000000,1.000000,0.674157,0.833333,0.577507,0.996088,0.634073,0.603554
electronic_10::time_stretch::-20pct,0.666667,0.992052,0.928386,0.070634,0.476190,0.342677,0.977410,0.803884,0.560037,0.500000,0.911301,0.999301,0.671460,0.614696
electronic_10::time_stretch::-10pct,1.000000,0.990691,0.972395,0.131776,0.296296,0.316013,0.988235,0.916858,0.634357,0.666667,0.914465,0.999488,0.724937,0.678533
electronic_10::time_stretch::-5pct,1.000000,0.995000,0.975233,0.004164,0.416667,0.289348,0.977410,0.803884,0.687782,1.000000,0.952877,0.999783,0.748425,0.702846
electronic_10::time_stretch::+5pct,1.000000,0.994933,0.967663,0.070634,0.636364,0.369342,1.000000,1.000000,0.688803,0.666667,0.954703,0.999660,0.770788,0.729511
electronic_10::time_stretch::+20pct,1.000000,0.991000,0.963125,0.005285,0.260870,0.369342,1.000000,1.000000,0.626242,0.166667,0.905804,0.998993,0.680586,0.626231
electronic_10::time_stretch::+10pct,1.000000,0.995308,0.963459,0.031895,0.363636,0.316013,1.000000,1.000000,0.659715,0.166667,0.924991,0.999193,0.692698,0.638825
electronic_10::lowpass::lp8000,1.000000,0.999991,0.999965,1.000000,1.000000,1.000000,1.000000,1.000000,0.999978,1.000000,0.463657,0.989409,0.954357,0.999991
electronic_10::lowpass::lp4000,1.000000,0.999986,0.999946,0.005472,0.421053,0.406071,1.000000,1.000000,0.999923,1.000000,0.028099,0.957807,0.734626,0.783237
electronic_10::lowpass::lp2000,1.000000,0.999977,0.999916,0.552104,0.666667,0.512729,1.000000,1.000000,0.997087,1.000000,0.000073,0.908435,0.802509,0.872760
electronic_10::distortion::drv4,0.833333,0.999073,0.996982,0.147480,0.095238,0.369342,0.976479,0.843414,0.885250,1.000000,0.828084,0.999353,0.742960,0.708813
electronic_10::distortion::drv12,0.833333,0.998226,0.993447,0.147480,0.095238,0.342677,0.978271,0.480996,0.796060,1.000000,0.570197,0.997713,0.679328,0.658418
electronic_10::distortion::drv32,0.833333,0.997931,0.992223,0.147480,0.095238,0.369342,0.978271,0.480996,0.763522,1.000000,0.377766,0.995898,0.661707,0.656709
electronic_10::style_swap::swap_same,0.000000,0.865878,0.748159,0.013479,0.416667,0.369342,1.000000,1.000000,0.295622,0.166667,0.320792,0.949443,0.484073,0.454196
electronic_11::control::ctrl,1.000000,1.000000,1.000000,1.000000,1.000000,1.000000,1.000000,1.000000,1.000000,1.000000,1.000000,1.000000,1.000000,1.000000
electronic_11::pitch_shift::-4st,0.333333,0.934621,0.842325,1.000000,0.666667,0.666982,1.000000,1.000000,0.743389,1.000000,0.576957,0.990845,0.800607,0.804008
electronic_10::style_swap::swap_cross,0.833333,0.941224,0.831846,0.056637,0.526316,0.237532,0.677460,0.218041,0.226598,0.000000,0.020173,0.937774,0.405474,0.391182
electronic_11::pitch_shift::-2st,0.666667,0.939047,0.893960,1.000000,1.000000,0.878672,1.000000,1.000000,0.792349,1.000000,0.804899,0.996092,0.904484,0.905307
electronic_11::pitch_shift::-1st,0.166667,0.919728,0.840528,1.000000,0.666667,0.666982,1.000000,1.000000,0.805321,1.000000,0.914386,0.998327,0.820063,0.792816
electronic_11::pitch_shift::+1st,0.166667,0.919390,0.804422,1.000000,1.000000,1.000000,1.000000,1.000000,0.783307,0.600000,0.934804,0.999657,0.837888,0.812021
electronic_11::pitch_shift::+2st,0.666667,0.933319,0.870857,1.000000,1.000000,0.922760,0.658633,0.132479,0.731422,0.000000,0.856869,0.998288,0.688620,0.640840
electronic_11::time_stretch::-20pct,1.000000,0.994233,0.988006,0.055287,0.272727,0.417285,0.965443,0.756274,0.571617,0.800000,0.853770,0.998641,0.709124,0.665717
electronic_11::time_stretch::-10pct,1.000000,0.998770,0.989729,0.201898,0.260870,0.361967,0.965443,0.756274,0.612197,0.400000,0.919284,0.999188,0.693011,0.639772
electronic_11::pitch_shift::+4st,0.333333,0.925930,0.804689,1.000000,1.000000,0.813348,0.663040,0.140243,0.745952,1.000000,0.624149,0.991764,0.710164,0.690660
electronic_11::time_stretch::-5pct,1.000000,0.998808,0.993361,0.429798,0.640000,0.361967,0.965443,0.756274,0.665566,0.600000,0.952150,0.999553,0.769130,0.727789
electronic_11::time_stretch::+5pct,1.000000,0.997926,0.992735,0.630903,0.421053,0.361967,0.642110,0.141483,0.656201,1.000000,0.942798,0.999268,0.692018,0.636220
electronic_11::time_stretch::+10pct,1.000000,0.996053,0.990439,0.229705,0.315789,0.361967,0.643811,0.146990,0.596211,0.600000,0.916184,0.998708,0.608068,0.538201
electronic_11::time_stretch::+20pct,1.000000,0.993461,0.987646,0.072754,0.210526,0.424184,0.987996,0.924317,0.583016,0.600000,0.895931,0.998579,0.711742,0.664648
electronic_11::lowpass::lp8000,1.000000,1.000000,1.000000,1.000000,1.000000,1.000000,1.000000,1.000000,0.999990,1.000000,0.505373,0.962869,0.955483,0.999999
electronic_11::lowpass::lp4000,1.000000,0.999994,0.999972,0.647729,0.666667,0.560361,1.000000,1.000000,0.999925,1.000000,0.085832,0.953648,0.825920,0.887460
electronic_11::lowpass::lp2000,1.000000,0.999983,0.999909,0.386743,0.153846,0.000000,1.000000,1.000000,0.967143,0.600000,0.000181,0.957111,0.671061,0.709826
electronic_11::distortion::drv4,1.000000,0.999835,0.998992,1.000000,1.000000,1.000000,1.000000,1.000000,0.936540,0.800000,0.855732,0.998916,0.964300,0.971703
electronic_11::distortion::drv12,1.000000,0.999103,0.996486,1.000000,1.000000,0.735272,0.988418,0.873081,0.821295,0.600000,0.558947,0.994531,0.875235,0.894970
electronic_11::distortion::drv32,1.000000,0.998371,0.994417,1.000000,0.416667,0.393076,0.658633,0.132479,0.814434,1.000000,0.351567,0.992985,0.694447,0.698928
electronic_11::style_swap::swap_cross,0.833333,0.800864,0.791667,0.142458,0.117647,0.330858,0.977556,0.641808,0.254324,0.000000,0.178975,0.989962,0.472406,0.450060
electronic_11::style_swap::swap_same,0.166667,0.951276,0.864585,0.072754,0.210526,0.467035,0.976479,0.843414,0.288710,0.000000,0.251855,0.944632,0.478981,0.455492
electronic_12::control::ctrl,1.000000,1.000000,1.000000,1.000000,1.000000,1.000000,1.000000,1.000000,1.000000,1.000000,1.000000,1.000000,1.000000,1.000000
electronic_12::pitch_shift::-4st,0.333333,0.923784,0.930218,1.000000,1.000000,0.912461,1.000000,1.000000,0.398965,0.000000,0.494237,0.992133,0.729760,0.727127
electronic_12::pitch_shift::-2st,0.666667,0.981496,0.976493,1.000000,1.000000,0.912461,1.000000,1.000000,0.513755,0.333333,0.817765,0.997887,0.837189,0.823076
electronic_12::pitch_shift::-1st,0.166667,0.995012,0.988211,1.000000,1.000000,1.000000,1.000000,1.000000,0.682832,0.666667,0.937027,0.999334,0.861680,0.840384
electronic_12::pitch_shift::+1st,1.000000,0.988352,0.979868,1.000000,1.000000,0.835505,1.000000,1.000000,0.619897,0.222222,0.939317,0.998874,0.872083,0.852688
electronic_12::pitch_shift::+2st,1.000000,0.935763,0.955490,1.000000,1.000000,0.835505,1.000000,1.000000,0.614178,0.111111,0.806706,0.995968,0.841724,0.829829
electronic_12::pitch_shift::+4st,0.500000,0.864180,0.873838,1.000000,1.000000,0.818770,1.000000,1.000000,0.507376,0.555556,0.541121,0.986577,0.783724,0.787787
electronic_12::time_stretch::-20pct,0.166667,0.995172,0.985243,0.075473,0.222222,0.417285,0.976479,0.843414,0.517377,0.111111,0.901318,0.999490,0.586949,0.514261
electronic_12::time_stretch::-10pct,0.166667,0.995096,0.984614,0.308962,0.421053,0.417285,0.988235,0.916858,0.520808,0.000000,0.934536,0.999801,0.624932,0.556486
electronic_12::time_stretch::-5pct,0.166667,0.996618,0.988470,0.540514,0.400000,0.417285,0.988235,0.916858,0.601252,0.222222,0.968926,0.999937,0.673072,0.610801
electronic_12::time_stretch::+5pct,1.000000,0.996817,0.987790,0.506619,0.476190,0.417285,1.000000,1.000000,0.625697,0.666667,0.975249,0.999949,0.795108,0.756611
electronic_12::time_stretch::+10pct,1.000000,0.993230,0.983816,0.237985,0.300000,0.379954,1.000000,1.000000,0.487644,0.111111,0.952781,0.999803,0.691111,0.634076
electronic_12::time_stretch::+20pct,0.666667,0.995499,0.985326,0.102286,0.200000,0.454615,1.000000,1.000000,0.555512,0.444444,0.918871,0.999540,0.682545,0.627216
electronic_12::lowpass::lp8000,1.000000,0.999991,0.999974,1.000000,1.000000,1.000000,1.000000,1.000000,0.999991,1.000000,0.582157,0.996412,0.964856,0.999994
electronic_12::lowpass::lp4000,1.000000,0.999991,0.999974,1.000000,1.000000,0.912461,1.000000,1.000000,0.999972,1.000000,0.006495,0.983265,0.908419,0.991238
electronic_12::lowpass::lp2000,1.000000,0.999999,0.999998,1.000000,1.000000,0.835505,1.000000,1.000000,0.999519,1.000000,0.000020,0.949565,0.898430,0.983488
electronic_12::distortion::drv4,1.000000,0.998196,0.997051,1.000000,1.000000,0.912461,1.000000,1.000000,0.859289,1.000000,0.746813,0.997916,0.955833,0.972541
electronic_12::distortion::drv12,0.166667,0.996778,0.993276,1.000000,1.000000,0.912461,1.000000,1.000000,0.654791,0.777778,0.562578,0.993706,0.829695,0.840047
electronic_12::distortion::drv32,0.166667,0.996829,0.991362,1.000000,1.000000,0.827920,1.000000,1.000000,0.513883,0.777778,0.478001,0.987363,0.799772,0.813273
electronic_12::style_swap::swap_same,0.000000,0.865878,0.748159,0.013479,0.416667,0.369342,1.000000,1.000000,0.295621,0.111111,0.320795,0.949443,0.479444,0.448641
electronic_12::style_swap::swap_cross,0.833333,0.762954,0.616544,0.039558,0.285714,0.379954,0.664232,0.207999,0.263745,0.000000,0.171601,0.819625,0.353794,0.326613
electronic_13::control::ctrl,1.000000,1.000000,1.000000,1.000000,1.000000,1.000000,1.000000,1.000000,0.999998,1.000000,0.999988,1.000000,0.999999,1.000000
electronic_13::pitch_shift::-2st,0.166667,0.976167,0.951597,1.000000,1.000000,1.000000,1.000000,1.000000,0.801771,0.000000,0.865560,0.999217,0.806662,0.781521
electronic_13::pitch_shift::-4st,0.166667,0.970969,0.945151,1.000000,1.000000,1.000000,1.000000,1.000000,0.645804,0.166667,0.638023,0.997640,0.783435,0.776571
electronic_13::pitch_shift::-1st,0.166667,0.978947,0.957393,1.000000,1.000000,1.000000,1.000000,1.000000,0.721531,0.055556,0.949599,0.999809,0.810723,0.777928
electronic_13::pitch_shift::+1st,0.166667,0.990049,0.966614,1.000000,1.000000,0.889563,1.000000,1.000000,0.706600,0.000000,0.919605,0.999766,0.795156,0.762252
electronic_13::pitch_shift::+2st,0.666667,0.972589,0.945590,1.000000,1.000000,0.889563,1.000000,1.000000,0.791923,0.055556,0.811851,0.998394,0.837071,0.823472
electronic_13::pitch_shift::+4st,0.500000,0.962222,0.935375,1.000000,1.000000,0.889563,1.000000,1.000000,0.652268,0.055556,0.650304,0.996517,0.792238,0.786026
electronic_13::time_stretch::-20pct,1.000000,0.993754,0.978317,0.176832,0.210526,0.361967,0.985339,0.912887,0.487697,0.055556,0.877888,0.998816,0.655830,0.599334
electronic_13::time_stretch::-10pct,1.000000,0.997457,0.990448,0.433727,0.714286,0.529330,1.000000,1.000000,0.633105,0.055556,0.922362,0.999672,0.764007,0.724607
electronic_13::time_stretch::-5pct,1.000000,0.995434,0.986470,0.743037,0.000000,0.476000,0.988235,0.916858,0.566994,0.000000,0.958679,0.999942,0.707558,0.653208
electronic_13::time_stretch::+5pct,1.000000,0.994640,0.983846,0.516840,0.133333,0.440043,0.988471,0.907007,0.611257,0.055556,0.971266,0.999953,0.706084,0.650180
electronic_13::time_stretch::+10pct,0.833333,0.993508,0.983205,0.357682,0.285714,0.476000,1.000000,1.000000,0.575102,0.000000,0.950219,0.999736,0.693857,0.637635
electronic_13::time_stretch::+20pct,1.000000,0.996896,0.986134,0.156248,0.125000,0.491282,0.988471,0.907007,0.528508,0.000000,0.905671,0.998899,0.661093,0.602862
electronic_13::lowpass::lp8000,1.000000,0.999986,0.999938,1.000000,1.000000,1.000000,1.000000,1.000000,0.999842,1.000000,0.238421,0.966723,0.933554,0.999970
electronic_13::lowpass::lp4000,1.000000,0.999999,0.999996,1.000000,1.000000,1.000000,0.664232,0.207999,0.999618,1.000000,0.045423,0.909020,0.788501,0.851354
electronic_13::lowpass::lp2000,1.000000,0.999998,0.999991,1.000000,1.000000,0.889563,0.664232,0.207999,0.998594,1.000000,0.000052,0.927619,0.777058,0.840178
electronic_13::distortion::drv4,1.000000,0.999876,0.998836,1.000000,1.000000,0.889563,1.000000,1.000000,0.897174,0.555556,0.911218,0.999713,0.935199,0.931148
electronic_13::distortion::drv32,1.000000,0.999217,0.993683,1.000000,1.000000,0.816105,0.986458,0.904253,0.596603,0.166667,0.614432,0.989914,0.828007,0.833240
electronic_13::distortion::drv12,1.000000,0.999553,0.995982,1.000000,1.000000,0.838896,0.986458,0.904253,0.695363,0.500000,0.771585,0.996547,0.882216,0.881869
electronic_13::style_swap::swap_cross,0.500000,0.770613,0.608538,0.058713,0.235294,0.379954,0.946977,0.402409,0.295089,0.000000,0.154241,0.835258,0.391903,0.372415
electronic_13::style_swap::swap_same,0.500000,0.966064,0.942548,0.063422,0.000000,0.529330,0.946977,0.402409,0.274242,0.055556,0.264146,0.972932,0.468607,0.438799
electronic_14::control::ctrl,1.000000,1.000000,1.000000,1.000000,1.000000,1.000000,1.000000,1.000000,1.000000,1.000000,1.000000,1.000000,1.000000,1.000000
electronic_14::pitch_shift::-4st,0.833333,0.934717,0.903737,1.000000,1.000000,1.000000,1.000000,1.000000,0.583675,0.000000,0.620301,0.984554,0.806904,0.807901
electronic_14::pitch_shift::-2st,1.000000,0.937703,0.909285,1.000000,1.000000,1.000000,1.000000,1.000000,0.743814,0.333333,0.872920,0.994950,0.888634,0.879606
electronic_14::pitch_shift::-1st,0.666667,0.963253,0.920799,1.000000,1.000000,0.865250,1.000000,1.000000,0.814691,0.000000,0.948534,0.998423,0.840464,0.813872
electronic_14::pitch_shift::+2st,0.666667,0.940085,0.896494,1.000000,1.000000,0.865250,1.000000,1.000000,0.759476,0.333333,0.862655,0.989252,0.848896,0.833555
electronic_14::pitch_shift::+1st,0.166667,0.959071,0.907586,1.000000,1.000000,0.865250,1.000000,1.000000,0.865750,0.750000,0.948154,0.997229,0.864706,0.843128
electronic_14::pitch_shift::+4st,0.000000,0.937405,0.904479,1.000000,1.000000,0.865250,1.000000,1.000000,0.653982,0.166667,0.660274,0.977418,0.750753,0.737283
electronic_14::time_stretch::-20pct,0.500000,0.993800,0.970721,0.116098,0.166667,0.529330,1.000000,1.000000,0.552322,0.083333,0.905524,0.997632,0.639792,0.577450
electronic_14::time_stretch::-10pct,0.666667,0.995810,0.977166,0.302314,0.545455,0.517511,0.986746,0.944302,0.620663,0.250000,0.952479,0.994587,0.718636,0.667693
electronic_14::time_stretch::-5pct,1.000000,0.996923,0.987368,0.436835,0.000000,0.566607,0.871023,0.000000,0.762361,0.333333,0.974479,0.999009,0.643428,0.574772
electronic_14::time_stretch::+5pct,0.166667,0.996122,0.979976,0.626183,0.000000,0.626695,1.000000,1.000000,0.655247,0.250000,0.984579,0.999499,0.681664,0.619592
electronic_14::time_stretch::+10pct,1.000000,0.996551,0.980853,0.375769,0.666667,0.566607,0.947149,0.796732,0.681696,0.333333,0.965585,0.998391,0.763014,0.719230
electronic_14::time_stretch::+20pct,1.000000,0.995275,0.974092,0.116098,0.266667,0.417285,0.960309,0.842956,0.585271,0.166667,0.954197,0.999181,0.675757,0.615577
electronic_14::lowpass::lp8000,1.000000,1.000000,1.000000,0.650077,1.000000,1.000000,1.000000,1.000000,0.999942,1.000000,0.353354,0.947080,0.912246,0.964999
electronic_14::lowpass::lp4000,1.000000,0.999999,0.999999,0.650077,1.000000,0.865250,1.000000,1.000000,0.995998,0.250000,0.102887,0.841818,0.807876,0.876018
electronic_14::distortion::drv4,1.000000,0.999462,0.997973,0.650077,1.000000,1.000000,1.000000,1.000000,0.932123,0.333333,0.929553,0.995176,0.901443,0.889291
electronic_14::lowpass::lp2000,1.000000,0.999911,0.999691,1.000000,0.571429,0.715928,1.000000,1.000000,0.996024,1.000000,0.000470,0.737564,0.833546,0.928173
electronic_14::distortion::drv12,0.166667,0.998084,0.994569,0.027630,0.235294,0.393076,1.000000,1.000000,0.843479,0.250000,0.745606,0.981759,0.632346,0.586199
electronic_14::style_swap::swap_cross,0.166667,0.861906,0.785043,0.626183,0.153846,0.440043,0.987508,0.915859,0.220910,0.000000,0.191136,0.783193,0.479798,0.479747
electronic_14::distortion::drv32,1.000000,0.998076,0.993633,0.027630,0.235294,0.393076,0.669858,0.174133,0.804849,0.250000,0.578659,0.976878,0.557548,0.513655
electronic_15::control::ctrl,1.000000,1.000000,1.000000,1.000000,1.000000,1.000000,1.000000,1.000000,1.000000,1.000000,1.000000,1.000000,1.000000,1.000000
electronic_14::style_swap::swap_same,0.500000,0.866769,0.730643,0.033919,0.250000,0.566607,0.652424,0.069203,0.263940,0.000000,0.258045,0.879662,0.362173,0.321626
electronic_15::pitch_shift::-4st,0.500000,0.843662,0.763418,1.000000,1.000000,0.720021,0.706897,0.000000,0.805739,0.266667,0.332578,0.987746,0.618175,0.609859
electronic_15::pitch_shift::-1st,0.166667,0.785772,0.724162,0.214792,0.117647,0.408326,0.706897,0.000000,0.850742,0.400000,0.851667,0.997015,0.474054,0.384017
electronic_15::pitch_shift::-2st,0.666667,0.892839,0.845307,1.000000,1.000000,0.757577,1.000000,1.000000,0.833235,0.466667,0.692544,0.994859,0.833923,0.832001
electronic_15::pitch_shift::+1st,0.333333,0.773318,0.707886,0.214792,0.375000,0.440043,0.790323,0.000000,0.882333,0.333333,0.819200,0.997150,0.518328,0.440377
electronic_15::pitch_shift::+2st,0.666667,0.882949,0.832426,1.000000,0.750000,0.673358,0.706897,0.000000,0.807016,0.266667,0.634154,0.994094,0.645368,0.611656
electronic_15::pitch_shift::+4st,0.333333,0.858704,0.794060,1.000000,1.000000,0.673358,0.949602,0.000000,0.796807,0.533333,0.316891,0.985835,0.667316,0.670601
electronic_15::time_stretch::-20pct,1.000000,0.997021,0.988495,0.128634,0.315789,0.388226,0.939589,0.000000,0.556094,0.333333,0.862129,0.997017,0.609593,0.545617
electronic_15::time_stretch::-10pct,1.000000,0.998780,0.988397,0.046136,0.315789,0.468908,0.900000,0.000000,0.606140,0.533333,0.848138,0.996842,0.623637,0.563888
electronic_15::time_stretch::-5pct,1.000000,0.998979,0.992650,0.062753,0.421053,0.388226,1.000000,1.000000,0.674787,0.400000,0.910645,0.998560,0.729406,0.684376
electronic_15::time_stretch::+5pct,1.000000,0.998593,0.991571,0.710493,0.000000,0.486706,0.929614,0.000000,0.668163,0.400000,0.873335,0.997502,0.657288,0.601678
electronic_15::time_stretch::+10pct,1.000000,0.998919,0.988958,0.491700,0.125000,0.486706,0.807229,0.000000,0.633015,0.400000,0.879135,0.997913,0.624811,0.562082
electronic_15::time_stretch::+20pct,1.000000,0.998349,0.977059,0.214792,0.133333,0.440043,0.782138,0.000000,0.611332,0.133333,0.883452,0.997920,0.568694,0.494309
electronic_15::lowpass::lp8000,1.000000,1.000000,1.000000,1.000000,0.750000,0.626695,0.706897,0.000000,0.999948,1.000000,0.275661,0.989970,0.753100,0.777223
electronic_15::lowpass::lp4000,1.000000,0.999993,0.999988,1.000000,0.750000,0.533369,1.000000,1.000000,0.999809,1.000000,0.005440,0.938929,0.851955,0.928310
electronic_15::lowpass::lp2000,1.000000,0.999956,0.999907,0.727439,0.625000,0.486706,1.000000,1.000000,0.991106,0.933333,0.000017,0.893229,0.803926,0.876087
electronic_15::distortion::drv4,1.000000,0.999999,0.999965,1.000000,0.875000,0.710914,1.000000,1.000000,0.998180,0.800000,0.997022,0.999988,0.948379,0.938353
electronic_15::distortion::drv12,1.000000,0.999769,0.999137,1.000000,0.875000,0.550982,1.000000,1.000000,0.960467,0.733333,0.892928,0.998223,0.916514,0.910713
electronic_15::distortion::drv32,1.000000,0.996767,0.993968,0.062753,0.315789,0.354289,0.989899,0.000000,0.863370,0.400000,0.535333,0.990206,0.621112,0.592845
electronic_15::style_swap::swap_cross,0.833333,0.946642,0.760151,0.088164,0.153846,0.486706,0.919686,0.000000,0.257635,0.000000,0.041312,0.894987,0.416101,0.406381
electronic_15::style_swap::swap_same,0.666667,0.862898,0.858921,0.214792,0.166667,0.440043,0.979802,0.000000,0.291959,0.000000,0.142256,0.947981,0.436983,0.415698
folk_01::control::ctrl,1.000000,1.000000,1.000000,1.000000,1.000000,1.000000,1.000000,1.000000,1.000000,1.000000,1.000000,1.000000,1.000000,1.000000
folk_01::pitch_shift::-4st,0.333333,0.869633,0.776891,1.000000,1.000000,1.000000,1.000000,1.000000,0.850664,0.400000,0.369708,0.953681,0.781987,0.806350
folk_01::pitch_shift::-2st,0.666667,0.913269,0.835680,1.000000,1.000000,1.000000,1.000000,1.000000,0.909642,0.666667,0.719345,0.985718,0.881945,0.887921
folk_01::pitch_shift::-1st,0.166667,0.867336,0.748253,1.000000,1.000000,1.000000,1.000000,1.000000,0.935539,1.000000,0.892650,0.996272,0.871239,0.856619
folk_01::pitch_shift::+1st,0.166667,0.873016,0.741616,1.000000,1.000000,0.898542,1.000000,1.000000,0.936507,1.000000,0.877117,0.995980,0.861585,0.846619
folk_01::pitch_shift::+2st,0.666667,0.909874,0.841026,1.000000,1.000000,0.898542,1.000000,1.000000,0.908542,0.666667,0.649311,0.982520,0.867386,0.877796
folk_01::pitch_shift::+4st,0.333333,0.862821,0.755179,1.000000,1.000000,0.870050,1.000000,1.000000,0.845813,0.400000,0.371473,0.939087,0.766352,0.788966
folk_01::time_stretch::-20pct,1.000000,0.996918,0.975670,0.038499,0.400000,0.300053,1.000000,1.000000,0.596761,0.400000,0.903919,0.998585,0.707335,0.658561
folk_01::time_stretch::-10pct,1.000000,0.998925,0.984685,0.292156,0.533333,0.300053,0.660940,0.133996,0.573648,0.333333,0.939975,0.999384,0.605293,0.532420
folk_01::time_stretch::+5pct,1.000000,0.999304,0.994669,0.241769,0.434783,0.276722,1.000000,1.000000,0.645669,0.533333,0.976816,0.999806,0.750051,0.702401
folk_01::time_stretch::+10pct,1.000000,0.999275,0.991058,0.109171,0.400000,0.276722,0.964740,0.778068,0.624623,0.533333,0.956016,0.999587,0.707200,0.653083
folk_01::time_stretch::-5pct,1.000000,0.998749,0.994961,0.529168,0.416667,0.276722,0.647292,0.189290,0.713383,0.666667,0.961416,0.999866,0.661214,0.597330
folk_01::time_stretch::+20pct,1.000000,0.998916,0.985063,0.018090,0.538462,0.323385,0.987753,0.930139,0.625311,0.333333,0.935552,0.998925,0.712604,0.661685
folk_01::lowpass::lp8000,1.000000,0.999872,0.999815,1.000000,0.933333,0.875211,1.000000,1.000000,0.999980,1.000000,0.356596,0.977926,0.928430,0.980809
folk_01::lowpass::lp4000,1.000000,0.999977,0.999976,1.000000,0.933333,0.810716,1.000000,1.000000,0.999581,1.000000,0.061953,0.862482,0.888238,0.974345
folk_01::lowpass::lp2000,1.000000,0.999113,0.998686,1.000000,0.933333,0.776354,1.000000,1.000000,0.989189,1.000000,0.000044,0.664920,0.861317,0.969281
folk_01::distortion::drv4,1.000000,0.999764,0.999174,1.000000,0.933333,0.875211,1.000000,1.000000,0.982694,1.000000,0.741938,0.991447,0.959813,0.978493
folk_01::distortion::drv12,1.000000,0.997807,0.994332,1.000000,0.608696,0.542175,1.000000,1.000000,0.910655,1.000000,0.350687,0.962851,0.861403,0.902573
folk_01::distortion::drv32,1.000000,0.994646,0.987642,1.000000,0.933333,0.790643,1.000000,1.000000,0.865072,0.333333,0.186501,0.947440,0.832579,0.886046
folk_01::style_swap::swap_cross,0.166667,0.905364,0.810754,0.003938,0.461538,0.370048,1.000000,1.000000,0.308560,0.000000,0.082487,0.539225,0.443721,0.473315
folk_02::control::ctrl,1.000000,1.000000,1.000000,1.000000,1.000000,1.000000,1.000000,1.000000,1.000000,1.000000,1.000000,1.000000,1.000000,1.000000
folk_02::pitch_shift::-4st,0.333333,0.769235,0.808212,1.000000,1.000000,0.757577,1.000000,1.000000,0.839723,0.250000,0.510783,0.993615,0.754077,0.754494
folk_01::style_swap::swap_same,0.333333,0.686850,0.768442,0.005485,0.111111,0.253390,0.900000,0.000000,0.260201,0.000000,0.051151,0.629414,0.286830,0.278570
folk_02::pitch_shift::-2st,0.666667,0.705781,0.650829,1.000000,1.000000,0.801910,1.000000,1.000000,0.861737,0.250000,0.790640,0.996674,0.786976,0.765661
folk_02::pitch_shift::-1st,0.166667,0.805394,0.765401,1.000000,1.000000,0.801910,0.987508,0.915859,0.940622,0.625000,0.923499,0.998664,0.811674,0.781802
folk_02::pitch_shift::+1st,0.166667,0.780052,0.713932,1.000000,1.000000,0.801910,1.000000,1.000000,0.922162,0.375000,0.907694,0.998716,0.788100,0.755087
folk_02::pitch_shift::+2st,0.666667,0.695662,0.733519,1.000000,1.000000,0.801910,1.000000,1.000000,0.899244,0.500000,0.771685,0.996778,0.817666,0.804374
folk_02::pitch_shift::+4st,0.333333,0.774540,0.838669,1.000000,1.000000,0.898542,1.000000,1.000000,0.868419,0.250000,0.522156,0.986638,0.773089,0.776915
folk_02::time_stretch::-20pct,1.000000,0.998362,0.976341,0.097840,0.461538,0.440043,0.976479,0.843414,0.589433,0.125000,0.911671,0.998319,0.689187,0.636036
folk_02::time_stretch::-10pct,1.000000,0.998583,0.978203,0.273538,0.250000,0.486706,0.988235,0.916858,0.597534,0.375000,0.937481,0.999060,0.722357,0.673180
folk_02::time_stretch::-5pct,1.000000,0.999063,0.993843,0.626183,0.000000,0.449804,1.000000,1.000000,0.714046,0.500000,0.963893,0.999617,0.763604,0.719976
folk_02::time_stretch::+5pct,1.000000,0.998862,0.994525,0.600094,0.000000,0.417285,0.941353,0.666857,0.689100,0.625000,0.951139,0.998802,0.727589,0.678121
folk_02::time_stretch::+10pct,1.000000,0.997765,0.992447,0.343018,0.222222,0.379954,0.941353,0.666857,0.651258,0.125000,0.947905,0.999006,0.675251,0.615617
folk_02::time_stretch::+20pct,1.000000,0.998679,0.984149,0.093930,0.333333,0.417285,0.953028,0.719554,0.604404,0.500000,0.922609,0.998916,0.696622,0.643800
folk_02::lowpass::lp4000,1.000000,1.000000,0.999999,1.000000,1.000000,0.673358,0.987508,0.915859,0.999915,1.000000,0.019688,0.957511,0.878162,0.956353
folk_02::lowpass::lp8000,1.000000,0.999994,0.999992,1.000000,1.000000,0.898542,0.987508,0.915859,0.999985,1.000000,0.735554,0.995448,0.959958,0.978879
folk_02::distortion::drv4,1.000000,0.998144,0.997545,1.000000,1.000000,0.898542,0.987508,0.915859,0.977695,1.000000,0.695452,0.994084,0.953621,0.975430
folk_02::distortion::drv12,1.000000,0.989541,0.986542,0.273538,0.800000,0.626695,0.978271,0.480996,0.905382,0.625000,0.390994,0.987377,0.748894,0.760919
folk_02::lowpass::lp2000,1.000000,0.999951,0.999795,0.000574,0.222222,0.000000,0.929614,0.000000,0.997756,1.000000,0.000082,0.908915,0.581737,0.607782
folk_02::distortion::drv32,1.000000,0.981605,0.977059,0.273538,0.375000,0.440043,0.978271,0.480996,0.860914,0.625000,0.214353,0.989867,0.676672,0.691652
folk_02::style_swap::swap_cross,0.666667,0.884509,0.837820,0.189304,0.625000,0.440043,1.000000,1.000000,0.257940,0.000000,0.262998,0.953981,0.566967,0.558965
folk_02::style_swap::swap_same,0.833333,0.786984,0.717305,0.133122,0.153846,0.486706,0.978048,0.642352,0.230600,0.000000,0.241557,0.969400,0.479053,0.453970
folk_03::control::ctrl,1.000000,1.000000,1.000000,1.000000,1.000000,1.000000,1.000000,1.000000,1.000000,1.000000,1.000000,1.000000,1.000000,1.000000
folk_03::pitch_shift::-4st,0.333333,0.772706,0.714876,1.000000,1.000000,0.906066,1.000000,1.000000,0.805651,0.363636,0.666141,0.998697,0.776303,0.765088
folk_03::pitch_shift::-2st,0.666667,0.791751,0.748615,1.000000,1.000000,0.857359,1.000000,1.000000,0.837139,0.090909,0.905404,0.999506,0.806615,0.777450
folk_03::pitch_shift::-1st,0.166667,0.878788,0.810281,1.000000,1.000000,0.857359,1.000000,1.000000,0.833301,0.181818,0.972500,0.999896,0.795170,0.756965
folk_03::pitch_shift::+1st,0.166667,0.866445,0.812991,1.000000,1.000000,0.857359,1.000000,1.000000,0.840708,0.181818,0.961844,0.999838,0.793801,0.756394
folk_03::pitch_shift::+2st,0.666667,0.777262,0.680621,1.000000,1.000000,0.815013,1.000000,1.000000,0.815513,0.000000,0.903732,0.999740,0.784111,0.750587
folk_03::pitch_shift::+4st,0.333333,0.791280,0.730331,1.000000,1.000000,0.815013,1.000000,1.000000,0.796883,0.000000,0.708599,0.998541,0.744960,0.723247
folk_03::time_stretch::-20pct,1.000000,0.993120,0.975447,0.042436,0.380952,0.393076,0.946977,0.402409,0.659410,0.090909,0.934631,0.999801,0.638183,0.572377
folk_03::time_stretch::-10pct,1.000000,0.986377,0.961944,0.273538,0.222222,0.408326,0.989371,0.786476,0.696399,0.000000,0.967651,0.999880,0.681558,0.621118
folk_03::time_stretch::-5pct,1.000000,0.993441,0.975266,0.626183,0.117647,0.408326,0.989371,0.786476,0.684123,0.636364,0.975190,0.999902,0.756868,0.710733
folk_03::time_stretch::+5pct,1.000000,0.988298,0.971285,0.600094,0.111111,0.408326,1.000000,1.000000,0.693709,0.090909,0.962180,0.999867,0.727121,0.676341
folk_03::time_stretch::+10pct,1.000000,0.993009,0.967259,0.343018,0.315789,0.379954,1.000000,1.000000,0.644647,0.090909,0.946813,0.999772,0.714022,0.662170
folk_03::time_stretch::+20pct,1.000000,0.986199,0.961462,0.097840,0.133333,0.408326,1.000000,1.000000,0.629563,0.090909,0.934928,0.999808,0.676683,0.618547
folk_03::lowpass::lp8000,1.000000,1.000000,1.000000,1.000000,1.000000,1.000000,1.000000,1.000000,0.999993,1.000000,0.800054,0.996391,0.983016,0.999999
folk_03::lowpass::lp4000,1.000000,1.000000,0.999999,1.000000,0.588235,0.626695,1.000000,1.000000,0.975815,0.636364,0.071870,0.982540,0.822792,0.882025
folk_03::lowpass::lp2000,1.000000,0.999997,0.999990,1.000000,0.000000,0.000000,0.976775,0.640946,0.999644,1.000000,0.000184,0.964307,0.712998,0.759384
folk_03::distortion::drv4,1.000000,0.999306,0.997495,1.000000,1.000000,0.857359,0.978048,0.642352,0.981966,0.636364,0.867546,0.994578,0.910541,0.906472
folk_03::distortion::drv12,1.000000,0.997098,0.992874,1.000000,1.000000,0.815881,0.978048,0.642352,0.909372,0.363636,0.566154,0.972037,0.848711,0.864818
folk_03::distortion::drv32,1.000000,0.991652,0.983858,0.600094,0.555556,0.506938,0.957542,0.462798,0.812596,0.090909,0.372720,0.949562,0.681330,0.685699
folk_03::style_swap::swap_cross,0.833333,0.773948,0.674662,0.185406,0.210526,0.449804,0.978048,0.642352,0.319051,0.000000,0.350777,0.962873,0.496921,0.465184
folk_03::style_swap::swap_same,0.833333,0.812636,0.700541,0.626183,0.000000,0.529330,0.975645,0.639698,0.297627,0.000000,0.397727,0.952732,0.530408,0.501754
folk_04::control::ctrl,1.000000,1.000000,1.000000,1.000000,1.000000,1.000000,1.000000,1.000000,1.000000,1.000000,1.000000,1.000000,1.000000,1.000000
folk_04::pitch_shift::-4st,0.333333,0.835354,0.738136,1.000000,1.000000,0.917967,1.000000,1.000000,0.808838,0.200000,0.555853,0.991118,0.764462,0.762716
folk_04::pitch_shift::-2st,0.666667,0.846375,0.739823,1.000000,1.000000,0.917967,1.000000,1.000000,0.865066,0.700000,0.834911,0.996767,0.865241,0.855143
folk_04::pitch_shift::-1st,0.166667,0.831852,0.703129,1.000000,1.000000,0.917967,1.000000,1.000000,0.874647,0.500000,0.935760,0.998787,0.810833,0.779553
folk_04::pitch_shift::+1st,0.166667,0.839521,0.808183,1.000000,1.000000,0.917967,1.000000,1.000000,0.850761,0.500000,0.930011,0.999096,0.819830,0.790892
folk_04::pitch_shift::+2st,0.666667,0.839301,0.728749,1.000000,1.000000,0.917967,1.000000,1.000000,0.831258,0.700000,0.802843,0.995909,0.856823,0.848339
folk_04::pitch_shift::+4st,0.333333,0.833955,0.739067,1.000000,1.000000,0.917967,1.000000,1.000000,0.821154,0.500000,0.573624,0.986339,0.791757,0.794203
folk_04::time_stretch::-20pct,1.000000,0.994967,0.978502,0.093829,0.315789,0.354289,0.988702,0.893464,0.642423,0.100000,0.918949,0.997803,0.679774,0.624067
folk_04::time_stretch::-10pct,1.000000,0.999122,0.979467,0.343018,0.222222,0.388226,1.000000,1.000000,0.681445,0.300000,0.952930,0.999357,0.730799,0.681735
folk_04::time_stretch::-5pct,1.000000,0.998314,0.979569,0.571607,0.111111,0.388226,1.000000,1.000000,0.759340,0.600000,0.968904,0.999715,0.775194,0.733372
folk_04::time_stretch::+5pct,1.000000,0.998307,0.981628,0.540514,0.521739,0.422162,1.000000,1.000000,0.761541,0.500000,0.967765,0.999849,0.801684,0.765260
folk_04::time_stretch::+10pct,1.000000,0.996714,0.974047,0.273835,0.454545,0.354289,1.000000,1.000000,0.699751,0.300000,0.945981,0.999625,0.742096,0.695957
folk_04::time_stretch::+20pct,1.000000,0.995021,0.957402,0.055287,0.434783,0.422162,0.988929,0.873771,0.658551,0.700000,0.915638,0.999590,0.739937,0.696404
folk_04::lowpass::lp8000,1.000000,1.000000,1.000000,1.000000,1.000000,0.917967,1.000000,1.000000,0.999996,1.000000,0.619707,0.982571,0.959924,0.991796
folk_04::lowpass::lp4000,1.000000,0.999999,0.999999,1.000000,0.545455,0.523973,1.000000,1.000000,0.999978,1.000000,0.193943,0.960025,0.851728,0.906940
folk_04::lowpass::lp2000,1.000000,0.999970,0.999917,1.000000,0.636364,0.523973,1.000000,1.000000,0.998966,1.000000,0.000306,0.930966,0.840466,0.915886
folk_04::distortion::drv4,1.000000,0.999553,0.998588,1.000000,1.000000,1.000000,1.000000,1.000000,0.983454,0.800000,0.912215,0.998967,0.973952,0.977631
folk_04::distortion::drv12,1.000000,0.995645,0.991327,1.000000,0.666667,0.523973,1.000000,1.000000,0.918412,0.500000,0.647507,0.994703,0.850856,0.856841
folk_04::distortion::drv32,1.000000,0.990766,0.983476,1.000000,0.666667,0.468908,1.000000,1.000000,0.861514,0.800000,0.428619,0.992171,0.845276,0.872304
folk_04::style_swap::swap_cross,0.666667,0.748366,0.630864,0.011397,0.000000,0.000000,0.988702,0.893464,0.289776,0.000000,0.027287,0.932003,0.395528,0.379152
folk_04::style_swap::swap_same,0.500000,0.670549,0.645685,0.388091,0.500000,0.456099,0.968135,0.540236,0.284270,0.000000,0.180211,0.989274,0.468850,0.445742
folk_05::control::ctrl,1.000000,1.000000,1.000000,1.000000,1.000000,1.000000,1.000000,1.000000,1.000000,1.000000,1.000000,1.000000,1.000000,1.000000
folk_05::pitch_shift::-4st,0.333333,0.643172,0.674835,0.232787,0.153846,0.440043,1.000000,1.000000,0.836851,0.500000,0.527779,0.994657,0.585325,0.550182
folk_05::pitch_shift::-2st,0.666667,0.573337,0.617696,1.000000,0.600000,0.641267,1.000000,1.000000,0.856104,0.333333,0.807363,0.997919,0.727956,0.693033
folk_05::pitch_shift::-1st,0.166667,0.543776,0.465909,0.074057,0.315789,0.316013,1.000000,1.000000,0.874665,0.333333,0.828399,0.998500,0.542457,0.468269
folk_05::pitch_shift::+1st,0.166667,0.547684,0.469662,0.190825,0.307692,0.440043,1.000000,1.000000,0.877262,0.666667,0.838586,0.997683,0.591567,0.526269
folk_05::pitch_shift::+2st,0.666667,0.578810,0.623627,1.000000,0.600000,0.641267,1.000000,1.000000,0.876577,0.833333,0.779719,0.997446,0.770779,0.747235
folk_05::pitch_shift::+4st,0.333333,0.656815,0.650072,1.000000,0.800000,0.641267,1.000000,1.000000,0.831755,0.333333,0.547507,0.992132,0.705977,0.693260
folk_05::time_stretch::-20pct,1.000000,0.989034,0.965963,0.377436,0.352941,0.330858,1.000000,1.000000,0.627150,0.500000,0.825240,0.998955,0.737274,0.702317
folk_05::time_stretch::-10pct,1.000000,0.998469,0.986625,0.234723,0.428571,0.506938,1.000000,1.000000,0.726432,0.500000,0.891941,0.999290,0.765923,0.729989
folk_05::time_stretch::+5pct,1.000000,0.998952,0.990939,0.288719,0.153846,0.440043,1.000000,1.000000,0.799323,1.000000,0.849766,0.998482,0.788345,0.761200
folk_05::time_stretch::-5pct,1.000000,0.999127,0.989755,0.723829,0.000000,0.641267,0.682975,0.079321,0.769717,0.666667,0.838761,0.998057,0.665292,0.614681
folk_05::time_stretch::+10pct,1.000000,0.997608,0.984245,0.575720,0.400000,0.566607,1.000000,1.000000,0.736235,0.500000,0.887681,0.999048,0.797245,0.768028
folk_05::time_stretch::+20pct,1.000000,0.994064,0.971727,0.299795,0.000000,0.566607,1.000000,1.000000,0.692048,0.833333,0.857952,0.998484,0.759680,0.725983
folk_05::lowpass::lp8000,1.000000,1.000000,1.000000,0.847351,0.800000,0.641267,1.000000,1.000000,0.999994,1.000000,0.950815,0.999946,0.936613,0.928861
folk_05::lowpass::lp4000,1.000000,1.000000,1.000000,0.847351,0.800000,0.641267,1.000000,1.000000,0.999975,1.000000,0.003610,0.989570,0.856756,0.928858
folk_05::lowpass::lp2000,1.000000,0.999996,0.999994,1.000000,0.500000,0.566607,1.000000,1.000000,0.998900,1.000000,0.000075,0.932533,0.832780,0.906518
folk_05::distortion::drv4,1.000000,0.999978,0.999832,1.000000,0.800000,0.566607,1.000000,1.000000,0.990565,1.000000,0.936821,0.999597,0.940887,0.935425
folk_05::distortion::drv12,1.000000,0.998238,0.996544,1.000000,0.800000,0.641267,1.000000,1.000000,0.893994,0.833333,0.677593,0.994782,0.900296,0.913152
folk_05::distortion::drv32,1.000000,0.990637,0.986302,0.839996,0.800000,0.641267,1.000000,1.000000,0.749504,0.500000,0.316068,0.983952,0.810607,0.842832
folk_05::style_swap::swap_cross,1.000000,0.907022,0.850531,0.470994,0.000000,0.417285,0.957542,0.462798,0.272623,0.166667,0.166696,0.961584,0.524601,0.516946
folk_05::style_swap::swap_same,0.333333,0.591786,0.582678,0.234723,0.363636,0.517511,0.978048,0.642352,0.318391,0.166667,0.213804,0.954066,0.446803,0.419678
folk_06::control::ctrl,1.000000,1.000000,1.000000,1.000000,1.000000,1.000000,1.000000,1.000000,1.000000,1.000000,1.000000,1.000000,1.000000,1.000000
folk_06::pitch_shift::-4st,0.333333,0.478694,0.346110,0.794294,0.727273,0.602788,1.000000,1.000000,0.809140,1.000000,0.350429,0.934519,0.656814,0.660112
folk_06::pitch_shift::-2st,0.666667,0.470747,0.506438,0.794294,0.000000,0.579728,0.676648,0.000000,0.858593,1.000000,0.646574,0.982084,0.533167,0.477052
folk_06::pitch_shift::-1st,0.166667,0.577324,0.467752,0.794294,0.000000,0.579728,1.000000,1.000000,0.866401,0.666667,0.831441,0.994800,0.629373,0.572658
folk_06::pitch_shift::+1st,0.166667,0.488070,0.353398,0.794294,0.000000,0.579728,1.000000,1.000000,0.847950,0.833333,0.848794,0.995201,0.619524,0.559061
folk_06::pitch_shift::+2st,0.666667,0.498706,0.670776,1.000000,1.000000,1.000000,0.939589,0.000000,0.845853,0.833333,0.627589,0.979139,0.717876,0.700915
folk_06::pitch_shift::+4st,0.333333,0.493917,0.371827,1.000000,1.000000,0.848573,0.890259,0.000000,0.861066,1.000000,0.349239,0.935031,0.625327,0.622392
folk_06::time_stretch::-20pct,1.000000,0.992036,0.979504,0.363009,0.210526,0.345430,0.929614,0.000000,0.641522,1.000000,0.879978,0.998913,0.679837,0.627923
folk_06::time_stretch::-10pct,1.000000,0.997937,0.988925,1.000000,0.200000,0.579728,0.880597,0.000000,0.651570,0.333333,0.944867,0.999822,0.695823,0.640520
folk_06::time_stretch::-5pct,1.000000,0.993803,0.986002,1.000000,0.545455,0.582659,0.880597,0.000000,0.659840,1.000000,0.964495,0.999766,0.782099,0.742094
folk_06::time_stretch::+5pct,1.000000,0.992377,0.982225,0.621887,0.000000,0.720021,0.890259,0.000000,0.758561,0.333333,0.962696,0.999468,0.672504,0.610792
folk_06::time_stretch::+10pct,1.000000,0.992663,0.977402,0.363009,0.200000,0.517511,1.000000,1.000000,0.723935,0.666667,0.943454,0.998857,0.774624,0.735325
folk_06::time_stretch::+20pct,1.000000,0.987953,0.957989,0.196212,0.400000,0.517511,1.000000,1.000000,0.675849,0.333333,0.923277,0.998723,0.740143,0.695980
folk_06::lowpass::lp8000,1.000000,1.000000,1.000000,1.000000,1.000000,1.000000,1.000000,1.000000,0.999990,1.000000,0.420431,0.986469,0.950500,0.999999
folk_06::lowpass::lp4000,1.000000,0.999978,0.999968,1.000000,1.000000,0.848573,1.000000,1.000000,0.999869,1.000000,0.108053,0.927095,0.906558,0.984833
folk_06::lowpass::lp2000,1.000000,0.985311,0.984373,0.235132,0.400000,0.517511,1.000000,1.000000,0.994588,0.833333,0.001463,0.684260,0.716845,0.793712
folk_06::distortion::drv4,1.000000,0.999927,0.999692,0.794294,0.000000,0.579728,0.939589,0.000000,0.957540,1.000000,0.597047,0.995522,0.732524,0.719801
folk_06::distortion::drv12,1.000000,0.998242,0.996232,0.621887,0.000000,0.579728,0.939589,0.000000,0.892104,1.000000,0.289214,0.983742,0.683882,0.693470
folk_06::distortion::drv32,1.000000,0.993939,0.989895,0.621887,0.000000,0.000000,0.939589,0.000000,0.815147,1.000000,0.189190,0.977915,0.617280,0.624171
folk_06::style_swap::swap_cross,0.833333,0.733385,0.810849,1.000000,0.000000,0.435926,0.909812,0.000000,0.287676,0.000000,0.134264,0.729659,0.448104,0.453105
folk_06::style_swap::swap_same,0.833333,0.904907,0.882704,0.319821,0.142857,0.379954,0.890259,0.000000,0.277915,0.000000,0.173439,0.783323,0.431392,0.423416
folk_07::control::ctrl,1.000000,1.000000,1.000000,1.000000,1.000000,1.000000,1.000000,1.000000,1.000000,1.000000,1.000000,1.000000,1.000000,1.000000
folk_07::pitch_shift::-4st,0.333333,0.787281,0.773574,1.000000,1.000000,0.821853,1.000000,1.000000,0.722026,0.666667,0.521118,0.991519,0.780872,0.785839
folk_07::pitch_shift::-2st,0.666667,0.742827,0.698822,1.000000,1.000000,0.848573,1.000000,1.000000,0.787270,0.611111,0.818448,0.997380,0.825076,0.808525
folk_07::pitch_shift::-1st,0.166667,0.829475,0.795805,1.000000,1.000000,0.848573,1.000000,1.000000,0.843213,0.777778,0.950201,0.999189,0.835514,0.807684
folk_07::pitch_shift::+1st,0.166667,0.842931,0.829510,1.000000,1.000000,0.898542,0.989371,0.786476,0.816538,0.888889,0.938335,0.999095,0.830768,0.803185
folk_07::pitch_shift::+2st,0.666667,0.743367,0.696041,1.000000,1.000000,0.898542,0.989371,0.786476,0.796558,0.722222,0.823250,0.996229,0.820012,0.802092
folk_07::pitch_shift::+4st,0.333333,0.761662,0.687002,1.000000,1.000000,0.898542,0.989371,0.786476,0.756754,0.333333,0.559127,0.988769,0.734249,0.726383
folk_07::time_stretch::-20pct,0.500000,0.995688,0.984282,0.116098,0.400000,0.440043,0.989371,0.786476,0.509500,0.333333,0.917197,0.999682,0.651312,0.589889
folk_07::time_stretch::-10pct,1.000000,0.997149,0.987227,0.436835,0.266667,0.529330,0.989371,0.786476,0.631716,0.611111,0.935192,0.999753,0.754257,0.711616
folk_07::time_stretch::-5pct,1.000000,0.995090,0.987359,0.650077,0.000000,0.440043,0.687069,0.111244,0.644854,0.500000,0.960071,0.999729,0.627987,0.557606
folk_07::time_stretch::+5pct,1.000000,0.997073,0.990017,0.626183,0.000000,0.449804,0.978309,0.723723,0.667514,0.666667,0.971178,0.999939,0.745824,0.697878
folk_07::time_stretch::+10pct,1.000000,0.995902,0.988387,0.375769,0.375000,0.440043,0.989371,0.786476,0.595607,0.500000,0.952317,0.999757,0.739026,0.691626
folk_07::time_stretch::+20pct,1.000000,0.992244,0.983372,0.116098,0.333333,0.379954,0.989371,0.786476,0.528060,0.277778,0.923382,0.999712,0.679761,0.623405
folk_07::lowpass::lp8000,1.000000,0.999492,0.999009,1.000000,1.000000,1.000000,1.000000,1.000000,0.999990,1.000000,0.490365,0.965348,0.954284,0.999797
folk_07::distortion::drv4,1.000000,0.999351,0.998629,1.000000,1.000000,1.000000,1.000000,1.000000,0.983564,0.777778,0.965113,0.999514,0.976547,0.975397
folk_07::lowpass::lp4000,1.000000,0.999456,0.998948,1.000000,1.000000,0.801910,0.989152,0.842666,0.999909,1.000000,0.126752,0.943447,0.890581,0.962048
folk_07::lowpass::lp2000,1.000000,0.999666,0.999283,1.000000,0.500000,0.550982,0.978309,0.723723,0.994350,1.000000,0.001221,0.939543,0.804918,0.872223
folk_07::distortion::drv12,1.000000,0.995668,0.993283,1.000000,1.000000,0.898542,1.000000,1.000000,0.904255,0.388889,0.777794,0.996133,0.910267,0.914953
folk_07::style_swap::swap_cross,0.500000,0.842087,0.786021,0.116098,0.222222,0.417285,0.988531,0.841845,0.277781,0.000000,0.217807,0.891176,0.478409,0.463907
folk_07::distortion::drv32,1.000000,0.988988,0.984379,1.000000,1.000000,0.710914,0.636445,0.088413,0.827879,0.277778,0.558202,0.992408,0.718234,0.706870
folk_07::style_swap::swap_same,0.166667,0.732593,0.768012,0.626183,0.375000,0.486706,0.956670,0.555832,0.296641,0.000000,0.441889,0.973855,0.494778,0.452331
folk_08::control::ctrl,1.000000,1.000000,1.000000,1.000000,1.000000,1.000000,1.000000,1.000000,1.000000,1.000000,1.000000,1.000000,1.000000,1.000000
folk_08::pitch_shift::-4st,0.333333,0.795340,0.758501,1.000000,0.000000,0.536782,0.987256,0.938571,0.802168,0.285714,0.629699,0.996792,0.652254,0.620076
folk_08::pitch_shift::-2st,0.666667,0.758558,0.678052,1.000000,0.000000,0.456099,1.000000,1.000000,0.862236,0.214286,0.857517,0.998429,0.687131,0.638974
folk_08::pitch_shift::-1st,0.166667,0.727502,0.618821,1.000000,0.000000,0.523973,1.000000,1.000000,0.895358,0.357143,0.926935,0.999092,0.662281,0.602141
folk_08::pitch_shift::+1st,0.166667,0.747909,0.630702,1.000000,0.000000,0.603937,1.000000,1.000000,0.874494,0.357143,0.942787,0.999576,0.671893,0.612038
folk_08::pitch_shift::+2st,0.666667,0.772456,0.732193,1.000000,0.000000,0.557910,1.000000,1.000000,0.864310,0.142857,0.854837,0.998272,0.697086,0.651203
folk_08::pitch_shift::+4st,0.333333,0.782241,0.739439,1.000000,0.000000,0.502845,1.000000,1.000000,0.846266,0.285714,0.671332,0.994144,0.661028,0.626724
folk_08::time_stretch::-20pct,1.000000,0.996267,0.982526,0.075473,0.333333,0.454615,0.961824,0.828885,0.623478,0.142857,0.908967,0.999182,0.679478,0.624564
folk_08::time_stretch::-10pct,1.000000,0.998318,0.980165,0.308962,0.352941,0.379954,0.974527,0.881694,0.661449,0.571429,0.924776,0.999238,0.742036,0.698047
folk_08::time_stretch::-5pct,1.000000,0.999203,0.988810,0.540514,0.300000,0.417285,0.953028,0.719554,0.715581,0.428571,0.959458,0.999786,0.740704,0.692921
folk_08::time_stretch::+5pct,1.000000,0.998486,0.991943,0.018140,0.235294,0.379954,1.000000,1.000000,0.719513,0.428571,0.962567,0.999704,0.720976,0.668946
folk_08::time_stretch::+10pct,1.000000,0.995872,0.989916,0.024937,0.352941,0.454615,0.987506,0.934789,0.703926,0.142857,0.951995,0.999540,0.703081,0.648547
folk_08::time_stretch::+20pct,1.000000,0.995435,0.984735,0.102286,0.347826,0.395451,0.953028,0.719554,0.615835,0.285714,0.925199,0.999385,0.679983,0.623525
folk_08::lowpass::lp8000,1.000000,0.999969,0.999927,1.000000,0.000000,0.523973,1.000000,1.000000,0.999830,1.000000,0.296444,0.975341,0.816148,0.852362
folk_08::lowpass::lp4000,1.000000,0.999999,0.999999,1.000000,1.000000,0.784084,1.000000,1.000000,0.999978,1.000000,0.139415,0.949899,0.905840,0.978405
folk_08::lowpass::lp2000,1.000000,0.999962,0.999918,0.023496,0.266667,0.454615,1.000000,1.000000,0.998364,1.000000,0.000421,0.939992,0.723246,0.774248
folk_08::distortion::drv4,1.000000,0.999221,0.997973,1.000000,1.000000,0.745973,1.000000,1.000000,0.939482,0.714286,0.722172,0.993953,0.924548,0.937885
folk_08::distortion::drv12,1.000000,0.995134,0.991679,1.000000,1.000000,0.678598,0.987256,0.938571,0.857749,0.714286,0.422553,0.984861,0.875937,0.910483
folk_08::distortion::drv32,1.000000,0.992294,0.987721,1.000000,0.000000,0.529276,0.977539,0.480356,0.820256,0.785714,0.318066,0.987528,0.733164,0.749319
folk_08::style_swap::swap_same,0.833333,0.864788,0.733184,0.506619,0.888889,0.543366,0.987506,0.934789,0.275567,0.142857,0.425076,0.985434,0.646941,0.635375
folk_08::style_swap::swap_cross,0.666667,0.824037,0.781285,0.018140,0.111111,0.379954,0.668930,0.304787,0.309320,0.071429,0.305028,0.971291,0.392822,0.343944
folk_09::control::ctrl,1.000000,1.000000,1.000000,1.000000,1.000000,1.000000,1.000000,1.000000,1.000000,1.000000,1.000000,1.000000,1.000000,1.000000
folk_09::pitch_shift::-4st,0.333333,0.851545,0.780245,1.000000,1.000000,0.872323,1.000000,1.000000,0.620383,0.250000,0.630355,0.991850,0.757403,0.746716
folk_09::pitch_shift::-2st,0.666667,0.935933,0.872904,1.000000,1.000000,0.838386,1.000000,1.000000,0.753445,0.250000,0.862068,0.997392,0.836740,0.818160
folk_09::pitch_shift::-1st,0.166667,0.947553,0.884854,1.000000,1.000000,0.917967,1.000000,1.000000,0.643846,0.000000,0.949366,0.999262,0.779308,0.740312
folk_09::pitch_shift::+1st,0.166667,0.946732,0.873137,1.000000,1.000000,1.000000,1.000000,1.000000,0.735177,0.000000,0.933201,0.998600,0.793173,0.758636
folk_09::pitch_shift::+2st,0.666667,0.934969,0.864744,1.000000,1.000000,1.000000,1.000000,1.000000,0.661733,0.000000,0.841028,0.995544,0.816669,0.796375
folk_09::pitch_shift::+4st,0.333333,0.850758,0.778757,1.000000,1.000000,0.917967,1.000000,1.000000,0.591905,0.000000,0.640745,0.990026,0.737775,0.722319
folk_09::time_stretch::-20pct,1.000000,0.988439,0.953023,0.078083,0.250000,0.338020,0.625920,0.057376,0.462647,0.000000,0.917825,0.997590,0.508285,0.418416
folk_09::time_stretch::-5pct,1.000000,0.996358,0.978846,0.506619,0.272727,0.354289,0.968135,0.540236,0.631135,0.125000,0.967328,0.999515,0.682992,0.622909
folk_09::time_stretch::-10pct,1.000000,0.997475,0.980000,0.012634,0.615385,0.345430,0.662550,0.072803,0.631577,0.000000,0.938915,0.998279,0.565377,0.484745
folk_09::time_stretch::+5pct,1.000000,0.993984,0.975629,0.469752,0.181818,0.388226,1.000000,1.000000,0.599760,0.000000,0.975548,0.999586,0.705112,0.648624
folk_09::time_stretch::+10pct,1.000000,0.995827,0.974756,0.469752,0.083333,0.395451,0.968135,0.540236,0.595326,0.250000,0.953471,0.998694,0.672429,0.611707
folk_09::lowpass::lp8000,1.000000,0.999306,0.997132,1.000000,1.000000,1.000000,1.000000,1.000000,0.918951,0.625000,0.327778,0.948622,0.899111,0.951630
folk_09::time_stretch::+20pct,1.000000,0.990511,0.963508,0.078083,0.545455,0.388226,0.968135,0.540236,0.468026,0.000000,0.932692,0.998759,0.639671,0.574468
folk_09::lowpass::lp4000,1.000000,0.999350,0.997300,1.000000,0.000000,0.422162,1.000000,1.000000,0.999931,1.000000,0.083659,0.857779,0.779150,0.841769
folk_09::lowpass::lp2000,1.000000,0.999989,0.999969,1.000000,0.000000,0.490036,0.968135,0.540236,0.940865,0.250000,0.000052,0.902170,0.669665,0.714018
folk_09::distortion::drv4,1.000000,0.998803,0.997025,1.000000,0.636364,0.523973,1.000000,1.000000,0.921497,0.625000,0.894467,0.997034,0.880860,0.867902
folk_09::distortion::drv12,1.000000,0.994501,0.983556,1.000000,0.272727,0.422162,0.989586,0.655126,0.756895,0.250000,0.724421,0.989998,0.746051,0.723886
folk_09::distortion::drv32,1.000000,0.994177,0.987371,0.506619,0.636364,0.570719,0.989586,0.655126,0.704379,0.625000,0.613863,0.987918,0.764213,0.756957
folk_09::style_swap::swap_cross,0.500000,0.926489,0.901133,0.201898,0.260870,0.361967,0.977556,0.641808,0.285515,0.000000,0.314338,0.902644,0.498280,0.476877
folk_09::style_swap::swap_same,0.833333,0.854597,0.825714,0.273835,0.545455,0.388226,0.968135,0.540236,0.276419,0.125000,0.266563,0.907998,0.536867,0.527388
folk_10::control::ctrl,1.000000,1.000000,1.000000,1.000000,1.000000,1.000000,1.000000,1.000000,1.000000,1.000000,1.000000,1.000000,1.000000,1.000000
folk_10::pitch_shift::-4st,0.500000,0.937120,0.865439,1.000000,1.000000,1.000000,1.000000,1.000000,0.707022,0.095238,0.533011,0.991519,0.789879,0.795458
folk_10::pitch_shift::-2st,0.833333,0.925697,0.885811,1.000000,1.000000,1.000000,1.000000,1.000000,0.785705,0.142857,0.842850,0.997307,0.857079,0.844496
folk_10::pitch_shift::-1st,0.000000,0.944500,0.904232,1.000000,1.000000,1.000000,1.000000,1.000000,0.844258,0.285714,0.941414,0.999281,0.818492,0.788126
folk_10::pitch_shift::+1st,0.333333,0.957500,0.890517,1.000000,1.000000,0.898542,1.000000,1.000000,0.848401,0.238095,0.938047,0.999392,0.834214,0.807317
folk_10::pitch_shift::+2st,0.500000,0.928004,0.882656,1.000000,1.000000,0.898542,1.000000,1.000000,0.838864,0.380952,0.829611,0.997784,0.845271,0.831601
folk_10::pitch_shift::+4st,0.166667,0.918721,0.872141,1.000000,1.000000,1.000000,1.000000,1.000000,0.762459,0.142857,0.570327,0.992107,0.773550,0.772069
folk_10::time_stretch::-20pct,0.833333,0.998130,0.978262,0.139407,0.380952,0.309304,1.000000,1.000000,0.570064,0.000000,0.922833,0.999320,0.666917,0.608089
folk_10::time_stretch::-10pct,0.833333,0.998433,0.987514,0.384031,0.190476,0.338020,1.000000,1.000000,0.642541,0.142857,0.959420,0.999799,0.697581,0.641177
folk_10::time_stretch::-5pct,0.833333,0.999621,0.992196,0.516840,0.000000,0.440043,1.000000,1.000000,0.723474,0.238095,0.975801,0.999953,0.719892,0.666295
folk_10::time_stretch::+5pct,0.833333,0.999442,0.990750,0.692056,0.000000,0.486706,1.000000,1.000000,0.744275,0.333333,0.980119,0.999951,0.748729,0.700468
folk_10::time_stretch::+10pct,0.833333,0.998960,0.981790,0.465043,0.400000,0.440043,1.000000,1.000000,0.638563,0.428571,0.953689,0.999830,0.752669,0.707852
folk_10::time_stretch::+20pct,0.833333,0.995778,0.972168,0.189304,0.125000,0.440043,0.987376,0.840318,0.588893,0.047619,0.935057,0.999681,0.651304,0.588094
folk_10::lowpass::lp8000,1.000000,1.000000,1.000000,1.000000,1.000000,0.898542,1.000000,1.000000,0.999995,1.000000,0.368926,0.973853,0.936633,0.989854
folk_10::lowpass::lp4000,1.000000,0.999915,0.999559,1.000000,1.000000,1.000000,1.000000,1.000000,0.999970,1.000000,0.146692,0.948451,0.924253,0.999928
folk_10::lowpass::lp2000,1.000000,0.999955,0.999837,1.000000,0.933333,0.656117,0.987686,0.840728,0.999248,1.000000,0.000873,0.950239,0.862660,0.940407
folk_10::distortion::drv4,1.000000,0.999618,0.997730,1.000000,1.000000,0.898542,1.000000,1.000000,0.940224,0.809524,0.842132,0.997875,0.955647,0.962790
folk_10::distortion::drv12,1.000000,0.998331,0.993270,0.710493,1.000000,0.801910,1.000000,1.000000,0.841651,0.523810,0.529220,0.991453,0.861838,0.882195
folk_10::distortion::drv32,0.833333,0.997071,0.989529,0.710493,1.000000,0.673358,1.000000,1.000000,0.802436,0.571429,0.345704,0.987900,0.820850,0.851739
folk_10::style_swap::swap_same,0.500000,0.822810,0.814592,0.302314,0.250000,0.440043,1.000000,1.000000,0.287744,0.095238,0.439020,0.982020,0.549325,0.517204
folk_11::control::ctrl,1.000000,1.000000,1.000000,1.000000,1.000000,1.000000,1.000000,1.000000,1.000000,1.000000,1.000000,1.000000,1.000000,1.000000
folk_11::pitch_shift::-4st,0.333333,0.801716,0.701855,0.127378,0.307692,0.440043,1.000000,1.000000,0.778590,0.166667,0.612222,0.997638,0.585440,0.541558
folk_10::style_swap::swap_cross,0.500000,0.962535,0.927731,0.139407,0.285714,0.366736,0.652695,0.033678,0.295816,0.000000,0.132614,0.857730,0.378152,0.355681
folk_11::pitch_shift::-2st,0.666667,0.739963,0.640570,0.038236,0.428571,0.440043,1.000000,1.000000,0.803446,0.333333,0.848093,0.999251,0.638000,0.580871
folk_11::pitch_shift::-1st,0.166667,0.720913,0.502881,0.038236,0.428571,0.440043,1.000000,1.000000,0.839442,0.166667,0.935250,0.999704,0.576733,0.498586
folk_11::pitch_shift::+1st,0.166667,0.731804,0.526840,0.038236,0.428571,0.486706,1.000000,1.000000,0.846499,0.000000,0.930049,0.999494,0.570923,0.492157
folk_11::pitch_shift::+2st,0.666667,0.733083,0.658578,0.127378,0.307692,0.440043,1.000000,1.000000,0.799594,0.166667,0.851191,0.998763,0.622296,0.561768
folk_11::pitch_shift::+4st,0.333333,0.798321,0.687007,0.127378,0.307692,0.440043,0.987753,0.930139,0.746730,0.333333,0.632868,0.996538,0.587641,0.542252
folk_11::time_stretch::-10pct,1.000000,0.990566,0.984296,0.093930,0.235294,0.440043,0.987506,0.934789,0.681202,0.000000,0.949940,0.999754,0.682067,0.623513
folk_11::time_stretch::-20pct,0.833333,0.979784,0.974405,0.156526,0.000000,0.440043,0.953962,0.694350,0.612570,1.000000,0.905866,0.999459,0.697930,0.646987
folk_11::time_stretch::-5pct,1.000000,0.992339,0.982299,0.311702,0.142857,0.440043,1.000000,1.000000,0.747452,0.000000,0.963509,0.999852,0.708324,0.653653
folk_11::time_stretch::+5pct,1.000000,0.994997,0.985786,0.058817,0.235294,0.440043,0.987753,0.930139,0.746732,0.333333,0.930602,0.999798,0.712691,0.662191
folk_11::time_stretch::+10pct,1.000000,0.993976,0.983560,0.093930,0.235294,0.440043,0.987753,0.930139,0.698244,0.166667,0.916863,0.999753,0.695031,0.642377
folk_11::time_stretch::+20pct,1.000000,0.986208,0.958951,0.273835,0.222222,0.440043,0.976002,0.856389,0.612211,0.000000,0.865627,0.999383,0.669825,0.617293
folk_11::lowpass::lp8000,1.000000,0.999992,0.999983,0.038236,0.428571,0.486706,1.000000,1.000000,0.999993,1.000000,0.586973,0.990185,0.794162,0.795344
folk_11::lowpass::lp4000,1.000000,0.999999,0.999999,0.038236,0.428571,0.440043,1.000000,1.000000,0.999963,1.000000,0.109212,0.974351,0.749053,0.790677
folk_11::distortion::drv4,1.000000,0.999913,0.999755,0.038236,0.428571,0.486706,1.000000,1.000000,0.988301,1.000000,0.966553,0.999603,0.825346,0.793803
folk_11::lowpass::lp2000,1.000000,0.999989,0.999979,0.005929,0.000000,0.440043,0.943659,0.604224,0.999095,1.000000,0.000349,0.961860,0.657783,0.693369
folk_11::distortion::drv12,1.000000,0.996803,0.995141,0.038236,0.428571,0.486706,1.000000,1.000000,0.905610,0.333333,0.721198,0.993603,0.739090,0.715471
folk_11::distortion::drv32,1.000000,0.989152,0.983705,0.273835,1.000000,0.626695,0.943659,0.604224,0.798783,0.333333,0.406604,0.982437,0.734624,0.742760
folk_11::style_swap::swap_cross,0.833333,0.887335,0.815490,0.201898,0.307692,0.440043,0.976002,0.856389,0.278270,0.000000,0.434647,0.989297,0.557019,0.526099
folk_11::style_swap::swap_same,0.666667,0.728186,0.627410,0.093930,0.235294,0.408326,0.977556,0.641808,0.316434,0.166667,0.420711,0.974572,0.483639,0.441006
folk_12::control::ctrl,1.000000,1.000000,1.000000,1.000000,1.000000,1.000000,1.000000,1.000000,1.000000,1.000000,1.000000,1.000000,1.000000,1.000000
folk_12::pitch_shift::-4st,0.333333,0.546561,0.576496,1.000000,1.000000,1.000000,1.000000,1.000000,0.650551,1.000000,0.607544,0.998215,0.772652,0.766618
folk_12::pitch_shift::-1st,0.166667,0.661052,0.562517,1.000000,1.000000,1.000000,1.000000,1.000000,0.825506,1.000000,0.902065,0.999338,0.815056,0.787931
folk_12::pitch_shift::-2st,0.666667,0.427075,0.345938,1.000000,1.000000,1.000000,1.000000,1.000000,0.731302,1.000000,0.820483,0.999589,0.787674,0.763204
folk_12::pitch_shift::+1st,0.166667,0.673746,0.686777,1.000000,1.000000,1.000000,1.000000,1.000000,0.797051,0.000000,0.846788,0.999252,0.738719,0.701863
folk_12::pitch_shift::+2st,0.666667,0.423436,0.328795,1.000000,1.000000,1.000000,1.000000,1.000000,0.785309,1.000000,0.779570,0.999039,0.787733,0.767425
folk_12::pitch_shift::+4st,0.333333,0.570951,0.366372,1.000000,1.000000,1.000000,1.000000,1.000000,0.711261,1.000000,0.607945,0.994368,0.759826,0.751597
folk_12::time_stretch::-20pct,1.000000,0.980437,0.995721,0.258680,0.000000,0.704163,1.000000,1.000000,0.659544,1.000000,0.898844,0.999420,0.782427,0.749090
folk_12::time_stretch::-10pct,1.000000,0.995335,0.997305,0.539920,0.000000,0.704163,1.000000,1.000000,0.706182,1.000000,0.928005,0.999832,0.815360,0.785650
folk_12::time_stretch::-5pct,1.000000,0.998651,0.996932,0.723829,0.000000,0.704163,1.000000,1.000000,0.683043,0.000000,0.929079,0.999547,0.745320,0.701525
folk_12::time_stretch::+10pct,1.000000,0.997713,0.991304,0.468972,0.000000,0.582659,0.909812,0.000000,0.706194,1.000000,0.892053,0.999870,0.697428,0.647722
folk_12::time_stretch::+5pct,1.000000,0.998652,0.996693,0.622970,0.000000,0.813348,1.000000,1.000000,0.744726,1.000000,0.941770,0.999671,0.836988,0.810244
folk_12::time_stretch::+20pct,1.000000,0.996545,0.956106,0.698975,0.000000,0.566607,0.890259,0.000000,0.586464,0.000000,0.850956,0.999592,0.608438,0.545073
folk_12::lowpass::lp8000,1.000000,1.000000,1.000000,1.000000,1.000000,1.000000,1.000000,1.000000,0.999992,1.000000,0.719428,0.999875,0.976607,0.999999
folk_12::lowpass::lp4000,1.000000,1.000000,1.000000,0.470994,1.000000,0.813348,1.000000,1.000000,0.999966,1.000000,0.043644,0.998972,0.860568,0.928428
folk_12::lowpass::lp2000,1.000000,0.999999,0.999998,0.470994,1.000000,0.813348,1.000000,1.000000,0.999753,1.000000,0.000186,0.998110,0.856847,0.928400
folk_12::distortion::drv4,1.000000,0.999956,0.999640,0.413369,1.000000,1.000000,1.000000,1.000000,0.987444,0.000000,0.682828,0.995826,0.839591,0.839671
folk_12::distortion::drv12,1.000000,0.999524,0.997916,0.413369,1.000000,1.000000,1.000000,1.000000,0.890027,0.000000,0.401423,0.980281,0.804104,0.826885
folk_12::style_swap::swap_cross,0.500000,0.602702,0.498544,0.036414,0.111111,0.276722,0.919686,0.000000,0.291518,0.000000,0.154069,0.902000,0.305832,0.262034
folk_12::distortion::drv32,1.000000,0.982206,0.970872,0.413369,1.000000,0.813348,1.000000,1.000000,0.659898,0.000000,0.333831,0.949797,0.750575,0.772657
folk_12::style_swap::swap_same,0.000000,0.701542,0.692909,0.364859,0.363636,0.449804,0.979802,0.000000,0.324629,0.000000,0.161690,0.968373,0.380341,0.343610
folk_13::control::ctrl,1.000000,1.000000,1.000000,1.000000,1.000000,1.000000,1.000000,1.000000,1.000000,1.000000,1.000000,1.000000,1.000000,1.000000
folk_13::pitch_shift::-4st,0.333333,0.703323,0.658112,0.012222,0.272727,0.338020,0.964027,0.795085,0.760968,1.000000,0.360331,0.990681,0.570176,0.549171
folk_13::pitch_shift::-2st,0.666667,0.673743,0.612152,0.012222,0.363636,0.338020,1.000000,1.000000,0.687455,1.000000,0.637145,0.995788,0.635863,0.599771
folk_13::pitch_shift::-1st,0.833333,0.818524,0.771287,0.012222,0.454545,0.377574,0.987996,0.924317,0.857522,1.000000,0.792561,0.997614,0.718510,0.683210
folk_13::pitch_shift::+1st,0.166667,0.672190,0.619698,0.021382,0.347826,0.395451,1.000000,1.000000,0.825166,1.000000,0.769386,0.997724,0.624948,0.573242
folk_13::pitch_shift::+2st,0.666667,0.659932,0.596616,0.340732,0.461538,0.377574,0.976949,0.826556,0.790890,1.000000,0.585343,0.995764,0.659690,0.633546
folk_13::pitch_shift::+4st,0.333333,0.679735,0.638161,0.039558,0.583333,0.445844,0.988235,0.916858,0.780513,1.000000,0.340536,0.988399,0.616790,0.607331
folk_13::time_stretch::-20pct,1.000000,0.994158,0.989688,0.078083,0.416667,0.435006,0.987996,0.924317,0.508406,1.000000,0.790669,0.998956,0.747183,0.717664
folk_13::time_stretch::-10pct,1.000000,0.997453,0.990997,0.166222,0.173913,0.338020,1.000000,1.000000,0.578107,1.000000,0.843032,0.998758,0.746926,0.712141
folk_13::time_stretch::+5pct,1.000000,0.999855,0.993047,0.012222,0.181818,0.366736,0.988235,0.916858,0.653009,1.000000,0.873871,0.998858,0.739318,0.699917
folk_13::time_stretch::-5pct,0.333333,0.983362,0.979314,0.012222,0.285714,0.309304,0.664832,0.229394,0.606451,1.000000,0.878632,0.999169,0.566543,0.492077
folk_13::time_stretch::+10pct,1.000000,0.999032,0.986774,0.078083,0.500000,0.338020,0.988235,0.916858,0.603725,1.000000,0.846990,0.998416,0.760616,0.728209
folk_13::time_stretch::+20pct,1.000000,0.997959,0.979760,0.166222,0.416667,0.354289,0.976002,0.856389,0.460493,0.000000,0.810510,0.998177,0.652651,0.602324
folk_13::lowpass::lp8000,1.000000,0.999994,0.999993,0.188119,0.500000,0.452883,1.000000,1.000000,0.999985,1.000000,0.280175,0.990990,0.784292,0.814094
folk_13::lowpass::lp4000,1.000000,0.999997,0.999997,0.188119,0.222222,0.395451,1.000000,1.000000,0.824092,0.000000,0.009311,0.975888,0.630298,0.657997
folk_13::lowpass::lp2000,1.000000,0.999748,0.999735,0.012222,0.000000,0.000000,0.952081,0.739485,0.816159,0.000000,0.000141,0.864422,0.522690,0.541661
folk_13::distortion::drv4,1.000000,0.998358,0.997638,0.021382,0.521739,0.406290,0.978271,0.480996,0.935849,1.000000,0.824600,0.998658,0.760245,0.729977
folk_13::distortion::drv12,1.000000,0.993293,0.990956,0.021382,0.454545,0.366736,0.978271,0.480996,0.788763,1.000000,0.316936,0.992431,0.691418,0.698816
folk_13::distortion::drv32,1.000000,0.987749,0.984220,0.007334,0.181818,0.309304,0.978271,0.480996,0.748045,1.000000,0.112897,0.985509,0.639356,0.657482
folk_13::style_swap::swap_cross,0.166667,0.709717,0.598908,0.004593,0.466667,0.311231,0.955783,0.617685,0.248907,0.000000,0.112388,0.939782,0.384733,0.356858
folk_14::control::ctrl,1.000000,1.000000,1.000000,1.000000,1.000000,1.000000,1.000000,1.000000,1.000000,1.000000,1.000000,1.000000,1.000000,1.000000
folk_14::pitch_shift::-4st,0.333333,0.454382,0.364477,1.000000,1.000000,1.000000,1.000000,1.000000,0.789119,0.285714,0.404044,0.993962,0.676737,0.672324
folk_13::style_swap::swap_same,0.833333,0.785397,0.778270,0.055095,0.133333,0.338020,0.919686,0.000000,0.270176,0.000000,0.051173,0.763188,0.371322,0.365704
folk_14::pitch_shift::-2st,0.666667,0.461248,0.318202,1.000000,0.400000,0.316013,1.000000,1.000000,0.855683,0.714286,0.735306,0.998072,0.664322,0.623861
folk_14::pitch_shift::-1st,0.166667,0.526824,0.441323,1.000000,1.000000,1.000000,1.000000,1.000000,0.872389,0.428571,0.860901,0.999203,0.739386,0.701258
folk_14::pitch_shift::+1st,0.166667,0.540206,0.527206,1.000000,1.000000,1.000000,1.000000,1.000000,0.881359,0.714286,0.865312,0.999182,0.775229,0.743831
folk_14::pitch_shift::+2st,0.666667,0.453303,0.320596,1.000000,1.000000,0.878672,1.000000,1.000000,0.858411,0.714286,0.741598,0.998356,0.761303,0.739579
folk_14::pitch_shift::+4st,0.333333,0.442326,0.335451,1.000000,0.421053,0.377574,1.000000,1.000000,0.826754,0.714286,0.434350,0.991641,0.614115,0.594394
folk_14::time_stretch::-20pct,1.000000,0.988024,0.983430,0.279433,0.235294,0.388226,0.976479,0.843414,0.646887,0.714286,0.923475,0.999732,0.736954,0.692026
folk_14::time_stretch::-10pct,1.000000,0.996708,0.993708,0.621887,0.333333,0.330858,0.988235,0.916858,0.750902,0.714286,0.938480,0.999724,0.791558,0.756051
folk_14::time_stretch::-5pct,1.000000,0.998070,0.994807,0.621887,0.166667,0.517511,0.988235,0.916858,0.765410,1.000000,0.957914,0.999736,0.820492,0.788827
folk_14::time_stretch::+5pct,1.000000,0.999487,0.995881,0.770680,0.000000,0.517511,1.000000,1.000000,0.742086,0.714286,0.954058,0.999783,0.801607,0.766546
folk_14::time_stretch::+10pct,1.000000,0.994605,0.972826,0.433727,0.000000,0.579728,1.000000,1.000000,0.708050,0.428571,0.910005,0.999494,0.744527,0.702486
folk_14::time_stretch::+20pct,1.000000,0.996082,0.955555,0.224168,0.000000,0.579728,0.708419,0.131594,0.618140,0.428571,0.887618,0.998688,0.591361,0.521011
folk_14::lowpass::lp8000,1.000000,1.000000,1.000000,1.000000,1.000000,1.000000,1.000000,1.000000,0.999994,1.000000,0.794062,0.998901,0.982740,0.999999
folk_14::lowpass::lp4000,1.000000,1.000000,0.999999,0.782943,1.000000,0.641945,1.000000,1.000000,0.999970,1.000000,0.016087,0.993705,0.869518,0.942484
folk_14::lowpass::lp2000,1.000000,0.999994,0.999987,0.155136,0.142857,0.440043,0.987352,0.915644,0.999621,1.000000,0.000049,0.984661,0.717578,0.762725
folk_14::distortion::drv4,1.000000,0.999729,0.999151,1.000000,1.000000,1.000000,1.000000,1.000000,0.973388,1.000000,0.757998,0.996491,0.976552,0.996436
folk_14::distortion::drv12,1.000000,0.994905,0.992549,1.000000,1.000000,1.000000,1.000000,1.000000,0.863843,1.000000,0.524829,0.981583,0.942779,0.980815
folk_14::distortion::drv32,1.000000,0.983437,0.979168,1.000000,1.000000,0.878672,1.000000,1.000000,0.745890,1.000000,0.337544,0.959920,0.899672,0.950123
folk_14::style_swap::swap_cross,0.833333,0.775839,0.804628,0.224168,0.285714,0.486706,1.000000,1.000000,0.278709,0.000000,0.315403,0.979067,0.551032,0.531929
folk_14::style_swap::swap_same,1.000000,0.743028,0.782545,0.279433,0.352941,0.354289,0.978048,0.642352,0.268096,0.000000,0.271790,0.910359,0.513304,0.498338
folk_15::control::ctrl,1.000000,1.000000,1.000000,1.000000,1.000000,1.000000,1.000000,1.000000,1.000000,1.000000,1.000000,1.000000,1.000000,1.000000
folk_15::pitch_shift::-4st,0.000000,0.886030,0.760696,1.000000,1.000000,0.889563,1.000000,1.000000,0.707813,0.000000,0.498710,0.992447,0.710947,0.704071
folk_15::pitch_shift::-2st,0.333333,0.919891,0.783766,1.000000,1.000000,0.889563,1.000000,1.000000,0.840893,0.615385,0.766292,0.996556,0.833589,0.824045
folk_15::pitch_shift::-1st,0.500000,0.915287,0.755275,0.626183,1.000000,0.889563,1.000000,1.000000,0.903536,0.538462,0.919717,0.998427,0.825995,0.799390
folk_15::pitch_shift::+1st,0.166667,0.923478,0.771401,0.626183,1.000000,0.889563,1.000000,1.000000,0.802438,0.230769,0.915522,0.997736,0.764076,0.725581
folk_15::pitch_shift::+2st,1.000000,0.904081,0.755510,0.626183,1.000000,1.000000,1.000000,1.000000,0.859746,1.000000,0.764777,0.992040,0.895778,0.899304
folk_15::pitch_shift::+4st,0.666667,0.885891,0.685196,0.626183,1.000000,0.742647,1.000000,1.000000,0.822153,0.384615,0.515731,0.984117,0.760116,0.762259
folk_15::time_stretch::-20pct,1.000000,0.987888,0.960207,0.156248,0.266667,0.440043,1.000000,1.000000,0.611185,0.230769,0.885477,0.996466,0.700657,0.652617
folk_15::time_stretch::-10pct,0.666667,0.990200,0.941316,0.436835,0.133333,0.486706,1.000000,1.000000,0.729531,0.615385,0.956971,0.998262,0.738173,0.690295
folk_15::time_stretch::-5pct,1.000000,0.996350,0.985606,0.650077,0.133333,0.476000,1.000000,1.000000,0.788384,0.769231,0.968513,0.999272,0.808424,0.773335
folk_15::time_stretch::+5pct,0.666667,0.994816,0.962814,0.375769,0.000000,0.529330,0.944068,0.813992,0.764485,0.307692,0.970716,0.999291,0.682585,0.622106
folk_15::time_stretch::+10pct,0.666667,0.989838,0.949562,0.214792,0.352941,0.468705,0.986224,0.948370,0.695618,0.538462,0.960524,0.999085,0.720954,0.669189
folk_15::time_stretch::+20pct,0.666667,0.979988,0.919894,0.058817,0.470588,0.379954,1.000000,1.000000,0.651174,0.307692,0.871484,0.996492,0.681040,0.630473
folk_15::lowpass::lp8000,1.000000,1.000000,1.000000,0.626183,1.000000,1.000000,1.000000,1.000000,0.999989,1.000000,0.787413,0.992033,0.950423,0.962616
folk_15::lowpass::lp4000,1.000000,0.999994,0.999977,0.375769,1.000000,0.889563,1.000000,1.000000,0.999942,1.000000,0.036974,0.960118,0.854972,0.926520
folk_15::lowpass::lp2000,0.666667,0.999900,0.999362,0.375769,1.000000,0.742647,1.000000,1.000000,0.995474,1.000000,0.000032,0.919032,0.807670,0.877830
folk_15::distortion::drv4,1.000000,0.999989,0.999900,0.626183,1.000000,1.000000,1.000000,1.000000,0.998222,0.846154,0.938979,0.997185,0.950490,0.946990
folk_15::distortion::drv12,1.000000,0.999547,0.998183,0.626183,1.000000,0.889563,1.000000,1.000000,0.977553,0.846154,0.742669,0.980971,0.921041,0.933010
folk_15::style_swap::swap_cross,0.333333,0.889401,0.793379,0.436835,0.260870,0.276722,1.000000,1.000000,0.317671,0.000000,0.213250,0.922606,0.511266,0.500442
folk_15::distortion::drv32,1.000000,0.997214,0.992185,0.626183,1.000000,0.889563,1.000000,1.000000,0.821371,0.153846,0.570273,0.966516,0.830069,0.842624
folk_15::style_swap::swap_same,0.166667,0.602112,0.427097,0.083359,0.000000,0.529330,0.842917,0.000000,0.306971,0.000000,0.139062,0.910678,0.274059,0.224483
jazz_01::control::ctrl,1.000000,1.000000,1.000000,1.000000,1.000000,1.000000,1.000000,1.000000,1.000000,1.000000,1.000000,1.000000,1.000000,1.000000
jazz_01::pitch_shift::-4st,0.333333,0.972599,0.913779,1.000000,1.000000,0.934045,0.935730,0.889464,0.758968,0.500000,0.619944,0.994574,0.806543,0.806436
jazz_01::pitch_shift::-2st,0.666667,0.987538,0.934368,1.000000,1.000000,0.934045,0.920863,0.866539,0.820356,0.500000,0.805060,0.997446,0.856136,0.847130
jazz_01::pitch_shift::-1st,0.166667,0.993336,0.948749,1.000000,1.000000,0.894260,0.658413,0.248260,0.842129,0.545455,0.890629,0.998990,0.730053,0.687108
jazz_01::pitch_shift::+1st,0.166667,0.991235,0.950047,1.000000,1.000000,0.894260,0.690860,0.299806,0.883706,0.727273,0.888559,0.999279,0.759270,0.722345
jazz_01::pitch_shift::+4st,0.333333,0.977492,0.909989,1.000000,1.000000,0.894260,0.961806,0.933145,0.776977,0.272727,0.646716,0.993543,0.796709,0.792068
jazz_01::pitch_shift::+2st,0.666667,0.984420,0.934509,1.000000,1.000000,0.894260,0.961091,0.933889,0.849764,0.409091,0.794954,0.997247,0.859705,0.852444
jazz_01::time_stretch::-20pct,0.166667,0.998320,0.982373,0.026605,0.384615,0.345430,0.624902,0.127678,0.597277,0.181818,0.894184,0.998838,0.484062,0.391580
jazz_01::time_stretch::-10pct,1.000000,0.998659,0.987996,0.131776,0.500000,0.404598,0.687638,0.294481,0.636323,0.590909,0.875862,0.998511,0.638860,0.579205
jazz_01::time_stretch::+5pct,1.000000,0.999111,0.993536,0.292156,0.363636,0.320543,0.660090,0.242042,0.721552,0.454545,0.945654,0.999787,0.629059,0.560328
jazz_01::time_stretch::-5pct,1.000000,0.998913,0.991413,0.340732,0.714286,0.366736,0.952612,0.917730,0.722761,0.409091,0.918325,0.999621,0.766673,0.728216
jazz_01::time_stretch::+10pct,1.000000,0.999077,0.987208,0.147480,0.272727,0.345430,0.666557,0.250255,0.665381,0.500000,0.880519,0.998984,0.604912,0.537951
jazz_01::time_stretch::+20pct,0.166667,0.998449,0.983867,0.031895,0.347826,0.429485,0.655055,0.217877,0.609051,0.181818,0.920401,0.999355,0.504807,0.413797
jazz_01::lowpass::lp8000,1.000000,0.999687,0.996835,1.000000,1.000000,0.934045,1.000000,1.000000,0.997388,0.818182,0.324374,0.974912,0.920170,0.974441
jazz_01::lowpass::lp4000,1.000000,0.999969,0.999692,1.000000,1.000000,0.865250,0.900988,0.827039,0.999885,1.000000,0.103213,0.947943,0.877878,0.948680
jazz_01::lowpass::lp2000,1.000000,0.999935,0.999429,1.000000,1.000000,0.818770,1.000000,1.000000,0.998936,0.954545,0.000118,0.916971,0.890231,0.977113
jazz_01::distortion::drv4,1.000000,0.999613,0.996234,1.000000,1.000000,0.869373,0.961806,0.933145,0.940988,0.681818,0.983486,0.999913,0.942301,0.932421
jazz_01::distortion::drv32,1.000000,0.999638,0.994104,0.004164,0.250000,0.329937,0.634247,0.156595,0.862335,0.454545,0.636152,0.998655,0.574101,0.525450
jazz_01::style_swap::swap_cross,0.500000,0.972278,0.846440,0.070634,0.173913,0.345430,0.642447,0.222039,0.299717,0.000000,0.300694,0.927235,0.388460,0.343837
jazz_01::distortion::drv12,1.000000,0.999405,0.993079,1.000000,1.000000,0.803458,0.900988,0.827039,0.922046,0.681818,0.848693,0.999291,0.903805,0.899772
jazz_01::style_swap::swap_same,0.333333,0.931278,0.816222,0.292156,0.272727,0.295656,0.663223,0.139559,0.285648,0.000000,0.211442,0.932850,0.377095,0.338526
jazz_02::control::ctrl,1.000000,1.000000,1.000000,1.000000,1.000000,1.000000,1.000000,1.000000,1.000000,1.000000,1.000000,1.000000,1.000000,1.000000
jazz_02::pitch_shift::-4st,0.333333,0.970222,0.899799,1.000000,1.000000,0.906066,1.000000,1.000000,0.823200,0.450000,0.517080,0.989665,0.816435,0.829116
jazz_02::pitch_shift::-2st,0.666667,0.978915,0.904234,1.000000,1.000000,0.906066,1.000000,1.000000,0.898009,0.600000,0.766094,0.997025,0.887679,0.888923
jazz_02::pitch_shift::-1st,0.333333,0.978443,0.903746,1.000000,1.000000,1.000000,1.000000,1.000000,0.879714,0.300000,0.913863,0.999387,0.853186,0.832502
jazz_02::pitch_shift::+1st,0.166667,0.975347,0.900179,1.000000,1.000000,0.906066,1.000000,1.000000,0.899561,0.800000,0.881448,0.999165,0.871773,0.858072
jazz_02::pitch_shift::+2st,0.666667,0.981031,0.911806,1.000000,1.000000,0.906066,1.000000,1.000000,0.877414,0.850000,0.787183,0.997637,0.909184,0.912554
jazz_02::pitch_shift::+4st,0.333333,0.970859,0.914787,1.000000,1.000000,1.000000,1.000000,1.000000,0.841561,0.600000,0.653432,0.994192,0.852147,0.857852
jazz_02::time_stretch::-20pct,0.833333,0.998087,0.973205,0.155136,0.363636,0.366736,0.670464,0.251872,0.655871,0.450000,0.873786,0.998475,0.594437,0.526109
jazz_02::time_stretch::-10pct,1.000000,0.998675,0.985482,0.491700,0.416667,0.320543,1.000000,1.000000,0.757138,0.600000,0.902942,0.998916,0.783221,0.749686
jazz_02::time_stretch::+5pct,1.000000,0.998756,0.979994,0.671974,0.000000,0.408326,1.000000,1.000000,0.764571,0.350000,0.961708,0.999819,0.755209,0.710100
jazz_02::time_stretch::-5pct,1.000000,0.998905,0.982644,0.491700,0.250000,0.408326,0.669523,0.230816,0.776121,0.700000,0.946605,0.999743,0.669432,0.608685
jazz_02::time_stretch::+10pct,1.000000,0.999467,0.975865,0.436835,0.222222,0.408326,1.000000,1.000000,0.715787,0.250000,0.946882,0.999553,0.738977,0.692132
jazz_02::lowpass::lp8000,1.000000,1.000000,1.000000,1.000000,1.000000,1.000000,1.000000,1.000000,0.997891,1.000000,0.388885,0.961031,0.945387,0.999729
jazz_02::time_stretch::+20pct,1.000000,0.998197,0.982150,0.692056,0.250000,0.491282,1.000000,1.000000,0.664507,0.250000,0.917978,0.999257,0.762055,0.722748
jazz_02::lowpass::lp4000,1.000000,0.999993,0.999885,1.000000,0.800000,0.690578,1.000000,1.000000,0.994365,1.000000,0.085903,0.892206,0.871185,0.948319
jazz_02::lowpass::lp2000,1.000000,0.999994,0.999903,0.347401,0.363636,0.631373,1.000000,1.000000,0.999767,1.000000,0.000271,0.899345,0.769581,0.834196
jazz_02::distortion::drv4,1.000000,0.999114,0.995452,1.000000,1.000000,0.906066,1.000000,1.000000,0.960369,1.000000,0.837319,0.993394,0.973200,0.984812
jazz_02::distortion::drv12,1.000000,0.997668,0.992020,1.000000,1.000000,0.906066,0.932780,0.760724,0.890315,1.000000,0.601187,0.973131,0.912200,0.937385
jazz_02::distortion::drv32,1.000000,0.996756,0.989954,1.000000,0.555556,0.574239,1.000000,1.000000,0.844705,0.800000,0.453276,0.960311,0.843657,0.871290
jazz_02::style_swap::swap_cross,0.500000,0.907267,0.818582,1.000000,0.352941,0.449804,1.000000,1.000000,0.304168,0.000000,0.238160,0.818826,0.590496,0.604085
jazz_03::control::ctrl,1.000000,1.000000,1.000000,1.000000,1.000000,1.000000,1.000000,1.000000,1.000000,1.000000,1.000000,1.000000,1.000000,1.000000
jazz_03::pitch_shift::-4st,0.333333,0.965828,0.911619,1.000000,1.000000,1.000000,1.000000,1.000000,0.774122,0.272727,0.627898,0.999039,0.814997,0.815310
jazz_02::style_swap::swap_same,0.333333,0.925923,0.847751,0.491700,0.375000,0.449804,0.987076,0.871273,0.309498,0.000000,0.279307,0.926501,0.542141,0.530471
jazz_03::pitch_shift::-2st,0.666667,0.929171,0.876472,1.000000,1.000000,1.000000,1.000000,1.000000,0.868354,0.636364,0.884962,0.999658,0.896329,0.887136
jazz_03::pitch_shift::-1st,0.166667,0.949556,0.889066,1.000000,1.000000,1.000000,1.000000,1.000000,0.896769,0.727273,0.953745,0.999884,0.874918,0.854539
jazz_03::pitch_shift::+1st,0.166667,0.953251,0.899338,1.000000,1.000000,0.857359,1.000000,1.000000,0.916940,0.500000,0.947840,0.999755,0.847290,0.821990
jazz_03::pitch_shift::+2st,0.666667,0.930214,0.870811,1.000000,0.947368,0.835505,1.000000,1.000000,0.892945,0.636364,0.852453,0.998733,0.877611,0.868023
jazz_03::pitch_shift::+4st,0.333333,0.959914,0.894170,1.000000,0.947368,0.815013,1.000000,1.000000,0.826087,0.681818,0.696918,0.996432,0.837788,0.836034
jazz_03::time_stretch::-20pct,1.000000,0.998022,0.973434,0.097840,0.250000,0.449804,0.950144,0.768765,0.641922,0.545455,0.916516,0.999424,0.702426,0.651321
jazz_03::time_stretch::-10pct,1.000000,0.999168,0.989875,0.273538,0.235294,0.408326,0.938977,0.706726,0.726349,0.409091,0.955165,0.999807,0.708099,0.654223
jazz_03::time_stretch::-5pct,1.000000,0.999360,0.991836,0.626183,0.000000,0.449804,1.000000,1.000000,0.766221,0.454545,0.977308,0.999947,0.766370,0.721919
jazz_03::time_stretch::+5pct,1.000000,0.999878,0.990968,0.600094,0.117647,0.440043,1.000000,1.000000,0.739426,0.545455,0.975735,0.999946,0.777739,0.735719
jazz_03::time_stretch::+10pct,1.000000,0.999478,0.984565,0.343018,0.352941,0.408326,1.000000,1.000000,0.747189,0.818182,0.960359,0.999825,0.794822,0.757770
jazz_03::time_stretch::+20pct,1.000000,0.998471,0.977066,0.093930,0.400000,0.456099,1.000000,1.000000,0.635867,0.272727,0.930989,0.999491,0.721214,0.672412
jazz_03::lowpass::lp8000,1.000000,1.000000,1.000000,1.000000,1.000000,1.000000,1.000000,1.000000,0.999996,1.000000,0.171451,0.957757,0.927202,0.999999
jazz_03::lowpass::lp4000,1.000000,0.999996,0.999988,1.000000,1.000000,1.000000,1.000000,1.000000,0.999973,1.000000,0.091442,0.898400,0.915260,0.999995
jazz_03::lowpass::lp2000,1.000000,0.999996,0.999986,1.000000,1.000000,0.906066,1.000000,1.000000,0.999524,1.000000,0.000224,0.928741,0.902476,0.990543
jazz_03::distortion::drv4,1.000000,0.998731,0.997636,1.000000,1.000000,1.000000,1.000000,1.000000,0.961694,0.636364,0.848094,0.995399,0.952124,0.958230
jazz_03::distortion::drv12,1.000000,0.997500,0.994524,1.000000,1.000000,0.906066,1.000000,1.000000,0.887816,0.500000,0.560972,0.975571,0.898861,0.925139
jazz_03::distortion::drv32,1.000000,0.997274,0.993003,1.000000,0.947368,0.906066,0.987981,0.841118,0.839292,0.500000,0.446978,0.964621,0.863363,0.895108
jazz_03::style_swap::swap_cross,0.666667,0.806071,0.835524,1.000000,0.000000,0.532761,1.000000,1.000000,0.270974,0.090909,0.203934,0.922082,0.581276,0.585441
jazz_03::style_swap::swap_same,0.000000,0.947982,0.777087,0.026390,0.222222,0.449804,0.987709,0.872125,0.294946,0.000000,0.124899,0.280650,0.386613,0.428096
jazz_04::control::ctrl,1.000000,1.000000,1.000000,1.000000,1.000000,1.000000,1.000000,1.000000,1.000000,1.000000,1.000000,1.000000,1.000000,1.000000
jazz_04::pitch_shift::-4st,0.333333,0.823391,0.739761,1.000000,1.000000,0.848573,1.000000,1.000000,0.826165,0.000000,0.475936,0.991251,0.735883,0.736399
jazz_04::pitch_shift::-2st,0.666667,0.863263,0.718704,1.000000,1.000000,1.000000,1.000000,1.000000,0.847104,0.375000,0.743859,0.996654,0.835380,0.828427
jazz_04::pitch_shift::-1st,0.166667,0.823365,0.692903,1.000000,1.000000,1.000000,1.000000,1.000000,0.841797,0.125000,0.894180,0.998527,0.777275,0.743469
jazz_04::pitch_shift::+1st,0.166667,0.828245,0.687534,1.000000,1.000000,1.000000,1.000000,1.000000,0.834437,0.625000,0.923888,0.999536,0.820770,0.792584
jazz_04::pitch_shift::+2st,0.666667,0.868951,0.708398,1.000000,1.000000,1.000000,1.000000,1.000000,0.842802,0.625000,0.816021,0.997899,0.861510,0.852434
jazz_04::pitch_shift::+4st,0.333333,0.826004,0.685854,1.000000,1.000000,0.870050,1.000000,1.000000,0.776319,0.375000,0.611124,0.992468,0.769629,0.763246
jazz_04::time_stretch::-20pct,1.000000,0.984622,0.952909,0.024067,0.370370,0.402186,0.975517,0.866642,0.576648,0.500000,0.918672,0.999386,0.700417,0.648698
jazz_04::time_stretch::-10pct,1.000000,0.989425,0.962565,0.241769,0.620690,0.300053,0.659384,0.240096,0.647589,0.500000,0.952560,0.999490,0.636243,0.568290
jazz_04::time_stretch::-5pct,1.000000,0.986148,0.966394,0.478941,0.521739,0.276722,0.667656,0.251185,0.673737,0.500000,0.965607,0.999643,0.652057,0.585946
jazz_04::time_stretch::+5pct,1.000000,0.986338,0.972185,0.002714,0.347826,0.276722,0.987996,0.924317,0.687402,0.500000,0.976100,0.999846,0.712162,0.657001
jazz_04::time_stretch::+20pct,1.000000,0.978078,0.951857,0.000387,0.363636,0.276722,0.976479,0.843414,0.594317,0.500000,0.935134,0.999590,0.688012,0.632145
jazz_04::time_stretch::+10pct,1.000000,0.982033,0.960228,0.006029,0.285714,0.253390,0.659874,0.108317,0.660950,0.625000,0.963606,0.999790,0.585564,0.506338
jazz_04::lowpass::lp8000,1.000000,1.000000,1.000000,1.000000,1.000000,1.000000,1.000000,1.000000,0.999984,1.000000,0.778013,0.995995,0.981144,0.999998
jazz_04::lowpass::lp4000,1.000000,0.999993,0.999967,1.000000,1.000000,1.000000,1.000000,1.000000,0.999642,1.000000,0.013832,0.989291,0.916825,0.999949
jazz_04::lowpass::lp2000,1.000000,0.999984,0.999954,1.000000,0.967742,0.762619,0.644515,0.223995,0.999018,1.000000,0.000052,0.980092,0.766404,0.821801
jazz_04::distortion::drv4,1.000000,0.999738,0.998966,1.000000,1.000000,0.875211,1.000000,1.000000,0.985345,1.000000,0.773904,0.989371,0.968106,0.985470
jazz_04::distortion::drv12,1.000000,0.997274,0.993701,1.000000,1.000000,0.898542,1.000000,1.000000,0.912371,0.500000,0.491002,0.952125,0.892833,0.927401
jazz_04::style_swap::swap_cross,0.833333,0.909628,0.818543,0.004001,0.428571,0.346717,0.975517,0.866642,0.239696,0.125000,0.114420,0.712347,0.501728,0.521283
jazz_04::distortion::drv32,1.000000,0.992091,0.984600,1.000000,0.967742,0.762619,0.655378,0.236828,0.834985,0.250000,0.322856,0.930581,0.709202,0.726154
jazz_04::style_swap::swap_same,0.833333,0.889237,0.823045,0.451549,0.320000,0.323385,1.000000,1.000000,0.259640,0.000000,0.340066,0.971516,0.574776,0.558760
jazz_05::control::ctrl,1.000000,1.000000,1.000000,1.000000,1.000000,1.000000,1.000000,1.000000,1.000000,1.000000,1.000000,1.000000,1.000000,1.000000
jazz_05::pitch_shift::-4st,0.666667,0.925786,0.662020,1.000000,1.000000,0.815881,1.000000,1.000000,0.791431,0.333333,0.479069,0.983244,0.789263,0.800995
jazz_05::pitch_shift::-2st,1.000000,0.950430,0.721433,1.000000,1.000000,0.771464,1.000000,1.000000,0.851319,0.266667,0.755041,0.995709,0.847638,0.842119
jazz_05::pitch_shift::-1st,0.333333,0.960616,0.747375,1.000000,1.000000,0.906066,1.000000,1.000000,0.827758,0.133333,0.865984,0.997794,0.803106,0.777365
jazz_05::pitch_shift::+1st,0.166667,0.969210,0.797642,1.000000,1.000000,0.771464,0.664975,0.134560,0.880672,0.666667,0.894103,0.994020,0.706682,0.659245
jazz_05::pitch_shift::+2st,1.000000,0.956323,0.710484,1.000000,0.615385,0.574239,1.000000,1.000000,0.814646,0.333333,0.711494,0.986138,0.795897,0.785404
jazz_05::pitch_shift::+4st,0.000000,0.923747,0.649832,1.000000,0.000000,0.000000,1.000000,1.000000,0.823868,0.666667,0.546689,0.967490,0.616331,0.588392
jazz_05::time_stretch::-20pct,1.000000,0.991406,0.881538,0.031602,0.000000,0.000000,0.959647,0.000000,0.556922,0.200000,0.893403,0.987374,0.525093,0.442117
jazz_05::time_stretch::-10pct,1.000000,0.993034,0.971193,0.201898,0.400000,0.354289,0.978747,0.643124,0.647755,0.133333,0.920312,0.993297,0.675356,0.619111
jazz_05::time_stretch::-5pct,0.500000,0.995111,0.961854,0.429798,0.555556,0.449804,0.978747,0.643124,0.671392,0.266667,0.952692,0.996715,0.689526,0.632512
jazz_05::time_stretch::+5pct,0.666667,0.997001,0.992318,0.386743,0.444444,0.408326,0.978747,0.643124,0.689735,0.333333,0.958253,0.998055,0.698650,0.642761
jazz_05::time_stretch::+10pct,0.666667,0.993978,0.984831,0.386743,0.000000,0.000000,1.000000,1.000000,0.611473,0.266667,0.942116,0.998627,0.644483,0.579314
jazz_05::time_stretch::+20pct,0.666667,0.984690,0.958270,0.038499,0.250000,0.408326,0.988929,0.873771,0.561128,0.200000,0.927805,0.997787,0.641767,0.577575
jazz_05::lowpass::lp8000,0.500000,0.994225,0.961402,1.000000,1.000000,1.000000,1.000000,1.000000,0.999931,1.000000,0.892974,0.998775,0.944516,0.944252
jazz_05::lowpass::lp4000,1.000000,0.999998,0.999995,1.000000,0.000000,0.000000,0.959647,0.000000,0.999853,1.000000,0.059521,0.973440,0.662640,0.692047
jazz_05::lowpass::lp2000,1.000000,0.999716,0.998657,1.000000,0.000000,0.000000,0.959647,0.000000,0.904871,0.333333,0.000441,0.887507,0.584195,0.612977
jazz_05::distortion::drv4,1.000000,0.992802,0.985789,1.000000,1.000000,1.000000,1.000000,1.000000,0.949651,0.733333,0.753891,0.991547,0.948734,0.963992
jazz_05::distortion::drv12,1.000000,0.988986,0.980018,1.000000,1.000000,0.771464,1.000000,1.000000,0.817746,0.200000,0.551861,0.964862,0.850844,0.869571
jazz_05::distortion::drv32,1.000000,0.990447,0.981861,1.000000,0.888889,0.729986,0.664975,0.134560,0.864850,0.333333,0.464444,0.946126,0.715912,0.718391
jazz_05::style_swap::swap_cross,0.833333,0.961306,0.755257,1.000000,0.454545,0.596462,0.648015,0.032652,0.266507,0.066667,0.099285,0.643752,0.472331,0.494829
jazz_05::style_swap::swap_same,0.500000,0.942807,0.741634,0.009308,0.333333,0.449804,0.987076,0.871273,0.268017,0.000000,0.105954,0.061512,0.407641,0.478575
jazz_06::control::ctrl,1.000000,1.000000,1.000000,1.000000,1.000000,1.000000,1.000000,1.000000,1.000000,1.000000,1.000000,1.000000,1.000000,1.000000
jazz_06::pitch_shift::-4st,0.333333,0.836686,0.717412,1.000000,1.000000,1.000000,1.000000,1.000000,0.851619,0.647059,0.474607,0.995261,0.804716,0.818704
jazz_06::pitch_shift::-2st,0.666667,0.880700,0.748535,1.000000,1.000000,1.000000,1.000000,1.000000,0.917027,0.823529,0.828276,0.998526,0.892766,0.888649
jazz_06::pitch_shift::-1st,0.166667,0.870823,0.759658,1.000000,1.000000,1.000000,1.000000,1.000000,0.915807,0.705882,0.936306,0.999489,0.850179,0.826639
jazz_06::pitch_shift::+1st,0.166667,0.878517,0.765088,1.000000,0.941176,1.000000,0.988702,0.893464,0.927539,0.882353,0.907168,0.998810,0.849494,0.828803
jazz_06::pitch_shift::+2st,0.666667,0.880064,0.758267,1.000000,0.941176,0.898542,1.000000,1.000000,0.904312,0.764706,0.774731,0.996651,0.869462,0.866238
jazz_06::pitch_shift::+4st,0.333333,0.848016,0.743864,1.000000,0.941176,0.857359,1.000000,1.000000,0.818010,0.294118,0.531571,0.992690,0.763644,0.763996
jazz_06::time_stretch::-10pct,1.000000,0.997180,0.981520,0.244279,0.352941,0.449804,0.645075,0.025308,0.735283,0.764706,0.944145,0.998712,0.639959,0.573673
jazz_06::time_stretch::-20pct,1.000000,0.994684,0.953193,0.080712,0.133333,0.408326,1.000000,1.000000,0.627795,0.588235,0.915666,0.997931,0.714937,0.666578
jazz_06::time_stretch::-5pct,1.000000,0.998069,0.974339,0.600094,0.235294,0.408326,1.000000,1.000000,0.734341,0.411765,0.970689,0.999376,0.770769,0.727921
jazz_06::time_stretch::+5pct,1.000000,0.997904,0.981326,0.571607,0.000000,0.440043,0.953962,0.694350,0.722493,0.470588,0.976009,0.999794,0.722933,0.669940
jazz_06::time_stretch::+10pct,1.000000,0.996211,0.984268,0.308962,0.200000,0.354289,0.953962,0.694350,0.705575,0.470588,0.958650,0.999308,0.707362,0.653043
jazz_06::time_stretch::+20pct,1.000000,0.996070,0.969127,0.156526,0.421053,0.417285,1.000000,1.000000,0.676880,0.529412,0.941797,0.998144,0.750372,0.706464
jazz_06::lowpass::lp8000,1.000000,0.999993,0.999979,1.000000,0.941176,1.000000,1.000000,1.000000,0.999931,1.000000,0.448108,0.965233,0.946009,0.994105
jazz_06::distortion::drv4,1.000000,0.999941,0.999488,1.000000,0.941176,1.000000,1.000000,1.000000,0.991045,0.882353,0.957934,0.999586,0.980733,0.981130
jazz_06::lowpass::lp4000,1.000000,0.999994,0.999978,1.000000,0.941176,1.000000,0.939589,0.000000,0.999857,1.000000,0.226291,0.921015,0.830173,0.881995
jazz_06::lowpass::lp2000,1.000000,0.999995,0.999961,1.000000,0.941176,0.848573,0.939589,0.000000,0.998859,0.882353,0.000667,0.951115,0.791512,0.854958
jazz_06::distortion::drv12,1.000000,0.999474,0.996829,1.000000,0.941176,1.000000,0.939589,0.000000,0.944907,0.823529,0.809539,0.993290,0.864215,0.856819
jazz_06::distortion::drv32,1.000000,0.997478,0.990792,1.000000,0.941176,0.757577,1.000000,1.000000,0.859968,0.823529,0.621574,0.978730,0.910503,0.932713
jazz_06::style_swap::swap_cross,0.500000,0.817558,0.656744,0.073528,0.461538,0.408326,1.000000,1.000000,0.317553,0.000000,0.172716,0.872041,0.491291,0.485913
jazz_06::style_swap::swap_same,0.833333,0.937228,0.778812,0.156526,0.142857,0.449804,0.976949,0.826556,0.297364,0.235294,0.169193,0.889865,0.531127,0.532169
jazz_07::control::ctrl,1.000000,1.000000,1.000000,1.000000,1.000000,1.000000,1.000000,1.000000,1.000000,1.000000,1.000000,1.000000,1.000000,1.000000
jazz_07::pitch_shift::-2st,0.500000,0.977448,0.941622,1.000000,1.000000,1.000000,1.000000,1.000000,0.771253,0.277778,0.888622,0.998593,0.855303,0.837651
jazz_07::pitch_shift::-4st,0.333333,0.973048,0.926694,1.000000,1.000000,0.889563,1.000000,1.000000,0.718045,0.444444,0.671533,0.997099,0.820063,0.817231
jazz_07::pitch_shift::-1st,0.166667,0.967202,0.918364,1.000000,1.000000,1.000000,1.000000,1.000000,0.829826,0.222222,0.942793,0.999521,0.830024,0.801801
jazz_07::pitch_shift::+1st,0.166667,0.961685,0.915840,1.000000,1.000000,1.000000,1.000000,1.000000,0.838282,0.444444,0.925528,0.999253,0.847025,0.823957
jazz_07::pitch_shift::+2st,0.666667,0.978691,0.939634,1.000000,1.000000,1.000000,1.000000,1.000000,0.836488,0.555556,0.857257,0.997550,0.896558,0.890406
jazz_07::pitch_shift::+4st,0.333333,0.966273,0.929133,1.000000,1.000000,0.889563,1.000000,1.000000,0.784856,0.111111,0.695243,0.993542,0.800495,0.791758
jazz_07::time_stretch::-20pct,1.000000,0.999034,0.975730,0.121463,0.153846,0.529330,0.978504,0.481200,0.580656,0.277778,0.916740,0.998272,0.655488,0.595095
jazz_07::time_stretch::-10pct,1.000000,0.999128,0.986726,0.357682,0.142857,0.529330,1.000000,1.000000,0.662857,0.277778,0.933538,0.998963,0.732439,0.685683
jazz_07::time_stretch::+5pct,0.833333,0.999214,0.987095,0.671974,0.000000,0.440043,1.000000,1.000000,0.676315,0.388889,0.958068,0.999917,0.738274,0.690130
jazz_07::time_stretch::-5pct,1.000000,0.999617,0.990995,0.491700,0.000000,0.476000,0.979176,0.481787,0.675893,0.222222,0.952996,0.999736,0.679628,0.620282
jazz_07::time_stretch::+20pct,0.833333,0.999465,0.980088,0.164149,0.375000,0.449804,0.989586,0.655126,0.567799,0.277778,0.930414,0.999543,0.673695,0.615441
jazz_07::lowpass::lp8000,1.000000,1.000000,1.000000,1.000000,1.000000,1.000000,1.000000,1.000000,0.999695,1.000000,0.220973,0.976857,0.932993,0.999961
jazz_07::time_stretch::+10pct,0.833333,0.999286,0.980664,0.436835,0.125000,0.408326,1.000000,1.000000,0.606290,0.333333,0.937947,0.999735,0.711972,0.660600
jazz_07::lowpass::lp4000,1.000000,1.000000,1.000000,0.043350,0.375000,0.449804,1.000000,1.000000,0.983865,0.722222,0.031428,0.936574,0.711122,0.756963
jazz_07::lowpass::lp2000,1.000000,0.999998,0.999989,0.050716,0.250000,0.532761,1.000000,1.000000,0.997381,0.722222,0.000205,0.931400,0.706616,0.755229
jazz_07::distortion::drv4,1.000000,0.999930,0.999318,0.050716,0.333333,0.422162,1.000000,1.000000,0.960193,0.777778,0.840731,0.997439,0.780825,0.753190
jazz_07::distortion::drv12,1.000000,0.999663,0.996841,0.050716,0.266667,0.529330,1.000000,1.000000,0.855388,0.611111,0.570188,0.983006,0.734980,0.726768
jazz_07::distortion::drv32,1.000000,0.999277,0.995271,0.050716,0.250000,0.449804,1.000000,1.000000,0.803969,0.500000,0.446403,0.977461,0.701183,0.699182
jazz_07::style_swap::swap_cross,0.833333,0.969385,0.911605,1.000000,0.428571,0.476000,0.977023,0.479905,0.270311,0.000000,0.134921,0.867671,0.589338,0.607814
jazz_07::style_swap::swap_same,0.666667,0.978693,0.920372,0.273538,0.375000,0.408326,0.976757,0.479672,0.372209,0.000000,0.424460,0.985471,0.552319,0.521886
jazz_08::pitch_shift::-4st,0.333333,0.888642,0.771745,1.000000,1.000000,1.000000,0.988418,0.873081,0.753745,0.272727,0.505419,0.993688,0.765193,0.768363
jazz_08::control::ctrl,1.000000,1.000000,1.000000,1.000000,1.000000,1.000000,1.000000,1.000000,1.000000,1.000000,1.000000,1.000000,1.000000,1.000000
jazz_08::pitch_shift::-2st,0.666667,0.867313,0.761254,1.000000,1.000000,1.000000,1.000000,1.000000,0.826698,0.727273,0.802995,0.997667,0.872553,0.867012
jazz_08::pitch_shift::-1st,0.166667,0.898456,0.779594,1.000000,1.000000,1.000000,1.000000,1.000000,0.849991,0.545455,0.939840,0.999360,0.835625,0.808835
jazz_08::pitch_shift::+2st,0.666667,0.874972,0.773581,1.000000,1.000000,0.889563,0.988418,0.873081,0.770825,1.000000,0.773296,0.996824,0.867275,0.863739
jazz_08::pitch_shift::+4st,0.333333,0.888373,0.784500,1.000000,1.000000,0.889563,0.988418,0.873081,0.764317,0.454545,0.536635,0.990051,0.775857,0.778425
jazz_08::pitch_shift::+1st,0.166667,0.900547,0.791467,1.000000,1.000000,1.000000,1.000000,1.000000,0.816723,0.545455,0.888107,0.998889,0.829225,0.806377
jazz_08::time_stretch::-20pct,1.000000,0.990580,0.924301,0.196212,0.235294,0.379954,0.653528,0.126298,0.580723,0.000000,0.931488,0.997876,0.541940,0.457406
jazz_08::time_stretch::-5pct,1.000000,0.996468,0.978621,0.727439,0.000000,0.529330,0.988418,0.873081,0.691629,0.090909,0.982444,0.999923,0.729294,0.676916
jazz_08::time_stretch::-10pct,1.000000,0.995702,0.971009,0.540514,0.210526,0.393076,1.000000,1.000000,0.610931,0.545455,0.965035,0.999567,0.759308,0.714712
jazz_08::time_stretch::+5pct,1.000000,0.993348,0.970145,0.710493,0.133333,0.440043,0.966813,0.688010,0.708860,0.636364,0.982044,0.999933,0.758440,0.711931
jazz_08::time_stretch::+10pct,0.500000,0.989637,0.953038,0.330410,0.375000,0.449804,0.944784,0.557896,0.636599,0.363636,0.972299,0.999908,0.657908,0.592270
jazz_08::time_stretch::+20pct,1.000000,0.984488,0.942612,0.134499,0.375000,0.408326,0.955783,0.617685,0.569899,0.363636,0.950724,0.999832,0.675974,0.616114
jazz_08::lowpass::lp8000,1.000000,1.000000,1.000000,1.000000,1.000000,0.889563,1.000000,1.000000,0.999996,1.000000,0.605008,0.986411,0.956673,0.988956
jazz_08::lowpass::lp4000,1.000000,0.999983,0.999919,1.000000,0.636364,0.499288,1.000000,1.000000,0.999957,1.000000,0.126676,0.958269,0.851473,0.913547
jazz_08::lowpass::lp2000,1.000000,0.999960,0.999879,0.046136,0.333333,0.476000,1.000000,1.000000,0.999300,1.000000,0.000241,0.976379,0.735782,0.785432
jazz_08::distortion::drv4,1.000000,0.999985,0.999844,1.000000,1.000000,1.000000,1.000000,1.000000,0.996932,1.000000,0.974837,0.999792,0.997538,0.999584
jazz_08::distortion::drv12,1.000000,0.999749,0.997903,1.000000,1.000000,1.000000,1.000000,1.000000,0.948286,0.545455,0.741648,0.993411,0.934223,0.947605
jazz_08::distortion::drv32,1.000000,0.997784,0.990699,1.000000,0.636364,0.608230,1.000000,1.000000,0.849483,0.272727,0.495796,0.974269,0.814786,0.830905
jazz_08::style_swap::swap_cross,0.666667,0.926771,0.875365,1.000000,0.555556,0.468908,0.643138,0.118877,0.253953,0.000000,0.178636,0.937062,0.496573,0.484732
jazz_08::style_swap::swap_same,0.500000,0.882543,0.773161,0.196212,0.166667,0.529330,0.955783,0.617685,0.302748,0.000000,0.258381,0.945134,0.480110,0.456140
jazz_09::control::ctrl,1.000000,1.000000,1.000000,1.000000,1.000000,1.000000,1.000000,1.000000,1.000000,1.000000,1.000000,1.000000,1.000000,1.000000
jazz_09::pitch_shift::-4st,0.333333,0.993876,0.981347,1.000000,0.480000,0.424167,1.000000,1.000000,0.836396,0.571429,0.410096,0.986298,0.746805,0.756617
jazz_09::pitch_shift::-2st,0.666667,0.993190,0.980549,0.386743,0.240000,0.366736,1.000000,1.000000,0.782162,0.000000,0.677348,0.993956,0.668051,0.634571
jazz_09::pitch_shift::-1st,0.166667,0.994302,0.982845,1.000000,0.846154,0.620173,1.000000,1.000000,0.899496,0.285714,0.854964,0.997473,0.800979,0.775947
jazz_09::pitch_shift::+1st,0.166667,0.994602,0.982192,1.000000,0.923077,0.560707,0.662069,0.038073,0.853082,0.142857,0.870343,0.998134,0.648571,0.591450
jazz_09::pitch_shift::+2st,0.666667,0.992665,0.978233,1.000000,0.923077,0.521153,0.662069,0.038073,0.858300,0.142857,0.692806,0.990793,0.671394,0.637373
jazz_09::time_stretch::-20pct,1.000000,0.999562,0.991313,0.078083,0.521739,0.309304,0.989586,0.655126,0.475406,0.000000,0.887592,0.996012,0.645210,0.585918
jazz_09::pitch_shift::+4st,0.333333,0.993582,0.978646,0.021382,0.260870,0.366736,0.662069,0.038073,0.848803,0.428571,0.481626,0.978812,0.498300,0.452055
jazz_09::time_stretch::-10pct,1.000000,0.999777,0.992242,0.166222,0.400000,0.338020,0.948043,0.258037,0.539793,0.285714,0.901308,0.996484,0.636676,0.574255
jazz_09::time_stretch::-5pct,1.000000,0.999765,0.993674,0.386743,0.538462,0.377574,1.000000,1.000000,0.566537,0.000000,0.954706,0.999663,0.724367,0.673806
jazz_09::time_stretch::+5pct,1.000000,0.999751,0.994449,0.340732,0.888889,0.469465,0.662822,0.038196,0.582797,0.000000,0.945825,0.998965,0.620248,0.549825
jazz_09::time_stretch::+10pct,1.000000,0.999518,0.992482,0.340732,1.000000,0.549869,0.662069,0.038073,0.530134,0.000000,0.912793,0.996782,0.627251,0.561765
jazz_09::time_stretch::+20pct,1.000000,0.999449,0.990934,0.007334,0.285714,0.366736,1.000000,1.000000,0.460312,0.000000,0.907537,0.997274,0.654950,0.595477
jazz_09::lowpass::lp8000,1.000000,0.999996,0.999967,1.000000,1.000000,1.000000,1.000000,1.000000,0.942048,0.714286,0.199924,0.970198,0.900668,0.963985
jazz_09::lowpass::lp4000,1.000000,0.999762,0.997845,0.340732,0.500000,0.481599,1.000000,1.000000,0.942096,0.142857,0.087828,0.980553,0.704572,0.738777
jazz_09::lowpass::lp2000,1.000000,0.999511,0.997314,0.340732,0.500000,0.395451,0.968777,0.377494,0.923740,1.000000,0.002837,0.797704,0.686404,0.744958
jazz_09::distortion::drv4,1.000000,0.999999,0.999994,1.000000,1.000000,1.000000,1.000000,1.000000,0.993478,1.000000,0.998149,0.999984,0.999146,0.999162
jazz_09::distortion::drv12,1.000000,0.999857,0.998711,0.166222,0.320000,0.330858,1.000000,1.000000,0.926523,0.142857,0.851632,0.998782,0.726174,0.686376
jazz_09::style_swap::swap_cross,0.166667,0.952734,0.929221,0.050251,0.380952,0.338020,0.979176,0.481787,0.265802,0.000000,0.151021,0.747185,0.429613,0.427372
jazz_09::distortion::drv32,1.000000,0.999731,0.998089,0.078083,0.250000,0.388226,0.662257,0.038103,0.962364,0.571429,0.405395,0.988288,0.580858,0.557738
jazz_09::style_swap::swap_same,0.166667,0.973188,0.899112,0.021382,0.347826,0.338020,0.978032,0.480788,0.259299,0.000000,0.177564,0.731839,0.423729,0.419293
jazz_10::control::ctrl,1.000000,1.000000,1.000000,1.000000,1.000000,1.000000,1.000000,1.000000,1.000000,1.000000,1.000000,1.000000,1.000000,1.000000
jazz_10::pitch_shift::-4st,0.333333,0.990811,0.955988,1.000000,1.000000,1.000000,1.000000,1.000000,0.814211,0.000000,0.720412,0.999153,0.812083,0.802549
jazz_10::pitch_shift::-2st,0.666667,0.993935,0.957898,1.000000,1.000000,1.000000,1.000000,1.000000,0.878119,0.000000,0.892286,0.999444,0.861640,0.844798
jazz_10::pitch_shift::-1st,0.000000,0.993326,0.954036,1.000000,1.000000,1.000000,1.000000,1.000000,0.906482,0.214286,0.960222,0.999764,0.832182,0.802622
jazz_10::pitch_shift::+1st,0.166667,0.993256,0.957615,1.000000,1.000000,0.857359,1.000000,1.000000,0.886749,0.285714,0.960951,0.999829,0.838460,0.810075
jazz_10::pitch_shift::+2st,0.666667,0.989677,0.956700,1.000000,1.000000,0.857359,1.000000,1.000000,0.885791,0.142857,0.896167,0.999303,0.862127,0.845011
jazz_10::pitch_shift::+4st,0.333333,0.978230,0.949015,1.000000,1.000000,0.828598,1.000000,1.000000,0.864969,0.142857,0.747525,0.998418,0.815012,0.803431
jazz_10::time_stretch::-10pct,1.000000,0.998958,0.989682,0.465043,0.352941,0.408326,1.000000,1.000000,0.715595,0.142857,0.949141,0.999729,0.744864,0.698952
jazz_10::time_stretch::-20pct,0.666667,0.998647,0.982784,0.178591,0.272727,0.338020,0.669849,0.288396,0.629087,0.000000,0.929661,0.999609,0.540927,0.456188
jazz_10::time_stretch::-5pct,1.000000,0.999150,0.986921,0.671974,0.000000,0.408326,1.000000,1.000000,0.717623,0.214286,0.968145,0.999785,0.740189,0.691435
jazz_10::time_stretch::+5pct,1.000000,0.999428,0.987890,0.407067,0.111111,0.408326,1.000000,1.000000,0.737823,0.142857,0.977924,0.999840,0.724537,0.671669
jazz_10::time_stretch::+10pct,1.000000,0.998830,0.987542,0.244279,0.315789,0.408326,1.000000,1.000000,0.709929,0.214286,0.960054,0.999816,0.729393,0.679286
jazz_10::time_stretch::+20pct,1.000000,0.998416,0.983972,0.103430,0.285714,0.408326,0.986328,0.914239,0.671345,0.071429,0.945784,0.999624,0.688002,0.631064
jazz_10::lowpass::lp8000,1.000000,1.000000,1.000000,1.000000,1.000000,1.000000,1.000000,1.000000,0.999832,1.000000,0.294122,0.954070,0.937080,0.999978
jazz_10::lowpass::lp4000,1.000000,0.999999,0.999985,1.000000,1.000000,0.857359,1.000000,1.000000,0.999944,1.000000,0.110564,0.897021,0.904841,0.985727
jazz_10::lowpass::lp2000,1.000000,0.999998,0.999986,0.809825,0.714286,0.747712,0.985552,0.945221,0.999012,0.785714,0.000399,0.902669,0.822365,0.897170
jazz_10::distortion::drv4,1.000000,0.999716,0.998588,1.000000,0.222222,0.589895,1.000000,1.000000,0.965210,0.285714,0.909361,0.997603,0.829815,0.805097
jazz_10::distortion::drv12,0.666667,0.998890,0.996104,1.000000,0.555556,0.491282,1.000000,1.000000,0.890981,0.285714,0.731294,0.986544,0.797471,0.785270
jazz_10::distortion::drv32,0.666667,0.998090,0.994543,0.244279,0.526316,0.379954,1.000000,1.000000,0.846199,0.071429,0.587133,0.981892,0.687440,0.668144
jazz_10::style_swap::swap_cross,0.833333,0.919663,0.773731,0.042502,0.133333,0.408326,0.944068,0.813992,0.249737,0.071429,0.272297,0.865796,0.495601,0.481792
jazz_10::style_swap::swap_same,0.666667,0.976102,0.938729,0.671974,0.250000,0.408326,0.962547,0.372993,0.304562,0.000000,0.452125,0.980514,0.560029,0.528899
jazz_11::control::ctrl,1.000000,1.000000,1.000000,1.000000,1.000000,1.000000,1.000000,1.000000,1.000000,1.000000,1.000000,1.000000,1.000000,1.000000
jazz_11::pitch_shift::-4st,0.333333,0.946212,0.831291,1.000000,1.000000,0.865250,0.987996,0.924317,0.859388,0.090909,0.596716,0.997920,0.775774,0.771479
jazz_11::pitch_shift::-2st,0.666667,0.972932,0.867232,1.000000,1.000000,0.865250,1.000000,1.000000,0.881258,0.181818,0.834783,0.998802,0.848879,0.835304
jazz_11::pitch_shift::-1st,0.166667,0.955312,0.828887,1.000000,1.000000,1.000000,0.987996,0.924317,0.902145,0.272727,0.931125,0.999551,0.821744,0.793028
jazz_11::pitch_shift::+1st,0.166667,0.960789,0.844802,1.000000,1.000000,1.000000,0.976479,0.843414,0.913047,0.363636,0.920568,0.999382,0.823247,0.795905
jazz_11::pitch_shift::+4st,0.333333,0.944105,0.863028,1.000000,1.000000,0.835505,0.975517,0.866642,0.866190,0.090909,0.666121,0.989251,0.775161,0.764727
jazz_11::pitch_shift::+2st,0.666667,0.971027,0.864953,1.000000,1.000000,0.865250,0.976479,0.843414,0.898020,0.136364,0.804281,0.996651,0.826610,0.811861
jazz_11::time_stretch::-20pct,1.000000,0.998357,0.954855,0.093829,0.235294,0.454615,0.976479,0.843414,0.659705,0.136364,0.911020,0.998503,0.677380,0.621914
jazz_11::time_stretch::-10pct,1.000000,0.998657,0.975243,0.343018,0.315789,0.408326,0.963303,0.808683,0.722725,0.000000,0.936815,0.999164,0.695600,0.641128
jazz_11::time_stretch::-5pct,1.000000,0.998963,0.981704,0.571607,0.400000,0.417285,0.965443,0.756274,0.776523,0.181818,0.966968,0.999847,0.742633,0.694480
jazz_11::time_stretch::+5pct,1.000000,0.999164,0.981714,0.540514,0.285714,0.388226,0.987753,0.930139,0.774009,0.136364,0.969699,0.999915,0.742586,0.694142
jazz_11::time_stretch::+10pct,1.000000,0.998262,0.975758,0.273835,0.476190,0.379954,0.987996,0.924317,0.755445,0.227273,0.950200,0.999735,0.738315,0.690986
jazz_11::time_stretch::+20pct,1.000000,0.996683,0.962541,0.128634,0.363636,0.361967,1.000000,1.000000,0.687643,0.272727,0.895543,0.999550,0.714069,0.667377
jazz_11::lowpass::lp8000,1.000000,0.999997,0.999964,1.000000,1.000000,1.000000,1.000000,1.000000,0.999806,1.000000,0.237028,0.961968,0.933016,0.999970
jazz_11::lowpass::lp4000,1.000000,0.999997,0.999963,0.093829,0.555556,0.529276,1.000000,1.000000,0.998615,0.863636,0.071087,0.903711,0.750743,0.804044
jazz_11::lowpass::lp2000,1.000000,0.999985,0.999903,0.024937,0.333333,0.342677,1.000000,1.000000,0.992932,0.863636,0.000128,0.923816,0.706190,0.755534
jazz_11::distortion::drv4,1.000000,0.999728,0.998080,1.000000,1.000000,0.912461,0.976479,0.843414,0.970946,0.863636,0.602986,0.970515,0.925233,0.953123
jazz_11::distortion::drv12,1.000000,0.998846,0.993478,0.064935,0.352941,0.417285,0.988418,0.873081,0.930841,0.863636,0.429917,0.953037,0.735791,0.744962
jazz_11::style_swap::swap_cross,0.666667,0.952246,0.866184,1.000000,0.095238,0.379954,0.954880,0.661634,0.283795,0.000000,0.261224,0.958678,0.564029,0.555116
jazz_11::style_swap::swap_same,0.666667,0.979275,0.905542,0.139631,0.421053,0.379954,1.000000,1.000000,0.312634,0.090909,0.481804,0.993514,0.595034,0.566552
jazz_12::control::ctrl,1.000000,1.000000,1.000000,1.000000,1.000000,1.000000,1.000000,1.000000,1.000000,1.000000,1.000000,1.000000,1.000000,1.000000
jazz_12::pitch_shift::-4st,0.333333,0.928800,0.881737,1.000000,1.000000,1.000000,1.000000,1.000000,0.726406,0.166667,0.592223,0.994527,0.789883,0.789221
jazz_11::distortion::drv32,1.000000,0.998387,0.991404,0.064935,0.352941,0.417285,0.988418,0.873081,0.911371,0.863636,0.357681,0.959454,0.727983,0.742132
jazz_12::pitch_shift::-2st,0.666667,0.943931,0.905873,1.000000,1.000000,1.000000,1.000000,1.000000,0.794943,0.166667,0.858454,0.997458,0.851878,0.836679
jazz_12::pitch_shift::-1st,0.166667,0.952807,0.881499,1.000000,1.000000,1.000000,1.000000,1.000000,0.824742,0.500000,0.942287,0.999143,0.846868,0.822104
jazz_12::pitch_shift::+1st,0.166667,0.963161,0.917340,1.000000,1.000000,0.912461,1.000000,1.000000,0.795043,0.166667,0.931216,0.999325,0.812781,0.782287
jazz_12::pitch_shift::+2st,0.666667,0.936795,0.907481,1.000000,1.000000,0.912461,1.000000,1.000000,0.793220,0.166667,0.826207,0.997570,0.840993,0.826829
jazz_12::pitch_shift::+4st,0.333333,0.926126,0.865752,1.000000,1.000000,0.912461,1.000000,1.000000,0.734568,0.000000,0.660203,0.992272,0.773021,0.762428
jazz_12::time_stretch::-20pct,1.000000,0.994495,0.974647,0.055287,0.470588,0.491946,0.957542,0.462798,0.599630,0.166667,0.835091,0.997492,0.653309,0.600729
jazz_12::time_stretch::-5pct,1.000000,0.995503,0.980378,0.429798,0.250000,0.379954,1.000000,1.000000,0.645441,0.000000,0.963191,0.999843,0.711344,0.657311
jazz_12::time_stretch::-10pct,1.000000,0.996711,0.984858,0.201898,0.380952,0.417285,0.988471,0.907007,0.641682,0.166667,0.940605,0.999351,0.708849,0.656627
jazz_12::time_stretch::+5pct,1.000000,0.996742,0.985819,0.386743,0.608696,0.338020,0.663866,0.185124,0.682811,0.166667,0.972229,0.999789,0.627723,0.556068
jazz_12::time_stretch::+10pct,1.000000,0.996579,0.986034,0.131776,0.333333,0.396007,1.000000,1.000000,0.674758,0.333333,0.955343,0.999408,0.725741,0.675418
jazz_12::time_stretch::+20pct,1.000000,0.993309,0.975687,0.038499,0.222222,0.580032,0.976949,0.826556,0.606857,0.000000,0.913468,0.998279,0.665536,0.607479
jazz_12::lowpass::lp8000,1.000000,0.999812,0.999106,1.000000,1.000000,1.000000,1.000000,1.000000,0.992312,0.500000,0.327736,0.972218,0.898904,0.948872
jazz_12::lowpass::lp4000,1.000000,0.999983,0.999927,1.000000,1.000000,0.835505,1.000000,1.000000,0.992206,0.500000,0.143880,0.930717,0.866286,0.932538
jazz_12::distortion::drv4,1.000000,0.999333,0.994764,1.000000,1.000000,1.000000,1.000000,1.000000,0.948458,0.500000,0.839651,0.992202,0.938131,0.942623
jazz_12::lowpass::lp2000,1.000000,0.999984,0.999940,1.000000,1.000000,0.835505,1.000000,1.000000,0.988261,0.500000,0.000689,0.942674,0.854994,0.932034
jazz_12::distortion::drv12,1.000000,0.997927,0.994597,1.000000,1.000000,0.912461,1.000000,1.000000,0.824259,1.000000,0.625295,0.977270,0.939835,0.967695
jazz_12::distortion::drv32,1.000000,0.997718,0.992028,1.000000,0.909091,0.805722,0.663450,0.184843,0.758002,0.500000,0.481771,0.970107,0.735831,0.738006
jazz_12::style_swap::swap_cross,0.833333,0.903804,0.844785,0.011875,0.235294,0.417285,1.000000,1.000000,0.288402,0.000000,0.297950,0.951465,0.540805,0.524343
jazz_12::style_swap::swap_same,0.333333,0.968081,0.922449,0.386743,0.434783,0.338020,0.948043,0.258037,0.254508,0.000000,0.189583,0.729610,0.453742,0.454344
jazz_13::control::ctrl,1.000000,1.000000,1.000000,1.000000,1.000000,1.000000,1.000000,1.000000,1.000000,1.000000,1.000000,1.000000,1.000000,1.000000
jazz_13::pitch_shift::-4st,0.000000,0.847048,0.805137,1.000000,1.000000,0.857359,1.000000,1.000000,0.848160,0.360000,0.572857,0.995657,0.759504,0.754583
jazz_13::pitch_shift::-1st,0.166667,0.967341,0.895483,1.000000,1.000000,0.906066,1.000000,1.000000,0.910653,0.520000,0.945312,0.999527,0.853480,0.829695
jazz_13::pitch_shift::+1st,0.166667,0.957159,0.882757,1.000000,1.000000,0.906066,1.000000,1.000000,0.911582,0.520000,0.927584,0.999832,0.849511,0.826673
jazz_13::pitch_shift::-2st,0.666667,0.911007,0.867461,1.000000,1.000000,0.649100,1.000000,1.000000,0.897516,0.320000,0.844005,0.998647,0.837108,0.820274
jazz_13::pitch_shift::+2st,0.666667,0.897684,0.868757,1.000000,1.000000,1.000000,1.000000,1.000000,0.871486,0.800000,0.826840,0.999235,0.900647,0.898175
jazz_13::pitch_shift::+4st,0.333333,0.827469,0.763471,1.000000,1.000000,0.771464,1.000000,1.000000,0.846931,0.600000,0.673504,0.996045,0.801573,0.794959
jazz_13::time_stretch::-20pct,1.000000,0.997889,0.945150,0.116098,0.333333,0.354824,0.977864,0.771920,0.624431,0.280000,0.882228,0.999515,0.678207,0.625677
jazz_13::time_stretch::-10pct,1.000000,0.999096,0.981515,0.436835,0.470588,0.449804,0.965443,0.756274,0.741882,0.280000,0.917303,0.999666,0.740313,0.696681
jazz_13::time_stretch::-5pct,1.000000,0.998949,0.982365,0.650077,0.250000,0.408326,0.988471,0.907007,0.774112,0.600000,0.959909,0.999863,0.786489,0.747810
jazz_13::time_stretch::+20pct,1.000000,0.995335,0.960331,0.116098,0.315789,0.417285,0.988471,0.907007,0.636473,0.120000,0.887376,0.999440,0.684644,0.632895
jazz_13::time_stretch::+10pct,1.000000,0.996825,0.973741,0.375769,0.470588,0.440043,0.976949,0.826556,0.737240,0.120000,0.923564,0.999704,0.727825,0.681066
jazz_13::time_stretch::+5pct,1.000000,0.998584,0.985575,0.626183,0.000000,0.491282,0.976949,0.826556,0.757308,0.120000,0.952533,0.999838,0.719786,0.668507
jazz_13::lowpass::lp8000,1.000000,0.999961,0.999761,1.000000,1.000000,1.000000,1.000000,1.000000,0.999996,1.000000,0.453055,0.995308,0.953974,0.999964
jazz_13::lowpass::lp4000,1.000000,0.999923,0.999574,1.000000,0.588235,0.506938,1.000000,1.000000,0.999984,1.000000,0.045660,0.985397,0.843716,0.909450
jazz_13::lowpass::lp2000,1.000000,0.999917,0.999552,1.000000,0.615385,0.390779,1.000000,1.000000,0.999800,1.000000,0.000065,0.964253,0.830599,0.900522
jazz_13::distortion::drv4,1.000000,0.999359,0.998271,1.000000,1.000000,0.906066,1.000000,1.000000,0.953834,0.320000,0.785792,0.996788,0.912169,0.916366
jazz_13::distortion::drv12,1.000000,0.994685,0.988907,1.000000,0.421053,0.408326,1.000000,1.000000,0.887708,0.440000,0.500103,0.987487,0.799167,0.810323
jazz_13::distortion::drv32,1.000000,0.991592,0.984498,1.000000,0.111111,0.449804,1.000000,1.000000,0.836768,0.440000,0.355026,0.984470,0.758136,0.775916
jazz_13::style_swap::swap_same,0.500000,0.923849,0.853404,0.067769,0.272727,0.309304,0.948043,0.258037,0.273187,0.000000,0.152496,0.810229,0.418397,0.407048
jazz_13::style_swap::swap_cross,0.666667,0.783539,0.754761,0.033919,0.333333,0.408326,0.645347,0.070794,0.291501,0.000000,0.276386,0.986030,0.374707,0.323499
jazz_14::control::ctrl,1.000000,1.000000,1.000000,1.000000,1.000000,1.000000,1.000000,1.000000,1.000000,1.000000,1.000000,1.000000,1.000000,1.000000
jazz_14::pitch_shift::-4st,0.333333,0.924837,0.840792,1.000000,0.909091,0.766380,1.000000,1.000000,0.710146,0.181818,0.608694,0.997136,0.759166,0.750435
jazz_14::pitch_shift::-2st,0.666667,0.928492,0.883692,1.000000,0.909091,0.878672,1.000000,1.000000,0.800025,0.272727,0.831421,0.998838,0.837170,0.821586
jazz_14::pitch_shift::-1st,0.166667,0.947662,0.874033,1.000000,0.909091,0.878672,1.000000,1.000000,0.818017,0.454545,0.939764,0.999664,0.823078,0.793753
jazz_14::pitch_shift::+1st,0.166667,0.954723,0.879410,1.000000,0.888889,0.865250,1.000000,1.000000,0.813708,0.000000,0.924364,0.999567,0.782098,0.746128
jazz_14::pitch_shift::+2st,0.666667,0.940284,0.879227,1.000000,0.909091,0.878672,1.000000,1.000000,0.815860,0.272727,0.779185,0.998052,0.835455,0.824836
jazz_14::pitch_shift::+4st,0.333333,0.929226,0.844583,1.000000,0.888889,0.715928,1.000000,1.000000,0.771586,0.000000,0.584577,0.993772,0.743340,0.734214
jazz_14::time_stretch::-20pct,1.000000,0.997656,0.959911,0.203785,0.200000,0.566607,0.988661,0.842017,0.587469,0.090909,0.901744,0.999149,0.683141,0.629685
jazz_14::time_stretch::-10pct,1.000000,0.998761,0.977561,0.449331,0.200000,0.566607,0.919686,0.000000,0.670106,0.000000,0.947575,0.999656,0.628931,0.559997
jazz_14::time_stretch::-5pct,1.000000,0.997211,0.972820,0.655590,0.000000,0.566607,0.919686,0.000000,0.650465,0.090909,0.974699,0.999960,0.636522,0.566361
jazz_14::time_stretch::+5pct,1.000000,0.997875,0.980312,0.794294,0.000000,0.529330,1.000000,1.000000,0.700831,0.181818,0.974566,0.999904,0.755656,0.709340
jazz_14::time_stretch::+10pct,1.000000,0.998538,0.974921,0.479276,0.500000,0.529330,0.988235,0.916858,0.687187,0.454545,0.959581,0.999867,0.781669,0.742058
jazz_14::time_stretch::+20pct,1.000000,0.998075,0.977567,0.269729,0.333333,0.529330,0.988235,0.916858,0.584875,0.454545,0.939837,0.999794,0.737941,0.691568
jazz_14::lowpass::lp8000,1.000000,0.999750,0.999370,1.000000,0.909091,0.766380,1.000000,1.000000,0.999997,1.000000,0.751076,0.996279,0.951784,0.967429
jazz_14::lowpass::lp4000,1.000000,0.999750,0.999370,1.000000,0.909091,0.766380,1.000000,1.000000,0.986212,0.636364,0.018073,0.981540,0.857613,0.929296
jazz_14::lowpass::lp2000,1.000000,0.999917,0.999768,0.804816,0.800000,0.641267,1.000000,1.000000,0.985001,0.636364,0.000111,0.944811,0.817006,0.886277
jazz_14::distortion::drv4,1.000000,0.999661,0.998252,1.000000,0.727273,0.665429,0.988235,0.916858,0.939857,0.636364,0.755789,0.993070,0.882529,0.884194
jazz_14::distortion::drv12,1.000000,0.998125,0.994277,1.000000,0.000000,0.517511,0.977804,0.642083,0.855342,0.181818,0.548620,0.984445,0.719436,0.710119
jazz_14::distortion::drv32,1.000000,0.996837,0.991408,0.269729,0.166667,0.476000,0.977804,0.642083,0.806167,0.545455,0.380866,0.986836,0.679820,0.679101
jazz_14::style_swap::swap_cross,0.166667,0.922019,0.868186,1.000000,0.500000,0.476000,1.000000,1.000000,0.271505,0.000000,0.225228,0.887231,0.585727,0.592366
jazz_14::style_swap::swap_same,0.666667,0.959378,0.845058,0.235132,0.266667,0.379954,0.987996,0.924317,0.292155,0.000000,0.351651,0.976199,0.550762,0.528286
jazz_15::control::ctrl,1.000000,1.000000,1.000000,1.000000,1.000000,1.000000,1.000000,1.000000,1.000000,1.000000,1.000000,1.000000,1.000000,1.000000
jazz_15::pitch_shift::-4st,0.333333,0.814254,0.649383,0.685384,0.625000,0.665905,1.000000,1.000000,0.870073,0.500000,0.417016,0.990216,0.693907,0.692030
jazz_15::pitch_shift::-2st,0.666667,0.911116,0.739896,0.685384,0.666667,0.618027,0.955783,0.617685,0.907446,0.727273,0.710605,0.996827,0.751484,0.731058
jazz_15::pitch_shift::-1st,0.166667,0.779422,0.577235,1.000000,1.000000,1.000000,1.000000,1.000000,0.929641,0.636364,0.845058,0.998509,0.807507,0.784661
jazz_15::pitch_shift::+1st,0.166667,0.769912,0.571414,0.685384,0.666667,0.722732,1.000000,1.000000,0.957685,1.000000,0.864869,0.998640,0.763561,0.729932
jazz_15::pitch_shift::+2st,0.666667,0.894679,0.718088,1.000000,1.000000,0.818770,1.000000,1.000000,0.914735,0.590909,0.722443,0.996204,0.847568,0.845242
jazz_15::time_stretch::-20pct,1.000000,0.997900,0.924660,0.306480,0.000000,0.517511,0.966134,0.727513,0.655568,0.409091,0.767199,0.998859,0.676430,0.635118
jazz_15::pitch_shift::+4st,0.333333,0.789655,0.620003,0.685384,0.625000,0.604656,1.000000,1.000000,0.913346,0.727273,0.521073,0.986903,0.714566,0.706768
jazz_15::time_stretch::-10pct,1.000000,0.996543,0.952609,1.000000,0.375000,0.388226,0.987996,0.924317,0.752069,0.636364,0.885096,0.999135,0.816690,0.791610
jazz_15::time_stretch::-5pct,1.000000,0.998666,0.995238,0.711772,0.000000,0.566607,0.964027,0.795085,0.801773,0.772727,0.918870,0.999413,0.785680,0.750992
jazz_15::time_stretch::+5pct,1.000000,0.999374,0.973808,0.685384,0.000000,0.566607,0.976002,0.856389,0.786021,0.363636,0.927350,0.998999,0.753371,0.711417
jazz_15::time_stretch::+10pct,1.000000,0.998515,0.961592,0.449331,0.222222,0.566607,0.988235,0.916858,0.761871,0.681818,0.914189,0.999108,0.780806,0.745643
jazz_15::lowpass::lp8000,1.000000,1.000000,1.000000,1.000000,1.000000,1.000000,1.000000,1.000000,0.999620,1.000000,0.869963,1.000000,0.989123,0.999951
jazz_15::time_stretch::+20pct,1.000000,0.996847,0.936016,0.279433,0.333333,0.476000,0.654397,0.217376,0.692695,0.863636,0.903709,0.999240,0.656528,0.597544
jazz_15::lowpass::lp2000,1.000000,0.999991,0.999966,0.558303,1.000000,0.865250,1.000000,1.000000,0.999223,1.000000,0.000655,0.976593,0.866516,0.942248
jazz_15::lowpass::lp4000,1.000000,1.000000,1.000000,1.000000,1.000000,1.000000,1.000000,1.000000,0.999964,1.000000,0.013607,0.999469,0.917749,0.999995
jazz_15::distortion::drv4,1.000000,0.999724,0.999198,0.685384,0.625000,0.665905,1.000000,1.000000,0.988303,1.000000,0.636804,0.994789,0.882590,0.895984
jazz_15::distortion::drv12,1.000000,0.996830,0.993065,0.685384,0.625000,0.665905,0.955783,0.617685,0.928697,1.000000,0.157450,0.964344,0.793185,0.839878
jazz_15::distortion::drv32,0.833333,0.991872,0.982170,1.000000,0.500000,0.434972,0.955783,0.617685,0.845829,1.000000,0.106395,0.932921,0.758177,0.806321
jazz_15::style_swap::swap_cross,0.666667,0.921650,0.693212,0.160292,0.333333,0.476000,1.000000,1.000000,0.274341,0.000000,0.110803,0.877735,0.515019,0.519971
jazz_15::style_swap::swap_same,0.166667,0.886188,0.667035,0.523292,0.400000,0.454615,0.987996,0.924317,0.329799,0.000000,0.148807,0.847483,0.498220,0.499236
rock_01::control::ctrl,1.000000,1.000000,1.000000,1.000000,1.000000,1.000000,1.000000,1.000000,1.000000,1.000000,1.000000,1.000000,1.000000,1.000000
rock_01::pitch_shift::-2st,0.666667,0.863047,0.762870,1.000000,0.875000,0.771464,1.000000,1.000000,0.808221,0.200000,0.783287,0.997377,0.795140,0.776119
rock_01::pitch_shift::-4st,0.333333,0.790938,0.575573,1.000000,0.875000,0.771464,1.000000,1.000000,0.752223,0.400000,0.456778,0.992294,0.721625,0.721094
rock_01::pitch_shift::-1st,0.166667,0.815826,0.680948,1.000000,0.875000,0.747712,1.000000,1.000000,0.883815,0.400000,0.918373,0.999175,0.773114,0.735988
rock_01::pitch_shift::+1st,0.166667,0.828856,0.690970,1.000000,0.941176,0.848573,1.000000,1.000000,0.871073,0.200000,0.908113,0.999314,0.770854,0.734287
rock_01::pitch_shift::+2st,0.666667,0.867811,0.742843,1.000000,0.875000,0.729986,1.000000,1.000000,0.868379,0.200000,0.785816,0.997501,0.796835,0.777887
rock_01::pitch_shift::+4st,0.333333,0.796441,0.627600,1.000000,0.615385,0.506938,1.000000,1.000000,0.823364,0.400000,0.556593,0.991293,0.699945,0.685203
rock_01::time_stretch::-20pct,0.666667,0.993839,0.977070,0.097840,0.125000,0.408326,0.974022,0.887327,0.658071,0.200000,0.917451,0.999551,0.647629,0.585457
rock_01::time_stretch::-10pct,1.000000,0.999003,0.977704,0.407067,0.235294,0.449804,0.987003,0.941694,0.742885,0.000000,0.939329,0.999724,0.715541,0.664746
rock_01::time_stretch::+5pct,1.000000,0.998871,0.995383,0.600094,0.105263,0.449804,0.987256,0.938571,0.789151,0.400000,0.949095,0.999953,0.761534,0.718936
rock_01::time_stretch::-5pct,1.000000,0.998971,0.992045,0.626183,0.000000,0.449804,1.000000,1.000000,0.759153,0.000000,0.956162,0.999824,0.725936,0.675525
rock_01::time_stretch::+10pct,1.000000,0.997047,0.991673,0.343018,0.333333,0.408326,0.987256,0.938571,0.739236,0.200000,0.911470,0.999893,0.729893,0.684737
rock_01::time_stretch::+20pct,1.000000,0.993852,0.967317,0.093930,0.300000,0.354289,0.975026,0.874913,0.649567,0.200000,0.817721,0.999777,0.674081,0.627149
rock_01::lowpass::lp8000,1.000000,1.000000,0.999999,1.000000,1.000000,1.000000,1.000000,1.000000,0.999985,1.000000,0.415411,0.984031,0.949864,0.999998
rock_01::lowpass::lp4000,1.000000,0.999999,0.999999,1.000000,1.000000,0.771464,1.000000,1.000000,0.999930,1.000000,0.009053,0.956302,0.894488,0.977137
rock_01::lowpass::lp2000,1.000000,0.999948,0.999879,0.343018,0.210526,0.417285,1.000000,1.000000,0.996351,0.400000,0.000040,0.896620,0.687981,0.736589
rock_01::distortion::drv4,1.000000,0.999243,0.997372,1.000000,0.941176,0.898542,1.000000,1.000000,0.910663,1.000000,0.825541,0.998149,0.962013,0.972059
rock_01::distortion::drv12,1.000000,0.995976,0.990332,0.600094,0.714286,0.491282,1.000000,1.000000,0.802388,0.600000,0.522342,0.995179,0.804245,0.813374
rock_01::distortion::drv32,1.000000,0.993827,0.986452,0.343018,0.105263,0.417285,1.000000,1.000000,0.760823,0.600000,0.302642,0.992737,0.702254,0.713215
rock_01::style_swap::swap_cross,0.166667,0.893818,0.791365,0.042436,0.454545,0.366736,0.977284,0.480134,0.231152,0.000000,0.174064,0.896260,0.426575,0.405539
rock_01::style_swap::swap_same,1.000000,0.931802,0.843807,0.072699,0.250000,0.449804,0.941353,0.666857,0.253068,0.000000,0.135909,0.873956,0.505162,0.506035
rock_02::control::ctrl,1.000000,1.000000,1.000000,1.000000,1.000000,1.000000,1.000000,1.000000,1.000000,1.000000,1.000000,1.000000,1.000000,1.000000
rock_02::pitch_shift::-4st,0.333333,0.922968,0.866174,1.000000,1.000000,0.815881,1.000000,1.000000,0.667730,0.000000,0.559121,0.987777,0.748648,0.743768
rock_02::pitch_shift::-2st,0.666667,0.966525,0.906125,1.000000,1.000000,0.815881,0.988531,0.841845,0.749323,0.300000,0.820718,0.993137,0.827001,0.811061
rock_02::pitch_shift::-1st,0.000000,0.977106,0.923674,1.000000,1.000000,1.000000,0.988531,0.841845,0.814045,0.500000,0.915763,0.995753,0.821707,0.794924
rock_02::pitch_shift::+1st,0.166667,0.978523,0.922958,1.000000,1.000000,0.906066,0.988661,0.842017,0.807057,0.200000,0.905264,0.994974,0.801216,0.771468
rock_02::pitch_shift::+2st,0.666667,0.971926,0.912061,1.000000,1.000000,0.906066,0.988661,0.842017,0.764922,0.500000,0.787153,0.989260,0.851050,0.843690
rock_02::pitch_shift::+4st,0.333333,0.924904,0.893623,1.000000,1.000000,0.815881,0.988661,0.842017,0.687899,0.300000,0.577784,0.975069,0.764291,0.762027
rock_02::time_stretch::-20pct,0.833333,0.998541,0.977205,0.155136,0.266667,0.408326,0.624887,0.082448,0.536951,0.600000,0.897445,0.995682,0.569858,0.494545
rock_02::time_stretch::-10pct,1.000000,0.998540,0.986555,0.357682,0.250000,0.491282,0.662465,0.104361,0.633388,0.200000,0.930746,0.995641,0.595209,0.521641
rock_02::time_stretch::-5pct,1.000000,0.999301,0.990721,0.692056,0.000000,0.408326,1.000000,1.000000,0.667815,0.400000,0.941561,0.997057,0.749972,0.706124
rock_02::time_stretch::+5pct,1.000000,0.999331,0.992000,0.671974,0.000000,0.449804,0.988661,0.842017,0.673043,0.500000,0.938876,0.995287,0.745336,0.701017
rock_02::time_stretch::+10pct,0.833333,0.999106,0.989166,0.273538,0.222222,0.408326,0.988661,0.842017,0.609582,0.500000,0.927638,0.995040,0.705232,0.654043
rock_02::time_stretch::+20pct,1.000000,0.997085,0.979457,0.164149,0.421053,0.449804,0.988788,0.842184,0.524000,0.000000,0.919552,0.996708,0.677446,0.621331
rock_02::lowpass::lp8000,1.000000,1.000000,1.000000,1.000000,1.000000,1.000000,1.000000,1.000000,0.999886,1.000000,0.216418,0.939793,0.929343,0.999985
rock_02::lowpass::lp4000,1.000000,0.999997,0.999995,1.000000,1.000000,0.906066,1.000000,1.000000,0.999807,1.000000,0.067413,0.888660,0.904548,0.990581
rock_02::lowpass::lp2000,1.000000,0.999976,0.999850,1.000000,0.692308,0.645079,1.000000,1.000000,0.990158,0.700000,0.000246,0.770383,0.815008,0.902453
rock_02::distortion::drv4,1.000000,0.999925,0.999293,1.000000,1.000000,0.906066,1.000000,1.000000,0.944632,0.400000,0.931655,0.997336,0.930234,0.923399
rock_02::distortion::drv12,1.000000,0.999715,0.998177,1.000000,0.588235,0.486706,1.000000,1.000000,0.864807,0.400000,0.757492,0.993325,0.837422,0.829869
rock_02::distortion::drv32,1.000000,0.999602,0.997685,1.000000,0.500000,0.449804,0.989371,0.786476,0.835019,0.400000,0.618331,0.991662,0.792443,0.789988
rock_02::style_swap::swap_cross,0.166667,0.926640,0.867556,0.050716,0.421053,0.379954,0.988531,0.841845,0.294544,0.000000,0.238804,0.931496,0.484970,0.465384
rock_03::control::ctrl,1.000000,1.000000,1.000000,1.000000,1.000000,1.000000,1.000000,1.000000,0.999976,1.000000,0.999929,1.000000,0.999991,0.999997
rock_02::style_swap::swap_same,0.833333,0.988649,0.949517,0.265771,0.250000,0.449804,0.956670,0.555832,0.285167,0.000000,0.313079,0.923587,0.541670,0.526838
rock_03::pitch_shift::-4st,0.333333,0.951470,0.927002,1.000000,0.800000,1.000000,1.000000,1.000000,0.760385,0.058824,0.625858,0.996257,0.778429,0.771928
rock_03::pitch_shift::-2st,0.666667,0.977581,0.965809,1.000000,1.000000,1.000000,1.000000,1.000000,0.824842,0.294118,0.857792,0.998373,0.876255,0.865900
rock_03::pitch_shift::-1st,0.166667,0.990144,0.966485,1.000000,0.800000,0.766380,1.000000,1.000000,0.863043,0.294118,0.946685,0.999518,0.811700,0.779423
rock_03::pitch_shift::+1st,0.166667,0.986087,0.966726,1.000000,0.470588,0.514114,1.000000,1.000000,0.858213,0.529412,0.924246,0.999328,0.779947,0.743583
rock_03::pitch_shift::+2st,0.666667,0.976159,0.965755,1.000000,0.470588,0.514114,1.000000,1.000000,0.846099,0.352941,0.831744,0.997143,0.796358,0.772760
rock_03::pitch_shift::+4st,0.500000,0.954844,0.934000,1.000000,0.444444,0.479529,1.000000,1.000000,0.793627,0.176471,0.627356,0.991079,0.733500,0.718415
rock_03::time_stretch::-20pct,1.000000,0.998845,0.991235,0.196212,0.250000,0.330858,0.976479,0.843414,0.478043,0.058824,0.894588,0.998878,0.653480,0.594837
rock_03::time_stretch::-10pct,1.000000,0.998313,0.990863,0.540514,0.400000,0.354289,0.988235,0.916858,0.570104,0.529412,0.920424,0.999301,0.755901,0.715113
rock_03::time_stretch::+5pct,1.000000,0.999221,0.993404,0.491700,0.000000,0.626695,1.000000,1.000000,0.584225,0.117647,0.963976,0.999850,0.721390,0.669287
rock_03::time_stretch::-5pct,1.000000,0.998428,0.992901,0.727439,0.000000,0.476000,0.654104,0.197072,0.561558,0.235294,0.947868,0.999866,0.607873,0.534675
rock_03::time_stretch::+20pct,1.000000,0.998985,0.991418,0.134499,0.222222,0.566607,1.000000,1.000000,0.500570,0.294118,0.911964,0.999185,0.706259,0.656402
rock_03::time_stretch::+10pct,0.833333,0.997668,0.988955,0.330410,0.571429,0.626695,0.665927,0.209255,0.568532,0.176471,0.928199,0.999280,0.617774,0.548586
rock_03::lowpass::lp8000,1.000000,1.000000,1.000000,1.000000,0.800000,0.878672,1.000000,1.000000,0.999923,1.000000,0.198626,0.982154,0.904848,0.967857
rock_03::lowpass::lp4000,1.000000,0.999501,0.998289,1.000000,0.421053,0.553920,1.000000,1.000000,0.999677,0.823529,0.037065,0.970238,0.816710,0.879518
rock_03::distortion::drv4,0.833333,0.997906,0.992994,1.000000,0.444444,0.560854,0.978271,0.480996,0.923781,0.352941,0.658922,0.999151,0.764829,0.751994
rock_03::lowpass::lp2000,1.000000,0.999854,0.999765,1.000000,0.444444,0.524125,0.623659,0.165992,0.988459,1.000000,0.000902,0.903120,0.686569,0.734117
rock_03::distortion::drv12,0.833333,0.998099,0.992599,1.000000,0.666667,0.715928,0.978271,0.480996,0.850310,0.352941,0.299545,0.996993,0.758255,0.780272
rock_03::distortion::drv32,1.000000,0.999571,0.997284,0.710493,0.888889,0.641267,0.978271,0.480996,0.846906,0.294118,0.123439,0.994514,0.740829,0.777237
rock_03::style_swap::swap_cross,0.833333,0.961817,0.917805,0.214792,0.666667,0.566607,0.987508,0.915859,0.265599,0.000000,0.247019,0.795238,0.591380,0.606773
rock_03::style_swap::swap_same,0.166667,0.982544,0.943657,0.491700,0.000000,0.408326,0.956670,0.555832,0.274180,0.058824,0.263451,0.876250,0.474656,0.456429
rock_04::control::ctrl,1.000000,1.000000,1.000000,1.000000,1.000000,1.000000,1.000000,1.000000,1.000000,1.000000,1.000000,1.000000,1.000000,1.000000
rock_04::pitch_shift::-4st,0.333333,0.993200,0.964913,1.000000,0.384615,0.452883,0.639495,0.033082,0.699192,0.117647,0.543793,0.995120,0.556247,0.513638
rock_04::pitch_shift::-1st,0.500000,0.995365,0.967954,1.000000,0.384615,0.481599,0.907106,0.827481,0.798018,0.117647,0.904204,0.998904,0.726293,0.681248
rock_04::pitch_shift::-2st,0.833333,0.992803,0.967064,1.000000,0.384615,0.481599,0.639495,0.033082,0.764162,0.352941,0.799138,0.997710,0.648549,0.598590
rock_04::pitch_shift::+2st,0.500000,0.992801,0.963668,1.000000,0.384615,0.481599,0.639495,0.033082,0.760292,0.000000,0.719471,0.995355,0.583741,0.529037
rock_04::pitch_shift::+1st,0.333333,0.995588,0.971143,1.000000,0.384615,0.481599,0.868637,0.755523,0.829935,0.235294,0.873777,0.998471,0.710782,0.665723
rock_04::time_stretch::-20pct,1.000000,0.999468,0.989082,0.055287,0.363636,0.424167,0.657636,0.035527,0.473250,0.235294,0.852533,0.997674,0.547197,0.471631
rock_04::pitch_shift::+4st,0.166667,0.993488,0.963360,1.000000,0.384615,0.435006,0.868637,0.755523,0.712776,0.058824,0.491129,0.988421,0.631911,0.610414
rock_04::time_stretch::-10pct,1.000000,0.999352,0.990966,0.429798,0.640000,0.338020,0.639495,0.033082,0.559990,0.235294,0.892909,0.998063,0.603775,0.535446
rock_04::time_stretch::-5pct,0.833333,0.999543,0.992631,1.000000,0.000000,0.406290,0.651408,0.002955,0.634361,0.058824,0.927107,0.998987,0.585704,0.510242
rock_04::time_stretch::+10pct,1.000000,0.999208,0.992047,0.131776,0.307692,0.309304,0.647747,0.030255,0.545858,0.000000,0.923128,0.999108,0.531635,0.445745
rock_04::time_stretch::+5pct,1.000000,0.999893,0.996498,0.386743,0.153846,0.309304,0.939478,0.882398,0.658604,0.058824,0.937721,0.999389,0.680016,0.622312
rock_04::time_stretch::+20pct,1.000000,0.999749,0.990693,0.055287,0.347826,0.417285,0.920204,0.844853,0.523840,0.000000,0.910260,0.999294,0.648864,0.587686
rock_04::lowpass::lp8000,1.000000,0.999988,0.999891,1.000000,0.307692,0.481599,1.000000,1.000000,0.991057,0.647059,0.242326,0.976218,0.803474,0.842471
rock_04::lowpass::lp4000,1.000000,0.999998,0.999995,1.000000,1.000000,0.747640,0.947299,0.900394,0.990811,0.647059,0.028068,0.972755,0.847774,0.917426
rock_04::lowpass::lp2000,1.000000,0.999966,0.999900,0.007720,0.117647,0.503276,0.947299,0.900394,0.979027,0.411765,0.000234,0.890137,0.640650,0.680464
rock_04::distortion::drv4,1.000000,0.999972,0.999400,1.000000,0.000000,0.560707,0.662822,0.038196,0.956471,0.470588,0.913373,0.999693,0.685811,0.631669
rock_04::distortion::drv12,0.833333,0.999832,0.998382,1.000000,0.880000,0.722163,0.959218,0.920772,0.890799,0.470588,0.443471,0.997572,0.836743,0.860004
rock_05::control::ctrl,1.000000,1.000000,1.000000,1.000000,1.000000,1.000000,1.000000,1.000000,1.000000,1.000000,1.000000,1.000000,1.000000,1.000000
rock_05::pitch_shift::-4st,0.333333,0.821908,0.844562,1.000000,1.000000,1.000000,1.000000,1.000000,0.742484,0.250000,0.296833,0.984420,0.755679,0.778792
rock_04::distortion::drv32,0.833333,0.999705,0.997934,1.000000,0.880000,0.774614,0.959218,0.920772,0.843716,0.235294,0.169742,0.994464,0.793320,0.835600
rock_04::style_swap::swap_cross,0.833333,0.965916,0.920493,0.131776,0.518519,0.289348,0.653030,0.032499,0.269761,0.058824,0.175676,0.946109,0.431421,0.405881
rock_04::style_swap::swap_same,0.666667,0.978081,0.945810,0.018964,0.363636,0.338020,0.643610,0.032453,0.253202,0.000000,0.430006,0.987130,0.420000,0.362371
rock_05::pitch_shift::-2st,0.666667,0.879215,0.885747,1.000000,1.000000,1.000000,1.000000,1.000000,0.841361,0.500000,0.595422,0.994913,0.852218,0.863662
rock_05::pitch_shift::-1st,0.166667,0.935543,0.884561,1.000000,1.000000,1.000000,1.000000,1.000000,0.895106,0.416667,0.854292,0.998575,0.838216,0.820582
rock_05::pitch_shift::+1st,0.166667,0.933329,0.897101,1.000000,1.000000,1.000000,1.000000,1.000000,0.904489,1.000000,0.878127,0.998524,0.890851,0.881366
rock_05::pitch_shift::+2st,0.666667,0.877504,0.888653,1.000000,1.000000,1.000000,0.946130,0.803381,0.855399,0.500000,0.694928,0.994750,0.836450,0.834807
rock_05::pitch_shift::+4st,0.333333,0.828993,0.869035,1.000000,1.000000,0.698148,1.000000,1.000000,0.833328,0.500000,0.429003,0.983613,0.775480,0.789422
rock_05::time_stretch::-10pct,1.000000,0.999460,0.982847,0.273835,0.095238,0.417285,0.958763,0.853106,0.715662,0.750000,0.915328,0.998541,0.735900,0.691703
rock_05::time_stretch::-20pct,1.000000,0.998895,0.980179,0.058817,0.210526,0.468908,1.000000,1.000000,0.636617,0.250000,0.909103,0.997698,0.700149,0.649514
rock_05::time_stretch::-5pct,1.000000,0.999541,0.984638,0.506619,0.100000,0.434972,0.946130,0.803381,0.790874,0.833333,0.953187,0.999708,0.769304,0.727878
rock_05::time_stretch::+5pct,1.000000,0.999567,0.993245,0.469752,0.521739,0.393076,0.985693,0.951342,0.795547,1.000000,0.966901,0.999842,0.833460,0.803479
rock_05::time_stretch::+10pct,1.000000,0.999542,0.988061,0.201898,0.363636,0.354289,0.985693,0.951342,0.723853,0.583333,0.946846,0.999392,0.750081,0.705478
rock_05::lowpass::lp8000,1.000000,0.999999,0.999998,1.000000,1.000000,1.000000,1.000000,1.000000,0.999995,1.000000,0.401491,0.981396,0.948471,0.999999
rock_05::lowpass::lp4000,1.000000,0.999999,0.999999,1.000000,0.545455,0.468908,0.941985,0.821907,0.999955,1.000000,0.027355,0.949655,0.807516,0.871649
rock_05::lowpass::lp2000,1.000000,0.999993,0.999963,0.012634,0.222222,0.388226,0.927648,0.781928,0.998667,0.666667,0.000010,0.818070,0.643891,0.692055
rock_05::distortion::drv4,1.000000,0.998020,0.996717,1.000000,1.000000,0.687743,1.000000,1.000000,0.946654,0.666667,0.781508,0.996531,0.921385,0.927881
rock_05::time_stretch::+20pct,1.000000,0.997447,0.973831,0.078083,0.434783,0.361967,0.653905,0.320974,0.648208,0.583333,0.912520,0.998968,0.623851,0.557479
rock_05::distortion::drv12,1.000000,0.993590,0.990411,1.000000,0.956522,0.573656,1.000000,1.000000,0.870575,0.416667,0.511802,0.988217,0.854849,0.875895
rock_05::distortion::drv32,1.000000,0.991634,0.987797,1.000000,0.956522,0.517511,1.000000,1.000000,0.839281,0.416667,0.348394,0.983056,0.832227,0.865639
rock_05::style_swap::swap_cross,0.000000,0.858124,0.838679,0.012634,0.363636,0.422162,0.674674,0.212237,0.284005,0.083333,0.061847,0.896706,0.336401,0.308504
rock_05::style_swap::swap_same,0.333333,0.901921,0.934701,0.093930,0.210526,0.388226,0.975624,0.478682,0.259673,0.000000,0.172348,0.922472,0.447120,0.427571
rock_06::control::ctrl,1.000000,1.000000,1.000000,1.000000,1.000000,1.000000,1.000000,1.000000,1.000000,1.000000,1.000000,1.000000,1.000000,1.000000
rock_06::pitch_shift::-4st,0.166667,0.932120,0.911973,1.000000,1.000000,1.000000,1.000000,1.000000,0.665409,0.250000,0.558618,0.989328,0.776747,0.777372
rock_06::pitch_shift::-2st,0.666667,0.924102,0.936605,1.000000,1.000000,1.000000,1.000000,1.000000,0.740949,0.250000,0.788700,0.994872,0.847739,0.838963
rock_06::pitch_shift::-1st,0.166667,0.943525,0.923877,1.000000,1.000000,1.000000,1.000000,1.000000,0.824835,0.250000,0.883866,0.997506,0.824316,0.801058
rock_06::pitch_shift::+1st,0.166667,0.945894,0.925453,1.000000,1.000000,1.000000,1.000000,1.000000,0.850540,0.375000,0.892750,0.997521,0.838687,0.817414
rock_06::pitch_shift::+2st,0.666667,0.924336,0.941603,1.000000,0.956522,1.000000,1.000000,1.000000,0.791435,0.375000,0.805483,0.995779,0.861966,0.854261
rock_06::pitch_shift::+4st,0.333333,0.944810,0.950010,1.000000,0.956522,0.872323,1.000000,1.000000,0.694306,0.375000,0.576403,0.986827,0.796734,0.799844
rock_06::time_stretch::-20pct,1.000000,0.998651,0.991482,0.093930,0.250000,0.422162,1.000000,1.000000,0.472157,0.250000,0.863281,0.996982,0.682153,0.632577
rock_06::time_stretch::-10pct,1.000000,0.999562,0.995526,0.273835,0.476190,0.354289,1.000000,1.000000,0.559723,0.500000,0.904135,0.996816,0.744468,0.703287
rock_06::time_stretch::-5pct,1.000000,0.999386,0.996990,0.506619,0.545455,0.388226,0.987240,0.871494,0.561369,0.375000,0.920038,0.997955,0.750915,0.709312
rock_06::time_stretch::+5pct,1.000000,0.999344,0.996181,0.469752,0.608696,0.393076,1.000000,1.000000,0.596555,0.250000,0.934691,0.999089,0.760965,0.719786
rock_06::lowpass::lp8000,1.000000,0.999878,0.999683,1.000000,1.000000,1.000000,1.000000,1.000000,0.997058,1.000000,0.188938,0.960022,0.928498,0.999564
rock_06::time_stretch::+10pct,1.000000,0.999548,0.993603,0.201898,0.434783,0.361967,0.662044,0.142866,0.545583,0.250000,0.920476,0.998022,0.584968,0.510125
rock_06::time_stretch::+20pct,1.000000,0.999212,0.988921,0.078083,0.400000,0.316013,0.669557,0.299339,0.476452,0.250000,0.905429,0.998027,0.573021,0.497293
rock_06::lowpass::lp4000,1.000000,0.999860,0.999665,1.000000,1.000000,1.000000,1.000000,1.000000,0.996865,1.000000,0.038659,0.945459,0.914656,0.999534
rock_06::lowpass::lp2000,1.000000,0.999900,0.999794,1.000000,1.000000,0.872323,1.000000,1.000000,0.974437,1.000000,0.000744,0.839293,0.889050,0.983910
rock_06::distortion::drv4,1.000000,0.999773,0.999333,1.000000,1.000000,0.917967,1.000000,1.000000,0.974310,0.625000,0.975378,0.999915,0.957008,0.950881
rock_06::distortion::drv12,1.000000,0.999638,0.998530,1.000000,1.000000,0.872323,0.947149,0.796732,0.884364,0.625000,0.795057,0.999350,0.902393,0.903435
rock_06::distortion::drv32,1.000000,0.999699,0.998111,1.000000,0.900000,0.720970,0.963897,0.373969,0.804921,0.250000,0.518522,0.997910,0.786318,0.791952
rock_06::style_swap::swap_cross,0.666667,0.885596,0.827707,0.156526,0.380952,0.354289,0.987376,0.840318,0.289883,0.125000,0.188405,0.911917,0.524276,0.519677
rock_06::style_swap::swap_same,1.000000,0.942264,0.932432,0.273835,0.095238,0.422162,1.000000,1.000000,0.316595,0.000000,0.271134,0.861017,0.572058,0.574166
rock_07::control::ctrl,1.000000,1.000000,1.000000,1.000000,1.000000,1.000000,1.000000,1.000000,1.000000,1.000000,1.000000,1.000000,1.000000,1.000000
rock_07::pitch_shift::-4st,0.333333,0.720482,0.606747,1.000000,1.000000,1.000000,1.000000,1.000000,0.759874,0.000000,0.568437,0.996852,0.722693,0.710723
rock_07::pitch_shift::-2st,0.666667,0.790326,0.698544,1.000000,1.000000,1.000000,1.000000,1.000000,0.852430,0.625000,0.807955,0.998504,0.850994,0.840557
rock_07::pitch_shift::-1st,0.166667,0.684480,0.579158,1.000000,1.000000,1.000000,1.000000,1.000000,0.888601,0.625000,0.910095,0.999198,0.795908,0.764165
rock_07::pitch_shift::+1st,0.166667,0.685141,0.586007,1.000000,1.000000,0.889563,1.000000,1.000000,0.868514,0.125000,0.920463,0.999358,0.744570,0.701506
rock_07::pitch_shift::+2st,0.666667,0.779523,0.710943,1.000000,1.000000,0.889563,1.000000,1.000000,0.837910,0.625000,0.803475,0.997942,0.839758,0.827582
rock_07::pitch_shift::+4st,0.333333,0.707907,0.584915,1.000000,1.000000,0.889563,1.000000,1.000000,0.778515,0.125000,0.603952,0.994393,0.724765,0.709921
rock_07::time_stretch::-20pct,1.000000,0.992261,0.955731,0.097840,0.285714,0.476000,0.988471,0.907007,0.610072,0.375000,0.772933,0.990916,0.692771,0.655000
rock_07::time_stretch::-10pct,1.000000,0.997603,0.983659,0.273538,0.266667,0.440043,1.000000,1.000000,0.698105,0.750000,0.910763,0.996375,0.768784,0.731850
rock_07::time_stretch::-5pct,1.000000,0.998898,0.991356,0.407067,0.000000,0.476000,1.000000,1.000000,0.788806,0.250000,0.946944,0.998975,0.732938,0.684941
rock_07::time_stretch::+5pct,1.000000,0.997311,0.989341,0.600094,0.000000,0.417285,1.000000,1.000000,0.744461,0.375000,0.907168,0.999064,0.746087,0.704687
rock_07::time_stretch::+10pct,1.000000,0.993600,0.981037,0.343018,0.250000,0.506938,0.988702,0.893464,0.701492,0.250000,0.895080,0.998447,0.724759,0.680368
rock_07::time_stretch::+20pct,0.833333,0.986373,0.964969,0.093930,0.555556,0.354289,0.988702,0.893464,0.632581,0.625000,0.858072,0.995223,0.720765,0.679620
rock_07::lowpass::lp8000,1.000000,0.999968,0.999882,1.000000,1.000000,1.000000,1.000000,1.000000,0.999966,1.000000,0.467499,0.972240,0.953139,0.999976
rock_07::lowpass::lp4000,1.000000,0.999999,0.999999,1.000000,1.000000,1.000000,1.000000,1.000000,0.999244,1.000000,0.098223,0.948716,0.920216,0.999903
rock_07::lowpass::lp2000,1.000000,0.999974,0.999922,0.626183,0.727273,0.742647,1.000000,1.000000,0.994550,1.000000,0.000017,0.927048,0.834269,0.908896
rock_07::distortion::drv4,1.000000,0.999834,0.998555,1.000000,1.000000,1.000000,1.000000,1.000000,0.960608,1.000000,0.896927,0.997608,0.986812,0.994736
rock_07::distortion::drv12,1.000000,0.996054,0.991532,1.000000,1.000000,1.000000,1.000000,1.000000,0.851203,1.000000,0.682642,0.989204,0.955293,0.979238
rock_07::distortion::drv32,1.000000,0.990368,0.982218,0.626183,1.000000,0.838896,1.000000,1.000000,0.770563,1.000000,0.526202,0.987337,0.887193,0.913361
rock_07::style_swap::swap_cross,0.166667,0.784868,0.778909,0.273538,0.173913,0.300053,0.976949,0.826556,0.266731,0.000000,0.240861,0.943204,0.444096,0.414882
rock_08::control::ctrl,1.000000,1.000000,1.000000,1.000000,1.000000,1.000000,1.000000,1.000000,1.000000,1.000000,1.000000,1.000000,1.000000,1.000000
rock_08::pitch_shift::-4st,0.333333,0.951937,0.882268,1.000000,0.941176,1.000000,1.000000,1.000000,0.664619,0.000000,0.578837,0.993073,0.766206,0.762301
rock_08::pitch_shift::-2st,0.833333,0.958758,0.905583,1.000000,0.941176,1.000000,1.000000,1.000000,0.764315,0.000000,0.814991,0.995933,0.841778,0.829068
rock_07::style_swap::swap_same,0.833333,0.853375,0.838845,0.134499,0.444444,0.354289,0.657362,0.133549,0.275275,0.000000,0.243493,0.888398,0.413496,0.383738
rock_08::pitch_shift::-1st,0.166667,0.951755,0.905224,1.000000,1.000000,1.000000,1.000000,1.000000,0.848098,0.000000,0.874959,0.996249,0.804192,0.777935
rock_08::pitch_shift::+1st,0.166667,0.967403,0.946578,1.000000,0.941176,0.898542,1.000000,1.000000,0.847507,1.000000,0.858064,0.997333,0.879108,0.869408
rock_08::pitch_shift::+2st,0.666667,0.952786,0.887860,1.000000,0.941176,0.771464,1.000000,1.000000,0.806724,1.000000,0.704700,0.993149,0.884662,0.891854
rock_08::pitch_shift::+4st,0.333333,0.964672,0.886496,1.000000,1.000000,0.857359,1.000000,1.000000,0.709397,1.000000,0.473077,0.978561,0.839288,0.862123
rock_08::time_stretch::-20pct,1.000000,0.997014,0.985582,0.097840,0.266667,0.491282,0.988702,0.893464,0.478236,0.000000,0.870670,0.997117,0.658452,0.603383
rock_08::time_stretch::-10pct,1.000000,0.999426,0.993940,0.407067,0.333333,0.408326,0.966134,0.727513,0.528069,0.000000,0.872866,0.997148,0.671889,0.619284
rock_08::time_stretch::+5pct,1.000000,0.999675,0.996208,0.600094,0.000000,0.408326,1.000000,1.000000,0.652973,0.000000,0.899901,0.997077,0.704541,0.655771
rock_08::time_stretch::-5pct,1.000000,0.996131,0.984891,0.626183,0.117647,0.408326,1.000000,1.000000,0.552153,0.000000,0.911932,0.998531,0.705232,0.655242
rock_08::time_stretch::+10pct,0.500000,0.997011,0.987445,0.343018,0.210526,0.379954,1.000000,1.000000,0.540530,0.000000,0.866117,0.995906,0.640428,0.582338
rock_08::time_stretch::+20pct,1.000000,0.988254,0.983972,0.093930,0.400000,0.422162,0.954880,0.661634,0.525544,0.000000,0.880821,0.997802,0.643086,0.583855
rock_08::lowpass::lp8000,1.000000,1.000000,1.000000,1.000000,1.000000,1.000000,1.000000,1.000000,0.895120,1.000000,0.228425,0.962372,0.921142,0.986538
rock_08::lowpass::lp4000,1.000000,0.995749,0.989562,1.000000,1.000000,1.000000,1.000000,1.000000,0.998788,1.000000,0.013541,0.962469,0.912700,0.997886
rock_08::lowpass::lp2000,1.000000,0.995155,0.988869,1.000000,0.875000,1.000000,1.000000,1.000000,0.858112,1.000000,0.000164,0.903374,0.880727,0.967153
rock_08::distortion::drv4,1.000000,0.995965,0.990380,1.000000,0.941176,1.000000,1.000000,1.000000,0.896154,1.000000,0.864274,0.999166,0.971087,0.978966
rock_08::distortion::drv32,1.000000,0.999265,0.997417,1.000000,0.941176,0.714330,0.968135,0.540236,0.833170,1.000000,0.268797,0.993527,0.847917,0.891311
rock_08::distortion::drv12,1.000000,0.996360,0.991184,1.000000,0.941176,0.828598,1.000000,1.000000,0.784722,0.000000,0.448420,0.996385,0.826784,0.847684
rock_08::style_swap::swap_cross,0.000000,0.772707,0.590210,0.407067,0.117647,0.408326,0.988702,0.893464,0.310030,0.000000,0.247089,0.970152,0.439439,0.405799
rock_08::style_swap::swap_same,0.833333,0.927744,0.824817,0.134499,0.300000,0.354289,0.661017,0.133642,0.280862,0.000000,0.248657,0.962144,0.417558,0.380239
rock_09::control::ctrl,1.000000,1.000000,1.000000,1.000000,1.000000,1.000000,1.000000,1.000000,1.000000,1.000000,1.000000,1.000000,1.000000,1.000000
rock_09::pitch_shift::-4st,0.333333,0.969593,0.939997,1.000000,1.000000,0.801910,0.977789,0.480574,0.664753,0.611111,0.493741,0.988678,0.759410,0.763125
rock_09::pitch_shift::-2st,0.666667,0.981707,0.945019,0.626183,1.000000,0.801910,0.978504,0.481200,0.715235,0.222222,0.764934,0.995909,0.754497,0.729339
rock_09::pitch_shift::-1st,0.166667,0.974797,0.928161,1.000000,1.000000,0.757577,0.978504,0.481200,0.799010,0.444444,0.866956,0.998438,0.773853,0.742095
rock_09::pitch_shift::+1st,0.166667,0.976715,0.926255,1.000000,1.000000,0.813348,0.978504,0.481200,0.786658,0.222222,0.859704,0.998899,0.758139,0.723913
rock_09::pitch_shift::+2st,0.666667,0.982110,0.951467,1.000000,1.000000,0.813348,0.958397,0.307845,0.787669,0.333333,0.744872,0.996294,0.784838,0.767713
rock_09::pitch_shift::+4st,0.333333,0.972401,0.941303,1.000000,1.000000,0.737634,0.958397,0.307845,0.701911,0.055556,0.535237,0.988858,0.698010,0.685276
rock_09::time_stretch::-20pct,1.000000,0.996028,0.978746,0.134499,0.285714,0.440043,0.948043,0.258037,0.511388,0.000000,0.849890,0.998638,0.600179,0.535371
rock_09::time_stretch::-10pct,1.000000,0.998449,0.988489,0.407067,0.428571,0.440043,0.978271,0.480996,0.615323,0.166667,0.849043,0.998882,0.684813,0.636991
rock_09::time_stretch::-5pct,1.000000,0.999383,0.992813,0.626183,0.375000,0.486706,0.978271,0.480996,0.634775,0.111111,0.896847,0.999549,0.704564,0.655840
rock_09::time_stretch::+5pct,1.000000,0.999621,0.992779,1.000000,0.000000,0.486706,0.978504,0.481200,0.599979,0.222222,0.893806,0.999286,0.709810,0.662468
rock_09::time_stretch::+10pct,1.000000,0.997715,0.987680,0.343018,0.333333,0.379954,0.958397,0.307845,0.603327,0.277778,0.873102,0.998752,0.658519,0.603046
rock_09::time_stretch::+20pct,1.000000,0.998130,0.984561,0.185406,0.235294,0.449804,0.978504,0.481200,0.528444,0.111111,0.871579,0.998800,0.638601,0.579291
rock_09::lowpass::lp8000,1.000000,0.999993,0.999961,1.000000,1.000000,0.898542,0.978504,0.481200,0.890486,0.333333,0.342788,0.973993,0.820433,0.853013
rock_09::lowpass::lp4000,1.000000,0.999965,0.999803,0.600094,0.666667,0.673358,1.000000,1.000000,0.887960,0.333333,0.041039,0.929942,0.757976,0.812933
rock_09::distortion::drv4,1.000000,0.999895,0.999288,1.000000,0.625000,0.550982,0.958397,0.307845,0.916199,0.333333,0.974856,0.999889,0.799997,0.762523
rock_09::lowpass::lp2000,1.000000,0.998905,0.995735,1.000000,0.666667,0.486706,0.626137,0.029886,0.872102,0.333333,0.000064,0.892542,0.621554,0.657309
rock_09::distortion::drv12,1.000000,0.999178,0.995821,0.600094,0.000000,0.533369,0.958397,0.307845,0.791103,0.388889,0.826459,0.998321,0.691408,0.647223
rock_09::distortion::drv32,1.000000,0.998533,0.993842,0.072699,0.133333,0.440043,1.000000,1.000000,0.811507,0.500000,0.603180,0.996979,0.707840,0.689412
rock_09::style_swap::swap_cross,1.000000,0.884167,0.745700,0.134499,0.166667,0.550982,0.978504,0.481200,0.248988,0.000000,0.021780,0.915208,0.480243,0.483149
rock_09::style_swap::swap_same,0.500000,0.957077,0.856366,0.273538,0.125000,0.486706,0.977023,0.479905,0.282309,0.000000,0.165895,0.898721,0.475883,0.465262
rock_10::control::ctrl,1.000000,1.000000,1.000000,1.000000,1.000000,1.000000,1.000000,1.000000,1.000000,1.000000,1.000000,1.000000,1.000000,1.000000
rock_10::pitch_shift::-4st,0.333333,0.815254,0.782483,1.000000,0.842105,0.687743,0.938448,0.885558,0.755331,1.000000,0.594966,0.993029,0.778472,0.775413
rock_10::pitch_shift::-2st,0.666667,0.873588,0.873160,1.000000,0.842105,0.761530,1.000000,1.000000,0.785396,1.000000,0.823192,0.996180,0.871931,0.864405
rock_10::pitch_shift::-1st,0.166667,0.943596,0.899878,1.000000,0.842105,0.761530,0.918055,0.848854,0.841470,1.000000,0.929199,0.998602,0.830202,0.803472
rock_10::pitch_shift::+1st,0.166667,0.936433,0.876936,1.000000,1.000000,1.000000,0.885500,0.783431,0.804429,1.000000,0.938603,0.999529,0.845761,0.821103
rock_10::time_stretch::-20pct,1.000000,0.994633,0.964131,0.016547,0.363636,0.388226,0.661017,0.133642,0.565589,0.666667,0.898921,0.996935,0.596092,0.525745
rock_10::pitch_shift::+2st,0.666667,0.855841,0.826282,0.292156,0.500000,0.523973,0.918055,0.848854,0.846261,1.000000,0.854766,0.997802,0.740039,0.702804
rock_10::pitch_shift::+4st,0.333333,0.797713,0.713128,0.292156,0.842105,0.721680,0.885500,0.783431,0.797383,1.000000,0.635362,0.992940,0.703035,0.680858
rock_10::time_stretch::-5pct,1.000000,0.997208,0.990345,0.167602,0.588235,0.354289,0.657093,0.136563,0.658252,1.000000,0.960672,0.999616,0.670284,0.608315
rock_10::time_stretch::-10pct,1.000000,0.994485,0.978977,0.099547,0.500000,0.354289,0.947536,0.903953,0.621421,1.000000,0.929939,0.998395,0.763056,0.722844
rock_10::time_stretch::+20pct,1.000000,0.998252,0.949448,0.109171,0.421053,0.354289,0.658069,0.135375,0.562418,1.000000,0.918081,0.999255,0.633555,0.568537
rock_10::time_stretch::+5pct,1.000000,0.997463,0.980697,1.000000,0.500000,0.388226,0.864238,0.742917,0.619019,1.000000,0.971748,0.999659,0.817039,0.783309
rock_10::time_stretch::+10pct,1.000000,0.997409,0.973053,0.504800,0.400000,0.388226,0.650518,0.136437,0.620885,1.000000,0.947325,0.999235,0.677443,0.618281
rock_10::lowpass::lp8000,1.000000,1.000000,1.000000,1.000000,1.000000,0.917967,1.000000,1.000000,0.986195,1.000000,0.474881,0.985587,0.946647,0.990025
rock_10::lowpass::lp4000,1.000000,0.999997,0.999997,0.292156,0.900000,0.906066,0.978867,0.960976,0.987105,1.000000,0.099009,0.938492,0.836029,0.899889
rock_10::lowpass::lp2000,1.000000,0.999610,0.999176,1.000000,0.900000,0.906066,0.978867,0.960976,0.982650,1.000000,0.000009,0.784369,0.872471,0.969942
rock_10::distortion::drv4,1.000000,0.999770,0.998000,1.000000,1.000000,0.917967,0.664975,0.134560,0.969682,1.000000,0.903157,0.998567,0.851690,0.831865
rock_10::distortion::drv12,1.000000,0.999190,0.996181,0.241769,0.370370,0.323385,0.928587,0.864847,0.886467,1.000000,0.544065,0.991487,0.752985,0.750084
rock_10::style_swap::swap_cross,0.333333,0.878747,0.827265,0.002128,0.400000,0.354289,0.645845,0.065228,0.254732,0.000000,0.337377,0.923457,0.360148,0.306596
rock_11::control::ctrl,1.000000,1.000000,1.000000,1.000000,1.000000,1.000000,1.000000,1.000000,0.999999,1.000000,0.999997,1.000000,1.000000,1.000000
rock_10::distortion::drv32,1.000000,0.997486,0.990038,0.006514,0.476190,0.388226,0.645845,0.065228,0.819368,1.000000,0.295820,0.980684,0.602636,0.595640
rock_10::style_swap::swap_same,1.000000,0.919977,0.835783,0.241769,0.210526,0.434972,0.656522,0.138014,0.272235,0.000000,0.322181,0.941418,0.442778,0.405358
rock_11::pitch_shift::-4st,0.333333,0.956814,0.912903,1.000000,0.909091,0.917967,0.954880,0.661634,0.766267,0.100000,0.581516,0.996296,0.744362,0.735478
rock_11::pitch_shift::-2st,0.666667,0.959356,0.931484,1.000000,0.909091,0.917967,0.954880,0.661634,0.799794,0.250000,0.783505,0.998170,0.807497,0.790841
rock_11::pitch_shift::-1st,0.166667,0.971520,0.923279,1.000000,0.909091,0.917967,1.000000,1.000000,0.830775,0.200000,0.852749,0.999079,0.807379,0.783678
rock_11::pitch_shift::+1st,0.166667,0.977841,0.929160,1.000000,0.909091,0.917967,1.000000,1.000000,0.890529,0.550000,0.833954,0.999280,0.842802,0.828043
rock_11::pitch_shift::+2st,0.666667,0.957528,0.910303,1.000000,0.800000,0.761530,1.000000,1.000000,0.839122,0.250000,0.744207,0.997290,0.819649,0.809448
rock_11::pitch_shift::+4st,0.333333,0.956661,0.897280,1.000000,1.000000,0.838386,1.000000,1.000000,0.795618,0.450000,0.562926,0.991141,0.809826,0.816443
rock_11::time_stretch::-20pct,1.000000,0.998941,0.980627,0.075473,0.315789,0.388226,0.954880,0.661634,0.560546,0.100000,0.836372,0.999422,0.641212,0.585879
rock_11::time_stretch::-10pct,1.000000,0.999399,0.991185,0.185406,0.476190,0.388226,1.000000,1.000000,0.626569,0.200000,0.859206,0.999473,0.718092,0.675846
rock_11::time_stretch::-5pct,1.000000,0.997387,0.987694,0.540514,0.476190,0.454615,0.978309,0.723723,0.683162,0.200000,0.875871,0.999669,0.733382,0.692507
rock_11::time_stretch::+5pct,1.000000,0.999353,0.990823,0.506619,0.454545,0.456099,0.978309,0.723723,0.697343,0.400000,0.900552,0.999769,0.749703,0.709613
rock_11::time_stretch::+10pct,1.000000,0.999043,0.983857,0.506619,0.545455,0.388226,0.988929,0.873771,0.655762,0.000000,0.880240,0.999525,0.725642,0.682798
rock_11::time_stretch::+20pct,0.500000,0.999513,0.988892,0.102286,0.666667,0.504710,0.988929,0.873771,0.597375,0.150000,0.875435,0.999534,0.676531,0.624344
rock_11::lowpass::lp8000,1.000000,1.000000,1.000000,1.000000,1.000000,1.000000,1.000000,1.000000,0.967528,0.450000,0.254466,0.978139,0.886624,0.940832
rock_11::lowpass::lp4000,1.000000,1.000000,1.000000,0.075473,0.421053,0.434972,0.954880,0.661634,0.967403,0.450000,0.017672,0.954756,0.656542,0.690905
rock_11::distortion::drv4,1.000000,0.998893,0.995729,1.000000,0.818182,0.838386,1.000000,1.000000,0.942249,0.450000,0.862557,0.998880,0.907229,0.902538
rock_11::lowpass::lp2000,1.000000,0.999998,0.999993,0.075473,0.526316,0.490036,1.000000,1.000000,0.967193,0.450000,0.000055,0.943554,0.703298,0.749967
rock_11::distortion::drv12,1.000000,0.997739,0.994463,1.000000,0.818182,0.761530,1.000000,1.000000,0.862067,0.450000,0.630107,0.995530,0.872301,0.884227
rock_11::distortion::drv32,1.000000,0.996125,0.987572,0.540514,0.761905,0.651402,1.000000,1.000000,0.808135,0.450000,0.446635,0.995860,0.798186,0.813602
rock_11::style_swap::swap_cross,0.166667,0.937593,0.784691,0.102286,0.200000,0.408326,0.988929,0.873771,0.273208,0.000000,0.061337,0.400727,0.404398,0.443000
rock_11::style_swap::swap_same,0.166667,0.889082,0.896005,0.024937,0.272727,0.388226,0.661017,0.133642,0.262298,0.000000,0.129153,0.863774,0.335364,0.304038
rock_12::control::ctrl,1.000000,1.000000,1.000000,1.000000,1.000000,1.000000,1.000000,1.000000,1.000000,1.000000,1.000000,1.000000,1.000000,1.000000
rock_12::pitch_shift::-4st,0.500000,0.947045,0.889429,0.091394,0.500000,0.486402,1.000000,1.000000,0.776935,0.125000,0.536124,0.993623,0.643867,0.619708
rock_12::pitch_shift::-1st,0.000000,0.943241,0.893258,0.091394,0.500000,0.435926,1.000000,1.000000,0.833860,0.750000,0.912336,0.998678,0.687890,0.634375
rock_12::pitch_shift::-2st,0.666667,0.972746,0.934011,0.091394,0.500000,0.486402,1.000000,1.000000,0.818305,0.500000,0.799760,0.997268,0.723642,0.688686
rock_12::pitch_shift::+1st,0.166667,0.939896,0.892569,0.091394,0.500000,0.486402,1.000000,1.000000,0.849847,0.375000,0.905562,0.999128,0.675427,0.620049
rock_12::pitch_shift::+2st,0.666667,0.974914,0.936641,0.091394,0.500000,0.467035,1.000000,1.000000,0.854829,0.500000,0.798191,0.996383,0.726275,0.692096
rock_12::pitch_shift::+4st,0.166667,0.947033,0.898434,0.091394,0.500000,0.467035,1.000000,1.000000,0.800245,0.625000,0.621395,0.991562,0.666503,0.638563
rock_12::time_stretch::-20pct,0.833333,0.998625,0.979680,0.113600,0.235294,0.408326,0.988235,0.916858,0.593831,0.250000,0.917041,0.999179,0.675037,0.618428
rock_12::time_stretch::-10pct,0.833333,0.999297,0.988039,0.044585,0.315789,0.422162,1.000000,1.000000,0.684265,0.500000,0.942776,0.999085,0.719686,0.669443
rock_12::time_stretch::-5pct,1.000000,0.999276,0.993237,0.062640,0.400000,0.393076,0.976479,0.843414,0.705096,0.375000,0.960063,0.999689,0.716460,0.663779
rock_12::time_stretch::+5pct,1.000000,0.999367,0.991696,0.139407,0.421053,0.354289,1.000000,1.000000,0.686540,0.375000,0.958588,0.999493,0.736167,0.687595
rock_12::time_stretch::+10pct,1.000000,0.997704,0.989427,0.224168,0.363636,0.316013,0.988235,0.916858,0.658601,0.125000,0.941474,0.999130,0.700594,0.646658
rock_12::time_stretch::+20pct,1.000000,0.997971,0.986833,0.384031,0.133333,0.440043,1.000000,1.000000,0.603274,0.500000,0.930620,0.998831,0.738157,0.692850
rock_12::lowpass::lp8000,1.000000,0.999985,0.999870,1.000000,1.000000,1.000000,1.000000,1.000000,0.999881,1.000000,0.219682,0.950508,0.930550,0.999966
rock_12::lowpass::lp4000,1.000000,0.999983,0.999870,1.000000,1.000000,0.801910,0.647169,0.119464,0.999856,1.000000,0.051715,0.897258,0.761184,0.819198
rock_12::lowpass::lp2000,1.000000,0.999992,0.999964,1.000000,1.000000,0.801910,0.976479,0.843414,0.995257,1.000000,0.000014,0.924610,0.875891,0.959102
rock_12::distortion::drv4,1.000000,0.999586,0.997614,0.091394,0.500000,0.467035,1.000000,1.000000,0.936214,0.875000,0.896183,0.997860,0.811816,0.784789
rock_12::style_swap::swap_cross,0.666667,0.865245,0.847057,0.064935,0.000000,0.440043,1.000000,1.000000,0.303969,0.125000,0.170550,0.768256,0.494210,0.500692
rock_12::distortion::drv32,1.000000,0.999451,0.996352,1.000000,0.375000,0.440043,0.978504,0.481200,0.829302,0.875000,0.587697,0.995861,0.790640,0.790439
rock_12::style_swap::swap_same,0.333333,0.932697,0.895707,0.710493,0.666667,0.550982,1.000000,1.000000,0.275199,0.000000,0.316851,0.902867,0.609281,0.609803
rock_13::control::ctrl,1.000000,1.000000,1.000000,1.000000,1.000000,1.000000,1.000000,1.000000,1.000000,1.000000,1.000000,1.000000,1.000000,1.000000
rock_12::distortion::drv12,1.000000,0.999396,0.996496,1.000000,0.375000,0.597645,0.639915,0.049597,0.855934,0.875000,0.701233,0.994763,0.721573,0.696322
rock_13::pitch_shift::-4st,0.333333,0.682207,0.646751,1.000000,1.000000,0.912461,1.000000,1.000000,0.811618,0.200000,0.610328,0.994202,0.740243,0.727876
rock_13::pitch_shift::-2st,0.666667,0.749068,0.825077,1.000000,1.000000,0.912461,0.988471,0.907007,0.859051,0.400000,0.850273,0.998168,0.827548,0.808226
rock_13::pitch_shift::-1st,0.166667,0.731231,0.691543,1.000000,1.000000,0.912461,1.000000,1.000000,0.894450,0.400000,0.926012,0.999096,0.789497,0.754892
rock_13::pitch_shift::+1st,0.166667,0.742476,0.708065,0.540514,0.761905,0.585223,1.000000,1.000000,0.882204,0.400000,0.925806,0.998904,0.705901,0.654617
rock_13::pitch_shift::+2st,0.666667,0.753993,0.828868,0.540514,0.761905,0.585223,1.000000,1.000000,0.851581,0.400000,0.844774,0.996957,0.751509,0.717658
rock_13::pitch_shift::+4st,0.333333,0.699716,0.680456,0.540514,0.761905,0.557910,0.988471,0.907007,0.808821,0.200000,0.647220,0.990451,0.651040,0.617543
rock_13::time_stretch::-20pct,0.500000,0.995042,0.979493,0.139631,0.352941,0.379954,0.965443,0.756274,0.622941,0.200000,0.900614,0.998102,0.636613,0.574076
rock_13::time_stretch::-10pct,1.000000,0.994209,0.984303,0.571607,0.105263,0.449804,0.988471,0.907007,0.702469,0.400000,0.937546,0.999113,0.744692,0.699970
rock_13::time_stretch::-5pct,1.000000,0.996713,0.986056,1.000000,0.000000,0.449804,0.988471,0.907007,0.742235,0.400000,0.961175,0.999714,0.778396,0.737988
rock_13::time_stretch::+5pct,1.000000,0.997027,0.988074,0.540514,0.315789,0.454615,1.000000,1.000000,0.778082,0.400000,0.960426,0.999673,0.780551,0.740653
rock_13::time_stretch::+10pct,1.000000,0.996683,0.988490,0.273835,0.300000,0.379954,0.988702,0.893464,0.719795,0.400000,0.948926,0.999400,0.732779,0.684506
rock_13::lowpass::lp8000,1.000000,1.000000,1.000000,1.000000,1.000000,1.000000,1.000000,1.000000,0.999549,1.000000,0.183068,0.953170,0.927715,0.999942
rock_13::time_stretch::+20pct,1.000000,0.995955,0.981582,0.055287,0.347826,0.395451,0.988702,0.893464,0.647725,0.600000,0.916495,0.998668,0.725215,0.678751
rock_13::lowpass::lp4000,1.000000,0.999996,0.999990,1.000000,1.000000,0.827920,1.000000,1.000000,0.999916,1.000000,0.089519,0.912866,0.902038,0.982779
rock_13::lowpass::lp2000,1.000000,0.999963,0.999853,0.343018,1.000000,0.603937,1.000000,1.000000,0.994910,0.600000,0.000487,0.877483,0.784174,0.854016
rock_13::distortion::drv4,1.000000,0.999897,0.999474,1.000000,1.000000,1.000000,1.000000,1.000000,0.974499,0.600000,0.863254,0.996443,0.952159,0.956645
rock_13::distortion::drv12,1.000000,0.998482,0.996764,0.540514,0.700000,0.633981,0.948043,0.258037,0.897068,0.200000,0.570869,0.984107,0.720280,0.708942
rock_13::distortion::drv32,1.000000,0.996192,0.993740,0.273835,0.380952,0.454615,0.948043,0.258037,0.844816,0.200000,0.410462,0.983048,0.636865,0.624998
rock_13::style_swap::swap_cross,0.500000,0.721308,0.621053,0.343018,0.842105,0.506036,0.957542,0.462798,0.297341,0.400000,0.190077,0.915367,0.522295,0.516765
rock_13::style_swap::swap_same,0.666667,0.908358,0.933316,0.024937,0.352941,0.417285,0.988471,0.907007,0.273035,0.000000,0.244164,0.805478,0.518885,0.518973
rock_14::control::ctrl,1.000000,1.000000,1.000000,1.000000,1.000000,1.000000,1.000000,1.000000,1.000000,1.000000,1.000000,1.000000,1.000000,1.000000
rock_14::pitch_shift::-4st,0.333333,0.938530,0.899508,1.000000,1.000000,0.889563,1.000000,1.000000,0.630584,0.428571,0.572440,0.973305,0.791815,0.795778
rock_14::pitch_shift::-2st,0.666667,0.975237,0.932989,1.000000,1.000000,0.889563,1.000000,1.000000,0.731564,0.428571,0.792207,0.985727,0.857947,0.851837
rock_14::pitch_shift::-1st,0.166667,0.959588,0.902138,1.000000,1.000000,0.889563,1.000000,1.000000,0.772738,0.285714,0.866961,0.989956,0.810174,0.786583
rock_14::pitch_shift::+1st,0.166667,0.949850,0.871527,1.000000,1.000000,0.889563,1.000000,1.000000,0.772858,0.285714,0.844647,0.992793,0.804137,0.781268
rock_14::pitch_shift::+2st,0.666667,0.969916,0.926404,1.000000,1.000000,0.785567,1.000000,1.000000,0.728940,0.428571,0.740854,0.985289,0.843320,0.839467
rock_14::pitch_shift::+4st,0.333333,0.947618,0.892967,1.000000,1.000000,0.742647,1.000000,1.000000,0.592759,0.285714,0.566103,0.966012,0.762901,0.762493
rock_14::time_stretch::-5pct,1.000000,0.999224,0.989666,0.116098,0.400000,0.486706,0.976479,0.843414,0.632604,0.428571,0.884261,0.995175,0.718329,0.674083
rock_14::time_stretch::-20pct,1.000000,0.996329,0.988168,0.540514,0.000000,0.476000,0.929614,0.000000,0.495560,0.428571,0.834325,0.992325,0.621796,0.563541
rock_14::time_stretch::+5pct,1.000000,0.998620,0.989593,0.743037,0.000000,0.476000,0.988235,0.916858,0.607427,0.142857,0.883732,0.991001,0.717477,0.673558
rock_14::time_stretch::-10pct,1.000000,0.999329,0.988729,0.178591,0.266667,0.440043,1.000000,1.000000,0.551665,0.285714,0.852908,0.993793,0.702216,0.658030
rock_14::time_stretch::+10pct,0.666667,0.998035,0.985504,0.384031,0.428571,0.476000,0.964740,0.778068,0.569887,0.000000,0.874878,0.990638,0.662721,0.608775
rock_14::time_stretch::+20pct,0.666667,0.997501,0.986117,0.178591,0.266667,0.476000,1.000000,1.000000,0.511832,0.714286,0.865382,0.990248,0.709109,0.665432
rock_14::lowpass::lp8000,1.000000,0.999810,0.999392,1.000000,1.000000,1.000000,1.000000,1.000000,0.999976,1.000000,0.185537,0.937191,0.926460,0.999892
rock_14::lowpass::lp4000,1.000000,0.999791,0.999374,1.000000,1.000000,0.785567,1.000000,1.000000,0.999744,1.000000,0.026909,0.834899,0.886259,0.978413
rock_14::lowpass::lp2000,1.000000,0.999460,0.998816,0.064532,0.000000,0.000000,1.000000,1.000000,0.981300,1.000000,0.001190,0.668733,0.640533,0.703819
rock_14::distortion::drv4,1.000000,0.999574,0.998465,0.064532,0.117647,0.379954,1.000000,1.000000,0.956200,1.000000,0.922588,0.998343,0.785344,0.750330
rock_14::distortion::drv12,1.000000,0.999414,0.997753,0.237985,0.235294,0.454615,0.967772,0.376768,0.817926,0.714286,0.695988,0.993474,0.700532,0.671735
rock_14::distortion::drv32,1.000000,0.999434,0.998291,0.163111,0.235294,0.468705,0.967772,0.376768,0.876156,1.000000,0.543579,0.990231,0.712575,0.701773
rock_14::style_swap::swap_cross,0.833333,0.966014,0.930510,0.540514,0.222222,0.354289,0.657936,0.179349,0.266713,0.142857,0.073789,0.780951,0.443822,0.448549
rock_14::style_swap::swap_same,0.833333,0.977515,0.946366,0.072699,0.266667,0.486706,0.967772,0.376768,0.278470,0.000000,0.132276,0.811091,0.489606,0.494430
rock_15::control::ctrl,1.000000,1.000000,1.000000,1.000000,1.000000,1.000000,1.000000,1.000000,1.000000,1.000000,1.000000,1.000000,1.000000,1.000000
rock_15::pitch_shift::-4st,0.166667,0.933536,0.823024,1.000000,0.400000,0.486706,1.000000,1.000000,0.793044,0.238095,0.477848,0.982348,0.680113,0.670233
rock_15::pitch_shift::-2st,0.666667,0.951253,0.851556,1.000000,0.400000,0.486706,1.000000,1.000000,0.803571,0.666667,0.739400,0.993560,0.786639,0.770714
rock_15::pitch_shift::+1st,0.166667,0.947516,0.824928,1.000000,1.000000,1.000000,1.000000,1.000000,0.846914,0.476190,0.910553,0.998693,0.837961,0.814637
rock_15::pitch_shift::-1st,0.333333,0.950787,0.841628,1.000000,0.400000,0.486706,1.000000,1.000000,0.857857,0.476190,0.900079,0.998394,0.761512,0.723978
rock_15::pitch_shift::+2st,0.666667,0.952009,0.849083,1.000000,0.400000,0.486706,1.000000,1.000000,0.834360,0.571429,0.776899,0.994328,0.785024,0.764944
rock_15::pitch_shift::+4st,0.333333,0.926556,0.808688,1.000000,0.400000,0.486706,1.000000,1.000000,0.804810,0.714286,0.518430,0.978548,0.735603,0.733167
rock_15::time_stretch::-20pct,0.833333,0.995088,0.960261,0.043350,0.315789,0.388226,0.976502,0.640645,0.613878,0.476190,0.917256,0.998621,0.667746,0.609717
rock_15::time_stretch::-10pct,1.000000,0.996361,0.971681,0.096477,0.500000,0.361967,1.000000,1.000000,0.669035,0.190476,0.954049,0.999570,0.719706,0.668288
rock_15::time_stretch::-5pct,0.833333,0.996460,0.976605,0.155136,0.285714,0.366736,0.962568,0.819748,0.711849,0.142857,0.974246,0.999948,0.674670,0.612185
rock_15::time_stretch::+5pct,1.000000,0.996830,0.979542,0.671974,0.125000,0.486706,1.000000,1.000000,0.732945,0.333333,0.967575,0.999764,0.767580,0.724364
rock_15::time_stretch::+10pct,0.833333,0.994805,0.953480,0.436835,0.750000,0.486706,0.951119,0.755571,0.649521,0.333333,0.951063,0.999200,0.744097,0.697895
rock_15::lowpass::lp8000,1.000000,1.000000,1.000000,1.000000,1.000000,1.000000,1.000000,1.000000,0.999875,1.000000,0.323539,0.982680,0.942076,0.999984
rock_15::time_stretch::+20pct,0.833333,0.993690,0.957372,0.164149,0.117647,0.491282,1.000000,1.000000,0.609030,0.142857,0.918139,0.998568,0.675062,0.618413
rock_15::lowpass::lp4000,1.000000,0.999998,0.999998,0.093829,0.222222,0.379954,1.000000,1.000000,0.996840,0.714286,0.030757,0.956068,0.699178,0.740620
rock_15::lowpass::lp2000,0.833333,0.994702,0.979521,0.164149,0.375000,0.486706,0.962568,0.819748,0.993653,0.714286,0.000238,0.807837,0.672479,0.727428
rock_15::distortion::drv4,1.000000,0.999949,0.999570,1.000000,1.000000,1.000000,1.000000,1.000000,0.988789,0.904762,0.958357,0.999544,0.987302,0.988975
rock_15::distortion::drv12,1.000000,0.999101,0.995356,1.000000,0.533333,0.486706,0.871023,0.000000,0.929930,0.904762,0.697628,0.994082,0.771294,0.756421
rock_15::style_swap::swap_same,0.666667,0.855292,0.748913,0.273538,0.823529,0.532761,0.987003,0.941694,0.309568,0.000000,0.251309,0.964213,0.583609,0.579014
rock_15::distortion::drv32,1.000000,0.997560,0.989315,1.000000,0.533333,0.486706,0.871023,0.000000,0.857946,0.571429,0.461878,0.987117,0.714723,0.712853
rock_15::style_swap::swap_cross,0.833333,0.924970,0.784526,0.491700,0.133333,0.440043,0.987858,0.872325,0.297957,0.000000,0.158992,0.773472,0.531466,0.545998
