key,id,ref,est,degraded_metrics,dim_target,genre,harmony_tonality.chroma_similarity.chroma_dtw_cosine,harmony_tonality.chroma_similarity.mean_chroma_cosine,harmony_tonality.key_relatedness.distance_norm_0to1,magnitude,melodic_content.contour_dtw_similarity,melodic_content.motif_3gram_recall,perturbation,rhythm_meter.beat_mir_eval.F-measure,rhythm_meter.beat_mir_eval.Information gain,rhythm_meter.delta_bpm_folded,source_id,structural_form.ari,structural_form.pairwise_f,timbre_texture.mean_mfcc_cosine,timbre_texture.mfcc_skl_similarity
classical_01::pitch_shift::-4st,classical_01::pitch_shift::-4st,perturbations/audio/classical_01__A.wav,perturbations/audio/classical_01__pitch_shift__-4st.wav,,H,classical,0.7461635539015676,0.860271748667303,0.6666666666666666,-4.0,0.8331381661377913,0.5882352941176471,pitch_shift,0.9,0.6039370046136163,0.0,classical_01,0.8421844125413117,0.9887879145521067,0.9954351609635064,0.5623075947761108
classical_01::pitch_shift::-1st,classical_01::pitch_shift::-1st,perturbations/audio/classical_01__A.wav,perturbations/audio/classical_01__pitch_shift__-1st.wav,,H,classical,0.7138435281315354,0.7943472930679609,0.8333333333333334,-1.0,0.9198654057906059,0.4117647058823529,pitch_shift,1.0,0.9124608415961211,0.0,classical_01,0.8421844125413117,0.9887879145521067,0.9992864592115906,0.9331964260550083
classical_01::pitch_shift::+1st,classical_01::pitch_shift::+1st,perturbations/audio/classical_01__A.wav,perturbations/audio/classical_01__pitch_shift__+1st.wav,,H,classical,0.7086582106188981,0.7906338983891352,0.8333333333333334,1.0,0.8597002515199655,0.4117647058823529,pitch_shift,1.0,0.7441087658555733,0.0,classical_01,1.0,1.0,0.9993959242753558,0.8619973427808314
classical_01::pitch_shift::-2st,classical_01::pitch_shift::-2st,perturbations/audio/classical_01__A.wav,perturbations/audio/classical_01__pitch_shift__-2st.wav,,H,classical,0.7600305524090876,0.8360736739597695,0.3333333333333333,-2.0,0.882721529714329,0.7647058823529411,pitch_shift,1.0,0.7067782836077847,0.0,classical_01,0.8421844125413117,0.9887879145521067,0.9983768602620926,0.821449214658177
classical_01::pitch_shift::+4st,classical_01::pitch_shift::+4st,perturbations/audio/classical_01__A.wav,perturbations/audio/classical_01__pitch_shift__+4st.wav,,H,classical,0.7618449880597122,0.8628114844644533,0.6666666666666666,4.0,0.7242696520474861,0.4117647058823529,pitch_shift,1.0,0.7441087658555733,0.0,classical_01,1.0,1.0,0.9924365006965874,0.6419303613893336
classical_01::control::ctrl,classical_01::control::ctrl,perturbations/audio/classical_01__A.wav,perturbations/audio/classical_01__control__ctrl.wav,,control,classical,1.0,0.9999999782281933,0.0,0.0,1.0,1.0,control,1.0,1.0,0.0,classical_01,1.0,1.0,0.9999999998703925,1.0
classical_01::pitch_shift::+2st,classical_01::pitch_shift::+2st,perturbations/audio/classical_01__A.wav,perturbations/audio/classical_01__pitch_shift__+2st.wav,,H,classical,0.748243365187111,0.8435621239928636,0.3333333333333333,2.0,0.8752135003684732,0.6470588235294118,pitch_shift,1.0,0.8652503803481372,0.0,classical_01,0.8421844125413117,0.9887879145521067,0.9982874116961115,0.7418580032265999
classical_01::time_stretch::-5pct,classical_01::time_stretch::-5pct,perturbations/audio/classical_01__A.wav,perturbations/audio/classical_01__time_stretch__-5pct.wav,,R,classical,0.9682538406935849,0.9833472948395415,0.16666666666666666,-5.0,0.6696059403410206,0.7058823529411765,time_stretch,0.125,0.3799541111268843,5.1066884881422965,classical_01,0.8420166283229545,0.9886610373944511,0.9998116509285808,0.9498631218198217
classical_01::time_stretch::-10pct,classical_01::time_stretch::-10pct,perturbations/audio/classical_01__A.wav,perturbations/audio/classical_01__time_stretch__-10pct.wav,,R,classical,0.9618273098938315,0.9845729016918144,0.16666666666666666,-10.0,0.6162024506300492,0.5294117647058824,time_stretch,0.10526315789473685,0.3799541111268844,9.787819602272734,classical_01,0.5558321695306332,0.9566704675028507,0.9996213042047056,0.9226160183471082
classical_01::time_stretch::+5pct,classical_01::time_stretch::+5pct,perturbations/audio/classical_01__A.wav,perturbations/audio/classical_01__time_stretch__+5pct.wav,,R,classical,0.9634833051130061,0.9806477074500515,0.16666666666666666,5.0,0.6847283251130712,0.4117647058823529,time_stretch,0.28571428571428564,0.417284593374673,5.593039772727266,classical_01,0.8426661742103823,0.9891520920965243,0.9996200238735314,0.9529583209710727
classical_01::time_stretch::+10pct,classical_01::time_stretch::+10pct,perturbations/audio/classical_01__A.wav,perturbations/audio/classical_01__time_stretch__+10pct.wav,,R,classical,0.987670111560131,0.9946861279186234,0.0,10.0,0.6334215145945608,0.35294117647058826,time_stretch,0.26666666666666666,0.3799541111268843,30.202414772727266,classical_01,0.6306479934900852,0.967479674796748,0.9992302891411523,0.9399999590045924
classical_01::lowpass::lp4000,classical_01::lowpass::lp4000,perturbations/audio/classical_01__A.wav,perturbations/audio/classical_01__lowpass__lp4000.wav,,T,classical,0.9999908559663898,0.999998205286703,0.0,4000.0,0.9984453793450702,0.7647058823529411,lowpass,0.4444444444444445,0.28098341924020487,9.787819602272734,classical_01,0.5558321695306332,0.9566704675028507,0.985204147922824,0.011686380063214393
classical_01::lowpass::lp8000,classical_01::lowpass::lp8000,perturbations/audio/classical_01__A.wav,perturbations/audio/classical_01__lowpass__lp8000.wav,,T,classical,0.9999999216942892,0.9999999767262804,0.0,8000.0,0.9985670055616769,0.7647058823529411,lowpass,0.9,0.5806966796151232,0.0,classical_01,1.0,1.0,0.9993140225162638,0.8231268841490279
classical_01::time_stretch::+20pct,classical_01::time_stretch::+20pct,perturbations/audio/classical_01__A.wav,perturbations/audio/classical_01__time_stretch__+20pct.wav,,R,classical,0.981744968402874,0.9925222946911381,0.0,20.0,0.582909404718149,0.35294117647058826,time_stretch,0.14285714285714288,0.45461507562246173,36.704323508522734,classical_01,0.8426661742103823,0.9891520920965243,0.9987028493965399,0.9113481590710116
classical_01::time_stretch::-20pct,classical_01::time_stretch::-20pct,perturbations/audio/classical_01__A.wav,perturbations/audio/classical_01__time_stretch__-20pct.wav,,R,classical,0.9740373038334751,0.9902606636416482,0.16666666666666666,-20.0,0.5790990177311215,0.23529411764705882,time_stretch,0.22222222222222224,0.3799541111268844,21.750710227272734,classical_01,0.7237226605228254,0.9783094812164579,0.9986486287347065,0.9047272056699868
classical_01::lowpass::lp2000,classical_01::lowpass::lp2000,perturbations/audio/classical_01__A.wav,perturbations/audio/classical_01__lowpass__lp2000.wav,,T,classical,0.9995724855817265,0.9999569756510228,0.0,2000.0,0.9924979917260063,0.7647058823529411,lowpass,0.0,0.0,88.58250142839006,classical_01,0.5558321695306332,0.9566704675028507,0.9210858275830047,0.0006797738277095023
classical_01::distortion::drv4,classical_01::distortion::drv4,perturbations/audio/classical_01__A.wav,perturbations/audio/classical_01__distortion__drv4.wav,,T,classical,0.9999792035463324,0.999998418156404,0.0,4.0,0.9991664420534118,1.0,distortion,1.0,0.9124608415961211,0.0,classical_01,0.8421844125413117,0.9887879145521067,0.9998163384023991,0.9691668914600711
classical_01::distortion::drv12,classical_01::distortion::drv12,perturbations/audio/classical_01__A.wav,perturbations/audio/classical_01__distortion__drv12.wav,,T,classical,0.9989762198361575,0.9997833783879333,0.0,12.0,0.9829752245709471,1.0,distortion,0.125,0.3799541111268843,30.202414772727266,classical_01,0.8420166283229545,0.9886610373944511,0.9962199911401852,0.694164831568224
classical_01::distortion::drv32,classical_01::distortion::drv32,perturbations/audio/classical_01__A.wav,perturbations/audio/classical_01__distortion__drv32.wav,,T,classical,0.9940045255029006,0.9978563755799209,0.0,32.0,0.9209887592839678,0.8235294117647058,distortion,0.125,0.3799541111268843,18.545342404306226,classical_01,0.8420166283229545,0.9886610373944511,0.9919146097178176,0.39829890104580984
classical_02::control::ctrl,classical_02::control::ctrl,perturbations/audio/classical_02__A.wav,perturbations/audio/classical_02__control__ctrl.wav,,control,classical,1.0,0.9999999777531414,0.0,0.0,1.0,1.0,control,1.0,1.0,0.0,classical_02,1.0,1.0,0.9999999998391934,1.0
classical_01::style_swap::swap_cross,classical_01::style_swap::swap_cross,perturbations/audio/classical_01__A.wav,perturbations/audio/classical_01__style_swap__swap_cross.wav,,S,classical,0.6770092857581133,0.7546810860613361,0.8333333333333334,,0.29651196211964725,0.0,style_swap,0.9,0.5966508499439704,0.0,classical_01,0.7864759764251242,0.9893709327548806,0.9022035731345466,0.2906583919207177
classical_01::style_swap::swap_same,classical_01::style_swap::swap_same,perturbations/audio/classical_01__A.wav,perturbations/audio/classical_01__style_swap__swap_same.wav,"[""structural_form""]",S,classical,0.7502146592620144,0.8370133595697924,0.8333333333333334,,0.32875796957721115,0.0,style_swap,0.23529411764705882,0.4546150756224616,34.545245655080194,classical_01,0.0,0.6621621621621622,0.9596062659724711,0.3494350113941952
classical_02::pitch_shift::-4st,classical_02::pitch_shift::-4st,perturbations/audio/classical_02__A.wav,perturbations/audio/classical_02__pitch_shift__-4st.wav,,H,classical,0.8335776346880408,0.8902835354123634,0.0,-4.0,0.8817522033668879,0.2222222222222222,pitch_shift,0.7000000000000001,0.7871946595139241,0.0,classical_02,1.0,1.0,0.9864516077509664,0.5189280338190562
classical_02::pitch_shift::+1st,classical_02::pitch_shift::+1st,perturbations/audio/classical_02__A.wav,perturbations/audio/classical_02__pitch_shift__+1st.wav,,H,classical,0.8543582258026354,0.8925029310860704,0.16666666666666666,1.0,0.9301394053941433,0.7777777777777778,pitch_shift,0.7000000000000001,0.8545324736707541,0.0,classical_02,0.8920555547526484,0.9735117422173676,0.9972888813634899,0.8981809261599009
classical_02::pitch_shift::+2st,classical_02::pitch_shift::+2st,perturbations/audio/classical_02__A.wav,perturbations/audio/classical_02__pitch_shift__+2st.wav,,H,classical,0.8320118880190325,0.8633676367864872,1.0,2.0,0.8721132377637348,0.3333333333333333,pitch_shift,0.7000000000000001,0.8545324736707541,0.0,classical_02,1.0,1.0,0.9926796238664453,0.7938967904364623
classical_02::pitch_shift::+4st,classical_02::pitch_shift::+4st,perturbations/audio/classical_02__A.wav,perturbations/audio/classical_02__pitch_shift__+4st.wav,,H,classical,0.8157854623973966,0.8714122518973874,0.6666666666666666,4.0,0.8659373865885096,0.3333333333333333,pitch_shift,0.7000000000000001,0.8843908198847401,0.0,classical_02,1.0,1.0,0.9746824751379978,0.5818362930702327
classical_02::time_stretch::-20pct,classical_02::time_stretch::-20pct,perturbations/audio/classical_02__A.wav,perturbations/audio/classical_02__time_stretch__-20pct.wav,,R,classical,0.9694317595437153,0.9953556009237546,0.6666666666666666,-20.0,0.576188150272325,0.3333333333333333,time_stretch,0.23529411764705882,0.3799541111268843,28.952205882352928,classical_02,0.7797283868830739,0.9491570778699491,0.996945199724699,0.8908738830245319
classical_02::time_stretch::-10pct,classical_02::time_stretch::-10pct,perturbations/audio/classical_02__A.wav,perturbations/audio/classical_02__time_stretch__-10pct.wav,,R,classical,0.9683269810110161,0.9956825546519676,0.6666666666666666,-10.0,0.6481916386018195,0.4444444444444444,time_stretch,0.13333333333333333,0.4400427662831699,15.999903250773968,classical_02,1.0,1.0,0.9984385543974635,0.9225664343229399
classical_02::pitch_shift::-2st,classical_02::pitch_shift::-2st,perturbations/audio/classical_02__A.wav,perturbations/audio/classical_02__pitch_shift__-2st.wav,,H,classical,0.8282413994977389,0.855958636299951,0.3333333333333333,-2.0,0.9084301040681266,0.5555555555555556,pitch_shift,0.7000000000000001,0.9269734454668825,0.0,classical_02,0.2684365781710914,0.6749435665914221,0.995987691257386,0.7994747498346263
classical_02::pitch_shift::-1st,classical_02::pitch_shift::-1st,perturbations/audio/classical_02__A.wav,perturbations/audio/classical_02__pitch_shift__-1st.wav,,H,classical,0.8148759777079425,0.8560168755005467,0.5,-1.0,0.9036505469761137,0.5555555555555556,pitch_shift,0.7000000000000001,0.9269734454668825,0.0,classical_02,0.18162711270689202,0.676524953789279,0.9979581918843543,0.8995761442730532
classical_02::time_stretch::-5pct,classical_02::time_stretch::-5pct,perturbations/audio/classical_02__A.wav,perturbations/audio/classical_02__time_stretch__-5pct.wav,,R,classical,0.9804059942575954,0.9952394259714645,0.6666666666666666,-5.0,0.6660537823841148,0.6666666666666666,time_stretch,0.5333333333333333,0.48670586909290575,8.444393382352928,classical_02,0.9465012406947891,0.9864864864864864,0.9989070281938393,0.94476343171336
classical_02::time_stretch::+20pct,classical_02::time_stretch::+20pct,perturbations/audio/classical_02__A.wav,perturbations/audio/classical_02__time_stretch__+20pct.wav,,R,classical,0.9664006077709472,0.9957125011970208,0.6666666666666666,20.0,0.5906871717791644,0.0,time_stretch,0.4615384615384615,0.47600043459443236,32.57123161764707,classical_02,1.0,1.0,0.9985197399231209,0.9189140601105964
classical_02::lowpass::lp8000,classical_02::lowpass::lp8000,perturbations/audio/classical_02__A.wav,perturbations/audio/classical_02__lowpass__lp8000.wav,,T,classical,0.9931524723051648,0.9974822531495924,0.6666666666666666,8000.0,0.9805962378836043,0.7777777777777778,lowpass,1.0,1.0,0.0,classical_02,1.0,1.0,0.9894293412227834,0.5172595353593324
classical_02::lowpass::lp2000,classical_02::lowpass::lp2000,perturbations/audio/classical_02__A.wav,perturbations/audio/classical_02__lowpass__lp2000.wav,,T,classical,0.9980701139674454,0.9993319440359567,0.6666666666666666,2000.0,0.9792346835864022,1.0,lowpass,0.6,0.602787751372822,9.499942555147072,classical_02,0.21004724171107964,0.6870052770448549,0.8505709236042346,0.0006333696284200563
classical_02::lowpass::lp4000,classical_02::lowpass::lp4000,perturbations/audio/classical_02__A.wav,perturbations/audio/classical_02__lowpass__lp4000.wav,,T,classical,0.9931768359094494,0.9974931348881146,0.6666666666666666,4000.0,0.9997682286068594,1.0,lowpass,1.0,1.0,0.0,classical_02,1.0,1.0,0.9758505008119711,0.033376729884309154
classical_02::time_stretch::+5pct,classical_02::time_stretch::+5pct,perturbations/audio/classical_02__A.wav,perturbations/audio/classical_02__time_stretch__+5pct.wav,,R,classical,0.9791438169539849,0.9974647834239829,0.6666666666666666,5.0,0.6565999977062442,0.5555555555555556,time_stretch,0.4,0.3380197595398312,9.499942555147072,classical_02,0.17734794616875704,0.6701337295690937,0.9988696095985257,0.9481022246624053
classical_02::distortion::drv4,classical_02::distortion::drv4,perturbations/audio/classical_02__A.wav,perturbations/audio/classical_02__distortion__drv4.wav,,T,classical,0.9999943934361069,0.9999996952519967,0.0,4.0,0.9941376124254883,1.0,distortion,1.0,1.0,0.0,classical_02,0.8994737479643063,0.9724744608399546,0.9999985957808113,0.9992803135651621
classical_02::time_stretch::+10pct,classical_02::time_stretch::+10pct,perturbations/audio/classical_02__A.wav,perturbations/audio/classical_02__time_stretch__+10pct.wav,,R,classical,0.987381776719533,0.9994253020177568,0.0,10.0,0.6724796595463238,0.7777777777777778,time_stretch,0.19047619047619047,0.31601265353248076,20.266544117647072,classical_02,0.28261334681889794,0.6520159825644751,0.9988873918782529,0.9414143828979209
classical_02::distortion::drv12,classical_02::distortion::drv12,perturbations/audio/classical_02__A.wav,perturbations/audio/classical_02__distortion__drv12.wav,,T,classical,0.9997207780024245,0.9999562305319537,0.0,12.0,0.9894299561969561,0.6666666666666666,distortion,0.7000000000000001,0.5914576161060687,9.499942555147072,classical_02,0.8994737479643063,0.9724744608399546,0.9996996063142976,0.957543404112715
classical_02::style_swap::swap_cross,classical_02::style_swap::swap_cross,perturbations/audio/classical_02__A.wav,perturbations/audio/classical_02__style_swap__swap_cross.wav,,S,classical,0.7909151737054032,0.8464788201650817,0.6666666666666666,,0.25161028711130395,0.0,style_swap,0.18181818181818182,0.5293296949484161,0.0,classical_02,0.0,0.8521739130434782,0.7438695885808865,0.16633579019837222
classical_02::style_swap::swap_same,classical_02::style_swap::swap_same,perturbations/audio/classical_02__A.wav,perturbations/audio/classical_02__style_swap__swap_same.wav,,S,classical,0.8698834494145266,0.9383665639053644,0.3333333333333333,,0.2806599522104197,0.0,style_swap,0.23529411764705882,0.3799541111268843,34.545245655080194,classical_02,1.0,1.0,0.9781239789159838,0.23195156579363968
classical_02::distortion::drv32,classical_02::distortion::drv32,perturbations/audio/classical_02__A.wav,perturbations/audio/classical_02__distortion__drv32.wav,,T,classical,0.9903547499335323,0.9971745919939569,0.6666666666666666,32.0,0.9625942310948273,0.6666666666666666,distortion,0.7000000000000001,0.5047095586298975,9.499942555147072,classical_02,0.21375863339600712,0.6835871404399323,0.9967900244088254,0.7252771910118411
classical_03::control::ctrl,classical_03::control::ctrl,perturbations/audio/classical_03__A.wav,perturbations/audio/classical_03__control__ctrl.wav,,control,classical,1.0,0.9999999734086072,0.0,0.0,1.0,1.0,control,0.0,0.0,0.0,classical_03,1.0,1.0,0.9999999998831635,1.0
classical_03::pitch_shift::-4st,classical_03::pitch_shift::-4st,perturbations/audio/classical_03__A.wav,perturbations/audio/classical_03__pitch_shift__-4st.wav,,H,classical,0.533567575372766,0.7526189855787422,0.6666666666666666,-4.0,0.7273292505988513,0.29411764705882354,pitch_shift,0.0,0.0,31.448085699797154,classical_03,0.0,0.8521739130434782,0.992595540469822,0.28115735646015744
classical_03::pitch_shift::-1st,classical_03::pitch_shift::-1st,perturbations/audio/classical_03__A.wav,perturbations/audio/classical_03__pitch_shift__-1st.wav,,H,classical,0.5163681636013745,0.7013386008179006,0.8333333333333334,-1.0,0.8496508904022819,0.47058823529411764,pitch_shift,0.0,0.0,14.175462872257057,classical_03,1.0,1.0,0.9989710397984651,0.7958767852694472
classical_03::pitch_shift::-2st,classical_03::pitch_shift::-2st,perturbations/audio/classical_03__A.wav,perturbations/audio/classical_03__pitch_shift__-2st.wav,,H,classical,0.5431464138761505,0.7882475799529808,0.3333333333333333,-2.0,0.7960551207692335,0.29411764705882354,pitch_shift,0.0,0.0,0.0,classical_03,1.0,1.0,0.9975327418649976,0.40056401332341335
classical_03::pitch_shift::+1st,classical_03::pitch_shift::+1st,perturbations/audio/classical_03__A.wav,perturbations/audio/classical_03__pitch_shift__+1st.wav,,H,classical,0.5183245774861459,0.6998435699950696,0.8333333333333334,1.0,0.878807646074173,0.17647058823529413,pitch_shift,0.0,0.0,14.175462872257057,classical_03,1.0,1.0,0.9977205059594577,0.7475653339338588
classical_03::pitch_shift::+2st,classical_03::pitch_shift::+2st,perturbations/audio/classical_03__A.wav,perturbations/audio/classical_03__pitch_shift__+2st.wav,,H,classical,0.5281639630228161,0.7747946833348051,0.3333333333333333,2.0,0.8132823382941394,0.23529411764705882,pitch_shift,0.0,0.0,0.0,classical_03,1.0,1.0,0.9938282400664085,0.46027496780424537
classical_03::pitch_shift::+4st,classical_03::pitch_shift::+4st,perturbations/audio/classical_03__A.wav,perturbations/audio/classical_03__pitch_shift__+4st.wav,,H,classical,0.4994509957766934,0.7564928673993893,0.6666666666666666,4.0,0.7374385540856307,0.35294117647058826,pitch_shift,0.0,0.0,0.0,classical_03,1.0,1.0,0.9854185885855082,0.28029289471111973
classical_03::time_stretch::-20pct,classical_03::time_stretch::-20pct,perturbations/audio/classical_03__A.wav,perturbations/audio/classical_03__time_stretch__-20pct.wav,,R,classical,0.8932311390832403,0.9805074451962943,0.0,-20.0,0.5821153328538773,0.5882352941176471,time_stretch,0.0,0.0,0.0,classical_03,0.0,0.8159311087190528,0.9976503037816324,0.522669569751896
classical_03::time_stretch::-10pct,classical_03::time_stretch::-10pct,perturbations/audio/classical_03__A.wav,perturbations/audio/classical_03__time_stretch__-10pct.wav,,R,classical,0.988957712144781,0.990535626596379,0.0,-10.0,0.6885821296096442,0.8235294117647058,time_stretch,0.0,0.0,14.175462872257057,classical_03,0.0,0.833784898103428,0.9980285300843896,0.5683559605052995
classical_03::time_stretch::-5pct,classical_03::time_stretch::-5pct,perturbations/audio/classical_03__A.wav,perturbations/audio/classical_03__time_stretch__-5pct.wav,,R,classical,0.995017968473689,0.9971953931730385,0.0,-5.0,0.7412957602735728,0.4117647058823529,time_stretch,0.0,0.0,0.0,classical_03,0.0,0.8710229216558331,0.9989950268119095,0.6487288571214213
classical_03::time_stretch::+5pct,classical_03::time_stretch::+5pct,perturbations/audio/classical_03__A.wav,perturbations/audio/classical_03__time_stretch__+5pct.wav,,R,classical,0.986422198872751,0.9964498175180805,0.0,5.0,0.7654350407563729,0.4117647058823529,time_stretch,0.0,0.0,14.175462872257057,classical_03,1.0,1.0,0.9991158752384273,0.5982966353550967
classical_03::time_stretch::+10pct,classical_03::time_stretch::+10pct,perturbations/audio/classical_03__A.wav,perturbations/audio/classical_03__time_stretch__+10pct.wav,,R,classical,0.9591549874410871,0.9922829504300729,0.0,10.0,0.7166046321983731,0.23529411764705882,time_stretch,0.0,0.0,14.175462872257057,classical_03,0.0,0.5710161662817552,0.9990860010235946,0.8246799363523921
classical_03::time_stretch::+20pct,classical_03::time_stretch::+20pct,perturbations/audio/classical_03__A.wav,perturbations/audio/classical_03__time_stretch__+20pct.wav,,R,classical,0.9056346673475693,0.9836987067915325,0.0,20.0,0.6252140840460336,0.8823529411764706,time_stretch,0.0,0.0,8.18292025862069,classical_03,0.0,0.8710229216558331,0.9985489024017054,0.6045986367821762
classical_03::lowpass::lp8000,classical_03::lowpass::lp8000,perturbations/audio/classical_03__A.wav,perturbations/audio/classical_03__lowpass__lp8000.wav,,T,classical,0.9999992024236926,0.9999999559948466,0.0,8000.0,0.9900952872413119,1.0,lowpass,0.0,0.0,0.0,classical_03,1.0,1.0,0.9999999380809197,0.6051720821862588
classical_03::lowpass::lp4000,classical_03::lowpass::lp4000,perturbations/audio/classical_03__A.wav,perturbations/audio/classical_03__lowpass__lp4000.wav,,T,classical,0.9999988423130856,0.9999999540440416,0.0,4000.0,0.9912748751907378,1.0,lowpass,0.0,0.0,31.448085699797154,classical_03,1.0,1.0,0.9999996112918283,0.01822333290785186
classical_03::distortion::drv12,classical_03::distortion::drv12,perturbations/audio/classical_03__A.wav,perturbations/audio/classical_03__distortion__drv12.wav,,T,classical,0.9999409000243737,0.9999785918885933,0.0,12.0,0.9766885367836908,1.0,distortion,0.0,0.0,31.448085699797154,classical_03,0.0,0.8805970149253731,0.9972402385394719,0.014182681307982743
classical_03::lowpass::lp2000,classical_03::lowpass::lp2000,perturbations/audio/classical_03__A.wav,perturbations/audio/classical_03__lowpass__lp2000.wav,,T,classical,0.9999967379935938,0.9999997751458576,0.0,2000.0,0.9983218125122799,1.0,lowpass,0.0,0.0,0.0,classical_03,1.0,1.0,0.9999568691984647,0.005232077668256662
classical_03::distortion::drv4,classical_03::distortion::drv4,perturbations/audio/classical_03__A.wav,perturbations/audio/classical_03__distortion__drv4.wav,,T,classical,0.9999996176936241,0.9999999438498274,0.0,4.0,0.9907908082489686,1.0,distortion,0.0,0.0,31.448085699797154,classical_03,1.0,1.0,0.9999742318011879,0.14717026150583112
classical_03::distortion::drv32,classical_03::distortion::drv32,perturbations/audio/classical_03__A.wav,perturbations/audio/classical_03__distortion__drv32.wav,,T,classical,0.9993521975721127,0.9997067520611256,0.0,32.0,0.9916909443429502,0.7647058823529411,distortion,0.0,0.0,47.73370150862069,classical_03,0.0,0.9798021434460016,0.9721393616135279,0.004896555475819953
classical_03::style_swap::swap_cross,classical_03::style_swap::swap_cross,perturbations/audio/classical_03__A.wav,perturbations/audio/classical_03__style_swap__swap_cross.wav,,S,classical,0.6822675318462745,0.8722680162687465,0.3333333333333333,,0.29628970504004004,0.058823529411764705,style_swap,0.0,0.0,9.28155307112069,classical_03,0.0,0.8710229216558331,0.5909723978006997,0.0019630946632636227
classical_03::style_swap::swap_same,classical_03::style_swap::swap_same,perturbations/audio/classical_03__A.wav,perturbations/audio/classical_03__style_swap__swap_same.wav,,S,classical,0.6133184463686556,0.8021716125774607,0.6666666666666666,,0.32226751483821214,0.0,style_swap,0.0,0.0,31.448085699797154,classical_03,0.0,0.9798021434460016,0.772965958334999,0.0029973715797500917
classical_04::control::ctrl,classical_04::control::ctrl,perturbations/audio/classical_04__A.wav,perturbations/audio/classical_04__control__ctrl.wav,,control,classical,1.0,0.9999999774495932,0.0,0.0,1.0,1.0,control,1.0,1.0,0.0,classical_04,1.0,1.0,0.9999999997879604,0.9999999999999998
classical_04::pitch_shift::-1st,classical_04::pitch_shift::-1st,perturbations/audio/classical_04__A.wav,perturbations/audio/classical_04__pitch_shift__-1st.wav,,H,classical,0.7536908970966268,0.8840597515210082,0.8333333333333334,-1.0,0.9061244155886397,0.6,pitch_shift,0.9090909090909091,0.9124608415961211,0.0,classical_04,1.0,1.0,0.9962126336829792,0.8917802795825082
classical_04::pitch_shift::+2st,classical_04::pitch_shift::+2st,perturbations/audio/classical_04__A.wav,perturbations/audio/classical_04__pitch_shift__+2st.wav,,H,classical,0.7906111777523606,0.9049130762657807,0.3333333333333333,2.0,0.882960710439727,0.6,pitch_shift,0.9090909090909091,0.8355049286556546,0.0,classical_04,1.0,1.0,0.9857037950367921,0.7515715828307792
classical_04::pitch_shift::-2st,classical_04::pitch_shift::-2st,perturbations/audio/classical_04__A.wav,perturbations/audio/classical_04__pitch_shift__-2st.wav,"[""structural_form""]",H,classical,0.7771244453395745,0.8994694963892071,0.3333333333333333,-2.0,0.8846348918317068,0.4,pitch_shift,1.0,0.9124608415961211,0.0,classical_04,1.0,1.0,0.9910483544669182,0.7782260432959117
classical_04::pitch_shift::-4st,classical_04::pitch_shift::-4st,perturbations/audio/classical_04__A.wav,perturbations/audio/classical_04__pitch_shift__-4st.wav,,H,classical,0.7792676221484696,0.9028080582793921,0.6666666666666666,-4.0,0.8605959509474077,0.4,pitch_shift,0.9090909090909091,0.8786717476399575,0.0,classical_04,0.07303573136162142,0.6633180252583238,0.9740019802160628,0.5174861317032673
classical_04::pitch_shift::+1st,classical_04::pitch_shift::+1st,perturbations/audio/classical_04__A.wav,perturbations/audio/classical_04__pitch_shift__+1st.wav,,H,classical,0.7313403127106379,0.8804305798823836,0.8333333333333334,1.0,0.9076365593349167,0.26666666666666666,pitch_shift,0.9090909090909091,0.9124608415961211,0.0,classical_04,0.05727721683054724,0.6255156157925751,0.99535079854063,0.8894839174679797
classical_04::pitch_shift::+4st,classical_04::pitch_shift::+4st,perturbations/audio/classical_04__A.wav,perturbations/audio/classical_04__pitch_shift__+4st.wav,,H,classical,0.8312099569622537,0.9044079130148723,0.6666666666666666,4.0,0.8369872459620329,0.06666666666666667,pitch_shift,0.9090909090909091,0.8652503803481372,0.0,classical_04,1.0,1.0,0.9600027550317128,0.4973601849764398
classical_04::time_stretch::-20pct,classical_04::time_stretch::-20pct,perturbations/audio/classical_04__A.wav,perturbations/audio/classical_04__time_stretch__-20pct.wav,,R,classical,0.963136622644019,0.9969808827106466,0.0,-20.0,0.6160047155369877,0.6,time_stretch,0.4000000000000001,0.417284593374673,28.952205882352928,classical_04,1.0,1.0,0.9989842637480522,0.9129597385646537
classical_04::time_stretch::-10pct,classical_04::time_stretch::-10pct,perturbations/audio/classical_04__A.wav,perturbations/audio/classical_04__time_stretch__-10pct.wav,,R,classical,0.9900776786276876,0.9995494003767358,0.0,-10.0,0.67279920704915,0.4,time_stretch,0.45454545454545453,0.330858105039204,15.999903250773968,classical_04,0.4024086393976197,0.9469765342960288,0.9991120593295664,0.9325199027549413
classical_04::time_stretch::-5pct,classical_04::time_stretch::-5pct,perturbations/audio/classical_04__A.wav,perturbations/audio/classical_04__time_stretch__-5pct.wav,,R,classical,0.9921281431669515,0.9995832574615526,0.0,-5.0,0.6772504545767226,0.3333333333333333,time_stretch,0.5454545454545454,0.45461507562246173,8.444393382352928,classical_04,0.4024086393976197,0.9469765342960288,0.9992682659032526,0.9496762154992948
classical_04::time_stretch::+20pct,classical_04::time_stretch::+20pct,perturbations/audio/classical_04__A.wav,perturbations/audio/classical_04__time_stretch__+20pct.wav,,R,classical,0.9725776919902039,0.9982779222641934,0.0,20.0,0.6085163122572163,0.06666666666666667,time_stretch,0.23529411764705882,0.3799541111268843,32.57123161764707,classical_04,1.0,1.0,0.9982256921065648,0.9148142690390293
classical_04::lowpass::lp8000,classical_04::lowpass::lp8000,perturbations/audio/classical_04__A.wav,perturbations/audio/classical_04__lowpass__lp8000.wav,,T,classical,0.999991639858702,0.9999974177797977,0.0,8000.0,0.9999816799188668,1.0,lowpass,1.0,1.0,0.0,classical_04,1.0,1.0,0.9688295155756623,0.3006369368468284
classical_04::lowpass::lp4000,classical_04::lowpass::lp4000,perturbations/audio/classical_04__A.wav,perturbations/audio/classical_04__lowpass__lp4000.wav,,T,classical,0.9999677986519431,0.9999890762457114,0.0,4000.0,0.9997630949615135,1.0,lowpass,1.0,0.9124608415961211,0.0,classical_04,1.0,1.0,0.9153094495587557,0.05846559072878348
classical_04::lowpass::lp2000,classical_04::lowpass::lp2000,perturbations/audio/classical_04__A.wav,perturbations/audio/classical_04__lowpass__lp2000.wav,,T,classical,0.9988482746046031,0.9997830542737258,0.0,2000.0,0.9849011583936212,0.6,lowpass,0.0,0.0,48.63970588235293,classical_04,0.6431240552833223,0.9787467134092901,0.8192208272025704,0.0005945530127860944
classical_04::time_stretch::+5pct,classical_04::time_stretch::+5pct,perturbations/audio/classical_04__A.wav,perturbations/audio/classical_04__time_stretch__+5pct.wav,,R,classical,0.9887789474793356,0.9994942867594002,0.0,5.0,0.7137536978541712,0.7333333333333333,time_stretch,0.5833333333333334,0.36934191388646476,9.499942555147072,classical_04,0.07385404652387388,0.665998281294758,0.9979932821478646,0.9386727693742958
classical_04::time_stretch::+10pct,classical_04::time_stretch::+10pct,perturbations/audio/classical_04__A.wav,perturbations/audio/classical_04__time_stretch__+10pct.wav,,R,classical,0.9677557592913427,0.9965489814230909,0.0,10.0,0.6669884797203195,0.4,time_stretch,0.41666666666666663,0.28934802335548887,20.266544117647072,classical_04,0.07303573136162142,0.6633180252583238,0.9980762471924426,0.9247531235892289
classical_04::distortion::drv4,classical_04::distortion::drv4,perturbations/audio/classical_04__A.wav,perturbations/audio/classical_04__distortion__drv4.wav,,T,classical,0.9986103584296467,0.9995242533438317,0.0,4.0,0.9575584203776003,0.4,distortion,1.0,0.9124608415961211,0.0,classical_04,1.0,1.0,0.999780451222938,0.9798675335244588
classical_04::distortion::drv12,classical_04::distortion::drv12,perturbations/audio/classical_04__A.wav,perturbations/audio/classical_04__distortion__drv12.wav,,T,classical,0.9983383393455977,0.9994609084663167,0.0,12.0,0.9701247677451428,1.0,distortion,0.9090909090909091,0.8786717476399575,0.0,classical_04,1.0,1.0,0.9937950870188733,0.781144633387483
classical_04::style_swap::swap_cross,classical_04::style_swap::swap_cross,perturbations/audio/classical_04__A.wav,perturbations/audio/classical_04__style_swap__swap_cross.wav,,S,classical,0.7047986983798508,0.7109707892393038,0.6666666666666666,,0.3518211705299257,0.06666666666666667,style_swap,0.25,0.3799541111268843,46.76894796380091,classical_04,0.6386797651972108,0.9747225647348952,0.8160551189666011,0.2051758421496484
classical_04::style_swap::swap_same,classical_04::style_swap::swap_same,perturbations/audio/classical_04__A.wav,perturbations/audio/classical_04__style_swap__swap_same.wav,,S,classical,0.7565347550281155,0.8099606252383829,0.8333333333333334,,0.2799158071607971,0.0,style_swap,0.9090909090909091,0.5409941116936398,0.0,classical_04,0.7864759764251242,0.9893709327548806,0.9045183759217456,0.1306196753136583
classical_05::control::ctrl,classical_05::control::ctrl,perturbations/audio/classical_05__A.wav,perturbations/audio/classical_05__control__ctrl.wav,,control,classical,1.0,0.9999999781459644,0.0,0.0,1.0,1.0,control,1.0,1.0,0.0,classical_05,1.0,1.0,0.9999999998902726,1.0
classical_05::pitch_shift::-4st,classical_05::pitch_shift::-4st,perturbations/audio/classical_05__A.wav,perturbations/audio/classical_05__pitch_shift__-4st.wav,,H,classical,0.7123379118910806,0.8237882300853764,0.6666666666666666,-4.0,0.8136843177331752,0.29411764705882354,pitch_shift,1.0,0.8652503803481372,0.0,classical_05,1.0,1.0,0.9975718966411121,0.5124663319481833
classical_05::pitch_shift::-2st,classical_05::pitch_shift::-2st,perturbations/audio/classical_05__A.wav,perturbations/audio/classical_05__pitch_shift__-2st.wav,,H,classical,0.8768970462481662,0.9296531343517698,0.3333333333333333,-2.0,0.8479988712559524,0.29411764705882354,pitch_shift,1.0,0.9124608415961211,0.0,classical_05,0.826556440563825,0.976948669201521,0.9993095935631628,0.7507257245502948
classical_04::distortion::drv32,classical_04::distortion::drv32,perturbations/audio/classical_04__A.wav,perturbations/audio/classical_04__distortion__drv32.wav,,T,classical,0.9842671653705749,0.9950858147325509,0.0,32.0,0.9018413499701236,0.9333333333333333,distortion,1.0,0.8355049286556546,0.0,classical_04,0.0726875691041502,0.6621660442401608,0.9827740238139169,0.5340785378531402
classical_05::pitch_shift::-1st,classical_05::pitch_shift::-1st,perturbations/audio/classical_05__A.wav,perturbations/audio/classical_05__pitch_shift__-1st.wav,,H,classical,0.6661229898509997,0.7769406597385141,0.8333333333333334,-1.0,0.885221912248801,0.7058823529411765,pitch_shift,1.0,1.0,0.0,classical_05,0.826556440563825,0.976948669201521,0.9998032434077547,0.8906070609409271
classical_05::pitch_shift::+1st,classical_05::pitch_shift::+1st,perturbations/audio/classical_05__A.wav,perturbations/audio/classical_05__pitch_shift__+1st.wav,,H,classical,0.6781504248485296,0.7833296106833592,0.8333333333333334,1.0,0.8836694230890277,0.7647058823529411,pitch_shift,1.0,1.0,0.0,classical_05,0.826556440563825,0.976948669201521,0.9995299769401246,0.8671397009952296
classical_05::pitch_shift::+2st,classical_05::pitch_shift::+2st,perturbations/audio/classical_05__A.wav,perturbations/audio/classical_05__pitch_shift__+2st.wav,,H,classical,0.852727626126372,0.9153391149338711,0.3333333333333333,2.0,0.8498670297125105,0.7058823529411765,pitch_shift,1.0,1.0,0.0,classical_05,0.826556440563825,0.976948669201521,0.9984795275572477,0.6970167417282248
classical_05::pitch_shift::+4st,classical_05::pitch_shift::+4st,perturbations/audio/classical_05__A.wav,perturbations/audio/classical_05__pitch_shift__+4st.wav,,H,classical,0.7033379792222297,0.8113732736142827,0.6666666666666666,4.0,0.8058495900123368,0.35294117647058826,pitch_shift,1.0,0.7840842891585704,0.0,classical_05,0.826556440563825,0.976948669201521,0.9961646782091522,0.4909527999072572
classical_05::time_stretch::-10pct,classical_05::time_stretch::-10pct,perturbations/audio/classical_05__A.wav,perturbations/audio/classical_05__time_stretch__-10pct.wav,,R,classical,0.9807171767058055,0.9971993383266677,0.0,-10.0,0.6779065189379021,0.35294117647058826,time_stretch,0.2105263157894737,0.3799541111268843,9.787819602272734,classical_05,0.9070071229635471,0.9884705882352942,0.999824945375799,0.8951478589540608
classical_05::time_stretch::-5pct,classical_05::time_stretch::-5pct,perturbations/audio/classical_05__A.wav,perturbations/audio/classical_05__time_stretch__-5pct.wav,,R,classical,0.9868064846197349,0.998182362784142,0.0,-5.0,0.7056547888513273,0.5882352941176471,time_stretch,0.4000000000000001,0.3799541111268843,5.1066884881422965,classical_05,0.9070071229635471,0.9884705882352942,0.999951786058402,0.9409620818679013
classical_05::time_stretch::-20pct,classical_05::time_stretch::-20pct,perturbations/audio/classical_05__A.wav,perturbations/audio/classical_05__time_stretch__-20pct.wav,,R,classical,0.9767033743977248,0.9943830896414186,0.0,-20.0,0.5938252681956753,0.29411764705882354,time_stretch,0.3157894736842105,0.4498041686428355,21.750710227272734,classical_05,0.826556440563825,0.976948669201521,0.9994309338064882,0.8332639382002545
classical_05::time_stretch::+5pct,classical_05::time_stretch::+5pct,perturbations/audio/classical_05__A.wav,perturbations/audio/classical_05__time_stretch__+5pct.wav,,R,classical,0.9902745288980573,0.9980413954703383,0.0,5.0,0.668582196627715,0.5294117647058824,time_stretch,0.20000000000000004,0.417284593374673,11.745383522727266,classical_05,1.0,1.0,0.9999593469111041,0.9407398401706355
classical_05::time_stretch::+10pct,classical_05::time_stretch::+10pct,perturbations/audio/classical_05__A.wav,perturbations/audio/classical_05__time_stretch__+10pct.wav,,R,classical,0.9897377538802582,0.9970160148886122,0.0,10.0,0.6525638259751967,0.5294117647058824,time_stretch,0.20000000000000004,0.3799541111268844,11.745383522727266,classical_05,1.0,1.0,0.9998912248349717,0.9104744021911509
classical_05::time_stretch::+20pct,classical_05::time_stretch::+20pct,perturbations/audio/classical_05__A.wav,perturbations/audio/classical_05__time_stretch__+20pct.wav,,R,classical,0.9719373432979728,0.9957815453533558,0.0,20.0,0.5825433573880601,0.23529411764705882,time_stretch,0.3636363636363636,0.39307557545218513,26.100852272727266,classical_05,0.1545694304363142,0.6579069407945586,0.9998230005109261,0.8899006149226907
classical_05::lowpass::lp4000,classical_05::lowpass::lp4000,perturbations/audio/classical_05__A.wav,perturbations/audio/classical_05__lowpass__lp4000.wav,,T,classical,0.9999987657979892,0.9999993827162458,0.0,4000.0,0.9999575020121164,1.0,lowpass,1.0,0.9124608415961211,0.0,classical_05,1.0,1.0,0.9712869987085049,0.005688876902744489
classical_05::lowpass::lp8000,classical_05::lowpass::lp8000,perturbations/audio/classical_05__A.wav,perturbations/audio/classical_05__lowpass__lp8000.wav,,T,classical,0.999999962705996,0.9999999777180629,0.0,8000.0,0.9999929317066955,1.0,lowpass,1.0,0.9124608415961211,0.0,classical_05,1.0,1.0,0.9974788008650365,0.3700268040816093
classical_05::distortion::drv4,classical_05::distortion::drv4,perturbations/audio/classical_05__A.wav,perturbations/audio/classical_05__distortion__drv4.wav,,T,classical,0.9980621599072209,0.9990326919914374,0.0,4.0,0.9656019075239878,0.8823529411764706,distortion,1.0,0.9124608415961211,0.0,classical_05,0.9070071229635471,0.9884705882352942,0.9993724499886668,0.5616695041607573
classical_05::lowpass::lp2000,classical_05::lowpass::lp2000,perturbations/audio/classical_05__A.wav,perturbations/audio/classical_05__lowpass__lp2000.wav,,T,classical,0.9998792150646353,0.9999347521971711,0.0,2000.0,0.9967426248545324,0.8823529411764706,lowpass,0.7777777777777777,0.6694478013599959,0.0,classical_05,1.0,1.0,0.9012350416297835,5.706695075463991e-05
classical_05::distortion::drv12,classical_05::distortion::drv12,perturbations/audio/classical_05__A.wav,perturbations/audio/classical_05__distortion__drv12.wav,,T,classical,0.9917158654371403,0.9950168820404623,0.0,12.0,0.9091869730469815,0.5882352941176471,distortion,0.4000000000000001,0.5666065223658278,0.0,classical_05,0.2580367393800235,0.9480433340703073,0.998720313558199,0.1708962958830123
classical_05::distortion::drv32,classical_05::distortion::drv32,perturbations/audio/classical_05__A.wav,perturbations/audio/classical_05__distortion__drv32.wav,,T,classical,0.9878843458784418,0.9926583591025812,0.0,32.0,0.8830339998693947,0.5882352941176471,distortion,0.4000000000000001,0.5060357151195458,0.0,classical_05,0.2580367393800235,0.9480433340703073,0.9945878132048329,0.04635853025976659
classical_05::style_swap::swap_cross,classical_05::style_swap::swap_cross,perturbations/audio/classical_05__A.wav,perturbations/audio/classical_05__style_swap__swap_cross.wav,,S,classical,0.733371898801315,0.8303329148012413,0.8333333333333334,,0.2581713510015521,0.0,style_swap,0.28571428571428564,0.3799541111268843,25.168678977272734,classical_05,0.13354901196066551,0.657361963190184,0.952403932782675,0.15832261516788515
classical_05::style_swap::swap_same,classical_05::style_swap::swap_same,perturbations/audio/classical_05__A.wav,perturbations/audio/classical_05__style_swap__swap_same.wav,,S,classical,0.8698846485188404,0.9383663747417551,0.3333333333333333,,0.2806529315055387,0.0,style_swap,0.23529411764705882,0.3799541111268843,34.545245655080194,classical_05,1.0,1.0,0.9781234021627471,0.23210088314718963
classical_06::control::ctrl,classical_06::control::ctrl,perturbations/audio/classical_06__A.wav,perturbations/audio/classical_06__control__ctrl.wav,,control,classical,1.0,0.9999999777641309,0.0,0.0,1.0,1.0,control,0.0,0.0,0.0,classical_06,1.0,1.0,0.9999999998369798,1.0
classical_06::pitch_shift::-4st,classical_06::pitch_shift::-4st,perturbations/audio/classical_06__A.wav,perturbations/audio/classical_06__pitch_shift__-4st.wav,,H,classical,0.6793804772775605,0.705057876649342,0.6666666666666666,-4.0,0.7147108093525669,0.42857142857142855,pitch_shift,0.0,0.0,49.21875,classical_06,1.0,1.0,0.9936984860038677,0.5354517750829153
classical_06::pitch_shift::-2st,classical_06::pitch_shift::-2st,perturbations/audio/classical_06__A.wav,perturbations/audio/classical_06__pitch_shift__-2st.wav,,H,classical,0.7949228671821592,0.7964300695381119,0.3333333333333333,-2.0,0.7559336303020674,0.0,pitch_shift,0.0,0.0,49.21875,classical_06,1.0,1.0,0.9965471207998492,0.7674012762319888
classical_06::pitch_shift::+1st,classical_06::pitch_shift::+1st,perturbations/audio/classical_06__A.wav,perturbations/audio/classical_06__pitch_shift__+1st.wav,,H,classical,0.7852598937318406,0.7211735123371549,0.8333333333333334,1.0,0.8436304769777203,0.0,pitch_shift,0.0,0.0,43.06640625,classical_06,1.0,1.0,0.9977139479610019,0.8608846184975479
classical_06::pitch_shift::-1st,classical_06::pitch_shift::-1st,perturbations/audio/classical_06__A.wav,perturbations/audio/classical_06__pitch_shift__-1st.wav,,H,classical,0.7543305751843363,0.6958007338871959,0.8333333333333334,-1.0,0.8197996251727081,0.0,pitch_shift,0.0,0.0,0.0,classical_06,1.0,1.0,0.997115102801937,0.8879622861901268
classical_06::pitch_shift::+2st,classical_06::pitch_shift::+2st,perturbations/audio/classical_06__A.wav,perturbations/audio/classical_06__pitch_shift__+2st.wav,,H,classical,0.8092589430110733,0.8145637310925746,0.3333333333333333,2.0,0.7331490000073252,0.0,pitch_shift,0.0,0.0,0.0,classical_06,1.0,1.0,0.996526143055687,0.6910285507370519
classical_06::pitch_shift::+4st,classical_06::pitch_shift::+4st,perturbations/audio/classical_06__A.wav,perturbations/audio/classical_06__pitch_shift__+4st.wav,,H,classical,0.7644894192246177,0.7167850662468875,0.6666666666666666,4.0,0.6829945289984162,0.0,pitch_shift,0.0,0.0,5.940193965517238,classical_06,1.0,1.0,0.9908943809339806,0.4970586261865278
classical_06::time_stretch::-20pct,classical_06::time_stretch::-20pct,perturbations/audio/classical_06__A.wav,perturbations/audio/classical_06__time_stretch__-20pct.wav,,R,classical,0.9526902902972768,0.9934656871478597,0.0,-20.0,0.5118645152361336,0.0,time_stretch,0.0,0.0,36.26644736842104,classical_06,1.0,1.0,0.99098884341536,0.7965697140329365
classical_06::time_stretch::-10pct,classical_06::time_stretch::-10pct,perturbations/audio/classical_06__A.wav,perturbations/audio/classical_06__time_stretch__-10pct.wav,,R,classical,0.9848031541579149,0.9959236495897462,0.0,-10.0,0.6182189303047108,0.0,time_stretch,0.0,0.0,54.811789772727266,classical_06,1.0,1.0,0.9956691128776389,0.8895730024835539
classical_06::time_stretch::-5pct,classical_06::time_stretch::-5pct,perturbations/audio/classical_06__A.wav,perturbations/audio/classical_06__time_stretch__-5pct.wav,,R,classical,0.9887004281584008,0.9993287373674243,0.0,-5.0,0.685463605363279,0.14285714285714285,time_stretch,0.0,0.0,43.06640625,classical_06,1.0,1.0,0.996955128787,0.8985715753517813
classical_06::time_stretch::+5pct,classical_06::time_stretch::+5pct,perturbations/audio/classical_06__A.wav,perturbations/audio/classical_06__time_stretch__+5pct.wav,,R,classical,0.9905075948634368,0.9971882147585643,0.0,5.0,0.6752592253330958,0.2857142857142857,time_stretch,0.0,0.0,5.940193965517238,classical_06,1.0,1.0,0.9982409096848996,0.8297601495793221
classical_06::time_stretch::+20pct,classical_06::time_stretch::+20pct,perturbations/audio/classical_06__A.wav,perturbations/audio/classical_06__time_stretch__+20pct.wav,,R,classical,0.9787251394061679,0.9858139935779525,0.0,20.0,0.5517509586091655,0.14285714285714285,time_stretch,0.0,0.0,26.50240384615384,classical_06,1.0,1.0,0.9984643492845089,0.8560160163997016
classical_06::time_stretch::+10pct,classical_06::time_stretch::+10pct,perturbations/audio/classical_06__A.wav,perturbations/audio/classical_06__time_stretch__+10pct.wav,,R,classical,0.9845560717889447,0.9933395040853632,0.0,10.0,0.5657293481068424,0.14285714285714285,time_stretch,0.0,0.0,52.428668478260875,classical_06,1.0,1.0,0.9991927642744517,0.9077943698754656
classical_06::lowpass::lp8000,classical_06::lowpass::lp8000,perturbations/audio/classical_06__A.wav,perturbations/audio/classical_06__lowpass__lp8000.wav,,T,classical,0.9999636886770122,0.9999918105441895,0.0,8000.0,0.9997583203138998,1.0,lowpass,0.0,0.0,0.0,classical_06,1.0,1.0,0.9996314124725686,0.9033256535221648
classical_06::lowpass::lp4000,classical_06::lowpass::lp4000,perturbations/audio/classical_06__A.wav,perturbations/audio/classical_06__lowpass__lp4000.wav,,T,classical,0.9999642241544746,0.9999931944573882,0.0,4000.0,0.9996594519384686,1.0,lowpass,0.0,0.0,99.47733274647888,classical_06,1.0,1.0,0.9787176605376923,0.003913366413468075
classical_06::lowpass::lp2000,classical_06::lowpass::lp2000,perturbations/audio/classical_06__A.wav,perturbations/audio/classical_06__lowpass__lp2000.wav,,T,classical,0.9993772983963763,0.999705259767466,0.0,2000.0,0.9919571482457132,0.5714285714285714,lowpass,0.0,0.0,99.47733274647888,classical_06,1.0,1.0,0.8884420010649141,2.301658253903952e-05
classical_06::distortion::drv12,classical_06::distortion::drv12,perturbations/audio/classical_06__A.wav,perturbations/audio/classical_06__distortion__drv12.wav,,T,classical,0.9891653294674716,0.9932193301568889,0.0,12.0,0.8953177436722629,0.7142857142857143,distortion,0.0,0.0,12.3046875,classical_06,0.0,0.9296140123256568,0.9945965331386905,0.4616698715309867
classical_06::distortion::drv4,classical_06::distortion::drv4,perturbations/audio/classical_06__A.wav,perturbations/audio/classical_06__distortion__drv4.wav,,T,classical,0.9984137833949326,0.9993304047484448,0.0,4.0,0.9797204951576696,1.0,distortion,0.0,0.0,43.06640625,classical_06,1.0,1.0,0.9988186915117826,0.7733243622048028
classical_07::control::ctrl,classical_07::control::ctrl,perturbations/audio/classical_07__A.wav,perturbations/audio/classical_07__control__ctrl.wav,,control,classical,1.0,0.9999999757290513,0.0,0.0,1.0,1.0,control,1.0,1.0,0.0,classical_07,1.0,1.0,0.9999999998546453,1.0
classical_06::distortion::drv32,classical_06::distortion::drv32,perturbations/audio/classical_06__A.wav,perturbations/audio/classical_06__distortion__drv32.wav,,T,classical,0.9783760005239619,0.984863118189517,0.0,32.0,0.8389072164389454,0.8571428571428571,distortion,0.0,0.0,49.21875,classical_06,0.0,0.98989898989899,0.9885193956406826,0.34868661755398356
classical_06::style_swap::swap_cross,classical_06::style_swap::swap_cross,perturbations/audio/classical_06__A.wav,perturbations/audio/classical_06__style_swap__swap_cross.wav,,S,classical,0.8625817282482111,0.8359685990002063,0.6666666666666666,,0.2806858230730038,0.0,style_swap,0.0,0.0,34.453125,classical_06,0.0,0.8072289156626505,0.8891904387501058,0.24522203748831473
classical_06::style_swap::swap_same,classical_06::style_swap::swap_same,perturbations/audio/classical_06__A.wav,perturbations/audio/classical_06__style_swap__swap_same.wav,,S,classical,0.7887562443674014,0.8086967141468154,0.6666666666666666,,0.2876705044246516,0.0,style_swap,0.0,0.0,54.811789772727266,classical_06,0.0,0.9697158913518577,0.9853556561082646,0.2654213544289729
classical_07::pitch_shift::-4st,classical_07::pitch_shift::-4st,perturbations/audio/classical_07__A.wav,perturbations/audio/classical_07__pitch_shift__-4st.wav,,H,classical,0.5706410209249825,0.7514085850598073,0.6666666666666666,-4.0,0.7949882213563373,0.5454545454545454,pitch_shift,1.0,1.0,0.0,classical_07,0.0,0.8615455381784729,0.9789918772925186,0.4454196768261542
classical_07::pitch_shift::-2st,classical_07::pitch_shift::-2st,perturbations/audio/classical_07__A.wav,perturbations/audio/classical_07__pitch_shift__-2st.wav,,H,classical,0.3822227502718354,0.5163203465920838,0.3333333333333333,-2.0,0.8255787556696178,0.7272727272727273,pitch_shift,1.0,1.0,0.0,classical_07,1.0,1.0,0.9930272026938994,0.7993344861095244
classical_07::pitch_shift::-1st,classical_07::pitch_shift::-1st,perturbations/audio/classical_07__A.wav,perturbations/audio/classical_07__pitch_shift__-1st.wav,,H,classical,0.5855872535738538,0.6133248584522356,0.8333333333333334,-1.0,0.8893049091911795,0.5454545454545454,pitch_shift,1.0,1.0,0.0,classical_07,1.0,1.0,0.9976389639489374,0.8746942725167053
classical_07::pitch_shift::+1st,classical_07::pitch_shift::+1st,perturbations/audio/classical_07__A.wav,perturbations/audio/classical_07__pitch_shift__+1st.wav,,H,classical,0.5276865141804439,0.6048944237362595,0.8333333333333334,1.0,0.8539443226274971,0.6363636363636364,pitch_shift,1.0,1.0,0.0,classical_07,1.0,1.0,0.9956734564251101,0.8084923216305722
classical_07::pitch_shift::+2st,classical_07::pitch_shift::+2st,perturbations/audio/classical_07__A.wav,perturbations/audio/classical_07__pitch_shift__+2st.wav,,H,classical,0.3220768684422535,0.4979142101844068,0.3333333333333333,2.0,0.7933808782380924,0.2727272727272727,pitch_shift,1.0,0.8133475887610566,0.0,classical_07,1.0,1.0,0.9880053202000704,0.6623290211803116
classical_07::pitch_shift::+4st,classical_07::pitch_shift::+4st,perturbations/audio/classical_07__A.wav,perturbations/audio/classical_07__pitch_shift__+4st.wav,,H,classical,0.6165016810079282,0.7358499361637134,0.6666666666666666,4.0,0.7604595928643525,0.09090909090909091,pitch_shift,1.0,0.8133475887610566,0.0,classical_07,1.0,1.0,0.9629441697841731,0.41991682682403647
classical_07::time_stretch::-20pct,classical_07::time_stretch::-20pct,perturbations/audio/classical_07__A.wav,perturbations/audio/classical_07__time_stretch__-20pct.wav,,R,classical,0.9326258204449094,0.9889551447813436,0.0,-20.0,0.6084428414947372,0.45454545454545453,time_stretch,0.0,0.6266951775221132,14.35546875,classical_07,0.0,0.8615455381784729,0.9976707188887407,0.8383648606174342
classical_07::time_stretch::-10pct,classical_07::time_stretch::-10pct,perturbations/audio/classical_07__A.wav,perturbations/audio/classical_07__time_stretch__-10pct.wav,,R,classical,0.9877525730287284,0.9991334694800371,0.0,-10.0,0.683445614039192,0.2727272727272727,time_stretch,0.0,0.5666065223658278,7.177734375,classical_07,0.0,0.8615455381784729,0.9988229885011549,0.9102782810585629
classical_07::time_stretch::-5pct,classical_07::time_stretch::-5pct,perturbations/audio/classical_07__A.wav,perturbations/audio/classical_07__time_stretch__-5pct.wav,,R,classical,0.9975733790569583,0.9992793501321934,0.0,-5.0,0.7598814459019033,0.5454545454545454,time_stretch,0.0,0.6266951775221132,3.7777549342105203,classical_07,1.0,1.0,0.999403408573663,0.9341041391977501
classical_07::time_stretch::+5pct,classical_07::time_stretch::+5pct,perturbations/audio/classical_07__A.wav,perturbations/audio/classical_07__time_stretch__+5pct.wav,,R,classical,0.9909671238668327,0.9986971229775952,0.0,5.0,0.7390873370814525,0.45454545454545453,time_stretch,0.0,0.5175105162781474,4.222196691176464,classical_07,0.9443019246730155,0.9867460102786043,0.9993316773834408,0.9048677282790056
classical_07::time_stretch::+10pct,classical_07::time_stretch::+10pct,perturbations/audio/classical_07__A.wav,perturbations/audio/classical_07__time_stretch__+10pct.wav,,R,classical,0.9896061236317989,0.9971226402433268,0.0,10.0,0.69399072980372,0.2727272727272727,time_stretch,0.4,0.5175105162781474,6.525213068181813,classical_07,0.9443019246730155,0.9867460102786043,0.9988716681733238,0.8963901092913342
classical_07::time_stretch::+20pct,classical_07::time_stretch::+20pct,perturbations/audio/classical_07__A.wav,perturbations/audio/classical_07__time_stretch__+20pct.wav,,R,classical,0.9797424895585585,0.9946921607535024,0.0,20.0,0.652359623588532,0.2727272727272727,time_stretch,0.2,0.5175105162781474,14.35546875,classical_07,0.8873267057882906,0.9740224959828603,0.9976947614106415,0.8638712581481125
classical_07::lowpass::lp8000,classical_07::lowpass::lp8000,perturbations/audio/classical_07__A.wav,perturbations/audio/classical_07__lowpass__lp8000.wav,,T,classical,0.9999993034001867,0.9999997782387022,0.0,8000.0,0.9999773706009091,1.0,lowpass,1.0,1.0,0.0,classical_07,1.0,1.0,0.999834035588512,0.9466049596889636
classical_07::lowpass::lp4000,classical_07::lowpass::lp4000,perturbations/audio/classical_07__A.wav,perturbations/audio/classical_07__lowpass__lp4000.wav,,T,classical,0.999996950032205,0.9999986904420505,0.0,4000.0,0.9996032439089502,1.0,lowpass,1.0,1.0,0.0,classical_07,0.0,0.8615455381784729,0.9920920208973389,0.046152884475350146
classical_07::distortion::drv4,classical_07::distortion::drv4,perturbations/audio/classical_07__A.wav,perturbations/audio/classical_07__distortion__drv4.wav,,T,classical,0.9990489084717131,0.9997233501795216,0.0,4.0,0.9743291110791966,1.0,distortion,1.0,1.0,0.0,classical_07,1.0,1.0,0.9982010741779754,0.7092913700760276
classical_07::lowpass::lp2000,classical_07::lowpass::lp2000,perturbations/audio/classical_07__A.wav,perturbations/audio/classical_07__lowpass__lp2000.wav,,T,classical,0.9994952241681746,0.999764453011864,0.0,2000.0,0.9835238816401131,1.0,lowpass,0.4444444444444445,0.5666065223658278,0.0,classical_07,0.0,0.8615455381784729,0.9375363354739301,2.95304676345007e-05
classical_07::distortion::drv12,classical_07::distortion::drv12,perturbations/audio/classical_07__A.wav,perturbations/audio/classical_07__distortion__drv12.wav,,T,classical,0.9956963466616516,0.997842327563186,0.0,12.0,0.8889523094651429,1.0,distortion,1.0,0.8133475887610566,0.0,classical_07,0.0,0.8615455381784729,0.9898256309141062,0.40820418363137845
classical_07::distortion::drv32,classical_07::distortion::drv32,perturbations/audio/classical_07__A.wav,perturbations/audio/classical_07__distortion__drv32.wav,,T,classical,0.9872712747394512,0.9916807204744598,0.0,32.0,0.7813890332752511,1.0,distortion,1.0,0.8485729818842953,0.0,classical_07,0.0,0.8615455381784729,0.9761069805771716,0.29525279908161167
classical_07::style_swap::swap_cross,classical_07::style_swap::swap_cross,perturbations/audio/classical_07__A.wav,perturbations/audio/classical_07__style_swap__swap_cross.wav,,S,classical,0.45361847286529355,0.5513711983096783,0.3333333333333333,,0.284820991611907,0.0,style_swap,0.13333333333333333,0.3882255489085519,7.177734375,classical_07,1.0,1.0,0.8804252511236759,0.152027884220996
classical_07::style_swap::swap_same,classical_07::style_swap::swap_same,perturbations/audio/classical_07__A.wav,perturbations/audio/classical_07__style_swap__swap_same.wav,,S,classical,0.7735670790240068,0.8849999471788743,0.6666666666666666,,0.2704468287637657,0.0,style_swap,0.18181818181818182,0.5293296949484161,4.222196691176464,classical_07,0.9465012406947891,0.9864864864864864,0.945284994439693,0.22851256487559116
classical_08::control::ctrl,classical_08::control::ctrl,perturbations/audio/classical_08__A.wav,perturbations/audio/classical_08__control__ctrl.wav,,control,classical,1.0,0.9999999768106177,0.0,0.0,1.0,1.0,control,0.0,0.0,0.0,classical_08,1.0,1.0,0.9999999999189569,1.0
classical_08::pitch_shift::-4st,classical_08::pitch_shift::-4st,perturbations/audio/classical_08__A.wav,perturbations/audio/classical_08__pitch_shift__-4st.wav,,H,classical,0.5722660300068942,0.6482436980804922,0.6666666666666666,-4.0,0.8765681659887846,0.17647058823529413,pitch_shift,0.0,0.0,0.0,classical_08,0.9034781567989639,0.9858912594631796,0.9943244571038677,0.3922413731745982
classical_08::pitch_shift::-2st,classical_08::pitch_shift::-2st,perturbations/audio/classical_08__A.wav,perturbations/audio/classical_08__pitch_shift__-2st.wav,,H,classical,0.5216120411007064,0.591352837249761,0.3333333333333333,-2.0,0.902191107112449,0.6470588235294118,pitch_shift,0.0,0.0,0.0,classical_08,1.0,1.0,0.9986393548841779,0.6574820967259856
classical_08::pitch_shift::-1st,classical_08::pitch_shift::-1st,perturbations/audio/classical_08__A.wav,perturbations/audio/classical_08__pitch_shift__-1st.wav,,H,classical,0.5712216740127032,0.6221494785462245,0.8333333333333334,-1.0,0.900886716090932,0.23529411764705882,pitch_shift,0.0,0.0,0.0,classical_08,1.0,1.0,0.9995117739132069,0.7968932562270435
classical_08::pitch_shift::+1st,classical_08::pitch_shift::+1st,perturbations/audio/classical_08__A.wav,perturbations/audio/classical_08__pitch_shift__+1st.wav,,H,classical,0.5688370559484095,0.6377440810899371,0.8333333333333334,1.0,0.8943097808797884,0.4117647058823529,pitch_shift,0.0,0.0,1.2234774502840935,classical_08,1.0,1.0,0.9991536197819484,0.7775119375079802
classical_08::pitch_shift::+2st,classical_08::pitch_shift::+2st,perturbations/audio/classical_08__A.wav,perturbations/audio/classical_08__pitch_shift__+2st.wav,,H,classical,0.49813282995518043,0.583643527569364,0.3333333333333333,2.0,0.8817262710509186,0.29411764705882354,pitch_shift,0.0,0.0,7.639273835920175,classical_08,0.9070071229635471,0.9884705882352942,0.9972964422785562,0.6331120344289601
classical_08::pitch_shift::+4st,classical_08::pitch_shift::+4st,perturbations/audio/classical_08__A.wav,perturbations/audio/classical_08__pitch_shift__+4st.wav,,H,classical,0.5484857022173327,0.6296021811957354,0.6666666666666666,4.0,0.8092295998624996,0.6470588235294118,pitch_shift,0.0,0.0,7.639273835920175,classical_08,1.0,1.0,0.9916022659421069,0.3823731235576153
classical_08::time_stretch::-20pct,classical_08::time_stretch::-20pct,perturbations/audio/classical_08__A.wav,perturbations/audio/classical_08__time_stretch__-20pct.wav,,R,classical,0.9703952549158865,0.990988654075435,0.0,-20.0,0.6184725361232902,0.4117647058823529,time_stretch,0.0,0.0,10.540728802447553,classical_08,0.7562740221569071,0.9654427645788336,0.9997642588770232,0.776539434614531
classical_08::time_stretch::-10pct,classical_08::time_stretch::-10pct,perturbations/audio/classical_08__A.wav,perturbations/audio/classical_08__time_stretch__-10pct.wav,,R,classical,0.9888253049406884,0.998034730741105,0.0,-10.0,0.7181301656189849,0.47058823529411764,time_stretch,0.0,0.0,17.022294960474312,classical_08,0.826556440563825,0.976948669201521,0.9998989442374517,0.884431800414186
classical_08::time_stretch::-5pct,classical_08::time_stretch::-5pct,perturbations/audio/classical_08__A.wav,perturbations/audio/classical_08__time_stretch__-5pct.wav,,R,classical,0.9891702328189816,0.9987400596034659,0.0,-5.0,0.7467034541939395,0.17647058823529413,time_stretch,0.0,0.0,9.104948467230443,classical_08,1.0,1.0,0.9998313043095604,0.8726325754617087
classical_08::time_stretch::+5pct,classical_08::time_stretch::+5pct,perturbations/audio/classical_08__A.wav,perturbations/audio/classical_08__time_stretch__+5pct.wav,,R,classical,0.9822421332319865,0.9980722121836821,0.0,5.0,0.7451514598279635,0.11764705882352941,time_stretch,0.0,0.0,6.8514737215909065,classical_08,1.0,1.0,0.9998461885714263,0.8821012309053353
classical_08::time_stretch::+10pct,classical_08::time_stretch::+10pct,perturbations/audio/classical_08__A.wav,perturbations/audio/classical_08__time_stretch__+10pct.wav,,R,classical,0.9826805059341466,0.9986660783832629,0.0,10.0,0.720739310383935,0.11764705882352941,time_stretch,0.0,0.0,5.151484001196167,classical_08,0.9070071229635471,0.9884705882352942,0.9998786634464144,0.898684480496219
classical_08::time_stretch::+20pct,classical_08::time_stretch::+20pct,perturbations/audio/classical_08__A.wav,perturbations/audio/classical_08__time_stretch__+20pct.wav,,R,classical,0.9730902261552834,0.9975117226208068,0.0,20.0,0.673597484938826,0.23529411764705882,time_stretch,0.0,0.0,7.830255681818187,classical_08,1.0,1.0,0.9998200752057174,0.8603936383009898
classical_08::lowpass::lp8000,classical_08::lowpass::lp8000,perturbations/audio/classical_08__A.wav,perturbations/audio/classical_08__lowpass__lp8000.wav,,T,classical,0.9999999744666479,0.9999999767292013,0.0,8000.0,0.9999924767587169,1.0,lowpass,0.0,0.0,0.0,classical_08,1.0,1.0,0.9999998486846607,0.741069546766533
classical_08::lowpass::lp4000,classical_08::lowpass::lp4000,perturbations/audio/classical_08__A.wav,perturbations/audio/classical_08__lowpass__lp4000.wav,,T,classical,0.9999998888092481,0.9999999760193649,0.0,4000.0,0.9999568305937877,1.0,lowpass,0.0,0.0,4.645066929892145,classical_08,1.0,1.0,0.9999950968879313,0.030164602287260728
classical_08::lowpass::lp2000,classical_08::lowpass::lp2000,perturbations/audio/classical_08__A.wav,perturbations/audio/classical_08__lowpass__lp2000.wav,,T,classical,0.9999974221405145,0.9999984313034562,0.0,2000.0,0.9999030048912095,1.0,lowpass,0.0,0.0,0.0,classical_08,0.9070071229635471,0.9884705882352942,0.9896678414302001,0.0011859265476598661
classical_08::distortion::drv4,classical_08::distortion::drv4,perturbations/audio/classical_08__A.wav,perturbations/audio/classical_08__distortion__drv4.wav,,T,classical,0.9980658742728785,0.998848165287644,0.0,4.0,0.9649728381013856,0.7647058823529411,distortion,0.0,0.0,25.448330965909093,classical_08,1.0,1.0,0.9935487189942802,0.3654509804764428
classical_08::distortion::drv12,classical_08::distortion::drv12,perturbations/audio/classical_08__A.wav,perturbations/audio/classical_08__distortion__drv12.wav,,T,classical,0.9806306395219794,0.9851577632188357,0.0,12.0,0.8436609855786505,0.6470588235294118,distortion,0.0,0.0,22.372159090909093,classical_08,0.9070071229635471,0.9884705882352942,0.9451996168546225,0.041279335678516944
classical_08::distortion::drv32,classical_08::distortion::drv32,perturbations/audio/classical_08__A.wav,perturbations/audio/classical_08__distortion__drv32.wav,,T,classical,0.9598236352106831,0.968423584067509,0.0,32.0,0.7658793313158366,0.5882352941176471,distortion,0.0,0.0,25.448330965909093,classical_08,1.0,1.0,0.9198358988458255,0.018782523423562063
classical_08::style_swap::swap_cross,classical_08::style_swap::swap_cross,perturbations/audio/classical_08__A.wav,perturbations/audio/classical_08__style_swap__swap_cross.wav,,S,classical,0.6958745719842446,0.816070088134913,0.8333333333333334,,0.29823765957487014,0.058823529411764705,style_swap,0.0,0.0,5.400176332288403,classical_08,0.9070071229635471,0.9884705882352942,0.9496010083212267,0.06747629328033085
classical_08::style_swap::swap_same,classical_08::style_swap::swap_same,perturbations/audio/classical_08__A.wav,perturbations/audio/classical_08__style_swap__swap_same.wav,,S,classical,0.7208350241804545,0.8009470576434322,0.16666666666666666,,0.2946718978647308,0.0,style_swap,0.0,0.0,36.84826203208556,classical_08,0.46279821229988094,0.9575418994413407,0.8154754077541574,0.03864763268139091
classical_09::control::ctrl,classical_09::control::ctrl,perturbations/audio/classical_09__A.wav,perturbations/audio/classical_09__control__ctrl.wav,,control,classical,1.0,0.9999999717297314,0.0,0.0,1.0,1.0,control,1.0,1.0,0.0,classical_09,1.0,1.0,0.9999999998528205,1.0
classical_09::pitch_shift::-4st,classical_09::pitch_shift::-4st,perturbations/audio/classical_09__A.wav,perturbations/audio/classical_09__pitch_shift__-4st.wav,,H,classical,0.58816789023371,0.8091077266635945,0.6666666666666666,-4.0,0.8741720874482677,0.6428571428571429,pitch_shift,1.0,1.0,0.0,classical_09,1.0,1.0,0.9953158602041206,0.5527160042901916
classical_09::pitch_shift::-2st,classical_09::pitch_shift::-2st,perturbations/audio/classical_09__A.wav,perturbations/audio/classical_09__pitch_shift__-2st.wav,,H,classical,0.6371982773263786,0.8560324123616115,0.3333333333333333,-2.0,0.8959126175483247,0.7857142857142857,pitch_shift,1.0,1.0,0.0,classical_09,1.0,1.0,0.9985636090692175,0.7958514002610043
classical_09::pitch_shift::-1st,classical_09::pitch_shift::-1st,perturbations/audio/classical_09__A.wav,perturbations/audio/classical_09__pitch_shift__-1st.wav,,H,classical,0.5298668123314196,0.775830789967292,0.8333333333333334,-1.0,0.921288836959267,0.7857142857142857,pitch_shift,1.0,1.0,0.0,classical_09,1.0,1.0,0.9993980017807967,0.8987168201672302
classical_09::pitch_shift::+1st,classical_09::pitch_shift::+1st,perturbations/audio/classical_09__A.wav,perturbations/audio/classical_09__pitch_shift__+1st.wav,,H,classical,0.5256761058100955,0.769694183520599,0.8333333333333334,1.0,0.8843470179045246,1.0,pitch_shift,1.0,1.0,0.0,classical_09,1.0,1.0,0.9980995436723831,0.8627742407856552
classical_09::pitch_shift::+2st,classical_09::pitch_shift::+2st,perturbations/audio/classical_09__A.wav,perturbations/audio/classical_09__pitch_shift__+2st.wav,,H,classical,0.6585234130949646,0.8434861189039987,0.3333333333333333,2.0,0.8447955082834135,1.0,pitch_shift,1.0,1.0,0.0,classical_09,1.0,1.0,0.9949109209013991,0.7342523005318065
classical_09::pitch_shift::+4st,classical_09::pitch_shift::+4st,perturbations/audio/classical_09__A.wav,perturbations/audio/classical_09__pitch_shift__+4st.wav,,H,classical,0.5888017138575116,0.7927545846172771,0.6666666666666666,4.0,0.831052834636099,0.5714285714285714,pitch_shift,1.0,1.0,0.0,classical_09,1.0,1.0,0.9841367927411109,0.5308677670957291
classical_09::time_stretch::-20pct,classical_09::time_stretch::-20pct,perturbations/audio/classical_09__A.wav,perturbations/audio/classical_09__time_stretch__-20pct.wav,,R,classical,0.9241945275719474,0.9916560427602049,0.0,-20.0,0.6334685472321855,0.5,time_stretch,0.0,0.5175105162781474,14.35546875,classical_09,0.0,0.8429172510518934,0.9993259603137283,0.879370531156459
classical_09::time_stretch::-10pct,classical_09::time_stretch::-10pct,perturbations/audio/classical_09__A.wav,perturbations/audio/classical_09__time_stretch__-10pct.wav,,R,classical,0.9849607422504559,0.9952053871242055,0.0,-10.0,0.7261155750724084,0.7857142857142857,time_stretch,0.0,0.5797279866911283,7.177734375,classical_09,0.0,0.8429172510518934,0.9989621204817474,0.8922963758990149
classical_09::time_stretch::-5pct,classical_09::time_stretch::-5pct,perturbations/audio/classical_09__A.wav,perturbations/audio/classical_09__time_stretch__-5pct.wav,,R,classical,0.9844754047697151,0.9976984565008399,0.0,-5.0,0.768953896001055,0.8571428571428571,time_stretch,0.0,0.5175105162781474,3.7777549342105203,classical_09,0.0,0.8429172510518934,0.9989154839920531,0.9131066591039071
classical_09::time_stretch::+5pct,classical_09::time_stretch::+5pct,perturbations/audio/classical_09__A.wav,perturbations/audio/classical_09__time_stretch__+5pct.wav,,R,classical,0.9888710924072011,0.9989239441478966,0.0,5.0,0.7818626422010235,0.7857142857142857,time_stretch,0.0,0.5175105162781474,4.222196691176464,classical_09,0.948370234543912,0.9862243463592916,0.9992107537844022,0.9327148778126848
classical_09::time_stretch::+10pct,classical_09::time_stretch::+10pct,perturbations/audio/classical_09__A.wav,perturbations/audio/classical_09__time_stretch__+10pct.wav,,R,classical,0.9631448738851267,0.9980301146936896,0.0,10.0,0.7602867339585239,0.8571428571428571,time_stretch,0.16666666666666666,0.5175105162781474,8.97216796875,classical_09,0.948370234543912,0.9862243463592916,0.9989917368701445,0.9186682039143661
classical_09::time_stretch::+20pct,classical_09::time_stretch::+20pct,perturbations/audio/classical_09__A.wav,perturbations/audio/classical_09__time_stretch__+20pct.wav,,R,classical,0.9194267552403562,0.9942244432053216,0.0,20.0,0.7090148905330773,1.0,time_stretch,0.3333333333333333,0.5175105162781474,14.35546875,classical_09,0.8960596975230661,0.9729955456570156,0.9981517978257773,0.8990211118418394
classical_09::lowpass::lp8000,classical_09::lowpass::lp8000,perturbations/audio/classical_09__A.wav,perturbations/audio/classical_09__lowpass__lp8000.wav,,T,classical,0.9999999282267885,0.999999970098053,0.0,8000.0,0.9999798219832791,1.0,lowpass,0.9090909090909091,0.8786717476399575,0.0,classical_09,1.0,1.0,0.9998479407579386,0.9582590561255053
classical_09::lowpass::lp4000,classical_09::lowpass::lp4000,perturbations/audio/classical_09__A.wav,perturbations/audio/classical_09__lowpass__lp4000.wav,,T,classical,0.99999795206779,0.9999992325729194,0.0,4000.0,0.9999097684182164,1.0,lowpass,0.9090909090909091,0.8786717476399575,2.05078125,classical_09,1.0,1.0,0.9901217699626844,0.02056952998354202
classical_09::lowpass::lp2000,classical_09::lowpass::lp2000,perturbations/audio/classical_09__A.wav,perturbations/audio/classical_09__lowpass__lp2000.wav,,T,classical,0.9997122789008965,0.9999243029754108,0.0,2000.0,0.9874122747156318,1.0,lowpass,0.9090909090909091,0.8786717476399575,2.05078125,classical_09,0.0,0.8429172510518934,0.9360826574315007,0.0004629055124561602
classical_09::distortion::drv4,classical_09::distortion::drv4,perturbations/audio/classical_09__A.wav,perturbations/audio/classical_09__distortion__drv4.wav,,T,classical,0.9985989274380495,0.9996553971515634,0.0,4.0,0.9637787750984829,1.0,distortion,1.0,1.0,0.0,classical_09,1.0,1.0,0.9966463452337586,0.7560411537922324
classical_09::distortion::drv12,classical_09::distortion::drv12,perturbations/audio/classical_09__A.wav,perturbations/audio/classical_09__distortion__drv12.wav,,T,classical,0.9927627806365111,0.9966541751589119,0.0,12.0,0.8159648442555698,0.7857142857142857,distortion,0.9090909090909091,0.8786717476399575,0.0,classical_09,1.0,1.0,0.9862982740118239,0.47156590922891345
classical_09::style_swap::swap_cross,classical_09::style_swap::swap_cross,perturbations/audio/classical_09__A.wav,perturbations/audio/classical_09__style_swap__swap_cross.wav,,S,classical,0.7067793103172827,0.8704605092898708,0.6666666666666666,,0.28794524493753304,0.0,style_swap,0.11764705882352942,0.3542887468651077,3.7777549342105203,classical_09,0.902400824355832,0.9719491035280509,0.8144740696740185,0.09056795626009104
classical_09::distortion::drv32,classical_09::distortion::drv32,perturbations/audio/classical_09__A.wav,perturbations/audio/classical_09__distortion__drv32.wav,,T,classical,0.9832314830134489,0.9903816338897747,0.0,32.0,0.7077754784291528,0.7857142857142857,distortion,0.9090909090909091,0.8786717476399575,2.05078125,classical_09,0.0,0.8429172510518934,0.9786103148488282,0.3582625309346538
classical_09::style_swap::swap_same,classical_09::style_swap::swap_same,perturbations/audio/classical_09__A.wav,perturbations/audio/classical_09__style_swap__swap_same.wav,,S,classical,0.6843133069403393,0.8117118868111218,0.16666666666666666,,0.2934437250841172,0.0,style_swap,0.14285714285714288,0.48670586909290575,15.603770380434781,classical_09,0.056415979666152714,0.6135444743935311,0.9686219911868162,0.2202385313542221
classical_10::control::ctrl,classical_10::control::ctrl,perturbations/audio/classical_10__A.wav,perturbations/audio/classical_10__control__ctrl.wav,,control,classical,1.0,0.9999999745647475,0.0,0.0,1.0,1.0,control,1.0,1.0,0.0,classical_10,1.0,1.0,0.999999999851839,1.0
classical_10::pitch_shift::-4st,classical_10::pitch_shift::-4st,perturbations/audio/classical_10__A.wav,perturbations/audio/classical_10__pitch_shift__-4st.wav,,H,classical,0.5962531606611479,0.7159699961341182,0.6666666666666666,-4.0,0.8659942458186053,0.6470588235294118,pitch_shift,1.0,0.842213209336323,0.0,classical_10,1.0,1.0,0.9890354019279446,0.5342884049957465
classical_10::pitch_shift::-2st,classical_10::pitch_shift::-2st,perturbations/audio/classical_10__A.wav,perturbations/audio/classical_10__pitch_shift__-2st.wav,,H,classical,0.5154471806725303,0.6826032053285683,0.3333333333333333,-2.0,0.9105769315903133,0.8823529411764706,pitch_shift,0.9166666666666666,0.9269734454668825,0.0,classical_10,0.9386620002224383,0.965869514743441,0.9951539463377729,0.8081224709510679
classical_10::pitch_shift::-1st,classical_10::pitch_shift::-1st,perturbations/audio/classical_10__A.wav,perturbations/audio/classical_10__pitch_shift__-1st.wav,,H,classical,0.35135043473869654,0.579398968763575,0.8333333333333334,-1.0,0.9371406621712283,0.8823529411764706,pitch_shift,0.9166666666666666,0.9269734454668825,0.0,classical_10,0.9386620002224383,0.965869514743441,0.9983226160972638,0.9070975157962734
classical_10::time_stretch::-20pct,classical_10::time_stretch::-20pct,perturbations/audio/classical_10__A.wav,perturbations/audio/classical_10__time_stretch__-20pct.wav,,R,classical,0.9259192834061951,0.9881411340843813,0.0,-20.0,0.643494155599016,0.7058823529411765,time_stretch,0.19999999999999998,0.3882255489085519,38.4521484375,classical_10,0.1430298447203567,0.6432875019310984,0.9978408467952464,0.8928343500566204
classical_10::pitch_shift::+1st,classical_10::pitch_shift::+1st,perturbations/audio/classical_10__A.wav,perturbations/audio/classical_10__pitch_shift__+1st.wav,,H,classical,0.3455999052811214,0.5774037016828832,0.8333333333333334,1.0,0.9203241485979993,0.8235294117647058,pitch_shift,0.9166666666666666,0.9269734454668825,0.0,classical_10,0.9386620002224383,0.965869514743441,0.998670895290647,0.848937490522635
classical_10::pitch_shift::+2st,classical_10::pitch_shift::+2st,perturbations/audio/classical_10__A.wav,perturbations/audio/classical_10__pitch_shift__+2st.wav,,H,classical,0.5127355754142099,0.6669729363817665,0.3333333333333333,2.0,0.9087457621461621,0.8235294117647058,pitch_shift,0.3,0.4221623509519961,44.045188210227266,classical_10,0.9386620002224383,0.965869514743441,0.9958408148287105,0.7378775134996829
classical_10::pitch_shift::+4st,classical_10::pitch_shift::+4st,perturbations/audio/classical_10__A.wav,perturbations/audio/classical_10__pitch_shift__+4st.wav,,H,classical,0.6323863908547827,0.7172952929360243,0.6666666666666666,4.0,0.8547590557988534,0.5294117647058824,pitch_shift,0.7200000000000001,0.6414060946244595,0.0,classical_10,0.9386620002224383,0.965869514743441,0.9867867681656761,0.4882928890571121
classical_10::time_stretch::-10pct,classical_10::time_stretch::-10pct,perturbations/audio/classical_10__A.wav,perturbations/audio/classical_10__time_stretch__-10pct.wav,,R,classical,0.960295367214153,0.9953750146170889,0.0,-10.0,0.7146610004624281,0.8823529411764706,time_stretch,0.39999999999999997,0.3882255489085519,53.8330078125,classical_10,0.20305445672708247,0.6590506838294449,0.9986816983554552,0.9133160170922238
classical_10::time_stretch::-5pct,classical_10::time_stretch::-5pct,perturbations/audio/classical_10__A.wav,perturbations/audio/classical_10__time_stretch__-5pct.wav,,R,classical,0.9978604348207994,0.998353678277621,0.0,-5.0,0.7668071737445218,0.8823529411764706,time_stretch,0.19999999999999998,0.3882255489085519,49.15187669836956,classical_10,0.11221977253024627,0.6338564680786225,0.9996161192295339,0.9464085907691854
classical_10::time_stretch::+10pct,classical_10::time_stretch::+10pct,perturbations/audio/classical_10__A.wav,perturbations/audio/classical_10__time_stretch__+10pct.wav,,R,classical,0.9752089926636958,0.9956897393126009,0.0,10.0,0.7306085589699054,0.6470588235294118,time_stretch,0.4799999999999999,0.42216235095199617,10.7666015625,classical_10,0.19890531024735278,0.6541659872819174,0.9985188275126726,0.9236738411216846
classical_10::time_stretch::+5pct,classical_10::time_stretch::+5pct,perturbations/audio/classical_10__A.wav,perturbations/audio/classical_10__time_stretch__+5pct.wav,,R,classical,0.9899649965283285,0.9980568237920785,0.0,5.0,0.7721602727655352,0.6470588235294118,time_stretch,0.0,0.3380197595398312,0.0,classical_10,0.899450599211441,0.9440705500116037,0.9995621131272358,0.9510047836095947
classical_10::lowpass::lp4000,classical_10::lowpass::lp4000,perturbations/audio/classical_10__A.wav,perturbations/audio/classical_10__lowpass__lp4000.wav,,T,classical,0.9999906980969897,0.9999941338412226,0.0,4000.0,0.9996174131005704,1.0,lowpass,0.3,0.4083258550341814,38.4521484375,classical_10,0.1955632085898986,0.6495952420287461,0.9821778641685988,0.026270613982972767
classical_10::lowpass::lp2000,classical_10::lowpass::lp2000,perturbations/audio/classical_10__A.wav,perturbations/audio/classical_10__lowpass__lp2000.wav,,T,classical,0.9992100914883666,0.9997772334722151,0.0,2000.0,0.9918535159149996,1.0,lowpass,0.3,0.3882255489085519,38.4521484375,classical_10,0.20305445672708247,0.6590506838294449,0.9129725224301595,0.00046718753722113567
classical_10::time_stretch::+20pct,classical_10::time_stretch::+20pct,perturbations/audio/classical_10__A.wav,perturbations/audio/classical_10__time_stretch__+20pct.wav,,R,classical,0.9400400568792285,0.99169072457785,0.0,20.0,0.6440605900387704,0.6470588235294118,time_stretch,0.4444444444444444,0.3882255489085519,23.0712890625,classical_10,0.8294685814671048,0.903896103896104,0.9970688706905176,0.8902310373879132
classical_10::lowpass::lp8000,classical_10::lowpass::lp8000,perturbations/audio/classical_10__A.wav,perturbations/audio/classical_10__lowpass__lp8000.wav,,T,classical,0.9999998769879033,0.999999971769686,0.0,8000.0,0.9998575192199226,1.0,lowpass,1.0,1.0,0.0,classical_10,1.0,1.0,0.9994935284113743,0.92182383400242
classical_10::distortion::drv12,classical_10::distortion::drv12,perturbations/audio/classical_10__A.wav,perturbations/audio/classical_10__distortion__drv12.wav,,T,classical,0.9904088776302175,0.9946584279136915,0.0,12.0,0.8312316236992158,0.8823529411764706,distortion,0.19999999999999998,0.4083258550341814,38.4521484375,classical_10,0.1955632085898986,0.6495952420287461,0.9727471212662357,0.275469812417102
classical_10::distortion::drv4,classical_10::distortion::drv4,perturbations/audio/classical_10__A.wav,perturbations/audio/classical_10__distortion__drv4.wav,,T,classical,0.9986078690283864,0.9994993973239067,0.0,4.0,0.9572536284907133,0.8823529411764706,distortion,0.3,0.4083258550341814,38.4521484375,classical_10,0.7969316041387001,0.8872424172262098,0.9913532986506571,0.5051000527946726
classical_10::distortion::drv32,classical_10::distortion::drv32,perturbations/audio/classical_10__A.wav,perturbations/audio/classical_10__distortion__drv32.wav,,T,classical,0.9776377995305718,0.9861083621337885,0.0,32.0,0.7445898327849805,0.8823529411764706,distortion,0.3,0.3882255489085518,38.4521484375,classical_10,0.032548114970785774,0.634056863344543,0.9575670674804536,0.18319015546466091
classical_11::control::ctrl,classical_11::control::ctrl,perturbations/audio/classical_11__A.wav,perturbations/audio/classical_11__control__ctrl.wav,,control,classical,1.0,0.99999997527215,0.0,0.0,1.0,1.0,control,1.0,1.0,0.0,classical_11,1.0,1.0,0.9999999998862954,1.0
classical_10::style_swap::swap_cross,classical_10::style_swap::swap_cross,perturbations/audio/classical_10__A.wav,perturbations/audio/classical_10__style_swap__swap_cross.wav,,S,classical,0.6681203428422423,0.6409468563131665,0.3333333333333333,,0.3095365626640404,0.0,style_swap,0.2727272727272727,0.3882255489085519,32.2998046875,classical_10,0.23716869496323853,0.6726572528883183,0.914778821590921,0.1747056902534717
classical_11::pitch_shift::-4st,classical_11::pitch_shift::-4st,perturbations/audio/classical_11__A.wav,perturbations/audio/classical_11__pitch_shift__-4st.wav,,H,classical,0.6197822774265224,0.6417835550067774,0.6666666666666666,-4.0,0.8207786890303832,0.7692307692307693,pitch_shift,0.6666666666666666,0.7109136898045276,4.681131114130437,classical_11,1.0,1.0,0.9978810935524394,0.35349617689827356
classical_11::pitch_shift::-2st,classical_11::pitch_shift::-2st,perturbations/audio/classical_11__A.wav,perturbations/audio/classical_11__pitch_shift__-2st.wav,,H,classical,0.6490470991047405,0.6603589734878329,0.3333333333333333,-2.0,0.8739103744170399,0.6923076923076923,pitch_shift,1.0,1.0,0.0,classical_11,1.0,1.0,0.9991393623257538,0.8362208508600246
classical_10::style_swap::swap_same,classical_10::style_swap::swap_same,perturbations/audio/classical_10__A.wav,perturbations/audio/classical_10__style_swap__swap_same.wav,,S,classical,0.6412711790090636,0.9009313669041181,0.0,,0.2611556831450442,0.0,style_swap,0.23529411764705885,0.3882255489085518,17.9443359375,classical_10,0.22529625400640568,0.6671856753600622,0.9345241668884651,0.2775657285139235
classical_11::pitch_shift::-1st,classical_11::pitch_shift::-1st,perturbations/audio/classical_11__A.wav,perturbations/audio/classical_11__pitch_shift__-1st.wav,,H,classical,0.5977060028366467,0.6109703070361419,0.8333333333333334,-1.0,0.8944932901365268,0.6923076923076923,pitch_shift,0.888888888888889,0.8279198981003485,4.681131114130437,classical_11,1.0,1.0,0.9990505011898295,0.8996387143601601
classical_11::pitch_shift::+1st,classical_11::pitch_shift::+1st,perturbations/audio/classical_11__A.wav,perturbations/audio/classical_11__pitch_shift__+1st.wav,,H,classical,0.6007900522287584,0.6140366423809286,0.8333333333333334,1.0,0.9247644464398863,1.0,pitch_shift,0.9411764705882353,0.8985423860130417,0.0,classical_11,1.0,1.0,0.9977952286583925,0.8734654961192186
classical_11::pitch_shift::+2st,classical_11::pitch_shift::+2st,perturbations/audio/classical_11__A.wav,perturbations/audio/classical_11__pitch_shift__+2st.wav,,H,classical,0.6730022595816335,0.7253037567902636,0.16666666666666666,2.0,0.8945296594960697,0.7692307692307693,pitch_shift,0.888888888888889,0.8279198981003485,0.0,classical_11,1.0,1.0,0.9961681153077354,0.7965232125351487
classical_11::pitch_shift::+4st,classical_11::pitch_shift::+4st,perturbations/audio/classical_11__A.wav,perturbations/audio/classical_11__pitch_shift__+4st.wav,,H,classical,0.6040758594876016,0.6992923444079211,0.6666666666666666,4.0,0.8648438786003716,0.6153846153846154,pitch_shift,0.9411764705882353,0.8985423860130417,0.0,classical_11,1.0,1.0,0.994144685460592,0.6204710715861738
classical_11::time_stretch::-10pct,classical_11::time_stretch::-10pct,perturbations/audio/classical_11__A.wav,perturbations/audio/classical_11__time_stretch__-10pct.wav,,R,classical,0.9823865008708281,0.9991674057344851,0.0,-10.0,0.689236249133514,0.6153846153846154,time_stretch,0.25,0.4400427662831699,12.963132316053517,classical_11,0.2182806823964875,0.6432330827067669,0.9990149748184143,0.8771744547774135
classical_11::time_stretch::-5pct,classical_11::time_stretch::-5pct,perturbations/audio/classical_11__A.wav,perturbations/audio/classical_11__time_stretch__-5pct.wav,,R,classical,0.9886770360693907,0.9981688539867833,0.0,-5.0,0.7414043647540601,0.7692307692307693,time_stretch,0.35294117647058826,0.4400427662831699,8.987771739130437,classical_11,0.7623158499424745,0.8868095381829157,0.9990591652486257,0.896113019611585
classical_11::time_stretch::-20pct,classical_11::time_stretch::-20pct,perturbations/audio/classical_11__A.wav,perturbations/audio/classical_11__time_stretch__-20pct.wav,,R,classical,0.9360657402479773,0.9956777693643384,0.0,-20.0,0.5999471772667242,0.6923076923076923,time_stretch,0.26666666666666666,0.47600043459443236,23.244237256371818,classical_11,0.0,0.6637872857335673,0.9980552440493907,0.27161755140009697
classical_11::time_stretch::+5pct,classical_11::time_stretch::+5pct,perturbations/audio/classical_11__A.wav,perturbations/audio/classical_11__time_stretch__+5pct.wav,,R,classical,0.9905138818074861,0.9991415357783355,0.0,5.0,0.7610456833514676,0.5384615384615384,time_stretch,0.11764705882352941,0.48670586909290575,5.1066884881422965,classical_11,1.0,1.0,0.9983958718061854,0.9009528356061278
classical_11::time_stretch::+10pct,classical_11::time_stretch::+10pct,perturbations/audio/classical_11__A.wav,perturbations/audio/classical_11__time_stretch__+10pct.wav,,R,classical,0.9814839548975896,0.9986760959375391,0.0,10.0,0.7005041974251837,0.07692307692307693,time_stretch,0.0,0.3799541111268844,10.699728260869563,classical_11,1.0,1.0,0.997691487449875,0.8834340236179463
classical_11::time_stretch::+20pct,classical_11::time_stretch::+20pct,perturbations/audio/classical_11__A.wav,perturbations/audio/classical_11__time_stretch__+20pct.wav,,R,classical,0.9482921647570441,0.994123641400401,0.0,20.0,0.5933075941117871,0.7692307692307693,time_stretch,0.5,0.3619668402456946,23.652030892448522,classical_11,0.8062162563241901,0.9024086378737541,0.9971808566551628,0.8731380814917606
classical_11::lowpass::lp8000,classical_11::lowpass::lp8000,perturbations/audio/classical_11__A.wav,perturbations/audio/classical_11__lowpass__lp8000.wav,,T,classical,0.9999999499889813,0.9999999749643291,0.0,8000.0,0.9999920580246042,1.0,lowpass,1.0,1.0,0.0,classical_11,1.0,1.0,0.9999999640640669,0.9975982189513837
classical_11::lowpass::lp4000,classical_11::lowpass::lp4000,perturbations/audio/classical_11__A.wav,perturbations/audio/classical_11__lowpass__lp4000.wav,,T,classical,0.9999997556830991,0.9999999677947736,0.0,4000.0,0.9999645530057237,1.0,lowpass,1.0,1.0,0.0,classical_11,1.0,1.0,0.9994284157917356,0.02038673977929837
classical_11::distortion::drv4,classical_11::distortion::drv4,perturbations/audio/classical_11__A.wav,perturbations/audio/classical_11__distortion__drv4.wav,,T,classical,0.9997996843794766,0.9999495848620199,0.0,4.0,0.9902788355950185,1.0,distortion,0.9411764705882353,0.9060656183380302,0.0,classical_11,1.0,1.0,0.9990916430206285,0.9193623989284468
classical_11::lowpass::lp2000,classical_11::lowpass::lp2000,perturbations/audio/classical_11__A.wav,perturbations/audio/classical_11__lowpass__lp2000.wav,,T,classical,0.9999874481608608,0.999995285812668,0.0,2000.0,0.9997280642170447,1.0,lowpass,0.6666666666666666,0.7109136898045276,4.681131114130437,classical_11,0.0,0.6637872857335673,0.9844138956510021,0.0011052493179473065
classical_11::distortion::drv12,classical_11::distortion::drv12,perturbations/audio/classical_11__A.wav,perturbations/audio/classical_11__distortion__drv12.wav,,T,classical,0.9967912274145319,0.9986739907841024,0.0,12.0,0.9277329836420355,1.0,distortion,0.888888888888889,0.8279198981003485,0.0,classical_11,1.0,1.0,0.9891134017056914,0.5379964397056746
classical_11::distortion::drv32,classical_11::distortion::drv32,perturbations/audio/classical_11__A.wav,perturbations/audio/classical_11__distortion__drv32.wav,,T,classical,0.9869930764119248,0.9929144045028651,0.0,32.0,0.8355887009615605,0.9230769230769231,distortion,0.888888888888889,0.8279198981003485,0.0,classical_11,-0.004513661438849725,0.6537482319660538,0.9669209303411193,0.26628328641915017
classical_11::style_swap::swap_cross,classical_11::style_swap::swap_cross,perturbations/audio/classical_11__A.wav,perturbations/audio/classical_11__style_swap__swap_cross.wav,,S,classical,0.8011190434396841,0.8899875306430175,0.0,,0.2894492530978253,0.15384615384615385,style_swap,0.3,0.39307557545218513,36.34760629795397,classical_11,0.005680605443380029,0.6250387356678029,0.924842038265906,0.1791763952354945
classical_11::style_swap::swap_same,classical_11::style_swap::swap_same,perturbations/audio/classical_11__A.wav,perturbations/audio/classical_11__style_swap__swap_same.wav,,S,classical,0.7200945735151459,0.7546929162070214,0.6666666666666666,,0.3119984494536294,0.0,style_swap,0.0,0.0,10.699728260869563,classical_11,0.0,0.6637872857335673,0.9364192052933731,0.18915736087604051
classical_12::control::ctrl,classical_12::control::ctrl,perturbations/audio/classical_12__A.wav,perturbations/audio/classical_12__control__ctrl.wav,,control,classical,1.0,0.9999999778293669,0.0,0.0,1.0,1.0,control,1.0,1.0,0.0,classical_12,1.0,1.0,0.9999999998882153,1.0
classical_12::pitch_shift::-4st,classical_12::pitch_shift::-4st,perturbations/audio/classical_12__A.wav,perturbations/audio/classical_12__pitch_shift__-4st.wav,,H,classical,0.5916492651504973,0.6919077067273345,0.6666666666666666,-4.0,0.8885360257477741,0.1111111111111111,pitch_shift,0.4210526315789474,0.39307557545218513,20.266544117647072,classical_12,0.8426661742103823,0.9891520920965243,0.9949108993339829,0.4961668257490532
classical_12::pitch_shift::-2st,classical_12::pitch_shift::-2st,perturbations/audio/classical_12__A.wav,perturbations/audio/classical_12__pitch_shift__-2st.wav,,H,classical,0.7010574824310356,0.6988661350669986,0.3333333333333333,-2.0,0.8960821596319158,0.1111111111111111,pitch_shift,0.4444444444444444,0.3930755754521852,14.709588472485791,classical_12,1.0,1.0,0.9977077253273102,0.7272798844020542
classical_12::pitch_shift::+1st,classical_12::pitch_shift::+1st,perturbations/audio/classical_12__A.wav,perturbations/audio/classical_12__pitch_shift__+1st.wav,,H,classical,0.7298534041806083,0.7417169806558129,0.8333333333333334,1.0,0.8841754114763863,0.0,pitch_shift,0.3333333333333333,0.3619668402456946,14.709588472485791,classical_12,1.0,1.0,0.9975812630407055,0.8419815049119664
classical_12::pitch_shift::-1st,classical_12::pitch_shift::-1st,perturbations/audio/classical_12__A.wav,perturbations/audio/classical_12__pitch_shift__-1st.wav,,H,classical,0.8382093360416457,0.8006546671729846,0.8333333333333334,-1.0,0.9124064048303662,0.1111111111111111,pitch_shift,0.5555555555555556,0.4359261083664218,14.709588472485791,classical_12,1.0,1.0,0.998440471462842,0.8455653045560952
classical_12::pitch_shift::+2st,classical_12::pitch_shift::+2st,perturbations/audio/classical_12__A.wav,perturbations/audio/classical_12__pitch_shift__+2st.wav,,H,classical,0.7653448886778925,0.707958141094523,0.3333333333333333,2.0,0.8819620857459909,0.1111111111111111,pitch_shift,0.4210526315789474,0.3619668402456946,20.266544117647072,classical_12,1.0,1.0,0.9962273428609997,0.7477433459500341
classical_12::pitch_shift::+4st,classical_12::pitch_shift::+4st,perturbations/audio/classical_12__A.wav,perturbations/audio/classical_12__pitch_shift__+4st.wav,,H,classical,0.5754468968617044,0.666084732194348,0.6666666666666666,4.0,0.8497814837551063,0.0,pitch_shift,0.4444444444444444,0.39307557545218513,9.499942555147072,classical_12,1.0,1.0,0.9893355679665999,0.5187966624533942
classical_12::time_stretch::-20pct,classical_12::time_stretch::-20pct,perturbations/audio/classical_12__A.wav,perturbations/audio/classical_12__time_stretch__-20pct.wav,,R,classical,0.9803609405671367,0.9855755445091687,0.0,-20.0,0.6600190302411466,0.2222222222222222,time_stretch,0.2105263157894737,0.330858105039204,46.76894796380091,classical_12,0.8420166283229545,0.9886610373944511,0.9979940486202576,0.8064700106125642
classical_12::time_stretch::-10pct,classical_12::time_stretch::-10pct,perturbations/audio/classical_12__A.wav,perturbations/audio/classical_12__time_stretch__-10pct.wav,,R,classical,0.9862047832042149,0.9949100532829362,0.0,-10.0,0.6742322785257338,0.1111111111111111,time_stretch,0.2222222222222222,0.4241843106586756,0.0,classical_12,0.8426661742103823,0.9891520920965243,0.9987906289951844,0.8800455515572523
classical_12::time_stretch::-5pct,classical_12::time_stretch::-5pct,perturbations/audio/classical_12__A.wav,perturbations/audio/classical_12__time_stretch__-5pct.wav,,R,classical,0.9824799578549034,0.9925865903755793,0.0,-5.0,0.7422499087679831,0.2222222222222222,time_stretch,0.0,0.39307557545218513,9.499942555147072,classical_12,0.8426661742103823,0.9891520920965243,0.9988298672984037,0.873555503299094
classical_12::time_stretch::+5pct,classical_12::time_stretch::+5pct,perturbations/audio/classical_12__A.wav,perturbations/audio/classical_12__time_stretch__+5pct.wav,,R,classical,0.9809419862932028,0.9955330496937137,0.0,5.0,0.7318561646046147,0.0,time_stretch,0.45454545454545453,0.3619668402456946,22.799862132352928,classical_12,1.0,1.0,0.9986702872846764,0.8653739238106148
classical_12::time_stretch::+10pct,classical_12::time_stretch::+10pct,perturbations/audio/classical_12__A.wav,perturbations/audio/classical_12__time_stretch__+10pct.wav,,R,classical,0.9837368193671023,0.9970408304488008,0.0,10.0,0.7152692811370351,0.0,time_stretch,0.3157894736842105,0.39307557545218513,32.57123161764707,classical_12,0.5558321695306332,0.9566704675028507,0.9986524651707827,0.9024215144542809
classical_12::time_stretch::+20pct,classical_12::time_stretch::+20pct,perturbations/audio/classical_12__A.wav,perturbations/audio/classical_12__time_stretch__+20pct.wav,,R,classical,0.9828172685903728,0.9954726880699294,0.0,20.0,0.6566334139548058,0.1111111111111111,time_stretch,0.3157894736842105,0.39307557545218513,46.76894796380091,classical_12,0.5558321695306332,0.9566704675028507,0.9985464582565587,0.8741569409307917
classical_12::lowpass::lp8000,classical_12::lowpass::lp8000,perturbations/audio/classical_12__A.wav,perturbations/audio/classical_12__lowpass__lp8000.wav,,T,classical,0.9972084462908145,0.9982167629905998,0.0,8000.0,0.9755663466878839,0.2222222222222222,lowpass,1.0,0.7781221956378179,0.0,classical_12,0.6306479934900852,0.967479674796748,0.999839224918686,0.911683986393706
classical_12::lowpass::lp4000,classical_12::lowpass::lp4000,perturbations/audio/classical_12__A.wav,perturbations/audio/classical_12__lowpass__lp4000.wav,,T,classical,0.9999990042397896,0.9999992708796503,0.0,4000.0,0.9991355511577167,1.0,lowpass,0.25,0.330858105039204,28.952205882352928,classical_12,1.0,1.0,0.9893161393931618,0.001140162650005984
classical_12::lowpass::lp2000,classical_12::lowpass::lp2000,perturbations/audio/classical_12__A.wav,perturbations/audio/classical_12__lowpass__lp2000.wav,,T,classical,0.9970020638722644,0.9980913095373938,0.0,2000.0,0.9965666877992345,0.5555555555555556,lowpass,0.125,0.330858105039204,46.53033088235293,classical_12,0.0,0.9697158913518577,0.9032234010882666,0.00012084844485696202
classical_12::distortion::drv4,classical_12::distortion::drv4,perturbations/audio/classical_12__A.wav,perturbations/audio/classical_12__distortion__drv4.wav,,T,classical,0.9987197478335047,0.9992579004409418,0.0,4.0,0.9832836101643186,0.3333333333333333,distortion,1.0,0.760959459018414,0.0,classical_12,0.6306479934900852,0.967479674796748,0.999911974049219,0.9657125079182282
classical_12::distortion::drv12,classical_12::distortion::drv12,perturbations/audio/classical_12__A.wav,perturbations/audio/classical_12__distortion__drv12.wav,,T,classical,0.9958974109318426,0.9972245900620952,0.0,12.0,0.9740427315039509,0.7777777777777778,distortion,0.0,0.5098853764871493,8.444393382352928,classical_12,0.6306479934900852,0.967479674796748,0.9980322289091842,0.6768412775237423
classical_12::distortion::drv32,classical_12::distortion::drv32,perturbations/audio/classical_12__A.wav,perturbations/audio/classical_12__distortion__drv32.wav,,T,classical,0.988334048065305,0.9903600263510058,0.0,32.0,0.915830795138662,0.5555555555555556,distortion,1.0,0.8057224489700585,8.444393382352928,classical_12,0.8418450419661958,0.9885312615612283,0.9916266060096623,0.3945255507358862
classical_12::style_swap::swap_same,classical_12::style_swap::swap_same,perturbations/audio/classical_12__A.wav,perturbations/audio/classical_12__style_swap__swap_same.wav,,S,classical,0.4313830904021295,0.600576693745342,0.5,,0.27526622831005854,0.0,style_swap,0.375,0.3619668402456945,8.444393382352928,classical_12,0.841117971059842,0.987981093855503,0.9728186543974963,0.21750086200220672
classical_13::control::ctrl,classical_13::control::ctrl,perturbations/audio/classical_13__A.wav,perturbations/audio/classical_13__control__ctrl.wav,,control,classical,1.0,0.9999999779291382,0.0,0.0,1.0,1.0,control,0.0,0.0,0.0,classical_13,1.0,1.0,0.9999999998571998,1.0
classical_12::style_swap::swap_cross,classical_12::style_swap::swap_cross,perturbations/audio/classical_12__A.wav,perturbations/audio/classical_12__style_swap__swap_cross.wav,,S,classical,0.8770030506509322,0.9589070669899646,0.0,,0.2633861138555069,0.0,style_swap,0.34782608695652173,0.3882255489085518,32.57123161764707,classical_12,0.09937986575648942,0.655081001472754,0.918353789290448,0.163517228806871
classical_13::pitch_shift::-4st,classical_13::pitch_shift::-4st,perturbations/audio/classical_13__A.wav,perturbations/audio/classical_13__pitch_shift__-4st.wav,,H,classical,0.7425727567905777,0.8131477589977628,0.5,-4.0,0.6570030247528023,0.4,pitch_shift,0.0,0.0,0.0,classical_13,1.0,1.0,0.9948562078612313,0.4674595111126195
classical_13::pitch_shift::-2st,classical_13::pitch_shift::-2st,perturbations/audio/classical_13__A.wav,perturbations/audio/classical_13__pitch_shift__-2st.wav,,H,classical,0.7032532374164707,0.8429743551523671,0.16666666666666666,-2.0,0.7708175294780917,0.6,pitch_shift,0.0,0.0,0.0,classical_13,1.0,1.0,0.9979088920739307,0.7032407873054528
classical_13::pitch_shift::-1st,classical_13::pitch_shift::-1st,perturbations/audio/classical_13__A.wav,perturbations/audio/classical_13__pitch_shift__-1st.wav,,H,classical,0.6838193858007383,0.8081400864152314,0.5,-1.0,0.8252631094682994,0.4,pitch_shift,0.0,0.0,0.0,classical_13,1.0,1.0,0.99768865095156,0.8215922983731114
classical_13::pitch_shift::+1st,classical_13::pitch_shift::+1st,perturbations/audio/classical_13__A.wav,perturbations/audio/classical_13__pitch_shift__+1st.wav,,H,classical,0.693828903313208,0.8335372317646146,0.6666666666666666,1.0,0.8413914404950109,0.6,pitch_shift,0.0,0.0,3.076171875,classical_13,1.0,1.0,0.9977961620591537,0.8209169440100078
classical_13::pitch_shift::+2st,classical_13::pitch_shift::+2st,perturbations/audio/classical_13__A.wav,perturbations/audio/classical_13__pitch_shift__+2st.wav,,H,classical,0.6840674041510225,0.8621087605373614,0.5,2.0,0.791398924916255,0.4,pitch_shift,0.0,0.0,1.500571646341463,classical_13,1.0,1.0,0.9973341483630964,0.6556199962926451
classical_13::pitch_shift::+4st,classical_13::pitch_shift::+4st,perturbations/audio/classical_13__A.wav,perturbations/audio/classical_13__pitch_shift__+4st.wav,,H,classical,0.7867560677048293,0.8524970998879243,0.8333333333333334,4.0,0.6854323763977148,0.6,pitch_shift,0.0,0.0,1.500571646341463,classical_13,1.0,1.0,0.9942611489372322,0.45624582646487566
classical_13::time_stretch::-20pct,classical_13::time_stretch::-20pct,perturbations/audio/classical_13__A.wav,perturbations/audio/classical_13__time_stretch__-20pct.wav,,R,classical,0.9713141421564792,0.9806043418848052,0.3333333333333333,-20.0,0.5243095211746749,0.4,time_stretch,0.0,0.0,9.84375,classical_13,1.0,1.0,0.9987814528224237,0.7654453092224814
classical_13::time_stretch::-10pct,classical_13::time_stretch::-10pct,perturbations/audio/classical_13__A.wav,perturbations/audio/classical_13__time_stretch__-10pct.wav,,R,classical,0.9929432938237684,0.9991634895254345,0.16666666666666666,-10.0,0.6203418955096182,0.4,time_stretch,0.0,0.0,6.47615131578948,classical_13,1.0,1.0,0.998954885898472,0.8375835365878211
classical_13::time_stretch::-5pct,classical_13::time_stretch::-5pct,perturbations/audio/classical_13__A.wav,perturbations/audio/classical_13__time_stretch__-5pct.wav,,R,classical,0.9909207915175967,0.994877466372263,0.3333333333333333,-5.0,0.654313470355679,0.4,time_stretch,0.0,0.0,2.796519886363633,classical_13,1.0,1.0,0.9983851999868503,0.8610334065021213
classical_13::time_stretch::+5pct,classical_13::time_stretch::+5pct,perturbations/audio/classical_13__A.wav,perturbations/audio/classical_13__time_stretch__+5pct.wav,,R,classical,0.9957991867775835,0.9989011124266632,0.0,5.0,0.6627585564139988,0.4,time_stretch,0.0,0.0,3.076171875,classical_13,1.0,1.0,0.9976936396748357,0.8933492279590071
classical_13::time_stretch::+10pct,classical_13::time_stretch::+10pct,perturbations/audio/classical_13__A.wav,perturbations/audio/classical_13__time_stretch__+10pct.wav,,R,classical,0.9884783765899097,0.9964344656351928,0.16666666666666666,10.0,0.6108097987958314,0.4,time_stretch,0.0,0.0,8.313978040540547,classical_13,1.0,1.0,0.9977679620075323,0.871179718768265
classical_13::time_stretch::+20pct,classical_13::time_stretch::+20pct,perturbations/audio/classical_13__A.wav,perturbations/audio/classical_13__time_stretch__+20pct.wav,,R,classical,0.987147166413228,0.9961027233098242,0.16666666666666666,20.0,0.5773086971051999,0.6,time_stretch,0.0,0.0,14.476102941176464,classical_13,1.0,1.0,0.9967561003348471,0.8339021392200957
classical_13::lowpass::lp8000,classical_13::lowpass::lp8000,perturbations/audio/classical_13__A.wav,perturbations/audio/classical_13__lowpass__lp8000.wav,,T,classical,0.9999999503465719,0.9999999773378989,0.0,8000.0,0.999967109647126,1.0,lowpass,0.0,0.0,0.0,classical_13,1.0,1.0,0.9985014930406881,0.8096009155173299
classical_13::lowpass::lp4000,classical_13::lowpass::lp4000,perturbations/audio/classical_13__A.wav,perturbations/audio/classical_13__lowpass__lp4000.wav,,T,classical,0.9999609637772212,0.9999879953227263,0.5,4000.0,0.9999107379031726,1.0,lowpass,0.0,0.0,0.0,classical_13,1.0,1.0,0.9926402300226771,0.012460395596721564
classical_13::lowpass::lp2000,classical_13::lowpass::lp2000,perturbations/audio/classical_13__A.wav,perturbations/audio/classical_13__lowpass__lp2000.wav,,T,classical,0.9998194568917803,0.9999574256626901,0.5,2000.0,0.9964651769742588,1.0,lowpass,0.0,0.0,0.0,classical_13,1.0,1.0,0.9437827196249153,0.0002985518784913971
classical_13::distortion::drv4,classical_13::distortion::drv4,perturbations/audio/classical_13__A.wav,perturbations/audio/classical_13__distortion__drv4.wav,,T,classical,0.9999906232203633,0.9999995277193404,0.0,4.0,0.999789924937472,1.0,distortion,0.0,0.0,0.0,classical_13,1.0,1.0,0.999997809960826,0.9973013194976879
classical_13::distortion::drv12,classical_13::distortion::drv12,perturbations/audio/classical_13__A.wav,perturbations/audio/classical_13__distortion__drv12.wav,,T,classical,0.9998276936592303,0.9999887836167133,0.0,12.0,0.9956079191103435,1.0,distortion,0.0,0.0,0.0,classical_13,1.0,1.0,0.9999391260607593,0.9566167152233077
classical_13::distortion::drv32,classical_13::distortion::drv32,perturbations/audio/classical_13__A.wav,perturbations/audio/classical_13__distortion__drv32.wav,,T,classical,0.9995552532615208,0.99994207219064,0.0,32.0,0.980493912355304,1.0,distortion,0.0,0.0,3.076171875,classical_13,1.0,1.0,0.9996080828500452,0.8046388718935535
classical_13::style_swap::swap_cross,classical_13::style_swap::swap_cross,perturbations/audio/classical_13__A.wav,perturbations/audio/classical_13__style_swap__swap_cross.wav,,S,classical,0.8436896068442507,0.9242559450867495,0.16666666666666666,,0.2668302942357764,0.0,style_swap,0.0,0.0,7.6904296875,classical_13,0.0,0.8710229216558331,0.8161133692118806,0.155984010393602
classical_13::style_swap::swap_same,classical_13::style_swap::swap_same,perturbations/audio/classical_13__A.wav,perturbations/audio/classical_13__style_swap__swap_same.wav,,S,classical,0.7004287171862769,0.8635191104965867,0.6666666666666666,,0.2749165084974692,0.2,style_swap,0.0,0.0,16.779119318181813,classical_13,0.0,0.9395886889460154,0.9561340358715746,0.06957912727905946
classical_14::control::ctrl,classical_14::control::ctrl,perturbations/audio/classical_14__A.wav,perturbations/audio/classical_14__control__ctrl.wav,,control,classical,1.0,0.9999999741197674,0.0,0.0,1.0,1.0,control,1.0,1.0,0.0,classical_14,1.0,1.0,0.9999999999163495,1.0
classical_14::pitch_shift::-4st,classical_14::pitch_shift::-4st,perturbations/audio/classical_14__A.wav,perturbations/audio/classical_14__pitch_shift__-4st.wav,,H,classical,0.5006069818659088,0.6831796202311667,0.6666666666666666,-4.0,0.8183336737031579,1.0,pitch_shift,0.3,0.30885980613477204,61.5234375,classical_14,1.0,1.0,0.9961647594367868,0.38702716463731324
classical_14::pitch_shift::-2st,classical_14::pitch_shift::-2st,perturbations/audio/classical_14__A.wav,perturbations/audio/classical_14__pitch_shift__-2st.wav,,H,classical,0.667017104604604,0.8228857848812406,0.3333333333333333,-2.0,0.8348249924212978,1.0,pitch_shift,0.3,0.30885980613477204,61.5234375,classical_14,1.0,1.0,0.9986805399849198,0.6297237905843532
classical_14::pitch_shift::-1st,classical_14::pitch_shift::-1st,perturbations/audio/classical_14__A.wav,perturbations/audio/classical_14__pitch_shift__-1st.wav,,H,classical,0.44206503158480503,0.6643943597738188,0.8333333333333334,-1.0,0.8589041552308156,0.625,pitch_shift,0.3,0.33219135753963996,61.5234375,classical_14,1.0,1.0,0.999259718302136,0.7918926229086704
classical_14::pitch_shift::+1st,classical_14::pitch_shift::+1st,perturbations/audio/classical_14__A.wav,perturbations/audio/classical_14__pitch_shift__+1st.wav,,H,classical,0.43624745215779337,0.6831360310293083,0.8333333333333334,1.0,0.8463137271934372,1.0,pitch_shift,0.3,0.33219135753963996,61.5234375,classical_14,1.0,1.0,0.9995275282762894,0.8850954011957977
classical_14::pitch_shift::+2st,classical_14::pitch_shift::+2st,perturbations/audio/classical_14__A.wav,perturbations/audio/classical_14__pitch_shift__+2st.wav,,H,classical,0.6445024544677901,0.8214978356520686,0.3333333333333333,2.0,0.7988534861911376,1.0,pitch_shift,0.3,0.30885980613477204,61.5234375,classical_14,1.0,1.0,0.9983110966648191,0.7085879240328827
classical_14::pitch_shift::+4st,classical_14::pitch_shift::+4st,perturbations/audio/classical_14__A.wav,perturbations/audio/classical_14__pitch_shift__+4st.wav,,H,classical,0.4952309609862024,0.6969364239202642,0.6666666666666666,4.0,0.7485969354971902,0.5,pitch_shift,0.3,0.33219135753963996,61.5234375,classical_14,1.0,1.0,0.9922296207462846,0.37011512046415274
classical_14::time_stretch::-20pct,classical_14::time_stretch::-20pct,perturbations/audio/classical_14__A.wav,perturbations/audio/classical_14__time_stretch__-20pct.wav,,R,classical,0.9463095336985198,0.9928136319132854,0.0,-20.0,0.5737780708368211,0.375,time_stretch,0.2,0.5175105162781474,34.60693359375,classical_14,0.9168580536797724,0.9882352941176471,0.9993334841445594,0.6346860974209354
classical_14::time_stretch::-10pct,classical_14::time_stretch::-10pct,perturbations/audio/classical_14__A.wav,perturbations/audio/classical_14__time_stretch__-10pct.wav,,R,classical,0.9777711282228421,0.9970604220121008,0.0,-10.0,0.6589391183890942,0.75,time_stretch,0.3529411764705882,0.36673551511505326,46.142578125,classical_14,1.0,1.0,0.9997787664076372,0.821807608050746
classical_14::time_stretch::-5pct,classical_14::time_stretch::-5pct,perturbations/audio/classical_14__A.wav,perturbations/audio/classical_14__time_stretch__-5pct.wav,,R,classical,0.9884975757521793,0.9978997412044948,0.0,-5.0,0.7364216826886838,1.0,time_stretch,0.2,0.30005345785396237,53.24143629807692,classical_14,0.20784255255702994,0.6640203239123531,0.9997530902869965,0.8950677433365023
classical_14::time_stretch::+10pct,classical_14::time_stretch::+10pct,perturbations/audio/classical_14__A.wav,perturbations/audio/classical_14__time_stretch__+10pct.wav,,R,classical,0.9868982514021657,0.9968611998834758,0.0,10.0,0.7246022946460386,0.75,time_stretch,0.0,0.5666065223658278,4.523782169117645,classical_14,0.0,0.9296140123256568,0.9998775445776416,0.9152411051306935
classical_14::time_stretch::+20pct,classical_14::time_stretch::+20pct,perturbations/audio/classical_14__A.wav,perturbations/audio/classical_14__time_stretch__+20pct.wav,,R,classical,0.962473719867688,0.989834725061673,0.16666666666666666,20.0,0.6437413566985744,0.75,time_stretch,0.25,0.6266951775221132,8.835812832446805,classical_14,0.9070071229635471,0.9884705882352942,0.9994721589936797,0.8362300480501353
classical_14::time_stretch::+5pct,classical_14::time_stretch::+5pct,perturbations/audio/classical_14__A.wav,perturbations/audio/classical_14__time_stretch__+5pct.wav,,R,classical,0.9899180819459648,0.9973083212543987,0.0,5.0,0.7372640221529231,0.625,time_stretch,0.0,0.6266951775221132,1.708984375,classical_14,1.0,1.0,0.9997795582224062,0.9014420513520999
classical_14::lowpass::lp8000,classical_14::lowpass::lp8000,perturbations/audio/classical_14__A.wav,perturbations/audio/classical_14__lowpass__lp8000.wav,,T,classical,0.9998146816335437,0.9999528890443157,0.0,8000.0,0.9999887144800423,1.0,lowpass,1.0,1.0,0.0,classical_14,1.0,1.0,0.9999999852596702,0.9740300774377919
classical_14::lowpass::lp4000,classical_14::lowpass::lp4000,perturbations/audio/classical_14__A.wav,perturbations/audio/classical_14__lowpass__lp4000.wav,,T,classical,0.999814374615901,0.9999526738351787,0.0,4000.0,0.9999440384283262,1.0,lowpass,1.0,1.0,0.0,classical_14,1.0,1.0,0.9999655819467455,0.10647623996099309
classical_14::lowpass::lp2000,classical_14::lowpass::lp2000,perturbations/audio/classical_14__A.wav,perturbations/audio/classical_14__lowpass__lp2000.wav,,T,classical,0.999809132292809,0.9999486962678015,0.0,2000.0,0.999649585281993,1.0,lowpass,0.6666666666666665,0.7159284513569825,5.537109375,classical_14,0.0,0.9296140123256568,0.9918030509113618,0.0014729965295785321
classical_14::distortion::drv32,classical_14::distortion::drv32,perturbations/audio/classical_14__A.wav,perturbations/audio/classical_14__distortion__drv32.wav,,T,classical,0.9873959058292213,0.9931695409674255,0.0,32.0,0.684223888309482,1.0,distortion,0.8571428571428571,0.7200213831415849,0.0,classical_14,0.9168580536797724,0.9882352941176471,0.9251588929678897,0.022359059183287795
classical_14::distortion::drv4,classical_14::distortion::drv4,perturbations/audio/classical_14__A.wav,perturbations/audio/classical_14__distortion__drv4.wav,,T,classical,0.99977648640158,0.9999543426689547,0.0,4.0,0.977693842325761,1.0,distortion,1.0,0.8485729818842953,0.0,classical_14,0.21804112713603535,0.6774599182646966,0.9958424351678611,0.26244854327488076
classical_14::distortion::drv12,classical_14::distortion::drv12,perturbations/audio/classical_14__A.wav,perturbations/audio/classical_14__distortion__drv12.wav,,T,classical,0.9969291851079419,0.9987401876885384,0.0,12.0,0.8496282793332118,1.0,distortion,1.0,0.8485729818842953,0.0,classical_14,0.0,0.9296140123256568,0.9676908404856507,0.018046658309829693
classical_14::style_swap::swap_cross,classical_14::style_swap::swap_cross,perturbations/audio/classical_14__A.wav,perturbations/audio/classical_14__style_swap__swap_cross.wav,,S,classical,0.7883203735896842,0.8715925974905627,0.0,,0.3042809763280425,0.125,style_swap,0.0,0.6266951775221132,8.142807904411768,classical_14,0.0,0.9296140123256568,0.6241407358714115,0.031030848167222392
classical_14::style_swap::swap_same,classical_14::style_swap::swap_same,perturbations/audio/classical_14__A.wav,perturbations/audio/classical_14__style_swap__swap_same.wav,,S,classical,0.6177683389451821,0.8054618559031111,0.5,,0.28343291382754543,0.0,style_swap,0.0,0.0,15.380859375,classical_14,0.0,0.9296140123256568,0.9522564471078027,0.05780790941706807
classical_15::control::ctrl,classical_15::control::ctrl,perturbations/audio/classical_15__A.wav,perturbations/audio/classical_15__control__ctrl.wav,,control,classical,1.0,0.9999999777525084,0.0,0.0,1.0,1.0,control,1.0,1.0,0.0,classical_15,1.0,1.0,0.9999999998355062,1.0
classical_15::pitch_shift::-4st,classical_15::pitch_shift::-4st,perturbations/audio/classical_15__A.wav,perturbations/audio/classical_15__pitch_shift__-4st.wav,,H,classical,0.8683622862625321,0.9462949605521691,0.16666666666666666,-4.0,0.7751314474721352,0.125,pitch_shift,1.0,1.0,3.68088942307692,classical_15,0.8197484429930041,0.9625682349883025,0.9775854514353186,0.4236777432067606
classical_15::pitch_shift::-2st,classical_15::pitch_shift::-2st,perturbations/audio/classical_15__A.wav,perturbations/audio/classical_15__pitch_shift__-2st.wav,,H,classical,0.8968926003023988,0.9575582723426062,0.3333333333333333,-2.0,0.8433290530956982,0.25,pitch_shift,1.0,0.8895628492131631,0.0,classical_15,1.0,1.0,0.9919857669837205,0.7281576223736433
classical_15::pitch_shift::-1st,classical_15::pitch_shift::-1st,perturbations/audio/classical_15__A.wav,perturbations/audio/classical_15__pitch_shift__-1st.wav,,H,classical,0.9138677741760198,0.977788204875989,0.8333333333333334,-1.0,0.8608088842096356,0.125,pitch_shift,1.0,0.8895628492131631,0.0,classical_15,0.8197484429930041,0.9625682349883025,0.9966482580948895,0.8885288125808157
classical_15::pitch_shift::+1st,classical_15::pitch_shift::+1st,perturbations/audio/classical_15__A.wav,perturbations/audio/classical_15__pitch_shift__+1st.wav,,H,classical,0.9107696925521886,0.9754521397842919,0.8333333333333334,1.0,0.8853753168057777,0.0,pitch_shift,1.0,0.8895628492131631,3.68088942307692,classical_15,0.8197484429930041,0.9625682349883025,0.9963670914442868,0.8945139011808283
classical_15::pitch_shift::+2st,classical_15::pitch_shift::+2st,perturbations/audio/classical_15__A.wav,perturbations/audio/classical_15__pitch_shift__+2st.wav,,H,classical,0.868846632650761,0.9647658263727952,0.3333333333333333,2.0,0.8570769799799097,0.625,pitch_shift,1.0,1.0,3.68088942307692,classical_15,1.0,1.0,0.9907142307210675,0.7358916350049022
classical_15::pitch_shift::+4st,classical_15::pitch_shift::+4st,perturbations/audio/classical_15__A.wav,perturbations/audio/classical_15__pitch_shift__+4st.wav,,H,classical,0.8854011703226045,0.9551825562110842,0.6666666666666666,4.0,0.7608136144074769,0.375,pitch_shift,1.0,1.0,3.68088942307692,classical_15,1.0,1.0,0.9738702314610899,0.4255199895519524
classical_15::time_stretch::-20pct,classical_15::time_stretch::-20pct,perturbations/audio/classical_15__A.wav,perturbations/audio/classical_15__time_stretch__-20pct.wav,,R,classical,0.9767458795469247,0.9981325124623616,0.0,-20.0,0.5651207117065851,0.0,time_stretch,0.13333333333333333,0.4400427662831699,23.66286057692308,classical_15,1.0,1.0,0.9973676280808779,0.7950500517233772
classical_15::time_stretch::-10pct,classical_15::time_stretch::-10pct,perturbations/audio/classical_15__A.wav,perturbations/audio/classical_15__time_stretch__-10pct.wav,,R,classical,0.9863355580541026,0.9995027436172885,0.0,-10.0,0.6103671256140674,0.0,time_stretch,0.7142857142857143,0.5293296949484161,10.2811049403183,classical_15,0.9443019246730155,0.9867460102786043,0.9976333967256511,0.8495735013221571
classical_15::time_stretch::-5pct,classical_15::time_stretch::-5pct,perturbations/audio/classical_15__A.wav,perturbations/audio/classical_15__time_stretch__-5pct.wav,,R,classical,0.9847727479492181,0.9992529756445375,0.0,-5.0,0.6324119369302643,0.25,time_stretch,0.0,0.47600043459443236,7.09885817307692,classical_15,1.0,1.0,0.9983099166107777,0.9236278539618076
classical_15::time_stretch::+5pct,classical_15::time_stretch::+5pct,perturbations/audio/classical_15__A.wav,perturbations/audio/classical_15__time_stretch__+5pct.wav,,R,classical,0.9896624675035302,0.998917928648198,0.0,5.0,0.6223963702343408,0.0,time_stretch,0.13333333333333333,0.4400427662831699,3.97536057692308,classical_15,0.8197484429930041,0.9625682349883025,0.9965459849819538,0.9445528376641563
classical_15::time_stretch::+10pct,classical_15::time_stretch::+10pct,perturbations/audio/classical_15__A.wav,perturbations/audio/classical_15__time_stretch__+10pct.wav,,R,classical,0.9817290371914373,0.9964728793256902,0.0,10.0,0.5989868729839656,0.0,time_stretch,0.26666666666666666,0.47600043459443236,8.28200120192308,classical_15,0.9416938391199436,0.9870026525198938,0.9946940888279113,0.901179368642592
classical_15::time_stretch::+20pct,classical_15::time_stretch::+20pct,perturbations/audio/classical_15__A.wav,perturbations/audio/classical_15__time_stretch__+20pct.wav,,R,classical,0.9726448817295739,0.9942167521792891,0.8333333333333334,20.0,0.5010649303647601,0.125,time_stretch,0.23529411764705882,0.3799541111268844,18.069820804195814,classical_15,0.775080437120906,0.9305619004111466,0.9911842390457853,0.8641724629534928
classical_15::lowpass::lp8000,classical_15::lowpass::lp8000,perturbations/audio/classical_15__A.wav,perturbations/audio/classical_15__lowpass__lp8000.wav,,T,classical,0.999701249667518,0.9999651192207692,0.0,8000.0,0.9994048392500334,1.0,lowpass,1.0,1.0,0.0,classical_15,1.0,1.0,0.9941552979574402,0.6756438519404622
classical_15::lowpass::lp4000,classical_15::lowpass::lp4000,perturbations/audio/classical_15__A.wav,perturbations/audio/classical_15__lowpass__lp4000.wav,,T,classical,0.999865645958427,0.99998436092948,0.0,4000.0,0.9993428585745184,1.0,lowpass,0.8333333333333333,0.7855672043331267,0.0,classical_15,0.9443019246730155,0.9867460102786043,0.9912209544540074,0.02241372792981311
classical_15::lowpass::lp2000,classical_15::lowpass::lp2000,perturbations/audio/classical_15__A.wav,perturbations/audio/classical_15__lowpass__lp2000.wav,,T,classical,0.9981781439614196,0.9992217430750172,0.0,2000.0,0.9818048236775291,1.0,lowpass,0.18181818181818182,0.5293296949484161,23.384473981900456,classical_15,1.0,1.0,0.8946642093378671,0.0004470552725890726
classical_15::distortion::drv4,classical_15::distortion::drv4,perturbations/audio/classical_15__A.wav,perturbations/audio/classical_15__distortion__drv4.wav,,T,classical,0.9998665572815528,0.9999851326286604,0.0,4.0,0.9999949691224321,1.0,distortion,1.0,1.0,0.0,classical_15,1.0,1.0,0.9999993371201166,0.9997521685670876
classical_15::distortion::drv12,classical_15::distortion::drv12,perturbations/audio/classical_15__A.wav,perturbations/audio/classical_15__distortion__drv12.wav,,T,classical,0.9999963065042642,0.9999996795764536,0.0,12.0,0.9604354218386522,0.375,distortion,1.0,1.0,0.0,classical_15,1.0,1.0,0.9997478195531433,0.976582574157028
classical_15::distortion::drv32,classical_15::distortion::drv32,perturbations/audio/classical_15__A.wav,perturbations/audio/classical_15__distortion__drv32.wav,,T,classical,0.9992978182951825,0.9999104080687027,0.0,32.0,0.9976503624430453,1.0,distortion,1.0,0.7855672043331267,3.68088942307692,classical_15,0.8197484429930041,0.9625682349883025,0.9944452963440473,0.807936598607961
classical_15::style_swap::swap_cross,classical_15::style_swap::swap_cross,perturbations/audio/classical_15__A.wav,perturbations/audio/classical_15__style_swap__swap_cross.wav,,S,classical,0.9088091037352665,0.9724455741099882,0.16666666666666666,,0.2784496777859029,0.0,style_swap,0.1111111111111111,0.3882255489085518,31.38442560728744,classical_15,1.0,1.0,0.8589434417907996,0.13238337922039656
ambient_01::pitch_shift::-4st,ambient_01::pitch_shift::-4st,perturbations/audio/ambient_01__A.wav,perturbations/audio/ambient_01__pitch_shift__-4st.wav,,H,ambient,0.9631593925199321,0.989816587965944,0.16666666666666666,-4.0,0.5785440111142586,0.0,pitch_shift,1.0,0.7320844688885377,0.0,ambient_01,1.0,1.0,0.9953805542562916,0.24597395129004612
ambient_01::control::ctrl,ambient_01::control::ctrl,perturbations/audio/ambient_01__A.wav,perturbations/audio/ambient_01__control__ctrl.wav,,control,ambient,1.0,0.9999999796410146,0.0,0.0,1.0,1.0,control,1.0,1.0,0.0,ambient_01,1.0,1.0,0.999999999901557,1.0
classical_15::style_swap::swap_same,classical_15::style_swap::swap_same,perturbations/audio/classical_15__A.wav,perturbations/audio/classical_15__style_swap__swap_same.wav,,S,classical,0.8616443790649474,0.9141444980702963,0.5,,0.27788472265662434,0.0,style_swap,0.0,0.0,29.81520432692308,classical_15,0.0,0.8710229216558331,0.9294014233454587,0.1422810622056856
ambient_01::pitch_shift::-2st,ambient_01::pitch_shift::-2st,perturbations/audio/ambient_01__A.wav,perturbations/audio/ambient_01__pitch_shift__-2st.wav,,H,ambient,0.9741276725155295,0.9913363045530549,0.16666666666666666,-2.0,0.679926657349839,0.1,pitch_shift,1.0,0.842213209336323,0.0,ambient_01,0.8737708269718413,0.9889290555806598,0.9981503331180521,0.5031905398975534
ambient_01::pitch_shift::-1st,ambient_01::pitch_shift::-1st,perturbations/audio/ambient_01__A.wav,perturbations/audio/ambient_01__pitch_shift__-1st.wav,,H,ambient,0.9635386037091307,0.9887877322026625,0.8333333333333334,-1.0,0.7319759850003509,0.0,pitch_shift,1.0,0.7320844688885377,0.0,ambient_01,0.8737708269718413,0.9889290555806598,0.9992501233322926,0.7814624954006626
ambient_01::pitch_shift::+1st,ambient_01::pitch_shift::+1st,perturbations/audio/ambient_01__A.wav,perturbations/audio/ambient_01__pitch_shift__+1st.wav,,H,ambient,0.964259430830969,0.9880667588487941,0.3333333333333333,1.0,0.7876248511676804,0.0,pitch_shift,1.0,0.7320844688885377,0.0,ambient_01,1.0,1.0,0.9993041772130845,0.7800843836646167
ambient_01::pitch_shift::+2st,ambient_01::pitch_shift::+2st,perturbations/audio/ambient_01__A.wav,perturbations/audio/ambient_01__pitch_shift__+2st.wav,,H,ambient,0.9736203725695822,0.9929585529484799,0.8333333333333334,2.0,0.7057767606591421,0.1,pitch_shift,1.0,0.8144618641834693,0.0,ambient_01,0.8934636515453438,0.9887018676504495,0.9980556231593669,0.6002395701521992
ambient_01::pitch_shift::+4st,ambient_01::pitch_shift::+4st,perturbations/audio/ambient_01__A.wav,perturbations/audio/ambient_01__pitch_shift__+4st.wav,,H,ambient,0.9676010040881455,0.9895561968509065,0.8333333333333334,4.0,0.6793062243489141,0.0,pitch_shift,1.0,0.7320844688885377,0.0,ambient_01,0.8737708269718413,0.9889290555806598,0.9956870330260436,0.42523704458401046
ambient_01::time_stretch::-10pct,ambient_01::time_stretch::-10pct,perturbations/audio/ambient_01__A.wav,perturbations/audio/ambient_01__time_stretch__-10pct.wav,,R,ambient,0.9906812011472915,0.999797080724877,0.0,-10.0,0.5234904574254148,0.0,time_stretch,0.28571428571428564,0.3542887468651077,12.95230263157896,ambient_01,0.8934636515453438,0.9887018676504495,0.999506747304225,0.9013133679953351
ambient_01::time_stretch::-20pct,ambient_01::time_stretch::-20pct,perturbations/audio/ambient_01__A.wav,perturbations/audio/ambient_01__time_stretch__-20pct.wav,,R,ambient,0.9873211181423741,0.9987685185017644,0.8333333333333334,-20.0,0.4946915974092322,0.0,time_stretch,0.3,0.3882255489085519,28.33316200657896,ambient_01,0.8934636515453438,0.9887018676504495,0.9988567209252697,0.8580040461695999
ambient_01::time_stretch::-5pct,ambient_01::time_stretch::-5pct,perturbations/audio/ambient_01__A.wav,perturbations/audio/ambient_01__time_stretch__-5pct.wav,,R,ambient,0.9914806699085505,0.9996273327842974,0.0,-5.0,0.6029847501901628,0.0,time_stretch,0.6666666666666666,0.4689083868584362,6.799958881578959,ambient_01,0.8934636515453438,0.9887018676504495,0.9996504703484317,0.9106129130254622
ambient_01::time_stretch::+5pct,ambient_01::time_stretch::+5pct,perturbations/audio/ambient_01__A.wav,perturbations/audio/ambient_01__time_stretch__+5pct.wav,,R,ambient,0.9920717781539995,0.9994794696106746,0.0,5.0,0.6009280435015983,0.0,time_stretch,0.5454545454545454,0.4689083868584362,7.555509868421041,ambient_01,0.8737708269718413,0.9889290555806598,0.9996763885414716,0.9320278044699122
ambient_01::time_stretch::+10pct,ambient_01::time_stretch::+10pct,perturbations/audio/ambient_01__A.wav,perturbations/audio/ambient_01__time_stretch__+10pct.wav,,R,ambient,0.9914979454388618,0.9994714087048714,0.0,10.0,0.5276050871569982,0.0,time_stretch,0.41666666666666663,0.3093040039646091,15.999903250773968,ambient_01,0.8737708269718413,0.9889290555806598,0.9995915401652375,0.8694336107598575
ambient_01::time_stretch::+20pct,ambient_01::time_stretch::+20pct,perturbations/audio/ambient_01__A.wav,perturbations/audio/ambient_01__time_stretch__+20pct.wav,,R,ambient,0.9871671674779582,0.9986664957368615,0.0,20.0,0.4510052839778417,0.0,time_stretch,0.0,0.3542887468651077,3.487158400809733,ambient_01,0.8737708269718413,0.9889290555806598,0.9992111550878723,0.8104053833996545
ambient_01::lowpass::lp8000,ambient_01::lowpass::lp8000,perturbations/audio/ambient_01__A.wav,perturbations/audio/ambient_01__lowpass__lp8000.wav,,T,ambient,0.9999999917263208,0.9999999796001174,0.0,8000.0,0.9940208523540315,0.7,lowpass,1.0,0.8723225766078582,0.0,ambient_01,0.8737708269718413,0.9889290555806598,0.9982005339284297,0.6619252737896616
ambient_01::lowpass::lp4000,ambient_01::lowpass::lp4000,perturbations/audio/ambient_01__A.wav,perturbations/audio/ambient_01__lowpass__lp4000.wav,,T,ambient,0.9999190498184545,0.9999887878522069,0.0,4000.0,0.9964027724388141,1.0,lowpass,0.2105263157894737,0.3882255489085519,36.61516320850204,ambient_01,0.6042240954318527,0.9436585950611364,0.9819065588408439,0.04078966616683334
ambient_01::lowpass::lp2000,ambient_01::lowpass::lp2000,perturbations/audio/ambient_01__A.wav,perturbations/audio/ambient_01__lowpass__lp2000.wav,,T,ambient,0.9998778659381353,0.9999811566943053,0.0,2000.0,0.9182538881012227,0.0,lowpass,0.34782608695652173,0.39307557545218513,43.71402138157896,ambient_01,0.8038837557365044,0.9774103400093154,0.9379806391805052,0.00025781014284730763
ambient_01::distortion::drv4,ambient_01::distortion::drv4,perturbations/audio/ambient_01__A.wav,perturbations/audio/ambient_01__distortion__drv4.wav,,T,ambient,0.9983035204647769,0.999815657563904,0.0,4.0,0.9528211081115664,0.2,distortion,1.0,0.8234902239333369,7.555509868421041,ambient_01,0.8737708269718413,0.9889290555806598,0.999052915567524,0.8372777858288525
ambient_01::distortion::drv12,ambient_01::distortion::drv12,perturbations/audio/ambient_01__A.wav,perturbations/audio/ambient_01__distortion__drv12.wav,,T,ambient,0.9976954449939024,0.9997782328574318,0.0,12.0,0.8194442070692911,0.0,distortion,0.8181818181818182,0.7615303713864386,6.799958881578959,ambient_01,1.0,1.0,0.9869602440061221,0.37589167696033365
ambient_01::distortion::drv32,ambient_01::distortion::drv32,perturbations/audio/ambient_01__A.wav,perturbations/audio/ambient_01__distortion__drv32.wav,,T,ambient,0.9951275463114202,0.9990143922193145,0.0,32.0,0.7860963161166192,0.2,distortion,0.28571428571428564,0.3542887468651076,6.799958881578959,ambient_01,0.3078451574919042,0.9583971972848697,0.9768957565279682,0.14356092091267564
ambient_01::style_swap::swap_cross,ambient_01::style_swap::swap_cross,perturbations/audio/ambient_01__A.wav,perturbations/audio/ambient_01__style_swap__swap_cross.wav,,S,ambient,0.9064589941839837,0.8907248648252966,0.5,,0.25582929695340106,0.1,style_swap,0.5333333333333333,0.5367819909453247,0.0,ambient_01,0.5402355741131739,0.9681345430404957,0.5822645395694451,0.08272675468386438
ambient_02::control::ctrl,ambient_02::control::ctrl,perturbations/audio/ambient_02__A.wav,perturbations/audio/ambient_02__control__ctrl.wav,,control,ambient,1.0,0.9999999796017001,0.0,0.0,1.0,1.0,control,1.0,1.0,0.0,ambient_02,1.0,1.0,0.9999999999024881,1.0
ambient_01::style_swap::swap_same,ambient_01::style_swap::swap_same,perturbations/audio/ambient_01__A.wav,perturbations/audio/ambient_01__style_swap__swap_same.wav,,S,ambient,0.6679818828254459,0.7797944531930535,0.0,,0.2599651228597558,0.0,style_swap,0.2105263157894737,0.3882255489085519,42.20664133393828,ambient_01,0.17049504662428547,0.6506864240575289,0.9609144495684764,0.132024610469755
ambient_02::pitch_shift::-4st,ambient_02::pitch_shift::-4st,perturbations/audio/ambient_02__A.wav,perturbations/audio/ambient_02__pitch_shift__-4st.wav,,H,ambient,0.9693037618541794,0.9783828955920266,0.6666666666666666,-4.0,0.5839496742113827,0.1,pitch_shift,1.0,0.7426467363643514,0.0,ambient_02,1.0,1.0,0.9993959156857438,0.5604593889158935
ambient_02::pitch_shift::-2st,ambient_02::pitch_shift::-2st,perturbations/audio/ambient_02__A.wav,perturbations/audio/ambient_02__pitch_shift__-2st.wav,,H,ambient,0.9655068912220964,0.9768477886363407,1.0,-2.0,0.6495955976881234,0.0,pitch_shift,1.0,0.7426467363643514,0.0,ambient_02,1.0,1.0,0.999497671716836,0.8111615708434037
ambient_02::pitch_shift::-1st,ambient_02::pitch_shift::-1st,perturbations/audio/ambient_02__A.wav,perturbations/audio/ambient_02__pitch_shift__-1st.wav,,H,ambient,0.9651388013459786,0.9861488131699052,0.16666666666666666,-1.0,0.6999799435799212,0.0,pitch_shift,1.0,0.7855672043331267,0.0,ambient_02,1.0,1.0,0.9995457762535296,0.8900950958913294
ambient_02::pitch_shift::+1st,ambient_02::pitch_shift::+1st,perturbations/audio/ambient_02__A.wav,perturbations/audio/ambient_02__pitch_shift__+1st.wav,,H,ambient,0.9607402951269145,0.9864868942039505,0.8333333333333334,1.0,0.7183184672581867,0.0,pitch_shift,0.9333333333333333,0.6733582803318491,0.0,ambient_02,1.0,1.0,0.9995157848404873,0.8721179883024793
ambient_02::pitch_shift::+2st,ambient_02::pitch_shift::+2st,perturbations/audio/ambient_02__A.wav,perturbations/audio/ambient_02__pitch_shift__+2st.wav,,H,ambient,0.9613121268151554,0.9804427134223315,0.5,2.0,0.6513997547081161,0.0,pitch_shift,1.0,0.8388964646871107,0.0,ambient_02,1.0,1.0,0.9990752585848302,0.7515482744197555
ambient_02::pitch_shift::+4st,ambient_02::pitch_shift::+4st,perturbations/audio/ambient_02__A.wav,perturbations/audio/ambient_02__pitch_shift__+4st.wav,,H,ambient,0.9726516852925459,0.9862503874025484,0.0,4.0,0.5348915831671398,0.0,pitch_shift,0.9333333333333333,0.7575767926142635,0.0,ambient_02,0.7032774033807547,0.9398019801980199,0.9988677766675382,0.5558785776141388
ambient_02::time_stretch::-20pct,ambient_02::time_stretch::-20pct,perturbations/audio/ambient_02__A.wav,perturbations/audio/ambient_02__time_stretch__-20pct.wav,,R,ambient,0.9842526336016623,0.9976757498578993,0.6666666666666666,-20.0,0.37702290030897834,0.2,time_stretch,0.30769230769230765,0.5293296949484161,18.63450270432692,ambient_02,0.8070122011770858,0.9528358208955224,0.9993785401224605,0.8457576816682963
ambient_02::time_stretch::-10pct,ambient_02::time_stretch::-10pct,perturbations/audio/ambient_02__A.wav,perturbations/audio/ambient_02__time_stretch__-10pct.wav,,R,ambient,0.986798829078386,0.9967078333794586,0.6666666666666666,-10.0,0.5352755113082748,0.0,time_stretch,0.5,0.47600043459443236,10.2811049403183,ambient_02,0.0,0.7307692307692308,0.9993793414317453,0.8658767618234049
ambient_02::time_stretch::-5pct,ambient_02::time_stretch::-5pct,perturbations/audio/ambient_02__A.wav,perturbations/audio/ambient_02__time_stretch__-5pct.wav,,R,ambient,0.9891493389912317,0.9988342789065687,0.0,-5.0,0.5198432902753699,0.0,time_stretch,0.0,0.47600043459443236,3.68088942307692,ambient_02,0.8381729231586067,0.9337286362050925,0.9998014750072889,0.9238122677378798
ambient_02::time_stretch::+5pct,ambient_02::time_stretch::+5pct,perturbations/audio/ambient_02__A.wav,perturbations/audio/ambient_02__time_stretch__+5pct.wav,,R,ambient,0.9907811439549583,0.9995016221889376,0.0,5.0,0.5373479897758389,0.0,time_stretch,0.0,0.5797279866911285,3.97536057692308,ambient_02,1.0,1.0,0.99945795276577,0.9199744349935103
ambient_02::time_stretch::+10pct,ambient_02::time_stretch::+10pct,perturbations/audio/ambient_02__A.wav,perturbations/audio/ambient_02__time_stretch__+10pct.wav,,R,ambient,0.9882315674863696,0.9981575862447459,0.0,10.0,0.47293629762137945,0.0,time_stretch,0.5,0.602787751372822,12.963132316053517,ambient_02,0.9178445326850946,0.9656272147413183,0.9993211650022179,0.8996826265011898
ambient_02::time_stretch::+20pct,ambient_02::time_stretch::+20pct,perturbations/audio/ambient_02__A.wav,perturbations/audio/ambient_02__time_stretch__+20pct.wav,,R,ambient,0.9810907537090686,0.9974294439315984,0.6666666666666666,20.0,0.4187847295159427,0.2,time_stretch,0.23529411764705882,0.417284593374673,18.069820804195814,ambient_02,0.8381729231586067,0.9337286362050925,0.9994079336289923,0.8913110333356157
ambient_02::lowpass::lp8000,ambient_02::lowpass::lp8000,perturbations/audio/ambient_02__A.wav,perturbations/audio/ambient_02__lowpass__lp8000.wav,,T,ambient,0.9999999927545534,0.9999999795182086,0.0,8000.0,0.9748408222271611,0.3,lowpass,1.0,0.8895628492131631,0.0,ambient_02,1.0,1.0,0.9985337248619524,0.5870717606254208
ambient_02::lowpass::lp4000,ambient_02::lowpass::lp4000,perturbations/audio/ambient_02__A.wav,perturbations/audio/ambient_02__lowpass__lp4000.wav,,T,ambient,0.9999998865008731,0.9999999192782233,0.0,4000.0,0.9954741230759149,0.5,lowpass,0.9333333333333333,0.7376340797032043,0.0,ambient_02,1.0,1.0,0.9774594403663551,0.02123140280162531
ambient_02::lowpass::lp2000,ambient_02::lowpass::lp2000,perturbations/audio/ambient_02__A.wav,perturbations/audio/ambient_02__lowpass__lp2000.wav,,T,ambient,0.9997650891307465,0.9998694871943087,0.0,2000.0,0.9993657896843721,1.0,lowpass,0.0,0.0,0.0,ambient_02,0.0,0.7307692307692308,0.9387622102180342,5.793410894871154e-05
ambient_02::distortion::drv4,ambient_02::distortion::drv4,perturbations/audio/ambient_02__A.wav,perturbations/audio/ambient_02__distortion__drv4.wav,,T,ambient,0.9980688713752555,0.9990111181776442,0.0,4.0,0.9528644069875228,0.5,distortion,1.0,0.7426467363643514,0.0,ambient_02,1.0,1.0,0.9997768336839132,0.9247771270822721
ambient_02::distortion::drv12,ambient_02::distortion::drv12,perturbations/audio/ambient_02__A.wav,perturbations/audio/ambient_02__distortion__drv12.wav,,T,ambient,0.9984152562405172,0.9999014676882277,0.0,12.0,0.8203793464240944,0.0,distortion,0.9333333333333333,0.7376340797032043,0.0,ambient_02,1.0,1.0,0.9971719737601051,0.5478420545853918
ambient_02::style_swap::swap_cross,ambient_02::style_swap::swap_cross,perturbations/audio/ambient_02__A.wav,perturbations/audio/ambient_02__style_swap__swap_cross.wav,,S,ambient,0.9539737587394127,0.9791453893948495,1.0,,0.27532356792320467,0.0,style_swap,0.0,0.5293296949484161,3.97536057692308,ambient_02,1.0,1.0,0.9496139502945997,0.1919077365717432
ambient_02::distortion::drv32,ambient_02::distortion::drv32,perturbations/audio/ambient_02__A.wav,perturbations/audio/ambient_02__distortion__drv32.wav,,T,ambient,0.9954470679267412,0.9986169916386227,0.0,32.0,0.6424338871818327,0.0,distortion,0.7999999999999999,0.5976447712739967,0.0,ambient_02,0.0260816468946265,0.7305548181576851,0.9977846011885204,0.27712405526410866
ambient_02::style_swap::swap_same,ambient_02::style_swap::swap_same,perturbations/audio/ambient_02__A.wav,perturbations/audio/ambient_02__style_swap__swap_same.wav,,S,ambient,0.5445373432531295,0.6927240297854704,1.0,,0.2527861197696022,0.0,style_swap,0.23529411764705882,0.4546150756224616,18.069820804195814,ambient_02,0.052626925634097814,0.7327238504974455,0.935701472840957,0.18180985102158406
ambient_03::control::ctrl,ambient_03::control::ctrl,perturbations/audio/ambient_03__A.wav,perturbations/audio/ambient_03__control__ctrl.wav,,control,ambient,0.9999998399402623,0.9999999684770494,0.0,0.0,0.9999493722255999,1.0,control,1.0,1.0,0.0,ambient_03,1.0,1.0,0.9999998436272176,0.9999487424630953
ambient_03::pitch_shift::-4st,ambient_03::pitch_shift::-4st,perturbations/audio/ambient_03__A.wav,perturbations/audio/ambient_03__pitch_shift__-4st.wav,,H,ambient,0.922073909971124,0.9652883372440878,0.6666666666666666,-4.0,0.6257070610839941,0.5333333333333333,pitch_shift,1.0,1.0,0.0,ambient_03,1.0,1.0,0.9754087774045406,0.5950186744996432
ambient_03::pitch_shift::-2st,ambient_03::pitch_shift::-2st,perturbations/audio/ambient_03__A.wav,perturbations/audio/ambient_03__pitch_shift__-2st.wav,,H,ambient,0.927680399525073,0.9658476852016507,0.3333333333333333,-2.0,0.7253742564833372,0.4666666666666667,pitch_shift,1.0,0.922760087079522,0.0,ambient_03,1.0,1.0,0.9933359714841433,0.8320254371651041
ambient_03::pitch_shift::-1st,ambient_03::pitch_shift::-1st,perturbations/audio/ambient_03__A.wav,perturbations/audio/ambient_03__pitch_shift__-1st.wav,,H,ambient,0.9050778540933866,0.9568414490896683,0.8333333333333334,-1.0,0.8333357784238975,0.8,pitch_shift,1.0,1.0,0.0,ambient_03,1.0,1.0,0.9982745567373515,0.9265271874713193
ambient_03::pitch_shift::+1st,ambient_03::pitch_shift::+1st,perturbations/audio/ambient_03__A.wav,perturbations/audio/ambient_03__pitch_shift__+1st.wav,,H,ambient,0.9026041824722678,0.9596910051898446,0.8333333333333334,1.0,0.8137023464755812,1.0,pitch_shift,1.0,0.922760087079522,0.0,ambient_03,1.0,1.0,0.9984691970910946,0.9033592994729374
ambient_03::pitch_shift::+2st,ambient_03::pitch_shift::+2st,perturbations/audio/ambient_03__A.wav,perturbations/audio/ambient_03__pitch_shift__+2st.wav,,H,ambient,0.9223833141897241,0.9623652150315164,0.3333333333333333,2.0,0.759644747299466,0.3333333333333333,pitch_shift,1.0,0.8786717476399575,0.0,ambient_03,0.7195539103134811,0.9530284301606922,0.9945547304543102,0.775516245324553
ambient_03::pitch_shift::+4st,ambient_03::pitch_shift::+4st,perturbations/audio/ambient_03__A.wav,perturbations/audio/ambient_03__pitch_shift__+4st.wav,,H,ambient,0.9246374261138833,0.9631993593844188,0.6666666666666666,4.0,0.6162594322466983,0.4666666666666667,pitch_shift,1.0,0.727646522932583,0.0,ambient_03,0.7195539103134811,0.9530284301606922,0.9814985462749859,0.5591458537862771
ambient_03::time_stretch::-20pct,ambient_03::time_stretch::-20pct,perturbations/audio/ambient_03__A.wav,perturbations/audio/ambient_03__time_stretch__-20pct.wav,,R,ambient,0.9772298705362811,0.9966034324983609,0.0,-20.0,0.54976749675403,0.26666666666666666,time_stretch,0.380952380952381,0.4552930458651663,26.100852272727266,ambient_03,0.8416695229038034,0.9883984867591424,0.997474953110481,0.8585922079790882
ambient_03::time_stretch::-10pct,ambient_03::time_stretch::-10pct,perturbations/audio/ambient_03__A.wav,perturbations/audio/ambient_03__time_stretch__-10pct.wav,,R,ambient,0.986816910546118,0.9981028449739852,0.0,-10.0,0.6136516487330392,0.4,time_stretch,0.28571428571428575,0.330858105039204,14.35546875,ambient_03,0.7195539103134811,0.9530284301606922,0.9990502409801209,0.8973736237939172
ambient_03::time_stretch::-5pct,ambient_03::time_stretch::-5pct,perturbations/audio/ambient_03__A.wav,perturbations/audio/ambient_03__time_stretch__-5pct.wav,,R,ambient,0.9904912077325093,0.99887613834095,0.0,-5.0,0.7003378330631644,0.4666666666666667,time_stretch,0.5833333333333334,0.3619668402456946,7.555509868421041,ambient_03,0.8416695229038034,0.9883984867591424,0.9998956272177961,0.9526506989756911
ambient_03::time_stretch::+5pct,ambient_03::time_stretch::+5pct,perturbations/audio/ambient_03__A.wav,perturbations/audio/ambient_03__time_stretch__+5pct.wav,,R,ambient,0.9896826107180416,0.9986773946545651,0.0,5.0,0.6714054582980793,0.7333333333333333,time_stretch,0.6666666666666666,0.40481737315993127,8.444393382352928,ambient_03,0.6415270858847686,0.97730107258668,0.9998373199501617,0.9562519156926974
ambient_03::time_stretch::+10pct,ambient_03::time_stretch::+10pct,perturbations/audio/ambient_03__A.wav,perturbations/audio/ambient_03__time_stretch__+10pct.wav,,R,ambient,0.9910407401368442,0.9990411558108324,0.0,10.0,0.6606605812360493,1.0,time_stretch,0.3846153846153846,0.28934802335548887,17.9443359375,ambient_03,0.15886250564960408,0.6368770764119602,0.9995103083704642,0.915057010189307
ambient_03::time_stretch::+20pct,ambient_03::time_stretch::+20pct,perturbations/audio/ambient_03__A.wav,perturbations/audio/ambient_03__time_stretch__+20pct.wav,,R,ambient,0.984255439977799,0.9977029958093585,0.0,20.0,0.5826554656056195,0.6666666666666666,time_stretch,0.2962962962962963,0.3952043907088806,28.7109375,ambient_03,0.6415270858847686,0.97730107258668,0.9981864718510935,0.8704949303510053
ambient_03::lowpass::lp4000,ambient_03::lowpass::lp4000,perturbations/audio/ambient_03__A.wav,perturbations/audio/ambient_03__lowpass__lp4000.wav,,T,ambient,0.9999931358426705,0.9999943070747205,0.0,4000.0,0.9995548767962262,1.0,lowpass,1.0,0.922760087079522,0.0,ambient_03,1.0,1.0,0.8069229360257419,0.024457792838294877
ambient_03::lowpass::lp8000,ambient_03::lowpass::lp8000,perturbations/audio/ambient_03__A.wav,perturbations/audio/ambient_03__lowpass__lp8000.wav,,T,ambient,0.9999998097302907,0.9999999698018595,0.0,8000.0,0.9999713907204787,1.0,lowpass,1.0,1.0,0.0,ambient_03,1.0,1.0,0.9248946938614693,0.07387383949426299
ambient_03::lowpass::lp2000,ambient_03::lowpass::lp2000,perturbations/audio/ambient_03__A.wav,perturbations/audio/ambient_03__lowpass__lp2000.wav,,T,ambient,0.9996809128728767,0.9998389733484612,0.0,2000.0,0.9820248868148208,1.0,lowpass,0.3157894736842105,0.3930755754521852,47.8515625,ambient_03,1.0,1.0,0.6307180604732469,0.00043543966175572116
ambient_03::distortion::drv4,ambient_03::distortion::drv4,perturbations/audio/ambient_03__A.wav,perturbations/audio/ambient_03__distortion__drv4.wav,,T,ambient,0.998665575851131,0.9996441876443898,0.0,4.0,0.9279472006783115,0.8,distortion,1.0,0.8786717476399575,0.0,ambient_03,0.16959939516715294,0.6673455532926,0.9943665189829333,0.8943901612333345
ambient_03::distortion::drv12,ambient_03::distortion::drv12,perturbations/audio/ambient_03__A.wav,perturbations/audio/ambient_03__distortion__drv12.wav,,T,ambient,0.997182023248546,0.9990742255699275,0.0,12.0,0.8371863016873944,0.8,distortion,0.9166666666666666,0.5853979888408364,0.0,ambient_03,1.0,1.0,0.98278067684396,0.7044668854401638
ambient_03::distortion::drv32,ambient_03::distortion::drv32,perturbations/audio/ambient_03__A.wav,perturbations/audio/ambient_03__distortion__drv32.wav,,T,ambient,0.9962595904738673,0.9987330598902501,0.0,32.0,0.8023791860249119,0.8,distortion,0.8695652173913043,0.6460621150208576,0.0,ambient_03,0.03354855835669061,0.6524513096037609,0.9802636225684133,0.5731022479841568
ambient_03::style_swap::swap_same,ambient_03::style_swap::swap_same,perturbations/audio/ambient_03__A.wav,perturbations/audio/ambient_03__style_swap__swap_same.wav,,S,ambient,0.7243280866847231,0.759752738191106,0.16666666666666666,,0.24522772904173507,0.0,style_swap,0.43478260869565216,0.3619668402456945,14.35546875,ambient_03,1.0,1.0,0.34465605264464233,0.05702279989342052
ambient_03::style_swap::swap_cross,ambient_03::style_swap::swap_cross,perturbations/audio/ambient_03__A.wav,perturbations/audio/ambient_03__style_swap__swap_cross.wav,,S,ambient,0.8553066698195289,0.7977011250526916,0.16666666666666666,,0.28470037086443445,0.0,style_swap,0.0,0.42418431065867573,8.444393382352928,ambient_03,0.0,0.8902589395807644,0.8418874170562071,0.06732995484949411
ambient_04::control::ctrl,ambient_04::control::ctrl,perturbations/audio/ambient_04__A.wav,perturbations/audio/ambient_04__control__ctrl.wav,,control,ambient,1.0,0.999999976132196,0.0,0.0,1.0,1.0,control,1.0,1.0,0.0,ambient_04,1.0,1.0,0.999999999867962,1.0
ambient_04::pitch_shift::-4st,ambient_04::pitch_shift::-4st,perturbations/audio/ambient_04__A.wav,perturbations/audio/ambient_04__pitch_shift__-4st.wav,,H,ambient,0.2931101635929033,0.41680144817413367,0.6666666666666666,-4.0,0.7338458720455252,0.5,pitch_shift,0.5217391304347826,0.45529304586516617,0.0,ambient_04,1.0,1.0,0.9831761481524077,0.31253152301204273
ambient_04::pitch_shift::-2st,ambient_04::pitch_shift::-2st,perturbations/audio/ambient_04__A.wav,perturbations/audio/ambient_04__pitch_shift__-2st.wav,,H,ambient,0.6854106363306485,0.5914566158389126,0.3333333333333333,-2.0,0.8393020872831618,1.0,pitch_shift,0.24999999999999994,0.4062898531897333,32.2998046875,ambient_04,1.0,1.0,0.9962447973723224,0.6328548718873889
ambient_04::pitch_shift::-1st,ambient_04::pitch_shift::-1st,perturbations/audio/ambient_04__A.wav,perturbations/audio/ambient_04__pitch_shift__-1st.wav,,H,ambient,0.4481633237764757,0.5038306005428,0.8333333333333334,-1.0,0.8232118641664016,0.25,pitch_shift,0.8421052631578948,0.585222584196812,0.0,ambient_04,0.0,0.8072289156626505,0.9987982817320379,0.8442573641368422
ambient_04::pitch_shift::+1st,ambient_04::pitch_shift::+1st,perturbations/audio/ambient_04__A.wav,perturbations/audio/ambient_04__pitch_shift__+1st.wav,,H,ambient,0.365455252469991,0.43673783080796696,0.8333333333333334,1.0,0.8422917688147814,0.5,pitch_shift,0.9,0.5707187929887689,0.0,ambient_04,1.0,1.0,0.9939409879456251,0.768713039216931
ambient_04::pitch_shift::+2st,ambient_04::pitch_shift::+2st,perturbations/audio/ambient_04__A.wav,perturbations/audio/ambient_04__pitch_shift__+2st.wav,,H,ambient,0.6861723296186728,0.5772610405747034,0.3333333333333333,2.0,0.8186871767488507,1.0,pitch_shift,0.8421052631578948,0.7575767926142635,0.0,ambient_04,1.0,1.0,0.9830064084538662,0.5277426405673831
ambient_04::pitch_shift::+4st,ambient_04::pitch_shift::+4st,perturbations/audio/ambient_04__A.wav,perturbations/audio/ambient_04__pitch_shift__+4st.wav,,H,ambient,0.2902468132295848,0.41493191300733867,0.6666666666666666,4.0,0.7363658920564223,0.0,pitch_shift,0.42857142857142855,0.25902431203562337,21.533203125,ambient_04,1.0,1.0,0.9591763710657512,0.2929145833328875
ambient_04::time_stretch::-20pct,ambient_04::time_stretch::-20pct,perturbations/audio/ambient_04__A.wav,perturbations/audio/ambient_04__time_stretch__-20pct.wav,,R,ambient,0.977236603918772,0.9921223555315665,0.5,-20.0,0.5346230752393732,0.0,time_stretch,0.28571428571428564,0.49194555787025035,6.15234375,ambient_04,0.7887533783689878,0.925063775510204,0.9984195335909725,0.7310364676615032
ambient_04::time_stretch::-10pct,ambient_04::time_stretch::-10pct,perturbations/audio/ambient_04__A.wav,perturbations/audio/ambient_04__time_stretch__-10pct.wav,,R,ambient,0.9880280757677281,0.9967853422775107,0.0,-10.0,0.5835127340833796,0.0,time_stretch,0.43478260869565216,0.330858105039204,14.35546875,ambient_04,0.0,0.8072289156626505,0.997994419612015,0.8196271042361272
ambient_04::time_stretch::+5pct,ambient_04::time_stretch::+5pct,perturbations/audio/ambient_04__A.wav,perturbations/audio/ambient_04__time_stretch__+5pct.wav,,R,ambient,0.9970027965686064,0.9981343678861444,0.0,5.0,0.584195392569161,0.5,time_stretch,0.380952380952381,0.45461507562246173,6.799958881578959,ambient_04,1.0,1.0,0.9974131571258321,0.8954087772262295
ambient_04::time_stretch::-5pct,ambient_04::time_stretch::-5pct,perturbations/audio/ambient_04__A.wav,perturbations/audio/ambient_04__time_stretch__-5pct.wav,,R,ambient,0.9939738249099043,0.9984580578184132,0.0,-5.0,0.5805074187266707,0.5,time_stretch,0.0,0.40832585503418134,0.0,ambient_04,0.0,0.8072289156626505,0.9979608338469009,0.8947040568042968
ambient_04::time_stretch::+10pct,ambient_04::time_stretch::+10pct,perturbations/audio/ambient_04__A.wav,perturbations/audio/ambient_04__time_stretch__+10pct.wav,,R,ambient,0.9967784415180941,0.9975794557511366,0.0,10.0,0.5768647138482453,0.0,time_stretch,0.28571428571428564,0.3799541111268844,14.35546875,ambient_04,0.9535512804228669,0.9851560133292941,0.9977389968826627,0.8882226996968603
ambient_04::time_stretch::+20pct,ambient_04::time_stretch::+20pct,perturbations/audio/ambient_04__A.wav,perturbations/audio/ambient_04__time_stretch__+20pct.wav,,R,ambient,0.9875716810702873,0.9961067267728777,0.0,20.0,0.5559136291802433,0.0,time_stretch,0.19999999999999998,0.3542887468651076,22.799862132352928,ambient_04,0.8605955756201908,0.9571938168846612,0.9967167806728259,0.8385074944384266
ambient_04::lowpass::lp8000,ambient_04::lowpass::lp8000,perturbations/audio/ambient_04__A.wav,perturbations/audio/ambient_04__lowpass__lp8000.wav,,T,ambient,0.9999999193463773,0.9999999750212344,0.0,8000.0,0.9999642264054395,1.0,lowpass,1.0,0.795467173429883,0.0,ambient_04,1.0,1.0,0.9997444523513853,0.9254979893103881
ambient_04::lowpass::lp4000,ambient_04::lowpass::lp4000,perturbations/audio/ambient_04__A.wav,perturbations/audio/ambient_04__lowpass__lp4000.wav,,T,ambient,0.9984581071035092,0.9991381817154185,0.0,4000.0,0.9998021426366431,1.0,lowpass,0.28571428571428575,0.49003595503888464,14.35546875,ambient_04,0.0,0.8072289156626505,0.9929989670433758,0.019021805908253045
ambient_04::lowpass::lp2000,ambient_04::lowpass::lp2000,perturbations/audio/ambient_04__A.wav,perturbations/audio/ambient_04__lowpass__lp2000.wav,,T,ambient,0.996900345061716,0.9985797812330869,0.0,2000.0,0.9803196047921804,1.0,lowpass,0.0,0.0,0.0,ambient_04,0.0,0.8072289156626505,0.9182421967339482,0.0006615277183469508
ambient_04::distortion::drv12,ambient_04::distortion::drv12,perturbations/audio/ambient_04__A.wav,perturbations/audio/ambient_04__distortion__drv12.wav,,T,ambient,0.9940314088600246,0.9949513721934807,0.0,12.0,0.9107924042741397,1.0,distortion,0.30769230769230765,0.3205434262133032,32.2998046875,ambient_04,1.0,1.0,0.9716397571121561,0.370733404221378
ambient_04::distortion::drv4,ambient_04::distortion::drv4,perturbations/audio/ambient_04__A.wav,perturbations/audio/ambient_04__distortion__drv4.wav,,T,ambient,0.9983067235404635,0.9989733683834116,0.0,4.0,0.99355463662052,1.0,distortion,0.4,0.36934191388646465,32.2998046875,ambient_04,1.0,1.0,0.9963741428824421,0.7585302612761334
ambient_04::distortion::drv32,ambient_04::distortion::drv32,perturbations/audio/ambient_04__A.wav,perturbations/audio/ambient_04__distortion__drv32.wav,,T,ambient,0.9745509603254272,0.9750539836196056,0.0,32.0,0.7966035413690665,1.0,distortion,0.11764705882352942,0.3542887468651077,21.533203125,ambient_04,1.0,1.0,0.9410304797088019,0.241885703730723
ambient_04::style_swap::swap_cross,ambient_04::style_swap::swap_cross,perturbations/audio/ambient_04__A.wav,perturbations/audio/ambient_04__style_swap__swap_cross.wav,,S,ambient,0.6561094899364426,0.7827634821323747,0.3333333333333333,,0.2659108664247134,0.0,style_swap,0.2222222222222222,0.3542887468651076,40.09630926724138,ambient_04,1.0,1.0,0.624871537926485,0.09379460668585925
ambient_04::style_swap::swap_same,ambient_04::style_swap::swap_same,perturbations/audio/ambient_04__A.wav,perturbations/audio/ambient_04__style_swap__swap_same.wav,,S,ambient,0.282452817464138,0.3718830156242311,0.6666666666666666,,0.3815031762705503,0.0,style_swap,0.33333333333333326,0.3882255489085519,25.83984375,ambient_04,0.9535512804228669,0.9851560133292941,0.8517167138756699,0.18638141052687873
ambient_05::control::ctrl,ambient_05::control::ctrl,perturbations/audio/ambient_05__A.wav,perturbations/audio/ambient_05__control__ctrl.wav,,control,ambient,1.0,0.9999999787403026,0.0,0.0,1.0,1.0,control,1.0,1.0,0.0,ambient_05,1.0,1.0,0.9999999998922271,0.9999999999999998
ambient_05::pitch_shift::-4st,ambient_05::pitch_shift::-4st,perturbations/audio/ambient_05__A.wav,perturbations/audio/ambient_05__pitch_shift__-4st.wav,,H,ambient,0.6932464260225698,0.7407368816607692,0.5,-4.0,0.7682737566435038,0.1111111111111111,pitch_shift,0.380952380952381,0.4221623509519961,6.15234375,ambient_05,0.9070071229635471,0.9884705882352942,0.9974344991183558,0.5767656694785317
ambient_05::pitch_shift::-2st,ambient_05::pitch_shift::-2st,perturbations/audio/ambient_05__A.wav,perturbations/audio/ambient_05__pitch_shift__-2st.wav,,H,ambient,0.6122417556247046,0.668150155082803,0.16666666666666666,-2.0,0.8121411142572897,0.1111111111111111,pitch_shift,0.09523809523809525,0.417284593374673,12.95230263157896,ambient_05,1.0,1.0,0.9985969221011904,0.7895907737500089
ambient_05::pitch_shift::-1st,ambient_05::pitch_shift::-1st,perturbations/audio/ambient_05__A.wav,perturbations/audio/ambient_05__pitch_shift__-1st.wav,,H,ambient,0.6261138522000204,0.7082452059732505,1.0,-1.0,0.8347064608050596,0.0,pitch_shift,1.0,0.8279198981003485,5.593039772727266,ambient_05,0.5558321695306332,0.9566704675028507,0.9989905300249411,0.8662364257426918
ambient_05::pitch_shift::+1st,ambient_05::pitch_shift::+1st,perturbations/audio/ambient_05__A.wav,perturbations/audio/ambient_05__pitch_shift__+1st.wav,,H,ambient,0.6186087934170936,0.6990688587698853,0.8333333333333334,1.0,0.8089680155503601,0.4444444444444444,pitch_shift,1.0,0.8279198981003485,5.593039772727266,ambient_05,0.9070071229635471,0.9884705882352942,0.9988200277554855,0.8774679660064636
ambient_05::pitch_shift::+2st,ambient_05::pitch_shift::+2st,perturbations/audio/ambient_05__A.wav,perturbations/audio/ambient_05__pitch_shift__+2st.wav,,H,ambient,0.6277090136822832,0.6460572757337116,0.3333333333333333,2.0,0.761026558364315,0.1111111111111111,pitch_shift,1.0,0.7581989231048688,0.0,ambient_05,0.9070071229635471,0.9884705882352942,0.9982545136547476,0.7805862086986484
ambient_05::pitch_shift::+4st,ambient_05::pitch_shift::+4st,perturbations/audio/ambient_05__A.wav,perturbations/audio/ambient_05__pitch_shift__+4st.wav,,H,ambient,0.6648309870033163,0.7272340574090422,0.6666666666666666,4.0,0.6660059648776865,0.1111111111111111,pitch_shift,0.2105263157894737,0.4546150756224616,5.593039772727266,ambient_05,0.9070071229635471,0.9884705882352942,0.9948184724568406,0.5658258953571178
ambient_05::time_stretch::-20pct,ambient_05::time_stretch::-20pct,perturbations/audio/ambient_05__A.wav,perturbations/audio/ambient_05__time_stretch__-20pct.wav,,R,ambient,0.9407095964496155,0.9667269772641846,0.0,-20.0,0.5021358434781383,0.2222222222222222,time_stretch,0.7,0.46870523287175714,5.593039772727266,ambient_05,0.5558321695306332,0.9566704675028507,0.99903753874274,0.8449416488405544
ambient_05::time_stretch::-10pct,ambient_05::time_stretch::-10pct,perturbations/audio/ambient_05__A.wav,perturbations/audio/ambient_05__time_stretch__-10pct.wav,,R,ambient,0.9752068029078096,0.9932893573960686,0.0,-10.0,0.6302268803795945,0.2222222222222222,time_stretch,0.3,0.417284593374673,15.380859375,ambient_05,0.5558321695306332,0.9566704675028507,0.9991094778298358,0.8728678094641968
ambient_05::time_stretch::-5pct,ambient_05::time_stretch::-5pct,perturbations/audio/ambient_05__A.wav,perturbations/audio/ambient_05__time_stretch__-5pct.wav,,R,ambient,0.9790724365136155,0.9982923399004596,0.0,-5.0,0.6844699135067793,0.1111111111111111,time_stretch,0.23529411764705882,0.417284593374673,23.66286057692308,ambient_05,0.8038837557365044,0.9774103400093154,0.9989103303779884,0.8769550662790001
ambient_05::time_stretch::+5pct,ambient_05::time_stretch::+5pct,perturbations/audio/ambient_05__A.wav,perturbations/audio/ambient_05__time_stretch__+5pct.wav,,R,ambient,0.988228731570956,0.9977569876713996,0.0,5.0,0.7318804379370446,0.4444444444444444,time_stretch,0.1818181818181818,0.39307557545218513,20.5078125,ambient_05,1.0,1.0,0.9986003663626607,0.8594593954352177
ambient_05::time_stretch::+10pct,ambient_05::time_stretch::+10pct,perturbations/audio/ambient_05__A.wav,perturbations/audio/ambient_05__time_stretch__+10pct.wav,,R,ambient,0.975000692564003,0.9972356056494919,0.0,10.0,0.6899666498792449,0.1111111111111111,time_stretch,0.3157894736842105,0.3799541111268843,12.95230263157896,ambient_05,0.8038837557365044,0.9774103400093154,0.999249873993467,0.8864990440741198
ambient_05::lowpass::lp8000,ambient_05::lowpass::lp8000,perturbations/audio/ambient_05__A.wav,perturbations/audio/ambient_05__lowpass__lp8000.wav,,T,ambient,0.9999999794628113,0.9999999784967953,0.0,8000.0,0.9999824665808067,1.0,lowpass,0.10000000000000002,0.46870523287175714,12.95230263157896,ambient_05,1.0,1.0,0.9938406243991269,0.36481647221659796
ambient_05::time_stretch::+20pct,ambient_05::time_stretch::+20pct,perturbations/audio/ambient_05__A.wav,perturbations/audio/ambient_05__time_stretch__+20pct.wav,,R,ambient,0.965419191286786,0.993424255675872,0.0,20.0,0.6027037418610207,0.6666666666666666,time_stretch,0.34782608695652173,0.3380197595398312,20.5078125,ambient_05,0.15050342821961382,0.6523510971786832,0.9989088982645338,0.863861216116937
ambient_05::lowpass::lp4000,ambient_05::lowpass::lp4000,perturbations/audio/ambient_05__A.wav,perturbations/audio/ambient_05__lowpass__lp4000.wav,,T,ambient,0.9999998898584589,0.9999999633799485,0.0,4000.0,0.9999234208258735,1.0,lowpass,0.13333333333333333,0.41728459337467294,23.66286057692308,ambient_05,0.0,0.9296140123256568,0.9896540946746899,0.013262867615079712
ambient_05::lowpass::lp2000,ambient_05::lowpass::lp2000,perturbations/audio/ambient_05__A.wav,perturbations/audio/ambient_05__lowpass__lp2000.wav,,T,ambient,0.9999959913528111,0.9999976935506739,0.0,2000.0,0.999776590600057,0.6666666666666666,lowpass,0.0,0.0,0.0,ambient_05,0.0,0.9296140123256568,0.9761480526604114,0.0011181473136532799
ambient_05::distortion::drv4,ambient_05::distortion::drv4,perturbations/audio/ambient_05__A.wav,perturbations/audio/ambient_05__distortion__drv4.wav,,T,ambient,0.9999862929338881,0.9999992762404638,0.0,4.0,0.9991101362920708,1.0,distortion,0.380952380952381,0.49003595503888464,12.95230263157896,ambient_05,0.5558321695306332,0.9566704675028507,0.9999945440287177,0.9950210041312233
ambient_05::distortion::drv12,ambient_05::distortion::drv12,perturbations/audio/ambient_05__A.wav,perturbations/audio/ambient_05__distortion__drv12.wav,,T,ambient,0.9992597946198744,0.9997483193837293,0.0,12.0,0.9760591892028693,1.0,distortion,0.2105263157894737,0.3799541111268843,23.66286057692308,ambient_05,1.0,1.0,0.999199450169686,0.8716421560086086
ambient_05::distortion::drv32,ambient_05::distortion::drv32,perturbations/audio/ambient_05__A.wav,perturbations/audio/ambient_05__distortion__drv32.wav,,T,ambient,0.9920344911692294,0.9945669913933508,0.0,32.0,0.8757736583532384,1.0,distortion,0.0,0.46870523287175714,6.15234375,ambient_05,0.37676842889054274,0.9677717454083401,0.990740767289054,0.5241665592645303
ambient_05::style_swap::swap_cross,ambient_05::style_swap::swap_cross,perturbations/audio/ambient_05__A.wav,perturbations/audio/ambient_05__style_swap__swap_cross.wav,,S,ambient,0.44644543327465974,0.5458890346117278,0.3333333333333333,,0.2909526953028698,0.1111111111111111,style_swap,0.125,0.417284593374673,38.4521484375,ambient_05,1.0,1.0,0.9833444895638472,0.23605370139036802
ambient_05::style_swap::swap_same,ambient_05::style_swap::swap_same,perturbations/audio/ambient_05__A.wav,perturbations/audio/ambient_05__style_swap__swap_same.wav,,S,ambient,0.7344278595273906,0.793837156645293,0.8333333333333334,,0.2677291936389292,0.0,style_swap,0.3529411764705882,0.417284593374673,23.66286057692308,ambient_05,0.7032774033807547,0.9398019801980199,0.9673927682414551,0.1424343675994777
ambient_06::control::ctrl,ambient_06::control::ctrl,perturbations/audio/ambient_06__A.wav,perturbations/audio/ambient_06__control__ctrl.wav,,control,ambient,1.0,0.9999999791827109,0.0,0.0,1.0,1.0,control,1.0,1.0,0.0,ambient_06,1.0,1.0,0.9999999998941368,1.0
ambient_06::pitch_shift::-4st,ambient_06::pitch_shift::-4st,perturbations/audio/ambient_06__A.wav,perturbations/audio/ambient_06__pitch_shift__-4st.wav,,H,ambient,0.8738142514777626,0.9342207358325927,0.6666666666666666,-4.0,0.6746406408374414,0.2727272727272727,pitch_shift,0.88,0.7597682622568449,0.0,ambient_06,1.0,1.0,0.9980297425531934,0.6068986622550255
ambient_06::pitch_shift::-2st,ambient_06::pitch_shift::-2st,perturbations/audio/ambient_06__A.wav,perturbations/audio/ambient_06__pitch_shift__-2st.wav,,H,ambient,0.8714687831584659,0.8982657171297382,0.3333333333333333,-2.0,0.7296033256099463,0.36363636363636365,pitch_shift,1.0,1.0,0.0,ambient_06,0.8511207351081597,0.9167056621431914,0.9993069727555057,0.8132776057272268
ambient_06::pitch_shift::-1st,ambient_06::pitch_shift::-1st,perturbations/audio/ambient_06__A.wav,perturbations/audio/ambient_06__pitch_shift__-1st.wav,,H,ambient,0.8675637272928013,0.9057629296171851,0.8333333333333334,-1.0,0.7943063867350185,0.6363636363636364,pitch_shift,0.88,0.8600862377792421,0.0,ambient_06,1.0,1.0,0.9996816542841164,0.9065023192291782
ambient_06::pitch_shift::+1st,ambient_06::pitch_shift::+1st,perturbations/audio/ambient_06__A.wav,perturbations/audio/ambient_06__pitch_shift__+1st.wav,,H,ambient,0.8694489531762081,0.9060622827681462,0.8333333333333334,1.0,0.8582260019836434,0.8181818181818182,pitch_shift,0.88,0.8628982190361711,0.0,ambient_06,0.8511207351081597,0.9167056621431914,0.9995778646895358,0.8919392758193413
ambient_06::pitch_shift::+2st,ambient_06::pitch_shift::+2st,perturbations/audio/ambient_06__A.wav,perturbations/audio/ambient_06__pitch_shift__+2st.wav,,H,ambient,0.8766537758753967,0.89949153305432,0.3333333333333333,2.0,0.8040392161300273,0.36363636363636365,pitch_shift,0.5555555555555556,0.5367819909453247,6.364493534482762,ambient_06,1.0,1.0,0.9977262194037568,0.7254949563357109
ambient_06::time_stretch::-20pct,ambient_06::time_stretch::-20pct,perturbations/audio/ambient_06__A.wav,perturbations/audio/ambient_06__time_stretch__-20pct.wav,,R,ambient,0.9878845070660806,0.9979064998601098,0.16666666666666666,-20.0,0.5510984038470232,0.36363636363636365,time_stretch,0.43478260869565216,0.3542887468651076,41.015625,ambient_06,0.17934947661423706,0.6579362574944778,0.9992833705961464,0.8681731108914316
ambient_06::pitch_shift::+4st,ambient_06::pitch_shift::+4st,perturbations/audio/ambient_06__A.wav,perturbations/audio/ambient_06__pitch_shift__+4st.wav,,H,ambient,0.8814122094583476,0.9385912421207833,0.5,4.0,0.7109715651342443,0.45454545454545453,pitch_shift,0.5555555555555556,0.5367819909453247,6.364493534482762,ambient_06,1.0,1.0,0.9924926153977841,0.46820619382288337
ambient_06::time_stretch::-5pct,ambient_06::time_stretch::-5pct,perturbations/audio/ambient_06__A.wav,perturbations/audio/ambient_06__time_stretch__-5pct.wav,,R,ambient,0.9940928419094256,0.9996268371313627,0.16666666666666666,-5.0,0.6802783726554789,0.8181818181818182,time_stretch,0.7826086956521738,0.3619668402456946,12.3046875,ambient_06,0.05727721683054724,0.6255156157925751,0.999831548127054,0.9343130867469328
ambient_06::time_stretch::-10pct,ambient_06::time_stretch::-10pct,perturbations/audio/ambient_06__A.wav,perturbations/audio/ambient_06__time_stretch__-10pct.wav,,R,ambient,0.9914926485325766,0.9994899708823167,0.16666666666666666,-10.0,0.6190759076441892,0.5454545454545454,time_stretch,0.33333333333333337,0.3380197595398312,23.0712890625,ambient_06,0.9615060370966665,0.9784240150093809,0.9995226019191984,0.8917043748666131
ambient_06::time_stretch::+10pct,ambient_06::time_stretch::+10pct,perturbations/audio/ambient_06__A.wav,perturbations/audio/ambient_06__time_stretch__+10pct.wav,,R,ambient,0.9911123847757431,0.9986981740732178,0.0,10.0,0.6226501906442601,0.45454545454545453,time_stretch,0.3,0.3542887468651077,14.19771634615384,ambient_06,0.05727721683054724,0.6255156157925751,0.9997301795540062,0.9059379944489825
ambient_06::time_stretch::+5pct,ambient_06::time_stretch::+5pct,perturbations/audio/ambient_06__A.wav,perturbations/audio/ambient_06__time_stretch__+5pct.wav,,R,ambient,0.9919763395444466,0.9988228567644304,0.0,5.0,0.6810224902850499,0.2727272727272727,time_stretch,0.631578947368421,0.3542887468651077,6.8359375,ambient_06,0.8668173088467352,0.9259345251915486,0.9998845688632246,0.9406582788800079
ambient_06::time_stretch::+20pct,ambient_06::time_stretch::+20pct,perturbations/audio/ambient_06__A.wav,perturbations/audio/ambient_06__time_stretch__+20pct.wav,,R,ambient,0.98671530777129,0.9980620972817471,0.0,20.0,0.5018436586022692,0.0,time_stretch,0.5,0.45609915299544035,30.76171875,ambient_06,0.05727721683054724,0.6255156157925751,0.9995652230445399,0.8825802764633428
ambient_06::lowpass::lp2000,ambient_06::lowpass::lp2000,perturbations/audio/ambient_06__A.wav,perturbations/audio/ambient_06__lowpass__lp2000.wav,,T,ambient,0.998854707018547,0.9996345676389559,0.0,2000.0,0.9982866040090471,0.7272727272727273,lowpass,0.625,0.6257831632126616,0.0,ambient_06,0.05727721683054724,0.6255156157925751,0.9424063335432098,0.0002179461053790769
ambient_06::lowpass::lp8000,ambient_06::lowpass::lp8000,perturbations/audio/ambient_06__A.wav,perturbations/audio/ambient_06__lowpass__lp8000.wav,,T,ambient,0.9997540533483618,0.9999017317804465,0.16666666666666666,8000.0,0.9999735564518024,1.0,lowpass,1.0,1.0,0.0,ambient_06,1.0,1.0,0.9966965281774127,0.6143932410296634
ambient_06::lowpass::lp4000,ambient_06::lowpass::lp4000,perturbations/audio/ambient_06__A.wav,perturbations/audio/ambient_06__lowpass__lp4000.wav,,T,ambient,0.9997874032653288,0.9999156871938736,0.16666666666666666,4000.0,0.9999526666307239,1.0,lowpass,1.0,1.0,0.0,ambient_06,1.0,1.0,0.9812620283862811,0.02139276119644942
ambient_06::distortion::drv32,ambient_06::distortion::drv32,perturbations/audio/ambient_06__A.wav,perturbations/audio/ambient_06__distortion__drv32.wav,,T,ambient,0.9927377992374266,0.9964864007586337,0.16666666666666666,32.0,0.816735124232011,0.36363636363636365,distortion,0.4705882352941177,0.3542887468651076,30.76171875,ambient_06,0.028101245048526166,0.6176641487507263,0.9920696841448792,0.125167024975884
ambient_06::distortion::drv4,ambient_06::distortion::drv4,perturbations/audio/ambient_06__A.wav,perturbations/audio/ambient_06__distortion__drv4.wav,,T,ambient,0.9990634076909869,0.9998116462935984,0.16666666666666666,4.0,0.9524414952031399,0.18181818181818182,distortion,1.0,0.842213209336323,0.0,ambient_06,0.840993863693792,0.9151586368977673,0.9966275997452697,0.7125708987371078
ambient_06::style_swap::swap_cross,ambient_06::style_swap::swap_cross,perturbations/audio/ambient_06__A.wav,perturbations/audio/ambient_06__style_swap__swap_cross.wav,,S,ambient,0.8515390586221403,0.8285819352869372,0.16666666666666666,,0.2467747687326638,0.0,style_swap,0.34782608695652173,0.4221623509519961,32.57123161764707,ambient_06,0.08753399593154382,0.6340005975500449,0.9785626412998908,0.21821898971460515
ambient_06::distortion::drv12,ambient_06::distortion::drv12,perturbations/audio/ambient_06__A.wav,perturbations/audio/ambient_06__distortion__drv12.wav,,T,ambient,0.9950535961584779,0.9977147948642101,0.16666666666666666,12.0,0.8611110734679706,0.6363636363636364,distortion,1.0,0.7684258537094443,12.3046875,ambient_06,0.8603219738017008,0.9273640931932389,0.9900980407639282,0.31888324835843657
ambient_06::style_swap::swap_same,ambient_06::style_swap::swap_same,perturbations/audio/ambient_06__A.wav,perturbations/audio/ambient_06__style_swap__swap_same.wav,,S,ambient,0.5283976982900991,0.6804971470323172,1.0,,0.28395731624425957,0.09090909090909091,style_swap,0.10526315789473685,0.3882255489085519,22.1484375,ambient_06,0.18484263012027466,0.6634495641344956,0.9568832100813873,0.1935839678371771
ambient_07::pitch_shift::-4st,ambient_07::pitch_shift::-4st,perturbations/audio/ambient_07__A.wav,perturbations/audio/ambient_07__pitch_shift__-4st.wav,,H,ambient,0.22600639925541263,0.3759787332573016,0.6666666666666666,-4.0,0.8752587011260237,0.3333333333333333,pitch_shift,1.0,1.0,0.0,ambient_07,1.0,1.0,0.9920875119535807,0.4870028993414016
ambient_07::control::ctrl,ambient_07::control::ctrl,perturbations/audio/ambient_07__A.wav,perturbations/audio/ambient_07__control__ctrl.wav,,control,ambient,1.0,0.9999999741487855,0.0,0.0,1.0,1.0,control,1.0,1.0,0.0,ambient_07,1.0,1.0,0.999999999856635,1.0
ambient_07::pitch_shift::-2st,ambient_07::pitch_shift::-2st,perturbations/audio/ambient_07__A.wav,perturbations/audio/ambient_07__pitch_shift__-2st.wav,,H,ambient,0.6411429031107306,0.6843230939372803,0.3333333333333333,-2.0,0.904424427116848,0.6666666666666666,pitch_shift,1.0,1.0,0.0,ambient_07,1.0,1.0,0.9972697775195809,0.7577981798957562
ambient_07::pitch_shift::-1st,ambient_07::pitch_shift::-1st,perturbations/audio/ambient_07__A.wav,perturbations/audio/ambient_07__pitch_shift__-1st.wav,,H,ambient,0.23199290031774242,0.33766462993436785,0.8333333333333334,-1.0,0.9478312564113403,0.6666666666666666,pitch_shift,1.0,1.0,0.0,ambient_07,1.0,1.0,0.9985331939937999,0.8698720983851642
ambient_07::pitch_shift::+1st,ambient_07::pitch_shift::+1st,perturbations/audio/ambient_07__A.wav,perturbations/audio/ambient_07__pitch_shift__+1st.wav,,H,ambient,0.23444628039277404,0.3404080488768317,0.8333333333333334,1.0,0.8875621154812547,1.0,pitch_shift,1.0,0.8187697303511506,0.0,ambient_07,1.0,1.0,0.9976094199323269,0.8670555871038422
ambient_07::pitch_shift::+2st,ambient_07::pitch_shift::+2st,perturbations/audio/ambient_07__A.wav,perturbations/audio/ambient_07__pitch_shift__+2st.wav,,H,ambient,0.6225961604412921,0.6650381999240468,0.3333333333333333,2.0,0.9054636989536056,0.6666666666666666,pitch_shift,1.0,0.8187697303511506,0.0,ambient_07,1.0,1.0,0.9966059203511773,0.7349144963572273
ambient_07::pitch_shift::+4st,ambient_07::pitch_shift::+4st,perturbations/audio/ambient_07__A.wav,perturbations/audio/ambient_07__pitch_shift__+4st.wav,,H,ambient,0.20693945727465235,0.3517940260941296,0.6666666666666666,4.0,0.8850904847410148,0.6666666666666666,pitch_shift,1.0,0.8187697303511506,0.0,ambient_07,1.0,1.0,0.9903310517979734,0.5612294177860472
ambient_07::time_stretch::-20pct,ambient_07::time_stretch::-20pct,perturbations/audio/ambient_07__A.wav,perturbations/audio/ambient_07__time_stretch__-20pct.wav,,R,ambient,0.9664821638781816,0.9947936937323484,0.0,-20.0,0.6477706191767583,0.3333333333333333,time_stretch,0.11111111111111112,0.4400427662831699,21.750710227272734,ambient_07,1.0,1.0,0.9974604831848513,0.8719473118020218
ambient_07::time_stretch::-10pct,ambient_07::time_stretch::-10pct,perturbations/audio/ambient_07__A.wav,perturbations/audio/ambient_07__time_stretch__-10pct.wav,,R,ambient,0.9877640122028216,0.9979881089252097,0.0,-10.0,0.7428924348001573,0.3333333333333333,time_stretch,0.3157894736842105,0.3799541111268844,9.787819602272734,ambient_07,1.0,1.0,0.9987147692165191,0.9142671733931593
ambient_07::time_stretch::-5pct,ambient_07::time_stretch::-5pct,perturbations/audio/ambient_07__A.wav,perturbations/audio/ambient_07__time_stretch__-5pct.wav,,R,ambient,0.9964085863649642,0.9993168795550391,0.0,-5.0,0.7329733168459148,0.6666666666666666,time_stretch,0.11111111111111112,0.3799541111268844,5.1066884881422965,ambient_07,1.0,1.0,0.9985930444436137,0.9255103144030004
ambient_07::time_stretch::+5pct,ambient_07::time_stretch::+5pct,perturbations/audio/ambient_07__A.wav,perturbations/audio/ambient_07__time_stretch__+5pct.wav,,R,ambient,0.9942614571141615,0.9995109843817201,0.0,5.0,0.7441865628530588,0.3333333333333333,time_stretch,0.20000000000000004,0.417284593374673,5.593039772727266,ambient_07,0.5402355741131739,0.9681345430404957,0.9983025144633989,0.9289252987952792
ambient_07::time_stretch::+10pct,ambient_07::time_stretch::+10pct,perturbations/audio/ambient_07__A.wav,perturbations/audio/ambient_07__time_stretch__+10pct.wav,,R,ambient,0.9922579089310644,0.9973710230087097,0.0,10.0,0.6891461795039145,0.16666666666666666,time_stretch,0.3,0.3799541111268843,11.745383522727266,ambient_07,1.0,1.0,0.9977544349897884,0.9144498003954104
ambient_07::lowpass::lp8000,ambient_07::lowpass::lp8000,perturbations/audio/ambient_07__A.wav,perturbations/audio/ambient_07__lowpass__lp8000.wav,,T,ambient,0.9999846716152493,0.9999929466889745,0.0,8000.0,0.9999878789404676,1.0,lowpass,1.0,1.0,0.0,ambient_07,1.0,1.0,0.9996594553727408,0.9100884296596509
ambient_07::lowpass::lp4000,ambient_07::lowpass::lp4000,perturbations/audio/ambient_07__A.wav,perturbations/audio/ambient_07__lowpass__lp4000.wav,,T,ambient,0.9999974534479602,0.9999981359783402,0.0,4000.0,0.999933110681685,1.0,lowpass,1.0,0.9124608415961211,0.0,ambient_07,1.0,1.0,0.9816152775439951,0.021710763450975328
ambient_07::time_stretch::+20pct,ambient_07::time_stretch::+20pct,perturbations/audio/ambient_07__A.wav,perturbations/audio/ambient_07__time_stretch__+20pct.wav,,R,ambient,0.9899558142854339,0.9952389542705121,0.0,20.0,0.6659035328137111,0.6666666666666666,time_stretch,0.1904761904761905,0.42216235095199606,18.545342404306226,ambient_07,0.07303573136162142,0.6633180252583238,0.9978540702785517,0.8895378873227481
ambient_07::lowpass::lp2000,ambient_07::lowpass::lp2000,perturbations/audio/ambient_07__A.wav,perturbations/audio/ambient_07__lowpass__lp2000.wav,,T,ambient,0.9998390298750413,0.9998846060116738,0.0,2000.0,0.9630776597483381,1.0,lowpass,1.0,0.8652503803481372,0.0,ambient_07,1.0,1.0,0.8650937732771162,0.00017080230470686253
ambient_07::distortion::drv4,ambient_07::distortion::drv4,perturbations/audio/ambient_07__A.wav,perturbations/audio/ambient_07__distortion__drv4.wav,,T,ambient,0.9997951071222811,0.9999420071451818,0.0,4.0,0.9457468733731494,1.0,distortion,1.0,1.0,0.0,ambient_07,1.0,1.0,0.9978671137395752,0.8558442723951993
ambient_07::distortion::drv12,ambient_07::distortion::drv12,perturbations/audio/ambient_07__A.wav,perturbations/audio/ambient_07__distortion__drv12.wav,,T,ambient,0.9967072826459853,0.9982721846105199,0.0,12.0,0.8430307864593629,1.0,distortion,1.0,1.0,0.0,ambient_07,1.0,1.0,0.9865485431305951,0.5110387228038381
ambient_07::distortion::drv32,ambient_07::distortion::drv32,perturbations/audio/ambient_07__A.wav,perturbations/audio/ambient_07__distortion__drv32.wav,,T,ambient,0.9870916550819703,0.990141618286058,0.0,32.0,0.7250078998548672,1.0,distortion,1.0,0.8355049286556546,0.0,ambient_07,0.6396978758168081,0.9756446991404012,0.9734014536910064,0.2939623933590545
ambient_07::style_swap::swap_cross,ambient_07::style_swap::swap_cross,perturbations/audio/ambient_07__A.wav,perturbations/audio/ambient_07__style_swap__swap_cross.wav,,S,ambient,0.7720591480706089,0.7980082133886854,0.3333333333333333,,0.3233725421829913,0.0,style_swap,0.0,0.0,5.593039772727266,ambient_07,0.0,0.9798021434460016,0.9121273506509248,0.2104357772399031
ambient_08::control::ctrl,ambient_08::control::ctrl,perturbations/audio/ambient_08__A.wav,perturbations/audio/ambient_08__control__ctrl.wav,,control,ambient,1.0,0.999999975700416,0.0,0.0,1.0,1.0,control,1.0,1.0,0.0,ambient_08,1.0,1.0,0.9999999998357411,1.0
ambient_08::pitch_shift::-4st,ambient_08::pitch_shift::-4st,perturbations/audio/ambient_08__A.wav,perturbations/audio/ambient_08__pitch_shift__-4st.wav,,H,ambient,0.5138984011687606,0.7191239777185627,0.6666666666666666,-4.0,0.8168996495597501,1.0,pitch_shift,0.35294117647058826,0.4498041686428355,8.987771739130437,ambient_08,1.0,1.0,0.990576575731202,0.5176636768911963
ambient_07::style_swap::swap_same,ambient_07::style_swap::swap_same,perturbations/audio/ambient_07__A.wav,perturbations/audio/ambient_07__style_swap__swap_same.wav,,S,ambient,0.7013098506166342,0.800002412969273,0.16666666666666666,,0.25662046204601574,0.0,style_swap,0.28571428571428564,0.3882255489085519,25.168678977272734,ambient_07,0.05727721683054724,0.6255156157925751,0.931891312660625,0.1907671215573428
ambient_08::pitch_shift::-2st,ambient_08::pitch_shift::-2st,perturbations/audio/ambient_08__A.wav,perturbations/audio/ambient_08__pitch_shift__-2st.wav,,H,ambient,0.4173059057219578,0.6130658595018004,0.3333333333333333,-2.0,0.8142274963366718,0.0,pitch_shift,0.3157894736842105,0.4221623509519961,32.63980263157896,ambient_08,1.0,1.0,0.992673594550511,0.6922695725811268
ambient_08::pitch_shift::-1st,ambient_08::pitch_shift::-1st,perturbations/audio/ambient_08__A.wav,perturbations/audio/ambient_08__pitch_shift__-1st.wav,,H,ambient,0.3305365723968124,0.4569511269678826,0.8333333333333334,-1.0,0.8584960124211984,1.0,pitch_shift,0.3157894736842105,0.4221623509519961,32.63980263157896,ambient_08,1.0,1.0,0.9959319488508296,0.8264126776881189
ambient_08::pitch_shift::+2st,ambient_08::pitch_shift::+2st,perturbations/audio/ambient_08__A.wav,perturbations/audio/ambient_08__pitch_shift__+2st.wav,,H,ambient,0.3817422913567223,0.5909168377808534,0.3333333333333333,2.0,0.8595750182619042,1.0,pitch_shift,0.625,0.5333689719026415,0.0,ambient_08,1.0,1.0,0.9904172105120649,0.6606149404323093
ambient_08::pitch_shift::+1st,ambient_08::pitch_shift::+1st,perturbations/audio/ambient_08__A.wav,perturbations/audio/ambient_08__pitch_shift__+1st.wav,,H,ambient,0.3456216978913234,0.4649838808730408,0.8333333333333334,1.0,0.8583035903485945,1.0,pitch_shift,0.375,0.5800320747123774,0.0,ambient_08,0.1788563667066396,0.7034831795177136,0.9954116741045625,0.8239932088185292
ambient_08::pitch_shift::+4st,ambient_08::pitch_shift::+4st,perturbations/audio/ambient_08__A.wav,perturbations/audio/ambient_08__pitch_shift__+4st.wav,,H,ambient,0.44262832123671547,0.66184814852577,0.6666666666666666,4.0,0.8068571389095549,0.0,pitch_shift,0.5555555555555556,0.41728459337467294,32.63980263157896,ambient_08,1.0,1.0,0.9782288990115117,0.46678593776415533
ambient_08::time_stretch::-10pct,ambient_08::time_stretch::-10pct,perturbations/audio/ambient_08__A.wav,perturbations/audio/ambient_08__time_stretch__-10pct.wav,,R,ambient,0.9851017467415841,0.9869712726793879,0.0,-10.0,0.5499147641170719,0.6666666666666666,time_stretch,0.7058823529411765,0.4498041686428355,19.6875,ambient_08,0.9070071229635471,0.9884705882352942,0.9968571005348613,0.8612297034352437
ambient_08::time_stretch::-20pct,ambient_08::time_stretch::-20pct,perturbations/audio/ambient_08__A.wav,perturbations/audio/ambient_08__time_stretch__-20pct.wav,,R,ambient,0.9881947583666275,0.9694213472651514,0.0,-20.0,0.5512255925377215,1.0,time_stretch,0.2105263157894737,0.4221623509519961,25.83984375,ambient_08,0.15493310823634052,0.6575935663470461,0.9978754660387016,0.8561620189370798
ambient_08::time_stretch::+5pct,ambient_08::time_stretch::+5pct,perturbations/audio/ambient_08__A.wav,perturbations/audio/ambient_08__time_stretch__+5pct.wav,,R,ambient,0.9968310084670512,0.9962828459030625,0.0,5.0,0.6434574758941263,0.0,time_stretch,0.2105263157894737,0.45609915299544035,31.58203125,ambient_08,0.6306479934900852,0.967479674796748,0.9952774996967041,0.8620298148686381
ambient_08::time_stretch::+10pct,ambient_08::time_stretch::+10pct,perturbations/audio/ambient_08__A.wav,perturbations/audio/ambient_08__time_stretch__+10pct.wav,,R,ambient,0.9970714306824873,0.994552862918657,0.0,10.0,0.5749068389629901,0.0,time_stretch,0.3,0.330858105039204,31.58203125,ambient_08,1.0,1.0,0.9953559857182608,0.8687827125826696
ambient_08::time_stretch::+20pct,ambient_08::time_stretch::+20pct,perturbations/audio/ambient_08__A.wav,perturbations/audio/ambient_08__time_stretch__+20pct.wav,,R,ambient,0.9732416285622333,0.9611412087985646,0.16666666666666666,20.0,0.5043666688712751,1.0,time_stretch,0.0,0.4400427662831699,7.65625,ambient_08,1.0,1.0,0.9794300041726586,0.7837855004779374
ambient_08::time_stretch::-5pct,ambient_08::time_stretch::-5pct,perturbations/audio/ambient_08__A.wav,perturbations/audio/ambient_08__time_stretch__-5pct.wav,,R,ambient,0.9962338551576984,0.9967782885882625,0.0,-5.0,0.6065743536396846,1.0,time_stretch,0.09090909090909091,0.34267728370947276,22.60986328125,ambient_08,0.12582186015363864,0.6524277811923787,0.9976619624381227,0.8912851091794372
ambient_08::lowpass::lp8000,ambient_08::lowpass::lp8000,perturbations/audio/ambient_08__A.wav,perturbations/audio/ambient_08__lowpass__lp8000.wav,,T,ambient,0.9998154867688597,0.9998799857989408,0.0,8000.0,0.9999360516350331,1.0,lowpass,0.75,0.7109136898045276,0.0,ambient_08,1.0,1.0,0.9833093074775909,0.22834695540371666
ambient_08::lowpass::lp4000,ambient_08::lowpass::lp4000,perturbations/audio/ambient_08__A.wav,perturbations/audio/ambient_08__lowpass__lp4000.wav,,T,ambient,0.9998330580730714,0.9998901633277916,0.0,4000.0,0.999701144044678,1.0,lowpass,0.0,0.0,20.00504032258064,ambient_08,1.0,1.0,0.9762667028080957,0.011461290468550522
ambient_08::lowpass::lp2000,ambient_08::lowpass::lp2000,perturbations/audio/ambient_08__A.wav,perturbations/audio/ambient_08__lowpass__lp2000.wav,,T,ambient,0.9989020418207046,0.9991250325708553,0.0,2000.0,0.9809660319907714,1.0,lowpass,0.0,0.0,0.0,ambient_08,0.0,0.9395886889460154,0.8704584252732258,0.0002125366247205924
ambient_08::style_swap::swap_cross,ambient_08::style_swap::swap_cross,perturbations/audio/ambient_08__A.wav,perturbations/audio/ambient_08__style_swap__swap_cross.wav,,S,ambient,0.5985884379761117,0.7382419625929609,0.8333333333333334,,0.2589121692930625,0.0,style_swap,0.13333333333333333,0.4400427662831699,4.306640625,ambient_08,1.0,1.0,0.805662583852869,0.10812200873155649
ambient_08::distortion::drv32,ambient_08::distortion::drv32,perturbations/audio/ambient_08__A.wav,perturbations/audio/ambient_08__distortion__drv32.wav,,T,ambient,0.9804822895984644,0.9840007602535842,0.0,32.0,0.8012744897236217,1.0,distortion,0.5,0.48670586909290575,14.094460227272734,ambient_08,0.2580367393800235,0.9480433340703073,0.9905102867346454,0.3363650232644791
ambient_08::style_swap::swap_same,ambient_08::style_swap::swap_same,perturbations/audio/ambient_08__A.wav,perturbations/audio/ambient_08__style_swap__swap_same.wav,,S,ambient,0.5305783804856726,0.7734324377897001,0.5,,0.28512191944892185,0.0,style_swap,0.4615384615384615,0.48670586909290575,19.6875,ambient_08,0.9070071229635471,0.9884705882352942,0.7723499105279937,0.11027788158422724
ambient_08::distortion::drv4,ambient_08::distortion::drv4,perturbations/audio/ambient_08__A.wav,perturbations/audio/ambient_08__distortion__drv4.wav,,T,ambient,0.9995887522114449,0.9998543125007369,0.0,4.0,0.9928347589434492,1.0,distortion,0.0,0.48670586909290575,3.97536057692308,ambient_08,0.12582186015363864,0.6524277811923787,0.9995872115027847,0.9561458309769368
ambient_08::distortion::drv12,ambient_08::distortion::drv12,perturbations/audio/ambient_08__A.wav,perturbations/audio/ambient_08__distortion__drv12.wav,,T,ambient,0.9945655875301981,0.9961646439991865,0.0,12.0,0.9237723333329465,1.0,distortion,0.25,0.5333689719026415,3.97536057692308,ambient_08,0.036803366451527916,0.6403851941017153,0.995214940604609,0.681713438356253
ambient_09::control::ctrl,ambient_09::control::ctrl,perturbations/audio/ambient_09__A.wav,perturbations/audio/ambient_09__control__ctrl.wav,,control,ambient,1.0,0.9999999772906,0.0,0.0,1.0,1.0,control,1.0,1.0,0.0,ambient_09,1.0,1.0,0.9999999997582326,1.0
ambient_09::pitch_shift::-4st,ambient_09::pitch_shift::-4st,perturbations/audio/ambient_09__A.wav,perturbations/audio/ambient_09__pitch_shift__-4st.wav,,H,ambient,0.5397664626882369,0.6836412039213435,0.6666666666666666,-4.0,0.8665718734164513,0.3076923076923077,pitch_shift,0.7058823529411764,0.6694478013599959,0.0,ambient_09,1.0,1.0,0.9891218713451291,0.6172360004188425
ambient_09::pitch_shift::-2st,ambient_09::pitch_shift::-2st,perturbations/audio/ambient_09__A.wav,perturbations/audio/ambient_09__pitch_shift__-2st.wav,,H,ambient,0.7706673514319352,0.8625130630913423,0.3333333333333333,-2.0,0.8962372992475756,0.23076923076923078,pitch_shift,0.2857142857142857,0.5293296949484161,28.350925744514115,ambient_09,1.0,1.0,0.9940114848374044,0.8004114904240641
ambient_09::pitch_shift::-1st,ambient_09::pitch_shift::-1st,perturbations/audio/ambient_09__A.wav,perturbations/audio/ambient_09__pitch_shift__-1st.wav,,H,ambient,0.5162221761103126,0.6378051998023614,0.8333333333333334,-1.0,0.9024828809256571,0.23076923076923078,pitch_shift,0.8235294117647058,0.8279198981003485,0.0,ambient_09,1.0,1.0,0.9932326830709792,0.8651641794430677
ambient_09::pitch_shift::+1st,ambient_09::pitch_shift::+1st,perturbations/audio/ambient_09__A.wav,perturbations/audio/ambient_09__pitch_shift__+1st.wav,,H,ambient,0.5338529048814512,0.6552242903792237,0.8333333333333334,1.0,0.90036565545081,0.46153846153846156,pitch_shift,0.8235294117647058,0.7467538069107817,0.0,ambient_09,1.0,1.0,0.9934209973706833,0.8735956143397461
ambient_09::pitch_shift::+2st,ambient_09::pitch_shift::+2st,perturbations/audio/ambient_09__A.wav,perturbations/audio/ambient_09__pitch_shift__+2st.wav,,H,ambient,0.7570212964370768,0.8434446123355737,0.3333333333333333,2.0,0.8947689847396745,0.3076923076923077,pitch_shift,0.8235294117647058,0.9124608415961211,0.0,ambient_09,1.0,1.0,0.9903239765222628,0.7745930218456352
ambient_09::pitch_shift::+4st,ambient_09::pitch_shift::+4st,perturbations/audio/ambient_09__A.wav,perturbations/audio/ambient_09__pitch_shift__+4st.wav,,H,ambient,0.5248109389917328,0.6728166385390848,0.6666666666666666,4.0,0.861425806459713,0.46153846153846156,pitch_shift,0.8235294117647058,0.7840842891585704,0.0,ambient_09,1.0,1.0,0.983299736324825,0.6379751975324182
ambient_09::time_stretch::-20pct,ambient_09::time_stretch::-20pct,perturbations/audio/ambient_09__A.wav,perturbations/audio/ambient_09__time_stretch__-20pct.wav,,R,ambient,0.978832923467201,0.9922827601788621,0.0,-20.0,0.6418678718972929,0.5384615384615384,time_stretch,0.3157894736842105,0.3619668402456946,26.100852272727266,ambient_09,0.6943496012606848,0.9539617155318633,0.9951131290360515,0.8494943833898656
ambient_09::time_stretch::-10pct,ambient_09::time_stretch::-10pct,perturbations/audio/ambient_09__A.wav,perturbations/audio/ambient_09__time_stretch__-10pct.wav,,R,ambient,0.9881071137582742,0.9964681273207631,0.0,-10.0,0.7290445327393168,0.6153846153846154,time_stretch,0.375,0.47600043459443236,9.787819602272734,ambient_09,0.9070071229635471,0.9884705882352942,0.9948214761495123,0.8718015952346712
ambient_09::time_stretch::-5pct,ambient_09::time_stretch::-5pct,perturbations/audio/ambient_09__A.wav,perturbations/audio/ambient_09__time_stretch__-5pct.wav,,R,ambient,0.9905213629081222,0.9966689455285556,0.0,-5.0,0.7671300231809989,0.5384615384615384,time_stretch,0.0,0.4083258550341814,5.1066884881422965,ambient_09,1.0,1.0,0.993262327827987,0.8910891567126036
ambient_09::time_stretch::+5pct,ambient_09::time_stretch::+5pct,perturbations/audio/ambient_09__A.wav,perturbations/audio/ambient_09__time_stretch__+5pct.wav,,R,ambient,0.9886714670408728,0.9979272024207524,0.0,5.0,0.7318663368760845,0.38461538461538464,time_stretch,0.0,0.47600043459443236,5.593039772727266,ambient_09,0.826556440563825,0.976948669201521,0.9927337734303847,0.8976215481004756
ambient_09::time_stretch::+10pct,ambient_09::time_stretch::+10pct,perturbations/audio/ambient_09__A.wav,perturbations/audio/ambient_09__time_stretch__+10pct.wav,,R,ambient,0.9801726134826773,0.9975490391359854,0.0,10.0,0.7075152266588589,0.3076923076923077,time_stretch,0.13333333333333333,0.47600043459443236,21.750710227272734,ambient_09,0.6943496012606848,0.9539617155318633,0.9932190255316687,0.8841190118394895
ambient_09::lowpass::lp8000,ambient_09::lowpass::lp8000,perturbations/audio/ambient_09__A.wav,perturbations/audio/ambient_09__lowpass__lp8000.wav,,T,ambient,0.9999989679875315,0.9999997437038487,0.0,8000.0,0.9999789485980619,1.0,lowpass,1.0,1.0,0.0,ambient_09,1.0,1.0,0.954823660355723,0.3580383314171274
ambient_09::lowpass::lp4000,ambient_09::lowpass::lp4000,perturbations/audio/ambient_09__A.wav,perturbations/audio/ambient_09__lowpass__lp4000.wav,,T,ambient,0.9999957370574922,0.9999966543830784,0.0,4000.0,0.9999265041636464,1.0,lowpass,1.0,0.8895628492131631,0.0,ambient_09,1.0,1.0,0.8433569582726673,0.04403500433765732
ambient_09::lowpass::lp2000,ambient_09::lowpass::lp2000,perturbations/audio/ambient_09__A.wav,perturbations/audio/ambient_09__lowpass__lp2000.wav,,T,ambient,0.9997825340358945,0.9998765394764536,0.0,2000.0,0.9970838519112435,0.6923076923076923,lowpass,0.4444444444444445,0.6561170117268058,39.15127840909092,ambient_09,1.0,1.0,0.8362532035757145,0.00012775556959891164
ambient_09::distortion::drv4,ambient_09::distortion::drv4,perturbations/audio/ambient_09__A.wav,perturbations/audio/ambient_09__distortion__drv4.wav,,T,ambient,0.9998809989074626,0.9999908039339281,0.0,4.0,0.9970084311283965,1.0,distortion,0.8235294117647058,0.8279198981003485,0.0,ambient_09,1.0,1.0,0.9993678194002683,0.9823583132515356
ambient_09::time_stretch::+20pct,ambient_09::time_stretch::+20pct,perturbations/audio/ambient_09__A.wav,perturbations/audio/ambient_09__time_stretch__+20pct.wav,,R,ambient,0.974024887606719,0.9935826030951755,0.0,20.0,0.6788292819142292,0.46153846153846156,time_stretch,0.39999999999999997,0.4400427662831699,9.787819602272734,ambient_09,0.155080831738189,0.6613251155624037,0.9913096442558188,0.8737890668531495
ambient_09::distortion::drv12,ambient_09::distortion::drv12,perturbations/audio/ambient_09__A.wav,perturbations/audio/ambient_09__distortion__drv12.wav,,T,ambient,0.9971603152779294,0.9988389475590893,0.0,12.0,0.9633421797568041,0.9230769230769231,distortion,0.8235294117647058,0.6694478013599959,0.0,ambient_09,0.2580367393800235,0.9480433340703073,0.9899037972421421,0.8393722791210033
ambient_09::distortion::drv32,ambient_09::distortion::drv32,perturbations/audio/ambient_09__A.wav,perturbations/audio/ambient_09__distortion__drv32.wav,,T,ambient,0.9885382256230939,0.993426007255157,0.0,32.0,0.8965170188010476,0.7692307692307693,distortion,0.2857142857142857,0.5293296949484161,28.350925744514115,ambient_09,0.2580367393800235,0.9480433340703073,0.9719970566686611,0.6261548163697535
ambient_09::style_swap::swap_cross,ambient_09::style_swap::swap_cross,perturbations/audio/ambient_09__A.wav,perturbations/audio/ambient_09__style_swap__swap_cross.wav,,S,ambient,0.7048871711805228,0.8263997238320495,0.16666666666666666,,0.2707247180175466,0.0,style_swap,0.2222222222222222,0.3882255489085518,5.593039772727266,ambient_09,0.8934636515453438,0.9887018676504495,0.9174188210745944,0.24460822398022042
ambient_09::style_swap::swap_same,ambient_09::style_swap::swap_same,perturbations/audio/ambient_09__A.wav,perturbations/audio/ambient_09__style_swap__swap_same.wav,,S,ambient,0.4246672254920936,0.5195143082837739,1.0,,0.32410681483319304,0.15384615384615385,style_swap,0.0,0.5293296949484161,14.094460227272734,ambient_09,1.0,1.0,0.6724941817939866,0.13455094766136252
ambient_10::control::ctrl,ambient_10::control::ctrl,perturbations/audio/ambient_10__A.wav,perturbations/audio/ambient_10__control__ctrl.wav,,control,ambient,1.0,0.9999999796884704,0.0,0.0,1.0,1.0,control,1.0,1.0,0.0,ambient_10,1.0,1.0,0.9999999999056374,1.0
ambient_10::pitch_shift::-2st,ambient_10::pitch_shift::-2st,perturbations/audio/ambient_10__A.wav,perturbations/audio/ambient_10__pitch_shift__-2st.wav,,H,ambient,0.9014951370063348,0.923361857452428,1.0,-2.0,0.7572937862154308,0.125,pitch_shift,1.0,0.7415925215196697,0.0,ambient_10,0.4799054373522453,0.977023498694517,0.9983835510158832,0.6777707083550522
ambient_10::pitch_shift::-4st,ambient_10::pitch_shift::-4st,perturbations/audio/ambient_10__A.wav,perturbations/audio/ambient_10__pitch_shift__-4st.wav,,H,ambient,0.8403339925319093,0.8640444766388066,0.6666666666666666,-4.0,0.6288297213040386,0.0,pitch_shift,0.34782608695652173,0.3882255489085519,6.799958881578959,ambient_10,0.47868174092957894,0.9756240822320118,0.9957857375765733,0.40926411566752047
ambient_10::pitch_shift::-1st,ambient_10::pitch_shift::-1st,perturbations/audio/ambient_10__A.wav,perturbations/audio/ambient_10__pitch_shift__-1st.wav,,H,ambient,0.93176287926038,0.9584792345518544,0.16666666666666666,-1.0,0.6832116056433084,0.125,pitch_shift,0.6086956521739131,0.4359261083664218,6.799958881578959,ambient_10,0.48120041393583995,0.9785044591813401,0.9990075094461702,0.7511807208694125
ambient_10::pitch_shift::+1st,ambient_10::pitch_shift::+1st,perturbations/audio/ambient_10__A.wav,perturbations/audio/ambient_10__pitch_shift__+1st.wav,,H,ambient,0.9632708333243348,0.9825233821523017,0.8333333333333334,1.0,0.8267617004339153,0.125,pitch_shift,0.5217391304347826,0.39307557545218513,12.95230263157896,ambient_10,0.028250826069404888,0.618867924528302,0.9983664129223188,0.6739890207365413
ambient_10::pitch_shift::+2st,ambient_10::pitch_shift::+2st,perturbations/audio/ambient_10__A.wav,perturbations/audio/ambient_10__pitch_shift__+2st.wav,,H,ambient,0.9295451917137308,0.955736547871443,0.3333333333333333,2.0,0.6702886051044719,0.0,pitch_shift,0.32,0.3380197595398312,25.49984580592104,ambient_10,0.3078451574919042,0.9583971972848697,0.9974318823912566,0.5476254462733232
ambient_10::pitch_shift::+4st,ambient_10::pitch_shift::+4st,perturbations/audio/ambient_10__A.wav,perturbations/audio/ambient_10__pitch_shift__+4st.wav,,H,ambient,0.9220651403214805,0.9424086223504583,0.8333333333333334,4.0,0.6141859378173922,0.0,pitch_shift,0.3636363636363636,0.3619668402456945,18.545342404306226,ambient_10,0.6551258353476473,0.9895855472901168,0.9930620043081029,0.32765294249017546
ambient_10::time_stretch::-20pct,ambient_10::time_stretch::-20pct,perturbations/audio/ambient_10__A.wav,perturbations/audio/ambient_10__time_stretch__-20pct.wav,,R,ambient,0.980338207446617,0.992843009036676,0.0,-20.0,0.4392186151625208,0.5,time_stretch,0.3,0.4359261083664218,36.61516320850204,ambient_10,0.2580367393800235,0.9480433340703073,0.9988618523177017,0.6814876638125452
ambient_10::time_stretch::-10pct,ambient_10::time_stretch::-10pct,perturbations/audio/ambient_10__A.wav,perturbations/audio/ambient_10__time_stretch__-10pct.wav,,R,ambient,0.9818457016893991,0.9906045985894266,0.16666666666666666,-10.0,0.5348668871897668,0.375,time_stretch,0.0,0.3882255489085519,7.555509868421041,ambient_10,0.6551258353476473,0.9895855472901168,0.999086147577408,0.7512101319227164
ambient_10::time_stretch::-5pct,ambient_10::time_stretch::-5pct,perturbations/audio/ambient_10__A.wav,perturbations/audio/ambient_10__time_stretch__-5pct.wav,,R,ambient,0.9875707729821652,0.9973689885506872,0.0,-5.0,0.4943879541073183,0.0,time_stretch,0.4166666666666667,0.39307557545218513,15.999903250773968,ambient_10,0.2580367393800235,0.9480433340703073,0.998914495018135,0.7515879799529707
ambient_10::time_stretch::+5pct,ambient_10::time_stretch::+5pct,perturbations/audio/ambient_10__A.wav,perturbations/audio/ambient_10__time_stretch__+5pct.wav,,R,ambient,0.9889303062279061,0.9979438205902027,0.16666666666666666,5.0,0.5710754789836572,0.125,time_stretch,0.2,0.3619668402456946,28.33316200657896,ambient_10,0.48120041393583995,0.9785044591813401,0.9991183515102788,0.7709359753798206
ambient_10::time_stretch::+10pct,ambient_10::time_stretch::+10pct,perturbations/audio/ambient_10__A.wav,perturbations/audio/ambient_10__time_stretch__+10pct.wav,,R,ambient,0.9854161460869003,0.997298384850943,0.16666666666666666,10.0,0.4793975905997764,0.5,time_stretch,0.2608695652173913,0.39307557545218513,6.799958881578959,ambient_10,0.37676842889054274,0.9677717454083401,0.998986656689389,0.7403184015088689
ambient_10::time_stretch::+20pct,ambient_10::time_stretch::+20pct,perturbations/audio/ambient_10__A.wav,perturbations/audio/ambient_10__time_stretch__+20pct.wav,,R,ambient,0.984731436108204,0.9949452311941206,0.16666666666666666,20.0,0.4501570983376848,0.25,time_stretch,0.3,0.40481737315993127,40.29605263157896,ambient_10,0.48099629912471353,0.9782710280373831,0.9994673160883061,0.799183472868168
ambient_10::lowpass::lp8000,ambient_10::lowpass::lp8000,perturbations/audio/ambient_10__A.wav,perturbations/audio/ambient_10__lowpass__lp8000.wav,,T,ambient,0.9999984361253917,0.9999989963499927,0.0,8000.0,0.9996089604134285,1.0,lowpass,0.380952380952381,0.4359261083664219,32.63980263157896,ambient_10,1.0,1.0,0.9973502192015687,0.5969102927115213
ambient_10::lowpass::lp2000,ambient_10::lowpass::lp2000,perturbations/audio/ambient_10__A.wav,perturbations/audio/ambient_10__lowpass__lp2000.wav,,T,ambient,0.9999979286887365,0.9999988473168921,0.0,2000.0,0.9996270605426656,1.0,lowpass,0.0,0.0,18.545342404306226,ambient_10,0.0,0.98989898989899,0.9705257647056478,1.555058582318857e-05
ambient_10::distortion::drv4,ambient_10::distortion::drv4,perturbations/audio/ambient_10__A.wav,perturbations/audio/ambient_10__distortion__drv4.wav,,T,ambient,0.9999549416765835,0.9999942584439201,0.0,4.0,0.8513220538469309,0.25,distortion,0.5217391304347826,0.49003595503888464,0.0,ambient_10,1.0,1.0,0.9999176503453588,0.9711795234858563
ambient_10::distortion::drv12,ambient_10::distortion::drv12,perturbations/audio/ambient_10__A.wav,perturbations/audio/ambient_10__distortion__drv12.wav,,T,ambient,0.9991591259296887,0.9998462293198197,0.0,12.0,0.9329167899295471,1.0,distortion,0.2,0.330858105039204,36.61516320850204,ambient_10,1.0,1.0,0.9926574640493776,0.5212174123718131
ambient_10::lowpass::lp4000,ambient_10::lowpass::lp4000,perturbations/audio/ambient_10__A.wav,perturbations/audio/ambient_10__lowpass__lp4000.wav,,T,ambient,0.9999998777994454,0.9999999697115936,0.0,4000.0,0.9995720680554226,1.0,lowpass,0.0,0.0,57.696620813397146,ambient_10,0.03819606285489647,0.6628217752145168,0.9811375368479548,0.0007722744972539293
ambient_10::style_swap::swap_cross,ambient_10::style_swap::swap_cross,perturbations/audio/ambient_10__A.wav,perturbations/audio/ambient_10__style_swap__swap_cross.wav,,S,ambient,0.885204608092065,0.9111529066454295,0.0,,0.27526361011532896,0.0,style_swap,0.0,0.0,36.26644736842104,ambient_10,0.0,0.98989898989899,0.919503112971931,0.05707293475952431
ambient_10::distortion::drv32,ambient_10::distortion::drv32,perturbations/audio/ambient_10__A.wav,perturbations/audio/ambient_10__distortion__drv32.wav,,T,ambient,0.996794173234804,0.9990010033254612,0.0,32.0,0.8066485717123124,0.5,distortion,0.2727272727272727,0.330858105039204,12.95230263157896,ambient_10,0.038072575847709685,0.6620689655172414,0.9682157836278134,0.12693788546984372
ambient_11::control::ctrl,ambient_11::control::ctrl,perturbations/audio/ambient_11__A.wav,perturbations/audio/ambient_11__control__ctrl.wav,,control,ambient,0.9999999900616734,0.9999999779101877,0.0,0.0,0.9999998298786592,1.0,control,1.0,1.0,0.0,ambient_11,1.0,1.0,0.9999999995742992,0.9999994250561274
ambient_10::style_swap::swap_same,ambient_10::style_swap::swap_same,perturbations/audio/ambient_10__A.wav,perturbations/audio/ambient_10__style_swap__swap_same.wav,,S,ambient,0.6824729063882359,0.7990085405651899,0.3333333333333333,,0.25179858255786913,0.0,style_swap,0.3,0.3619668402456945,42.20664133393828,ambient_10,0.036539207425537255,0.6284626770987525,0.9477364490382029,0.07586074295003542
ambient_11::pitch_shift::-4st,ambient_11::pitch_shift::-4st,perturbations/audio/ambient_11__A.wav,perturbations/audio/ambient_11__pitch_shift__-4st.wav,,H,ambient,0.6672162825265515,0.7521648595915996,0.6666666666666666,-4.0,0.7658941589625947,1.0,pitch_shift,1.0,1.0,0.0,ambient_11,1.0,1.0,0.9490905264664514,0.43173647975626445
ambient_11::pitch_shift::-2st,ambient_11::pitch_shift::-2st,perturbations/audio/ambient_11__A.wav,perturbations/audio/ambient_11__pitch_shift__-2st.wav,,H,ambient,0.8341684376512734,0.8540788180792472,0.3333333333333333,-2.0,0.8240448862730786,0.8571428571428571,pitch_shift,1.0,1.0,0.0,ambient_11,1.0,1.0,0.9850805026038205,0.7242354663059699
ambient_11::pitch_shift::-1st,ambient_11::pitch_shift::-1st,perturbations/audio/ambient_11__A.wav,perturbations/audio/ambient_11__pitch_shift__-1st.wav,,H,ambient,0.7249122608634333,0.7674447728518455,0.8333333333333334,-1.0,0.8525491973019459,0.8571428571428571,pitch_shift,1.0,0.8652503803481372,0.0,ambient_11,1.0,1.0,0.9954791288178447,0.8873871418898093
ambient_11::pitch_shift::+1st,ambient_11::pitch_shift::+1st,perturbations/audio/ambient_11__A.wav,perturbations/audio/ambient_11__pitch_shift__+1st.wav,,H,ambient,0.7137885657346261,0.7584435187861823,0.8333333333333334,1.0,0.8506459539813328,1.0,pitch_shift,0.4615384615384615,0.5333689719026415,15.380859375,ambient_11,1.0,1.0,0.9954141632528644,0.8750461269435453
ambient_11::pitch_shift::+2st,ambient_11::pitch_shift::+2st,perturbations/audio/ambient_11__A.wav,perturbations/audio/ambient_11__pitch_shift__+2st.wav,,H,ambient,0.8089937010970889,0.839352634734998,0.5,2.0,0.8240596592742779,0.5714285714285714,pitch_shift,0.4615384615384615,0.48670586909290575,15.380859375,ambient_11,1.0,1.0,0.9847762433040341,0.7221592289217035
ambient_11::pitch_shift::+4st,ambient_11::pitch_shift::+4st,perturbations/audio/ambient_11__A.wav,perturbations/audio/ambient_11__pitch_shift__+4st.wav,,H,ambient,0.6511922670272576,0.7379456533454561,0.8333333333333334,4.0,0.8225037439373233,0.8571428571428571,pitch_shift,0.4615384615384615,0.48670586909290575,15.380859375,ambient_11,1.0,1.0,0.9493512686728355,0.4609455135823566
ambient_11::time_stretch::-20pct,ambient_11::time_stretch::-20pct,perturbations/audio/ambient_11__A.wav,perturbations/audio/ambient_11__time_stretch__-20pct.wav,,R,ambient,0.9860100383105512,0.9942011476946605,0.0,-20.0,0.5433666241855242,0.5714285714285714,time_stretch,0.35294117647058826,0.330858105039204,10.25390625,ambient_11,0.8038837557365044,0.9774103400093154,0.9986500192036242,0.8997381004391081
ambient_11::time_stretch::-5pct,ambient_11::time_stretch::-5pct,perturbations/audio/ambient_11__A.wav,perturbations/audio/ambient_11__time_stretch__-5pct.wav,,R,ambient,0.9954321317057456,0.9990934541649736,0.0,-5.0,0.6730959857497221,0.5714285714285714,time_stretch,0.33333333333333337,0.3093040039646091,24.609375,ambient_11,0.7195539103134811,0.9530284301606922,0.9997600430548104,0.9412227791380163
ambient_11::time_stretch::+5pct,ambient_11::time_stretch::+5pct,perturbations/audio/ambient_11__A.wav,perturbations/audio/ambient_11__time_stretch__+5pct.wav,,R,ambient,0.9960281702504923,0.9988754051848472,0.0,5.0,0.6880157269861091,0.8571428571428571,time_stretch,0.0,0.5666065223658278,3.076171875,ambient_11,1.0,1.0,0.9990818224744167,0.9600025534476365
ambient_11::time_stretch::+10pct,ambient_11::time_stretch::+10pct,perturbations/audio/ambient_11__A.wav,perturbations/audio/ambient_11__time_stretch__+10pct.wav,,R,ambient,0.9920417494297624,0.9975063793181955,0.16666666666666666,10.0,0.6075127386811305,0.2857142857142857,time_stretch,0.1818181818181818,0.5175105162781474,6.47615131578948,ambient_11,1.0,1.0,0.9980125420472246,0.9220522754721084
ambient_11::time_stretch::-10pct,ambient_11::time_stretch::-10pct,perturbations/audio/ambient_11__A.wav,perturbations/audio/ambient_11__time_stretch__-10pct.wav,,R,ambient,0.989959791085216,0.997190749298334,0.0,-10.0,0.6157889119455646,0.42857142857142855,time_stretch,0.3157894736842105,0.31601265353248076,19.22607421875,ambient_11,0.15189101294378765,0.6527668913622824,0.9989595369529072,0.9193501668962911
ambient_11::time_stretch::+20pct,ambient_11::time_stretch::+20pct,perturbations/audio/ambient_11__A.wav,perturbations/audio/ambient_11__time_stretch__+20pct.wav,,R,ambient,0.9736194908700365,0.9960064799056578,0.16666666666666666,20.0,0.5723050771293496,0.42857142857142855,time_stretch,0.1818181818181818,0.5175105162781474,12.3046875,ambient_11,1.0,1.0,0.996769221019773,0.855897780819074
ambient_11::lowpass::lp8000,ambient_11::lowpass::lp8000,perturbations/audio/ambient_11__A.wav,perturbations/audio/ambient_11__lowpass__lp8000.wav,,T,ambient,0.9999999599203002,0.9999999773005316,0.0,8000.0,0.9998582900868498,1.0,lowpass,1.0,1.0,0.0,ambient_11,1.0,1.0,0.9545778474586423,0.3900083083762222
ambient_11::lowpass::lp4000,ambient_11::lowpass::lp4000,perturbations/audio/ambient_11__A.wav,perturbations/audio/ambient_11__lowpass__lp4000.wav,,T,ambient,0.9998094452505372,0.9998785274731418,0.0,4000.0,0.9986842430006619,1.0,lowpass,1.0,1.0,0.0,ambient_11,0.20784255255702994,0.6640203239123531,0.8372545026191852,0.02803728768499728
ambient_11::lowpass::lp2000,ambient_11::lowpass::lp2000,perturbations/audio/ambient_11__A.wav,perturbations/audio/ambient_11__lowpass__lp2000.wav,,T,ambient,0.9963526360328834,0.9980097353999424,0.0,2000.0,0.9777241999867083,1.0,lowpass,0.4615384615384615,0.5509816684642609,15.380859375,ambient_11,0.0,0.9296140123256568,0.6612675261505708,0.0004681839045014617
ambient_11::distortion::drv4,ambient_11::distortion::drv4,perturbations/audio/ambient_11__A.wav,perturbations/audio/ambient_11__distortion__drv4.wav,,T,ambient,0.9994135753252958,0.9997729037035806,0.0,4.0,0.9906984474270197,1.0,distortion,0.4615384615384615,0.5509816684642609,15.380859375,ambient_11,1.0,1.0,0.9987042068866607,0.9193515665585719
ambient_11::distortion::drv12,ambient_11::distortion::drv12,perturbations/audio/ambient_11__A.wav,perturbations/audio/ambient_11__distortion__drv12.wav,,T,ambient,0.9954639973942743,0.996835221073066,0.0,12.0,0.9364154990357534,1.0,distortion,0.3076923076923077,0.48670586909290575,15.380859375,ambient_11,0.48099629912471353,0.9782710280373831,0.9915658700074379,0.6631810418789307
ambient_11::distortion::drv32,ambient_11::distortion::drv32,perturbations/audio/ambient_11__A.wav,perturbations/audio/ambient_11__distortion__drv32.wav,,T,ambient,0.9877438536884657,0.9909949374334248,0.0,32.0,0.8838647712726846,0.5714285714285714,distortion,0.3076923076923077,0.48670586909290575,13.671875,ambient_11,0.48099629912471353,0.9782710280373831,0.985951843880351,0.4215758032396053
ambient_11::style_swap::swap_cross,ambient_11::style_swap::swap_cross,perturbations/audio/ambient_11__A.wav,perturbations/audio/ambient_11__style_swap__swap_cross.wav,,S,ambient,0.8513218593826971,0.8925509964433366,0.3333333333333333,,0.2581256839161391,0.0,style_swap,0.0,0.5666065223658278,14.476102941176464,ambient_11,0.9168580536797724,0.9882352941176471,0.7205387831556817,0.12426418334013034
ambient_11::style_swap::swap_same,ambient_11::style_swap::swap_same,perturbations/audio/ambient_11__A.wav,perturbations/audio/ambient_11__style_swap__swap_same.wav,,S,ambient,0.8918878772147675,0.9705209423460841,0.16666666666666666,,0.3422058298827835,0.2857142857142857,style_swap,0.0,0.47600043459443236,2.796519886363633,ambient_11,0.9070071229635471,0.9884705882352942,0.9079567245493536,0.24171250333234529
ambient_12::control::ctrl,ambient_12::control::ctrl,perturbations/audio/ambient_12__A.wav,perturbations/audio/ambient_12__control__ctrl.wav,,control,ambient,1.0,0.9999999796483622,0.0,0.0,1.0,1.0,control,1.0,1.0,0.0,ambient_12,1.0,1.0,0.9999999998985344,0.9999999999999938
ambient_12::pitch_shift::-4st,ambient_12::pitch_shift::-4st,perturbations/audio/ambient_12__A.wav,perturbations/audio/ambient_12__pitch_shift__-4st.wav,,H,ambient,0.9693206603017264,0.9822075966413646,0.6666666666666666,-4.0,0.6272886569946157,0.0,pitch_shift,1.0,0.8985423860130417,0.0,ambient_12,0.8192803277333703,0.9014722536806342,0.9842462647794411,0.1769150679401926
ambient_12::pitch_shift::-2st,ambient_12::pitch_shift::-2st,perturbations/audio/ambient_12__A.wav,perturbations/audio/ambient_12__pitch_shift__-2st.wav,,H,ambient,0.9698028910642902,0.9914268797257492,0.3333333333333333,-2.0,0.6893028499081204,0.25,pitch_shift,1.0,0.8052402113087358,0.0,ambient_12,1.0,1.0,0.9952814021058176,0.34530680043296863
ambient_12::pitch_shift::-1st,ambient_12::pitch_shift::-1st,perturbations/audio/ambient_12__A.wav,perturbations/audio/ambient_12__pitch_shift__-1st.wav,,H,ambient,0.9767875709606926,0.9931960376415861,0.8333333333333334,-1.0,0.6469063296911683,0.125,pitch_shift,1.0,0.8621973495531045,0.0,ambient_12,0.605393738577758,0.7933706414119672,0.9985488184719432,0.6279356406507693
ambient_12::pitch_shift::+1st,ambient_12::pitch_shift::+1st,perturbations/audio/ambient_12__A.wav,perturbations/audio/ambient_12__pitch_shift__+1st.wav,,H,ambient,0.97749844357906,0.9943984219312874,0.8333333333333334,1.0,0.6857023964129849,0.125,pitch_shift,1.0,0.9533588675167701,0.0,ambient_12,0.8888282720619382,0.9388596290359514,0.9967261053430029,0.5197184817357916
ambient_12::pitch_shift::+2st,ambient_12::pitch_shift::+2st,perturbations/audio/ambient_12__A.wav,perturbations/audio/ambient_12__pitch_shift__+2st.wav,,H,ambient,0.9677291082504029,0.9892403561228909,0.3333333333333333,2.0,0.7348233484228253,0.125,pitch_shift,1.0,0.8485729818842953,0.0,ambient_12,0.8888282720619382,0.9388596290359514,0.9940237267150804,0.29472341970149996
ambient_12::pitch_shift::+4st,ambient_12::pitch_shift::+4st,perturbations/audio/ambient_12__A.wav,perturbations/audio/ambient_12__pitch_shift__+4st.wav,,H,ambient,0.9670796635776449,0.9823149866172137,0.6666666666666666,4.0,0.5997122630998208,0.0,pitch_shift,0.5263157894736842,0.23371932952423322,35.888671875,ambient_12,0.6270716880622571,0.7905992949471209,0.9862169580887401,0.11464559652496689
ambient_12::time_stretch::-20pct,ambient_12::time_stretch::-20pct,perturbations/audio/ambient_12__A.wav,perturbations/audio/ambient_12__time_stretch__-20pct.wav,,R,ambient,0.9893025142651759,0.999438926864533,0.0,-20.0,0.3642993952859638,0.0,time_stretch,0.42424242424242425,0.3640251692040685,28.7109375,ambient_12,1.0,1.0,0.9977356813658871,0.740784949336473
ambient_12::time_stretch::-10pct,ambient_12::time_stretch::-10pct,perturbations/audio/ambient_12__A.wav,perturbations/audio/ambient_12__time_stretch__-10pct.wav,,R,ambient,0.9924731562474693,0.9994092845222124,0.0,-10.0,0.4076974921366253,0.0,time_stretch,0.8292682926829268,0.783566309504934,0.0,ambient_12,0.9070601434328963,0.9477647058823528,0.9985732324617103,0.8191744600878033
ambient_12::time_stretch::-5pct,ambient_12::time_stretch::-5pct,perturbations/audio/ambient_12__A.wav,perturbations/audio/ambient_12__time_stretch__-5pct.wav,,R,ambient,0.9943645923784884,0.9991221747667801,0.0,-5.0,0.4208457990494988,0.0,time_stretch,0.20689655172413793,0.6412674868614051,0.0,ambient_12,0.0,0.6171252968291662,0.998650534818567,0.8442297709327079
ambient_12::time_stretch::+5pct,ambient_12::time_stretch::+5pct,perturbations/audio/ambient_12__A.wav,perturbations/audio/ambient_12__time_stretch__+5pct.wav,,R,ambient,0.9946651300640892,0.9997124616869402,0.0,5.0,0.3788291919234291,0.0,time_stretch,0.9333333333333333,0.8164542772269765,0.0,ambient_12,0.8371672043642387,0.9112720688094161,0.9963202397092747,0.842518285915513
ambient_12::time_stretch::+20pct,ambient_12::time_stretch::+20pct,perturbations/audio/ambient_12__A.wav,perturbations/audio/ambient_12__time_stretch__+20pct.wav,,R,ambient,0.9916423591903881,0.9988628815456542,0.0,20.0,0.3604377542988134,0.125,time_stretch,0.65,0.41450084190930353,0.0,ambient_12,0.21804112713603535,0.6774599182646966,0.9967203955328124,0.8916142201849433
ambient_12::time_stretch::+10pct,ambient_12::time_stretch::+10pct,perturbations/audio/ambient_12__A.wav,perturbations/audio/ambient_12__time_stretch__+10pct.wav,,R,ambient,0.9928932465074095,0.9994600153711051,0.0,10.0,0.4239385273162698,0.125,time_stretch,0.8837209302325582,0.6545094301864723,0.0,ambient_12,0.8371672043642387,0.9112720688094161,0.9979334115789921,0.8772111857322765
ambient_12::lowpass::lp8000,ambient_12::lowpass::lp8000,perturbations/audio/ambient_12__A.wav,perturbations/audio/ambient_12__lowpass__lp8000.wav,,T,ambient,0.9968815229331871,0.9993660744203949,0.0,8000.0,0.9997985006009373,1.0,lowpass,1.0,1.0,0.0,ambient_12,1.0,1.0,0.9999999926513364,0.9635174614421746
ambient_12::lowpass::lp4000,ambient_12::lowpass::lp4000,perturbations/audio/ambient_12__A.wav,perturbations/audio/ambient_12__lowpass__lp4000.wav,,T,ambient,0.9998354196558598,0.9999728702016318,0.0,4000.0,0.9985407792279545,1.0,lowpass,1.0,0.7904625158219705,0.0,ambient_12,1.0,1.0,0.9907375566697245,0.28027237932510674
ambient_12::lowpass::lp2000,ambient_12::lowpass::lp2000,perturbations/audio/ambient_12__A.wav,perturbations/audio/ambient_12__lowpass__lp2000.wav,,T,ambient,0.9989379049121482,0.9996695862876248,0.0,2000.0,0.9632378350430663,0.5,lowpass,1.0,0.8786717476399575,0.0,ambient_12,0.18367965105712733,0.6665632754342431,0.9024092778856708,0.00010342204351236427
ambient_12::distortion::drv12,ambient_12::distortion::drv12,perturbations/audio/ambient_12__A.wav,perturbations/audio/ambient_12__distortion__drv12.wav,,T,ambient,0.9980929004831826,0.9996585844845206,0.0,12.0,0.865961963057712,0.375,distortion,0.47058823529411764,0.24340279827360545,52.20170454545453,ambient_12,0.18367965105712733,0.6665632754342431,0.9968836959243218,0.039943725853337136
ambient_12::distortion::drv4,ambient_12::distortion::drv4,perturbations/audio/ambient_12__A.wav,perturbations/audio/ambient_12__distortion__drv4.wav,,T,ambient,0.9994026946374014,0.9998916537856658,0.0,4.0,0.80449344298986,0.0,distortion,0.5405405405405406,0.2686406346262228,35.888671875,ambient_12,0.8233028202142345,0.9020592667001507,0.998410004325511,0.04538362367923532
ambient_12::distortion::drv32,ambient_12::distortion::drv32,perturbations/audio/ambient_12__A.wav,perturbations/audio/ambient_12__distortion__drv32.wav,,T,ambient,0.9955231475437242,0.9990884958048516,0.0,32.0,0.8078559601617529,0.125,distortion,0.5405405405405406,0.22197753181648705,16.888786764705856,ambient_12,0.18367965105712733,0.6665632754342431,0.9941280717537229,0.031331701318925514
ambient_12::style_swap::swap_cross,ambient_12::style_swap::swap_cross,perturbations/audio/ambient_12__A.wav,perturbations/audio/ambient_12__style_swap__swap_cross.wav,,S,ambient,0.8976180683974988,0.9529944545914768,0.6666666666666666,,0.24180595099437363,0.0,style_swap,0.35294117647058826,0.2589571658768507,41.015625,ambient_12,0.15039582733222787,0.6563647490820073,0.6210098122080928,0.021888013603498443
ambient_12::style_swap::swap_same,ambient_12::style_swap::swap_same,perturbations/audio/ambient_12__A.wav,perturbations/audio/ambient_12__style_swap__swap_same.wav,,S,ambient,0.581139752143262,0.7249638089972354,0.8333333333333334,,0.235017574827744,0.0,style_swap,0.35294117647058826,0.24927369712747846,52.20170454545453,ambient_12,0.07098536654034054,0.6595190687701026,0.9570215818108924,0.03796464721911844
ambient_13::pitch_shift::-4st,ambient_13::pitch_shift::-4st,perturbations/audio/ambient_13__A.wav,perturbations/audio/ambient_13__pitch_shift__-4st.wav,,H,ambient,0.4104380120110739,0.5463867457469705,0.6666666666666666,-4.0,0.6998310080377812,0.0,pitch_shift,0.5454545454545454,0.5595228890540491,2.970096982758619,ambient_13,0.6050658520397926,0.7678916827852998,0.993929801125701,0.4480418887057447
ambient_13::pitch_shift::-2st,ambient_13::pitch_shift::-2st,perturbations/audio/ambient_13__A.wav,perturbations/audio/ambient_13__pitch_shift__-2st.wav,,H,ambient,0.7671133423164909,0.7377970770406728,0.3333333333333333,-2.0,0.7152549805287967,0.6666666666666666,pitch_shift,0.5454545454545454,0.49746066857881993,2.970096982758619,ambient_13,0.0,0.5186293580727218,0.9969393574321385,0.734925469759676
ambient_13::control::ctrl,ambient_13::control::ctrl,perturbations/audio/ambient_13__A.wav,perturbations/audio/ambient_13__control__ctrl.wav,,control,ambient,1.0,0.9999999773302898,0.0,0.0,1.0,1.0,control,1.0,1.0,0.0,ambient_13,1.0,1.0,0.9999999998586572,1.0
ambient_13::pitch_shift::-1st,ambient_13::pitch_shift::-1st,perturbations/audio/ambient_13__A.wav,perturbations/audio/ambient_13__pitch_shift__-1st.wav,,H,ambient,0.40135608582423626,0.4776958278475841,0.8333333333333334,-1.0,0.7527079395898917,0.6666666666666666,pitch_shift,0.5217391304347827,0.4650079187580274,2.970096982758619,ambient_13,0.6050658520397926,0.7678916827852998,0.9982346335862727,0.8512889072525095
ambient_13::pitch_shift::+1st,ambient_13::pitch_shift::+1st,perturbations/audio/ambient_13__A.wav,perturbations/audio/ambient_13__pitch_shift__+1st.wav,,H,ambient,0.4289809748346963,0.5077552302560366,0.8333333333333334,1.0,0.734852962177007,0.6666666666666666,pitch_shift,1.0,0.8985423860130417,0.0,ambient_13,0.0,0.5186293580727218,0.9992081242761243,0.8435346322112467
ambient_13::pitch_shift::+2st,ambient_13::pitch_shift::+2st,perturbations/audio/ambient_13__A.wav,perturbations/audio/ambient_13__pitch_shift__+2st.wav,,H,ambient,0.7477598951673788,0.7326279671837658,0.3333333333333333,2.0,0.6973155157911217,0.0,pitch_shift,0.5454545454545454,0.470796038401828,2.970096982758619,ambient_13,0.6050658520397926,0.7678916827852998,0.9987227082310803,0.6525641160393361
ambient_13::pitch_shift::+4st,ambient_13::pitch_shift::+4st,perturbations/audio/ambient_13__A.wav,perturbations/audio/ambient_13__pitch_shift__+4st.wav,,H,ambient,0.5027573473436278,0.6423955535997072,0.6666666666666666,4.0,0.6472560899908284,0.3333333333333333,pitch_shift,0.875,0.6733582803318491,0.0,ambient_13,0.0,0.5186293580727218,0.997090522533036,0.4795674370299544
ambient_13::time_stretch::-20pct,ambient_13::time_stretch::-20pct,perturbations/audio/ambient_13__A.wav,perturbations/audio/ambient_13__time_stretch__-20pct.wav,,R,ambient,0.9482802289139959,0.9680816892521982,0.0,-20.0,0.494646253933153,0.3333333333333333,time_stretch,0.4210526315789474,0.3882255489085519,21.10332066696914,ambient_13,0.36364703948141014,0.676320272572402,0.9970079559318333,0.8287113525181014
ambient_13::time_stretch::-10pct,ambient_13::time_stretch::-10pct,perturbations/audio/ambient_13__A.wav,perturbations/audio/ambient_13__time_stretch__-10pct.wav,,R,ambient,0.9779700492252822,0.9889416076583096,0.0,-10.0,0.5547510756268847,0.6666666666666666,time_stretch,0.2857142857142857,0.3380197595398312,8.35339776400862,ambient_13,0.5594701050645101,0.744470588235294,0.9978471745913006,0.8604992851143962
ambient_13::time_stretch::-5pct,ambient_13::time_stretch::-5pct,perturbations/audio/ambient_13__A.wav,perturbations/audio/ambient_13__time_stretch__-5pct.wav,,R,ambient,0.9814232306176448,0.99200340973918,0.0,-5.0,0.6431247996068741,0.6666666666666666,time_stretch,0.14285714285714288,0.4400427662831699,5.74857480533926,ambient_13,0.6736571343690951,0.8092734225621415,0.9986994007598169,0.891297170264685
ambient_13::time_stretch::+5pct,ambient_13::time_stretch::+5pct,perturbations/audio/ambient_13__A.wav,perturbations/audio/ambient_13__time_stretch__+5pct.wav,,R,ambient,0.989798531847049,0.9962401459111274,0.0,5.0,0.6660556239938842,0.0,time_stretch,0.0,0.48670586909290575,3.182246767241381,ambient_13,0.0,0.5186293580727218,0.9992575558054042,0.8969537147885248
ambient_13::time_stretch::+10pct,ambient_13::time_stretch::+10pct,perturbations/audio/ambient_13__A.wav,perturbations/audio/ambient_13__time_stretch__+10pct.wav,,R,ambient,0.9871196269453927,0.9902860704473749,0.0,10.0,0.6246401826959743,0.0,time_stretch,0.625,0.4400427662831699,6.600215517241381,ambient_13,0.0,0.5186293580727218,0.9991762058357174,0.8711469332595642
ambient_13::time_stretch::+20pct,ambient_13::time_stretch::+20pct,perturbations/audio/ambient_13__A.wav,perturbations/audio/ambient_13__time_stretch__+20pct.wav,,R,ambient,0.9736289658719682,0.9807423290812114,0.0,20.0,0.5539128397572461,0.6666666666666666,time_stretch,0.125,0.4400427662831699,18.56310614224138,ambient_13,0.0,0.5186293580727218,0.9992943416214447,0.8577335158278604
ambient_13::lowpass::lp8000,ambient_13::lowpass::lp8000,perturbations/audio/ambient_13__A.wav,perturbations/audio/ambient_13__lowpass__lp8000.wav,,T,ambient,0.9999999901987129,0.9999999770903272,0.0,8000.0,0.9999922498415943,1.0,lowpass,0.375,0.5333689719026415,0.0,ambient_13,0.0,0.5186293580727218,0.9902582082656696,0.2710383141815928
ambient_13::lowpass::lp4000,ambient_13::lowpass::lp4000,perturbations/audio/ambient_13__A.wav,perturbations/audio/ambient_13__lowpass__lp4000.wav,,T,ambient,0.999999281611413,0.9999995987694336,0.0,4000.0,0.9999196416680564,1.0,lowpass,0.5217391304347827,0.4401209305928349,2.970096982758619,ambient_13,0.0,0.5186293580727218,0.9435242549429083,0.03728943307048942
ambient_13::lowpass::lp2000,ambient_13::lowpass::lp2000,perturbations/audio/ambient_13__A.wav,perturbations/audio/ambient_13__lowpass__lp2000.wav,,T,ambient,0.9999305329078109,0.9999677215382429,0.0,2000.0,0.9955295330355366,1.0,lowpass,0.0,0.0,0.0,ambient_13,0.0,0.5186293580727218,0.9404697178879495,3.816475247886136e-05
ambient_13::distortion::drv12,ambient_13::distortion::drv12,perturbations/audio/ambient_13__A.wav,perturbations/audio/ambient_13__distortion__drv12.wav,,T,ambient,0.9926776159385693,0.993700773982921,0.0,12.0,0.8254961566901511,1.0,distortion,0.125,0.5509816684642609,0.0,ambient_13,0.036539207425537255,0.6284626770987525,0.9896957143298163,0.4727171516437476
ambient_13::distortion::drv4,ambient_13::distortion::drv4,perturbations/audio/ambient_13__A.wav,perturbations/audio/ambient_13__distortion__drv4.wav,,T,ambient,0.9995648860569213,0.9997402357938615,0.0,4.0,0.9674030744899869,1.0,distortion,0.125,0.48670586909290575,0.0,ambient_13,0.7642087459538974,0.8600125549278093,0.9981402406740406,0.823597108183773
ambient_13::distortion::drv32,ambient_13::distortion::drv32,perturbations/audio/ambient_13__A.wav,perturbations/audio/ambient_13__distortion__drv32.wav,,T,ambient,0.9809942197723281,0.9833068028668748,0.0,32.0,0.717685781813179,0.6666666666666666,distortion,0.125,0.5509816684642609,0.0,ambient_13,0.036539207425537255,0.6284626770987525,0.9908830541633398,0.3036264122614203
ambient_13::style_swap::swap_cross,ambient_13::style_swap::swap_cross,perturbations/audio/ambient_13__A.wav,perturbations/audio/ambient_13__style_swap__swap_cross.wav,,S,ambient,0.7797167177322043,0.8232720110336509,0.0,,0.30690481681548687,0.0,style_swap,0.25,0.4400427662831699,23.244237256371818,ambient_13,0.7452979433995429,0.8551724137931034,0.8942806152103571,0.10187825133076141
ambient_13::style_swap::swap_same,ambient_13::style_swap::swap_same,perturbations/audio/ambient_13__A.wav,perturbations/audio/ambient_13__style_swap__swap_same.wav,,S,ambient,0.854908964955066,0.9489002244492712,0.16666666666666666,,0.3767634643475626,0.0,style_swap,0.26666666666666666,0.47600043459443236,28.350925744514115,ambient_13,0.20726832967798794,0.6632124352331606,0.9130353618641079,0.22678867647820786
ambient_14::control::ctrl,ambient_14::control::ctrl,perturbations/audio/ambient_14__A.wav,perturbations/audio/ambient_14__control__ctrl.wav,,control,ambient,1.0,0.9999999771984793,0.0,0.0,1.0,1.0,control,1.0,1.0,0.0,ambient_14,1.0,1.0,0.9999999998120414,1.0
ambient_14::pitch_shift::-4st,ambient_14::pitch_shift::-4st,perturbations/audio/ambient_14__A.wav,perturbations/audio/ambient_14__pitch_shift__-4st.wav,,H,ambient,0.33094521295457874,0.4433816504220024,0.16666666666666666,-4.0,0.8189285663163657,0.2222222222222222,pitch_shift,0.9333333333333333,0.6619205706453518,0.0,ambient_14,1.0,1.0,0.9880616694490661,0.4095503374040341
ambient_14::pitch_shift::-2st,ambient_14::pitch_shift::-2st,perturbations/audio/ambient_14__A.wav,perturbations/audio/ambient_14__pitch_shift__-2st.wav,,H,ambient,0.5271569561393726,0.5994332262658301,0.16666666666666666,-2.0,0.8300271161250797,1.0,pitch_shift,0.6250000000000001,0.4912824822514895,4.306640625,ambient_14,0.8571269622585321,0.9579807411730377,0.9949791891694035,0.7027417272497658
ambient_14::pitch_shift::-1st,ambient_14::pitch_shift::-1st,perturbations/audio/ambient_14__A.wav,perturbations/audio/ambient_14__pitch_shift__-1st.wav,,H,ambient,0.2746867179891985,0.3422169360008276,0.8333333333333334,-1.0,0.8932337792956278,0.3333333333333333,pitch_shift,0.5714285714285714,0.602787751372822,3.97536057692308,ambient_14,0.8571269622585321,0.9579807411730377,0.995755308749285,0.8233383092982541
ambient_14::pitch_shift::+1st,ambient_14::pitch_shift::+1st,perturbations/audio/ambient_14__A.wav,perturbations/audio/ambient_14__pitch_shift__+1st.wav,,H,ambient,0.2770911271843646,0.3434048180888046,0.8333333333333334,1.0,0.8637211173238075,0.5555555555555556,pitch_shift,0.5333333333333333,0.5333689719026415,4.306640625,ambient_14,1.0,1.0,0.9870161488309921,0.7730696818237824
ambient_14::pitch_shift::+2st,ambient_14::pitch_shift::+2st,perturbations/audio/ambient_14__A.wav,perturbations/audio/ambient_14__pitch_shift__+2st.wav,,H,ambient,0.5261496008428913,0.606044393065375,0.3333333333333333,2.0,0.8476290718870068,0.5555555555555556,pitch_shift,0.5,0.4912824822514895,4.306640625,ambient_14,1.0,1.0,0.9779645014115103,0.6085554700547148
ambient_14::pitch_shift::+4st,ambient_14::pitch_shift::+4st,perturbations/audio/ambient_14__A.wav,perturbations/audio/ambient_14__pitch_shift__+4st.wav,,H,ambient,0.31755792148609036,0.4185824454083287,0.8333333333333334,4.0,0.8455167036746813,0.6666666666666666,pitch_shift,0.9333333333333333,0.6733582803318491,0.0,ambient_14,1.0,1.0,0.9568898526258045,0.4068754725350244
ambient_14::time_stretch::-20pct,ambient_14::time_stretch::-20pct,perturbations/audio/ambient_14__A.wav,perturbations/audio/ambient_14__time_stretch__-20pct.wav,,R,ambient,0.9822265945890822,0.9943394566976005,0.5,-20.0,0.6285741410226251,0.3333333333333333,time_stretch,0.4,0.3954512706902753,27.359834558823536,ambient_14,1.0,1.0,0.9966002972465811,0.8649765976241663
ambient_14::time_stretch::-10pct,ambient_14::time_stretch::-10pct,perturbations/audio/ambient_14__A.wav,perturbations/audio/ambient_14__time_stretch__-10pct.wav,,R,ambient,0.9824284000989147,0.9987387316060045,0.0,-10.0,0.617465091775004,0.4444444444444444,time_stretch,0.26666666666666666,0.5293296949484161,7.65625,ambient_14,0.95252646356216,0.9854253420582987,0.9948959867879025,0.8547520147681195
ambient_14::time_stretch::-5pct,ambient_14::time_stretch::-5pct,perturbations/audio/ambient_14__A.wav,perturbations/audio/ambient_14__time_stretch__-5pct.wav,,R,ambient,0.987293053946777,0.9976960488647505,0.0,-5.0,0.6754703353086684,0.5555555555555556,time_stretch,0.0,0.5333689719026415,3.97536057692308,ambient_14,0.904921310795031,0.9714201532115498,0.9953667132491492,0.8805885316670296
ambient_14::time_stretch::+5pct,ambient_14::time_stretch::+5pct,perturbations/audio/ambient_14__A.wav,perturbations/audio/ambient_14__time_stretch__+5pct.wav,,R,ambient,0.9932863146532698,0.9977648086937813,0.0,5.0,0.6470851466774761,0.8888888888888888,time_stretch,0.0,0.5175105162781474,4.306640625,ambient_14,1.0,1.0,0.9941529200824224,0.8871431887031663
ambient_14::time_stretch::+10pct,ambient_14::time_stretch::+10pct,perturbations/audio/ambient_14__A.wav,perturbations/audio/ambient_14__time_stretch__+10pct.wav,,R,ambient,0.9924642759649215,0.9984820573411842,0.0,10.0,0.6106086870802621,0.3333333333333333,time_stretch,0.47058823529411764,0.417284593374673,8.987771739130437,ambient_14,0.95252646356216,0.9854253420582987,0.9948263981389064,0.8792893946963061
ambient_14::time_stretch::+20pct,ambient_14::time_stretch::+20pct,perturbations/audio/ambient_14__A.wav,perturbations/audio/ambient_14__time_stretch__+20pct.wav,,R,ambient,0.9797328141786273,0.9986804539863364,0.0,20.0,0.6171351654749098,0.7777777777777778,time_stretch,0.33333333333333326,0.3882255489085519,19.6875,ambient_14,0.8571269622585321,0.9579807411730377,0.9942141799471896,0.8666527337174701
ambient_14::lowpass::lp8000,ambient_14::lowpass::lp8000,perturbations/audio/ambient_14__A.wav,perturbations/audio/ambient_14__lowpass__lp8000.wav,,T,ambient,0.9999999320058344,0.999999975657758,0.0,8000.0,0.9999775091500811,1.0,lowpass,0.6153846153846153,0.6893174760103676,3.97536057692308,ambient_14,1.0,1.0,0.9892417074855673,0.424722815884076
ambient_14::lowpass::lp4000,ambient_14::lowpass::lp4000,perturbations/audio/ambient_14__A.wav,perturbations/audio/ambient_14__lowpass__lp4000.wav,,T,ambient,0.9999838860272271,0.9999889255489918,0.0,4000.0,0.9997636316066466,1.0,lowpass,0.2,0.5293296949484161,32.63980263157896,ambient_14,0.8571269622585321,0.9579807411730377,0.9497463301988085,0.01680003763549235
ambient_14::lowpass::lp2000,ambient_14::lowpass::lp2000,perturbations/audio/ambient_14__A.wav,perturbations/audio/ambient_14__lowpass__lp2000.wav,,T,ambient,0.9966082769698238,0.9989639003808592,0.0,2000.0,0.9565235997256722,1.0,lowpass,0.25,0.0,14.094460227272734,ambient_14,0.8571269622585321,0.9579807411730377,0.7377155339941036,0.0007919382157696428
ambient_14::distortion::drv4,ambient_14::distortion::drv4,perturbations/audio/ambient_14__A.wav,perturbations/audio/ambient_14__distortion__drv4.wav,,T,ambient,0.9994760288442627,0.9996476028058783,0.0,4.0,0.9948455520896111,1.0,distortion,0.5333333333333333,0.48670586909290575,3.97536057692308,ambient_14,0.8571269622585321,0.9579807411730377,0.9964352272502897,0.8263462050414264
ambient_14::distortion::drv12,ambient_14::distortion::drv12,perturbations/audio/ambient_14__A.wav,perturbations/audio/ambient_14__distortion__drv12.wav,,T,ambient,0.9881321673574628,0.9899376528542038,0.0,12.0,0.9413200442089632,1.0,distortion,0.4545454545454545,0.47440135692422436,11.07421875,ambient_14,0.47841890049977304,0.9753235028588624,0.9825296422516696,0.44926607655173256
ambient_14::distortion::drv32,ambient_14::distortion::drv32,perturbations/audio/ambient_14__A.wav,perturbations/audio/ambient_14__distortion__drv32.wav,,T,ambient,0.9629772901166519,0.9670228480181794,0.0,32.0,0.8500514343865371,0.6666666666666666,distortion,0.0,0.48670586909290575,0.0,ambient_14,0.47841890049977304,0.9753235028588624,0.9746913212689868,0.2686841548747052
ambient_14::style_swap::swap_cross,ambient_14::style_swap::swap_cross,perturbations/audio/ambient_14__A.wav,perturbations/audio/ambient_14__style_swap__swap_cross.wav,,S,ambient,0.3840812693870315,0.4864846345273734,0.8333333333333334,,0.2974016772203354,0.1111111111111111,style_swap,0.47058823529411764,0.3799541111268843,25.83984375,ambient_14,1.0,1.0,0.685818372415606,0.11158959869067087
ambient_14::style_swap::swap_same,ambient_14::style_swap::swap_same,perturbations/audio/ambient_14__A.wav,perturbations/audio/ambient_14__style_swap__swap_same.wav,,S,ambient,0.7883109161682756,0.8775273880407628,0.3333333333333333,,0.3721379711687788,0.0,style_swap,0.3529411764705882,0.417284593374673,14.094460227272734,ambient_14,0.6386797651972108,0.9747225647348952,0.5728375077836855,0.0813602965430541
ambient_15::control::ctrl,ambient_15::control::ctrl,perturbations/audio/ambient_15__A.wav,perturbations/audio/ambient_15__control__ctrl.wav,,control,ambient,1.0,0.999999978745604,0.0,0.0,1.0,1.0,control,1.0,1.0,0.0,ambient_15,1.0,1.0,0.9999999998528638,1.0
ambient_15::pitch_shift::-4st,ambient_15::pitch_shift::-4st,perturbations/audio/ambient_15__A.wav,perturbations/audio/ambient_15__pitch_shift__-4st.wav,,H,ambient,0.7448696225193404,0.7832421083514217,0.5,-4.0,0.8046230976312304,0.1111111111111111,pitch_shift,0.5714285714285715,0.6713118144395478,0.0,ambient_15,1.0,1.0,0.9497799424718065,0.15456202761687685
ambient_15::pitch_shift::-2st,ambient_15::pitch_shift::-2st,perturbations/audio/ambient_15__A.wav,perturbations/audio/ambient_15__pitch_shift__-2st.wav,,H,ambient,0.8753600899962384,0.888083037920545,0.16666666666666666,-2.0,0.8092871912112766,0.0,pitch_shift,0.5714285714285715,0.5433661973673345,0.0,ambient_15,1.0,1.0,0.9684278716414553,0.4346573954441355
ambient_15::pitch_shift::-1st,ambient_15::pitch_shift::-1st,perturbations/audio/ambient_15__A.wav,perturbations/audio/ambient_15__pitch_shift__-1st.wav,,H,ambient,0.6742444621226612,0.7467664511933303,1.0,-1.0,0.8765663270103192,0.4444444444444444,pitch_shift,0.5714285714285715,0.7441087658555733,0.0,ambient_15,1.0,1.0,0.9870412674340033,0.686571784422214
ambient_15::pitch_shift::+1st,ambient_15::pitch_shift::+1st,perturbations/audio/ambient_15__A.wav,perturbations/audio/ambient_15__pitch_shift__+1st.wav,,H,ambient,0.687655147377019,0.756199563350598,0.8333333333333334,1.0,0.8742540914239999,0.2222222222222222,pitch_shift,0.5714285714285715,0.5433661973673345,0.0,ambient_15,1.0,1.0,0.9920493993696748,0.733358972490005
ambient_15::pitch_shift::+2st,ambient_15::pitch_shift::+2st,perturbations/audio/ambient_15__A.wav,perturbations/audio/ambient_15__pitch_shift__+2st.wav,,H,ambient,0.8724074346456192,0.9044295431478853,0.3333333333333333,2.0,0.8464090785110719,0.0,pitch_shift,0.5714285714285715,0.5433661973673345,0.0,ambient_15,1.0,1.0,0.9672870363091672,0.46463758884259587
ambient_15::pitch_shift::+4st,ambient_15::pitch_shift::+4st,perturbations/audio/ambient_15__A.wav,perturbations/audio/ambient_15__pitch_shift__+4st.wav,,H,ambient,0.7607107537767861,0.8314512831825002,0.6666666666666666,4.0,0.7736642558623357,0.0,pitch_shift,0.0,0.0,0.0,ambient_15,1.0,1.0,0.9191138005862446,0.17534840579480185
ambient_15::time_stretch::-10pct,ambient_15::time_stretch::-10pct,perturbations/audio/ambient_15__A.wav,perturbations/audio/ambient_15__time_stretch__-10pct.wav,,R,ambient,0.9857236812327357,0.9985877313437361,0.0,-10.0,0.6383801418835435,0.1111111111111111,time_stretch,0.23529411764705882,0.3799541111268844,14.094460227272734,ambient_15,1.0,1.0,0.9974880131847599,0.840568469703715
ambient_15::time_stretch::-20pct,ambient_15::time_stretch::-20pct,perturbations/audio/ambient_15__A.wav,perturbations/audio/ambient_15__time_stretch__-20pct.wav,,R,ambient,0.9793134443560312,0.9964965404460755,0.0,-20.0,0.6003071263715317,0.3333333333333333,time_stretch,0.125,0.4172845933746731,25.168678977272734,ambient_15,0.0,0.9798021434460016,0.9978111498057419,0.8132627800322304
ambient_15::time_stretch::-5pct,ambient_15::time_stretch::-5pct,perturbations/audio/ambient_15__A.wav,perturbations/audio/ambient_15__time_stretch__-5pct.wav,,R,ambient,0.9910332640904651,0.9980278867559356,0.0,-5.0,0.7269417902659568,0.4444444444444444,time_stretch,0.0,0.45461507562246173,5.1066884881422965,ambient_15,1.0,1.0,0.9978974334632821,0.863045194138034
ambient_15::time_stretch::+5pct,ambient_15::time_stretch::+5pct,perturbations/audio/ambient_15__A.wav,perturbations/audio/ambient_15__time_stretch__+5pct.wav,,R,ambient,0.9897584466035474,0.9981557136644793,0.16666666666666666,5.0,0.7294366400124347,0.2222222222222222,time_stretch,0.10000000000000002,0.45461507562246173,5.593039772727266,ambient_15,1.0,1.0,0.998233576970059,0.8647290466017258
ambient_15::time_stretch::+10pct,ambient_15::time_stretch::+10pct,perturbations/audio/ambient_15__A.wav,perturbations/audio/ambient_15__time_stretch__+10pct.wav,,R,ambient,0.990700389638413,0.9980803764700364,0.16666666666666666,10.0,0.6921090402119987,0.0,time_stretch,0.3,0.3799541111268843,11.745383522727266,ambient_15,1.0,1.0,0.9980052440598275,0.824129941105304
ambient_15::lowpass::lp8000,ambient_15::lowpass::lp8000,perturbations/audio/ambient_15__A.wav,perturbations/audio/ambient_15__lowpass__lp8000.wav,,T,ambient,0.9999999791876292,0.9999999785503908,0.0,8000.0,0.9999867174528777,1.0,lowpass,1.0,0.8652503803481372,0.0,ambient_15,1.0,1.0,0.9715316304845133,0.28585127543328376
ambient_15::time_stretch::+20pct,ambient_15::time_stretch::+20pct,perturbations/audio/ambient_15__A.wav,perturbations/audio/ambient_15__time_stretch__+20pct.wav,,R,ambient,0.9833890161602156,0.9968118295038875,0.16666666666666666,20.0,0.6109666073495604,0.1111111111111111,time_stretch,0.4347826086956522,0.36673551511505326,26.100852272727266,ambient_15,0.0726875691041502,0.6621660442401608,0.9982247640582594,0.821685352177852
ambient_15::lowpass::lp4000,ambient_15::lowpass::lp4000,perturbations/audio/ambient_15__A.wav,perturbations/audio/ambient_15__lowpass__lp4000.wav,,T,ambient,0.9999997260921315,0.9999998124351456,0.0,4000.0,0.9999591855377903,1.0,lowpass,0.28571428571428575,0.45461507562246173,34.545245655080194,ambient_15,1.0,1.0,0.9216261794790467,0.051924057728775244
ambient_15::lowpass::lp2000,ambient_15::lowpass::lp2000,perturbations/audio/ambient_15__A.wav,perturbations/audio/ambient_15__lowpass__lp2000.wav,,T,ambient,0.9999552240029266,0.9999691421177942,0.0,2000.0,0.9995034901840865,1.0,lowpass,0.11764705882352941,0.3799541111268843,18.545342404306226,ambient_15,1.0,1.0,0.9285845557006528,0.0003797544563658298
ambient_15::distortion::drv4,ambient_15::distortion::drv4,perturbations/audio/ambient_15__A.wav,perturbations/audio/ambient_15__distortion__drv4.wav,,T,ambient,0.999984627916198,0.999996218404878,0.0,4.0,0.99915290581287,1.0,distortion,1.0,1.0,0.0,ambient_15,1.0,1.0,0.9996307249178942,0.9589916374892862
ambient_15::distortion::drv12,ambient_15::distortion::drv12,perturbations/audio/ambient_15__A.wav,perturbations/audio/ambient_15__distortion__drv12.wav,,T,ambient,0.9991203111484627,0.999544493388828,0.0,12.0,0.9761056407214787,0.7777777777777778,distortion,1.0,0.8279198981003485,0.0,ambient_15,1.0,1.0,0.9790378911402601,0.6144894143753122
ambient_15::distortion::drv32,ambient_15::distortion::drv32,perturbations/audio/ambient_15__A.wav,perturbations/audio/ambient_15__distortion__drv32.wav,,T,ambient,0.9937218316824725,0.9960789081060654,0.16666666666666666,32.0,0.8950604920637184,0.4444444444444444,distortion,1.0,0.8279198981003485,0.0,ambient_15,1.0,1.0,0.9339289055424834,0.3569953134683957
ambient_15::style_swap::swap_cross,ambient_15::style_swap::swap_cross,perturbations/audio/ambient_15__A.wav,perturbations/audio/ambient_15__style_swap__swap_cross.wav,,S,ambient,0.7908772522001485,0.8932303936541116,0.6666666666666666,,0.295038156347587,0.0,style_swap,0.2105263157894737,0.3799541111268843,18.069820804195814,ambient_15,0.6390275635731048,0.9750375939849625,0.9265034085352906,0.19614999053067828
ambient_15::style_swap::swap_same,ambient_15::style_swap::swap_same,perturbations/audio/ambient_15__A.wav,perturbations/audio/ambient_15__style_swap__swap_same.wav,,S,ambient,0.8279671183071378,0.8996338692872723,0.16666666666666666,,0.2834143875919555,0.0,style_swap,0.3636363636363636,0.40481737315993127,18.545342404306226,ambient_15,0.6551258353476473,0.9895855472901168,0.916392018719824,0.07102386800045442
electronic_01::control::ctrl,electronic_01::control::ctrl,perturbations/audio/electronic_01__A.wav,perturbations/audio/electronic_01__control__ctrl.wav,,control,electronic,1.0,0.9999999781677018,0.0,0.0,1.0,1.0,control,1.0,1.0,0.0,electronic_01,1.0,1.0,0.9999999998350498,1.0
electronic_01::pitch_shift::-4st,electronic_01::pitch_shift::-4st,perturbations/audio/electronic_01__A.wav,perturbations/audio/electronic_01__pitch_shift__-4st.wav,,H,electronic,0.8646846668440686,0.9349999981589457,0.16666666666666666,-4.0,0.7766526521171478,0.09523809523809523,pitch_shift,0.7499999999999999,0.722732453936632,0.0,electronic_01,1.0,1.0,0.9778473355155431,0.3121265465305205
electronic_01::pitch_shift::-2st,electronic_01::pitch_shift::-2st,perturbations/audio/electronic_01__A.wav,perturbations/audio/electronic_01__pitch_shift__-2st.wav,,H,electronic,0.858431003724868,0.9231236205524845,0.3333333333333333,-2.0,0.8515988381302599,0.14285714285714285,pitch_shift,0.3636363636363636,0.3619668402456945,28.952205882352928,electronic_01,0.8038837557365044,0.9774103400093154,0.9917128472563127,0.6294013456220633
electronic_01::pitch_shift::-1st,electronic_01::pitch_shift::-1st,perturbations/audio/electronic_01__A.wav,perturbations/audio/electronic_01__pitch_shift__-1st.wav,,H,electronic,0.8917420836850746,0.954291333378846,0.8333333333333334,-1.0,0.8624368708819403,0.09523809523809523,pitch_shift,0.3636363636363636,0.330858105039204,28.952205882352928,electronic_01,0.7275132636315729,0.9661335841956726,0.9965460487297674,0.8027863961090913
electronic_01::pitch_shift::+1st,electronic_01::pitch_shift::+1st,perturbations/audio/electronic_01__A.wav,perturbations/audio/electronic_01__pitch_shift__+1st.wav,,H,electronic,0.8742794976277433,0.9428003271806151,0.8333333333333334,1.0,0.878829997014672,0.047619047619047616,pitch_shift,0.4615384615384615,0.5666065223658278,12.95230263157896,electronic_01,1.0,1.0,0.9978880009620388,0.7952245470550326
electronic_01::pitch_shift::+2st,electronic_01::pitch_shift::+2st,perturbations/audio/electronic_01__A.wav,perturbations/audio/electronic_01__pitch_shift__+2st.wav,,H,electronic,0.8811663701613768,0.9524378287244973,0.3333333333333333,2.0,0.8371720924845867,0.2857142857142857,pitch_shift,0.5,0.3799541111268843,20.5078125,electronic_01,0.8038837557365044,0.9774103400093154,0.9943179298866333,0.5800808365205832
electronic_01::pitch_shift::+4st,electronic_01::pitch_shift::+4st,perturbations/audio/electronic_01__A.wav,perturbations/audio/electronic_01__pitch_shift__+4st.wav,,H,electronic,0.8696116336016064,0.9443857688223821,0.6666666666666666,4.0,0.7825272473521461,0.047619047619047616,pitch_shift,0.7499999999999999,0.7067782836077847,0.0,electronic_01,1.0,1.0,0.9810422199659671,0.30798054764154914
electronic_01::time_stretch::-20pct,electronic_01::time_stretch::-20pct,perturbations/audio/electronic_01__A.wav,perturbations/audio/electronic_01__time_stretch__-20pct.wav,,R,electronic,0.9478444443368436,0.9959088296300846,0.0,-20.0,0.5870901646025617,0.14285714285714285,time_stretch,0.11764705882352941,0.45461507562246173,20.5078125,electronic_01,0.8934636515453438,0.9887018676504495,0.9912499018034846,0.8455749322983165
electronic_01::time_stretch::-10pct,electronic_01::time_stretch::-10pct,perturbations/audio/electronic_01__A.wav,perturbations/audio/electronic_01__time_stretch__-10pct.wav,,R,electronic,0.9655130913661626,0.9958133122225153,0.0,-10.0,0.7134125742456405,0.09523809523809523,time_stretch,0.11764705882352941,0.3799541111268844,10.699728260869563,electronic_01,0.8934636515453438,0.9887018676504495,0.996185065976114,0.862842241565651
electronic_01::time_stretch::-5pct,electronic_01::time_stretch::-5pct,perturbations/audio/electronic_01__A.wav,perturbations/audio/electronic_01__time_stretch__-5pct.wav,,R,electronic,0.9816851573426376,0.9985193188449415,0.0,-5.0,0.7973632726024922,0.09523809523809523,time_stretch,0.3529411764705882,0.5060357151195458,10.699728260869563,electronic_01,1.0,1.0,0.9972935639574816,0.8899419181477015
electronic_01::time_stretch::+5pct,electronic_01::time_stretch::+5pct,perturbations/audio/electronic_01__A.wav,perturbations/audio/electronic_01__time_stretch__+5pct.wav,,R,electronic,0.9803129359570638,0.9990656499157312,0.0,5.0,0.7890142069813283,0.09523809523809523,time_stretch,0.3,0.46870523287175714,6.15234375,electronic_01,0.8934636515453438,0.9887018676504495,0.999169308809499,0.8806493165277959
electronic_01::time_stretch::+10pct,electronic_01::time_stretch::+10pct,perturbations/audio/electronic_01__A.wav,perturbations/audio/electronic_01__time_stretch__+10pct.wav,,R,electronic,0.9714733578374175,0.9986499486775903,0.0,10.0,0.7263136889402435,0.047619047619047616,time_stretch,0.4347826086956522,0.36673551511505326,38.4521484375,electronic_01,0.8038837557365044,0.9774103400093154,0.9988584468150119,0.8857422617973235
electronic_01::time_stretch::+20pct,electronic_01::time_stretch::+20pct,perturbations/audio/electronic_01__A.wav,perturbations/audio/electronic_01__time_stretch__+20pct.wav,,R,electronic,0.9680949963271388,0.9939808921948927,0.8333333333333334,20.0,0.6699006877153869,0.09523809523809523,time_stretch,0.4444444444444445,0.4546150756224616,19.6875,electronic_01,0.8737708269718413,0.9889290555806598,0.9956075388312086,0.5333142762191762
electronic_01::lowpass::lp8000,electronic_01::lowpass::lp8000,perturbations/audio/electronic_01__A.wav,perturbations/audio/electronic_01__lowpass__lp8000.wav,,T,electronic,0.9956699757760381,0.9974160855767997,0.0,8000.0,0.9999832817644503,1.0,lowpass,1.0,1.0,0.0,electronic_01,1.0,1.0,0.9602349581257662,0.09266811882284919
electronic_01::lowpass::lp4000,electronic_01::lowpass::lp4000,perturbations/audio/electronic_01__A.wav,perturbations/audio/electronic_01__lowpass__lp4000.wav,,T,electronic,0.9999957167318346,0.9999983792841494,0.0,4000.0,0.9999481634928398,1.0,lowpass,0.18181818181818182,0.0,45.9130130597015,electronic_01,0.6042240954318527,0.9436585950611364,0.8994854346745588,0.013893429297190061
electronic_01::distortion::drv4,electronic_01::distortion::drv4,perturbations/audio/electronic_01__A.wav,perturbations/audio/electronic_01__distortion__drv4.wav,,T,electronic,0.9992891515958359,0.9996205453384853,0.0,4.0,0.9999994477999538,1.0,distortion,1.0,1.0,0.0,electronic_01,1.0,1.0,0.9999999942203851,0.9999616959834741
electronic_01::lowpass::lp2000,electronic_01::lowpass::lp2000,perturbations/audio/electronic_01__A.wav,perturbations/audio/electronic_01__lowpass__lp2000.wav,,T,electronic,0.9952382776223153,0.9971665413283148,0.0,2000.0,0.9957147357127574,0.6666666666666666,lowpass,0.0,0.0,51.26953125,electronic_01,0.0,0.9496021220159152,0.9122426973628046,0.0001728446133172978
electronic_01::distortion::drv12,electronic_01::distortion::drv12,perturbations/audio/electronic_01__A.wav,perturbations/audio/electronic_01__distortion__drv12.wav,,T,electronic,0.9956775948547414,0.9974246349896198,0.0,12.0,0.9999651621938046,1.0,distortion,1.0,0.9124608415961211,0.0,electronic_01,1.0,1.0,0.9999987926745749,0.9991470232932599
electronic_01::distortion::drv32,electronic_01::distortion::drv32,perturbations/audio/electronic_01__A.wav,perturbations/audio/electronic_01__distortion__drv32.wav,,T,electronic,0.9942509213888594,0.9966530834151548,0.0,32.0,0.9979535810089595,1.0,distortion,0.47619047619047616,0.417284593374673,20.5078125,electronic_01,1.0,1.0,0.9996608184988299,0.9382192095637665
electronic_01::style_swap::swap_cross,electronic_01::style_swap::swap_cross,perturbations/audio/electronic_01__A.wav,perturbations/audio/electronic_01__style_swap__swap_cross.wav,,S,electronic,0.8656371697724966,0.9303149991817671,0.8333333333333334,,0.2570900245607196,0.0,style_swap,0.45454545454545453,0.3799541111268843,12.95230263157896,electronic_01,0.3078451574919042,0.9583971972848697,0.717868869651854,0.025590427720271088
electronic_01::style_swap::swap_same,electronic_01::style_swap::swap_same,perturbations/audio/electronic_01__A.wav,perturbations/audio/electronic_01__style_swap__swap_same.wav,,S,electronic,0.8924613643698978,0.9468682608390773,0.3333333333333333,,0.2739975290438954,0.0,style_swap,0.11764705882352941,0.3799541111268844,33.94396551724138,electronic_01,0.8038837557365044,0.9774103400093154,0.8346271182491007,0.08369114287597994
electronic_02::control::ctrl,electronic_02::control::ctrl,perturbations/audio/electronic_02__A.wav,perturbations/audio/electronic_02__control__ctrl.wav,,control,electronic,0.9999999998231975,0.999999977406927,0.0,0.0,0.9999999756293917,1.0,control,1.0,1.0,0.0,electronic_02,1.0,1.0,0.9999999997398148,0.9999999602286358
electronic_02::pitch_shift::-4st,electronic_02::pitch_shift::-4st,perturbations/audio/electronic_02__A.wav,perturbations/audio/electronic_02__pitch_shift__-4st.wav,,H,electronic,0.6604478337557177,0.8172520215596142,0.6666666666666666,-4.0,0.7866300230161364,1.0,pitch_shift,0.38095238095238093,0.3936848314396409,102.98488451086956,electronic_02,1.0,1.0,0.9971063250653815,0.4738948277797901
electronic_02::pitch_shift::-2st,electronic_02::pitch_shift::-2st,perturbations/audio/electronic_02__A.wav,perturbations/audio/electronic_02__pitch_shift__-2st.wav,,H,electronic,0.8315669481633524,0.9182327786170869,0.3333333333333333,-2.0,0.807850491129323,1.0,pitch_shift,0.38095238095238093,0.42102639026139754,102.98488451086956,electronic_02,0.3774944325575303,0.9687771032090199,0.9975008439000431,0.6878749089985817
electronic_02::pitch_shift::+1st,electronic_02::pitch_shift::+1st,perturbations/audio/electronic_02__A.wav,perturbations/audio/electronic_02__pitch_shift__+1st.wav,,H,electronic,0.6512232204190773,0.8016355759557566,0.8333333333333334,1.0,0.8372135358322044,1.0,pitch_shift,1.0,0.7872036031215104,0.0,electronic_02,1.0,1.0,0.9985162398824584,0.8312699023935726
electronic_02::pitch_shift::-1st,electronic_02::pitch_shift::-1st,perturbations/audio/electronic_02__A.wav,perturbations/audio/electronic_02__pitch_shift__-1st.wav,,H,electronic,0.6435770598677374,0.7911532625228694,0.8333333333333334,-1.0,0.8887546266089732,1.0,pitch_shift,0.38095238095238093,0.42102639026139754,102.98488451086956,electronic_02,1.0,1.0,0.9983995023282708,0.820043162526714
electronic_02::pitch_shift::+2st,electronic_02::pitch_shift::+2st,perturbations/audio/electronic_02__A.wav,perturbations/audio/electronic_02__pitch_shift__+2st.wav,,H,electronic,0.8376012161181713,0.9133630968792631,0.3333333333333333,2.0,0.7737756632637918,1.0,pitch_shift,0.38095238095238093,0.49519203966884545,102.98488451086956,electronic_02,1.0,1.0,0.9966218168988233,0.7077289038300956
electronic_02::pitch_shift::+4st,electronic_02::pitch_shift::+4st,perturbations/audio/electronic_02__A.wav,perturbations/audio/electronic_02__pitch_shift__+4st.wav,,H,electronic,0.6830272228980205,0.8161574609787259,0.6666666666666666,4.0,0.7883530614072642,1.0,pitch_shift,0.38095238095238093,0.49519203966884545,102.98488451086956,electronic_02,1.0,1.0,0.993486655103133,0.5345727552827299
electronic_02::time_stretch::-10pct,electronic_02::time_stretch::-10pct,perturbations/audio/electronic_02__A.wav,perturbations/audio/electronic_02__time_stretch__-10pct.wav,,R,electronic,0.9887876653560234,0.9976145790006298,0.16666666666666666,-10.0,0.6705709579226442,1.0,time_stretch,0.5454545454545455,0.34686074085394963,16.56400240384616,electronic_02,0.3774944325575303,0.9687771032090199,0.9987397484773709,0.852034922802445
electronic_02::time_stretch::-5pct,electronic_02::time_stretch::-5pct,perturbations/audio/electronic_02__A.wav,perturbations/audio/electronic_02__time_stretch__-5pct.wav,,R,electronic,0.9942014405141464,0.9995161535703865,0.0,-5.0,0.7139806058990594,1.0,time_stretch,0.39999999999999997,0.3668475414255273,0.0,electronic_02,0.8728985024646252,0.9882827264709588,0.9993382690863611,0.9108127899344685
electronic_02::time_stretch::-20pct,electronic_02::time_stretch::-20pct,perturbations/audio/electronic_02__A.wav,perturbations/audio/electronic_02__time_stretch__-20pct.wav,,R,electronic,0.9563706554859195,0.9962725521698741,0.16666666666666666,-20.0,0.6135505188230814,1.0,time_stretch,0.5999999999999999,0.36673551511505326,30.76171875,electronic_02,0.04231352836103294,0.6515306869781748,0.9984984852272129,0.814023174290412
electronic_02::time_stretch::+5pct,electronic_02::time_stretch::+5pct,perturbations/audio/electronic_02__A.wav,perturbations/audio/electronic_02__time_stretch__+5pct.wav,,R,electronic,0.9920830456076788,0.9989530787798941,0.0,5.0,0.7411680205082614,1.0,time_stretch,0.3333333333333333,0.23706520483104182,58.726917613636374,electronic_02,0.3774944325575303,0.9687771032090199,0.998564714668879,0.8850882167161976
electronic_02::time_stretch::+20pct,electronic_02::time_stretch::+20pct,perturbations/audio/electronic_02__A.wav,perturbations/audio/electronic_02__time_stretch__+20pct.wav,,R,electronic,0.982379492758674,0.9977921533068875,0.16666666666666666,20.0,0.6169435972919719,1.0,time_stretch,0.2608695652173913,0.324901633649368,79.33285361842104,electronic_02,0.3774944325575303,0.9687771032090199,0.997116307848795,0.8540629436709772
electronic_02::time_stretch::+10pct,electronic_02::time_stretch::+10pct,perturbations/audio/electronic_02__A.wav,perturbations/audio/electronic_02__time_stretch__+10pct.wav,,R,electronic,0.988695571945174,0.9982159606904261,0.0,10.0,0.6927700820477536,1.0,time_stretch,0.2857142857142857,0.23706520483104182,92.28515625,electronic_02,0.0,0.9596469104665826,0.9983919837069843,0.8678953725228595
electronic_02::lowpass::lp8000,electronic_02::lowpass::lp8000,perturbations/audio/electronic_02__A.wav,perturbations/audio/electronic_02__lowpass__lp8000.wav,,T,electronic,0.9999875769871299,0.9999985101881512,0.0,8000.0,0.9999735553814572,1.0,lowpass,1.0,1.0,0.0,electronic_02,1.0,1.0,0.9428779023645011,0.09633482736398463
electronic_02::lowpass::lp4000,electronic_02::lowpass::lp4000,perturbations/audio/electronic_02__A.wav,perturbations/audio/electronic_02__lowpass__lp4000.wav,,T,electronic,0.9999956674784948,0.9999965109939963,0.0,4000.0,0.9997645929435554,1.0,lowpass,0.38095238095238093,0.42102639026139754,102.98488451086956,electronic_02,1.0,1.0,0.9022594432031805,0.03398043589394806
electronic_02::lowpass::lp2000,electronic_02::lowpass::lp2000,perturbations/audio/electronic_02__A.wav,perturbations/audio/electronic_02__lowpass__lp2000.wav,,T,electronic,0.9997260560480918,0.9998655230853847,0.0,2000.0,0.9925071567871329,1.0,lowpass,0.38095238095238093,0.3936848314396409,102.98488451086956,electronic_02,0.0,0.9596469104665826,0.8929884719053064,0.0004362343569007323
electronic_02::distortion::drv4,electronic_02::distortion::drv4,perturbations/audio/electronic_02__A.wav,perturbations/audio/electronic_02__distortion__drv4.wav,,T,electronic,0.9939448285694713,0.9968191558110323,0.0,4.0,0.9276887530963334,1.0,distortion,0.45454545454545453,0.3771081758522344,67.67578125,electronic_02,0.3774944325575303,0.9687771032090199,0.9995147710288129,0.8260939592465651
electronic_02::distortion::drv12,electronic_02::distortion::drv12,perturbations/audio/electronic_02__A.wav,perturbations/audio/electronic_02__distortion__drv12.wav,,T,electronic,0.9942987592667507,0.9975167931912922,0.0,12.0,0.8413811485389349,1.0,distortion,0.45454545454545453,0.4386995241308933,67.67578125,electronic_02,0.3774944325575303,0.9687771032090199,0.997017769108403,0.593012120067542
electronic_02::distortion::drv32,electronic_02::distortion::drv32,perturbations/audio/electronic_02__A.wav,perturbations/audio/electronic_02__distortion__drv32.wav,,T,electronic,0.9924711240667972,0.9962906650711343,0.0,32.0,0.7917472152409166,1.0,distortion,0.45454545454545453,0.3771081758522344,67.67578125,electronic_02,0.3774944325575303,0.9687771032090199,0.994668162236023,0.5138670980881876
electronic_02::style_swap::swap_cross,electronic_02::style_swap::swap_cross,perturbations/audio/electronic_02__A.wav,perturbations/audio/electronic_02__style_swap__swap_cross.wav,,S,electronic,0.8236706385280544,0.9624321613309793,0.0,,0.3107290924784192,0.0,style_swap,0.3478260869565218,0.2590243120356235,71.77734375,electronic_02,0.8717092946391839,0.987400434467777,0.8928985143668811,0.12616812656721957
electronic_02::style_swap::swap_same,electronic_02::style_swap::swap_same,perturbations/audio/electronic_02__A.wav,perturbations/audio/electronic_02__style_swap__swap_same.wav,,S,electronic,0.7864732246636775,0.8651923334640064,0.3333333333333333,,0.252704427394689,0.0,style_swap,0.5185185185185185,0.3688198480585312,30.76171875,electronic_02,0.8737708269718413,0.9889290555806598,0.839065016837999,0.1257420597054378
electronic_03::control::ctrl,electronic_03::control::ctrl,perturbations/audio/electronic_03__A.wav,perturbations/audio/electronic_03__control__ctrl.wav,,control,electronic,1.0,0.9999999766102872,0.0,0.0,1.0,1.0,control,1.0,1.0,0.0,electronic_03,1.0,1.0,0.9999999998016593,1.0
electronic_03::pitch_shift::-4st,electronic_03::pitch_shift::-4st,perturbations/audio/electronic_03__A.wav,perturbations/audio/electronic_03__pitch_shift__-4st.wav,,H,electronic,0.681433475426007,0.7607809149601635,0.6666666666666666,-4.0,0.7263836702130824,0.5,pitch_shift,1.0,0.7041629275170908,0.0,electronic_03,1.0,1.0,0.9965564719754194,0.4684236958607036
electronic_03::pitch_shift::-2st,electronic_03::pitch_shift::-2st,perturbations/audio/electronic_03__A.wav,perturbations/audio/electronic_03__pitch_shift__-2st.wav,,H,electronic,0.8007596932395584,0.8833906621823606,0.5,-2.0,0.7923569220840723,1.0,pitch_shift,1.0,0.8285978683430528,0.0,electronic_03,1.0,1.0,0.9985684359252669,0.7026531101690412
electronic_03::pitch_shift::-1st,electronic_03::pitch_shift::-1st,perturbations/audio/electronic_03__A.wav,perturbations/audio/electronic_03__pitch_shift__-1st.wav,,H,electronic,0.7084204025361921,0.8159987404089893,0.6666666666666666,-1.0,0.7750643052057226,0.5,pitch_shift,1.0,0.8285978683430528,0.0,electronic_03,1.0,1.0,0.9992167725368647,0.8556327285574846
electronic_03::pitch_shift::+1st,electronic_03::pitch_shift::+1st,perturbations/audio/electronic_03__A.wav,perturbations/audio/electronic_03__pitch_shift__+1st.wav,,H,electronic,0.675531229088685,0.8093043934112084,1.0,1.0,0.7853861678132101,0.5,pitch_shift,1.0,1.0,0.0,electronic_03,1.0,1.0,0.9992550070451949,0.8466869563309044
electronic_03::time_stretch::-20pct,electronic_03::time_stretch::-20pct,perturbations/audio/electronic_03__A.wav,perturbations/audio/electronic_03__time_stretch__-20pct.wav,,R,electronic,0.9603758712326063,0.9870453576057449,0.0,-20.0,0.5499456552927187,1.0,time_stretch,0.16666666666666666,0.4083258550341814,15.101207386363633,electronic_03,0.0726875691041502,0.6621660442401608,0.9979544449961664,0.8223325308795069
electronic_03::pitch_shift::+2st,electronic_03::pitch_shift::+2st,perturbations/audio/electronic_03__A.wav,perturbations/audio/electronic_03__pitch_shift__+2st.wav,,H,electronic,0.7898930847434148,0.8726703149432974,0.16666666666666666,2.0,0.7905754096874567,0.25,pitch_shift,1.0,1.0,0.0,electronic_03,1.0,1.0,0.9966814014481696,0.6845162390376924
electronic_03::pitch_shift::+4st,electronic_03::pitch_shift::+4st,perturbations/audio/electronic_03__A.wav,perturbations/audio/electronic_03__pitch_shift__+4st.wav,,H,electronic,0.6877895877293823,0.7570993205039879,0.5,4.0,0.7059122495018693,0.75,pitch_shift,1.0,1.0,0.0,electronic_03,1.0,1.0,0.9886010016578345,0.459610177327998
electronic_03::time_stretch::-10pct,electronic_03::time_stretch::-10pct,perturbations/audio/electronic_03__A.wav,perturbations/audio/electronic_03__time_stretch__-10pct.wav,,R,electronic,0.9729095412159833,0.9882267872559057,0.16666666666666666,-10.0,0.6156593951863039,0.5,time_stretch,0.16666666666666666,0.4083258550341814,5.82853618421052,electronic_03,0.0726875691041502,0.6621660442401608,0.9994135452056377,0.9031073761013385
electronic_03::time_stretch::-5pct,electronic_03::time_stretch::-5pct,perturbations/audio/electronic_03__A.wav,perturbations/audio/electronic_03__time_stretch__-5pct.wav,,R,electronic,0.970361610631756,0.985804766457474,0.16666666666666666,-5.0,0.615779658558302,0.25,time_stretch,0.28571428571428575,0.4221623509519961,2.05078125,electronic_03,0.0726875691041502,0.6621660442401608,0.9999137174611288,0.9435086060944784
electronic_03::time_stretch::+20pct,electronic_03::time_stretch::+20pct,perturbations/audio/electronic_03__A.wav,perturbations/audio/electronic_03__time_stretch__+20pct.wav,,R,electronic,0.9502917168532549,0.9686306828110959,0.0,20.0,0.5476348773719554,0.5,time_stretch,0.0,0.7041629275170908,15.27478448275862,electronic_03,0.06938547161339849,0.6517684887459808,0.9991204564709254,0.8624790834274915
electronic_03::time_stretch::+5pct,electronic_03::time_stretch::+5pct,perturbations/audio/electronic_03__A.wav,perturbations/audio/electronic_03__time_stretch__+5pct.wav,,R,electronic,0.9656325872298498,0.9781876795399481,0.16666666666666666,5.0,0.6444726495125068,0.5,time_stretch,0.0,0.7041629275170908,4.474431818181813,electronic_03,0.9214750413672641,0.9588031222896791,0.999891205078933,0.9421995656326526
electronic_03::time_stretch::+10pct,electronic_03::time_stretch::+10pct,perturbations/audio/electronic_03__A.wav,perturbations/audio/electronic_03__time_stretch__+10pct.wav,,R,electronic,0.9783664710144309,0.9884299123684112,0.16666666666666666,10.0,0.6112692514368245,1.0,time_stretch,0.0,0.7041629275170908,6.92138671875,electronic_03,0.8284261896885909,0.9075480125055829,0.9997139886302034,0.9102416110806831
electronic_03::lowpass::lp2000,electronic_03::lowpass::lp2000,perturbations/audio/electronic_03__A.wav,perturbations/audio/electronic_03__lowpass__lp2000.wav,,T,electronic,0.999845456764558,0.9999255192584987,0.0,2000.0,0.9935788700893692,1.0,lowpass,1.0,0.8285978683430528,0.0,electronic_03,0.0726875691041502,0.6621660442401608,0.9337412806987795,0.00027327908461944104
electronic_03::lowpass::lp8000,electronic_03::lowpass::lp8000,perturbations/audio/electronic_03__A.wav,perturbations/audio/electronic_03__lowpass__lp8000.wav,,T,electronic,0.9999750196539411,0.9999958746259335,0.0,8000.0,0.9997660746864298,1.0,lowpass,1.0,0.8285978683430528,0.0,electronic_03,1.0,1.0,0.9609661944303243,0.2601641371954388
electronic_03::lowpass::lp4000,electronic_03::lowpass::lp4000,perturbations/audio/electronic_03__A.wav,perturbations/audio/electronic_03__lowpass__lp4000.wav,,T,electronic,0.9999921514082323,0.9999980570889382,0.0,4000.0,0.9995692532783748,1.0,lowpass,1.0,0.7041629275170908,0.0,electronic_03,1.0,1.0,0.938659916901004,0.1184489345835189
electronic_03::distortion::drv12,electronic_03::distortion::drv12,perturbations/audio/electronic_03__A.wav,perturbations/audio/electronic_03__distortion__drv12.wav,,T,electronic,0.996049749930184,0.9987242139706455,0.0,12.0,0.8428937140091936,1.0,distortion,0.6,0.6561170117268058,2.171415441176464,electronic_03,0.0726875691041502,0.6621660442401608,0.9974859668133408,0.6983045707891764
electronic_03::distortion::drv4,electronic_03::distortion::drv4,perturbations/audio/electronic_03__A.wav,perturbations/audio/electronic_03__distortion__drv4.wav,,T,electronic,0.9990911335265477,0.9998144781809714,0.0,4.0,0.9595349582650751,1.0,distortion,1.0,0.7041629275170908,0.0,electronic_03,1.0,1.0,0.9995032796591854,0.9223074289838944
electronic_03::distortion::drv32,electronic_03::distortion::drv32,perturbations/audio/electronic_03__A.wav,perturbations/audio/electronic_03__distortion__drv32.wav,,T,electronic,0.992663121774488,0.9967612659162619,0.0,32.0,0.7586574965816129,1.0,distortion,0.6,0.6561170117268058,2.171415441176464,electronic_03,0.07079372189380496,0.645347074871173,0.9965338272161421,0.5377797214727006
electronic_03::style_swap::swap_same,electronic_03::style_swap::swap_same,perturbations/audio/electronic_03__A.wav,perturbations/audio/electronic_03__style_swap__swap_same.wav,,S,electronic,0.7306429220985718,0.8667695070353673,0.5,,0.263941164511021,0.0,style_swap,0.25,0.5666065223658278,19.9951171875,electronic_03,0.06920305895978855,0.6524236983842011,0.8796601473073302,0.25804105149138035
electronic_03::style_swap::swap_cross,electronic_03::style_swap::swap_cross,perturbations/audio/electronic_03__A.wav,perturbations/audio/electronic_03__style_swap__swap_cross.wav,,S,electronic,0.578063051702581,0.7228736442168062,0.8333333333333334,,0.32332829816237507,0.0,style_swap,0.15384615384615383,0.417284593374673,15.101207386363633,electronic_03,0.0726875691041502,0.6621660442401608,0.9336232307539094,0.16710915264104056
electronic_04::control::ctrl,electronic_04::control::ctrl,perturbations/audio/electronic_04__A.wav,perturbations/audio/electronic_04__control__ctrl.wav,,control,electronic,1.0,0.9999999794626967,0.0,0.0,1.0,1.0,control,1.0,1.0,0.0,electronic_04,1.0,1.0,0.999999999740839,0.9999999999999998
electronic_04::pitch_shift::-4st,electronic_04::pitch_shift::-4st,perturbations/audio/electronic_04__A.wav,perturbations/audio/electronic_04__pitch_shift__-4st.wav,,H,electronic,0.7796127939810196,0.7985931549805536,0.6666666666666666,-4.0,0.6305695353929102,1.0,pitch_shift,1.0,0.8485729818842953,0.0,electronic_04,1.0,1.0,0.986089714487225,0.5508886485747098
electronic_04::pitch_shift::-2st,electronic_04::pitch_shift::-2st,perturbations/audio/electronic_04__A.wav,perturbations/audio/electronic_04__pitch_shift__-2st.wav,,H,electronic,0.9060584939886663,0.888741355664114,0.3333333333333333,-2.0,0.7614607165966367,0.0,pitch_shift,1.0,0.8485729818842953,0.0,electronic_04,1.0,1.0,0.995702402680831,0.7967612215278802
electronic_04::pitch_shift::-1st,electronic_04::pitch_shift::-1st,perturbations/audio/electronic_04__A.wav,perturbations/audio/electronic_04__pitch_shift__-1st.wav,,H,electronic,0.9197760453162908,0.9406127498352048,0.0,-1.0,0.7084156668829422,0.0,pitch_shift,1.0,0.8485729818842953,0.0,electronic_04,1.0,1.0,0.9985573104586098,0.9078300375792543
electronic_04::pitch_shift::+1st,electronic_04::pitch_shift::+1st,perturbations/audio/electronic_04__A.wav,perturbations/audio/electronic_04__pitch_shift__+1st.wav,,H,electronic,0.937727383383733,0.9552455430162584,0.8333333333333334,1.0,0.681755494008256,0.0,pitch_shift,1.0,0.7761178440698785,0.0,electronic_04,0.9168580536797724,0.9882352941176471,0.999127820665651,0.9160544173679931
electronic_04::pitch_shift::+2st,electronic_04::pitch_shift::+2st,perturbations/audio/electronic_04__A.wav,perturbations/audio/electronic_04__pitch_shift__+2st.wav,,H,electronic,0.9275904120553827,0.9002159744506477,0.3333333333333333,2.0,0.7257277008429381,1.0,pitch_shift,1.0,0.8700503029135271,0.0,electronic_04,0.9168580536797724,0.9882352941176471,0.9952693276426752,0.7542856195744183
electronic_04::pitch_shift::+4st,electronic_04::pitch_shift::+4st,perturbations/audio/electronic_04__A.wav,perturbations/audio/electronic_04__pitch_shift__+4st.wav,,H,electronic,0.7501949027518972,0.767469793521989,0.6666666666666666,4.0,0.6713339001536776,1.0,pitch_shift,1.0,0.8327523033351437,0.0,electronic_04,0.9168580536797724,0.9882352941176471,0.9838736309052387,0.486750581507457
electronic_04::time_stretch::+5pct,electronic_04::time_stretch::+5pct,perturbations/audio/electronic_04__A.wav,perturbations/audio/electronic_04__time_stretch__+5pct.wav,,R,electronic,0.9790763297059354,0.9929336185366981,0.8333333333333334,5.0,0.5676861655445966,0.0,time_stretch,0.5,0.3788544603493758,7.95072115384616,electronic_04,0.826556440563825,0.976948669201521,0.9999009156097108,0.9710743378229234
electronic_04::time_stretch::-20pct,electronic_04::time_stretch::-20pct,perturbations/audio/electronic_04__A.wav,perturbations/audio/electronic_04__time_stretch__-20pct.wav,,R,electronic,0.9790936906216289,0.9926416781142774,0.0,-20.0,0.5351991003840519,0.0,time_stretch,0.5,0.3233850092588303,37.26900540865384,electronic_04,0.17344933490021042,0.6524936061381075,0.999223799905793,0.8898955811283649
electronic_04::time_stretch::-10pct,electronic_04::time_stretch::-10pct,perturbations/audio/electronic_04__A.wav,perturbations/audio/electronic_04__time_stretch__-10pct.wav,,R,electronic,0.9902783323715992,0.9931569291226402,0.0,-10.0,0.6085850739416541,0.0,time_stretch,0.45161290322580644,0.2956564380481107,14.19771634615384,electronic_04,0.16078759105352333,0.6553636507684996,0.9996192931219584,0.9432449184008004
electronic_04::time_stretch::-5pct,electronic_04::time_stretch::-5pct,perturbations/audio/electronic_04__A.wav,perturbations/audio/electronic_04__time_stretch__-5pct.wav,,R,electronic,0.9865693009214408,0.9964408922867234,0.0,-5.0,0.5720118267232751,0.0,time_stretch,0.45161290322580644,0.3467165606636982,14.19771634615384,electronic_04,0.7275132636315729,0.9661335841956726,0.9999040802402629,0.9727814092546833
electronic_04::time_stretch::+10pct,electronic_04::time_stretch::+10pct,perturbations/audio/electronic_04__A.wav,perturbations/audio/electronic_04__time_stretch__+10pct.wav,,R,electronic,0.9813045495941066,0.9906806129066474,0.0,10.0,0.6171664402382897,0.0,time_stretch,0.7058823529411765,0.3331970929553707,16.56400240384616,electronic_04,0.9168580536797724,0.9882352941176471,0.9997478512066831,0.956411434098147
electronic_04::time_stretch::+20pct,electronic_04::time_stretch::+20pct,perturbations/audio/electronic_04__A.wav,perturbations/audio/electronic_04__time_stretch__+20pct.wav,,R,electronic,0.9840624145007316,0.9924612762381028,0.0,20.0,0.5911264267662629,0.0,time_stretch,0.36363636363636365,0.3233850092588303,7.36177884615384,electronic_04,0.9168580536797724,0.9882352941176471,0.9995531630661788,0.9118200357096526
electronic_04::lowpass::lp8000,electronic_04::lowpass::lp8000,perturbations/audio/electronic_04__A.wav,perturbations/audio/electronic_04__lowpass__lp8000.wav,,T,electronic,0.9998921360811722,0.9999175145206095,0.0,8000.0,0.9999882001704347,1.0,lowpass,1.0,1.0,0.0,electronic_04,1.0,1.0,0.9261068501314473,0.07415973224701425
electronic_04::lowpass::lp4000,electronic_04::lowpass::lp4000,perturbations/audio/electronic_04__A.wav,perturbations/audio/electronic_04__lowpass__lp4000.wav,,T,electronic,0.9999990418606267,0.9999994149707396,0.0,4000.0,0.9981516335455641,1.0,lowpass,1.0,0.7785783276696916,0.0,electronic_04,0.826556440563825,0.976948669201521,0.8337552822914239,0.07909445206221136
electronic_04::lowpass::lp2000,electronic_04::lowpass::lp2000,perturbations/audio/electronic_04__A.wav,perturbations/audio/electronic_04__lowpass__lp2000.wav,,T,electronic,0.9999535877211344,0.99997528669537,0.0,2000.0,0.9475395422856704,1.0,lowpass,0.3703703703703703,0.3555229089445079,62.76885121457488,electronic_04,0.826556440563825,0.976948669201521,0.9222061550886876,0.0006950927258616648
electronic_04::distortion::drv4,electronic_04::distortion::drv4,perturbations/audio/electronic_04__A.wav,perturbations/audio/electronic_04__distortion__drv4.wav,,T,electronic,0.999843597432915,0.9998808518281396,0.0,4.0,0.955326062762712,1.0,distortion,1.0,1.0,0.0,electronic_04,1.0,1.0,0.9999423871045184,0.9966580320507754
electronic_04::distortion::drv12,electronic_04::distortion::drv12,perturbations/audio/electronic_04__A.wav,perturbations/audio/electronic_04__distortion__drv12.wav,,T,electronic,0.9991366532576273,0.999314288052823,0.0,12.0,0.9179057213312845,1.0,distortion,1.0,0.8700503029135271,0.0,electronic_04,0.826556440563825,0.976948669201521,0.9983283361095112,0.9133538420948426
electronic_04::distortion::drv32,electronic_04::distortion::drv32,perturbations/audio/electronic_04__A.wav,perturbations/audio/electronic_04__distortion__drv32.wav,,T,electronic,0.9692786808232858,0.9739492758885371,0.0,32.0,0.8259711524862688,1.0,distortion,1.0,0.7785783276696916,0.0,electronic_04,0.826556440563825,0.976948669201521,0.9915446246939219,0.725764803633166
electronic_04::style_swap::swap_cross,electronic_04::style_swap::swap_cross,perturbations/audio/electronic_04__A.wav,perturbations/audio/electronic_04__style_swap__swap_cross.wav,,S,electronic,0.7553966843039184,0.8355064756711382,0.6666666666666666,,0.26574978373359603,0.0,style_swap,0.3076923076923077,0.30005345785396237,59.63040865384616,electronic_04,0.7950849295265631,0.9640269797651762,0.9239296431286554,0.22055373801712647
electronic_04::style_swap::swap_same,electronic_04::style_swap::swap_same,perturbations/audio/electronic_04__A.wav,perturbations/audio/electronic_04__style_swap__swap_same.wav,,S,electronic,0.8222172572220473,0.9032055316804584,0.5,,0.27379648604924856,0.0,style_swap,0.48484848484848486,0.3029425264447865,16.56400240384616,electronic_04,0.6176851470084379,0.9557831044915056,0.9469593175788446,0.16078911604979912
electronic_05::control::ctrl,electronic_05::control::ctrl,perturbations/audio/electronic_05__A.wav,perturbations/audio/electronic_05__control__ctrl.wav,,control,electronic,1.0,0.999999979097213,0.0,0.0,1.0,1.0,control,1.0,1.0,0.0,electronic_05,1.0,1.0,0.9999999997672812,1.0
electronic_05::pitch_shift::-4st,electronic_05::pitch_shift::-4st,perturbations/audio/electronic_05__A.wav,perturbations/audio/electronic_05__pitch_shift__-4st.wav,,H,electronic,0.9264631947952345,0.9768837709282102,0.6666666666666666,-4.0,0.6765561232667094,0.0,pitch_shift,0.6,0.6694478013599959,0.0,electronic_05,0.6042240954318527,0.9436585950611364,0.9967941841809526,0.6396080051803364
electronic_05::pitch_shift::-2st,electronic_05::pitch_shift::-2st,perturbations/audio/electronic_05__A.wav,perturbations/audio/electronic_05__pitch_shift__-2st.wav,,H,electronic,0.9343358007874363,0.985911360117037,0.5,-2.0,0.7670540958925952,0.13636363636363635,pitch_shift,1.0,0.9124608415961211,0.0,electronic_05,0.6042240954318527,0.9436585950611364,0.9986875701456153,0.8434996155682073
electronic_05::pitch_shift::-1st,electronic_05::pitch_shift::-1st,perturbations/audio/electronic_05__A.wav,perturbations/audio/electronic_05__pitch_shift__-1st.wav,,H,electronic,0.9341310098563852,0.9869503503720881,0.8333333333333334,-1.0,0.834236671812871,0.3181818181818182,pitch_shift,1.0,1.0,0.0,electronic_05,1.0,1.0,0.9993083684827813,0.9093152178941988
electronic_05::pitch_shift::+1st,electronic_05::pitch_shift::+1st,perturbations/audio/electronic_05__A.wav,perturbations/audio/electronic_05__pitch_shift__+1st.wav,,H,electronic,0.9344144756058563,0.9850829849517467,0.8333333333333334,1.0,0.8072390334636291,0.2727272727272727,pitch_shift,1.0,0.9124608415961211,0.0,electronic_05,1.0,1.0,0.999541682919487,0.8710958939930064
electronic_05::pitch_shift::+2st,electronic_05::pitch_shift::+2st,perturbations/audio/electronic_05__A.wav,perturbations/audio/electronic_05__pitch_shift__+2st.wav,,H,electronic,0.9288521532269837,0.9871585409931092,0.16666666666666666,2.0,0.764314077302505,0.0,pitch_shift,1.0,0.9124608415961211,0.0,electronic_05,0.6042240954318527,0.9436585950611364,0.9988527780882349,0.7545611887888982
electronic_05::pitch_shift::+4st,electronic_05::pitch_shift::+4st,perturbations/audio/electronic_05__A.wav,perturbations/audio/electronic_05__pitch_shift__+4st.wav,,H,electronic,0.9369414485851498,0.9862597801817471,0.6666666666666666,4.0,0.689701425328958,0.0,pitch_shift,1.0,0.8652503803481372,0.0,electronic_05,1.0,1.0,0.997410299643853,0.6287716424155955
electronic_05::time_stretch::-20pct,electronic_05::time_stretch::-20pct,perturbations/audio/electronic_05__A.wav,perturbations/audio/electronic_05__time_stretch__-20pct.wav,,R,electronic,0.977459039630846,0.9990764595617838,0.0,-20.0,0.5612223461369648,0.045454545454545456,time_stretch,0.2105263157894737,0.4546150756224616,25.83984375,electronic_05,0.8661952678814251,0.9685163321526958,0.9986857979682817,0.840247400192235
electronic_05::time_stretch::-10pct,electronic_05::time_stretch::-10pct,perturbations/audio/electronic_05__A.wav,perturbations/audio/electronic_05__time_stretch__-10pct.wav,,R,electronic,0.9815590571303449,0.9988154160790165,0.0,-10.0,0.6692925527911692,0.09090909090909091,time_stretch,0.10000000000000002,0.417284593374673,11.745383522727266,electronic_05,0.9309531320920053,0.9847117332842144,0.9993348160909805,0.8795142796996516
electronic_05::time_stretch::-5pct,electronic_05::time_stretch::-5pct,perturbations/audio/electronic_05__A.wav,perturbations/audio/electronic_05__time_stretch__-5pct.wav,,R,electronic,0.9875466175033495,0.9986011646372995,0.0,-5.0,0.7284367678440908,0.2727272727272727,time_stretch,0.0,0.45461507562246173,6.15234375,electronic_05,0.9347887098672477,0.9875063742988271,0.9996036411036672,0.9197400491329952
electronic_05::time_stretch::+5pct,electronic_05::time_stretch::+5pct,perturbations/audio/electronic_05__A.wav,perturbations/audio/electronic_05__time_stretch__+5pct.wav,,R,electronic,0.988256478289067,0.9989411712482148,0.0,5.0,0.7385701248551235,0.45454545454545453,time_stretch,0.2105263157894737,0.3799541111268843,6.799958881578959,electronic_05,1.0,1.0,0.999669415675109,0.9306976907431685
electronic_05::time_stretch::+10pct,electronic_05::time_stretch::+10pct,perturbations/audio/electronic_05__A.wav,perturbations/audio/electronic_05__time_stretch__+10pct.wav,,R,electronic,0.984955895767217,0.999084368841477,0.0,10.0,0.7088874920088555,0.09090909090909091,time_stretch,0.3636363636363636,0.40481737315993127,14.35546875,electronic_05,0.9301388705197725,0.9877530617345663,0.9995739056162437,0.9219603788678433
electronic_05::time_stretch::+20pct,electronic_05::time_stretch::+20pct,perturbations/audio/electronic_05__A.wav,perturbations/audio/electronic_05__time_stretch__+20pct.wav,,R,electronic,0.9800592301069159,0.9983686444290341,0.0,20.0,0.6218044303383844,0.09090909090909091,time_stretch,0.2727272727272727,0.40481737315993127,22.799862132352928,electronic_05,0.0,0.9,0.9993949566250848,0.8962521812921915
electronic_05::lowpass::lp8000,electronic_05::lowpass::lp8000,perturbations/audio/electronic_05__A.wav,perturbations/audio/electronic_05__lowpass__lp8000.wav,,T,electronic,0.9999918354547818,0.9999989308517795,0.0,8000.0,0.9994144690567994,1.0,lowpass,1.0,1.0,0.0,electronic_05,1.0,1.0,0.9395126196944782,0.23023560787276717
electronic_05::lowpass::lp4000,electronic_05::lowpass::lp4000,perturbations/audio/electronic_05__A.wav,perturbations/audio/electronic_05__lowpass__lp4000.wav,,T,electronic,0.9999994610872046,0.9999996087885935,0.0,4000.0,0.9998768674199962,1.0,lowpass,0.888888888888889,0.8279198981003485,0.0,electronic_05,1.0,1.0,0.8548581803025,0.031858587120272376
electronic_05::lowpass::lp2000,electronic_05::lowpass::lp2000,perturbations/audio/electronic_05__A.wav,perturbations/audio/electronic_05__lowpass__lp2000.wav,,T,electronic,0.9999740734058554,0.9999939683377944,0.0,2000.0,0.9988595411762397,1.0,lowpass,0.888888888888889,0.6180271618629118,0.0,electronic_05,1.0,1.0,0.8605404404077168,9.51555649668523e-05
electronic_05::distortion::drv4,electronic_05::distortion::drv4,perturbations/audio/electronic_05__A.wav,perturbations/audio/electronic_05__distortion__drv4.wav,,T,electronic,0.9984050733748354,0.9998120630134042,0.0,4.0,0.9397500516007615,0.5,distortion,1.0,0.8355049286556546,0.0,electronic_05,1.0,1.0,0.9990682381972364,0.9146753308722859
electronic_05::distortion::drv12,electronic_05::distortion::drv12,perturbations/audio/electronic_05__A.wav,perturbations/audio/electronic_05__distortion__drv12.wav,,T,electronic,0.9951214022566458,0.9989370716341697,0.0,12.0,0.8397304579728192,0.36363636363636365,distortion,0.3529411764705882,0.49194555787025035,43.06640625,electronic_05,0.0,0.9,0.9922414866703854,0.7277155210356152
electronic_05::style_swap::swap_cross,electronic_05::style_swap::swap_cross,perturbations/audio/electronic_05__A.wav,perturbations/audio/electronic_05__style_swap__swap_cross.wav,,S,electronic,0.8921054844500375,0.9337833490706909,0.16666666666666666,,0.2917275600134487,0.0,style_swap,0.0,0.417284593374673,11.745383522727266,electronic_05,0.6418081149258198,0.9775555013417906,0.9008381030377156,0.1661864245321927
electronic_05::distortion::drv32,electronic_05::distortion::drv32,perturbations/audio/electronic_05__A.wav,perturbations/audio/electronic_05__distortion__drv32.wav,,T,electronic,0.9930314004435008,0.9981591285207432,0.0,32.0,0.7948966600768771,0.3181818181818182,distortion,0.14285714285714288,0.5060357151195458,0.0,electronic_05,0.0,0.9,0.98529136765571,0.6558948125967424
electronic_05::style_swap::swap_same,electronic_05::style_swap::swap_same,perturbations/audio/electronic_05__A.wav,perturbations/audio/electronic_05__style_swap__swap_same.wav,,S,electronic,0.8578978904213679,0.9074797816595263,0.6666666666666666,,0.2892684957099777,0.045454545454545456,style_swap,0.22222222222222224,0.45461507562246173,36.9140625,electronic_05,0.0,0.9,0.8365396924228524,0.10983143942597881
electronic_06::control::ctrl,electronic_06::control::ctrl,perturbations/audio/electronic_06__A.wav,perturbations/audio/electronic_06__control__ctrl.wav,,control,electronic,0.999999999988441,0.9999999784585177,0.0,0.0,0.9999999989164462,1.0,control,1.0,1.0,0.0,electronic_06,1.0,1.0,0.9999999996620308,0.999999979667374
electronic_06::pitch_shift::-4st,electronic_06::pitch_shift::-4st,perturbations/audio/electronic_06__A.wav,perturbations/audio/electronic_06__pitch_shift__-4st.wav,,H,electronic,0.7949741340924475,0.7411178479697043,0.6666666666666666,-4.0,0.695471709829026,0.15384615384615385,pitch_shift,1.0,1.0,0.0,electronic_06,1.0,1.0,0.9624148365067683,0.509214771763025
electronic_06::pitch_shift::-2st,electronic_06::pitch_shift::-2st,perturbations/audio/electronic_06__A.wav,perturbations/audio/electronic_06__pitch_shift__-2st.wav,,H,electronic,0.8517817527695417,0.8197641869897949,0.3333333333333333,-2.0,0.8118790443293256,0.15384615384615385,pitch_shift,1.0,1.0,0.0,electronic_06,1.0,1.0,0.9873207998246686,0.7613979376279101
electronic_06::pitch_shift::-1st,electronic_06::pitch_shift::-1st,perturbations/audio/electronic_06__A.wav,perturbations/audio/electronic_06__pitch_shift__-1st.wav,,H,electronic,0.9048347793075764,0.9147791494071924,0.8333333333333334,-1.0,0.7623279543367694,0.0,pitch_shift,0.888888888888889,0.8133475887610566,0.0,electronic_06,1.0,1.0,0.9960426183557556,0.9139652281416815
electronic_06::pitch_shift::+1st,electronic_06::pitch_shift::+1st,perturbations/audio/electronic_06__A.wav,perturbations/audio/electronic_06__pitch_shift__+1st.wav,,H,electronic,0.9062906550004746,0.9475244209648525,0.8333333333333334,1.0,0.7830549143614858,0.07692307692307693,pitch_shift,0.888888888888889,0.8133475887610566,0.0,electronic_06,1.0,1.0,0.9941274321407428,0.8901575573889601
electronic_06::pitch_shift::+2st,electronic_06::pitch_shift::+2st,perturbations/audio/electronic_06__A.wav,perturbations/audio/electronic_06__pitch_shift__+2st.wav,,H,electronic,0.8909129470217312,0.8664193385586582,0.3333333333333333,2.0,0.7535539743856767,0.23076923076923078,pitch_shift,0.888888888888889,0.7159284513569825,0.0,electronic_06,1.0,1.0,0.9756521517654866,0.7296417970904765
electronic_06::pitch_shift::+4st,electronic_06::pitch_shift::+4st,perturbations/audio/electronic_06__A.wav,perturbations/audio/electronic_06__pitch_shift__+4st.wav,,H,electronic,0.8654612178343137,0.8193476742154646,0.6666666666666666,4.0,0.6997679618278417,0.23076923076923078,pitch_shift,0.888888888888889,0.7159284513569825,0.0,electronic_06,1.0,1.0,0.9283334167512396,0.4674658449345017
electronic_06::time_stretch::-20pct,electronic_06::time_stretch::-20pct,perturbations/audio/electronic_06__A.wav,perturbations/audio/electronic_06__time_stretch__-20pct.wav,,R,electronic,0.9703275489981111,0.9908539261836518,0.0,-20.0,0.5563821891009149,0.0,time_stretch,0.2,0.5175105162781474,23.652030892448522,electronic_06,0.6423517475235626,0.9780476412891173,0.9954154139750346,0.9038935306051358
electronic_06::time_stretch::-10pct,electronic_06::time_stretch::-10pct,perturbations/audio/electronic_06__A.wav,perturbations/audio/electronic_06__time_stretch__-10pct.wav,,R,electronic,0.9686005339273909,0.9895336573312877,0.0,-10.0,0.7029979256905752,0.0,time_stretch,0.0,0.5666065223658278,12.95230263157896,electronic_06,0.6423517475235626,0.9780476412891173,0.9949690568794722,0.8927080507699351
electronic_06::time_stretch::-5pct,electronic_06::time_stretch::-5pct,perturbations/audio/electronic_06__A.wav,perturbations/audio/electronic_06__time_stretch__-5pct.wav,,R,electronic,0.9803259464880667,0.9952614000889726,0.0,-5.0,0.7137473558612581,0.07692307692307693,time_stretch,0.0,0.5175105162781474,6.799958881578959,electronic_06,0.4024086393976197,0.9469765342960288,0.9987985195830615,0.9518513248497273
electronic_06::time_stretch::+5pct,electronic_06::time_stretch::+5pct,perturbations/audio/electronic_06__A.wav,perturbations/audio/electronic_06__time_stretch__+5pct.wav,,R,electronic,0.9678259413931825,0.9845824963617615,0.0,5.0,0.6655652242107541,0.07692307692307693,time_stretch,0.0,0.6266951775221132,7.555509868421041,electronic_06,1.0,1.0,0.9977507290914972,0.9566721163228531
electronic_06::time_stretch::+10pct,electronic_06::time_stretch::+10pct,perturbations/audio/electronic_06__A.wav,perturbations/audio/electronic_06__time_stretch__+10pct.wav,,R,electronic,0.965365510064965,0.9864649000597057,0.0,10.0,0.6454631350171307,0.0,time_stretch,0.0,0.6266951775221132,15.999903250773968,electronic_06,1.0,1.0,0.9932781069074035,0.9332995607688731
electronic_06::time_stretch::+20pct,electronic_06::time_stretch::+20pct,perturbations/audio/electronic_06__A.wav,perturbations/audio/electronic_06__time_stretch__+20pct.wav,,R,electronic,0.9551156810229399,0.987944236956721,0.0,20.0,0.5921817920654026,0.07692307692307693,time_stretch,0.0,0.6266951775221132,36.26644736842104,electronic_06,1.0,1.0,0.9874115249252478,0.9081704177103262
electronic_06::lowpass::lp8000,electronic_06::lowpass::lp8000,perturbations/audio/electronic_06__A.wav,perturbations/audio/electronic_06__lowpass__lp8000.wav,,T,electronic,0.9986882367650041,0.9990928546135311,0.0,8000.0,0.9865565489238216,0.46153846153846156,lowpass,1.0,1.0,0.0,electronic_06,1.0,1.0,0.9470186096543831,0.344503301129065
electronic_06::lowpass::lp4000,electronic_06::lowpass::lp4000,perturbations/audio/electronic_06__A.wav,perturbations/audio/electronic_06__lowpass__lp4000.wav,,T,electronic,0.9986912589354382,0.999095313618081,0.0,4000.0,0.9996482367474511,1.0,lowpass,1.0,0.8485729818842953,0.0,electronic_06,1.0,1.0,0.657881643797373,0.12946020801913954
electronic_06::lowpass::lp2000,electronic_06::lowpass::lp2000,perturbations/audio/electronic_06__A.wav,perturbations/audio/electronic_06__lowpass__lp2000.wav,,T,electronic,0.99964844527208,0.9997820704539585,0.0,2000.0,0.9895458377170496,0.46153846153846156,lowpass,0.5333333333333333,0.5835280268517649,0.0,electronic_06,1.0,1.0,0.6388883531493299,4.055759681460374e-05
electronic_06::distortion::drv4,electronic_06::distortion::drv4,perturbations/audio/electronic_06__A.wav,perturbations/audio/electronic_06__distortion__drv4.wav,,T,electronic,0.9976613887578106,0.999132014343009,0.0,4.0,0.9376601121387721,0.38461538461538464,distortion,1.0,0.8485729818842953,0.0,electronic_06,1.0,1.0,0.9824802160349516,0.838688662048008
electronic_06::distortion::drv12,electronic_06::distortion::drv12,perturbations/audio/electronic_06__A.wav,perturbations/audio/electronic_06__distortion__drv12.wav,,T,electronic,0.9922372418130243,0.9966995060726146,0.0,12.0,0.8323864499777011,0.15384615384615385,distortion,0.8571428571428571,0.7200213831415849,7.555509868421041,electronic_06,0.46279821229988094,0.9575418994413407,0.9472643266225147,0.6078467072510064
electronic_06::distortion::drv32,electronic_06::distortion::drv32,perturbations/audio/electronic_06__A.wav,perturbations/audio/electronic_06__distortion__drv32.wav,,T,electronic,0.9869341520032118,0.993871730216669,0.0,32.0,0.7652213518733467,0.23076923076923078,distortion,0.6153846153846153,0.6157174230774518,7.555509868421041,electronic_06,0.46279821229988094,0.9575418994413407,0.9338290830057892,0.4960444270831517
electronic_06::style_swap::swap_cross,electronic_06::style_swap::swap_cross,perturbations/audio/electronic_06__A.wav,perturbations/audio/electronic_06__style_swap__swap_cross.wav,,S,electronic,0.7550545983738861,0.8097283135636347,0.8333333333333334,,0.3000033134729201,0.0,style_swap,0.0,0.0,12.95230263157896,electronic_06,0.0,0.9798021434460016,0.5801149922899289,0.09845180798009996
electronic_06::style_swap::swap_same,electronic_06::style_swap::swap_same,perturbations/audio/electronic_06__A.wav,perturbations/audio/electronic_06__style_swap__swap_same.wav,,S,electronic,0.8205291562172083,0.8410961821639249,0.5,,0.3495498653885375,0.07692307692307693,style_swap,0.22222222222222224,0.3426772837094727,36.26644736842104,electronic_06,0.6423517475235626,0.9780476412891173,0.6348666130773609,0.10533270131294942
electronic_07::control::ctrl,electronic_07::control::ctrl,perturbations/audio/electronic_07__A.wav,perturbations/audio/electronic_07__control__ctrl.wav,,control,electronic,1.0,0.9999999775232469,0.0,0.0,1.0,1.0,control,1.0,1.0,0.0,electronic_07,1.0,1.0,0.9999999997790736,0.9999999999999998
electronic_07::pitch_shift::-4st,electronic_07::pitch_shift::-4st,perturbations/audio/electronic_07__A.wav,perturbations/audio/electronic_07__pitch_shift__-4st.wav,,H,electronic,0.595070498436073,0.7329145615201998,0.16666666666666666,-4.0,0.6390837679231101,0.7777777777777778,pitch_shift,1.0,0.7200213831415849,0.0,electronic_07,1.0,1.0,0.9941889079729661,0.5554524634308786
electronic_07::pitch_shift::-2st,electronic_07::pitch_shift::-2st,perturbations/audio/electronic_07__A.wav,perturbations/audio/electronic_07__pitch_shift__-2st.wav,,H,electronic,0.8295980423544567,0.7788103828829085,0.16666666666666666,-2.0,0.7053204188242437,0.6666666666666666,pitch_shift,0.7272727272727273,0.7200213831415849,0.0,electronic_07,1.0,1.0,0.9977537245520387,0.7872016407339563
electronic_07::pitch_shift::-1st,electronic_07::pitch_shift::-1st,perturbations/audio/electronic_07__A.wav,perturbations/audio/electronic_07__pitch_shift__-1st.wav,,H,electronic,0.5895121255132568,0.7144091984322095,0.8333333333333334,-1.0,0.7694942411852017,0.6666666666666666,pitch_shift,0.7272727272727273,0.7200213831415849,0.0,electronic_07,1.0,1.0,0.9990773262070974,0.8751881917060701
electronic_07::pitch_shift::+1st,electronic_07::pitch_shift::+1st,perturbations/audio/electronic_07__A.wav,perturbations/audio/electronic_07__pitch_shift__+1st.wav,,H,electronic,0.7010093046935622,0.7241165801358358,0.3333333333333333,1.0,0.7544650772347504,0.4444444444444444,pitch_shift,0.7272727272727273,0.6561170117268058,0.0,electronic_07,1.0,1.0,0.9974160034493038,0.8609255839340598
electronic_07::pitch_shift::+2st,electronic_07::pitch_shift::+2st,perturbations/audio/electronic_07__A.wav,perturbations/audio/electronic_07__pitch_shift__+2st.wav,,H,electronic,0.8336428968658486,0.7800876329117925,0.3333333333333333,2.0,0.7452705029404428,0.7777777777777778,pitch_shift,0.7272727272727273,0.6561170117268058,0.0,electronic_07,1.0,1.0,0.9939468763531506,0.759200498844928
electronic_07::pitch_shift::+4st,electronic_07::pitch_shift::+4st,perturbations/audio/electronic_07__A.wav,perturbations/audio/electronic_07__pitch_shift__+4st.wav,,H,electronic,0.5713554631713706,0.7083687516055333,0.8333333333333334,4.0,0.6854608039025986,0.6666666666666666,pitch_shift,1.0,0.6266951775221132,0.0,electronic_07,1.0,1.0,0.9815348928072649,0.5193800497174805
electronic_07::time_stretch::-20pct,electronic_07::time_stretch::-20pct,perturbations/audio/electronic_07__A.wav,perturbations/audio/electronic_07__time_stretch__-20pct.wav,,R,electronic,0.9712070509690646,0.9971597181858275,0.5,-20.0,0.5681497451051294,0.3333333333333333,time_stretch,0.22222222222222224,0.3794063119216756,21.533203125,electronic_07,0.05727721683054724,0.6255156157925751,0.9993452000565631,0.920731068726162
electronic_07::time_stretch::-5pct,electronic_07::time_stretch::-5pct,perturbations/audio/electronic_07__A.wav,perturbations/audio/electronic_07__time_stretch__-5pct.wav,,R,electronic,0.9914880261653136,0.9968389873192594,0.5,-5.0,0.7382074541495394,0.5555555555555556,time_stretch,0.0,0.6266951775221132,8.28200120192308,electronic_07,1.0,1.0,0.9998806069160913,0.9701779684194776
electronic_07::time_stretch::-10pct,electronic_07::time_stretch::-10pct,perturbations/audio/electronic_07__A.wav,perturbations/audio/electronic_07__time_stretch__-10pct.wav,,R,electronic,0.9509901077478642,0.9974475046694478,0.0,-10.0,0.6435409466228692,0.2222222222222222,time_stretch,0.22222222222222224,0.5666065223658278,11.962890625,electronic_07,0.057573054517363505,0.6267294671769208,0.9995204759363561,0.9450233397236205
electronic_07::time_stretch::+5pct,electronic_07::time_stretch::+5pct,perturbations/audio/electronic_07__A.wav,perturbations/audio/electronic_07__time_stretch__+5pct.wav,,R,electronic,0.9905465501037525,0.9960393862130633,0.0,5.0,0.6466281830788831,0.7777777777777778,time_stretch,0.0,0.8133475887610566,4.681131114130437,electronic_07,1.0,1.0,0.9997519666964918,0.9762754744348101
electronic_07::time_stretch::+10pct,electronic_07::time_stretch::+10pct,perturbations/audio/electronic_07__A.wav,perturbations/audio/electronic_07__time_stretch__+10pct.wav,,R,electronic,0.9885037131957,0.9958227125820397,0.5,10.0,0.6069354256423662,0.6666666666666666,time_stretch,0.8571428571428571,0.7041629275170908,9.787819602272734,electronic_07,1.0,1.0,0.9995788963936678,0.9570034586463692
electronic_07::lowpass::lp8000,electronic_07::lowpass::lp8000,perturbations/audio/electronic_07__A.wav,perturbations/audio/electronic_07__lowpass__lp8000.wav,,T,electronic,0.9999982786178523,0.999999545828241,0.0,8000.0,0.9999856737322571,1.0,lowpass,1.0,1.0,0.0,electronic_07,1.0,1.0,0.9411917764362753,0.1584962995497326
electronic_07::time_stretch::+20pct,electronic_07::time_stretch::+20pct,perturbations/audio/electronic_07__A.wav,perturbations/audio/electronic_07__time_stretch__+20pct.wav,,R,electronic,0.9890389633626,0.9955328735939809,0.5,20.0,0.5987605302251112,0.3333333333333333,time_stretch,0.3333333333333333,0.6266951775221132,21.533203125,electronic_07,1.0,1.0,0.9988716398529995,0.9306465271945664
electronic_07::lowpass::lp4000,electronic_07::lowpass::lp4000,perturbations/audio/electronic_07__A.wav,perturbations/audio/electronic_07__lowpass__lp4000.wav,,T,electronic,0.9999925002867456,0.9999958378903168,0.0,4000.0,0.9998369164504001,1.0,lowpass,0.5714285714285715,0.7041629275170908,35.888671875,electronic_07,1.0,1.0,0.8863648996506104,0.08460299381456526
electronic_07::lowpass::lp2000,electronic_07::lowpass::lp2000,perturbations/audio/electronic_07__A.wav,perturbations/audio/electronic_07__lowpass__lp2000.wav,,T,electronic,0.9992577667252072,0.9998000054557222,0.0,2000.0,0.9179225213166694,0.7777777777777778,lowpass,0.4,0.5797279866911285,35.888671875,electronic_07,1.0,1.0,0.9251539108629205,0.0015406310032054396
electronic_07::distortion::drv4,electronic_07::distortion::drv4,perturbations/audio/electronic_07__A.wav,perturbations/audio/electronic_07__distortion__drv4.wav,,T,electronic,0.999054254063408,0.9998895649991534,0.0,4.0,0.9316444273350615,0.8888888888888888,distortion,0.6153846153846153,0.7299855108487497,0.0,electronic_07,1.0,1.0,0.9955491812586593,0.7295552170084826
electronic_07::distortion::drv12,electronic_07::distortion::drv12,perturbations/audio/electronic_07__A.wav,perturbations/audio/electronic_07__distortion__drv12.wav,,T,electronic,0.9941327070038298,0.998412886212614,0.0,12.0,0.8354378240339966,0.4444444444444444,distortion,0.6153846153846153,0.6470288836314416,0.0,electronic_07,0.6423517475235626,0.9780476412891173,0.9943702813566058,0.6110860513754575
electronic_07::distortion::drv32,electronic_07::distortion::drv32,perturbations/audio/electronic_07__A.wav,perturbations/audio/electronic_07__distortion__drv32.wav,,T,electronic,0.9900607455059346,0.9963862072247499,0.0,32.0,0.77690583918762,0.1111111111111111,distortion,0.6153846153846153,0.5898948397457926,0.0,electronic_07,0.5402355741131739,0.9681345430404957,0.9944253336352746,0.5714744918903966
electronic_07::style_swap::swap_cross,electronic_07::style_swap::swap_cross,perturbations/audio/electronic_07__A.wav,perturbations/audio/electronic_07__style_swap__swap_cross.wav,,S,electronic,0.774143980262491,0.8962480028801452,0.5,,0.29998219162704187,0.1111111111111111,style_swap,0.0,0.6266951775221132,31.666475183823536,electronic_07,0.0,0.9798021434460016,0.7946551246601758,0.14052515591617404
electronic_07::style_swap::swap_same,electronic_07::style_swap::swap_same,perturbations/audio/electronic_07__A.wav,perturbations/audio/electronic_07__style_swap__swap_same.wav,,S,electronic,0.8157691007867935,0.8743381893348188,0.3333333333333333,,0.2512356940436622,0.0,style_swap,0.46153846153846156,0.4498041686428355,15.380859375,electronic_07,1.0,1.0,0.9789892207411666,0.3082921560983533
electronic_08::control::ctrl,electronic_08::control::ctrl,perturbations/audio/electronic_08__A.wav,perturbations/audio/electronic_08__control__ctrl.wav,,control,electronic,1.0,0.9999999782378133,0.0,0.0,1.0,1.0,control,1.0,1.0,0.0,electronic_08,1.0,1.0,0.9999999998780632,1.0
electronic_08::pitch_shift::-4st,electronic_08::pitch_shift::-4st,perturbations/audio/electronic_08__A.wav,perturbations/audio/electronic_08__pitch_shift__-4st.wav,,H,electronic,0.8186378324156961,0.8964362290420682,0.8333333333333334,-4.0,0.7175338504215043,0.2,pitch_shift,1.0,1.0,0.0,electronic_08,1.0,1.0,0.9936181866509819,0.4611141372473461
electronic_08::pitch_shift::-1st,electronic_08::pitch_shift::-1st,perturbations/audio/electronic_08__A.wav,perturbations/audio/electronic_08__pitch_shift__-1st.wav,,H,electronic,0.9023562814991831,0.9616203025522345,0.8333333333333334,-1.0,0.7628535762680194,0.6,pitch_shift,1.0,1.0,0.0,electronic_08,1.0,1.0,0.9994116907429121,0.9136728487110454
electronic_08::pitch_shift::-2st,electronic_08::pitch_shift::-2st,perturbations/audio/electronic_08__A.wav,perturbations/audio/electronic_08__pitch_shift__-2st.wav,,H,electronic,0.8508427250806759,0.9128105789797674,0.3333333333333333,-2.0,0.7277795569753616,0.6,pitch_shift,1.0,1.0,0.0,electronic_08,1.0,1.0,0.9976425490824131,0.7769398491773225
electronic_08::pitch_shift::+1st,electronic_08::pitch_shift::+1st,perturbations/audio/electronic_08__A.wav,perturbations/audio/electronic_08__pitch_shift__+1st.wav,,H,electronic,0.8937594022935542,0.9585848039902275,1.0,1.0,0.774719408418195,0.6,pitch_shift,1.0,1.0,0.0,electronic_08,1.0,1.0,0.9993941535235391,0.8993287100538242
electronic_08::pitch_shift::+2st,electronic_08::pitch_shift::+2st,perturbations/audio/electronic_08__A.wav,perturbations/audio/electronic_08__pitch_shift__+2st.wav,,H,electronic,0.8231401995154536,0.904495546089119,0.16666666666666666,2.0,0.7267444320677066,1.0,pitch_shift,1.0,1.0,0.0,electronic_08,1.0,1.0,0.9968872983407499,0.7094864684837844
electronic_08::pitch_shift::+4st,electronic_08::pitch_shift::+4st,perturbations/audio/electronic_08__A.wav,perturbations/audio/electronic_08__pitch_shift__+4st.wav,,H,electronic,0.8378902127029878,0.9036640422994215,0.5,4.0,0.6559372040047158,0.4,pitch_shift,1.0,0.9307085911026376,0.0,electronic_08,1.0,1.0,0.9925435754570845,0.46103193192727
electronic_08::time_stretch::-20pct,electronic_08::time_stretch::-20pct,perturbations/audio/electronic_08__A.wav,perturbations/audio/electronic_08__time_stretch__-20pct.wav,,R,electronic,0.9584673159907365,0.9929708220862937,0.16666666666666666,-20.0,0.5094341326033605,0.4,time_stretch,0.5,0.5061936287000653,36.26644736842104,electronic_08,0.8038837557365044,0.9774103400093154,0.9991780006235159,0.8816546242540622
electronic_08::time_stretch::-10pct,electronic_08::time_stretch::-10pct,perturbations/audio/electronic_08__A.wav,perturbations/audio/electronic_08__time_stretch__-10pct.wav,,R,electronic,0.9709857806073058,0.9962048987215922,0.0,-10.0,0.5821893897541305,0.2,time_stretch,0.4615384615384615,0.34267728370947276,20.266544117647072,electronic_08,0.11795446229547207,0.6474976686353745,0.9991929692141995,0.8711004812021665
electronic_08::time_stretch::-5pct,electronic_08::time_stretch::-5pct,perturbations/audio/electronic_08__A.wav,perturbations/audio/electronic_08__time_stretch__-5pct.wav,,R,electronic,0.9754959608193601,0.995722616894507,0.16666666666666666,-5.0,0.6528622044100514,0.2,time_stretch,0.6666666666666666,0.31601265353248076,10.7666015625,electronic_08,0.1212424412338458,0.6472602739726028,0.9999445817211556,0.9475544510799162
electronic_08::time_stretch::+5pct,electronic_08::time_stretch::+5pct,perturbations/audio/electronic_08__A.wav,perturbations/audio/electronic_08__time_stretch__+5pct.wav,,R,electronic,0.9831381950484562,0.9966443521781895,0.0,5.0,0.6720558619694618,1.0,time_stretch,0.5454545454545454,0.28934802335548887,5.940193965517238,electronic_08,0.9168580536797724,0.9882352941176471,0.99987543090451,0.9501192187640282
electronic_08::time_stretch::+20pct,electronic_08::time_stretch::+20pct,perturbations/audio/electronic_08__A.wav,perturbations/audio/electronic_08__time_stretch__+20pct.wav,,R,electronic,0.9667470025996545,0.9948056412524199,0.8333333333333334,20.0,0.5766333492212323,1.0,time_stretch,0.36363636363636365,0.31601265353248076,34.453125,electronic_08,0.9168580536797724,0.9882352941176471,0.9993085328062171,0.8921874773802712
electronic_08::lowpass::lp8000,electronic_08::lowpass::lp8000,perturbations/audio/electronic_08__A.wav,perturbations/audio/electronic_08__lowpass__lp8000.wav,,T,electronic,0.9999999780886106,0.9999999779722696,0.0,8000.0,0.9999940025980572,1.0,lowpass,1.0,0.8895628492131631,0.0,electronic_08,1.0,1.0,0.9898798962705871,0.34125841944205315
electronic_08::lowpass::lp4000,electronic_08::lowpass::lp4000,perturbations/audio/electronic_08__A.wav,perturbations/audio/electronic_08__lowpass__lp4000.wav,,T,electronic,0.9999997880213197,0.9999999038109665,0.0,4000.0,0.999972561447871,1.0,lowpass,1.0,0.8895628492131631,0.0,electronic_08,1.0,1.0,0.9733665968350859,0.03842158359653022
electronic_08::time_stretch::+10pct,electronic_08::time_stretch::+10pct,perturbations/audio/electronic_08__A.wav,perturbations/audio/electronic_08__time_stretch__+10pct.wav,,R,electronic,0.9733256378094035,0.9958636344264871,0.16666666666666666,10.0,0.5959535749615313,1.0,time_stretch,0.18181818181818182,0.31601265353248076,12.3046875,electronic_08,0.13111091440602093,0.6518357187305538,0.9995616365066035,0.9138579453001561
electronic_08::lowpass::lp2000,electronic_08::lowpass::lp2000,perturbations/audio/electronic_08__A.wav,perturbations/audio/electronic_08__lowpass__lp2000.wav,,T,electronic,0.9999577375735476,0.9999771632174694,0.0,2000.0,0.9970973536035804,1.0,lowpass,1.0,0.8388964646871107,0.0,electronic_08,1.0,1.0,0.9271836967673934,0.0001169633672825329
electronic_08::distortion::drv4,electronic_08::distortion::drv4,perturbations/audio/electronic_08__A.wav,perturbations/audio/electronic_08__distortion__drv4.wav,,T,electronic,0.9953035728346922,0.9982211312916103,0.0,4.0,0.9413037532684966,1.0,distortion,1.0,0.8895628492131631,0.0,electronic_08,1.0,1.0,0.9973792877037863,0.6404453884540953
electronic_08::distortion::drv12,electronic_08::distortion::drv12,perturbations/audio/electronic_08__A.wav,perturbations/audio/electronic_08__distortion__drv12.wav,,T,electronic,0.9972984482771953,0.9990724117814084,0.0,12.0,0.8760806459446884,1.0,distortion,0.43478260869565216,0.4060709420986675,52.428668478260875,electronic_08,1.0,1.0,0.9943010460757715,0.28942385558963346
electronic_08::distortion::drv32,electronic_08::distortion::drv32,perturbations/audio/electronic_08__A.wav,perturbations/audio/electronic_08__distortion__drv32.wav,,T,electronic,0.9927581518201517,0.9970717074240789,0.16666666666666666,32.0,0.8443523288877894,1.0,distortion,0.43478260869565216,0.34267728370947276,52.428668478260875,electronic_08,1.0,1.0,0.9917274157823931,0.16363549068376723
electronic_08::style_swap::swap_cross,electronic_08::style_swap::swap_cross,perturbations/audio/electronic_08__A.wav,perturbations/audio/electronic_08__style_swap__swap_cross.wav,,S,electronic,0.8306084624686846,0.9126848132107782,0.8333333333333334,,0.31327354596533175,0.2,style_swap,0.34782608695652173,0.28934802335548887,26.50240384615384,electronic_08,0.9144885427033489,0.9865095363622267,0.845552546292434,0.18370814823277848
electronic_09::control::ctrl,electronic_09::control::ctrl,perturbations/audio/electronic_09__A.wav,perturbations/audio/electronic_09__control__ctrl.wav,,control,electronic,1.0,0.9999999796925673,0.0,0.0,1.0,1.0,control,1.0,1.0,0.0,electronic_09,1.0,1.0,0.999999999829437,1.0
electronic_09::pitch_shift::-4st,electronic_09::pitch_shift::-4st,perturbations/audio/electronic_09__A.wav,perturbations/audio/electronic_09__pitch_shift__-4st.wav,,H,electronic,0.9439642926932168,0.9544119749729314,0.6666666666666666,-4.0,0.5420466934151309,0.07142857142857142,pitch_shift,0.380952380952381,0.4241843106586756,28.952205882352928,electronic_09,1.0,1.0,0.9961539843334919,0.49009355072205685
electronic_09::pitch_shift::-2st,electronic_09::pitch_shift::-2st,perturbations/audio/electronic_09__A.wav,perturbations/audio/electronic_09__pitch_shift__-2st.wav,,H,electronic,0.9503748991817235,0.9605666155294244,0.16666666666666666,-2.0,0.6203963036792735,0.07142857142857142,pitch_shift,0.380952380952381,0.4241843106586756,28.952205882352928,electronic_09,1.0,1.0,0.9985829607590467,0.8302945879543623
electronic_08::style_swap::swap_same,electronic_08::style_swap::swap_same,perturbations/audio/electronic_08__A.wav,perturbations/audio/electronic_08__style_swap__swap_same.wav,,S,electronic,0.7604592741360587,0.837181153075038,0.6666666666666666,,0.2963193608402934,0.0,style_swap,0.11764705882352941,0.28934802335548887,24.609375,electronic_08,0.06952373642852507,0.6519823788546255,0.980594543720847,0.21552713035432164
electronic_09::pitch_shift::-1st,electronic_09::pitch_shift::-1st,perturbations/audio/electronic_09__A.wav,perturbations/audio/electronic_09__pitch_shift__-1st.wav,,H,electronic,0.9705968303915785,0.9817092300216075,1.0,-1.0,0.6003455494269961,0.2857142857142857,pitch_shift,0.380952380952381,0.42418431065867573,28.952205882352928,electronic_09,1.0,1.0,0.9997039733893143,0.9442427942826551
electronic_09::pitch_shift::+1st,electronic_09::pitch_shift::+1st,perturbations/audio/electronic_09__A.wav,perturbations/audio/electronic_09__pitch_shift__+1st.wav,,H,electronic,0.9635622805422263,0.9803838927452634,0.6666666666666666,1.0,0.584232655666873,0.21428571428571427,pitch_shift,0.39999999999999997,0.4221623509519961,28.952205882352928,electronic_09,1.0,1.0,0.9997892804467198,0.9219781168116096
electronic_09::pitch_shift::+2st,electronic_09::pitch_shift::+2st,perturbations/audio/electronic_09__A.wav,perturbations/audio/electronic_09__pitch_shift__+2st.wav,,H,electronic,0.9381425118258833,0.949524121042702,0.3333333333333333,2.0,0.6580375510109624,0.2857142857142857,pitch_shift,0.3,0.4221623509519961,28.952205882352928,electronic_09,1.0,1.0,0.9991066342314057,0.7579845704967649
electronic_09::pitch_shift::+4st,electronic_09::pitch_shift::+4st,perturbations/audio/electronic_09__A.wav,perturbations/audio/electronic_09__pitch_shift__+4st.wav,,H,electronic,0.9345149161849908,0.9549961015347415,0.6666666666666666,4.0,0.5138775891534748,0.07142857142857142,pitch_shift,0.380952380952381,0.3619668402456945,28.952205882352928,electronic_09,1.0,1.0,0.9964692737782955,0.5414598298719369
electronic_09::time_stretch::-10pct,electronic_09::time_stretch::-10pct,perturbations/audio/electronic_09__A.wav,perturbations/audio/electronic_09__time_stretch__-10pct.wav,,R,electronic,0.9838713346191157,0.9953630415208536,0.0,-10.0,0.48618085273831324,0.5714285714285714,time_stretch,0.39999999999999997,0.43497158481499204,12.95230263157896,electronic_09,1.0,1.0,0.9998215275164878,0.9517632628128531
electronic_09::time_stretch::-5pct,electronic_09::time_stretch::-5pct,perturbations/audio/electronic_09__A.wav,perturbations/audio/electronic_09__time_stretch__-5pct.wav,,R,electronic,0.9777299446857295,0.9926379704755253,1.0,-5.0,0.4387825479924401,0.07142857142857142,time_stretch,0.2105263157894737,0.3799541111268844,20.5078125,electronic_09,0.5402355741131739,0.9681345430404957,0.9998301647271353,0.9834243057067632
electronic_09::time_stretch::+5pct,electronic_09::time_stretch::+5pct,perturbations/audio/electronic_09__A.wav,perturbations/audio/electronic_09__time_stretch__+5pct.wav,,R,electronic,0.9806214823527364,0.992698150913845,0.0,5.0,0.47564085026781255,0.14285714285714285,time_stretch,0.3,0.3542887468651077,6.15234375,electronic_09,1.0,1.0,0.9999833702147576,0.9808070575228875
electronic_09::time_stretch::-20pct,electronic_09::time_stretch::-20pct,perturbations/audio/electronic_09__A.wav,perturbations/audio/electronic_09__time_stretch__-20pct.wav,,R,electronic,0.9807995055310779,0.9949715355886433,0.0,-20.0,0.42606470552785713,0.14285714285714285,time_stretch,0.0,0.5433661973673345,0.0,electronic_09,0.46279821229988094,0.9575418994413407,0.999642613099093,0.9037683734551251
electronic_09::time_stretch::+10pct,electronic_09::time_stretch::+10pct,perturbations/audio/electronic_09__A.wav,perturbations/audio/electronic_09__time_stretch__+10pct.wav,,R,electronic,0.983557705585578,0.9931512750176356,0.16666666666666666,10.0,0.5172627870404318,0.5,time_stretch,0.125,0.4083258550341814,27.34375,electronic_09,1.0,1.0,0.999803399019426,0.9528189472221559
electronic_09::time_stretch::+20pct,electronic_09::time_stretch::+20pct,perturbations/audio/electronic_09__A.wav,perturbations/audio/electronic_09__time_stretch__+20pct.wav,,R,electronic,0.9789421774996048,0.993494450968448,0.16666666666666666,20.0,0.4227311989515047,0.0,time_stretch,0.35294117647058826,0.4083258550341814,19.6875,electronic_09,1.0,1.0,0.9994922818064549,0.9304288275629182
electronic_09::lowpass::lp8000,electronic_09::lowpass::lp8000,perturbations/audio/electronic_09__A.wav,perturbations/audio/electronic_09__lowpass__lp8000.wav,,T,electronic,0.9997761989406421,0.9999188234281257,0.0,8000.0,0.9999906293387123,1.0,lowpass,1.0,1.0,0.0,electronic_09,1.0,1.0,0.9731726389818782,0.26991398623809737
electronic_09::lowpass::lp4000,electronic_09::lowpass::lp4000,perturbations/audio/electronic_09__A.wav,perturbations/audio/electronic_09__lowpass__lp4000.wav,,T,electronic,0.9997780292851648,0.9999210700923613,0.0,4000.0,0.9108687459920836,0.5714285714285714,lowpass,0.28571428571428575,0.3619668402456946,28.952205882352928,electronic_09,1.0,1.0,0.9334388234894903,0.10992141583102584
electronic_09::lowpass::lp2000,electronic_09::lowpass::lp2000,perturbations/audio/electronic_09__A.wav,perturbations/audio/electronic_09__lowpass__lp2000.wav,,T,electronic,0.9994347371747668,0.9997921527234953,0.0,2000.0,0.9761425971350964,0.7857142857142857,lowpass,0.19999999999999998,0.388225548908552,28.952205882352928,electronic_09,1.0,1.0,0.9082525354982307,0.00047388444155536583
electronic_09::distortion::drv4,electronic_09::distortion::drv4,perturbations/audio/electronic_09__A.wav,perturbations/audio/electronic_09__distortion__drv4.wav,,T,electronic,0.9985846420234306,0.9996976696865548,0.0,4.0,0.9307553627526937,0.35714285714285715,distortion,0.28571428571428575,0.40481737315993127,28.952205882352928,electronic_09,1.0,1.0,0.9995648280646507,0.9251281448815439
electronic_09::distortion::drv12,electronic_09::distortion::drv12,perturbations/audio/electronic_09__A.wav,perturbations/audio/electronic_09__distortion__drv12.wav,,T,electronic,0.9964662031066467,0.9992243123284864,0.0,12.0,0.8176230327901419,0.2857142857142857,distortion,0.28571428571428575,0.3619668402456945,28.952205882352928,electronic_09,1.0,1.0,0.9982286061043786,0.7453782800973278
electronic_09::distortion::drv32,electronic_09::distortion::drv32,perturbations/audio/electronic_09__A.wav,perturbations/audio/electronic_09__distortion__drv32.wav,,T,electronic,0.9958388444009332,0.9993816485155519,0.0,32.0,0.7364959887522988,0.14285714285714285,distortion,0.1904761904761905,0.39307557545218513,28.952205882352928,electronic_09,1.0,1.0,0.9972774675413559,0.5625704838348241
electronic_09::style_swap::swap_cross,electronic_09::style_swap::swap_cross,perturbations/audio/electronic_09__A.wav,perturbations/audio/electronic_09__style_swap__swap_cross.wav,,S,electronic,0.9345715150438463,0.9633038391834586,0.3333333333333333,,0.33129297301301164,0.0,style_swap,0.0,0.4083258550341814,10.699728260869563,electronic_09,0.6403364680148471,0.9762230117518448,0.9556728257873901,0.2994271799239451
electronic_09::style_swap::swap_same,electronic_09::style_swap::swap_same,perturbations/audio/electronic_09__A.wav,perturbations/audio/electronic_09__style_swap__swap_same.wav,,S,electronic,0.8722600669790738,0.8626215337843556,0.16666666666666666,,0.36102366116513174,0.0,style_swap,0.0,0.4083258550341814,12.95230263157896,electronic_09,1.0,1.0,0.6996891308785552,0.22745936532259142
electronic_10::control::ctrl,electronic_10::control::ctrl,perturbations/audio/electronic_10__A.wav,perturbations/audio/electronic_10__control__ctrl.wav,,control,electronic,1.0,0.9999999769092325,0.0,0.0,1.0,1.0,control,1.0,1.0,0.0,electronic_10,1.0,1.0,0.999999999846025,1.0
electronic_10::pitch_shift::-4st,electronic_10::pitch_shift::-4st,perturbations/audio/electronic_10__A.wav,perturbations/audio/electronic_10__pitch_shift__-4st.wav,,H,electronic,0.7523876300863029,0.928709203399951,0.6666666666666666,-4.0,0.6895244453706884,0.16666666666666666,pitch_shift,0.43478260869565216,0.4594002024526514,49.21875,electronic_10,1.0,1.0,0.9974805852817832,0.536532268628367
electronic_10::pitch_shift::-2st,electronic_10::pitch_shift::-2st,perturbations/audio/electronic_10__A.wav,perturbations/audio/electronic_10__pitch_shift__-2st.wav,,H,electronic,0.8131071582391248,0.9278627326882526,0.3333333333333333,-2.0,0.7190317611075184,0.0,pitch_shift,0.43478260869565216,0.4694646004878625,49.21875,electronic_10,1.0,1.0,0.9987305117394012,0.8317990868379745
electronic_10::pitch_shift::-1st,electronic_10::pitch_shift::-1st,perturbations/audio/electronic_10__A.wav,perturbations/audio/electronic_10__pitch_shift__-1st.wav,,H,electronic,0.8511246278555616,0.9419384287741271,0.8333333333333334,-1.0,0.785583347745139,1.0,pitch_shift,0.43478260869565216,0.4327355722756595,49.21875,electronic_10,1.0,1.0,0.9995585039627247,0.9346943210668539
electronic_10::pitch_shift::+1st,electronic_10::pitch_shift::+1st,perturbations/audio/electronic_10__A.wav,perturbations/audio/electronic_10__pitch_shift__+1st.wav,,H,electronic,0.8401824457751684,0.9585163826113683,0.8333333333333334,1.0,0.7272670037365876,0.6666666666666666,pitch_shift,0.43478260869565216,0.44933580441744037,49.21875,electronic_10,1.0,1.0,0.9993260905027591,0.9068876165397728
electronic_10::pitch_shift::+2st,electronic_10::pitch_shift::+2st,perturbations/audio/electronic_10__A.wav,perturbations/audio/electronic_10__pitch_shift__+2st.wav,,H,electronic,0.8128994958730187,0.9406384404946492,0.3333333333333333,2.0,0.686141798939399,0.8333333333333334,pitch_shift,0.43478260869565216,0.4060709420986676,49.21875,electronic_10,1.0,1.0,0.998495797111106,0.796581815950297
electronic_10::pitch_shift::+4st,electronic_10::pitch_shift::+4st,perturbations/audio/electronic_10__A.wav,perturbations/audio/electronic_10__pitch_shift__+4st.wav,,H,electronic,0.742991063379377,0.9279308748484811,0.6666666666666666,4.0,0.6741574114822345,0.8333333333333334,pitch_shift,0.3333333333333333,0.3794063119216756,49.21875,electronic_10,1.0,1.0,0.9960876723689353,0.5775066855858063
electronic_10::time_stretch::-20pct,electronic_10::time_stretch::-20pct,perturbations/audio/electronic_10__A.wav,perturbations/audio/electronic_10__time_stretch__-20pct.wav,,R,electronic,0.9283858319958727,0.9920518963944658,0.3333333333333333,-20.0,0.5600370082768182,0.5,time_stretch,0.4761904761904762,0.34267728370947276,26.50240384615384,electronic_10,0.8038837557365044,0.9774103400093154,0.9993006053595394,0.9113006195882397
electronic_10::time_stretch::-10pct,electronic_10::time_stretch::-10pct,perturbations/audio/electronic_10__A.wav,perturbations/audio/electronic_10__time_stretch__-10pct.wav,,R,electronic,0.9723946660700806,0.9906908282550426,0.0,-10.0,0.6343569377185894,0.6666666666666666,time_stretch,0.29629629629629634,0.31601265353248076,20.266544117647072,electronic_10,0.9168580536797724,0.9882352941176471,0.9994882849380818,0.9144649740997389
electronic_10::time_stretch::-5pct,electronic_10::time_stretch::-5pct,perturbations/audio/electronic_10__A.wav,perturbations/audio/electronic_10__time_stretch__-5pct.wav,,R,electronic,0.9752328638661294,0.9950000788310859,0.0,-5.0,0.6877821474968302,1.0,time_stretch,0.41666666666666663,0.2893480233554888,54.811789772727266,electronic_10,0.8038837557365044,0.9774103400093154,0.9997831700714326,0.9528766256318093
electronic_10::time_stretch::+5pct,electronic_10::time_stretch::+5pct,perturbations/audio/electronic_10__A.wav,perturbations/audio/electronic_10__time_stretch__+5pct.wav,,R,electronic,0.9676630503518391,0.9949329323657998,0.0,5.0,0.6888033687179334,0.6666666666666666,time_stretch,0.6363636363636364,0.3693419138864646,26.50240384615384,electronic_10,1.0,1.0,0.9996598721528221,0.954702510290583
electronic_10::time_stretch::+20pct,electronic_10::time_stretch::+20pct,perturbations/audio/electronic_10__A.wav,perturbations/audio/electronic_10__time_stretch__+20pct.wav,,R,electronic,0.9631252069790093,0.9909995641428093,0.0,20.0,0.6262418262676455,0.16666666666666666,time_stretch,0.2608695652173913,0.36934191388646465,52.428668478260875,electronic_10,1.0,1.0,0.998992729489974,0.9058035715373388
electronic_10::time_stretch::+10pct,electronic_10::time_stretch::+10pct,perturbations/audio/electronic_10__A.wav,perturbations/audio/electronic_10__time_stretch__+10pct.wav,,R,electronic,0.9634590594223024,0.9953075536478996,0.0,10.0,0.6597152339126653,0.16666666666666666,time_stretch,0.36363636363636365,0.31601265353248076,34.453125,electronic_10,1.0,1.0,0.9991932483247095,0.9249913058796194
electronic_10::lowpass::lp8000,electronic_10::lowpass::lp8000,perturbations/audio/electronic_10__A.wav,perturbations/audio/electronic_10__lowpass__lp8000.wav,,T,electronic,0.9999652765253971,0.9999906675250001,0.0,8000.0,0.9999777632171862,1.0,lowpass,1.0,1.0,0.0,electronic_10,1.0,1.0,0.9894090726255708,0.4636565535532928
electronic_10::lowpass::lp4000,electronic_10::lowpass::lp4000,perturbations/audio/electronic_10__A.wav,perturbations/audio/electronic_10__lowpass__lp4000.wav,,T,electronic,0.9999463115891166,0.999985884117037,0.0,4000.0,0.9999230443689778,1.0,lowpass,0.4210526315789473,0.4060709420986676,52.080305232558146,electronic_10,1.0,1.0,0.957807379792659,0.0280993049920808
electronic_10::lowpass::lp2000,electronic_10::lowpass::lp2000,perturbations/audio/electronic_10__A.wav,perturbations/audio/electronic_10__lowpass__lp2000.wav,,T,electronic,0.999915743712609,0.9999767522826217,0.0,2000.0,0.9970870977127869,1.0,lowpass,0.6666666666666666,0.5127294628066352,5.940193965517238,electronic_10,1.0,1.0,0.9084354390014266,7.291884733344921e-05
electronic_10::distortion::drv4,electronic_10::distortion::drv4,perturbations/audio/electronic_10__A.wav,perturbations/audio/electronic_10__distortion__drv4.wav,,T,electronic,0.9969820182720114,0.9990732645759689,0.16666666666666666,4.0,0.8852502799583227,1.0,distortion,0.09523809523809523,0.3693419138864646,19.140625,electronic_10,0.8434139080483868,0.9764791464597479,0.9993533570810947,0.8280841848823584
electronic_10::distortion::drv12,electronic_10::distortion::drv12,perturbations/audio/electronic_10__A.wav,perturbations/audio/electronic_10__distortion__drv12.wav,,T,electronic,0.9934467620027612,0.998225780654781,0.16666666666666666,12.0,0.796060372234192,1.0,distortion,0.09523809523809523,0.34267728370947276,19.140625,electronic_10,0.48099629912471353,0.9782710280373831,0.9977130557898254,0.5701967204741913
electronic_10::distortion::drv32,electronic_10::distortion::drv32,perturbations/audio/electronic_10__A.wav,perturbations/audio/electronic_10__distortion__drv32.wav,,T,electronic,0.9922228078278578,0.9979314240942639,0.16666666666666666,32.0,0.7635221408812702,1.0,distortion,0.09523809523809523,0.3693419138864646,19.140625,electronic_10,0.48099629912471353,0.9782710280373831,0.995897672682756,0.3777663403980723
electronic_10::style_swap::swap_same,electronic_10::style_swap::swap_same,perturbations/audio/electronic_10__A.wav,perturbations/audio/electronic_10__style_swap__swap_same.wav,,S,electronic,0.7481594905605115,0.865877866347025,1.0,,0.2956222755896841,0.16666666666666666,style_swap,0.41666666666666663,0.36934191388646465,43.06640625,electronic_10,1.0,1.0,0.9494432868225953,0.32079237760010665
electronic_11::control::ctrl,electronic_11::control::ctrl,perturbations/audio/electronic_11__A.wav,perturbations/audio/electronic_11__control__ctrl.wav,,control,electronic,1.0,0.9999999779056835,0.0,0.0,1.0,1.0,control,1.0,1.0,0.0,electronic_11,1.0,1.0,0.9999999998354846,1.0
electronic_11::pitch_shift::-4st,electronic_11::pitch_shift::-4st,perturbations/audio/electronic_11__A.wav,perturbations/audio/electronic_11__pitch_shift__-4st.wav,,H,electronic,0.8423251137465555,0.9346214993255791,0.6666666666666666,-4.0,0.7433889055927225,1.0,pitch_shift,0.6666666666666666,0.6669823967525619,0.0,electronic_11,1.0,1.0,0.9908451614427646,0.5769571626795503
electronic_10::style_swap::swap_cross,electronic_10::style_swap::swap_cross,perturbations/audio/electronic_10__A.wav,perturbations/audio/electronic_10__style_swap__swap_cross.wav,,S,electronic,0.8318457697193231,0.9412237239115325,0.16666666666666666,,0.22659836567149783,0.0,style_swap,0.5263157894736842,0.23753189941973227,28.7109375,electronic_10,0.21804112713603535,0.6774599182646966,0.9377741596151424,0.02017276459973167
electronic_11::pitch_shift::-2st,electronic_11::pitch_shift::-2st,perturbations/audio/electronic_11__A.wav,perturbations/audio/electronic_11__pitch_shift__-2st.wav,,H,electronic,0.8939597731236695,0.9390465998987084,0.3333333333333333,-2.0,0.7923492593243032,1.0,pitch_shift,1.0,0.8786717476399575,0.0,electronic_11,1.0,1.0,0.9960920014990651,0.804899070896963
electronic_11::pitch_shift::-1st,electronic_11::pitch_shift::-1st,perturbations/audio/electronic_11__A.wav,perturbations/audio/electronic_11__pitch_shift__-1st.wav,,H,electronic,0.8405275369319228,0.9197283496768395,0.8333333333333334,-1.0,0.8053208971392315,1.0,pitch_shift,0.6666666666666666,0.6669823967525619,0.0,electronic_11,1.0,1.0,0.9983268896771756,0.9143860823485458
electronic_11::pitch_shift::+1st,electronic_11::pitch_shift::+1st,perturbations/audio/electronic_11__A.wav,perturbations/audio/electronic_11__pitch_shift__+1st.wav,,H,electronic,0.8044216752289639,0.9193902019688757,0.8333333333333334,1.0,0.7833071313160838,0.6,pitch_shift,1.0,1.0,0.0,electronic_11,1.0,1.0,0.9996566350374017,0.9348038410782703
electronic_11::pitch_shift::+2st,electronic_11::pitch_shift::+2st,perturbations/audio/electronic_11__A.wav,perturbations/audio/electronic_11__pitch_shift__+2st.wav,,H,electronic,0.8708567835848582,0.9333188676109756,0.3333333333333333,2.0,0.731421544430565,0.0,pitch_shift,1.0,0.922760087079522,0.0,electronic_11,0.13247861641838166,0.6586332122812809,0.9982877289897408,0.8568694253581484
electronic_11::time_stretch::-20pct,electronic_11::time_stretch::-20pct,perturbations/audio/electronic_11__A.wav,perturbations/audio/electronic_11__time_stretch__-20pct.wav,,R,electronic,0.9880063295143067,0.9942326089295365,0.0,-20.0,0.5716172893279448,0.8,time_stretch,0.2727272727272727,0.417284593374673,28.952205882352928,electronic_11,0.7562740221569071,0.9654427645788336,0.9986411195760306,0.853769975868864
electronic_11::time_stretch::-10pct,electronic_11::time_stretch::-10pct,perturbations/audio/electronic_11__A.wav,perturbations/audio/electronic_11__time_stretch__-10pct.wav,,R,electronic,0.9897290355688725,0.9987701313316248,0.0,-10.0,0.6121974914697581,0.4,time_stretch,0.2608695652173913,0.3619668402456946,15.999903250773968,electronic_11,0.7562740221569071,0.9654427645788336,0.9991879389754068,0.9192837962313571
electronic_11::pitch_shift::+4st,electronic_11::pitch_shift::+4st,perturbations/audio/electronic_11__A.wav,perturbations/audio/electronic_11__pitch_shift__+4st.wav,,H,electronic,0.804689404549045,0.9259295747165037,0.6666666666666666,4.0,0.7459522500000039,1.0,pitch_shift,1.0,0.8133475887610566,0.0,electronic_11,0.1402428225292883,0.6630398944939004,0.9917635447938169,0.624149392789239
electronic_11::time_stretch::-5pct,electronic_11::time_stretch::-5pct,perturbations/audio/electronic_11__A.wav,perturbations/audio/electronic_11__time_stretch__-5pct.wav,,R,electronic,0.993360655230678,0.9988082554872093,0.0,-5.0,0.6655659039423537,0.6,time_stretch,0.64,0.3619668402456946,8.444393382352928,electronic_11,0.7562740221569071,0.9654427645788336,0.9995527195275666,0.952149897449538
electronic_11::time_stretch::+5pct,electronic_11::time_stretch::+5pct,perturbations/audio/electronic_11__A.wav,perturbations/audio/electronic_11__time_stretch__+5pct.wav,,R,electronic,0.9927352061244454,0.9979263016773656,0.0,5.0,0.6562009083927911,1.0,time_stretch,0.4210526315789474,0.3619668402456946,4.606032754010698,electronic_11,0.14148319690174427,0.6421103426089754,0.9992676966341918,0.9427982778493188
electronic_11::time_stretch::+10pct,electronic_11::time_stretch::+10pct,perturbations/audio/electronic_11__A.wav,perturbations/audio/electronic_11__time_stretch__+10pct.wav,,R,electronic,0.9904393102899123,0.9960530658649732,0.0,10.0,0.5962109301471814,0.6,time_stretch,0.3157894736842105,0.3619668402456946,14.709588472485791,electronic_11,0.14699027640413598,0.6438113632705618,0.9987080088920784,0.9161835182066483
electronic_11::time_stretch::+20pct,electronic_11::time_stretch::+20pct,perturbations/audio/electronic_11__A.wav,perturbations/audio/electronic_11__time_stretch__+20pct.wav,,R,electronic,0.9876458770599431,0.9934612756212089,0.0,20.0,0.5830161184028477,0.6,time_stretch,0.2105263157894737,0.42418431065867573,26.20673808316431,electronic_11,0.9243174934306863,0.9879960803527683,0.9985789793938646,0.895930728834178
electronic_11::lowpass::lp8000,electronic_11::lowpass::lp8000,perturbations/audio/electronic_11__A.wav,perturbations/audio/electronic_11__lowpass__lp8000.wav,,T,electronic,0.9999999762792176,0.9999999773056553,0.0,8000.0,0.9999902590756236,1.0,lowpass,1.0,1.0,0.0,electronic_11,1.0,1.0,0.9628687586170989,0.505373457872588
electronic_11::lowpass::lp4000,electronic_11::lowpass::lp4000,perturbations/audio/electronic_11__A.wav,perturbations/audio/electronic_11__lowpass__lp4000.wav,,T,electronic,0.9999715969627463,0.9999939919625993,0.0,4000.0,0.9999250063247683,1.0,lowpass,0.6666666666666666,0.5603610491923842,4.342830882352928,electronic_11,1.0,1.0,0.9536477770561058,0.08583232626258726
electronic_11::lowpass::lp2000,electronic_11::lowpass::lp2000,perturbations/audio/electronic_11__A.wav,perturbations/audio/electronic_11__lowpass__lp2000.wav,,T,electronic,0.9999094264741933,0.9999832875308982,0.0,2000.0,0.9671430992640216,0.6,lowpass,0.15384615384615385,0.0,9.499942555147072,electronic_11,1.0,1.0,0.9571113735127165,0.0001813418241209925
electronic_11::distortion::drv4,electronic_11::distortion::drv4,perturbations/audio/electronic_11__A.wav,perturbations/audio/electronic_11__distortion__drv4.wav,,T,electronic,0.998992088125329,0.9998345643026142,0.0,4.0,0.9365403127904108,0.8,distortion,1.0,1.0,0.0,electronic_11,1.0,1.0,0.9989163465312232,0.8557317719320048
electronic_11::distortion::drv12,electronic_11::distortion::drv12,perturbations/audio/electronic_11__A.wav,perturbations/audio/electronic_11__distortion__drv12.wav,,T,electronic,0.9964864189422401,0.9991030150142169,0.0,12.0,0.8212946409228518,0.6,distortion,1.0,0.7352716627235812,0.0,electronic_11,0.8730809123925357,0.9884179398718581,0.9945313348774626,0.5589466215624496
electronic_11::distortion::drv32,electronic_11::distortion::drv32,perturbations/audio/electronic_11__A.wav,perturbations/audio/electronic_11__distortion__drv32.wav,,T,electronic,0.9944166034160393,0.9983712003795377,0.0,32.0,0.8144343184184987,1.0,distortion,0.4166666666666667,0.39307557545218513,0.0,electronic_11,0.13247861641838166,0.6586332122812809,0.9929845140516356,0.35156685979562813
electronic_11::style_swap::swap_cross,electronic_11::style_swap::swap_cross,perturbations/audio/electronic_11__A.wav,perturbations/audio/electronic_11__style_swap__swap_cross.wav,,S,electronic,0.7916671499804617,0.8008639745976996,0.16666666666666666,,0.25432427794155876,0.0,style_swap,0.11764705882352941,0.330858105039204,19.4870616515837,electronic_11,0.6418081149258198,0.9775555013417906,0.9899615940041927,0.17897542155491106
electronic_11::style_swap::swap_same,electronic_11::style_swap::swap_same,perturbations/audio/electronic_11__A.wav,perturbations/audio/electronic_11__style_swap__swap_same.wav,,S,electronic,0.8645850348075999,0.9512756239431349,0.8333333333333334,,0.2887102418837183,0.0,style_swap,0.2105263157894737,0.4670348435729124,26.20673808316431,electronic_11,0.8434139080483868,0.9764791464597479,0.9446321880528861,0.251854972436633
electronic_12::control::ctrl,electronic_12::control::ctrl,perturbations/audio/electronic_12__A.wav,perturbations/audio/electronic_12__control__ctrl.wav,,control,electronic,1.0,0.9999999796506842,0.0,0.0,1.0,1.0,control,1.0,1.0,0.0,electronic_12,1.0,1.0,0.9999999998462642,1.0
electronic_12::pitch_shift::-4st,electronic_12::pitch_shift::-4st,perturbations/audio/electronic_12__A.wav,perturbations/audio/electronic_12__pitch_shift__-4st.wav,,H,electronic,0.9302179615632619,0.9237838301575902,0.6666666666666666,-4.0,0.3989652228726033,0.0,pitch_shift,1.0,0.9124608415961211,0.0,electronic_12,1.0,1.0,0.9921325402832818,0.4942365702614518
electronic_12::pitch_shift::-2st,electronic_12::pitch_shift::-2st,perturbations/audio/electronic_12__A.wav,perturbations/audio/electronic_12__pitch_shift__-2st.wav,,H,electronic,0.9764931675061405,0.9814955075371726,0.3333333333333333,-2.0,0.5137545737808905,0.3333333333333333,pitch_shift,1.0,0.9124608415961211,0.0,electronic_12,1.0,1.0,0.9978865118077607,0.817764570959391
electronic_12::pitch_shift::-1st,electronic_12::pitch_shift::-1st,perturbations/audio/electronic_12__A.wav,perturbations/audio/electronic_12__pitch_shift__-1st.wav,,H,electronic,0.9882110212371609,0.9950124793082691,0.8333333333333334,-1.0,0.6828316103365536,0.6666666666666666,pitch_shift,1.0,1.0,0.0,electronic_12,1.0,1.0,0.9993339211092583,0.9370273907949805
electronic_12::pitch_shift::+1st,electronic_12::pitch_shift::+1st,perturbations/audio/electronic_12__A.wav,perturbations/audio/electronic_12__pitch_shift__+1st.wav,,H,electronic,0.9798680415825465,0.988352119648999,0.0,1.0,0.6198971601816012,0.2222222222222222,pitch_shift,1.0,0.8355049286556546,0.0,electronic_12,1.0,1.0,0.9988744173911098,0.9393170701391297
electronic_12::pitch_shift::+2st,electronic_12::pitch_shift::+2st,perturbations/audio/electronic_12__A.wav,perturbations/audio/electronic_12__pitch_shift__+2st.wav,,H,electronic,0.9554899156118565,0.9357630937724865,0.0,2.0,0.6141782709492922,0.1111111111111111,pitch_shift,1.0,0.8355049286556546,0.0,electronic_12,1.0,1.0,0.9959678146995727,0.8067061759313673
electronic_12::pitch_shift::+4st,electronic_12::pitch_shift::+4st,perturbations/audio/electronic_12__A.wav,perturbations/audio/electronic_12__pitch_shift__+4st.wav,,H,electronic,0.8738376557441785,0.8641795771362837,0.5,4.0,0.5073763049467503,0.5555555555555556,pitch_shift,1.0,0.8187697303511506,0.0,electronic_12,1.0,1.0,0.9865774825519389,0.5411207145219673
electronic_12::time_stretch::-20pct,electronic_12::time_stretch::-20pct,perturbations/audio/electronic_12__A.wav,perturbations/audio/electronic_12__time_stretch__-20pct.wav,,R,electronic,0.9852434432985628,0.9951715915472124,0.8333333333333334,-20.0,0.5173765687701719,0.1111111111111111,time_stretch,0.22222222222222224,0.417284593374673,25.83984375,electronic_12,0.8434139080483868,0.9764791464597479,0.9994897189256166,0.9013180581577283
electronic_12::time_stretch::-10pct,electronic_12::time_stretch::-10pct,perturbations/audio/electronic_12__A.wav,perturbations/audio/electronic_12__time_stretch__-10pct.wav,,R,electronic,0.9846143760753783,0.9950963177278481,0.8333333333333334,-10.0,0.5208076370059831,0.0,time_stretch,0.4210526315789474,0.417284593374673,11.745383522727266,electronic_12,0.9168580536797724,0.9882352941176471,0.9998009814526438,0.9345364214560508
electronic_12::time_stretch::-5pct,electronic_12::time_stretch::-5pct,perturbations/audio/electronic_12__A.wav,perturbations/audio/electronic_12__time_stretch__-5pct.wav,,R,electronic,0.9884702780619856,0.996617846251697,0.8333333333333334,-5.0,0.6012518229095138,0.2222222222222222,time_stretch,0.4000000000000001,0.417284593374673,6.15234375,electronic_12,0.9168580536797724,0.9882352941176471,0.9999373551376675,0.968926055944284
electronic_12::time_stretch::+5pct,electronic_12::time_stretch::+5pct,perturbations/audio/electronic_12__A.wav,perturbations/audio/electronic_12__time_stretch__+5pct.wav,,R,electronic,0.9877903012178386,0.9968169954176946,0.0,5.0,0.6256974356393508,0.6666666666666666,time_stretch,0.47619047619047616,0.417284593374673,6.799958881578959,electronic_12,1.0,1.0,0.9999486686507264,0.9752492283035452
electronic_12::time_stretch::+10pct,electronic_12::time_stretch::+10pct,perturbations/audio/electronic_12__A.wav,perturbations/audio/electronic_12__time_stretch__+10pct.wav,,R,electronic,0.9838160539793749,0.9932299984950257,0.0,10.0,0.4876442107792375,0.1111111111111111,time_stretch,0.3,0.3799541111268843,14.35546875,electronic_12,1.0,1.0,0.9998032890162621,0.952781157249821
electronic_12::time_stretch::+20pct,electronic_12::time_stretch::+20pct,perturbations/audio/electronic_12__A.wav,perturbations/audio/electronic_12__time_stretch__+20pct.wav,,R,electronic,0.9853260266698429,0.9954985767079945,0.3333333333333333,20.0,0.5555123364875023,0.4444444444444444,time_stretch,0.20000000000000004,0.45461507562246173,22.799862132352928,electronic_12,1.0,1.0,0.9995401293084385,0.9188705827566245
electronic_12::lowpass::lp8000,electronic_12::lowpass::lp8000,perturbations/audio/electronic_12__A.wav,perturbations/audio/electronic_12__lowpass__lp8000.wav,,T,electronic,0.9999743260800541,0.9999908520635614,0.0,8000.0,0.9999913503301465,1.0,lowpass,1.0,1.0,0.0,electronic_12,1.0,1.0,0.9964119507037097,0.5821565085309844
electronic_12::lowpass::lp4000,electronic_12::lowpass::lp4000,perturbations/audio/electronic_12__A.wav,perturbations/audio/electronic_12__lowpass__lp4000.wav,,T,electronic,0.9999739408700755,0.99999052760656,0.0,4000.0,0.9999716402388116,1.0,lowpass,1.0,0.9124608415961211,0.0,electronic_12,1.0,1.0,0.983265048510789,0.0064947045892789716
electronic_12::lowpass::lp2000,electronic_12::lowpass::lp2000,perturbations/audio/electronic_12__A.wav,perturbations/audio/electronic_12__lowpass__lp2000.wav,,T,electronic,0.9999984515445242,0.9999992754313479,0.0,2000.0,0.9995186610918209,1.0,lowpass,1.0,0.8355049286556546,0.0,electronic_12,1.0,1.0,0.949565397161915,1.9513377384983084e-05
electronic_12::distortion::drv4,electronic_12::distortion::drv4,perturbations/audio/electronic_12__A.wav,perturbations/audio/electronic_12__distortion__drv4.wav,,T,electronic,0.997051445397789,0.9981963907088549,0.0,4.0,0.8592888865050705,1.0,distortion,1.0,0.9124608415961211,0.0,electronic_12,1.0,1.0,0.9979164004145982,0.7468129877724002
electronic_12::distortion::drv12,electronic_12::distortion::drv12,perturbations/audio/electronic_12__A.wav,perturbations/audio/electronic_12__distortion__drv12.wav,,T,electronic,0.9932762249977046,0.9967779502922425,0.8333333333333334,12.0,0.6547911270954669,0.7777777777777778,distortion,1.0,0.9124608415961211,0.0,electronic_12,1.0,1.0,0.993705609273876,0.5625783278778144
electronic_12::distortion::drv32,electronic_12::distortion::drv32,perturbations/audio/electronic_12__A.wav,perturbations/audio/electronic_12__distortion__drv32.wav,,T,electronic,0.9913615193407576,0.996829483596416,0.8333333333333334,32.0,0.5138830646005567,0.7777777777777778,distortion,1.0,0.8279198981003485,0.0,electronic_12,1.0,1.0,0.987363126895159,0.47800070355680446
electronic_12::style_swap::swap_same,electronic_12::style_swap::swap_same,perturbations/audio/electronic_12__A.wav,perturbations/audio/electronic_12__style_swap__swap_same.wav,,S,electronic,0.7481594749062959,0.8658777673717358,1.0,,0.29562112207989943,0.1111111111111111,style_swap,0.41666666666666663,0.36934191388646465,43.06640625,electronic_12,1.0,1.0,0.9494431451567923,0.32079467668628603
electronic_12::style_swap::swap_cross,electronic_12::style_swap::swap_cross,perturbations/audio/electronic_12__A.wav,perturbations/audio/electronic_12__style_swap__swap_cross.wav,,S,electronic,0.6165436266396617,0.7629535409566506,0.16666666666666666,,0.26374519624717707,0.0,style_swap,0.28571428571428564,0.3799541111268843,32.2998046875,electronic_12,0.2079991440720233,0.6642324178441023,0.8196247757667132,0.1716005990292544
electronic_13::control::ctrl,electronic_13::control::ctrl,perturbations/audio/electronic_13__A.wav,perturbations/audio/electronic_13__control__ctrl.wav,,control,electronic,0.9999999826856518,0.9999999787115708,0.0,0.0,0.9999983750077654,1.0,control,1.0,1.0,0.0,electronic_13,1.0,1.0,0.9999999971716682,0.999987974195165
electronic_13::pitch_shift::-2st,electronic_13::pitch_shift::-2st,perturbations/audio/electronic_13__A.wav,perturbations/audio/electronic_13__pitch_shift__-2st.wav,,H,electronic,0.951597252756732,0.9761669399903682,0.8333333333333334,-2.0,0.8017710674693311,0.0,pitch_shift,1.0,1.0,0.0,electronic_13,1.0,1.0,0.9992173622770345,0.8655604325177534
electronic_13::pitch_shift::-4st,electronic_13::pitch_shift::-4st,perturbations/audio/electronic_13__A.wav,perturbations/audio/electronic_13__pitch_shift__-4st.wav,,H,electronic,0.9451513920026835,0.9709692883809763,0.8333333333333334,-4.0,0.645803977891749,0.16666666666666666,pitch_shift,1.0,1.0,0.0,electronic_13,1.0,1.0,0.9976400440251483,0.6380227975534347
electronic_13::pitch_shift::-1st,electronic_13::pitch_shift::-1st,perturbations/audio/electronic_13__A.wav,perturbations/audio/electronic_13__pitch_shift__-1st.wav,,H,electronic,0.9573931269468351,0.9789465396532131,0.8333333333333334,-1.0,0.7215310320254971,0.05555555555555555,pitch_shift,1.0,1.0,0.0,electronic_13,1.0,1.0,0.9998087896490525,0.9495989889858959
electronic_13::pitch_shift::+1st,electronic_13::pitch_shift::+1st,perturbations/audio/electronic_13__A.wav,perturbations/audio/electronic_13__pitch_shift__+1st.wav,,H,electronic,0.9666144350702507,0.9900490804457837,0.8333333333333334,1.0,0.706599928867084,0.0,pitch_shift,1.0,0.8895628492131631,0.0,electronic_13,1.0,1.0,0.9997657615349191,0.9196050352957955
electronic_13::pitch_shift::+2st,electronic_13::pitch_shift::+2st,perturbations/audio/electronic_13__A.wav,perturbations/audio/electronic_13__pitch_shift__+2st.wav,,H,electronic,0.9455903791967776,0.9725886786100014,0.3333333333333333,2.0,0.7919229179182998,0.05555555555555555,pitch_shift,1.0,0.8895628492131631,0.0,electronic_13,1.0,1.0,0.9983936171792852,0.8118513159091462
electronic_13::pitch_shift::+4st,electronic_13::pitch_shift::+4st,perturbations/audio/electronic_13__A.wav,perturbations/audio/electronic_13__pitch_shift__+4st.wav,,H,electronic,0.9353751835676526,0.9622218718483068,0.5,4.0,0.6522680740963467,0.05555555555555555,pitch_shift,1.0,0.8895628492131631,0.0,electronic_13,1.0,1.0,0.9965168343437198,0.6503044333255436
electronic_13::time_stretch::-20pct,electronic_13::time_stretch::-20pct,perturbations/audio/electronic_13__A.wav,perturbations/audio/electronic_13__time_stretch__-20pct.wav,,R,electronic,0.9783168200420043,0.9937543726148893,0.0,-20.0,0.4876968011638092,0.05555555555555555,time_stretch,0.2105263157894737,0.3619668402456946,17.32556573275862,electronic_13,0.9128870641657252,0.9853393665158371,0.9988155673276773,0.8778878759637051
electronic_13::time_stretch::-10pct,electronic_13::time_stretch::-10pct,perturbations/audio/electronic_13__A.wav,perturbations/audio/electronic_13__time_stretch__-10pct.wav,,R,electronic,0.990447746682816,0.9974574673693175,0.0,-10.0,0.633105355309689,0.05555555555555555,time_stretch,0.7142857142857143,0.5293296949484161,8.35339776400862,electronic_13,1.0,1.0,0.9996718930381925,0.9223618164995521
electronic_13::time_stretch::-5pct,electronic_13::time_stretch::-5pct,perturbations/audio/electronic_13__A.wav,perturbations/audio/electronic_13__time_stretch__-5pct.wav,,R,electronic,0.9864700198451241,0.9954335597794741,0.0,-5.0,0.5669939803304952,0.0,time_stretch,0.0,0.47600043459443236,2.970096982758619,electronic_13,0.9168580536797724,0.9882352941176471,0.9999417547468633,0.9586786424767344
electronic_13::time_stretch::+5pct,electronic_13::time_stretch::+5pct,perturbations/audio/electronic_13__A.wav,perturbations/audio/electronic_13__time_stretch__+5pct.wav,,R,electronic,0.9838460544540583,0.9946401252906483,0.0,5.0,0.6112569206532223,0.05555555555555555,time_stretch,0.13333333333333333,0.4400427662831699,6.600215517241381,electronic_13,0.9070071229635471,0.9884705882352942,0.999952936789075,0.9712658905393368
electronic_13::time_stretch::+10pct,electronic_13::time_stretch::+10pct,perturbations/audio/electronic_13__A.wav,perturbations/audio/electronic_13__time_stretch__+10pct.wav,,R,electronic,0.9832052175278196,0.9935078875801019,0.16666666666666666,10.0,0.5751020223303438,0.0,time_stretch,0.2857142857142857,0.47600043459443236,10.2811049403183,electronic_13,1.0,1.0,0.9997362588576211,0.9502185850051421
electronic_13::time_stretch::+20pct,electronic_13::time_stretch::+20pct,perturbations/audio/electronic_13__A.wav,perturbations/audio/electronic_13__time_stretch__+20pct.wav,,R,electronic,0.9861344619747473,0.9968963384877808,0.0,20.0,0.5285080297379887,0.0,time_stretch,0.125,0.4912824822514895,18.56310614224138,electronic_13,0.9070071229635471,0.9884705882352942,0.9988992183303136,0.9056708965702741
electronic_13::lowpass::lp8000,electronic_13::lowpass::lp8000,perturbations/audio/electronic_13__A.wav,perturbations/audio/electronic_13__lowpass__lp8000.wav,,T,electronic,0.9999378303255749,0.9999863828968474,0.0,8000.0,0.9998415661103384,1.0,lowpass,1.0,1.0,0.0,electronic_13,1.0,1.0,0.966723057118085,0.23842111099155106
electronic_13::lowpass::lp4000,electronic_13::lowpass::lp4000,perturbations/audio/electronic_13__A.wav,perturbations/audio/electronic_13__lowpass__lp4000.wav,,T,electronic,0.9999963410439844,0.999999291313439,0.0,4000.0,0.9996182362325965,1.0,lowpass,1.0,1.0,0.0,electronic_13,0.2079991440720233,0.6642324178441023,0.9090200496243718,0.04542250086789126
electronic_13::lowpass::lp2000,electronic_13::lowpass::lp2000,perturbations/audio/electronic_13__A.wav,perturbations/audio/electronic_13__lowpass__lp2000.wav,,T,electronic,0.999991093973458,0.9999982789653176,0.0,2000.0,0.9985943662263385,1.0,lowpass,1.0,0.8895628492131631,0.0,electronic_13,0.2079991440720233,0.6642324178441023,0.9276188747810682,5.21514155361034e-05
electronic_13::distortion::drv4,electronic_13::distortion::drv4,perturbations/audio/electronic_13__A.wav,perturbations/audio/electronic_13__distortion__drv4.wav,,T,electronic,0.998836199284903,0.9998758142305143,0.0,4.0,0.8971738164838686,0.5555555555555556,distortion,1.0,0.8895628492131631,0.0,electronic_13,1.0,1.0,0.9997127707948531,0.9112180217409616
electronic_13::distortion::drv32,electronic_13::distortion::drv32,perturbations/audio/electronic_13__A.wav,perturbations/audio/electronic_13__distortion__drv32.wav,,T,electronic,0.9936833555462682,0.999217449297379,0.0,32.0,0.59660284867054,0.16666666666666666,distortion,1.0,0.8161047927887572,0.0,electronic_13,0.9042525814897057,0.9864584992830971,0.9899142061311313,0.6144319328429512
electronic_13::distortion::drv12,electronic_13::distortion::drv12,perturbations/audio/electronic_13__A.wav,perturbations/audio/electronic_13__distortion__drv12.wav,,T,electronic,0.9959821857925678,0.9995534321512194,0.0,12.0,0.6953626713669923,0.5,distortion,1.0,0.8388964646871107,0.0,electronic_13,0.9042525814897057,0.9864584992830971,0.996546893436872,0.7715847377450915
electronic_13::style_swap::swap_cross,electronic_13::style_swap::swap_cross,perturbations/audio/electronic_13__A.wav,perturbations/audio/electronic_13__style_swap__swap_cross.wav,,S,electronic,0.6085383929292525,0.7706126833640056,0.5,,0.29508863454692613,0.0,style_swap,0.23529411764705882,0.3799541111268843,28.350925744514115,electronic_13,0.4024086393976197,0.9469765342960288,0.8352581560183202,0.1542410593915784
electronic_13::style_swap::swap_same,electronic_13::style_swap::swap_same,perturbations/audio/electronic_13__A.wav,perturbations/audio/electronic_13__style_swap__swap_same.wav,,S,electronic,0.9425475858540522,0.9660635371558736,0.5,,0.2742421238496374,0.05555555555555555,style_swap,0.0,0.5293296949484161,27.57947198275862,electronic_13,0.4024086393976197,0.9469765342960288,0.9729318404849808,0.2641456710596978
electronic_14::control::ctrl,electronic_14::control::ctrl,perturbations/audio/electronic_14__A.wav,perturbations/audio/electronic_14__control__ctrl.wav,,control,electronic,1.0,0.9999999790508926,0.0,0.0,1.0,1.0,control,1.0,1.0,0.0,electronic_14,1.0,1.0,0.9999999997429672,1.0
electronic_14::pitch_shift::-4st,electronic_14::pitch_shift::-4st,perturbations/audio/electronic_14__A.wav,perturbations/audio/electronic_14__pitch_shift__-4st.wav,,H,electronic,0.9037369761087507,0.9347174227889133,0.16666666666666666,-4.0,0.5836747219375557,0.0,pitch_shift,1.0,1.0,0.0,electronic_14,1.0,1.0,0.9845536464152487,0.6203005397839448
electronic_14::pitch_shift::-2st,electronic_14::pitch_shift::-2st,perturbations/audio/electronic_14__A.wav,perturbations/audio/electronic_14__pitch_shift__-2st.wav,,H,electronic,0.9092851452959575,0.9377028866262015,0.0,-2.0,0.7438138671800217,0.3333333333333333,pitch_shift,1.0,1.0,0.0,electronic_14,1.0,1.0,0.9949504940763919,0.8729203967943151
electronic_14::pitch_shift::-1st,electronic_14::pitch_shift::-1st,perturbations/audio/electronic_14__A.wav,perturbations/audio/electronic_14__pitch_shift__-1st.wav,,H,electronic,0.9207990802706967,0.9632534092706126,0.3333333333333333,-1.0,0.8146910323566222,0.0,pitch_shift,1.0,0.8652503803481372,0.0,electronic_14,1.0,1.0,0.9984229987169232,0.9485344023580349
electronic_14::pitch_shift::+2st,electronic_14::pitch_shift::+2st,perturbations/audio/electronic_14__A.wav,perturbations/audio/electronic_14__pitch_shift__+2st.wav,,H,electronic,0.8964937712936306,0.9400853418630105,0.3333333333333333,2.0,0.7594756860822964,0.3333333333333333,pitch_shift,1.0,0.8652503803481372,0.0,electronic_14,1.0,1.0,0.9892515933625486,0.862655277801633
electronic_14::pitch_shift::+1st,electronic_14::pitch_shift::+1st,perturbations/audio/electronic_14__A.wav,perturbations/audio/electronic_14__pitch_shift__+1st.wav,,H,electronic,0.9075858072193789,0.9590705539639096,0.8333333333333334,1.0,0.8657497646942973,0.75,pitch_shift,1.0,0.8652503803481372,0.0,electronic_14,1.0,1.0,0.9972286998708247,0.9481535623532236
electronic_14::pitch_shift::+4st,electronic_14::pitch_shift::+4st,perturbations/audio/electronic_14__A.wav,perturbations/audio/electronic_14__pitch_shift__+4st.wav,,H,electronic,0.9044787020385142,0.9374049271945969,1.0,4.0,0.6539815573698557,0.16666666666666666,pitch_shift,1.0,0.8652503803481372,0.0,electronic_14,1.0,1.0,0.9774175200700301,0.6602740033481905
electronic_14::time_stretch::-20pct,electronic_14::time_stretch::-20pct,perturbations/audio/electronic_14__A.wav,perturbations/audio/electronic_14__time_stretch__-20pct.wav,,R,electronic,0.9707213636132218,0.9937998291460312,0.5,-20.0,0.5523219878569254,0.08333333333333333,time_stretch,0.16666666666666666,0.5293296949484161,21.533203125,electronic_14,1.0,1.0,0.9976315574359564,0.9055242335047454
electronic_14::time_stretch::-10pct,electronic_14::time_stretch::-10pct,perturbations/audio/electronic_14__A.wav,perturbations/audio/electronic_14__time_stretch__-10pct.wav,,R,electronic,0.9771656642226227,0.9958102719117795,0.3333333333333333,-10.0,0.6206633610586545,0.25,time_stretch,0.5454545454545454,0.5175105162781474,11.962890625,electronic_14,0.9443019246730155,0.9867460102786043,0.9945867025762729,0.9524787924630757
electronic_14::time_stretch::-5pct,electronic_14::time_stretch::-5pct,perturbations/audio/electronic_14__A.wav,perturbations/audio/electronic_14__time_stretch__-5pct.wav,,R,electronic,0.987367919300302,0.9969229730998865,0.0,-5.0,0.7623614081478314,0.3333333333333333,time_stretch,0.0,0.5666065223658278,8.28200120192308,electronic_14,0.0,0.8710229216558331,0.999008814914536,0.9744792306673761
electronic_14::time_stretch::+5pct,electronic_14::time_stretch::+5pct,perturbations/audio/electronic_14__A.wav,perturbations/audio/electronic_14__time_stretch__+5pct.wav,,R,electronic,0.9799757600487207,0.9961220260556208,0.8333333333333334,5.0,0.6552470803775529,0.25,time_stretch,0.0,0.6266951775221132,4.681131114130437,electronic_14,1.0,1.0,0.9994989661884087,0.9845794035983126
electronic_14::time_stretch::+10pct,electronic_14::time_stretch::+10pct,perturbations/audio/electronic_14__A.wav,perturbations/audio/electronic_14__time_stretch__+10pct.wav,,R,electronic,0.9808532667476639,0.9965505323307817,0.0,10.0,0.681696373741211,0.3333333333333333,time_stretch,0.6666666666666665,0.5666065223658278,9.787819602272734,electronic_14,0.79673224293418,0.9471488178025035,0.998390505522209,0.9655854247416059
electronic_14::time_stretch::+20pct,electronic_14::time_stretch::+20pct,perturbations/audio/electronic_14__A.wav,perturbations/audio/electronic_14__time_stretch__+20pct.wav,,R,electronic,0.9740920427847533,0.9952753810839966,0.0,20.0,0.5852708437039105,0.16666666666666666,time_stretch,0.26666666666666666,0.417284593374673,21.533203125,electronic_14,0.8429556735743083,0.960308710033076,0.9991806184913741,0.9541970268580254
electronic_14::lowpass::lp8000,electronic_14::lowpass::lp8000,perturbations/audio/electronic_14__A.wav,perturbations/audio/electronic_14__lowpass__lp8000.wav,,T,electronic,0.9999999802901117,0.9999999787946463,0.0,8000.0,0.9999421168612306,1.0,lowpass,1.0,1.0,4.306640625,electronic_14,1.0,1.0,0.9470803391208641,0.3533544645807048
electronic_14::lowpass::lp4000,electronic_14::lowpass::lp4000,perturbations/audio/electronic_14__A.wav,perturbations/audio/electronic_14__lowpass__lp4000.wav,,T,electronic,0.9999987421980345,0.999999116738877,0.0,4000.0,0.9959983109752406,0.25,lowpass,1.0,0.8652503803481372,4.306640625,electronic_14,1.0,1.0,0.8418184224036116,0.1028873892697453
electronic_14::distortion::drv4,electronic_14::distortion::drv4,perturbations/audio/electronic_14__A.wav,perturbations/audio/electronic_14__distortion__drv4.wav,,T,electronic,0.9979728707040774,0.9994619479085466,0.0,4.0,0.9321232477014227,0.3333333333333333,distortion,1.0,1.0,4.306640625,electronic_14,1.0,1.0,0.9951755312046707,0.9295533071945973
electronic_14::lowpass::lp2000,electronic_14::lowpass::lp2000,perturbations/audio/electronic_14__A.wav,perturbations/audio/electronic_14__lowpass__lp2000.wav,,T,electronic,0.9996912487789879,0.9999109348413848,0.0,2000.0,0.9960241761106916,1.0,lowpass,0.5714285714285715,0.7159284513569825,0.0,electronic_14,1.0,1.0,0.7375635041056599,0.0004702458629726159
electronic_14::distortion::drv12,electronic_14::distortion::drv12,perturbations/audio/electronic_14__A.wav,perturbations/audio/electronic_14__distortion__drv12.wav,,T,electronic,0.9945692162141365,0.9980842898251681,0.8333333333333334,12.0,0.8434787249472443,0.25,distortion,0.23529411764705882,0.39307557545218513,35.888671875,electronic_14,1.0,1.0,0.9817588391164006,0.7456061754404679
electronic_14::style_swap::swap_cross,electronic_14::style_swap::swap_cross,perturbations/audio/electronic_14__A.wav,perturbations/audio/electronic_14__style_swap__swap_cross.wav,,S,electronic,0.7850430249230874,0.8619057292060305,0.8333333333333334,,0.2209095886727649,0.0,style_swap,0.15384615384615385,0.4400427662831699,4.681131114130437,electronic_14,0.9158588450951036,0.9875083948959034,0.783193371872796,0.191136342633912
electronic_14::distortion::drv32,electronic_14::distortion::drv32,perturbations/audio/electronic_14__A.wav,perturbations/audio/electronic_14__distortion__drv32.wav,,T,electronic,0.9936331424088792,0.9980757966422712,0.0,32.0,0.804849081442026,0.25,distortion,0.23529411764705882,0.39307557545218513,35.888671875,electronic_14,0.17413344392452368,0.6698581560283687,0.9768783828071189,0.5786588199926744
electronic_15::control::ctrl,electronic_15::control::ctrl,perturbations/audio/electronic_15__A.wav,perturbations/audio/electronic_15__control__ctrl.wav,,control,electronic,1.0,0.9999999790946938,0.0,0.0,1.0,1.0,control,1.0,1.0,0.0,electronic_15,1.0,1.0,0.9999999998511502,1.0
electronic_14::style_swap::swap_same,electronic_14::style_swap::swap_same,perturbations/audio/electronic_14__A.wav,perturbations/audio/electronic_14__style_swap__swap_same.wav,,S,electronic,0.7306426669234691,0.8667693309737795,0.5,,0.2639396894806465,0.0,style_swap,0.25,0.5666065223658278,33.837890625,electronic_14,0.06920305895978855,0.6524236983842011,0.8796615153691523,0.2580447287270534
electronic_15::pitch_shift::-4st,electronic_15::pitch_shift::-4st,perturbations/audio/electronic_15__A.wav,perturbations/audio/electronic_15__pitch_shift__-4st.wav,,H,electronic,0.7634178859314763,0.8436617906755572,0.5,-4.0,0.8057390311842703,0.26666666666666666,pitch_shift,1.0,0.7200213831415849,0.0,electronic_15,0.0,0.7068965517241379,0.9877463546942128,0.33257828747774404
electronic_15::pitch_shift::-1st,electronic_15::pitch_shift::-1st,perturbations/audio/electronic_15__A.wav,perturbations/audio/electronic_15__pitch_shift__-1st.wav,,H,electronic,0.7241622054536448,0.7857719546556339,0.8333333333333334,-1.0,0.8507422664475911,0.4,pitch_shift,0.11764705882352941,0.4083258550341814,15.380859375,electronic_15,0.0,0.7068965517241379,0.9970147480959629,0.8516671069002811
electronic_15::pitch_shift::-2st,electronic_15::pitch_shift::-2st,perturbations/audio/electronic_15__A.wav,perturbations/audio/electronic_15__pitch_shift__-2st.wav,,H,electronic,0.8453067153724991,0.8928387958765955,0.3333333333333333,-2.0,0.8332345170844254,0.4666666666666667,pitch_shift,1.0,0.7575767926142635,0.0,electronic_15,1.0,1.0,0.9948589858392936,0.6925441638085793
electronic_15::pitch_shift::+1st,electronic_15::pitch_shift::+1st,perturbations/audio/electronic_15__A.wav,perturbations/audio/electronic_15__pitch_shift__+1st.wav,,H,electronic,0.707886315884476,0.7733181956303592,0.6666666666666666,1.0,0.8823330601417119,0.3333333333333333,pitch_shift,0.375,0.4400427662831699,15.380859375,electronic_15,0.0,0.7903225806451613,0.9971499537315609,0.819200290880709
electronic_15::pitch_shift::+2st,electronic_15::pitch_shift::+2st,perturbations/audio/electronic_15__A.wav,perturbations/audio/electronic_15__pitch_shift__+2st.wav,,H,electronic,0.8324261439509045,0.8829489239322345,0.3333333333333333,2.0,0.8070162657586899,0.26666666666666666,pitch_shift,0.75,0.6733582803318491,0.0,electronic_15,0.0,0.7068965517241379,0.9940939133974963,0.6341542457910209
electronic_15::pitch_shift::+4st,electronic_15::pitch_shift::+4st,perturbations/audio/electronic_15__A.wav,perturbations/audio/electronic_15__pitch_shift__+4st.wav,,H,electronic,0.7940601564905648,0.8587037343075831,0.6666666666666666,4.0,0.7968074442346583,0.5333333333333333,pitch_shift,1.0,0.6733582803318491,0.0,electronic_15,0.0,0.9496021220159152,0.9858353372850833,0.3168905554495
electronic_15::time_stretch::-20pct,electronic_15::time_stretch::-20pct,perturbations/audio/electronic_15__A.wav,perturbations/audio/electronic_15__time_stretch__-20pct.wav,,R,electronic,0.9884948494074712,0.9970214041658636,0.0,-20.0,0.5560944615339685,0.3333333333333333,time_stretch,0.3157894736842105,0.3882255489085519,20.5078125,electronic_15,0.0,0.9395886889460154,0.9970166157690653,0.8621294187739732
electronic_15::time_stretch::-10pct,electronic_15::time_stretch::-10pct,perturbations/audio/electronic_15__A.wav,perturbations/audio/electronic_15__time_stretch__-10pct.wav,,R,electronic,0.9883968371464393,0.9987803715076302,0.0,-10.0,0.6061397416681944,0.5333333333333333,time_stretch,0.3157894736842105,0.4689083868584362,30.76171875,electronic_15,0.0,0.9,0.9968422327640332,0.8481378754518177
electronic_15::time_stretch::-5pct,electronic_15::time_stretch::-5pct,perturbations/audio/electronic_15__A.wav,perturbations/audio/electronic_15__time_stretch__-5pct.wav,,R,electronic,0.9926498080729849,0.9989786277970095,0.0,-5.0,0.6747872640719017,0.4,time_stretch,0.4210526315789474,0.3882255489085519,27.685546875,electronic_15,1.0,1.0,0.9985604552947078,0.910645089250042
electronic_15::time_stretch::+5pct,electronic_15::time_stretch::+5pct,perturbations/audio/electronic_15__A.wav,perturbations/audio/electronic_15__time_stretch__+5pct.wav,,R,electronic,0.9915707008290631,0.9985933769197484,0.0,5.0,0.668163196066367,0.4,time_stretch,0.0,0.48670586909290575,3.41796875,electronic_15,0.0,0.9296140123256568,0.9975024436287291,0.8733351502573805
electronic_15::time_stretch::+10pct,electronic_15::time_stretch::+10pct,perturbations/audio/electronic_15__A.wav,perturbations/audio/electronic_15__time_stretch__+10pct.wav,,R,electronic,0.9889576519147304,0.998918928275471,0.0,10.0,0.6330148934280522,0.4,time_stretch,0.125,0.48670586909290575,7.09885817307692,electronic_15,0.0,0.8072289156626505,0.9979129903802507,0.8791352903249785
electronic_15::time_stretch::+20pct,electronic_15::time_stretch::+20pct,perturbations/audio/electronic_15__A.wav,perturbations/audio/electronic_15__time_stretch__+20pct.wav,,R,electronic,0.9770593498067278,0.9983494150032569,0.0,20.0,0.6113316203507759,0.13333333333333333,time_stretch,0.13333333333333333,0.4400427662831699,15.380859375,electronic_15,0.0,0.7821380243572396,0.9979198089689453,0.8834520363265083
electronic_15::lowpass::lp8000,electronic_15::lowpass::lp8000,perturbations/audio/electronic_15__A.wav,perturbations/audio/electronic_15__lowpass__lp8000.wav,,T,electronic,0.9999999316477405,0.9999999777239348,0.0,8000.0,0.999948174750358,1.0,lowpass,0.75,0.6266951775221132,0.0,electronic_15,0.0,0.7068965517241379,0.9899696620539317,0.27566095749496605
electronic_15::lowpass::lp4000,electronic_15::lowpass::lp4000,perturbations/audio/electronic_15__A.wav,perturbations/audio/electronic_15__lowpass__lp4000.wav,,T,electronic,0.999988342631621,0.9999934278725395,0.0,4000.0,0.9998091378994048,1.0,lowpass,0.75,0.5333689719026415,0.0,electronic_15,1.0,1.0,0.9389289172328847,0.0054402284756024455
electronic_15::lowpass::lp2000,electronic_15::lowpass::lp2000,perturbations/audio/electronic_15__A.wav,perturbations/audio/electronic_15__lowpass__lp2000.wav,,T,electronic,0.9999072733295802,0.9999561030243318,0.0,2000.0,0.9911057830619519,0.9333333333333333,lowpass,0.625,0.48670586909290575,3.182246767241381,electronic_15,1.0,1.0,0.893228784556598,1.6786879736737375e-05
electronic_15::distortion::drv4,electronic_15::distortion::drv4,perturbations/audio/electronic_15__A.wav,perturbations/audio/electronic_15__distortion__drv4.wav,,T,electronic,0.9999653099131299,0.9999993335800038,0.0,4.0,0.9981803256917174,0.8,distortion,0.875,0.7109136898045276,0.0,electronic_15,1.0,1.0,0.9999884590846522,0.9970215246331172
electronic_15::distortion::drv12,electronic_15::distortion::drv12,perturbations/audio/electronic_15__A.wav,perturbations/audio/electronic_15__distortion__drv12.wav,,T,electronic,0.9991366406086932,0.9997686757911486,0.0,12.0,0.9604667352944852,0.7333333333333333,distortion,0.875,0.5509816684642609,0.0,electronic_15,1.0,1.0,0.9982229724840581,0.8929278056543023
electronic_15::distortion::drv32,electronic_15::distortion::drv32,perturbations/audio/electronic_15__A.wav,perturbations/audio/electronic_15__distortion__drv32.wav,,T,electronic,0.993968298569803,0.9967672378555904,0.0,32.0,0.8633698986854664,0.4,distortion,0.3157894736842105,0.3542887468651076,27.685546875,electronic_15,0.0,0.98989898989899,0.9902055873094721,0.5353334458436045
electronic_15::style_swap::swap_cross,electronic_15::style_swap::swap_cross,perturbations/audio/electronic_15__A.wav,perturbations/audio/electronic_15__style_swap__swap_cross.wav,,S,electronic,0.7601506437515605,0.9466416435668836,0.16666666666666666,,0.25763516201094594,0.0,style_swap,0.15384615384615385,0.48670586909290575,24.28556743421052,electronic_15,0.0,0.9196857267568748,0.8949874444003648,0.04131200476169639
electronic_15::style_swap::swap_same,electronic_15::style_swap::swap_same,perturbations/audio/electronic_15__A.wav,perturbations/audio/electronic_15__style_swap__swap_same.wav,,S,electronic,0.8589206188904813,0.862897574084809,0.3333333333333333,,0.291958849873596,0.0,style_swap,0.16666666666666666,0.4400427662831699,15.380859375,electronic_15,0.0,0.9798021434460016,0.9479811239811028,0.14225572611379247
folk_01::control::ctrl,folk_01::control::ctrl,perturbations/audio/folk_01__A.wav,perturbations/audio/folk_01__control__ctrl.wav,,control,folk,1.0,0.9999999779352576,0.0,0.0,1.0,1.0,control,1.0,1.0,0.0,folk_01,1.0,1.0,0.9999999998111748,0.9999999999999998
folk_01::pitch_shift::-4st,folk_01::pitch_shift::-4st,perturbations/audio/folk_01__A.wav,perturbations/audio/folk_01__pitch_shift__-4st.wav,,H,folk,0.7768911219554859,0.8696330356095003,0.6666666666666666,-4.0,0.8506644166992747,0.4,pitch_shift,1.0,1.0,0.0,folk_01,1.0,1.0,0.9536807470217123,0.3697084543954979
folk_01::pitch_shift::-2st,folk_01::pitch_shift::-2st,perturbations/audio/folk_01__A.wav,perturbations/audio/folk_01__pitch_shift__-2st.wav,,H,folk,0.8356802905759292,0.9132689289736192,0.3333333333333333,-2.0,0.9096420335384698,0.6666666666666666,pitch_shift,1.0,1.0,0.0,folk_01,1.0,1.0,0.9857176761613572,0.719345426275942
folk_01::pitch_shift::-1st,folk_01::pitch_shift::-1st,perturbations/audio/folk_01__A.wav,perturbations/audio/folk_01__pitch_shift__-1st.wav,,H,folk,0.7482525729751791,0.8673355699010938,0.8333333333333334,-1.0,0.9355389028963866,1.0,pitch_shift,1.0,1.0,0.0,folk_01,1.0,1.0,0.9962724076409875,0.8926504534286226
folk_01::pitch_shift::+1st,folk_01::pitch_shift::+1st,perturbations/audio/folk_01__A.wav,perturbations/audio/folk_01__pitch_shift__+1st.wav,,H,folk,0.7416161409524328,0.8730162092773176,0.8333333333333334,1.0,0.9365071613972216,1.0,pitch_shift,1.0,0.8985423860130417,0.0,folk_01,1.0,1.0,0.9959800337193753,0.8771166071020101
folk_01::pitch_shift::+2st,folk_01::pitch_shift::+2st,perturbations/audio/folk_01__A.wav,perturbations/audio/folk_01__pitch_shift__+2st.wav,,H,folk,0.8410260440995567,0.9098740659526551,0.3333333333333333,2.0,0.9085419745404061,0.6666666666666666,pitch_shift,1.0,0.8985423860130417,0.0,folk_01,1.0,1.0,0.9825200407543202,0.6493105256176313
folk_01::pitch_shift::+4st,folk_01::pitch_shift::+4st,perturbations/audio/folk_01__A.wav,perturbations/audio/folk_01__pitch_shift__+4st.wav,,H,folk,0.7551789901013722,0.8628208703588788,0.6666666666666666,4.0,0.8458132441618382,0.4,pitch_shift,1.0,0.8700503029135271,0.0,folk_01,1.0,1.0,0.9390866949933253,0.37147279089730734
folk_01::time_stretch::-20pct,folk_01::time_stretch::-20pct,perturbations/audio/folk_01__A.wav,perturbations/audio/folk_01__time_stretch__-20pct.wav,,R,folk,0.9756698911280527,0.9969184446976993,0.0,-20.0,0.5967607149501442,0.4,time_stretch,0.39999999999999997,0.30005345785396237,32.57123161764707,folk_01,1.0,1.0,0.9985848961787311,0.9039192563580731
folk_01::time_stretch::-10pct,folk_01::time_stretch::-10pct,perturbations/audio/folk_01__A.wav,perturbations/audio/folk_01__time_stretch__-10pct.wav,,R,folk,0.9846845315485044,0.9989251387517942,0.0,-10.0,0.5736482787837351,0.3333333333333333,time_stretch,0.5333333333333333,0.30005345785396237,12.3046875,folk_01,0.13399584951361945,0.6609398686205153,0.9993843985293585,0.9399754574904056
folk_01::time_stretch::+5pct,folk_01::time_stretch::+5pct,perturbations/audio/folk_01__A.wav,perturbations/audio/folk_01__time_stretch__+5pct.wav,,R,folk,0.9946694015971382,0.9993043951482362,0.0,5.0,0.6456688816435083,0.5333333333333333,time_stretch,0.43478260869565216,0.27672190644909445,14.19771634615384,folk_01,1.0,1.0,0.9998057235028667,0.976816076261929
folk_01::time_stretch::+10pct,folk_01::time_stretch::+10pct,perturbations/audio/folk_01__A.wav,perturbations/audio/folk_01__time_stretch__+10pct.wav,,R,folk,0.9910584736649889,0.9992752866907509,0.0,10.0,0.6246229749767769,0.5333333333333333,time_stretch,0.39999999999999997,0.27672190644909445,22.1484375,folk_01,0.7780678793108433,0.9647404505386875,0.999587461061362,0.9560159278165331
folk_01::time_stretch::-5pct,folk_01::time_stretch::-5pct,perturbations/audio/folk_01__A.wav,perturbations/audio/folk_01__time_stretch__-5pct.wav,,R,folk,0.9949613273672061,0.9987494941847764,0.0,-5.0,0.7133833733535757,0.6666666666666666,time_stretch,0.4166666666666667,0.27672190644909445,6.364493534482762,folk_01,0.18929015780060912,0.6472919418758257,0.9998661937787329,0.9614156516850743
folk_01::time_stretch::+20pct,folk_01::time_stretch::+20pct,perturbations/audio/folk_01__A.wav,perturbations/audio/folk_01__time_stretch__+20pct.wav,,R,folk,0.985062762006722,0.998916261164133,0.0,20.0,0.6253109759298583,0.3333333333333333,time_stretch,0.5384615384615384,0.3233850092588303,40.123980978260875,folk_01,0.9301388705197725,0.9877530617345663,0.9989254523989053,0.9355521755094266
folk_01::lowpass::lp8000,folk_01::lowpass::lp8000,perturbations/audio/folk_01__A.wav,perturbations/audio/folk_01__lowpass__lp8000.wav,,T,folk,0.9998149949934951,0.9998717542450273,0.0,8000.0,0.9999799754392243,1.0,lowpass,0.9333333333333333,0.8752108346081738,0.0,folk_01,1.0,1.0,0.9779263642914054,0.3565956435402383
folk_01::lowpass::lp4000,folk_01::lowpass::lp4000,perturbations/audio/folk_01__A.wav,perturbations/audio/folk_01__lowpass__lp4000.wav,,T,folk,0.9999762986671427,0.999976759963873,0.0,4000.0,0.9995808610900968,1.0,lowpass,0.9333333333333333,0.810716227355369,0.0,folk_01,1.0,1.0,0.862482347902077,0.06195295442119687
folk_01::lowpass::lp2000,folk_01::lowpass::lp2000,perturbations/audio/folk_01__A.wav,perturbations/audio/folk_01__lowpass__lp2000.wav,,T,folk,0.998685908029539,0.9991131418460186,0.0,2000.0,0.9891886190814512,1.0,lowpass,0.9333333333333333,0.7763544973506026,0.0,folk_01,1.0,1.0,0.6649195122823461,4.393692544987824e-05
folk_01::distortion::drv4,folk_01::distortion::drv4,perturbations/audio/folk_01__A.wav,perturbations/audio/folk_01__distortion__drv4.wav,,T,folk,0.9991739718816064,0.9997639849865403,0.0,4.0,0.9826939712021763,1.0,distortion,0.9333333333333333,0.8752108346081738,0.0,folk_01,1.0,1.0,0.9914474860322879,0.7419380289258888
folk_01::distortion::drv12,folk_01::distortion::drv12,perturbations/audio/folk_01__A.wav,perturbations/audio/folk_01__distortion__drv12.wav,,T,folk,0.9943316407328724,0.9978071267486428,0.0,12.0,0.9106547560844948,1.0,distortion,0.6086956521739131,0.5421753201834513,0.0,folk_01,1.0,1.0,0.9628510678518247,0.350686664255328
folk_01::distortion::drv32,folk_01::distortion::drv32,perturbations/audio/folk_01__A.wav,perturbations/audio/folk_01__distortion__drv32.wav,,T,folk,0.9876423324078086,0.9946455896768309,0.0,32.0,0.8650715013877698,0.3333333333333333,distortion,0.9333333333333333,0.7906430471939365,0.0,folk_01,1.0,1.0,0.9474397081295641,0.18650081256961792
folk_01::style_swap::swap_cross,folk_01::style_swap::swap_cross,perturbations/audio/folk_01__A.wav,perturbations/audio/folk_01__style_swap__swap_cross.wav,,S,folk,0.8107539814748858,0.9053638501961397,0.8333333333333334,,0.3085598886610197,0.0,style_swap,0.4615384615384615,0.37004811206856614,55.37109375,folk_01,1.0,1.0,0.5392246316192625,0.08248665199390529
folk_02::control::ctrl,folk_02::control::ctrl,perturbations/audio/folk_02__A.wav,perturbations/audio/folk_02__control__ctrl.wav,,control,folk,1.0,0.9999999784540472,0.0,0.0,1.0,1.0,control,1.0,1.0,0.0,folk_02,1.0,1.0,0.9999999998685376,1.0
folk_02::pitch_shift::-4st,folk_02::pitch_shift::-4st,perturbations/audio/folk_02__A.wav,perturbations/audio/folk_02__pitch_shift__-4st.wav,,H,folk,0.8082124899481727,0.7692352908036016,0.6666666666666666,-4.0,0.8397225159334207,0.25,pitch_shift,1.0,0.7575767926142635,0.0,folk_02,1.0,1.0,0.9936148165397444,0.5107827321136038
folk_01::style_swap::swap_same,folk_01::style_swap::swap_same,perturbations/audio/folk_01__A.wav,perturbations/audio/folk_01__style_swap__swap_same.wav,,S,folk,0.7684418144150366,0.6868502879422699,0.6666666666666666,,0.26020125408328654,0.0,style_swap,0.1111111111111111,0.2533903550442265,52.058293269230774,folk_01,0.0,0.9,0.6294138704763312,0.05115071474188261
folk_02::pitch_shift::-2st,folk_02::pitch_shift::-2st,perturbations/audio/folk_02__A.wav,perturbations/audio/folk_02__pitch_shift__-2st.wav,,H,folk,0.6508288790521229,0.7057814722178196,0.3333333333333333,-2.0,0.8617372521277387,0.25,pitch_shift,1.0,0.8019098790745595,0.0,folk_02,1.0,1.0,0.9966741697148457,0.7906395953778295
folk_02::pitch_shift::-1st,folk_02::pitch_shift::-1st,perturbations/audio/folk_02__A.wav,perturbations/audio/folk_02__pitch_shift__-1st.wav,,H,folk,0.7654009501073872,0.8053935799309636,0.8333333333333334,-1.0,0.9406222743160159,0.625,pitch_shift,1.0,0.8019098790745595,0.0,folk_02,0.9158588450951036,0.9875083948959034,0.9986637613528018,0.9234985324087617
folk_02::pitch_shift::+1st,folk_02::pitch_shift::+1st,perturbations/audio/folk_02__A.wav,perturbations/audio/folk_02__pitch_shift__+1st.wav,,H,folk,0.7139315740671375,0.7800521766542952,0.8333333333333334,1.0,0.9221622140930219,0.375,pitch_shift,1.0,0.8019098790745595,0.0,folk_02,1.0,1.0,0.9987164346701278,0.9076935348360514
folk_02::pitch_shift::+2st,folk_02::pitch_shift::+2st,perturbations/audio/folk_02__A.wav,perturbations/audio/folk_02__pitch_shift__+2st.wav,,H,folk,0.7335187854545965,0.6956621063372498,0.3333333333333333,2.0,0.8992444399191504,0.5,pitch_shift,1.0,0.8019098790745595,0.0,folk_02,1.0,1.0,0.9967784903632897,0.7716851153181297
folk_02::pitch_shift::+4st,folk_02::pitch_shift::+4st,perturbations/audio/folk_02__A.wav,perturbations/audio/folk_02__pitch_shift__+4st.wav,,H,folk,0.8386687158247125,0.774539629439188,0.6666666666666666,4.0,0.8684188267551178,0.25,pitch_shift,1.0,0.8985423860130417,0.0,folk_02,1.0,1.0,0.9866378084831605,0.5221555674515527
folk_02::time_stretch::-20pct,folk_02::time_stretch::-20pct,perturbations/audio/folk_02__A.wav,perturbations/audio/folk_02__time_stretch__-20pct.wav,,R,folk,0.9763414951164688,0.9983620646449846,0.0,-20.0,0.5894333340954243,0.125,time_stretch,0.4615384615384615,0.4400427662831699,23.244237256371818,folk_02,0.8434139080483868,0.9764791464597479,0.9983187868654195,0.9116713563635975
folk_02::time_stretch::-10pct,folk_02::time_stretch::-10pct,perturbations/audio/folk_02__A.wav,perturbations/audio/folk_02__time_stretch__-10pct.wav,,R,folk,0.9782030229085478,0.9985833198836507,0.0,-10.0,0.5975342409642583,0.375,time_stretch,0.25,0.48670586909290575,12.963132316053517,folk_02,0.9168580536797724,0.9882352941176471,0.9990602453643994,0.9374811853408546
folk_02::time_stretch::-5pct,folk_02::time_stretch::-5pct,perturbations/audio/folk_02__A.wav,perturbations/audio/folk_02__time_stretch__-5pct.wav,,R,folk,0.9938430931338098,0.9990627909352843,0.0,-5.0,0.714046077948697,0.5,time_stretch,0.0,0.4498041686428355,4.681131114130437,folk_02,1.0,1.0,0.9996171084705787,0.9638932928712216
folk_02::time_stretch::+5pct,folk_02::time_stretch::+5pct,perturbations/audio/folk_02__A.wav,perturbations/audio/folk_02__time_stretch__+5pct.wav,,R,folk,0.9945246596802995,0.9988617445099297,0.0,5.0,0.6890995090291185,0.625,time_stretch,0.0,0.417284593374673,5.1066884881422965,folk_02,0.6668569114073203,0.9413526328924382,0.9988018013101279,0.9511391781622024
folk_02::time_stretch::+10pct,folk_02::time_stretch::+10pct,perturbations/audio/folk_02__A.wav,perturbations/audio/folk_02__time_stretch__+10pct.wav,,R,folk,0.9924467139714798,0.9977651249316214,0.0,10.0,0.6512580282417131,0.125,time_stretch,0.22222222222222224,0.3799541111268843,10.699728260869563,folk_02,0.6668569114073203,0.9413526328924382,0.99900554215964,0.9479049570537811
folk_02::time_stretch::+20pct,folk_02::time_stretch::+20pct,perturbations/audio/folk_02__A.wav,perturbations/audio/folk_02__time_stretch__+20pct.wav,,R,folk,0.984148635519036,0.9986791981991135,0.0,20.0,0.6044041412059658,0.5,time_stretch,0.33333333333333326,0.4172845933746731,23.652030892448522,folk_02,0.7195539103134811,0.9530284301606922,0.9989164704575291,0.9226093438425185
folk_02::lowpass::lp4000,folk_02::lowpass::lp4000,perturbations/audio/folk_02__A.wav,perturbations/audio/folk_02__lowpass__lp4000.wav,,T,folk,0.9999989603669771,0.9999996037835204,0.0,4000.0,0.9999145157898142,1.0,lowpass,1.0,0.6733582803318491,0.0,folk_02,0.9158588450951036,0.9875083948959034,0.957511268952553,0.019687620077519615
folk_02::lowpass::lp8000,folk_02::lowpass::lp8000,perturbations/audio/folk_02__A.wav,perturbations/audio/folk_02__lowpass__lp8000.wav,,T,folk,0.9999924054622864,0.9999941786517991,0.0,8000.0,0.9999845364841329,1.0,lowpass,1.0,0.8985423860130417,0.0,folk_02,0.9158588450951036,0.9875083948959034,0.9954476039633048,0.7355535909975297
folk_02::distortion::drv4,folk_02::distortion::drv4,perturbations/audio/folk_02__A.wav,perturbations/audio/folk_02__distortion__drv4.wav,,T,folk,0.9975454348017794,0.9981437485824084,0.0,4.0,0.9776948511990605,1.0,distortion,1.0,0.8985423860130417,0.0,folk_02,0.9158588450951036,0.9875083948959034,0.9940844532193033,0.6954522337836554
folk_02::distortion::drv12,folk_02::distortion::drv12,perturbations/audio/folk_02__A.wav,perturbations/audio/folk_02__distortion__drv12.wav,,T,folk,0.986542038946067,0.989540935369629,0.0,12.0,0.905381622420097,0.625,distortion,0.7999999999999999,0.6266951775221132,12.963132316053517,folk_02,0.48099629912471353,0.9782710280373831,0.9873774057284324,0.3909941955952774
folk_02::lowpass::lp2000,folk_02::lowpass::lp2000,perturbations/audio/folk_02__A.wav,perturbations/audio/folk_02__lowpass__lp2000.wav,,T,folk,0.9997945274171711,0.9999511837884956,0.0,2000.0,0.9977561587356683,1.0,lowpass,0.2222222222222222,0.0,74.62474710409394,folk_02,0.0,0.9296140123256568,0.908915181516797,8.225451097213318e-05
folk_02::distortion::drv32,folk_02::distortion::drv32,perturbations/audio/folk_02__A.wav,perturbations/audio/folk_02__distortion__drv32.wav,,T,folk,0.9770585750957473,0.981605025342888,0.0,32.0,0.8609138300770262,0.625,distortion,0.375,0.4400427662831699,12.963132316053517,folk_02,0.48099629912471353,0.9782710280373831,0.9898666752780506,0.21435323823197036
folk_02::style_swap::swap_cross,folk_02::style_swap::swap_cross,perturbations/audio/folk_02__A.wav,perturbations/audio/folk_02__style_swap__swap_cross.wav,,S,folk,0.8378200621782397,0.8845091874812233,0.3333333333333333,,0.2579397390845668,0.0,style_swap,0.625,0.4400427662831699,16.644021739130437,folk_02,1.0,1.0,0.9539811547340088,0.2629977022077148
folk_02::style_swap::swap_same,folk_02::style_swap::swap_same,perturbations/audio/folk_02__A.wav,perturbations/audio/folk_02__style_swap__swap_same.wav,,S,folk,0.7173053795707429,0.7869842007257281,0.16666666666666666,,0.23059953692272395,0.0,style_swap,0.15384615384615385,0.48670586909290575,20.16487249163879,folk_02,0.6423517475235626,0.9780476412891173,0.9693998844027311,0.24155656589355798
folk_03::control::ctrl,folk_03::control::ctrl,perturbations/audio/folk_03__A.wav,perturbations/audio/folk_03__control__ctrl.wav,,control,folk,1.0,0.9999999768842778,0.0,0.0,1.0,1.0,control,1.0,1.0,0.0,folk_03,1.0,1.0,0.9999999998715534,1.0
folk_03::pitch_shift::-4st,folk_03::pitch_shift::-4st,perturbations/audio/folk_03__A.wav,perturbations/audio/folk_03__pitch_shift__-4st.wav,,H,folk,0.7148757453620148,0.7727057040425087,0.6666666666666666,-4.0,0.8056512989369912,0.36363636363636365,pitch_shift,1.0,0.9060656183380302,0.0,folk_03,1.0,1.0,0.9986974800048292,0.6661414737973707
folk_03::pitch_shift::-2st,folk_03::pitch_shift::-2st,perturbations/audio/folk_03__A.wav,perturbations/audio/folk_03__pitch_shift__-2st.wav,,H,folk,0.7486146156042158,0.7917513125252246,0.3333333333333333,-2.0,0.8371390669539239,0.09090909090909091,pitch_shift,1.0,0.8573593861804992,0.0,folk_03,1.0,1.0,0.9995059014913622,0.905404273924192
folk_03::pitch_shift::-1st,folk_03::pitch_shift::-1st,perturbations/audio/folk_03__A.wav,perturbations/audio/folk_03__pitch_shift__-1st.wav,,H,folk,0.8102807639285822,0.8787875062366051,0.8333333333333334,-1.0,0.8333011631691611,0.18181818181818182,pitch_shift,1.0,0.8573593861804992,0.0,folk_03,1.0,1.0,0.9998964316902261,0.9724998447428294
folk_03::pitch_shift::+1st,folk_03::pitch_shift::+1st,perturbations/audio/folk_03__A.wav,perturbations/audio/folk_03__pitch_shift__+1st.wav,,H,folk,0.812991498512361,0.8664449895218457,0.8333333333333334,1.0,0.8407081971279786,0.18181818181818182,pitch_shift,1.0,0.8573593861804992,0.0,folk_03,1.0,1.0,0.9998377606785162,0.9618438134593094
folk_03::pitch_shift::+2st,folk_03::pitch_shift::+2st,perturbations/audio/folk_03__A.wav,perturbations/audio/folk_03__pitch_shift__+2st.wav,,H,folk,0.6806210067754732,0.7772623287289154,0.3333333333333333,2.0,0.8155131914824462,0.0,pitch_shift,1.0,0.8150132637100045,0.0,folk_03,1.0,1.0,0.999740069524839,0.9037323914224497
folk_03::pitch_shift::+4st,folk_03::pitch_shift::+4st,perturbations/audio/folk_03__A.wav,perturbations/audio/folk_03__pitch_shift__+4st.wav,,H,folk,0.7303306154826543,0.7912803839198904,0.6666666666666666,4.0,0.7968826675715558,0.0,pitch_shift,1.0,0.8150132637100045,0.0,folk_03,1.0,1.0,0.9985406033177435,0.7085992510306736
folk_03::time_stretch::-20pct,folk_03::time_stretch::-20pct,perturbations/audio/folk_03__A.wav,perturbations/audio/folk_03__time_stretch__-20pct.wav,,R,folk,0.97544741728161,0.9931200891606995,0.0,-20.0,0.6594098979936961,0.09090909090909091,time_stretch,0.380952380952381,0.39307557545218513,31.597635020380437,folk_03,0.4024086393976197,0.9469765342960288,0.9998008204299378,0.9346312341388425
folk_03::time_stretch::-10pct,folk_03::time_stretch::-10pct,perturbations/audio/folk_03__A.wav,perturbations/audio/folk_03__time_stretch__-10pct.wav,,R,folk,0.9619443983231801,0.9863767291860172,0.0,-10.0,0.6963991235184028,0.0,time_stretch,0.2222222222222222,0.4083258550341814,12.963132316053517,folk_03,0.7864759764251242,0.9893709327548806,0.9998803293762377,0.9676511775334726
folk_03::time_stretch::-5pct,folk_03::time_stretch::-5pct,perturbations/audio/folk_03__A.wav,perturbations/audio/folk_03__time_stretch__-5pct.wav,,R,folk,0.9752664583119324,0.9934407934280136,0.0,-5.0,0.6841232502433594,0.6363636363636364,time_stretch,0.11764705882352941,0.4083258550341814,4.681131114130437,folk_03,0.7864759764251242,0.9893709327548806,0.9999021282345367,0.9751899702348433
folk_03::time_stretch::+5pct,folk_03::time_stretch::+5pct,perturbations/audio/folk_03__A.wav,perturbations/audio/folk_03__time_stretch__+5pct.wav,,R,folk,0.9712851766384595,0.9882979176421972,0.0,5.0,0.6937092877386061,0.09090909090909091,time_stretch,0.1111111111111111,0.4083258550341814,5.1066884881422965,folk_03,1.0,1.0,0.9998666767812716,0.9621797013138486
folk_03::time_stretch::+10pct,folk_03::time_stretch::+10pct,perturbations/audio/folk_03__A.wav,perturbations/audio/folk_03__time_stretch__+10pct.wav,,R,folk,0.967258793799929,0.9930089064814944,0.0,10.0,0.6446469589698698,0.09090909090909091,time_stretch,0.3157894736842105,0.3799541111268843,10.699728260869563,folk_03,1.0,1.0,0.9997715085435048,0.9468133787501893
folk_03::time_stretch::+20pct,folk_03::time_stretch::+20pct,perturbations/audio/folk_03__A.wav,perturbations/audio/folk_03__time_stretch__+20pct.wav,,R,folk,0.9614620187392737,0.9861985386970394,0.0,20.0,0.6295631219256101,0.09090909090909091,time_stretch,0.13333333333333333,0.4083258550341814,23.244237256371818,folk_03,1.0,1.0,0.9998084812791892,0.9349277800888313
folk_03::lowpass::lp8000,folk_03::lowpass::lp8000,perturbations/audio/folk_03__A.wav,perturbations/audio/folk_03__lowpass__lp8000.wav,,T,folk,0.9999998816325684,0.9999999714829189,0.0,8000.0,0.999993111835883,1.0,lowpass,1.0,1.0,0.0,folk_03,1.0,1.0,0.9963912188089094,0.8000538290699093
folk_03::lowpass::lp4000,folk_03::lowpass::lp4000,perturbations/audio/folk_03__A.wav,perturbations/audio/folk_03__lowpass__lp4000.wav,,T,folk,0.9999993412600677,0.999999860879399,0.0,4000.0,0.9758146184640091,0.6363636363636364,lowpass,0.5882352941176471,0.6266951775221132,0.0,folk_03,1.0,1.0,0.9825399304443335,0.07186976635982886
folk_03::lowpass::lp2000,folk_03::lowpass::lp2000,perturbations/audio/folk_03__A.wav,perturbations/audio/folk_03__lowpass__lp2000.wav,,T,folk,0.9999902267720532,0.9999966498154194,0.0,2000.0,0.9996436163336138,1.0,lowpass,0.0,0.0,0.0,folk_03,0.6409455381605276,0.9767745302713987,0.9643066468444205,0.00018400897109060988
folk_03::distortion::drv4,folk_03::distortion::drv4,perturbations/audio/folk_03__A.wav,perturbations/audio/folk_03__distortion__drv4.wav,,T,folk,0.9974954203400253,0.9993059415555329,0.0,4.0,0.9819660915003856,0.6363636363636364,distortion,1.0,0.8573593861804992,0.0,folk_03,0.6423517475235626,0.9780476412891173,0.9945782190896059,0.8675462201078509
folk_03::distortion::drv12,folk_03::distortion::drv12,perturbations/audio/folk_03__A.wav,perturbations/audio/folk_03__distortion__drv12.wav,,T,folk,0.9928742966684555,0.9970975357752531,0.0,12.0,0.909371912512634,0.36363636363636365,distortion,1.0,0.8158810725718452,0.0,folk_03,0.6423517475235626,0.9780476412891173,0.9720367033379368,0.5661536016242226
folk_03::distortion::drv32,folk_03::distortion::drv32,perturbations/audio/folk_03__A.wav,perturbations/audio/folk_03__distortion__drv32.wav,,T,folk,0.9838577875621662,0.991651908098191,0.0,32.0,0.8125958957818321,0.09090909090909091,distortion,0.5555555555555556,0.5069382125284845,5.1066884881422965,folk_03,0.46279821229988094,0.9575418994413407,0.9495619513005128,0.37272047631474214
folk_03::style_swap::swap_cross,folk_03::style_swap::swap_cross,perturbations/audio/folk_03__A.wav,perturbations/audio/folk_03__style_swap__swap_cross.wav,,S,folk,0.6746615150829732,0.7739475222258073,0.16666666666666666,,0.3190511416927764,0.0,style_swap,0.2105263157894737,0.4498041686428354,16.852072010869563,folk_03,0.6423517475235626,0.9780476412891173,0.962873282131544,0.35077720766292103
folk_03::style_swap::swap_same,folk_03::style_swap::swap_same,perturbations/audio/folk_03__A.wav,perturbations/audio/folk_03__style_swap__swap_same.wav,,S,folk,0.7005411526674625,0.8126360407155201,0.16666666666666666,,0.29762687937007504,0.0,style_swap,0.0,0.5293296949484161,4.681131114130437,folk_03,0.6396978758168081,0.9756446991404012,0.9527322946739587,0.39772678936337463
folk_04::control::ctrl,folk_04::control::ctrl,perturbations/audio/folk_04__A.wav,perturbations/audio/folk_04__control__ctrl.wav,,control,folk,1.0,0.9999999768760217,0.0,0.0,1.0,1.0,control,1.0,1.0,0.0,folk_04,1.0,1.0,0.9999999998375627,1.0
folk_04::pitch_shift::-4st,folk_04::pitch_shift::-4st,perturbations/audio/folk_04__A.wav,perturbations/audio/folk_04__pitch_shift__-4st.wav,,H,folk,0.7381360035537204,0.8353540051802937,0.6666666666666666,-4.0,0.8088379466146609,0.2,pitch_shift,1.0,0.9179668276588492,0.0,folk_04,1.0,1.0,0.9911184875409541,0.5558528597162243
folk_04::pitch_shift::-2st,folk_04::pitch_shift::-2st,perturbations/audio/folk_04__A.wav,perturbations/audio/folk_04__pitch_shift__-2st.wav,,H,folk,0.7398233965191493,0.8463754778692523,0.3333333333333333,-2.0,0.8650655719811263,0.7,pitch_shift,1.0,0.9179668276588492,0.0,folk_04,1.0,1.0,0.9967667718861994,0.834910739691583
folk_04::pitch_shift::-1st,folk_04::pitch_shift::-1st,perturbations/audio/folk_04__A.wav,perturbations/audio/folk_04__pitch_shift__-1st.wav,,H,folk,0.7031285064815604,0.8318524683874333,0.8333333333333334,-1.0,0.874646931108163,0.5,pitch_shift,1.0,0.9179668276588492,0.0,folk_04,1.0,1.0,0.998786575971396,0.9357597670885718
folk_04::pitch_shift::+1st,folk_04::pitch_shift::+1st,perturbations/audio/folk_04__A.wav,perturbations/audio/folk_04__pitch_shift__+1st.wav,,H,folk,0.8081829664416649,0.8395212174004699,0.8333333333333334,1.0,0.8507608002674744,0.5,pitch_shift,1.0,0.9179668276588492,0.0,folk_04,1.0,1.0,0.99909592277461,0.930011326690035
folk_04::pitch_shift::+2st,folk_04::pitch_shift::+2st,perturbations/audio/folk_04__A.wav,perturbations/audio/folk_04__pitch_shift__+2st.wav,,H,folk,0.7287491560703688,0.8393006048345489,0.3333333333333333,2.0,0.8312578107858651,0.7,pitch_shift,1.0,0.9179668276588492,0.0,folk_04,1.0,1.0,0.9959093969245698,0.8028426039240336
folk_04::pitch_shift::+4st,folk_04::pitch_shift::+4st,perturbations/audio/folk_04__A.wav,perturbations/audio/folk_04__pitch_shift__+4st.wav,,H,folk,0.7390665120190641,0.83395505554552,0.6666666666666666,4.0,0.8211544358530274,0.5,pitch_shift,1.0,0.9179668276588492,0.0,folk_04,1.0,1.0,0.9863388535809412,0.573624206632755
folk_04::time_stretch::-20pct,folk_04::time_stretch::-20pct,perturbations/audio/folk_04__A.wav,perturbations/audio/folk_04__time_stretch__-20pct.wav,,R,folk,0.9785021077829427,0.9949668596450039,0.0,-20.0,0.6424234249431846,0.1,time_stretch,0.3157894736842105,0.3542887468651077,23.66286057692308,folk_04,0.8934636515453438,0.9887018676504495,0.9978032997938114,0.9189489583626435
folk_04::time_stretch::-10pct,folk_04::time_stretch::-10pct,perturbations/audio/folk_04__A.wav,perturbations/audio/folk_04__time_stretch__-10pct.wav,,R,folk,0.9794671761808991,0.9991218865000919,0.0,-10.0,0.6814446436317796,0.3,time_stretch,0.2222222222222222,0.3882255489085519,10.699728260869563,folk_04,1.0,1.0,0.99935704137463,0.9529297348477638
folk_04::time_stretch::-5pct,folk_04::time_stretch::-5pct,perturbations/audio/folk_04__A.wav,perturbations/audio/folk_04__time_stretch__-5pct.wav,,R,folk,0.9795686963194221,0.9983140437355746,0.0,-5.0,0.7593403837939502,0.6,time_stretch,0.1111111111111111,0.3882255489085519,5.593039772727266,folk_04,1.0,1.0,0.9997147681885137,0.9689035808243284
folk_04::time_stretch::+5pct,folk_04::time_stretch::+5pct,perturbations/audio/folk_04__A.wav,perturbations/audio/folk_04__time_stretch__+5pct.wav,,R,folk,0.9816279369338806,0.9983066068389632,0.0,5.0,0.7615413107193973,0.5,time_stretch,0.5217391304347826,0.4221623509519961,6.15234375,folk_04,1.0,1.0,0.9998489139087832,0.9677645927200499
folk_04::time_stretch::+10pct,folk_04::time_stretch::+10pct,perturbations/audio/folk_04__A.wav,perturbations/audio/folk_04__time_stretch__+10pct.wav,,R,folk,0.9740469714274643,0.9967139585555707,0.0,10.0,0.6997507369039562,0.3,time_stretch,0.45454545454545453,0.3542887468651077,12.95230263157896,folk_04,1.0,1.0,0.9996253931274625,0.9459812913429609
folk_04::time_stretch::+20pct,folk_04::time_stretch::+20pct,perturbations/audio/folk_04__A.wav,perturbations/audio/folk_04__time_stretch__+20pct.wav,,R,folk,0.9574024860683878,0.9950209225341836,0.0,20.0,0.6585510324897504,0.7,time_stretch,0.43478260869565216,0.4221623509519961,28.952205882352928,folk_04,0.8737708269718413,0.9889290555806598,0.9995903953549521,0.9156375851625681
folk_04::lowpass::lp8000,folk_04::lowpass::lp8000,perturbations/audio/folk_04__A.wav,perturbations/audio/folk_04__lowpass__lp8000.wav,,T,folk,0.9999999381644964,0.9999999763525809,0.0,8000.0,0.9999957345878063,1.0,lowpass,1.0,0.9179668276588492,0.0,folk_04,1.0,1.0,0.9825710650556142,0.6197072049843019
folk_04::lowpass::lp4000,folk_04::lowpass::lp4000,perturbations/audio/folk_04__A.wav,perturbations/audio/folk_04__lowpass__lp4000.wav,,T,folk,0.9999985907499485,0.9999994219023154,0.0,4000.0,0.9999779951297001,1.0,lowpass,0.5454545454545454,0.5239727570823288,0.0,folk_04,1.0,1.0,0.9600253650496077,0.19394258041187024
folk_04::lowpass::lp2000,folk_04::lowpass::lp2000,perturbations/audio/folk_04__A.wav,perturbations/audio/folk_04__lowpass__lp2000.wav,,T,folk,0.9999167458217275,0.9999697794061975,0.0,2000.0,0.9989660165191948,1.0,lowpass,0.6363636363636364,0.5239727570823288,0.0,folk_04,1.0,1.0,0.9309656801940424,0.0003056317938002086
folk_04::distortion::drv4,folk_04::distortion::drv4,perturbations/audio/folk_04__A.wav,perturbations/audio/folk_04__distortion__drv4.wav,,T,folk,0.998587501684969,0.9995528332641305,0.0,4.0,0.9834544332558357,0.8,distortion,1.0,1.0,0.0,folk_04,1.0,1.0,0.998966618786565,0.9122153863074692
folk_04::distortion::drv12,folk_04::distortion::drv12,perturbations/audio/folk_04__A.wav,perturbations/audio/folk_04__distortion__drv12.wav,,T,folk,0.9913269573728705,0.9956450576128627,0.0,12.0,0.918412312004671,0.5,distortion,0.6666666666666666,0.5239727570823289,0.0,folk_04,1.0,1.0,0.9947027849969889,0.6475072771725724
folk_04::distortion::drv32,folk_04::distortion::drv32,perturbations/audio/folk_04__A.wav,perturbations/audio/folk_04__distortion__drv32.wav,,T,folk,0.9834755772862154,0.9907656362058233,0.0,32.0,0.861513668890986,0.8,distortion,0.6666666666666666,0.4689083868584362,0.0,folk_04,1.0,1.0,0.9921709814232039,0.42861895756275986
folk_04::style_swap::swap_cross,folk_04::style_swap::swap_cross,perturbations/audio/folk_04__A.wav,perturbations/audio/folk_04__style_swap__swap_cross.wav,,S,folk,0.6308639707933072,0.7483655292858046,0.3333333333333333,,0.2897759727114111,0.0,style_swap,0.0,0.0,44.74431818181819,folk_04,0.8934636515453438,0.9887018676504495,0.9320026261891866,0.02728689259611774
folk_04::style_swap::swap_same,folk_04::style_swap::swap_same,perturbations/audio/folk_04__A.wav,perturbations/audio/folk_04__style_swap__swap_same.wav,,S,folk,0.6456854672866661,0.6705487204105727,0.5,,0.2842700040011563,0.0,style_swap,0.5000000000000001,0.4560991529954404,9.465144230769226,folk_04,0.5402355741131739,0.9681345430404957,0.9892738700487086,0.1802113838813903
folk_05::control::ctrl,folk_05::control::ctrl,perturbations/audio/folk_05__A.wav,perturbations/audio/folk_05__control__ctrl.wav,,control,folk,1.0,0.9999999757622237,0.0,0.0,1.0,1.0,control,1.0,1.0,0.0,folk_05,1.0,1.0,0.9999999998992385,1.0
folk_05::pitch_shift::-4st,folk_05::pitch_shift::-4st,perturbations/audio/folk_05__A.wav,perturbations/audio/folk_05__pitch_shift__-4st.wav,,H,folk,0.6748346257364857,0.6431719114674368,0.6666666666666666,-4.0,0.8368513779747914,0.5,pitch_shift,0.15384615384615385,0.4400427662831699,14.576322115384613,folk_05,1.0,1.0,0.9946569083488883,0.5277787771930288
folk_05::pitch_shift::-2st,folk_05::pitch_shift::-2st,perturbations/audio/folk_05__A.wav,perturbations/audio/folk_05__pitch_shift__-2st.wav,,H,folk,0.617695657564296,0.5733373872211416,0.3333333333333333,-2.0,0.8561041870689321,0.3333333333333333,pitch_shift,0.6,0.6412674868614051,0.0,folk_05,1.0,1.0,0.9979194913197844,0.8073630126497816
folk_05::pitch_shift::-1st,folk_05::pitch_shift::-1st,perturbations/audio/folk_05__A.wav,perturbations/audio/folk_05__pitch_shift__-1st.wav,,H,folk,0.46590948146050204,0.5437756842813009,0.8333333333333334,-1.0,0.8746646645262827,0.3333333333333333,pitch_shift,0.3157894736842105,0.31601265353248076,26.029146634615387,folk_05,1.0,1.0,0.9985003934305366,0.828398777880287
folk_05::pitch_shift::+1st,folk_05::pitch_shift::+1st,perturbations/audio/folk_05__A.wav,perturbations/audio/folk_05__pitch_shift__+1st.wav,,H,folk,0.46966179367008737,0.5476838004346107,0.8333333333333334,1.0,0.8772620895634793,0.6666666666666666,pitch_shift,0.3076923076923077,0.4400427662831699,16.564002403846153,folk_05,1.0,1.0,0.9976831058702956,0.8385857144290845
folk_05::pitch_shift::+2st,folk_05::pitch_shift::+2st,perturbations/audio/folk_05__A.wav,perturbations/audio/folk_05__pitch_shift__+2st.wav,,H,folk,0.6236269838679245,0.5788097540592598,0.3333333333333333,2.0,0.8765773853280847,0.8333333333333334,pitch_shift,0.6,0.6412674868614051,0.0,folk_05,1.0,1.0,0.9974461156931487,0.7797190722239136
folk_05::pitch_shift::+4st,folk_05::pitch_shift::+4st,perturbations/audio/folk_05__A.wav,perturbations/audio/folk_05__pitch_shift__+4st.wav,,H,folk,0.6500718897044658,0.6568152992681441,0.6666666666666666,4.0,0.8317545647975098,0.3333333333333333,pitch_shift,0.8000000000000002,0.6412674868614051,0.0,folk_05,1.0,1.0,0.9921318282683556,0.5475065496137567
folk_05::time_stretch::-20pct,folk_05::time_stretch::-20pct,perturbations/audio/folk_05__A.wav,perturbations/audio/folk_05__time_stretch__-20pct.wav,,R,folk,0.9659626787279642,0.9890336027032607,0.0,-20.0,0.6271496556440626,0.5,time_stretch,0.35294117647058826,0.330858105039204,9.74353082579185,folk_05,1.0,1.0,0.9989553138838012,0.8252402236637751
folk_05::time_stretch::-10pct,folk_05::time_stretch::-10pct,perturbations/audio/folk_05__A.wav,perturbations/audio/folk_05__time_stretch__-10pct.wav,,R,folk,0.9866252326514692,0.9984686009579786,0.0,-10.0,0.7264318398186165,0.5,time_stretch,0.42857142857142855,0.5069382125284845,14.493502103365387,folk_05,1.0,1.0,0.9992899570730369,0.8919411907498823
folk_05::time_stretch::+5pct,folk_05::time_stretch::+5pct,perturbations/audio/folk_05__A.wav,perturbations/audio/folk_05__time_stretch__+5pct.wav,,R,folk,0.9909385259746626,0.9989517179809816,0.0,5.0,0.7993226780238354,1.0,time_stretch,0.15384615384615385,0.4400427662831699,12.423001802884613,folk_05,1.0,1.0,0.9984822928468869,0.8497657315267564
folk_05::time_stretch::-5pct,folk_05::time_stretch::-5pct,perturbations/audio/folk_05__A.wav,perturbations/audio/folk_05__time_stretch__-5pct.wav,,R,folk,0.9897551695061777,0.9991274496496446,0.0,-5.0,0.7697168878789042,0.6666666666666666,time_stretch,0.0,0.6412674868614051,3.2320004690431503,folk_05,0.07932134209862014,0.6829751131221721,0.9980572354357528,0.8387606216151571
folk_05::time_stretch::+10pct,folk_05::time_stretch::+10pct,perturbations/audio/folk_05__A.wav,perturbations/audio/folk_05__time_stretch__+10pct.wav,,R,folk,0.9842451890529138,0.9976080444701845,0.0,10.0,0.7362351915904101,0.5,time_stretch,0.4000000000000001,0.5666065223658278,5.521334134615387,folk_05,1.0,1.0,0.9990479448086833,0.8876806204937062
folk_05::time_stretch::+20pct,folk_05::time_stretch::+20pct,perturbations/audio/folk_05__A.wav,perturbations/audio/folk_05__time_stretch__+20pct.wav,,R,folk,0.9717269981301915,0.9940643575678103,0.0,20.0,0.6920483601496898,0.8333333333333334,time_stretch,0.0,0.5666065223658278,12.0465472027972,folk_05,1.0,1.0,0.9984843723828566,0.8579515709154377
folk_05::lowpass::lp8000,folk_05::lowpass::lp8000,perturbations/audio/folk_05__A.wav,perturbations/audio/folk_05__lowpass__lp8000.wav,,T,folk,0.9999999676529808,0.9999999749086684,0.0,8000.0,0.9999936854294426,1.0,lowpass,0.8000000000000002,0.6412674868614051,1.6564002403846132,folk_05,1.0,1.0,0.9999458479722615,0.9508146887032456
folk_05::lowpass::lp4000,folk_05::lowpass::lp4000,perturbations/audio/folk_05__A.wav,perturbations/audio/folk_05__lowpass__lp4000.wav,,T,folk,0.999999836220359,0.9999999494273172,0.0,4000.0,0.9999751112192083,1.0,lowpass,0.8000000000000002,0.6412674868614051,1.6564002403846132,folk_05,1.0,1.0,0.9895704866364189,0.0036101024516029443
folk_05::lowpass::lp2000,folk_05::lowpass::lp2000,perturbations/audio/folk_05__A.wav,perturbations/audio/folk_05__lowpass__lp2000.wav,,T,folk,0.9999938665556221,0.9999957800070811,0.0,2000.0,0.9988997652644521,1.0,lowpass,0.5,0.5666065223658278,0.0,folk_05,1.0,1.0,0.9325332650066094,7.476900392442277e-05
folk_05::distortion::drv4,folk_05::distortion::drv4,perturbations/audio/folk_05__A.wav,perturbations/audio/folk_05__distortion__drv4.wav,,T,folk,0.9998315925124466,0.9999784094830623,0.0,4.0,0.9905651836931403,1.0,distortion,0.8000000000000002,0.5666065223658278,0.0,folk_05,1.0,1.0,0.9995971982596505,0.9368206501239252
folk_05::distortion::drv12,folk_05::distortion::drv12,perturbations/audio/folk_05__A.wav,perturbations/audio/folk_05__distortion__drv12.wav,,T,folk,0.9965440377215501,0.9982375534602027,0.0,12.0,0.8939939096700995,0.8333333333333334,distortion,0.8000000000000002,0.6412674868614051,0.0,folk_05,1.0,1.0,0.9947823719695489,0.6775926928379625
folk_05::distortion::drv32,folk_05::distortion::drv32,perturbations/audio/folk_05__A.wav,perturbations/audio/folk_05__distortion__drv32.wav,,T,folk,0.9863017161306601,0.9906367904240453,0.0,32.0,0.7495035208613225,0.5,distortion,0.8000000000000002,0.6412674868614051,1.7435792004048665,folk_05,1.0,1.0,0.9839515772082617,0.316067829924979
folk_05::style_swap::swap_cross,folk_05::style_swap::swap_cross,perturbations/audio/folk_05__A.wav,perturbations/audio/folk_05__style_swap__swap_cross.wav,,S,folk,0.8505310057251724,0.9070218209275155,0.0,,0.27262302209750566,0.16666666666666666,style_swap,0.0,0.417284593374673,7.529092001748246,folk_05,0.46279821229988094,0.9575418994413407,0.9615835818110853,0.1666956682660907
folk_05::style_swap::swap_same,folk_05::style_swap::swap_same,perturbations/audio/folk_05__A.wav,perturbations/audio/folk_05__style_swap__swap_same.wav,,S,folk,0.5826784572434267,0.5917857153733783,0.6666666666666666,,0.3183906883038332,0.16666666666666666,style_swap,0.3636363636363636,0.5175105162781474,14.493502103365387,folk_05,0.6423517475235626,0.9780476412891173,0.9540660913175044,0.21380449596427034
folk_06::control::ctrl,folk_06::control::ctrl,perturbations/audio/folk_06__A.wav,perturbations/audio/folk_06__control__ctrl.wav,,control,folk,1.0,0.9999999765000066,0.0,0.0,1.0,1.0,control,1.0,1.0,0.0,folk_06,1.0,1.0,0.9999999998309922,1.0
folk_06::pitch_shift::-4st,folk_06::pitch_shift::-4st,perturbations/audio/folk_06__A.wav,perturbations/audio/folk_06__pitch_shift__-4st.wav,,H,folk,0.3461100953389246,0.4786942587585788,0.6666666666666666,-4.0,0.8091402128714202,1.0,pitch_shift,0.7272727272727273,0.602787751372822,2.303016377005349,folk_06,1.0,1.0,0.9345185166711335,0.3504290265535343
folk_06::pitch_shift::-2st,folk_06::pitch_shift::-2st,perturbations/audio/folk_06__A.wav,perturbations/audio/folk_06__pitch_shift__-2st.wav,,H,folk,0.5064378074162108,0.47074717567139135,0.3333333333333333,-2.0,0.8585931267625613,1.0,pitch_shift,0.0,0.5797279866911285,2.303016377005349,folk_06,0.0,0.6766475070177783,0.9820841147341418,0.6465740394530997
folk_06::pitch_shift::-1st,folk_06::pitch_shift::-1st,perturbations/audio/folk_06__A.wav,perturbations/audio/folk_06__pitch_shift__-1st.wav,,H,folk,0.46775234647923375,0.5773236895835039,0.8333333333333334,-1.0,0.8664010514645232,0.6666666666666666,pitch_shift,0.0,0.5797279866911285,2.303016377005349,folk_06,1.0,1.0,0.9947997830710443,0.831440966251152
folk_06::pitch_shift::+1st,folk_06::pitch_shift::+1st,perturbations/audio/folk_06__A.wav,perturbations/audio/folk_06__pitch_shift__+1st.wav,,H,folk,0.3533976233372345,0.48806960788944154,0.8333333333333334,1.0,0.8479502476388103,0.8333333333333334,pitch_shift,0.0,0.5797279866911285,2.303016377005349,folk_06,1.0,1.0,0.9952014229475115,0.8487942577468608
folk_06::pitch_shift::+2st,folk_06::pitch_shift::+2st,perturbations/audio/folk_06__A.wav,perturbations/audio/folk_06__pitch_shift__+2st.wav,,H,folk,0.6707761969583939,0.4987058409833704,0.3333333333333333,2.0,0.8458533197745595,0.8333333333333334,pitch_shift,1.0,1.0,0.0,folk_06,0.0,0.9395886889460154,0.9791390451696711,0.6275887200230549
folk_06::pitch_shift::+4st,folk_06::pitch_shift::+4st,perturbations/audio/folk_06__A.wav,perturbations/audio/folk_06__pitch_shift__+4st.wav,,H,folk,0.37182714103702946,0.4939173758899157,0.6666666666666666,4.0,0.8610658689610957,1.0,pitch_shift,1.0,0.8485729818842953,0.0,folk_06,0.0,0.8902589395807644,0.9350307289313172,0.34923851470097145
folk_06::time_stretch::-20pct,folk_06::time_stretch::-20pct,perturbations/audio/folk_06__A.wav,perturbations/audio/folk_06__time_stretch__-20pct.wav,,R,folk,0.9795038123575616,0.9920358648559252,0.0,-20.0,0.6415221220827111,1.0,time_stretch,0.2105263157894737,0.3454304143784957,10.133272058823536,folk_06,0.0,0.9296140123256568,0.9989131605847802,0.8799783523158278
folk_06::time_stretch::-10pct,folk_06::time_stretch::-10pct,perturbations/audio/folk_06__A.wav,perturbations/audio/folk_06__time_stretch__-10pct.wav,,R,folk,0.9889253083649698,0.9979365599896488,0.0,-10.0,0.6515698119068791,0.3333333333333333,time_stretch,0.2,0.5797279866911283,0.0,folk_06,0.0,0.8805970149253731,0.9998220384602932,0.9448670934443828
folk_06::time_stretch::-5pct,folk_06::time_stretch::-5pct,perturbations/audio/folk_06__A.wav,perturbations/audio/folk_06__time_stretch__-5pct.wav,,R,folk,0.9860023509039793,0.993803267028011,0.0,-5.0,0.6598400770058821,1.0,time_stretch,0.5454545454545454,0.5826589553024,0.0,folk_06,0.0,0.8805970149253731,0.9997664629693245,0.964494655738652
folk_06::time_stretch::+5pct,folk_06::time_stretch::+5pct,perturbations/audio/folk_06__A.wav,perturbations/audio/folk_06__time_stretch__+5pct.wav,,R,folk,0.9822249395780827,0.9923768594363256,0.0,5.0,0.7585611172225217,0.3333333333333333,time_stretch,0.0,0.7200213831415849,4.749971277573536,folk_06,0.0,0.8902589395807644,0.9994682127335814,0.9626956652892303
folk_06::time_stretch::+10pct,folk_06::time_stretch::+10pct,perturbations/audio/folk_06__A.wav,perturbations/audio/folk_06__time_stretch__+10pct.wav,,R,folk,0.9774023777436766,0.9926633955101466,0.0,10.0,0.7239349781004375,0.6666666666666666,time_stretch,0.2,0.5175105162781474,10.133272058823536,folk_06,1.0,1.0,0.9988565928973053,0.9434542693757739
folk_06::time_stretch::+20pct,folk_06::time_stretch::+20pct,perturbations/audio/folk_06__A.wav,perturbations/audio/folk_06__time_stretch__+20pct.wav,,R,folk,0.9579885971587289,0.9879527781759744,0.0,20.0,0.6758491576140692,0.3333333333333333,time_stretch,0.4,0.5175105162781474,16.285615808823536,folk_06,1.0,1.0,0.9987227116094213,0.9232771004543816
folk_06::lowpass::lp8000,folk_06::lowpass::lp8000,perturbations/audio/folk_06__A.wav,perturbations/audio/folk_06__lowpass__lp8000.wav,,T,folk,0.9999999418209575,0.9999999755882735,0.0,8000.0,0.9999899549428942,1.0,lowpass,1.0,1.0,0.0,folk_06,1.0,1.0,0.9864691132213789,0.4204308969883106
folk_06::lowpass::lp4000,folk_06::lowpass::lp4000,perturbations/audio/folk_06__A.wav,perturbations/audio/folk_06__lowpass__lp4000.wav,,T,folk,0.9999682487736923,0.9999776307705023,0.0,4000.0,0.9998685219800739,1.0,lowpass,1.0,0.8485729818842953,0.0,folk_06,1.0,1.0,0.9270948989908494,0.10805320779987178
folk_06::lowpass::lp2000,folk_06::lowpass::lp2000,perturbations/audio/folk_06__A.wav,perturbations/audio/folk_06__lowpass__lp2000.wav,,T,folk,0.9843734047669266,0.9853105499983373,0.0,2000.0,0.9945879730580961,0.8333333333333334,lowpass,0.4,0.5175105162781474,14.476102941176464,folk_06,1.0,1.0,0.6842596848812891,0.0014629013576331535
folk_06::distortion::drv4,folk_06::distortion::drv4,perturbations/audio/folk_06__A.wav,perturbations/audio/folk_06__distortion__drv4.wav,,T,folk,0.9996917704789248,0.9999272912312159,0.0,4.0,0.95754015456347,1.0,distortion,0.0,0.5797279866911285,2.303016377005349,folk_06,0.0,0.9395886889460154,0.9955216737204873,0.5970470467596926
folk_06::distortion::drv12,folk_06::distortion::drv12,perturbations/audio/folk_06__A.wav,perturbations/audio/folk_06__distortion__drv12.wav,,T,folk,0.9962319438069471,0.9982415766406751,0.0,12.0,0.8921039799623462,1.0,distortion,0.0,0.5797279866911285,4.749971277573536,folk_06,0.0,0.9395886889460154,0.9837420783990616,0.28921400734971836
folk_06::distortion::drv32,folk_06::distortion::drv32,perturbations/audio/folk_06__A.wav,perturbations/audio/folk_06__distortion__drv32.wav,,T,folk,0.9898946460787302,0.993938795879983,0.0,32.0,0.8151468244824517,1.0,distortion,0.0,0.0,4.749971277573536,folk_06,0.0,0.9395886889460154,0.9779150034515636,0.18919049694098566
folk_06::style_swap::swap_cross,folk_06::style_swap::swap_cross,perturbations/audio/folk_06__A.wav,perturbations/audio/folk_06__style_swap__swap_cross.wav,,S,folk,0.8108493814649109,0.733384932289134,0.16666666666666666,,0.287675879798855,0.0,style_swap,0.0,0.4359261083664218,0.0,folk_06,0.0,0.9098116947472746,0.7296589900559309,0.1342639768048857
folk_06::style_swap::swap_same,folk_06::style_swap::swap_same,perturbations/audio/folk_06__A.wav,perturbations/audio/folk_06__style_swap__swap_same.wav,,S,folk,0.882704036173454,0.9049072267027486,0.16666666666666666,,0.2779154843604532,0.0,style_swap,0.14285714285714288,0.3799541111268843,11.399931066176464,folk_06,0.0,0.8902589395807644,0.7833229017395639,0.173439031553316
folk_07::control::ctrl,folk_07::control::ctrl,perturbations/audio/folk_07__A.wav,perturbations/audio/folk_07__control__ctrl.wav,,control,folk,1.0,0.9999999790464791,0.0,0.0,1.0,1.0,control,1.0,1.0,0.0,folk_07,1.0,1.0,0.9999999998370025,1.0
folk_07::pitch_shift::-4st,folk_07::pitch_shift::-4st,perturbations/audio/folk_07__A.wav,perturbations/audio/folk_07__pitch_shift__-4st.wav,,H,folk,0.7735738646888688,0.7872810507898644,0.6666666666666666,-4.0,0.7220260831185069,0.6666666666666666,pitch_shift,1.0,0.8218525919856186,0.0,folk_07,1.0,1.0,0.9915191217085229,0.521118450402932
folk_07::pitch_shift::-2st,folk_07::pitch_shift::-2st,perturbations/audio/folk_07__A.wav,perturbations/audio/folk_07__pitch_shift__-2st.wav,,H,folk,0.6988215050091288,0.7428269123508705,0.3333333333333333,-2.0,0.7872704244410543,0.6111111111111112,pitch_shift,1.0,0.8485729818842953,0.0,folk_07,1.0,1.0,0.9973795798919858,0.8184483914505145
folk_07::pitch_shift::-1st,folk_07::pitch_shift::-1st,perturbations/audio/folk_07__A.wav,perturbations/audio/folk_07__pitch_shift__-1st.wav,,H,folk,0.7958045012761101,0.8294748613442687,0.8333333333333334,-1.0,0.8432132316060719,0.7777777777777778,pitch_shift,1.0,0.8485729818842953,0.0,folk_07,1.0,1.0,0.9991894510615725,0.9502007563770033
folk_07::pitch_shift::+1st,folk_07::pitch_shift::+1st,perturbations/audio/folk_07__A.wav,perturbations/audio/folk_07__pitch_shift__+1st.wav,,H,folk,0.8295098886486967,0.8429305750746601,0.8333333333333334,1.0,0.8165375779989114,0.8888888888888888,pitch_shift,1.0,0.8985423860130417,0.0,folk_07,0.7864759764251242,0.9893709327548806,0.9990945115239321,0.9383349677729822
folk_07::pitch_shift::+2st,folk_07::pitch_shift::+2st,perturbations/audio/folk_07__A.wav,perturbations/audio/folk_07__pitch_shift__+2st.wav,,H,folk,0.6960412329073207,0.7433673357216747,0.3333333333333333,2.0,0.7965582180425345,0.7222222222222222,pitch_shift,1.0,0.8985423860130417,0.0,folk_07,0.7864759764251242,0.9893709327548806,0.9962287713837477,0.8232496966768201
folk_07::pitch_shift::+4st,folk_07::pitch_shift::+4st,perturbations/audio/folk_07__A.wav,perturbations/audio/folk_07__pitch_shift__+4st.wav,,H,folk,0.6870024889835608,0.7616617199951354,0.6666666666666666,4.0,0.7567537130009212,0.3333333333333333,pitch_shift,1.0,0.8985423860130417,0.0,folk_07,0.7864759764251242,0.9893709327548806,0.9887692823015731,0.5591274219733307
folk_07::time_stretch::-20pct,folk_07::time_stretch::-20pct,perturbations/audio/folk_07__A.wav,perturbations/audio/folk_07__time_stretch__-20pct.wav,,R,folk,0.9842819190265621,0.9956882645937699,0.5,-20.0,0.5094995275104984,0.3333333333333333,time_stretch,0.39999999999999997,0.4400427662831699,21.533203125,folk_07,0.7864759764251242,0.9893709327548806,0.999682302095812,0.9171973534985772
folk_07::time_stretch::-10pct,folk_07::time_stretch::-10pct,perturbations/audio/folk_07__A.wav,perturbations/audio/folk_07__time_stretch__-10pct.wav,,R,folk,0.987226983199483,0.9971493817458298,0.0,-10.0,0.6317155577752717,0.6111111111111112,time_stretch,0.26666666666666666,0.5293296949484161,8.28200120192308,folk_07,0.7864759764251242,0.9893709327548806,0.9997527992060412,0.9351924271559672
folk_07::time_stretch::-5pct,folk_07::time_stretch::-5pct,perturbations/audio/folk_07__A.wav,perturbations/audio/folk_07__time_stretch__-5pct.wav,,R,folk,0.9873585740829154,0.9950897508994859,0.0,-5.0,0.6448543860485239,0.5,time_stretch,0.0,0.4400427662831699,4.306640625,folk_07,0.11124385069975974,0.6870689655172413,0.9997286984552374,0.9600709765272554
folk_07::time_stretch::+5pct,folk_07::time_stretch::+5pct,perturbations/audio/folk_07__A.wav,perturbations/audio/folk_07__time_stretch__+5pct.wav,,R,folk,0.9900165610742921,0.9970726323097505,0.0,5.0,0.6675144789832127,0.6666666666666666,time_stretch,0.0,0.4498041686428355,4.681131114130437,folk_07,0.7237226605228254,0.9783094812164579,0.9999392278590441,0.9711782377226184
folk_07::time_stretch::+10pct,folk_07::time_stretch::+10pct,perturbations/audio/folk_07__A.wav,perturbations/audio/folk_07__time_stretch__+10pct.wav,,R,folk,0.9883870448202812,0.9959019423261566,0.0,10.0,0.595606543571358,0.5,time_stretch,0.375,0.4400427662831699,9.787819602272734,folk_07,0.7864759764251242,0.9893709327548806,0.9997574119344171,0.9523167551440443
folk_07::time_stretch::+20pct,folk_07::time_stretch::+20pct,perturbations/audio/folk_07__A.wav,perturbations/audio/folk_07__time_stretch__+20pct.wav,,R,folk,0.9833723044323553,0.9922443891687242,0.0,20.0,0.5280603592101974,0.2777777777777778,time_stretch,0.33333333333333326,0.3799541111268844,21.533203125,folk_07,0.7864759764251242,0.9893709327548806,0.9997119894294726,0.923382141180809
folk_07::lowpass::lp8000,folk_07::lowpass::lp8000,perturbations/audio/folk_07__A.wav,perturbations/audio/folk_07__lowpass__lp8000.wav,,T,folk,0.9990091809524327,0.999491997312604,0.0,8000.0,0.9999901800456971,1.0,lowpass,1.0,1.0,0.0,folk_07,1.0,1.0,0.9653476486369545,0.4903645877508166
folk_07::distortion::drv4,folk_07::distortion::drv4,perturbations/audio/folk_07__A.wav,perturbations/audio/folk_07__distortion__drv4.wav,,T,folk,0.9986286471160214,0.9993508251128268,0.0,4.0,0.98356372634629,0.7777777777777778,distortion,1.0,1.0,0.0,folk_07,1.0,1.0,0.9995144059901981,0.9651125086898743
folk_07::lowpass::lp4000,folk_07::lowpass::lp4000,perturbations/audio/folk_07__A.wav,perturbations/audio/folk_07__lowpass__lp4000.wav,,T,folk,0.9989480845200079,0.9994563428667995,0.0,4000.0,0.9999090399632964,1.0,lowpass,1.0,0.8019098790745595,0.0,folk_07,0.8426661742103823,0.9891520920965243,0.9434471018643894,0.12675214736643398
folk_07::lowpass::lp2000,folk_07::lowpass::lp2000,perturbations/audio/folk_07__A.wav,perturbations/audio/folk_07__lowpass__lp2000.wav,,T,folk,0.9992827084605973,0.9996664710240292,0.0,2000.0,0.9943504597092703,1.0,lowpass,0.5,0.5509816684642609,0.0,folk_07,0.7237226605228254,0.9783094812164579,0.9395425492407418,0.0012205511434920675
folk_07::distortion::drv12,folk_07::distortion::drv12,perturbations/audio/folk_07__A.wav,perturbations/audio/folk_07__distortion__drv12.wav,,T,folk,0.993282556065553,0.9956678261366357,0.0,12.0,0.9042552570196614,0.3888888888888889,distortion,1.0,0.8985423860130417,0.0,folk_07,1.0,1.0,0.9961331665635216,0.7777943859006641
folk_07::style_swap::swap_cross,folk_07::style_swap::swap_cross,perturbations/audio/folk_07__A.wav,perturbations/audio/folk_07__style_swap__swap_cross.wav,,S,folk,0.7860207358962537,0.8420867033496849,0.5,,0.27778093919478,0.0,style_swap,0.22222222222222224,0.417284593374673,21.533203125,folk_07,0.8418450419661958,0.9885312615612283,0.8911757767329994,0.2178065768075998
folk_07::distortion::drv32,folk_07::distortion::drv32,perturbations/audio/folk_07__A.wav,perturbations/audio/folk_07__distortion__drv32.wav,,T,folk,0.9843791567848561,0.9889875728611347,0.0,32.0,0.8278787908067661,0.2777777777777778,distortion,1.0,0.7109136898045276,0.0,folk_07,0.08841288296062798,0.6364449746495675,0.9924082098602552,0.5582024537450008
folk_07::style_swap::swap_same,folk_07::style_swap::swap_same,perturbations/audio/folk_07__A.wav,perturbations/audio/folk_07__style_swap__swap_same.wav,,S,folk,0.7680123063253633,0.7325931654275198,0.8333333333333334,,0.29664054211447155,0.0,style_swap,0.375,0.48670586909290575,4.681131114130437,folk_07,0.5558321695306332,0.9566704675028507,0.9738548187060222,0.4418890043592371
folk_08::control::ctrl,folk_08::control::ctrl,perturbations/audio/folk_08__A.wav,perturbations/audio/folk_08__control__ctrl.wav,,control,folk,1.0,0.9999999779565417,0.0,0.0,1.0,1.0,control,1.0,1.0,0.0,folk_08,1.0,1.0,0.9999999998504925,1.0
folk_08::pitch_shift::-4st,folk_08::pitch_shift::-4st,perturbations/audio/folk_08__A.wav,perturbations/audio/folk_08__pitch_shift__-4st.wav,,H,folk,0.7585007692803458,0.7953404643436002,0.6666666666666666,-4.0,0.8021683585670689,0.2857142857142857,pitch_shift,0.0,0.5367819909453247,0.0,folk_08,0.9385713554725478,0.9872561768530559,0.9967924395392138,0.6296994076348963
folk_08::pitch_shift::-2st,folk_08::pitch_shift::-2st,perturbations/audio/folk_08__A.wav,perturbations/audio/folk_08__pitch_shift__-2st.wav,,H,folk,0.6780517508786115,0.7585575361578638,0.3333333333333333,-2.0,0.8622358205110613,0.21428571428571427,pitch_shift,0.0,0.4560991529954404,0.0,folk_08,1.0,1.0,0.9984286687407913,0.8575166057065942
folk_08::pitch_shift::-1st,folk_08::pitch_shift::-1st,perturbations/audio/folk_08__A.wav,perturbations/audio/folk_08__pitch_shift__-1st.wav,,H,folk,0.6188206458915166,0.7275018381535456,0.8333333333333334,-1.0,0.8953581563758655,0.35714285714285715,pitch_shift,0.0,0.5239727570823289,0.0,folk_08,1.0,1.0,0.9990924630360888,0.9269351338939938
folk_08::pitch_shift::+1st,folk_08::pitch_shift::+1st,perturbations/audio/folk_08__A.wav,perturbations/audio/folk_08__pitch_shift__+1st.wav,,H,folk,0.6307022066427675,0.7479091938615582,0.8333333333333334,1.0,0.8744941870922319,0.35714285714285715,pitch_shift,0.0,0.6039370046136163,0.0,folk_08,1.0,1.0,0.9995758773124136,0.9427865411474378
folk_08::pitch_shift::+2st,folk_08::pitch_shift::+2st,perturbations/audio/folk_08__A.wav,perturbations/audio/folk_08__pitch_shift__+2st.wav,,H,folk,0.7321934045251975,0.7724562934675946,0.3333333333333333,2.0,0.8643097445606829,0.14285714285714285,pitch_shift,0.0,0.5579095591257731,0.0,folk_08,1.0,1.0,0.9982721238041116,0.8548374603623454
folk_08::pitch_shift::+4st,folk_08::pitch_shift::+4st,perturbations/audio/folk_08__A.wav,perturbations/audio/folk_08__pitch_shift__+4st.wav,,H,folk,0.7394388657013798,0.7822411549179952,0.6666666666666666,4.0,0.8462663419269129,0.2857142857142857,pitch_shift,0.0,0.5028451889018806,0.0,folk_08,1.0,1.0,0.9941436451775998,0.6713318209545006
folk_08::time_stretch::-20pct,folk_08::time_stretch::-20pct,perturbations/audio/folk_08__A.wav,perturbations/audio/folk_08__time_stretch__-20pct.wav,,R,folk,0.9825261352032463,0.996267019927921,0.0,-20.0,0.6234781763200687,0.14285714285714285,time_stretch,0.33333333333333326,0.45461507562246173,25.83984375,folk_08,0.8288850745987136,0.9618239660657476,0.9991823111281659,0.908967124709916
folk_08::time_stretch::-10pct,folk_08::time_stretch::-10pct,perturbations/audio/folk_08__A.wav,perturbations/audio/folk_08__time_stretch__-10pct.wav,,R,folk,0.9801645452359027,0.9983175700868638,0.0,-10.0,0.6614493355409085,0.5714285714285714,time_stretch,0.3529411764705882,0.3799541111268844,11.745383522727266,folk_08,0.8816939036835657,0.9745273109243697,0.9992382108324247,0.924776228944211
folk_08::time_stretch::-5pct,folk_08::time_stretch::-5pct,perturbations/audio/folk_08__A.wav,perturbations/audio/folk_08__time_stretch__-5pct.wav,,R,folk,0.9888103693642223,0.9992034666861032,0.0,-5.0,0.7155808231184517,0.42857142857142855,time_stretch,0.3,0.417284593374673,6.15234375,folk_08,0.7195539103134811,0.9530284301606922,0.9997859720455264,0.9594582753787328
folk_08::time_stretch::+5pct,folk_08::time_stretch::+5pct,perturbations/audio/folk_08__A.wav,perturbations/audio/folk_08__time_stretch__+5pct.wav,,R,folk,0.9919433964235692,0.9984860087899508,0.0,5.0,0.7195125998051434,0.42857142857142855,time_stretch,0.23529411764705882,0.3799541111268843,40.09630926724138,folk_08,1.0,1.0,0.9997043252221923,0.9625666293363687
folk_08::time_stretch::+10pct,folk_08::time_stretch::+10pct,perturbations/audio/folk_08__A.wav,perturbations/audio/folk_08__time_stretch__+10pct.wav,,R,folk,0.9899158545994958,0.9958721208691561,0.0,10.0,0.7039258034580732,0.14285714285714285,time_stretch,0.3529411764705882,0.45461507562246173,36.9140625,folk_08,0.9347887098672477,0.9875063742988271,0.999540439455892,0.951994581260435
folk_08::time_stretch::+20pct,folk_08::time_stretch::+20pct,perturbations/audio/folk_08__A.wav,perturbations/audio/folk_08__time_stretch__+20pct.wav,,R,folk,0.9847351696293429,0.9954351981729946,0.0,20.0,0.6158348156061103,0.2857142857142857,time_stretch,0.34782608695652173,0.3954512706902753,22.799862132352928,folk_08,0.7195539103134811,0.9530284301606922,0.9993851278531569,0.9251987745829485
folk_08::lowpass::lp8000,folk_08::lowpass::lp8000,perturbations/audio/folk_08__A.wav,perturbations/audio/folk_08__lowpass__lp8000.wav,,T,folk,0.9999265639034495,0.9999693144913817,0.0,8000.0,0.9998302102536061,1.0,lowpass,0.0,0.5239727570823289,0.0,folk_08,1.0,1.0,0.9753411123031734,0.29644400322350584
folk_08::lowpass::lp4000,folk_08::lowpass::lp4000,perturbations/audio/folk_08__A.wav,perturbations/audio/folk_08__lowpass__lp4000.wav,,T,folk,0.9999985970075241,0.9999991976642277,0.0,4000.0,0.9999780114613422,1.0,lowpass,1.0,0.7840842891585704,0.0,folk_08,1.0,1.0,0.9498987389677616,0.13941490665645193
folk_08::lowpass::lp2000,folk_08::lowpass::lp2000,perturbations/audio/folk_08__A.wav,perturbations/audio/folk_08__lowpass__lp2000.wav,,T,folk,0.9999175391125892,0.9999622577544675,0.0,2000.0,0.9983643196197427,1.0,lowpass,0.26666666666666666,0.45461507562246173,37.50945060483872,folk_08,1.0,1.0,0.9399918560797604,0.00042149541806383423
folk_08::distortion::drv4,folk_08::distortion::drv4,perturbations/audio/folk_08__A.wav,perturbations/audio/folk_08__distortion__drv4.wav,,T,folk,0.9979733286733203,0.999221122850389,0.0,4.0,0.9394824025066222,0.7142857142857143,distortion,1.0,0.7459727789351253,0.0,folk_08,1.0,1.0,0.9939528231134216,0.7221719951344494
folk_08::distortion::drv12,folk_08::distortion::drv12,perturbations/audio/folk_08__A.wav,perturbations/audio/folk_08__distortion__drv12.wav,,T,folk,0.9916786544931037,0.9951339958034608,0.0,12.0,0.85774938363228,0.7142857142857143,distortion,1.0,0.6785979691091938,0.0,folk_08,0.9385713554725478,0.9872561768530559,0.984861392172053,0.42255326016133987
folk_08::distortion::drv32,folk_08::distortion::drv32,perturbations/audio/folk_08__A.wav,perturbations/audio/folk_08__distortion__drv32.wav,,T,folk,0.9877210664453141,0.992293710838114,0.0,32.0,0.8202561042919265,0.7857142857142857,distortion,0.0,0.5292760401180391,0.0,folk_08,0.48035647044056723,0.9775393062141253,0.9875279048523519,0.318066358353993
folk_08::style_swap::swap_same,folk_08::style_swap::swap_same,perturbations/audio/folk_08__A.wav,perturbations/audio/folk_08__style_swap__swap_same.wav,,S,folk,0.7331839276472709,0.8647875526117837,0.16666666666666666,,0.27556691446103565,0.14285714285714285,style_swap,0.888888888888889,0.5433661973673345,6.799958881578959,folk_08,0.9347887098672477,0.9875063742988271,0.9854339712737632,0.4250755626341476
folk_08::style_swap::swap_cross,folk_08::style_swap::swap_cross,perturbations/audio/folk_08__A.wav,perturbations/audio/folk_08__style_swap__swap_cross.wav,,S,folk,0.7812852199596114,0.8240374269647714,0.3333333333333333,,0.3093202642420142,0.07142857142857142,style_swap,0.11111111111111112,0.3799541111268843,40.09630926724138,folk_08,0.3047871521265203,0.6689303904923599,0.9712911940554141,0.30502824699873704
folk_09::control::ctrl,folk_09::control::ctrl,perturbations/audio/folk_09__A.wav,perturbations/audio/folk_09__control__ctrl.wav,,control,folk,1.0,0.9999999785123587,0.0,0.0,1.0,1.0,control,1.0,1.0,0.0,folk_09,1.0,1.0,0.9999999997816594,1.0
folk_09::pitch_shift::-4st,folk_09::pitch_shift::-4st,perturbations/audio/folk_09__A.wav,perturbations/audio/folk_09__pitch_shift__-4st.wav,,H,folk,0.7802454426923888,0.8515453534499905,0.6666666666666666,-4.0,0.6203829087327433,0.25,pitch_shift,1.0,0.8723225766078582,0.0,folk_09,1.0,1.0,0.9918499380068709,0.6303546668977897
folk_09::pitch_shift::-2st,folk_09::pitch_shift::-2st,perturbations/audio/folk_09__A.wav,perturbations/audio/folk_09__pitch_shift__-2st.wav,,H,folk,0.8729037756678016,0.9359333104356156,0.3333333333333333,-2.0,0.753444797588953,0.25,pitch_shift,1.0,0.8383857745644138,0.0,folk_09,1.0,1.0,0.997392051274914,0.8620675693787343
folk_09::pitch_shift::-1st,folk_09::pitch_shift::-1st,perturbations/audio/folk_09__A.wav,perturbations/audio/folk_09__pitch_shift__-1st.wav,,H,folk,0.8848542655257773,0.9475530203004011,0.8333333333333334,-1.0,0.6438463188793873,0.0,pitch_shift,1.0,0.9179668276588492,0.0,folk_09,1.0,1.0,0.9992622769963584,0.949365920600335
folk_09::pitch_shift::+1st,folk_09::pitch_shift::+1st,perturbations/audio/folk_09__A.wav,perturbations/audio/folk_09__pitch_shift__+1st.wav,,H,folk,0.8731371562204153,0.9467315961369631,0.8333333333333334,1.0,0.7351768659217963,0.0,pitch_shift,1.0,1.0,0.0,folk_09,1.0,1.0,0.9985995507925433,0.9332013711673023
folk_09::pitch_shift::+2st,folk_09::pitch_shift::+2st,perturbations/audio/folk_09__A.wav,perturbations/audio/folk_09__pitch_shift__+2st.wav,,H,folk,0.8647443022602005,0.9349693117632292,0.3333333333333333,2.0,0.6617334552430423,0.0,pitch_shift,1.0,1.0,0.0,folk_09,1.0,1.0,0.9955438735639048,0.841027602185214
folk_09::pitch_shift::+4st,folk_09::pitch_shift::+4st,perturbations/audio/folk_09__A.wav,perturbations/audio/folk_09__pitch_shift__+4st.wav,,H,folk,0.7787565500756275,0.8507579865577481,0.6666666666666666,4.0,0.5919049909918636,0.0,pitch_shift,1.0,0.9179668276588492,0.0,folk_09,1.0,1.0,0.9900257405072524,0.6407446800137779
folk_09::time_stretch::-20pct,folk_09::time_stretch::-20pct,perturbations/audio/folk_09__A.wav,perturbations/audio/folk_09__time_stretch__-20pct.wav,,R,folk,0.9530226397848717,0.9884391533095359,0.0,-20.0,0.46264702743617026,0.0,time_stretch,0.24999999999999994,0.3380197595398312,25.49984580592104,folk_09,0.05737569471602701,0.625920471281296,0.9975897263026808,0.9178251443331465
folk_09::time_stretch::-5pct,folk_09::time_stretch::-5pct,perturbations/audio/folk_09__A.wav,perturbations/audio/folk_09__time_stretch__-5pct.wav,,R,folk,0.9788455222724292,0.9963578190876045,0.0,-5.0,0.631134847333969,0.125,time_stretch,0.2727272727272727,0.3542887468651076,6.799958881578959,folk_09,0.5402355741131739,0.9681345430404957,0.9995146309695838,0.9673282226246582
folk_09::time_stretch::-10pct,folk_09::time_stretch::-10pct,perturbations/audio/folk_09__A.wav,perturbations/audio/folk_09__time_stretch__-10pct.wav,,R,folk,0.9799999444950316,0.9974751750742654,0.0,-10.0,0.6315770138972995,0.0,time_stretch,0.6153846153846153,0.3454304143784957,43.71402138157896,folk_09,0.07280345468218465,0.6625502584721424,0.9982788981847343,0.9389153105526904
folk_09::time_stretch::+5pct,folk_09::time_stretch::+5pct,perturbations/audio/folk_09__A.wav,perturbations/audio/folk_09__time_stretch__+5pct.wav,,R,folk,0.9756294111396814,0.9939840206180673,0.0,5.0,0.5997595207429058,0.0,time_stretch,0.18181818181818182,0.3882255489085519,7.555509868421041,folk_09,1.0,1.0,0.9995861007174508,0.9755480333017243
folk_09::time_stretch::+10pct,folk_09::time_stretch::+10pct,perturbations/audio/folk_09__A.wav,perturbations/audio/folk_09__time_stretch__+10pct.wav,,R,folk,0.9747559354129308,0.9958272928536062,0.0,10.0,0.5953263674832492,0.25,time_stretch,0.08333333333333334,0.3954512706902753,7.555509868421041,folk_09,0.5402355741131739,0.9681345430404957,0.9986937474042137,0.9534712374491493
folk_09::lowpass::lp8000,folk_09::lowpass::lp8000,perturbations/audio/folk_09__A.wav,perturbations/audio/folk_09__lowpass__lp8000.wav,,T,folk,0.9971320027355981,0.9993058070508429,0.0,8000.0,0.9189507522197745,0.625,lowpass,1.0,1.0,0.0,folk_09,1.0,1.0,0.948622228269076,0.3277781282850537
folk_09::time_stretch::+20pct,folk_09::time_stretch::+20pct,perturbations/audio/folk_09__A.wav,perturbations/audio/folk_09__time_stretch__+20pct.wav,,R,folk,0.963507605263778,0.9905114692465753,0.0,20.0,0.4680261698329041,0.0,time_stretch,0.5454545454545454,0.3882255489085518,25.49984580592104,folk_09,0.5402355741131739,0.9681345430404957,0.9987586192442023,0.9326918925089417
folk_09::lowpass::lp4000,folk_09::lowpass::lp4000,perturbations/audio/folk_09__A.wav,perturbations/audio/folk_09__lowpass__lp4000.wav,,T,folk,0.9973000760775467,0.9993496029040914,0.0,4000.0,0.9999308612699658,1.0,lowpass,0.0,0.4221623509519961,0.0,folk_09,1.0,1.0,0.8577791255844139,0.08365922362833463
folk_09::lowpass::lp2000,folk_09::lowpass::lp2000,perturbations/audio/folk_09__A.wav,perturbations/audio/folk_09__lowpass__lp2000.wav,,T,folk,0.9999686552614696,0.9999890833374634,0.0,2000.0,0.9408651484348888,0.25,lowpass,0.0,0.4900359550388847,0.0,folk_09,0.5402355741131739,0.9681345430404957,0.9021702041503424,5.164233660066237e-05
folk_09::distortion::drv4,folk_09::distortion::drv4,perturbations/audio/folk_09__A.wav,perturbations/audio/folk_09__distortion__drv4.wav,,T,folk,0.9970253680525853,0.9988027192653267,0.0,4.0,0.9214973365233444,0.625,distortion,0.6363636363636364,0.5239727570823289,0.0,folk_09,1.0,1.0,0.9970340022696189,0.894466744338797
folk_09::distortion::drv12,folk_09::distortion::drv12,perturbations/audio/folk_09__A.wav,perturbations/audio/folk_09__distortion__drv12.wav,,T,folk,0.9835555235595183,0.9945008748970408,0.0,12.0,0.7568952056567922,0.25,distortion,0.2727272727272727,0.4221623509519961,0.0,folk_09,0.6551258353476473,0.9895855472901168,0.9899984059785166,0.7244208196542127
folk_09::distortion::drv32,folk_09::distortion::drv32,perturbations/audio/folk_09__A.wav,perturbations/audio/folk_09__distortion__drv32.wav,,T,folk,0.9873712345318022,0.9941770568142418,0.0,32.0,0.7043788230259989,0.625,distortion,0.6363636363636364,0.5707187929887689,6.799958881578959,folk_09,0.6551258353476473,0.9895855472901168,0.9879178328463557,0.6138629156963802
folk_09::style_swap::swap_cross,folk_09::style_swap::swap_cross,perturbations/audio/folk_09__A.wav,perturbations/audio/folk_09__style_swap__swap_cross.wav,,S,folk,0.9011328335746135,0.9264888289869933,0.5,,0.28551536448922143,0.0,style_swap,0.2608695652173913,0.3619668402456946,15.999903250773968,folk_09,0.6418081149258198,0.9775555013417906,0.9026436201567054,0.3143377464741391
folk_09::style_swap::swap_same,folk_09::style_swap::swap_same,perturbations/audio/folk_09__A.wav,perturbations/audio/folk_09__style_swap__swap_same.wav,,S,folk,0.825713821736082,0.8545971219912858,0.16666666666666666,,0.27641891304890687,0.125,style_swap,0.5454545454545454,0.3882255489085519,12.95230263157896,folk_09,0.5402355741131739,0.9681345430404957,0.907997814406097,0.2665631769805256
folk_10::control::ctrl,folk_10::control::ctrl,perturbations/audio/folk_10__A.wav,perturbations/audio/folk_10__control__ctrl.wav,,control,folk,1.0,0.9999999789116188,0.0,0.0,1.0,1.0,control,1.0,1.0,0.0,folk_10,1.0,1.0,0.9999999998513301,1.0
folk_10::pitch_shift::-4st,folk_10::pitch_shift::-4st,perturbations/audio/folk_10__A.wav,perturbations/audio/folk_10__pitch_shift__-4st.wav,,H,folk,0.8654394359878894,0.937119568024899,0.5,-4.0,0.7070219757988669,0.09523809523809523,pitch_shift,1.0,1.0,0.0,folk_10,1.0,1.0,0.9915186922106047,0.5330105326054779
folk_10::pitch_shift::-2st,folk_10::pitch_shift::-2st,perturbations/audio/folk_10__A.wav,perturbations/audio/folk_10__pitch_shift__-2st.wav,,H,folk,0.8858110027603512,0.9256973230137228,0.16666666666666666,-2.0,0.785704562003358,0.14285714285714285,pitch_shift,1.0,1.0,0.0,folk_10,1.0,1.0,0.9973069782730665,0.842850223283963
folk_10::pitch_shift::-1st,folk_10::pitch_shift::-1st,perturbations/audio/folk_10__A.wav,perturbations/audio/folk_10__pitch_shift__-1st.wav,,H,folk,0.9042319430355512,0.9444999227330142,1.0,-1.0,0.844257920080019,0.2857142857142857,pitch_shift,1.0,1.0,0.0,folk_10,1.0,1.0,0.9992812565769648,0.9414138473315572
folk_10::pitch_shift::+1st,folk_10::pitch_shift::+1st,perturbations/audio/folk_10__A.wav,perturbations/audio/folk_10__pitch_shift__+1st.wav,,H,folk,0.8905165087979808,0.9574997174811455,0.6666666666666666,1.0,0.8484010373425436,0.23809523809523808,pitch_shift,1.0,0.8985423860130417,0.0,folk_10,1.0,1.0,0.9993920884335183,0.9380466951160937
folk_10::pitch_shift::+2st,folk_10::pitch_shift::+2st,perturbations/audio/folk_10__A.wav,perturbations/audio/folk_10__pitch_shift__+2st.wav,,H,folk,0.8826558709856192,0.9280039601207024,0.5,2.0,0.8388640876218696,0.38095238095238093,pitch_shift,1.0,0.8985423860130417,0.0,folk_10,1.0,1.0,0.9977844550581356,0.8296114554946724
folk_10::pitch_shift::+4st,folk_10::pitch_shift::+4st,perturbations/audio/folk_10__A.wav,perturbations/audio/folk_10__pitch_shift__+4st.wav,,H,folk,0.8721407952673488,0.9187210771403763,0.8333333333333334,4.0,0.762458632055642,0.14285714285714285,pitch_shift,1.0,1.0,0.0,folk_10,1.0,1.0,0.9921072050768419,0.5703267195973908
folk_10::time_stretch::-20pct,folk_10::time_stretch::-20pct,perturbations/audio/folk_10__A.wav,perturbations/audio/folk_10__time_stretch__-20pct.wav,,R,folk,0.9782623713432412,0.998130268809817,0.16666666666666666,-20.0,0.5700639959222952,0.0,time_stretch,0.380952380952381,0.3093040039646091,19.703584558823536,folk_10,1.0,1.0,0.9993201428183109,0.9228329436485588
folk_10::time_stretch::-10pct,folk_10::time_stretch::-10pct,perturbations/audio/folk_10__A.wav,perturbations/audio/folk_10__time_stretch__-10pct.wav,,R,folk,0.9875136695875868,0.9984327612149236,0.16666666666666666,-10.0,0.6425406017048538,0.14285714285714285,time_stretch,0.1904761904761905,0.3380197595398312,9.5703125,folk_10,1.0,1.0,0.9997988870300356,0.9594199760923439
folk_10::time_stretch::-5pct,folk_10::time_stretch::-5pct,perturbations/audio/folk_10__A.wav,perturbations/audio/folk_10__time_stretch__-5pct.wav,,R,folk,0.992195790836418,0.9996210099622235,0.16666666666666666,-5.0,0.7234737587757564,0.23809523809523808,time_stretch,0.0,0.4400427662831699,6.600215517241381,folk_10,1.0,1.0,0.9999532033923574,0.9758011785974824
folk_10::time_stretch::+5pct,folk_10::time_stretch::+5pct,perturbations/audio/folk_10__A.wav,perturbations/audio/folk_10__time_stretch__+5pct.wav,,R,folk,0.990749630088588,0.999441969338733,0.16666666666666666,5.0,0.7442748887531219,0.3333333333333333,time_stretch,0.0,0.48670586909290575,3.68088942307692,folk_10,1.0,1.0,0.9999514882277051,0.9801192067513679
folk_10::time_stretch::+10pct,folk_10::time_stretch::+10pct,perturbations/audio/folk_10__A.wav,perturbations/audio/folk_10__time_stretch__+10pct.wav,,R,folk,0.9817903818981408,0.9989602836002309,0.16666666666666666,10.0,0.6385632858096189,0.42857142857142855,time_stretch,0.39999999999999997,0.4400427662831699,7.65625,folk_10,1.0,1.0,0.9998303243678223,0.9536888337140627
folk_10::time_stretch::+20pct,folk_10::time_stretch::+20pct,perturbations/audio/folk_10__A.wav,perturbations/audio/folk_10__time_stretch__+20pct.wav,,R,folk,0.9721683870079578,0.9957776697520533,0.16666666666666666,20.0,0.5888925101065199,0.047619047619047616,time_stretch,0.125,0.4400427662831699,16.644021739130437,folk_10,0.8403184430849032,0.9873756126540917,0.999680544393784,0.9350574603626581
folk_10::lowpass::lp8000,folk_10::lowpass::lp8000,perturbations/audio/folk_10__A.wav,perturbations/audio/folk_10__lowpass__lp8000.wav,,T,folk,0.9999999684495445,0.9999999784628573,0.0,8000.0,0.9999946709298596,1.0,lowpass,1.0,0.8985423860130417,0.0,folk_10,1.0,1.0,0.9738525502879254,0.36892550785150163
folk_10::lowpass::lp4000,folk_10::lowpass::lp4000,perturbations/audio/folk_10__A.wav,perturbations/audio/folk_10__lowpass__lp4000.wav,,T,folk,0.9995591812777533,0.9999145691602472,0.0,4000.0,0.9999695619763205,1.0,lowpass,1.0,1.0,0.0,folk_10,1.0,1.0,0.9484505590665947,0.14669171915803275
folk_10::lowpass::lp2000,folk_10::lowpass::lp2000,perturbations/audio/folk_10__A.wav,perturbations/audio/folk_10__lowpass__lp2000.wav,,T,folk,0.9998370148972668,0.9999551185689494,0.0,2000.0,0.9992482756498132,1.0,lowpass,0.9333333333333333,0.6561170117268058,0.0,folk_10,0.8407279238331352,0.9876857749469214,0.9502391060569009,0.0008725979187680556
folk_10::distortion::drv4,folk_10::distortion::drv4,perturbations/audio/folk_10__A.wav,perturbations/audio/folk_10__distortion__drv4.wav,,T,folk,0.9977295217220581,0.9996184731585969,0.0,4.0,0.9402241250923884,0.8095238095238095,distortion,1.0,0.8985423860130417,0.0,folk_10,1.0,1.0,0.9978751926560193,0.8421316936492999
folk_10::distortion::drv12,folk_10::distortion::drv12,perturbations/audio/folk_10__A.wav,perturbations/audio/folk_10__distortion__drv12.wav,,T,folk,0.9932699615715632,0.9983307186219955,0.0,12.0,0.8416508438223663,0.5238095238095238,distortion,1.0,0.8019098790745595,3.41796875,folk_10,1.0,1.0,0.991453424980105,0.5292202608418075
folk_10::distortion::drv32,folk_10::distortion::drv32,perturbations/audio/folk_10__A.wav,perturbations/audio/folk_10__distortion__drv32.wav,,T,folk,0.9895290562233735,0.9970710236248742,0.16666666666666666,32.0,0.8024361215804637,0.5714285714285714,distortion,1.0,0.6733582803318491,3.41796875,folk_10,1.0,1.0,0.9879001210940345,0.3457044252168451
folk_10::style_swap::swap_same,folk_10::style_swap::swap_same,perturbations/audio/folk_10__A.wav,perturbations/audio/folk_10__style_swap__swap_same.wav,,S,folk,0.814591897522037,0.8228095188282892,0.5,,0.28774396178833006,0.09523809523809523,style_swap,0.25,0.4400427662831699,11.962890625,folk_10,1.0,1.0,0.982020107886462,0.4390202076586879
folk_11::control::ctrl,folk_11::control::ctrl,perturbations/audio/folk_11__A.wav,perturbations/audio/folk_11__control__ctrl.wav,,control,folk,1.0,0.9999999750290169,0.0,0.0,1.0,1.0,control,1.0,1.0,0.0,folk_11,1.0,1.0,0.999999999880554,1.0
folk_11::pitch_shift::-4st,folk_11::pitch_shift::-4st,perturbations/audio/folk_11__A.wav,perturbations/audio/folk_11__pitch_shift__-4st.wav,,H,folk,0.7018545467405338,0.8017156183079709,0.6666666666666666,-4.0,0.7785903263985482,0.16666666666666666,pitch_shift,0.3076923076923077,0.4400427662831699,20.605936004784667,folk_11,1.0,1.0,0.9976378203737282,0.6122216983930183
folk_10::style_swap::swap_cross,folk_10::style_swap::swap_cross,perturbations/audio/folk_10__A.wav,perturbations/audio/folk_10__style_swap__swap_cross.wav,,S,folk,0.9277308390481696,0.9625347755643435,0.5,,0.2958162447804965,0.0,style_swap,0.2857142857142857,0.36673551511505326,19.703584558823536,folk_10,0.03367759484973016,0.652695476224888,0.8577303343304272,0.1326138945718141
folk_11::pitch_shift::-2st,folk_11::pitch_shift::-2st,perturbations/audio/folk_11__A.wav,perturbations/audio/folk_11__pitch_shift__-2st.wav,,H,folk,0.6405696801952677,0.7399634899167058,0.3333333333333333,-2.0,0.8034463510734676,0.3333333333333333,pitch_shift,0.42857142857142855,0.4400427662831699,32.63980263157896,folk_11,1.0,1.0,0.9992509662537347,0.8480929123789749
folk_11::pitch_shift::-1st,folk_11::pitch_shift::-1st,perturbations/audio/folk_11__A.wav,perturbations/audio/folk_11__pitch_shift__-1st.wav,,H,folk,0.5028809373102068,0.7209128492147562,0.8333333333333334,-1.0,0.8394416664655979,0.16666666666666666,pitch_shift,0.42857142857142855,0.4400427662831699,32.63980263157896,folk_11,1.0,1.0,0.9997041888136478,0.9352504323555222
folk_11::pitch_shift::+1st,folk_11::pitch_shift::+1st,perturbations/audio/folk_11__A.wav,perturbations/audio/folk_11__pitch_shift__+1st.wav,,H,folk,0.5268404117345908,0.7318036748569443,0.8333333333333334,1.0,0.8464985528269263,0.0,pitch_shift,0.42857142857142855,0.48670586909290575,32.63980263157896,folk_11,1.0,1.0,0.9994939263753427,0.9300486293184155
folk_11::pitch_shift::+2st,folk_11::pitch_shift::+2st,perturbations/audio/folk_11__A.wav,perturbations/audio/folk_11__pitch_shift__+2st.wav,,H,folk,0.6585779278168559,0.7330829008855825,0.3333333333333333,2.0,0.799593960931855,0.16666666666666666,pitch_shift,0.3076923076923077,0.4400427662831699,20.605936004784667,folk_11,1.0,1.0,0.9987631950716634,0.8511911738007351
folk_11::pitch_shift::+4st,folk_11::pitch_shift::+4st,perturbations/audio/folk_11__A.wav,perturbations/audio/folk_11__pitch_shift__+4st.wav,,H,folk,0.687007340560762,0.7983214769615501,0.6666666666666666,4.0,0.7467304304472424,0.3333333333333333,pitch_shift,0.3076923076923077,0.4400427662831699,20.605936004784667,folk_11,0.9301388705197725,0.9877530617345663,0.9965378741759293,0.6328676298092065
folk_11::time_stretch::-10pct,folk_11::time_stretch::-10pct,perturbations/audio/folk_11__A.wav,perturbations/audio/folk_11__time_stretch__-10pct.wav,,R,folk,0.984295886764504,0.9905656788246205,0.0,-10.0,0.6812021508695953,0.0,time_stretch,0.23529411764705882,0.4400427662831699,23.652030892448522,folk_11,0.9347887098672477,0.9875063742988271,0.9997540157224498,0.9499401193347945
folk_11::time_stretch::-20pct,folk_11::time_stretch::-20pct,perturbations/audio/folk_11__A.wav,perturbations/audio/folk_11__time_stretch__-20pct.wav,,R,folk,0.9744052798115281,0.9797836241525234,0.16666666666666666,-20.0,0.6125695068857466,1.0,time_stretch,0.0,0.4400427662831699,18.545342404306226,folk_11,0.6943496012606848,0.9539617155318633,0.9994592168392352,0.905866263912055
folk_11::time_stretch::-5pct,folk_11::time_stretch::-5pct,perturbations/audio/folk_11__A.wav,perturbations/audio/folk_11__time_stretch__-5pct.wav,,R,folk,0.9822988326229771,0.9923389461158423,0.0,-5.0,0.7474515568436665,0.0,time_stretch,0.14285714285714288,0.4400427662831699,11.65707236842104,folk_11,1.0,1.0,0.9998524024245374,0.9635085993605103
folk_11::time_stretch::+5pct,folk_11::time_stretch::+5pct,perturbations/audio/folk_11__A.wav,perturbations/audio/folk_11__time_stretch__+5pct.wav,,R,folk,0.985785573226526,0.9949972101138935,0.0,5.0,0.7467323905533658,0.3333333333333333,time_stretch,0.23529411764705882,0.4400427662831699,28.33316200657896,folk_11,0.9301388705197725,0.9877530617345663,0.9997979921826606,0.9306022243735147
folk_11::time_stretch::+10pct,folk_11::time_stretch::+10pct,perturbations/audio/folk_11__A.wav,perturbations/audio/folk_11__time_stretch__+10pct.wav,,R,folk,0.9835604446587297,0.9939760294836512,0.0,10.0,0.6982444464717965,0.16666666666666666,time_stretch,0.23529411764705882,0.4400427662831699,23.652030892448522,folk_11,0.9301388705197725,0.9877530617345663,0.9997526666807408,0.9168633047787756
folk_11::time_stretch::+20pct,folk_11::time_stretch::+20pct,perturbations/audio/folk_11__A.wav,perturbations/audio/folk_11__time_stretch__+20pct.wav,,R,folk,0.9589507275627432,0.986207710661982,0.0,20.0,0.6122109680589407,0.0,time_stretch,0.22222222222222224,0.4400427662831699,12.95230263157896,folk_11,0.8563890129188146,0.9760019792182089,0.9993834705556731,0.8656274850607825
folk_11::lowpass::lp8000,folk_11::lowpass::lp8000,perturbations/audio/folk_11__A.wav,perturbations/audio/folk_11__lowpass__lp8000.wav,,T,folk,0.9999830746629195,0.9999916229772041,0.0,8000.0,0.9999928635587041,1.0,lowpass,0.42857142857142855,0.48670586909290575,32.63980263157896,folk_11,1.0,1.0,0.9901849614185549,0.5869730759465216
folk_11::lowpass::lp4000,folk_11::lowpass::lp4000,perturbations/audio/folk_11__A.wav,perturbations/audio/folk_11__lowpass__lp4000.wav,,T,folk,0.9999986199545708,0.9999993043428057,0.0,4000.0,0.9999626479937094,1.0,lowpass,0.42857142857142855,0.4400427662831699,32.63980263157896,folk_11,1.0,1.0,0.9743508069266228,0.10921223935432292
folk_11::distortion::drv4,folk_11::distortion::drv4,perturbations/audio/folk_11__A.wav,perturbations/audio/folk_11__distortion__drv4.wav,,T,folk,0.9997554671089602,0.9999131176584557,0.0,4.0,0.9883009914889623,1.0,distortion,0.42857142857142855,0.48670586909290575,32.63980263157896,folk_11,1.0,1.0,0.9996032299680389,0.9665528791233231
folk_11::lowpass::lp2000,folk_11::lowpass::lp2000,perturbations/audio/folk_11__A.wav,perturbations/audio/folk_11__lowpass__lp2000.wav,,T,folk,0.999979057453624,0.9999887124600035,0.0,2000.0,0.9990948463269467,1.0,lowpass,0.0,0.4400427662831699,51.278378451251086,folk_11,0.6042240954318527,0.9436585950611364,0.9618598521337675,0.0003487719348691392
folk_11::distortion::drv12,folk_11::distortion::drv12,perturbations/audio/folk_11__A.wav,perturbations/audio/folk_11__distortion__drv12.wav,,T,folk,0.9951407876530464,0.9968032126494479,0.0,12.0,0.9056098978316411,0.3333333333333333,distortion,0.42857142857142855,0.48670586909290575,32.63980263157896,folk_11,1.0,1.0,0.9936025426874421,0.7211976561703378
folk_11::distortion::drv32,folk_11::distortion::drv32,perturbations/audio/folk_11__A.wav,perturbations/audio/folk_11__distortion__drv32.wav,,T,folk,0.9837050026997899,0.9891524067581894,0.0,32.0,0.7987826711272876,0.3333333333333333,distortion,1.0,0.6266951775221132,12.95230263157896,folk_11,0.6042240954318527,0.9436585950611364,0.9824374756511972,0.40660366454956437
folk_11::style_swap::swap_cross,folk_11::style_swap::swap_cross,perturbations/audio/folk_11__A.wav,perturbations/audio/folk_11__style_swap__swap_cross.wav,,S,folk,0.8154896139560189,0.8873354851611072,0.16666666666666666,,0.2782698296179137,0.0,style_swap,0.3076923076923077,0.4400427662831699,15.999903250773968,folk_11,0.8563890129188146,0.9760019792182089,0.9892967197061515,0.4346473882974186
folk_11::style_swap::swap_same,folk_11::style_swap::swap_same,perturbations/audio/folk_11__A.wav,perturbations/audio/folk_11__style_swap__swap_same.wav,,S,folk,0.6274100219806291,0.7281860566458489,0.3333333333333333,,0.3164343060743784,0.16666666666666666,style_swap,0.23529411764705882,0.4083258550341814,23.652030892448522,folk_11,0.6418081149258198,0.9775555013417906,0.9745720735179653,0.4207105705766457
folk_12::control::ctrl,folk_12::control::ctrl,perturbations/audio/folk_12__A.wav,perturbations/audio/folk_12__control__ctrl.wav,,control,folk,1.0,0.9999999762455835,0.0,0.0,1.0,1.0,control,1.0,1.0,0.0,folk_12,1.0,1.0,0.9999999998732889,1.0
folk_12::pitch_shift::-4st,folk_12::pitch_shift::-4st,perturbations/audio/folk_12__A.wav,perturbations/audio/folk_12__pitch_shift__-4st.wav,,H,folk,0.5764956703702406,0.546561145154347,0.6666666666666666,-4.0,0.6505512697500834,1.0,pitch_shift,1.0,1.0,0.0,folk_12,1.0,1.0,0.9982153644884751,0.6075441567124921
folk_12::pitch_shift::-1st,folk_12::pitch_shift::-1st,perturbations/audio/folk_12__A.wav,perturbations/audio/folk_12__pitch_shift__-1st.wav,,H,folk,0.5625168903016263,0.6610522713940233,0.8333333333333334,-1.0,0.8255063223995918,1.0,pitch_shift,1.0,1.0,0.0,folk_12,1.0,1.0,0.9993379968730544,0.9020653099383034
folk_12::pitch_shift::-2st,folk_12::pitch_shift::-2st,perturbations/audio/folk_12__A.wav,perturbations/audio/folk_12__pitch_shift__-2st.wav,,H,folk,0.34593849852617037,0.42707466946481365,0.3333333333333333,-2.0,0.731301789779141,1.0,pitch_shift,1.0,1.0,0.0,folk_12,1.0,1.0,0.9995888814644524,0.8204827809790481
folk_12::pitch_shift::+1st,folk_12::pitch_shift::+1st,perturbations/audio/folk_12__A.wav,perturbations/audio/folk_12__pitch_shift__+1st.wav,,H,folk,0.6867766103712506,0.673745856246192,0.8333333333333334,1.0,0.7970508046827679,0.0,pitch_shift,1.0,1.0,0.0,folk_12,1.0,1.0,0.9992524608238037,0.8467877561875313
folk_12::pitch_shift::+2st,folk_12::pitch_shift::+2st,perturbations/audio/folk_12__A.wav,perturbations/audio/folk_12__pitch_shift__+2st.wav,,H,folk,0.3287951188000697,0.42343574825385877,0.3333333333333333,2.0,0.7853094920258923,1.0,pitch_shift,1.0,1.0,0.0,folk_12,1.0,1.0,0.9990386140148686,0.7795700384974704
folk_12::pitch_shift::+4st,folk_12::pitch_shift::+4st,perturbations/audio/folk_12__A.wav,perturbations/audio/folk_12__pitch_shift__+4st.wav,,H,folk,0.3663719990851168,0.5709505959862153,0.6666666666666666,4.0,0.711260981634805,1.0,pitch_shift,1.0,1.0,0.0,folk_12,1.0,1.0,0.9943681848643431,0.6079452325487555
folk_12::time_stretch::-20pct,folk_12::time_stretch::-20pct,perturbations/audio/folk_12__A.wav,perturbations/audio/folk_12__time_stretch__-20pct.wav,,R,folk,0.9957214391065776,0.9804372654649123,0.0,-20.0,0.6595439097460156,1.0,time_stretch,0.0,0.7041629275170908,13.521634615384613,folk_12,1.0,1.0,0.9994201617742146,0.8988436644596535
folk_12::time_stretch::-10pct,folk_12::time_stretch::-10pct,perturbations/audio/folk_12__A.wav,perturbations/audio/folk_12__time_stretch__-10pct.wav,,R,folk,0.9973048712079684,0.9953349249361874,0.0,-10.0,0.7061822046979909,1.0,time_stretch,0.0,0.7041629275170908,6.163349731663686,folk_12,1.0,1.0,0.9998323154986581,0.9280047653541402
folk_12::time_stretch::-5pct,folk_12::time_stretch::-5pct,perturbations/audio/folk_12__A.wav,perturbations/audio/folk_12__time_stretch__-5pct.wav,,R,folk,0.9969316987082605,0.9986509562344507,0.0,-5.0,0.6830431973467767,0.0,time_stretch,0.0,0.7041629275170908,3.2320004690431503,folk_12,1.0,1.0,0.9995470313936209,0.929078523523742
folk_12::time_stretch::+10pct,folk_12::time_stretch::+10pct,perturbations/audio/folk_12__A.wav,perturbations/audio/folk_12__time_stretch__+10pct.wav,,R,folk,0.9913037259873851,0.9977134910667167,0.0,10.0,0.706194034520863,1.0,time_stretch,0.0,0.5826589553024,7.572115384615387,folk_12,0.0,0.9098116947472746,0.9998696212284407,0.8920532332070108
folk_12::time_stretch::+5pct,folk_12::time_stretch::+5pct,perturbations/audio/folk_12__A.wav,perturbations/audio/folk_12__time_stretch__+5pct.wav,,R,folk,0.9966929940358938,0.9986516967418159,0.0,5.0,0.7447259391804677,1.0,time_stretch,0.0,0.8133475887610566,4.732572115384613,folk_12,1.0,1.0,0.9996707510550286,0.9417695467657297
folk_12::time_stretch::+20pct,folk_12::time_stretch::+20pct,perturbations/audio/folk_12__A.wav,perturbations/audio/folk_12__time_stretch__+20pct.wav,,R,folk,0.9561062412186202,0.9965445954804016,0.0,20.0,0.5864640473737652,0.0,time_stretch,0.0,0.5666065223658278,3.5814059251559343,folk_12,0.0,0.8902589395807644,0.9995920590618019,0.8509563601226818
folk_12::lowpass::lp8000,folk_12::lowpass::lp8000,perturbations/audio/folk_12__A.wav,perturbations/audio/folk_12__lowpass__lp8000.wav,,T,folk,0.9999999566807795,0.9999999755700214,0.0,8000.0,0.9999924604732247,1.0,lowpass,1.0,1.0,0.0,folk_12,1.0,1.0,0.9998752447072923,0.7194278688016555
folk_12::lowpass::lp4000,folk_12::lowpass::lp4000,perturbations/audio/folk_12__A.wav,perturbations/audio/folk_12__lowpass__lp4000.wav,,T,folk,0.99999983298545,0.9999999659109958,0.0,4000.0,0.999966091753052,1.0,lowpass,1.0,0.8133475887610566,7.529092001748246,folk_12,1.0,1.0,0.9989717481305392,0.04364427360654706
folk_12::lowpass::lp2000,folk_12::lowpass::lp2000,perturbations/audio/folk_12__A.wav,perturbations/audio/folk_12__lowpass__lp2000.wav,,T,folk,0.999997904521737,0.999999342314373,0.0,2000.0,0.9997530689030987,1.0,lowpass,1.0,0.8133475887610566,7.529092001748246,folk_12,1.0,1.0,0.9981101403055554,0.0001858249748783844
folk_12::distortion::drv4,folk_12::distortion::drv4,perturbations/audio/folk_12__A.wav,perturbations/audio/folk_12__distortion__drv4.wav,,T,folk,0.999640265362017,0.9999559970883121,0.0,4.0,0.9874438938301305,0.0,distortion,1.0,1.0,8.834134615384613,folk_12,1.0,1.0,0.9958260074274902,0.6828275139707107
folk_12::distortion::drv12,folk_12::distortion::drv12,perturbations/audio/folk_12__A.wav,perturbations/audio/folk_12__distortion__drv12.wav,,T,folk,0.9979159944137048,0.9995242730743052,0.0,12.0,0.8900268135472912,0.0,distortion,1.0,1.0,8.834134615384613,folk_12,1.0,1.0,0.9802809207461203,0.4014226775063362
folk_12::style_swap::swap_cross,folk_12::style_swap::swap_cross,perturbations/audio/folk_12__A.wav,perturbations/audio/folk_12__style_swap__swap_cross.wav,,S,folk,0.4985437013785052,0.6027015196565347,0.5,,0.2915181735659581,0.0,style_swap,0.1111111111111111,0.27672190644909445,33.12800480769231,folk_12,0.0,0.9196857267568748,0.9019997342285105,0.15406854782907262
folk_12::distortion::drv32,folk_12::distortion::drv32,perturbations/audio/folk_12__A.wav,perturbations/audio/folk_12__distortion__drv32.wav,,T,folk,0.9708719788609528,0.9822064448061629,0.0,32.0,0.6598984507244876,0.0,distortion,1.0,0.8133475887610566,8.834134615384613,folk_12,1.0,1.0,0.9497973634971503,0.333831392715762
folk_12::style_swap::swap_same,folk_12::style_swap::swap_same,perturbations/audio/folk_12__A.wav,perturbations/audio/folk_12__style_swap__swap_same.wav,,S,folk,0.6929094883572166,0.7015419680914925,1.0,,0.32462903858815095,0.0,style_swap,0.3636363636363636,0.4498041686428354,10.082436245819395,folk_12,0.0,0.9798021434460016,0.9683733026638075,0.16169002975196559
folk_13::control::ctrl,folk_13::control::ctrl,perturbations/audio/folk_13__A.wav,perturbations/audio/folk_13__control__ctrl.wav,,control,folk,1.0,0.999999979113941,0.0,0.0,1.0,1.0,control,1.0,1.0,0.0,folk_13,1.0,1.0,0.9999999998730089,1.0
folk_13::pitch_shift::-4st,folk_13::pitch_shift::-4st,perturbations/audio/folk_13__A.wav,perturbations/audio/folk_13__pitch_shift__-4st.wav,,H,folk,0.6581123258149475,0.7033229939715833,0.6666666666666666,-4.0,0.7609683595744657,1.0,pitch_shift,0.27272727272727276,0.3380197595398312,44.045188210227266,folk_13,0.7950849295265631,0.9640269797651762,0.9906812496485847,0.36033099307725175
folk_13::pitch_shift::-2st,folk_13::pitch_shift::-2st,perturbations/audio/folk_13__A.wav,perturbations/audio/folk_13__pitch_shift__-2st.wav,,H,folk,0.6121516148836673,0.6737431949526774,0.3333333333333333,-2.0,0.687454939562899,1.0,pitch_shift,0.3636363636363637,0.3380197595398312,44.045188210227266,folk_13,1.0,1.0,0.9957876381444378,0.6371451864314065
folk_13::pitch_shift::-1st,folk_13::pitch_shift::-1st,perturbations/audio/folk_13__A.wav,perturbations/audio/folk_13__pitch_shift__-1st.wav,,H,folk,0.7712869234467506,0.8185240246145324,0.16666666666666666,-1.0,0.8575220402297681,1.0,pitch_shift,0.4545454545454546,0.3775740976145113,44.045188210227266,folk_13,0.9243174934306863,0.9879960803527683,0.9976139317252826,0.7925609663624562
folk_13::pitch_shift::+1st,folk_13::pitch_shift::+1st,perturbations/audio/folk_13__A.wav,perturbations/audio/folk_13__pitch_shift__+1st.wav,,H,folk,0.6196977386260278,0.6721897229563529,0.8333333333333334,1.0,0.8251659672956809,1.0,pitch_shift,0.34782608695652173,0.3954512706902753,38.4521484375,folk_13,1.0,1.0,0.9977242921796213,0.7693864907030005
folk_13::pitch_shift::+2st,folk_13::pitch_shift::+2st,perturbations/audio/folk_13__A.wav,perturbations/audio/folk_13__pitch_shift__+2st.wav,,H,folk,0.5966159469513346,0.6599323362368265,0.3333333333333333,2.0,0.7908903501146897,1.0,pitch_shift,0.46153846153846156,0.3775740976145113,10.7666015625,folk_13,0.826556440563825,0.976948669201521,0.9957635136453532,0.5853431516669294
folk_13::pitch_shift::+4st,folk_13::pitch_shift::+4st,perturbations/audio/folk_13__A.wav,perturbations/audio/folk_13__pitch_shift__+4st.wav,,H,folk,0.6381612896762056,0.6797353201040913,0.6666666666666666,4.0,0.7805132784387021,1.0,pitch_shift,0.5833333333333334,0.4458441912644134,32.2998046875,folk_13,0.9168580536797724,0.9882352941176471,0.9883992360998848,0.3405363735745345
folk_13::time_stretch::-20pct,folk_13::time_stretch::-20pct,perturbations/audio/folk_13__A.wav,perturbations/audio/folk_13__time_stretch__-20pct.wav,,R,folk,0.9896883706363407,0.9941584071151461,0.0,-20.0,0.5084058118500014,1.0,time_stretch,0.41666666666666663,0.43500560876495536,25.49984580592104,folk_13,0.9243174934306863,0.9879960803527683,0.998955503755741,0.7906689562762511
folk_13::time_stretch::-10pct,folk_13::time_stretch::-10pct,perturbations/audio/folk_13__A.wav,perturbations/audio/folk_13__time_stretch__-10pct.wav,,R,folk,0.9909969649887009,0.9974529723400795,0.0,-10.0,0.5781072326057095,1.0,time_stretch,0.17391304347826086,0.3380197595398312,17.9443359375,folk_13,1.0,1.0,0.9987576131853435,0.8430322703294875
folk_13::time_stretch::+5pct,folk_13::time_stretch::+5pct,perturbations/audio/folk_13__A.wav,perturbations/audio/folk_13__time_stretch__+5pct.wav,,R,folk,0.9930470218521972,0.9998546496763105,0.0,5.0,0.6530085877002095,1.0,time_stretch,0.18181818181818185,0.36673551511505326,44.045188210227266,folk_13,0.9168580536797724,0.9882352941176471,0.9988581381854043,0.8738709261225072
folk_13::time_stretch::-5pct,folk_13::time_stretch::-5pct,perturbations/audio/folk_13__A.wav,perturbations/audio/folk_13__time_stretch__-5pct.wav,,R,folk,0.9793137843517642,0.9833621106377959,0.6666666666666666,-5.0,0.6064508801423651,1.0,time_stretch,0.2857142857142857,0.3093040039646091,44.045188210227266,folk_13,0.22939360763757202,0.6648316062176166,0.9991691931769158,0.8786321832307653
folk_13::time_stretch::+10pct,folk_13::time_stretch::+10pct,perturbations/audio/folk_13__A.wav,perturbations/audio/folk_13__time_stretch__+10pct.wav,,R,folk,0.9867742459695771,0.9990321547580869,0.0,10.0,0.6037253607790265,1.0,time_stretch,0.4999999999999999,0.3380197595398312,25.49984580592104,folk_13,0.9168580536797724,0.9882352941176471,0.9984162713711969,0.846989735929396
folk_13::time_stretch::+20pct,folk_13::time_stretch::+20pct,perturbations/audio/folk_13__A.wav,perturbations/audio/folk_13__time_stretch__+20pct.wav,,R,folk,0.9797596578252462,0.9979588623583258,0.0,20.0,0.46049312441933143,0.0,time_stretch,0.41666666666666663,0.3542887468651076,17.9443359375,folk_13,0.8563890129188146,0.9760019792182089,0.9981766659950249,0.8105097957328946
folk_13::lowpass::lp8000,folk_13::lowpass::lp8000,perturbations/audio/folk_13__A.wav,perturbations/audio/folk_13__lowpass__lp8000.wav,,T,folk,0.999993298897593,0.9999938530917273,0.0,8000.0,0.9999847657792982,1.0,lowpass,0.5,0.45288278184071934,16.70679552801724,folk_13,1.0,1.0,0.9909899686952309,0.2801748623768426
folk_13::lowpass::lp4000,folk_13::lowpass::lp4000,perturbations/audio/folk_13__A.wav,perturbations/audio/folk_13__lowpass__lp4000.wav,,T,folk,0.9999969157553368,0.9999969719019199,0.0,4000.0,0.8240915702445992,0.0,lowpass,0.2222222222222222,0.3954512706902753,16.70679552801724,folk_13,1.0,1.0,0.9758877499385032,0.009311110365353882
folk_13::lowpass::lp2000,folk_13::lowpass::lp2000,perturbations/audio/folk_13__A.wav,perturbations/audio/folk_13__lowpass__lp2000.wav,,T,folk,0.9997345872253678,0.9997483476971364,0.0,2000.0,0.8161588536468952,0.0,lowpass,0.0,0.0,44.045188210227266,folk_13,0.7394850243954557,0.9520807061790668,0.8644222338932264,0.00014114531967220854
folk_13::distortion::drv4,folk_13::distortion::drv4,perturbations/audio/folk_13__A.wav,perturbations/audio/folk_13__distortion__drv4.wav,,T,folk,0.9976382691857624,0.9983578465080651,0.0,4.0,0.9358486641825283,1.0,distortion,0.5217391304347826,0.4062898531897333,38.4521484375,folk_13,0.48099629912471353,0.9782710280373831,0.9986578720840945,0.8246002236287893
folk_13::distortion::drv12,folk_13::distortion::drv12,perturbations/audio/folk_13__A.wav,perturbations/audio/folk_13__distortion__drv12.wav,,T,folk,0.9909563876013973,0.9932933692507351,0.0,12.0,0.7887634775211592,1.0,distortion,0.4545454545454546,0.36673551511505326,38.4521484375,folk_13,0.48099629912471353,0.9782710280373831,0.992430522640513,0.3169361497296262
folk_13::distortion::drv32,folk_13::distortion::drv32,perturbations/audio/folk_13__A.wav,perturbations/audio/folk_13__distortion__drv32.wav,,T,folk,0.9842197343677892,0.987749488079637,0.0,32.0,0.7480445311437207,1.0,distortion,0.18181818181818185,0.3093040039646091,49.15187669836956,folk_13,0.48099629912471353,0.9782710280373831,0.9855088242779215,0.11289658574181453
folk_13::style_swap::swap_cross,folk_13::style_swap::swap_cross,perturbations/audio/folk_13__A.wav,perturbations/audio/folk_13__style_swap__swap_cross.wav,,S,folk,0.5989080542705829,0.7097166023162995,0.8333333333333334,,0.24890666207130951,0.0,style_swap,0.4666666666666667,0.31123085423848973,53.8330078125,folk_13,0.6176851470084379,0.9557831044915056,0.9397822929248022,0.11238802657891812
folk_14::control::ctrl,folk_14::control::ctrl,perturbations/audio/folk_14__A.wav,perturbations/audio/folk_14__control__ctrl.wav,,control,folk,1.0,0.999999977021156,0.0,0.0,1.0,1.0,control,1.0,1.0,0.0,folk_14,1.0,1.0,0.9999999998674748,1.0
folk_14::pitch_shift::-4st,folk_14::pitch_shift::-4st,perturbations/audio/folk_14__A.wav,perturbations/audio/folk_14__pitch_shift__-4st.wav,,H,folk,0.36447737252489926,0.4543816262125062,0.6666666666666666,-4.0,0.7891189395219426,0.2857142857142857,pitch_shift,1.0,1.0,0.0,folk_14,1.0,1.0,0.9939620102584965,0.40404446316340187
folk_13::style_swap::swap_same,folk_13::style_swap::swap_same,perturbations/audio/folk_13__A.wav,perturbations/audio/folk_13__style_swap__swap_same.wav,,S,folk,0.7782696114439311,0.7853972085854121,0.16666666666666666,,0.2701757461528633,0.0,style_swap,0.13333333333333336,0.3380197595398312,28.987004206730774,folk_13,0.0,0.9196857267568748,0.763188368644107,0.05117325602596909
folk_14::pitch_shift::-2st,folk_14::pitch_shift::-2st,perturbations/audio/folk_14__A.wav,perturbations/audio/folk_14__pitch_shift__-2st.wav,,H,folk,0.31820218463883454,0.46124751601372993,0.3333333333333333,-2.0,0.8556829295018449,0.7142857142857143,pitch_shift,0.4,0.31601265353248076,0.0,folk_14,1.0,1.0,0.9980720409359154,0.735306179914705
folk_14::pitch_shift::-1st,folk_14::pitch_shift::-1st,perturbations/audio/folk_14__A.wav,perturbations/audio/folk_14__pitch_shift__-1st.wav,,H,folk,0.4413231075415198,0.5268241205096562,0.8333333333333334,-1.0,0.87238869516046,0.42857142857142855,pitch_shift,1.0,1.0,0.0,folk_14,1.0,1.0,0.9992027143572589,0.8609006294855932
folk_14::pitch_shift::+1st,folk_14::pitch_shift::+1st,perturbations/audio/folk_14__A.wav,perturbations/audio/folk_14__pitch_shift__+1st.wav,,H,folk,0.5272064779317854,0.5402061580065242,0.8333333333333334,1.0,0.8813592018573442,0.7142857142857143,pitch_shift,1.0,1.0,0.0,folk_14,1.0,1.0,0.9991822295749487,0.8653116787971502
folk_14::pitch_shift::+2st,folk_14::pitch_shift::+2st,perturbations/audio/folk_14__A.wav,perturbations/audio/folk_14__pitch_shift__+2st.wav,,H,folk,0.32059612301581636,0.45330279383324823,0.3333333333333333,2.0,0.8584114768064277,0.7142857142857143,pitch_shift,1.0,0.8786717476399575,0.0,folk_14,1.0,1.0,0.9983557286833379,0.7415978642319359
folk_14::pitch_shift::+4st,folk_14::pitch_shift::+4st,perturbations/audio/folk_14__A.wav,perturbations/audio/folk_14__pitch_shift__+4st.wav,,H,folk,0.3354510656008853,0.44232582560873096,0.6666666666666666,4.0,0.8267544201912969,0.7142857142857143,pitch_shift,0.42105263157894735,0.3775740976145113,0.0,folk_14,1.0,1.0,0.9916414579700827,0.4343499754398712
folk_14::time_stretch::-20pct,folk_14::time_stretch::-20pct,perturbations/audio/folk_14__A.wav,perturbations/audio/folk_14__time_stretch__-20pct.wav,,R,folk,0.983429903630045,0.9880238930199942,0.0,-20.0,0.6468866706157648,0.7142857142857143,time_stretch,0.23529411764705885,0.3882255489085519,12.74992290296052,folk_14,0.8434139080483868,0.9764791464597479,0.9997323802488081,0.9234747064464467
folk_14::time_stretch::-10pct,folk_14::time_stretch::-10pct,perturbations/audio/folk_14__A.wav,perturbations/audio/folk_14__time_stretch__-10pct.wav,,R,folk,0.9937078156693578,0.9967079659925463,0.0,-10.0,0.7509023180279915,0.7142857142857143,time_stretch,0.3333333333333333,0.330858105039204,4.749971277573536,folk_14,0.9168580536797724,0.9882352941176471,0.9997238234463345,0.9384804836166999
folk_14::time_stretch::-5pct,folk_14::time_stretch::-5pct,perturbations/audio/folk_14__A.wav,perturbations/audio/folk_14__time_stretch__-5pct.wav,,R,folk,0.9948074072707194,0.9980702922050539,0.0,-5.0,0.7654098774470484,1.0,time_stretch,0.16666666666666666,0.5175105162781474,4.749971277573536,folk_14,0.9168580536797724,0.9882352941176471,0.9997355168637222,0.9579138149715714
folk_14::time_stretch::+5pct,folk_14::time_stretch::+5pct,perturbations/audio/folk_14__A.wav,perturbations/audio/folk_14__time_stretch__+5pct.wav,,R,folk,0.9958813221389304,0.9994873014269836,0.0,5.0,0.7420860918952541,0.7142857142857143,time_stretch,0.0,0.5175105162781474,2.6048229586693594,folk_14,1.0,1.0,0.9997829319835142,0.9540584909172979
folk_14::time_stretch::+10pct,folk_14::time_stretch::+10pct,perturbations/audio/folk_14__A.wav,perturbations/audio/folk_14__time_stretch__+10pct.wav,,R,folk,0.9728258352080553,0.9946046186859092,0.0,10.0,0.7080495357525819,0.42857142857142855,time_stretch,0.0,0.5797279866911283,8.35339776400862,folk_14,1.0,1.0,0.9994938000283433,0.9100047266630346
folk_14::time_stretch::+20pct,folk_14::time_stretch::+20pct,perturbations/audio/folk_14__A.wav,perturbations/audio/folk_14__time_stretch__+20pct.wav,,R,folk,0.9555550292193293,0.996082387792349,0.0,20.0,0.6181404822775229,0.42857142857142855,time_stretch,0.0,0.5797279866911283,14.95361328125,folk_14,0.13159427451949396,0.7084188911704313,0.9986878473611513,0.8876179788109859
folk_14::lowpass::lp8000,folk_14::lowpass::lp8000,perturbations/audio/folk_14__A.wav,perturbations/audio/folk_14__lowpass__lp8000.wav,,T,folk,0.9999998811756391,0.9999999739537109,0.0,8000.0,0.9999936941392591,1.0,lowpass,1.0,1.0,0.0,folk_14,1.0,1.0,0.9989007794189135,0.7940618679708646
folk_14::lowpass::lp4000,folk_14::lowpass::lp4000,perturbations/audio/folk_14__A.wav,perturbations/audio/folk_14__lowpass__lp4000.wav,,T,folk,0.999999450520548,0.9999999506320395,0.0,4000.0,0.9999701259700355,1.0,lowpass,1.0,0.6419454571041096,2.446954900568187,folk_14,1.0,1.0,0.9937046211527482,0.016087181852314666
folk_14::lowpass::lp2000,folk_14::lowpass::lp2000,perturbations/audio/folk_14__A.wav,perturbations/audio/folk_14__lowpass__lp2000.wav,,T,folk,0.9999866554155199,0.9999940992677301,0.0,2000.0,0.9996214712799922,1.0,lowpass,0.14285714285714288,0.4400427662831699,18.63450270432692,folk_14,0.9156443782208623,0.9873522133626614,0.9846607214645146,4.9395264314473985e-05
folk_14::distortion::drv4,folk_14::distortion::drv4,perturbations/audio/folk_14__A.wav,perturbations/audio/folk_14__distortion__drv4.wav,,T,folk,0.9991511631433555,0.9997289730553258,0.0,4.0,0.973387910594634,1.0,distortion,1.0,1.0,0.0,folk_14,1.0,1.0,0.9964905154942105,0.7579978362415012
folk_14::distortion::drv12,folk_14::distortion::drv12,perturbations/audio/folk_14__A.wav,perturbations/audio/folk_14__distortion__drv12.wav,,T,folk,0.9925486131180304,0.994905192669641,0.0,12.0,0.8638434720774838,1.0,distortion,1.0,1.0,0.0,folk_14,1.0,1.0,0.9815826016029756,0.524829081869671
folk_14::distortion::drv32,folk_14::distortion::drv32,perturbations/audio/folk_14__A.wav,perturbations/audio/folk_14__distortion__drv32.wav,,T,folk,0.9791675622131525,0.9834367651700735,0.0,32.0,0.7458902250415179,1.0,distortion,1.0,0.8786717476399575,0.0,folk_14,1.0,1.0,0.9599196011835057,0.33754368324606293
folk_14::style_swap::swap_cross,folk_14::style_swap::swap_cross,perturbations/audio/folk_14__A.wav,perturbations/audio/folk_14__style_swap__swap_cross.wav,,S,folk,0.8046281195410727,0.7758385117513434,0.16666666666666666,,0.27870938086434427,0.0,style_swap,0.28571428571428575,0.48670586909290575,14.95361328125,folk_14,1.0,1.0,0.9790667109673944,0.31540349232790715
folk_14::style_swap::swap_same,folk_14::style_swap::swap_same,perturbations/audio/folk_14__A.wav,perturbations/audio/folk_14__style_swap__swap_same.wav,,S,folk,0.7825451987031717,0.7430278748441101,0.0,,0.26809593687947186,0.0,style_swap,0.3529411764705882,0.3542887468651077,12.74992290296052,folk_14,0.6423517475235626,0.9780476412891173,0.9103593808122022,0.27178976144305667
folk_15::control::ctrl,folk_15::control::ctrl,perturbations/audio/folk_15__A.wav,perturbations/audio/folk_15__control__ctrl.wav,,control,folk,1.0,0.9999999762146099,0.0,0.0,1.0,1.0,control,1.0,1.0,0.0,folk_15,1.0,1.0,0.9999999998175888,1.0
folk_15::pitch_shift::-4st,folk_15::pitch_shift::-4st,perturbations/audio/folk_15__A.wav,perturbations/audio/folk_15__pitch_shift__-4st.wav,,H,folk,0.7606956806481887,0.8860300675535684,1.0,-4.0,0.7078125905610544,0.0,pitch_shift,1.0,0.8895628492131631,0.0,folk_15,1.0,1.0,0.9924465238140505,0.49871026559048165
folk_15::pitch_shift::-2st,folk_15::pitch_shift::-2st,perturbations/audio/folk_15__A.wav,perturbations/audio/folk_15__pitch_shift__-2st.wav,,H,folk,0.7837658819630698,0.919891227219067,0.6666666666666666,-2.0,0.8408928093667724,0.6153846153846154,pitch_shift,1.0,0.8895628492131631,0.0,folk_15,1.0,1.0,0.9965558693562624,0.7662916353125893
folk_15::pitch_shift::-1st,folk_15::pitch_shift::-1st,perturbations/audio/folk_15__A.wav,perturbations/audio/folk_15__pitch_shift__-1st.wav,,H,folk,0.7552752726187721,0.915287119636846,0.5,-1.0,0.9035359738413733,0.5384615384615384,pitch_shift,1.0,0.8895628492131631,4.681131114130437,folk_15,1.0,1.0,0.9984270848623722,0.9197170901466105
folk_15::pitch_shift::+1st,folk_15::pitch_shift::+1st,perturbations/audio/folk_15__A.wav,perturbations/audio/folk_15__pitch_shift__+1st.wav,,H,folk,0.7714007288446267,0.9234781147300835,0.8333333333333334,1.0,0.802437671975724,0.23076923076923078,pitch_shift,1.0,0.8895628492131631,4.681131114130437,folk_15,1.0,1.0,0.9977360637203316,0.915521884032008
folk_15::pitch_shift::+2st,folk_15::pitch_shift::+2st,perturbations/audio/folk_15__A.wav,perturbations/audio/folk_15__pitch_shift__+2st.wav,,H,folk,0.755510497139965,0.9040810311445057,0.0,2.0,0.8597459518933479,1.0,pitch_shift,1.0,1.0,4.681131114130437,folk_15,1.0,1.0,0.9920402593007428,0.7647769619881017
folk_15::pitch_shift::+4st,folk_15::pitch_shift::+4st,perturbations/audio/folk_15__A.wav,perturbations/audio/folk_15__pitch_shift__+4st.wav,,H,folk,0.6851961641178861,0.8858911749004054,0.3333333333333333,4.0,0.8221530214991889,0.38461538461538464,pitch_shift,1.0,0.7426467363643514,4.681131114130437,folk_15,1.0,1.0,0.98411682626346,0.5157310181846135
folk_15::time_stretch::-20pct,folk_15::time_stretch::-20pct,perturbations/audio/folk_15__A.wav,perturbations/audio/folk_15__time_stretch__-20pct.wav,,R,folk,0.9602069779229333,0.9878878707282506,0.0,-20.0,0.6111850056421975,0.23076923076923078,time_stretch,0.26666666666666666,0.4400427662831699,18.56310614224138,folk_15,1.0,1.0,0.9964661276831006,0.8854769438884541
folk_15::time_stretch::-10pct,folk_15::time_stretch::-10pct,perturbations/audio/folk_15__A.wav,perturbations/audio/folk_15__time_stretch__-10pct.wav,,R,folk,0.9413160374325654,0.990200476103755,0.3333333333333333,-10.0,0.7295309104762582,0.6153846153846154,time_stretch,0.13333333333333333,0.48670586909290575,8.28200120192308,folk_15,1.0,1.0,0.998262432048922,0.9569708473154981
folk_15::time_stretch::-5pct,folk_15::time_stretch::-5pct,perturbations/audio/folk_15__A.wav,perturbations/audio/folk_15__time_stretch__-5pct.wav,,R,folk,0.9856060797988181,0.9963502864734529,0.0,-5.0,0.7883842118035475,0.7692307692307693,time_stretch,0.13333333333333333,0.47600043459443236,4.306640625,folk_15,1.0,1.0,0.9992715924274442,0.968513378159325
folk_15::time_stretch::+5pct,folk_15::time_stretch::+5pct,perturbations/audio/folk_15__A.wav,perturbations/audio/folk_15__time_stretch__+5pct.wav,,R,folk,0.962814062405712,0.9948159752569844,0.3333333333333333,5.0,0.7644849308134859,0.3076923076923077,time_stretch,0.0,0.5293296949484161,9.787819602272734,folk_15,0.8139921705131304,0.9440682955549015,0.9992913487446398,0.9707163373652841
folk_15::time_stretch::+10pct,folk_15::time_stretch::+10pct,perturbations/audio/folk_15__A.wav,perturbations/audio/folk_15__time_stretch__+10pct.wav,,R,folk,0.9495616630010386,0.9898382493999724,0.3333333333333333,10.0,0.695617901369075,0.5384615384615384,time_stretch,0.3529411764705882,0.4687052328717571,15.380859375,folk_15,0.948370234543912,0.9862243463592916,0.9990846239928722,0.9605242201763435
folk_15::time_stretch::+20pct,folk_15::time_stretch::+20pct,perturbations/audio/folk_15__A.wav,perturbations/audio/folk_15__time_stretch__+20pct.wav,,R,folk,0.9198944643496829,0.9799880521163491,0.3333333333333333,20.0,0.6511744853568726,0.3076923076923077,time_stretch,0.47058823529411764,0.3799541111268844,28.33316200657896,folk_15,1.0,1.0,0.9964923790937853,0.8714839374107403
folk_15::lowpass::lp8000,folk_15::lowpass::lp8000,perturbations/audio/folk_15__A.wav,perturbations/audio/folk_15__lowpass__lp8000.wav,,T,folk,0.9999999379186344,0.9999999756592798,0.0,8000.0,0.9999891677365371,1.0,lowpass,1.0,1.0,4.681131114130437,folk_15,1.0,1.0,0.9920330327604355,0.7874127974944559
folk_15::lowpass::lp4000,folk_15::lowpass::lp4000,perturbations/audio/folk_15__A.wav,perturbations/audio/folk_15__lowpass__lp4000.wav,,T,folk,0.9999769503598023,0.9999940928272845,0.0,4000.0,0.9999417285221354,1.0,lowpass,1.0,0.8895628492131631,9.787819602272734,folk_15,1.0,1.0,0.9601176610756519,0.03697446998286409
folk_15::lowpass::lp2000,folk_15::lowpass::lp2000,perturbations/audio/folk_15__A.wav,perturbations/audio/folk_15__lowpass__lp2000.wav,,T,folk,0.9993615518450275,0.9998996582130284,0.3333333333333333,2000.0,0.995474325028502,1.0,lowpass,1.0,0.7426467363643514,9.787819602272734,folk_15,1.0,1.0,0.9190320653567802,3.168310870006985e-05
folk_15::distortion::drv4,folk_15::distortion::drv4,perturbations/audio/folk_15__A.wav,perturbations/audio/folk_15__distortion__drv4.wav,,T,folk,0.9999002479638676,0.9999891005851201,0.0,4.0,0.9982217963251602,0.8461538461538461,distortion,1.0,1.0,4.681131114130437,folk_15,1.0,1.0,0.9971845764435485,0.938978733878169
folk_15::distortion::drv12,folk_15::distortion::drv12,perturbations/audio/folk_15__A.wav,perturbations/audio/folk_15__distortion__drv12.wav,,T,folk,0.9981832212745376,0.9995467030996692,0.0,12.0,0.9775533597720841,0.8461538461538461,distortion,1.0,0.8895628492131631,4.681131114130437,folk_15,1.0,1.0,0.9809706900236145,0.7426688024224102
folk_15::style_swap::swap_cross,folk_15::style_swap::swap_cross,perturbations/audio/folk_15__A.wav,perturbations/audio/folk_15__style_swap__swap_cross.wav,,S,folk,0.793378962499672,0.8894005362770518,0.6666666666666666,,0.3176713781194008,0.0,style_swap,0.26086956521739124,0.27672190644909445,8.28200120192308,folk_15,1.0,1.0,0.9226061825891431,0.2132504403031097
folk_15::distortion::drv32,folk_15::distortion::drv32,perturbations/audio/folk_15__A.wav,perturbations/audio/folk_15__distortion__drv32.wav,,T,folk,0.9921848946552712,0.997214433252307,0.0,32.0,0.8213705993387016,0.15384615384615385,distortion,1.0,0.8895628492131631,4.681131114130437,folk_15,1.0,1.0,0.9665162424328918,0.570273035784008
folk_15::style_swap::swap_same,folk_15::style_swap::swap_same,perturbations/audio/folk_15__A.wav,perturbations/audio/folk_15__style_swap__swap_same.wav,,S,folk,0.42709650809640115,0.6021121783089382,0.8333333333333334,,0.30697080555798206,0.0,style_swap,0.0,0.5293296949484161,24.846003605769226,folk_15,0.0,0.8429172510518934,0.9106775355264413,0.13906154749437363
jazz_01::control::ctrl,jazz_01::control::ctrl,perturbations/audio/jazz_01__A.wav,perturbations/audio/jazz_01__control__ctrl.wav,,control,jazz,1.0,0.9999999789938137,0.0,0.0,1.0,1.0,control,1.0,1.0,0.0,jazz_01,1.0,1.0,0.9999999998319007,1.0
jazz_01::pitch_shift::-4st,jazz_01::pitch_shift::-4st,perturbations/audio/jazz_01__A.wav,perturbations/audio/jazz_01__pitch_shift__-4st.wav,,H,jazz,0.9137785360020035,0.9725994539505936,0.6666666666666666,-4.0,0.7589681407829891,0.5,pitch_shift,1.0,0.9340446280844621,0.0,jazz_01,0.8894638515187915,0.9357301157350406,0.9945744513349539,0.6199441897588399
jazz_01::pitch_shift::-2st,jazz_01::pitch_shift::-2st,perturbations/audio/jazz_01__A.wav,perturbations/audio/jazz_01__pitch_shift__-2st.wav,,H,jazz,0.934368425047404,0.9875379614325878,0.3333333333333333,-2.0,0.820355918816105,0.5,pitch_shift,1.0,0.9340446280844621,0.0,jazz_01,0.8665390013066112,0.9208633093525179,0.9974464919437234,0.8050601886037968
jazz_01::pitch_shift::-1st,jazz_01::pitch_shift::-1st,perturbations/audio/jazz_01__A.wav,perturbations/audio/jazz_01__pitch_shift__-1st.wav,,H,jazz,0.9487485182463549,0.9933357721691606,0.8333333333333334,-1.0,0.8421287622620275,0.5454545454545454,pitch_shift,1.0,0.8942596346121162,0.0,jazz_01,0.2482595533003451,0.6584128272782626,0.9989895816680379,0.8906289396272802
jazz_01::pitch_shift::+1st,jazz_01::pitch_shift::+1st,perturbations/audio/jazz_01__A.wav,perturbations/audio/jazz_01__pitch_shift__+1st.wav,,H,jazz,0.9500471883221081,0.991235180200516,0.8333333333333334,1.0,0.8837058601140628,0.7272727272727273,pitch_shift,1.0,0.8942596346121162,0.0,jazz_01,0.29980599691425447,0.6908596053526878,0.9992789615397122,0.8885594955660505
jazz_01::pitch_shift::+4st,jazz_01::pitch_shift::+4st,perturbations/audio/jazz_01__A.wav,perturbations/audio/jazz_01__pitch_shift__+4st.wav,,H,jazz,0.9099888468044381,0.9774921993898195,0.6666666666666666,4.0,0.7769770788932007,0.2727272727272727,pitch_shift,1.0,0.8942596346121162,0.0,jazz_01,0.9331447111045313,0.9618063896228681,0.9935426111092899,0.6467162119283237
jazz_01::pitch_shift::+2st,jazz_01::pitch_shift::+2st,perturbations/audio/jazz_01__A.wav,perturbations/audio/jazz_01__pitch_shift__+2st.wav,,H,jazz,0.9345094207304304,0.9844203501498915,0.3333333333333333,2.0,0.8497642404870382,0.4090909090909091,pitch_shift,1.0,0.8942596346121162,0.0,jazz_01,0.9338886175386034,0.9610905992615735,0.9972474735448242,0.7949541932191051
jazz_01::time_stretch::-20pct,jazz_01::time_stretch::-20pct,perturbations/audio/jazz_01__A.wav,perturbations/audio/jazz_01__time_stretch__-20pct.wav,,R,jazz,0.982373139223997,0.9983195096455183,0.8333333333333334,-20.0,0.5972774056052004,0.18181818181818182,time_stretch,0.3846153846153846,0.34543041437849564,36.26644736842104,jazz_01,0.12767814526216315,0.6249023590064053,0.9988382929061268,0.8941839690400769
jazz_01::time_stretch::-10pct,jazz_01::time_stretch::-10pct,perturbations/audio/jazz_01__A.wav,perturbations/audio/jazz_01__time_stretch__-10pct.wav,,R,jazz,0.9879961889516725,0.9986588549360559,0.0,-10.0,0.6363226472862575,0.5909090909090909,time_stretch,0.5,0.40459782887507756,20.266544117647072,jazz_01,0.29448094644733147,0.6876384581302615,0.9985107855345499,0.8758615073736871
jazz_01::time_stretch::+5pct,jazz_01::time_stretch::+5pct,perturbations/audio/jazz_01__A.wav,perturbations/audio/jazz_01__time_stretch__+5pct.wav,,R,jazz,0.9935363063935474,0.9991105436786571,0.0,5.0,0.7215519924199438,0.45454545454545453,time_stretch,0.36363636363636365,0.3205434262133033,12.3046875,jazz_01,0.24204237656066138,0.6600902859053671,0.9997870410109283,0.9456535650755543
jazz_01::time_stretch::-5pct,jazz_01::time_stretch::-5pct,perturbations/audio/jazz_01__A.wav,perturbations/audio/jazz_01__time_stretch__-5pct.wav,,R,jazz,0.9914131990484792,0.9989129254738169,0.0,-5.0,0.7227607070712261,0.4090909090909091,time_stretch,0.7142857142857142,0.3667355151150533,10.7666015625,jazz_01,0.9177300702335567,0.9526123936816526,0.9996211194163226,0.9183248535974303
jazz_01::time_stretch::+10pct,jazz_01::time_stretch::+10pct,perturbations/audio/jazz_01__A.wav,perturbations/audio/jazz_01__time_stretch__+10pct.wav,,R,jazz,0.9872083293709224,0.9990770279248131,0.0,10.0,0.6653809723875191,0.5,time_stretch,0.27272727272727276,0.3454304143784957,19.140625,jazz_01,0.2502548318247611,0.666556673816202,0.9989842349175907,0.8805185686404668
jazz_01::time_stretch::+20pct,jazz_01::time_stretch::+20pct,perturbations/audio/jazz_01__A.wav,perturbations/audio/jazz_01__time_stretch__+20pct.wav,,R,jazz,0.9838673437917453,0.9984494206523102,0.8333333333333334,20.0,0.6090506822760569,0.18181818181818182,time_stretch,0.3478260869565218,0.4294848170402701,34.453125,jazz_01,0.21787669923234618,0.6550545336154973,0.9993553794774999,0.9204013057057466
jazz_01::lowpass::lp8000,jazz_01::lowpass::lp8000,perturbations/audio/jazz_01__A.wav,perturbations/audio/jazz_01__lowpass__lp8000.wav,,T,jazz,0.9968348610806161,0.9996869257055327,0.0,8000.0,0.9973877877218489,0.8181818181818182,lowpass,1.0,0.9340446280844621,0.0,jazz_01,1.0,1.0,0.9749116799208553,0.3243744751464063
jazz_01::lowpass::lp4000,jazz_01::lowpass::lp4000,perturbations/audio/jazz_01__A.wav,perturbations/audio/jazz_01__lowpass__lp4000.wav,,T,jazz,0.9996918568032618,0.9999688454115377,0.0,4000.0,0.9998850919893459,1.0,lowpass,1.0,0.8652503803481372,0.0,jazz_01,0.8270394849218734,0.9009877138039027,0.9479433187098142,0.1032133636979371
jazz_01::lowpass::lp2000,jazz_01::lowpass::lp2000,perturbations/audio/jazz_01__A.wav,perturbations/audio/jazz_01__lowpass__lp2000.wav,,T,jazz,0.999429423094596,0.9999348656399171,0.0,2000.0,0.9989362999896997,0.9545454545454546,lowpass,1.0,0.8187697303511506,0.0,jazz_01,1.0,1.0,0.9169710318683395,0.00011788314991891833
jazz_01::distortion::drv4,jazz_01::distortion::drv4,perturbations/audio/jazz_01__A.wav,perturbations/audio/jazz_01__distortion__drv4.wav,,T,jazz,0.9962337305670915,0.9996125015511313,0.0,4.0,0.9409879326841261,0.6818181818181818,distortion,1.0,0.8693726464469237,0.0,jazz_01,0.9331447111045313,0.9618063896228681,0.9999134624279582,0.9834856700903651
jazz_01::distortion::drv32,jazz_01::distortion::drv32,perturbations/audio/jazz_01__A.wav,perturbations/audio/jazz_01__distortion__drv32.wav,,T,jazz,0.9941044970998432,0.9996376606778484,0.0,32.0,0.8623353420927451,0.45454545454545453,distortion,0.25,0.32993686437950015,54.811789772727266,jazz_01,0.15659512871477688,0.6342467923332805,0.99865462016092,0.6361516740704247
jazz_01::style_swap::swap_cross,jazz_01::style_swap::swap_cross,perturbations/audio/jazz_01__A.wav,perturbations/audio/jazz_01__style_swap__swap_cross.wav,,S,jazz,0.8464402129810653,0.9722779764290749,0.5,,0.29971660119915267,0.0,style_swap,0.1739130434782609,0.3454304143784957,26.50240384615384,jazz_01,0.2220387303362894,0.6424474187380498,0.9272347104652519,0.30069441607012487
jazz_01::distortion::drv12,jazz_01::distortion::drv12,perturbations/audio/jazz_01__A.wav,perturbations/audio/jazz_01__distortion__drv12.wav,,T,jazz,0.9930792485857017,0.9994052135582947,0.0,12.0,0.9220464087580592,0.6818181818181818,distortion,1.0,0.8034584500117545,0.0,jazz_01,0.8270394849218734,0.9009877138039027,0.9992914375026013,0.8486925661535687
jazz_01::style_swap::swap_same,jazz_01::style_swap::swap_same,perturbations/audio/jazz_01__A.wav,perturbations/audio/jazz_01__style_swap__swap_same.wav,,S,jazz,0.816221699149671,0.931277826048006,0.6666666666666666,,0.2856480848522672,0.0,style_swap,0.27272727272727276,0.2956564380481107,12.3046875,jazz_01,0.139559470129861,0.6632227962006332,0.9328501090183525,0.2114423898475895
jazz_02::control::ctrl,jazz_02::control::ctrl,perturbations/audio/jazz_02__A.wav,perturbations/audio/jazz_02__control__ctrl.wav,,control,jazz,0.9999999999644799,0.9999999784273426,0.0,0.0,0.9999999986770228,1.0,control,1.0,1.0,0.0,jazz_02,1.0,1.0,0.9999999997946015,0.9999999495661426
jazz_02::pitch_shift::-4st,jazz_02::pitch_shift::-4st,perturbations/audio/jazz_02__A.wav,perturbations/audio/jazz_02__pitch_shift__-4st.wav,,H,jazz,0.8997994972057839,0.9702219282072585,0.6666666666666666,-4.0,0.8232001473948436,0.45,pitch_shift,1.0,0.9060656183380302,0.0,jazz_02,1.0,1.0,0.9896651276488526,0.5170796102212847
jazz_02::pitch_shift::-2st,jazz_02::pitch_shift::-2st,perturbations/audio/jazz_02__A.wav,perturbations/audio/jazz_02__pitch_shift__-2st.wav,,H,jazz,0.9042335407092493,0.9789151386995513,0.3333333333333333,-2.0,0.8980086769502471,0.6,pitch_shift,1.0,0.9060656183380302,0.0,jazz_02,1.0,1.0,0.997024702950889,0.766094101837483
jazz_02::pitch_shift::-1st,jazz_02::pitch_shift::-1st,perturbations/audio/jazz_02__A.wav,perturbations/audio/jazz_02__pitch_shift__-1st.wav,,H,jazz,0.9037464877087946,0.9784432207337226,0.6666666666666666,-1.0,0.879713645400648,0.3,pitch_shift,1.0,1.0,0.0,jazz_02,1.0,1.0,0.9993872767221074,0.9138633412497744
jazz_02::pitch_shift::+1st,jazz_02::pitch_shift::+1st,perturbations/audio/jazz_02__A.wav,perturbations/audio/jazz_02__pitch_shift__+1st.wav,,H,jazz,0.9001787974609415,0.975346796539938,0.8333333333333334,1.0,0.899560727651128,0.8,pitch_shift,1.0,0.9060656183380302,0.0,jazz_02,1.0,1.0,0.99916497748157,0.8814477304117324
jazz_02::pitch_shift::+2st,jazz_02::pitch_shift::+2st,perturbations/audio/jazz_02__A.wav,perturbations/audio/jazz_02__pitch_shift__+2st.wav,,H,jazz,0.9118062085770717,0.9810308026669529,0.3333333333333333,2.0,0.8774136628594034,0.85,pitch_shift,1.0,0.9060656183380302,0.0,jazz_02,1.0,1.0,0.9976371715985177,0.7871834016830396
jazz_02::pitch_shift::+4st,jazz_02::pitch_shift::+4st,perturbations/audio/jazz_02__A.wav,perturbations/audio/jazz_02__pitch_shift__+4st.wav,,H,jazz,0.9147868982584778,0.9708591434093206,0.6666666666666666,4.0,0.8415607329835915,0.6,pitch_shift,1.0,1.0,0.0,jazz_02,1.0,1.0,0.9941924163743249,0.6534323042173863
jazz_02::time_stretch::-20pct,jazz_02::time_stretch::-20pct,perturbations/audio/jazz_02__A.wav,perturbations/audio/jazz_02__time_stretch__-20pct.wav,,R,jazz,0.9732052172793184,0.9980868620096731,0.16666666666666666,-20.0,0.6558709044557907,0.45,time_stretch,0.3636363636363637,0.36673551511505326,18.63450270432692,jazz_02,0.25187222986397684,0.6704637917005695,0.9984749781485339,0.8737861333058133
jazz_02::time_stretch::-10pct,jazz_02::time_stretch::-10pct,perturbations/audio/jazz_02__A.wav,perturbations/audio/jazz_02__time_stretch__-10pct.wav,,R,jazz,0.9854822866339691,0.9986748562968921,0.0,-10.0,0.7571383440455659,0.6,time_stretch,0.4166666666666667,0.3205434262133032,7.09885817307692,jazz_02,1.0,1.0,0.9989164223877255,0.9029417654179064
jazz_02::time_stretch::+5pct,jazz_02::time_stretch::+5pct,perturbations/audio/jazz_02__A.wav,perturbations/audio/jazz_02__time_stretch__+5pct.wav,,R,jazz,0.9799939338165773,0.9987562706633522,0.0,5.0,0.7645706636391095,0.35,time_stretch,0.0,0.4083258550341814,3.97536057692308,jazz_02,1.0,1.0,0.9998188615156809,0.9617078781308867
jazz_02::time_stretch::-5pct,jazz_02::time_stretch::-5pct,perturbations/audio/jazz_02__A.wav,perturbations/audio/jazz_02__time_stretch__-5pct.wav,,R,jazz,0.9826443710384596,0.9989045742535947,0.0,-5.0,0.7761211183202819,0.7,time_stretch,0.25,0.40832585503418134,7.09885817307692,jazz_02,0.2308156006992585,0.6695226438188495,0.9997429185306862,0.9466053528852385
jazz_02::time_stretch::+10pct,jazz_02::time_stretch::+10pct,perturbations/audio/jazz_02__A.wav,perturbations/audio/jazz_02__time_stretch__+10pct.wav,,R,jazz,0.9758648506694513,0.9994668903195014,0.0,10.0,0.715786700313725,0.25,time_stretch,0.2222222222222222,0.4083258550341814,8.28200120192308,jazz_02,1.0,1.0,0.9995527893029026,0.9468820073822029
jazz_02::lowpass::lp8000,jazz_02::lowpass::lp8000,perturbations/audio/jazz_02__A.wav,perturbations/audio/jazz_02__lowpass__lp8000.wav,,T,jazz,0.9999999691964362,0.9999999780807093,0.0,8000.0,0.9978914437626625,1.0,lowpass,1.0,1.0,0.0,jazz_02,1.0,1.0,0.9610312705628655,0.3888847255694585
jazz_02::time_stretch::+20pct,jazz_02::time_stretch::+20pct,perturbations/audio/jazz_02__A.wav,perturbations/audio/jazz_02__time_stretch__+20pct.wav,,R,jazz,0.9821497573230722,0.9981967795344239,0.0,20.0,0.664506534576039,0.25,time_stretch,0.25,0.4912824822514895,3.68088942307692,jazz_02,1.0,1.0,0.9992567494436647,0.917977652792492
jazz_02::lowpass::lp4000,jazz_02::lowpass::lp4000,perturbations/audio/jazz_02__A.wav,perturbations/audio/jazz_02__lowpass__lp4000.wav,,T,jazz,0.9998845622521275,0.9999925657888458,0.0,4000.0,0.9943651512320905,1.0,lowpass,0.8,0.6905783228840422,0.0,jazz_02,1.0,1.0,0.8922061807427426,0.08590260748227481
jazz_02::lowpass::lp2000,jazz_02::lowpass::lp2000,perturbations/audio/jazz_02__A.wav,perturbations/audio/jazz_02__lowpass__lp2000.wav,,T,jazz,0.9999030102016027,0.9999936624246732,0.0,2000.0,0.9997668668306078,1.0,lowpass,0.3636363636363636,0.6313731533544468,10.572767491816691,jazz_02,1.0,1.0,0.8993448497748642,0.0002710387371718326
jazz_02::distortion::drv4,jazz_02::distortion::drv4,perturbations/audio/jazz_02__A.wav,perturbations/audio/jazz_02__distortion__drv4.wav,,T,jazz,0.995451740078711,0.9991139490164143,0.0,4.0,0.9603690852081311,1.0,distortion,1.0,0.9060656183380302,0.0,jazz_02,1.0,1.0,0.9933943687847904,0.8373193502636148
jazz_02::distortion::drv12,jazz_02::distortion::drv12,perturbations/audio/jazz_02__A.wav,perturbations/audio/jazz_02__distortion__drv12.wav,,T,jazz,0.9920202124655513,0.9976680112260214,0.0,12.0,0.8903146158595173,1.0,distortion,1.0,0.9060656183380302,0.0,jazz_02,0.7607237571901883,0.9327803203661328,0.9731307127292397,0.6011868937623668
jazz_02::distortion::drv32,jazz_02::distortion::drv32,perturbations/audio/jazz_02__A.wav,perturbations/audio/jazz_02__distortion__drv32.wav,,T,jazz,0.9899543578412491,0.9967560472940838,0.0,32.0,0.8447050260586075,0.8,distortion,0.5555555555555556,0.5742391094687977,0.0,jazz_02,1.0,1.0,0.9603113659991273,0.4532762585820936
jazz_02::style_swap::swap_cross,jazz_02::style_swap::swap_cross,perturbations/audio/jazz_02__A.wav,perturbations/audio/jazz_02__style_swap__swap_cross.wav,,S,jazz,0.8185822671632802,0.9072672806265187,0.5,,0.30416832734170784,0.0,style_swap,0.35294117647058826,0.4498041686428355,0.0,jazz_02,1.0,1.0,0.8188258271962932,0.23816005125526102
jazz_03::control::ctrl,jazz_03::control::ctrl,perturbations/audio/jazz_03__A.wav,perturbations/audio/jazz_03__control__ctrl.wav,,control,jazz,1.0,0.999999978665007,0.0,0.0,1.0,1.0,control,1.0,1.0,0.0,jazz_03,1.0,1.0,0.9999999998205259,1.0
jazz_03::pitch_shift::-4st,jazz_03::pitch_shift::-4st,perturbations/audio/jazz_03__A.wav,perturbations/audio/jazz_03__pitch_shift__-4st.wav,,H,jazz,0.9116186654061362,0.9658277942722537,0.6666666666666666,-4.0,0.7741218499344409,0.2727272727272727,pitch_shift,1.0,1.0,0.0,jazz_03,1.0,1.0,0.9990393284199505,0.6278978581436732
jazz_02::style_swap::swap_same,jazz_02::style_swap::swap_same,perturbations/audio/jazz_02__A.wav,perturbations/audio/jazz_02__style_swap__swap_same.wav,,S,jazz,0.8477510726370754,0.9259234245810694,0.6666666666666666,,0.3094978382975765,0.0,style_swap,0.375,0.4498041686428355,7.09885817307692,jazz_02,0.8712726880980842,0.9870761745476662,0.9265006747709692,0.27930718596060494
jazz_03::pitch_shift::-2st,jazz_03::pitch_shift::-2st,perturbations/audio/jazz_03__A.wav,perturbations/audio/jazz_03__pitch_shift__-2st.wav,,H,jazz,0.8764717968477362,0.9291712815142567,0.3333333333333333,-2.0,0.8683539969299554,0.6363636363636364,pitch_shift,1.0,1.0,0.0,jazz_03,1.0,1.0,0.9996578168904829,0.884962118656387
jazz_03::pitch_shift::-1st,jazz_03::pitch_shift::-1st,perturbations/audio/jazz_03__A.wav,perturbations/audio/jazz_03__pitch_shift__-1st.wav,,H,jazz,0.8890659581396173,0.9495556896985095,0.8333333333333334,-1.0,0.8967686658329821,0.7272727272727273,pitch_shift,1.0,1.0,0.0,jazz_03,1.0,1.0,0.9998842053975039,0.9537453017283491
jazz_03::pitch_shift::+1st,jazz_03::pitch_shift::+1st,perturbations/audio/jazz_03__A.wav,perturbations/audio/jazz_03__pitch_shift__+1st.wav,,H,jazz,0.8993377044393468,0.9532505959527453,0.8333333333333334,1.0,0.9169403384080289,0.5,pitch_shift,1.0,0.8573593861804992,0.0,jazz_03,1.0,1.0,0.9997551607995467,0.9478401044754047
jazz_03::pitch_shift::+2st,jazz_03::pitch_shift::+2st,perturbations/audio/jazz_03__A.wav,perturbations/audio/jazz_03__pitch_shift__+2st.wav,,H,jazz,0.870810569913676,0.9302141077838687,0.3333333333333333,2.0,0.8929453694803893,0.6363636363636364,pitch_shift,0.9473684210526316,0.8355049286556546,0.0,jazz_03,1.0,1.0,0.9987325275292447,0.8524534380453991
jazz_03::pitch_shift::+4st,jazz_03::pitch_shift::+4st,perturbations/audio/jazz_03__A.wav,perturbations/audio/jazz_03__pitch_shift__+4st.wav,,H,jazz,0.8941695344770145,0.9599137799792179,0.6666666666666666,4.0,0.8260868020172846,0.6818181818181818,pitch_shift,0.9473684210526316,0.8150132637100045,0.0,jazz_03,1.0,1.0,0.99643153210358,0.6969182423293734
jazz_03::time_stretch::-20pct,jazz_03::time_stretch::-20pct,perturbations/audio/jazz_03__A.wav,perturbations/audio/jazz_03__time_stretch__-20pct.wav,,R,jazz,0.9734343086259482,0.9980223264806356,0.0,-20.0,0.641922356477352,0.5454545454545454,time_stretch,0.25,0.4498041686428355,23.244237256371818,jazz_03,0.7687647079484388,0.9501443190763579,0.9994235906840415,0.9165161067292645
jazz_03::time_stretch::-10pct,jazz_03::time_stretch::-10pct,perturbations/audio/jazz_03__A.wav,perturbations/audio/jazz_03__time_stretch__-10pct.wav,,R,jazz,0.9898745096851173,0.9991681669048547,0.0,-10.0,0.7263485017924596,0.4090909090909091,time_stretch,0.23529411764705882,0.4083258550341814,12.963132316053517,jazz_03,0.7067260940032415,0.9389768891197092,0.999806575880016,0.9551649132340203
jazz_03::time_stretch::-5pct,jazz_03::time_stretch::-5pct,perturbations/audio/jazz_03__A.wav,perturbations/audio/jazz_03__time_stretch__-5pct.wav,,R,jazz,0.9918357590787844,0.9993604277235737,0.0,-5.0,0.7662208452668919,0.45454545454545453,time_stretch,0.0,0.4498041686428354,4.681131114130437,jazz_03,1.0,1.0,0.9999470978577698,0.9773083833132964
jazz_03::time_stretch::+5pct,jazz_03::time_stretch::+5pct,perturbations/audio/jazz_03__A.wav,perturbations/audio/jazz_03__time_stretch__+5pct.wav,,R,jazz,0.9909679326767673,0.9998784025914966,0.0,5.0,0.7394264510035232,0.5454545454545454,time_stretch,0.11764705882352941,0.4400427662831699,5.1066884881422965,jazz_03,1.0,1.0,0.9999456060244878,0.9757354738129573
jazz_03::time_stretch::+10pct,jazz_03::time_stretch::+10pct,perturbations/audio/jazz_03__A.wav,perturbations/audio/jazz_03__time_stretch__+10pct.wav,,R,jazz,0.9845646712882586,0.9994775507774641,0.0,10.0,0.7471886871555604,0.8181818181818182,time_stretch,0.35294117647058826,0.4083258550341814,10.699728260869563,jazz_03,1.0,1.0,0.9998247012332079,0.9603588945377894
jazz_03::time_stretch::+20pct,jazz_03::time_stretch::+20pct,perturbations/audio/jazz_03__A.wav,perturbations/audio/jazz_03__time_stretch__+20pct.wav,,R,jazz,0.9770661803999696,0.9984709545110947,0.0,20.0,0.6358673587306911,0.2727272727272727,time_stretch,0.39999999999999997,0.4560991529954404,23.652030892448522,jazz_03,1.0,1.0,0.9994906882577463,0.9309894628090769
jazz_03::lowpass::lp8000,jazz_03::lowpass::lp8000,perturbations/audio/jazz_03__A.wav,perturbations/audio/jazz_03__lowpass__lp8000.wav,,T,jazz,0.9999999726068124,0.9999999785088232,0.0,8000.0,0.9999959614914347,1.0,lowpass,1.0,1.0,0.0,jazz_03,1.0,1.0,0.9577566867918738,0.1714508925295577
jazz_03::lowpass::lp4000,jazz_03::lowpass::lp4000,perturbations/audio/jazz_03__A.wav,perturbations/audio/jazz_03__lowpass__lp4000.wav,,T,jazz,0.9999882985675024,0.9999963470444553,0.0,4000.0,0.9999733926276895,1.0,lowpass,1.0,1.0,0.0,jazz_03,1.0,1.0,0.8984002476894091,0.09144206012682736
jazz_03::lowpass::lp2000,jazz_03::lowpass::lp2000,perturbations/audio/jazz_03__A.wav,perturbations/audio/jazz_03__lowpass__lp2000.wav,,T,jazz,0.999986305972402,0.9999962771572141,0.0,2000.0,0.9995235183441502,1.0,lowpass,1.0,0.9060656183380302,0.0,jazz_03,1.0,1.0,0.9287408315968237,0.00022396515697797016
jazz_03::distortion::drv4,jazz_03::distortion::drv4,perturbations/audio/jazz_03__A.wav,perturbations/audio/jazz_03__distortion__drv4.wav,,T,jazz,0.9976361571368473,0.998730603201175,0.0,4.0,0.9616936508896927,0.6363636363636364,distortion,1.0,1.0,0.0,jazz_03,1.0,1.0,0.99539874076397,0.8480941413835179
jazz_03::distortion::drv12,jazz_03::distortion::drv12,perturbations/audio/jazz_03__A.wav,perturbations/audio/jazz_03__distortion__drv12.wav,,T,jazz,0.9945243165719675,0.9974995236372307,0.0,12.0,0.8878159219143479,0.5,distortion,1.0,0.9060656183380302,0.0,jazz_03,1.0,1.0,0.9755705929532609,0.5609723476802334
jazz_03::distortion::drv32,jazz_03::distortion::drv32,perturbations/audio/jazz_03__A.wav,perturbations/audio/jazz_03__distortion__drv32.wav,,T,jazz,0.9930030731208026,0.9972743322074973,0.0,32.0,0.8392924420633965,0.5,distortion,0.9473684210526316,0.9060656183380302,0.0,jazz_03,0.841117971059842,0.987981093855503,0.9646209123827127,0.44697787774779135
jazz_03::style_swap::swap_cross,jazz_03::style_swap::swap_cross,perturbations/audio/jazz_03__A.wav,perturbations/audio/jazz_03__style_swap__swap_cross.wav,,S,jazz,0.8355240404023363,0.8060705715971597,0.3333333333333333,,0.2709738027014045,0.09090909090909091,style_swap,0.0,0.5327607958601436,0.0,jazz_03,1.0,1.0,0.9220817424002637,0.20393378112502594
jazz_03::style_swap::swap_same,jazz_03::style_swap::swap_same,perturbations/audio/jazz_03__A.wav,perturbations/audio/jazz_03__style_swap__swap_same.wav,,S,jazz,0.7770870294670279,0.9479819072884554,1.0,,0.2949462996242932,0.0,style_swap,0.2222222222222222,0.4498041686428355,36.34760629795397,jazz_03,0.872124831162588,0.9877088799889518,0.28065043218856167,0.12489872589977156
jazz_04::control::ctrl,jazz_04::control::ctrl,perturbations/audio/jazz_04__A.wav,perturbations/audio/jazz_04__control__ctrl.wav,,control,jazz,1.0,0.9999999762556201,0.0,0.0,1.0,1.0,control,1.0,1.0,0.0,jazz_04,1.0,1.0,0.9999999998757488,1.0
jazz_04::pitch_shift::-4st,jazz_04::pitch_shift::-4st,perturbations/audio/jazz_04__A.wav,perturbations/audio/jazz_04__pitch_shift__-4st.wav,,H,jazz,0.7397607635798195,0.823390849665503,0.6666666666666666,-4.0,0.8261651174227977,0.0,pitch_shift,1.0,0.8485729818842953,0.0,jazz_04,1.0,1.0,0.9912506260545528,0.475935527553814
jazz_04::pitch_shift::-2st,jazz_04::pitch_shift::-2st,perturbations/audio/jazz_04__A.wav,perturbations/audio/jazz_04__pitch_shift__-2st.wav,,H,jazz,0.7187035629997478,0.863263351786714,0.3333333333333333,-2.0,0.8471039915514996,0.375,pitch_shift,1.0,1.0,0.0,jazz_04,1.0,1.0,0.996653775240431,0.7438593481563343
jazz_04::pitch_shift::-1st,jazz_04::pitch_shift::-1st,perturbations/audio/jazz_04__A.wav,perturbations/audio/jazz_04__pitch_shift__-1st.wav,,H,jazz,0.6929032167735355,0.8233654384174616,0.8333333333333334,-1.0,0.8417974098762331,0.125,pitch_shift,1.0,1.0,0.0,jazz_04,1.0,1.0,0.9985268695356986,0.8941797127323335
jazz_04::pitch_shift::+1st,jazz_04::pitch_shift::+1st,perturbations/audio/jazz_04__A.wav,perturbations/audio/jazz_04__pitch_shift__+1st.wav,,H,jazz,0.6875341971247091,0.8282454721150424,0.8333333333333334,1.0,0.8344367987737644,0.625,pitch_shift,1.0,1.0,0.0,jazz_04,1.0,1.0,0.9995358089405446,0.9238877269133452
jazz_04::pitch_shift::+2st,jazz_04::pitch_shift::+2st,perturbations/audio/jazz_04__A.wav,perturbations/audio/jazz_04__pitch_shift__+2st.wav,,H,jazz,0.7083981291252498,0.8689506878073078,0.3333333333333333,2.0,0.8428017768755318,0.625,pitch_shift,1.0,1.0,0.0,jazz_04,1.0,1.0,0.9978989515313095,0.8160214406643603
jazz_04::pitch_shift::+4st,jazz_04::pitch_shift::+4st,perturbations/audio/jazz_04__A.wav,perturbations/audio/jazz_04__pitch_shift__+4st.wav,,H,jazz,0.6858537779771238,0.8260038593563606,0.6666666666666666,4.0,0.7763186708996657,0.375,pitch_shift,1.0,0.8700503029135271,0.0,jazz_04,1.0,1.0,0.9924679238561882,0.611124337207324
jazz_04::time_stretch::-20pct,jazz_04::time_stretch::-20pct,perturbations/audio/jazz_04__A.wav,perturbations/audio/jazz_04__time_stretch__-20pct.wav,,R,jazz,0.9529089667287461,0.9846219772502388,0.0,-20.0,0.5766482033262773,0.5,time_stretch,0.3703703703703703,0.40218601175424373,37.26900540865384,jazz_04,0.8666423501024101,0.9755174154467441,0.9993856250649809,0.9186716843582027
jazz_04::time_stretch::-10pct,jazz_04::time_stretch::-10pct,perturbations/audio/jazz_04__A.wav,perturbations/audio/jazz_04__time_stretch__-10pct.wav,,R,jazz,0.9625647552507035,0.9894248625071663,0.0,-10.0,0.6475887670295917,0.5,time_stretch,0.6206896551724138,0.30005345785396237,14.19771634615384,jazz_04,0.24009618151177603,0.6593843098311817,0.9994896121419528,0.9525601002159061
jazz_04::time_stretch::-5pct,jazz_04::time_stretch::-5pct,perturbations/audio/jazz_04__A.wav,perturbations/audio/jazz_04__time_stretch__-5pct.wav,,R,jazz,0.966394175553207,0.9861484947926523,0.0,-5.0,0.6737374452953115,0.5,time_stretch,0.5217391304347825,0.27672190644909445,7.36177884615384,jazz_04,0.2511845989729341,0.6676557863501483,0.9996433220595455,0.9656070654420185
jazz_04::time_stretch::+5pct,jazz_04::time_stretch::+5pct,perturbations/audio/jazz_04__A.wav,perturbations/audio/jazz_04__time_stretch__+5pct.wav,,R,jazz,0.9721847654245906,0.9863377132766459,0.0,5.0,0.687401825331974,0.5,time_stretch,0.34782608695652173,0.27672190644909445,59.093197765072745,jazz_04,0.9243174934306863,0.9879960803527683,0.9998455490245246,0.9761002605397301
jazz_04::time_stretch::+20pct,jazz_04::time_stretch::+20pct,perturbations/audio/jazz_04__A.wav,perturbations/audio/jazz_04__time_stretch__+20pct.wav,,R,jazz,0.951857163790711,0.9780782297622703,0.0,20.0,0.5943166892549179,0.5,time_stretch,0.36363636363636365,0.27672190644909445,78.58270907871199,jazz_04,0.8434139080483868,0.9764791464597479,0.9995902623645757,0.9351344648021112
jazz_04::time_stretch::+10pct,jazz_04::time_stretch::+10pct,perturbations/audio/jazz_04__A.wav,perturbations/audio/jazz_04__time_stretch__+10pct.wav,,R,jazz,0.9602284898074189,0.9820326659745575,0.0,10.0,0.6609500957380442,0.625,time_stretch,0.2857142857142857,0.2533903550442265,51.11177884615384,jazz_04,0.10831704498092265,0.6598738476467735,0.9997901668928799,0.9636056971192842
jazz_04::lowpass::lp8000,jazz_04::lowpass::lp8000,perturbations/audio/jazz_04__A.wav,perturbations/audio/jazz_04__lowpass__lp8000.wav,,T,jazz,0.9999999503720284,0.9999999755308723,0.0,8000.0,0.9999844304767076,1.0,lowpass,1.0,1.0,0.0,jazz_04,1.0,1.0,0.995994700561088,0.7780128615561591
jazz_04::lowpass::lp4000,jazz_04::lowpass::lp4000,perturbations/audio/jazz_04__A.wav,perturbations/audio/jazz_04__lowpass__lp4000.wav,,T,jazz,0.999966828539296,0.9999927667003677,0.0,4000.0,0.9996423742881767,1.0,lowpass,1.0,1.0,0.0,jazz_04,1.0,1.0,0.9892910300606934,0.013831754273982682
jazz_04::lowpass::lp2000,jazz_04::lowpass::lp2000,perturbations/audio/jazz_04__A.wav,perturbations/audio/jazz_04__lowpass__lp2000.wav,,T,jazz,0.9999540158308198,0.9999837099096706,0.0,2000.0,0.9990178422198274,1.0,lowpass,0.967741935483871,0.7626187817675775,0.0,jazz_04,0.2239947199254514,0.6445149440641176,0.9800920278917887,5.229231194703702e-05
jazz_04::distortion::drv4,jazz_04::distortion::drv4,perturbations/audio/jazz_04__A.wav,perturbations/audio/jazz_04__distortion__drv4.wav,,T,jazz,0.998966441623739,0.9997375397090112,0.0,4.0,0.985345251393497,1.0,distortion,1.0,0.8752108346081738,0.0,jazz_04,1.0,1.0,0.9893711211403077,0.7739037823347624
jazz_04::distortion::drv12,jazz_04::distortion::drv12,perturbations/audio/jazz_04__A.wav,perturbations/audio/jazz_04__distortion__drv12.wav,,T,jazz,0.9937007170525131,0.9972735778379477,0.0,12.0,0.9123713867050393,0.5,distortion,1.0,0.8985423860130417,0.0,jazz_04,1.0,1.0,0.9521245914027329,0.49100205692879306
jazz_04::style_swap::swap_cross,jazz_04::style_swap::swap_cross,perturbations/audio/jazz_04__A.wav,perturbations/audio/jazz_04__style_swap__swap_cross.wav,,S,jazz,0.8185432348658113,0.9096280343731553,0.16666666666666666,,0.23969592726794908,0.125,style_swap,0.42857142857142855,0.3467165606636982,55.21334134615384,jazz_04,0.8666423501024101,0.9755174154467441,0.7123473774473288,0.11442048242504586
jazz_04::distortion::drv32,jazz_04::distortion::drv32,perturbations/audio/jazz_04__A.wav,perturbations/audio/jazz_04__distortion__drv32.wav,,T,jazz,0.9845999637782766,0.992091261419978,0.0,32.0,0.834985389649078,0.25,distortion,0.967741935483871,0.7626187817675775,0.0,jazz_04,0.23682821330212347,0.655378486055777,0.9305812307795128,0.32285639295991697
jazz_04::style_swap::swap_same,jazz_04::style_swap::swap_same,perturbations/audio/jazz_04__A.wav,perturbations/audio/jazz_04__style_swap__swap_same.wav,,S,jazz,0.8230449563517055,0.8892371405869851,0.16666666666666666,,0.2596404700376096,0.0,style_swap,0.32,0.3233850092588303,7.95072115384616,jazz_04,1.0,1.0,0.9715158379996995,0.34006587963385
jazz_05::control::ctrl,jazz_05::control::ctrl,perturbations/audio/jazz_05__A.wav,perturbations/audio/jazz_05__control__ctrl.wav,,control,jazz,1.0,0.9999999719304912,0.0,0.0,1.0,1.0,control,1.0,1.0,0.0,jazz_05,1.0,1.0,0.9999999997717215,1.0
jazz_05::pitch_shift::-4st,jazz_05::pitch_shift::-4st,perturbations/audio/jazz_05__A.wav,perturbations/audio/jazz_05__pitch_shift__-4st.wav,,H,jazz,0.6620197076089078,0.9257857046302936,0.3333333333333333,-4.0,0.7914305743517229,0.3333333333333333,pitch_shift,1.0,0.8158810725718452,0.0,jazz_05,1.0,1.0,0.9832439270555179,0.4790687890436984
jazz_05::pitch_shift::-2st,jazz_05::pitch_shift::-2st,perturbations/audio/jazz_05__A.wav,perturbations/audio/jazz_05__pitch_shift__-2st.wav,,H,jazz,0.7214325105712265,0.9504300429711302,0.0,-2.0,0.8513189591511345,0.26666666666666666,pitch_shift,1.0,0.7714638244574039,0.0,jazz_05,1.0,1.0,0.9957085754229859,0.7550411595914379
jazz_05::pitch_shift::-1st,jazz_05::pitch_shift::-1st,perturbations/audio/jazz_05__A.wav,perturbations/audio/jazz_05__pitch_shift__-1st.wav,,H,jazz,0.7473750998941131,0.960616384899612,0.6666666666666666,-1.0,0.8277579686457902,0.13333333333333333,pitch_shift,1.0,0.9060656183380302,0.0,jazz_05,1.0,1.0,0.9977936938246735,0.8659835861284098
jazz_05::pitch_shift::+1st,jazz_05::pitch_shift::+1st,perturbations/audio/jazz_05__A.wav,perturbations/audio/jazz_05__pitch_shift__+1st.wav,,H,jazz,0.7976419630115261,0.969210343612063,0.8333333333333334,1.0,0.880671511217795,0.6666666666666666,pitch_shift,1.0,0.7714638244574039,0.0,jazz_05,0.134560179053159,0.6649746192893401,0.9940196074053329,0.8941029501402518
jazz_05::pitch_shift::+2st,jazz_05::pitch_shift::+2st,perturbations/audio/jazz_05__A.wav,perturbations/audio/jazz_05__pitch_shift__+2st.wav,,H,jazz,0.7104843836709027,0.9563232110247731,0.0,2.0,0.8146460833143404,0.3333333333333333,pitch_shift,0.6153846153846153,0.5742391094687977,0.0,jazz_05,1.0,1.0,0.9861382580116417,0.711494019818583
jazz_05::pitch_shift::+4st,jazz_05::pitch_shift::+4st,perturbations/audio/jazz_05__A.wav,perturbations/audio/jazz_05__pitch_shift__+4st.wav,,H,jazz,0.6498316456701426,0.9237469338856152,1.0,4.0,0.8238680158483292,0.6666666666666666,pitch_shift,0.0,0.0,0.0,jazz_05,1.0,1.0,0.9674903426226237,0.5466888076350725
jazz_05::time_stretch::-20pct,jazz_05::time_stretch::-20pct,perturbations/audio/jazz_05__A.wav,perturbations/audio/jazz_05__time_stretch__-20pct.wav,,R,jazz,0.8815380435977758,0.9914055966809577,0.0,-20.0,0.5569223079440624,0.2,time_stretch,0.0,0.0,34.545245655080194,jazz_05,0.0,0.9596469104665826,0.9873740453995455,0.8934029977631404
jazz_05::time_stretch::-10pct,jazz_05::time_stretch::-10pct,perturbations/audio/jazz_05__A.wav,perturbations/audio/jazz_05__time_stretch__-10pct.wav,,R,jazz,0.9711931659797444,0.9930344457372925,0.0,-10.0,0.6477554336465978,0.13333333333333333,time_stretch,0.39999999999999997,0.3542887468651077,15.999903250773968,jazz_05,0.6431240552833223,0.9787467134092901,0.9932969193304603,0.9203118755778156
jazz_05::time_stretch::-5pct,jazz_05::time_stretch::-5pct,perturbations/audio/jazz_05__A.wav,perturbations/audio/jazz_05__time_stretch__-5pct.wav,,R,jazz,0.9618541388152154,0.9951109230944509,0.5,-5.0,0.6713920625190493,0.26666666666666666,time_stretch,0.5555555555555556,0.4498041686428355,8.444393382352928,jazz_05,0.6431240552833223,0.9787467134092901,0.9967154751575769,0.9526915748542661
jazz_05::time_stretch::+5pct,jazz_05::time_stretch::+5pct,perturbations/audio/jazz_05__A.wav,perturbations/audio/jazz_05__time_stretch__+5pct.wav,,R,jazz,0.9923181949812717,0.9970006268353595,0.3333333333333333,5.0,0.689734926155581,0.3333333333333333,time_stretch,0.4444444444444444,0.4083258550341814,9.499942555147072,jazz_05,0.6431240552833223,0.9787467134092901,0.9980551608284779,0.9582532232196957
jazz_05::time_stretch::+10pct,jazz_05::time_stretch::+10pct,perturbations/audio/jazz_05__A.wav,perturbations/audio/jazz_05__time_stretch__+10pct.wav,,R,jazz,0.9848313970201862,0.9939783309719457,0.3333333333333333,10.0,0.6114728502593159,0.26666666666666666,time_stretch,0.0,0.0,9.499942555147072,jazz_05,1.0,1.0,0.9986272256465671,0.9421160889425237
jazz_05::time_stretch::+20pct,jazz_05::time_stretch::+20pct,perturbations/audio/jazz_05__A.wav,perturbations/audio/jazz_05__time_stretch__+20pct.wav,,R,jazz,0.9582703565080242,0.9846900208964188,0.3333333333333333,20.0,0.5611284203248655,0.2,time_stretch,0.25,0.40832585503418134,32.57123161764707,jazz_05,0.8737708269718413,0.9889290555806598,0.9977874910867826,0.927804548970721
jazz_05::lowpass::lp8000,jazz_05::lowpass::lp8000,perturbations/audio/jazz_05__A.wav,perturbations/audio/jazz_05__lowpass__lp8000.wav,,T,jazz,0.9614022209922979,0.99422479951702,0.5,8000.0,0.9999305414169628,1.0,lowpass,1.0,1.0,0.0,jazz_05,1.0,1.0,0.9987750015345488,0.8929741897186969
jazz_05::lowpass::lp4000,jazz_05::lowpass::lp4000,perturbations/audio/jazz_05__A.wav,perturbations/audio/jazz_05__lowpass__lp4000.wav,,T,jazz,0.9999954139780124,0.9999980394028964,0.0,4000.0,0.9998532389642254,1.0,lowpass,0.0,0.0,0.0,jazz_05,0.0,0.9596469104665826,0.9734404437881009,0.05952139648424218
jazz_05::lowpass::lp2000,jazz_05::lowpass::lp2000,perturbations/audio/jazz_05__A.wav,perturbations/audio/jazz_05__lowpass__lp2000.wav,,T,jazz,0.9986569454028238,0.9997164571405196,0.0,2000.0,0.9048705305965785,0.3333333333333333,lowpass,0.0,0.0,0.0,jazz_05,0.0,0.9596469104665826,0.8875070178856589,0.000440625125005399
jazz_05::distortion::drv4,jazz_05::distortion::drv4,perturbations/audio/jazz_05__A.wav,perturbations/audio/jazz_05__distortion__drv4.wav,,T,jazz,0.9857891529127181,0.992802491239374,0.0,4.0,0.9496511040788634,0.7333333333333333,distortion,1.0,1.0,0.0,jazz_05,1.0,1.0,0.9915466859863423,0.7538910234753449
jazz_05::distortion::drv12,jazz_05::distortion::drv12,perturbations/audio/jazz_05__A.wav,perturbations/audio/jazz_05__distortion__drv12.wav,,T,jazz,0.9800184475268426,0.9889859594159819,0.0,12.0,0.8177457181554096,0.2,distortion,1.0,0.7714638244574039,0.0,jazz_05,1.0,1.0,0.9648622197549545,0.5518605388930723
jazz_05::distortion::drv32,jazz_05::distortion::drv32,perturbations/audio/jazz_05__A.wav,perturbations/audio/jazz_05__distortion__drv32.wav,,T,jazz,0.9818606519336582,0.9904472540951689,0.0,32.0,0.8648503967759882,0.3333333333333333,distortion,0.8888888888888888,0.7299855108487497,0.0,jazz_05,0.134560179053159,0.6649746192893401,0.9461261724776552,0.46444405202414085
jazz_05::style_swap::swap_cross,jazz_05::style_swap::swap_cross,perturbations/audio/jazz_05__A.wav,perturbations/audio/jazz_05__style_swap__swap_cross.wav,,S,jazz,0.7552568614536288,0.9613062066994212,0.16666666666666666,,0.26650729147114705,0.06666666666666667,style_swap,0.4545454545454546,0.5964615597168298,0.0,jazz_05,0.03265212637728548,0.6480152336311704,0.6437524354287546,0.09928483898787602
jazz_05::style_swap::swap_same,jazz_05::style_swap::swap_same,perturbations/audio/jazz_05__A.wav,perturbations/audio/jazz_05__style_swap__swap_same.wav,,S,jazz,0.7416337567117444,0.9428066932151205,0.5,,0.26801749607157166,0.0,style_swap,0.3333333333333333,0.4498041686428355,46.76894796380091,jazz_05,0.8712726880980842,0.9870761745476662,0.06151176138659121,0.10595405658635841
jazz_06::control::ctrl,jazz_06::control::ctrl,perturbations/audio/jazz_06__A.wav,perturbations/audio/jazz_06__control__ctrl.wav,,control,jazz,1.0,0.9999999766952671,0.0,0.0,1.0,1.0,control,1.0,1.0,0.0,jazz_06,1.0,1.0,0.9999999997963546,1.0
jazz_06::pitch_shift::-4st,jazz_06::pitch_shift::-4st,perturbations/audio/jazz_06__A.wav,perturbations/audio/jazz_06__pitch_shift__-4st.wav,,H,jazz,0.7174123790441432,0.8366857477130106,0.6666666666666666,-4.0,0.8516193123193448,0.6470588235294118,pitch_shift,1.0,1.0,0.0,jazz_06,1.0,1.0,0.995260670055715,0.47460689421156016
jazz_06::pitch_shift::-2st,jazz_06::pitch_shift::-2st,perturbations/audio/jazz_06__A.wav,perturbations/audio/jazz_06__pitch_shift__-2st.wav,,H,jazz,0.7485345324657791,0.8806995298792711,0.3333333333333333,-2.0,0.9170270288862123,0.8235294117647058,pitch_shift,1.0,1.0,0.0,jazz_06,1.0,1.0,0.9985256955417404,0.8282755400490864
jazz_06::pitch_shift::-1st,jazz_06::pitch_shift::-1st,perturbations/audio/jazz_06__A.wav,perturbations/audio/jazz_06__pitch_shift__-1st.wav,,H,jazz,0.7596580360828099,0.8708225686481113,0.8333333333333334,-1.0,0.9158065299433156,0.7058823529411765,pitch_shift,1.0,1.0,0.0,jazz_06,1.0,1.0,0.9994886720273094,0.9363059605230848
jazz_06::pitch_shift::+1st,jazz_06::pitch_shift::+1st,perturbations/audio/jazz_06__A.wav,perturbations/audio/jazz_06__pitch_shift__+1st.wav,,H,jazz,0.7650880064799312,0.8785167998010517,0.8333333333333334,1.0,0.9275386116455644,0.8823529411764706,pitch_shift,0.9411764705882353,1.0,0.0,jazz_06,0.8934636515453438,0.9887018676504495,0.9988100507505073,0.9071678250767039
jazz_06::pitch_shift::+2st,jazz_06::pitch_shift::+2st,perturbations/audio/jazz_06__A.wav,perturbations/audio/jazz_06__pitch_shift__+2st.wav,,H,jazz,0.7582668418005939,0.8800643455809518,0.3333333333333333,2.0,0.9043117621925238,0.7647058823529411,pitch_shift,0.9411764705882353,0.8985423860130417,0.0,jazz_06,1.0,1.0,0.9966510621895159,0.7747310764349749
jazz_06::pitch_shift::+4st,jazz_06::pitch_shift::+4st,perturbations/audio/jazz_06__A.wav,perturbations/audio/jazz_06__pitch_shift__+4st.wav,,H,jazz,0.7438637439974404,0.8480164715431923,0.6666666666666666,4.0,0.8180100685160794,0.29411764705882354,pitch_shift,0.9411764705882353,0.8573593861804992,0.0,jazz_06,1.0,1.0,0.9926899096014197,0.5315708193667319
jazz_06::time_stretch::-10pct,jazz_06::time_stretch::-10pct,perturbations/audio/jazz_06__A.wav,perturbations/audio/jazz_06__time_stretch__-10pct.wav,,R,jazz,0.9815198137725246,0.9971797088077513,0.0,-10.0,0.735283068509613,0.7647058823529411,time_stretch,0.35294117647058826,0.4498041686428355,14.094460227272734,jazz_06,0.02530756139441004,0.6450746268656717,0.9987116991529823,0.944145152861397
jazz_06::time_stretch::-20pct,jazz_06::time_stretch::-20pct,perturbations/audio/jazz_06__A.wav,perturbations/audio/jazz_06__time_stretch__-20pct.wav,,R,jazz,0.9531926738420269,0.99468353015197,0.0,-20.0,0.6277945935001312,0.5882352941176471,time_stretch,0.13333333333333333,0.4083258550341814,25.168678977272734,jazz_06,1.0,1.0,0.9979305475040007,0.9156664107179194
jazz_06::time_stretch::-5pct,jazz_06::time_stretch::-5pct,perturbations/audio/jazz_06__A.wav,perturbations/audio/jazz_06__time_stretch__-5pct.wav,,R,jazz,0.9743389459497476,0.9980689349011885,0.0,-5.0,0.7343408482042,0.4117647058823529,time_stretch,0.23529411764705882,0.40832585503418134,5.1066884881422965,jazz_06,1.0,1.0,0.9993757674340962,0.9706892364195961
jazz_06::time_stretch::+5pct,jazz_06::time_stretch::+5pct,perturbations/audio/jazz_06__A.wav,perturbations/audio/jazz_06__time_stretch__+5pct.wav,,R,jazz,0.981325985769024,0.99790415875805,0.0,5.0,0.7224934748603711,0.47058823529411764,time_stretch,0.0,0.4400427662831699,5.593039772727266,jazz_06,0.6943496012606848,0.9539617155318633,0.9997939498432966,0.976009388512321
jazz_06::time_stretch::+10pct,jazz_06::time_stretch::+10pct,perturbations/audio/jazz_06__A.wav,perturbations/audio/jazz_06__time_stretch__+10pct.wav,,R,jazz,0.9842676087237714,0.996211303952406,0.0,10.0,0.7055747067643992,0.47058823529411764,time_stretch,0.19999999999999998,0.3542887468651076,11.745383522727266,jazz_06,0.6943496012606848,0.9539617155318633,0.9993080855763564,0.9586500023754957
jazz_06::time_stretch::+20pct,jazz_06::time_stretch::+20pct,perturbations/audio/jazz_06__A.wav,perturbations/audio/jazz_06__time_stretch__+20pct.wav,,R,jazz,0.9691266066938186,0.9960695270449043,0.0,20.0,0.6768797556866744,0.5294117647058824,time_stretch,0.4210526315789474,0.4172845933746731,18.545342404306226,jazz_06,1.0,1.0,0.9981437552380248,0.9417971263909324
jazz_06::lowpass::lp8000,jazz_06::lowpass::lp8000,perturbations/audio/jazz_06__A.wav,perturbations/audio/jazz_06__lowpass__lp8000.wav,,T,jazz,0.9999792169756299,0.9999930415337166,0.0,8000.0,0.9999311753062609,1.0,lowpass,0.9411764705882353,1.0,0.0,jazz_06,1.0,1.0,0.965232936634735,0.44810759002897743
jazz_06::distortion::drv4,jazz_06::distortion::drv4,perturbations/audio/jazz_06__A.wav,perturbations/audio/jazz_06__distortion__drv4.wav,,T,jazz,0.9994882741143802,0.9999409417725869,0.0,4.0,0.9910445319246792,0.8823529411764706,distortion,0.9411764705882353,1.0,0.0,jazz_06,1.0,1.0,0.9995858675329149,0.957933779493467
jazz_06::lowpass::lp4000,jazz_06::lowpass::lp4000,perturbations/audio/jazz_06__A.wav,perturbations/audio/jazz_06__lowpass__lp4000.wav,,T,jazz,0.999978106869491,0.9999938863810712,0.0,4000.0,0.9998568058001466,1.0,lowpass,0.9411764705882353,1.0,0.0,jazz_06,0.0,0.9395886889460154,0.9210147189387707,0.22629132292276213
jazz_06::lowpass::lp2000,jazz_06::lowpass::lp2000,perturbations/audio/jazz_06__A.wav,perturbations/audio/jazz_06__lowpass__lp2000.wav,,T,jazz,0.999961306095504,0.9999949399619859,0.0,2000.0,0.9988591639338259,0.8823529411764706,lowpass,0.9411764705882353,0.8485729818842953,0.0,jazz_06,0.0,0.9395886889460154,0.9511154608915312,0.0006670797400332634
jazz_06::distortion::drv12,jazz_06::distortion::drv12,perturbations/audio/jazz_06__A.wav,perturbations/audio/jazz_06__distortion__drv12.wav,,T,jazz,0.996829231294928,0.9994735327628067,0.0,12.0,0.9449072638077092,0.8235294117647058,distortion,0.9411764705882353,1.0,0.0,jazz_06,0.0,0.9395886889460154,0.993289589744657,0.80953924355197
jazz_06::distortion::drv32,jazz_06::distortion::drv32,perturbations/audio/jazz_06__A.wav,perturbations/audio/jazz_06__distortion__drv32.wav,,T,jazz,0.990792215237041,0.9974779053845227,0.0,32.0,0.8599681391334965,0.8235294117647058,distortion,0.9411764705882353,0.7575767926142635,0.0,jazz_06,1.0,1.0,0.9787301179548571,0.6215737731938755
jazz_06::style_swap::swap_cross,jazz_06::style_swap::swap_cross,perturbations/audio/jazz_06__A.wav,perturbations/audio/jazz_06__style_swap__swap_cross.wav,,S,jazz,0.656743768430642,0.8175576501332229,0.5,,0.31755348685896934,0.0,style_swap,0.46153846153846156,0.40832585503418134,26.100852272727266,jazz_06,1.0,1.0,0.8720409721896328,0.17271636863273543
jazz_06::style_swap::swap_same,jazz_06::style_swap::swap_same,perturbations/audio/jazz_06__A.wav,perturbations/audio/jazz_06__style_swap__swap_same.wav,,S,jazz,0.7788116737803931,0.9372283823027839,0.16666666666666666,,0.297364261495207,0.23529411764705882,style_swap,0.14285714285714285,0.4498041686428355,18.545342404306226,jazz_06,0.826556440563825,0.976948669201521,0.8898649106602147,0.16919305672964535
jazz_07::control::ctrl,jazz_07::control::ctrl,perturbations/audio/jazz_07__A.wav,perturbations/audio/jazz_07__control__ctrl.wav,,control,jazz,1.0,0.9999999791815024,0.0,0.0,1.0,1.0,control,1.0,1.0,0.0,jazz_07,1.0,1.0,0.9999999998489404,1.0
jazz_07::pitch_shift::-2st,jazz_07::pitch_shift::-2st,perturbations/audio/jazz_07__A.wav,perturbations/audio/jazz_07__pitch_shift__-2st.wav,,H,jazz,0.9416217221952712,0.9774483435911182,0.5,-2.0,0.7712530550885655,0.2777777777777778,pitch_shift,1.0,1.0,0.0,jazz_07,1.0,1.0,0.9985934606087951,0.8886223008951692
jazz_07::pitch_shift::-4st,jazz_07::pitch_shift::-4st,perturbations/audio/jazz_07__A.wav,perturbations/audio/jazz_07__pitch_shift__-4st.wav,,H,jazz,0.9266940433725137,0.973048308114793,0.6666666666666666,-4.0,0.7180451277642579,0.4444444444444444,pitch_shift,1.0,0.8895628492131631,0.0,jazz_07,1.0,1.0,0.9970986803314255,0.6715329748688427
jazz_07::pitch_shift::-1st,jazz_07::pitch_shift::-1st,perturbations/audio/jazz_07__A.wav,perturbations/audio/jazz_07__pitch_shift__-1st.wav,,H,jazz,0.9183636924963807,0.9672017513192384,0.8333333333333334,-1.0,0.8298260825056671,0.2222222222222222,pitch_shift,1.0,1.0,0.0,jazz_07,1.0,1.0,0.9995208891756896,0.9427932682220872
jazz_07::pitch_shift::+1st,jazz_07::pitch_shift::+1st,perturbations/audio/jazz_07__A.wav,perturbations/audio/jazz_07__pitch_shift__+1st.wav,,H,jazz,0.9158402687002002,0.9616849018343538,0.8333333333333334,1.0,0.838282296706121,0.4444444444444444,pitch_shift,1.0,1.0,0.0,jazz_07,1.0,1.0,0.9992530066910522,0.9255281613916001
jazz_07::pitch_shift::+2st,jazz_07::pitch_shift::+2st,perturbations/audio/jazz_07__A.wav,perturbations/audio/jazz_07__pitch_shift__+2st.wav,,H,jazz,0.9396337250578439,0.9786914708982238,0.3333333333333333,2.0,0.8364879319209497,0.5555555555555556,pitch_shift,1.0,1.0,0.0,jazz_07,1.0,1.0,0.9975495701024365,0.8572567689831171
jazz_07::pitch_shift::+4st,jazz_07::pitch_shift::+4st,perturbations/audio/jazz_07__A.wav,perturbations/audio/jazz_07__pitch_shift__+4st.wav,,H,jazz,0.9291331926963871,0.9662729619942391,0.6666666666666666,4.0,0.7848555129227005,0.1111111111111111,pitch_shift,1.0,0.8895628492131631,0.0,jazz_07,1.0,1.0,0.9935417114905807,0.695242953243919
jazz_07::time_stretch::-20pct,jazz_07::time_stretch::-20pct,perturbations/audio/jazz_07__A.wav,perturbations/audio/jazz_07__time_stretch__-20pct.wav,,R,jazz,0.9757303744046002,0.9990337283569255,0.0,-20.0,0.5806558297428686,0.2777777777777778,time_stretch,0.15384615384615383,0.5293296949484161,21.081457604895107,jazz_07,0.48120041393583995,0.9785044591813401,0.9982720979227575,0.916739775112151
jazz_07::time_stretch::-10pct,jazz_07::time_stretch::-10pct,perturbations/audio/jazz_07__A.wav,perturbations/audio/jazz_07__time_stretch__-10pct.wav,,R,jazz,0.9867256470652972,0.9991280570629547,0.0,-10.0,0.662856544921343,0.2777777777777778,time_stretch,0.14285714285714285,0.5293296949484161,10.2811049403183,jazz_07,1.0,1.0,0.9989625307459746,0.9335381439237804
jazz_07::time_stretch::+5pct,jazz_07::time_stretch::+5pct,perturbations/audio/jazz_07__A.wav,perturbations/audio/jazz_07__time_stretch__+5pct.wav,,R,jazz,0.987095428401917,0.9992136484056421,0.16666666666666666,5.0,0.6763152833467341,0.3888888888888889,time_stretch,0.0,0.4400427662831699,3.97536057692308,jazz_07,1.0,1.0,0.9999173916936444,0.9580681578129668
jazz_07::time_stretch::-5pct,jazz_07::time_stretch::-5pct,perturbations/audio/jazz_07__A.wav,perturbations/audio/jazz_07__time_stretch__-5pct.wav,,R,jazz,0.9909949424439733,0.9996172955382168,0.0,-5.0,0.6758931232426257,0.2222222222222222,time_stretch,0.0,0.47600043459443236,7.09885817307692,jazz_07,0.4817872753763959,0.9791756118505797,0.9997361610744867,0.9529955726332607
jazz_07::time_stretch::+20pct,jazz_07::time_stretch::+20pct,perturbations/audio/jazz_07__A.wav,perturbations/audio/jazz_07__time_stretch__+20pct.wav,,R,jazz,0.9800881311950923,0.9994650146677264,0.16666666666666666,20.0,0.5677993181318244,0.2777777777777778,time_stretch,0.375,0.4498041686428355,18.069820804195814,jazz_07,0.6551258353476473,0.9895855472901168,0.9995428514044117,0.9304136862541527
jazz_07::lowpass::lp8000,jazz_07::lowpass::lp8000,perturbations/audio/jazz_07__A.wav,perturbations/audio/jazz_07__lowpass__lp8000.wav,,T,jazz,0.999999982620766,0.9999999790766319,0.0,8000.0,0.9996954726305323,1.0,lowpass,1.0,1.0,0.0,jazz_07,1.0,1.0,0.9768568492127451,0.220973293270139
jazz_07::time_stretch::+10pct,jazz_07::time_stretch::+10pct,perturbations/audio/jazz_07__A.wav,perturbations/audio/jazz_07__time_stretch__+10pct.wav,,R,jazz,0.9806644894162428,0.9992861871783398,0.16666666666666666,10.0,0.6062902867724813,0.3333333333333333,time_stretch,0.125,0.4083258550341814,8.28200120192308,jazz_07,1.0,1.0,0.9997347300792798,0.9379471045988009
jazz_07::lowpass::lp4000,jazz_07::lowpass::lp4000,perturbations/audio/jazz_07__A.wav,perturbations/audio/jazz_07__lowpass__lp4000.wav,,T,jazz,0.9999997879508015,0.9999998766579725,0.0,4000.0,0.9838645048267181,0.7222222222222222,lowpass,0.375,0.4498041686428354,31.38442560728744,jazz_07,1.0,1.0,0.9365736988411458,0.03142763982729913
jazz_07::lowpass::lp2000,jazz_07::lowpass::lp2000,perturbations/audio/jazz_07__A.wav,perturbations/audio/jazz_07__lowpass__lp2000.wav,,T,jazz,0.9999894562253011,0.9999976816422452,0.0,2000.0,0.9973814260723551,0.7222222222222222,lowpass,0.25,0.5327607958601436,29.81520432692308,jazz_07,1.0,1.0,0.9314002778401508,0.00020480738683376572
jazz_07::distortion::drv4,jazz_07::distortion::drv4,perturbations/audio/jazz_07__A.wav,perturbations/audio/jazz_07__distortion__drv4.wav,,T,jazz,0.9993176962676841,0.9999295602460763,0.0,4.0,0.9601927693399857,0.7777777777777778,distortion,0.33333333333333326,0.42216235095199606,29.81520432692308,jazz_07,1.0,1.0,0.9974386469551872,0.8407310072782255
jazz_07::distortion::drv12,jazz_07::distortion::drv12,perturbations/audio/jazz_07__A.wav,perturbations/audio/jazz_07__distortion__drv12.wav,,T,jazz,0.9968413895628067,0.9996631334256829,0.0,12.0,0.85538842916477,0.6111111111111112,distortion,0.26666666666666666,0.5293296949484161,29.81520432692308,jazz_07,1.0,1.0,0.9830059963257257,0.5701875410071544
jazz_07::distortion::drv32,jazz_07::distortion::drv32,perturbations/audio/jazz_07__A.wav,perturbations/audio/jazz_07__distortion__drv32.wav,,T,jazz,0.9952705785831119,0.9992769200843034,0.0,32.0,0.8039691910903687,0.5,distortion,0.25,0.4498041686428354,29.81520432692308,jazz_07,1.0,1.0,0.977461390884566,0.4464026579903948
jazz_07::style_swap::swap_cross,jazz_07::style_swap::swap_cross,perturbations/audio/jazz_07__A.wav,perturbations/audio/jazz_07__style_swap__swap_cross.wav,,S,jazz,0.9116049198956085,0.9693849969986045,0.16666666666666666,,0.2703106337862985,0.0,style_swap,0.42857142857142855,0.47600043459443236,0.0,jazz_07,0.4799054373522453,0.977023498694517,0.8676710792094426,0.13492102016252874
jazz_07::style_swap::swap_same,jazz_07::style_swap::swap_same,perturbations/audio/jazz_07__A.wav,perturbations/audio/jazz_07__style_swap__swap_same.wav,,S,jazz,0.9203718054028811,0.9786927333334012,0.3333333333333333,,0.37220923639759484,0.0,style_swap,0.375,0.4083258550341814,12.963132316053517,jazz_07,0.47967206504939214,0.9767566123430405,0.9854714998704085,0.4244597659335468
jazz_08::pitch_shift::-4st,jazz_08::pitch_shift::-4st,perturbations/audio/jazz_08__A.wav,perturbations/audio/jazz_08__pitch_shift__-4st.wav,,H,jazz,0.7717452478794613,0.8886415723081271,0.6666666666666666,-4.0,0.753745476379381,0.2727272727272727,pitch_shift,1.0,1.0,0.0,jazz_08,0.8730809123925357,0.9884179398718581,0.993688130335323,0.5054190463578795
jazz_08::control::ctrl,jazz_08::control::ctrl,perturbations/audio/jazz_08__A.wav,perturbations/audio/jazz_08__control__ctrl.wav,,control,jazz,1.0,0.9999999765378539,0.0,0.0,1.0,1.0,control,1.0,1.0,0.0,jazz_08,1.0,1.0,0.9999999998661817,1.0
jazz_08::pitch_shift::-2st,jazz_08::pitch_shift::-2st,perturbations/audio/jazz_08__A.wav,perturbations/audio/jazz_08__pitch_shift__-2st.wav,,H,jazz,0.7612544035144709,0.8673133416881061,0.3333333333333333,-2.0,0.8266980944437422,0.7272727272727273,pitch_shift,1.0,1.0,0.0,jazz_08,1.0,1.0,0.9976669477348743,0.8029947772314816
jazz_08::pitch_shift::-1st,jazz_08::pitch_shift::-1st,perturbations/audio/jazz_08__A.wav,perturbations/audio/jazz_08__pitch_shift__-1st.wav,,H,jazz,0.7795943670141687,0.8984555831572676,0.8333333333333334,-1.0,0.8499908035671231,0.5454545454545454,pitch_shift,1.0,1.0,0.0,jazz_08,1.0,1.0,0.9993604628198542,0.9398400567038289
jazz_08::pitch_shift::+2st,jazz_08::pitch_shift::+2st,perturbations/audio/jazz_08__A.wav,perturbations/audio/jazz_08__pitch_shift__+2st.wav,,H,jazz,0.7735811608610912,0.8749724614931176,0.3333333333333333,2.0,0.7708246269690184,1.0,pitch_shift,1.0,0.8895628492131631,0.0,jazz_08,0.8730809123925357,0.9884179398718581,0.9968241014176804,0.7732960462871371
jazz_08::pitch_shift::+4st,jazz_08::pitch_shift::+4st,perturbations/audio/jazz_08__A.wav,perturbations/audio/jazz_08__pitch_shift__+4st.wav,,H,jazz,0.784499580274368,0.8883726817903106,0.6666666666666666,4.0,0.7643166769117519,0.45454545454545453,pitch_shift,1.0,0.8895628492131631,0.0,jazz_08,0.8730809123925357,0.9884179398718581,0.9900508445458283,0.5366351203688993
jazz_08::pitch_shift::+1st,jazz_08::pitch_shift::+1st,perturbations/audio/jazz_08__A.wav,perturbations/audio/jazz_08__pitch_shift__+1st.wav,,H,jazz,0.7914669554830791,0.9005472391577112,0.8333333333333334,1.0,0.8167232337345551,0.5454545454545454,pitch_shift,1.0,1.0,0.0,jazz_08,1.0,1.0,0.9988886811925081,0.8881074094431372
jazz_08::time_stretch::-20pct,jazz_08::time_stretch::-20pct,perturbations/audio/jazz_08__A.wav,perturbations/audio/jazz_08__time_stretch__-20pct.wav,,R,jazz,0.9243014759154369,0.9905799744267604,0.0,-20.0,0.5807229280452573,0.0,time_stretch,0.23529411764705882,0.3799541111268843,16.285615808823536,jazz_08,0.1262983208080517,0.6535279073266135,0.9978763227207238,0.9314880904685061
jazz_08::time_stretch::-5pct,jazz_08::time_stretch::-5pct,perturbations/audio/jazz_08__A.wav,perturbations/audio/jazz_08__time_stretch__-5pct.wav,,R,jazz,0.9786210789052071,0.996468094805326,0.0,-5.0,0.6916294714940401,0.09090909090909091,time_stretch,0.0,0.5293296949484161,3.182246767241381,jazz_08,0.8730809123925357,0.9884179398718581,0.9999226381846895,0.9824441423928079
jazz_08::time_stretch::-10pct,jazz_08::time_stretch::-10pct,perturbations/audio/jazz_08__A.wav,perturbations/audio/jazz_08__time_stretch__-10pct.wav,,R,jazz,0.97100865372888,0.9957015069772278,0.0,-10.0,0.6109308355257971,0.5454545454545454,time_stretch,0.2105263157894737,0.39307557545218513,6.15234375,jazz_08,1.0,1.0,0.999566946269783,0.9650350352201086
jazz_08::time_stretch::+5pct,jazz_08::time_stretch::+5pct,perturbations/audio/jazz_08__A.wav,perturbations/audio/jazz_08__time_stretch__+5pct.wav,,R,jazz,0.9701445131929759,0.9933478187783588,0.0,5.0,0.7088596758400161,0.6363636363636364,time_stretch,0.13333333333333333,0.4400427662831699,3.41796875,jazz_08,0.6880096043219449,0.9668126296381655,0.9999325577221957,0.98204413574544
jazz_08::time_stretch::+10pct,jazz_08::time_stretch::+10pct,perturbations/audio/jazz_08__A.wav,perturbations/audio/jazz_08__time_stretch__+10pct.wav,,R,jazz,0.9530383854285276,0.989637163475697,0.5,10.0,0.6365987507172275,0.36363636363636365,time_stretch,0.375,0.4498041686428355,11.07421875,jazz_08,0.5578960227570201,0.9447838345864661,0.99990826820407,0.9722992858537277
jazz_08::time_stretch::+20pct,jazz_08::time_stretch::+20pct,perturbations/audio/jazz_08__A.wav,perturbations/audio/jazz_08__time_stretch__+20pct.wav,,R,jazz,0.942611678004968,0.9844881082534098,0.0,20.0,0.5698989884240938,0.36363636363636365,time_stretch,0.375,0.4083258550341814,20.061990489130437,jazz_08,0.6176851470084379,0.9557831044915056,0.9998315360824358,0.9507237800668208
jazz_08::lowpass::lp8000,jazz_08::lowpass::lp8000,perturbations/audio/jazz_08__A.wav,perturbations/audio/jazz_08__lowpass__lp8000.wav,,T,jazz,0.9999999482400143,0.9999999760448846,0.0,8000.0,0.9999956863365703,1.0,lowpass,1.0,0.8895628492131631,0.0,jazz_08,1.0,1.0,0.986410638205655,0.6050076482688015
jazz_08::lowpass::lp4000,jazz_08::lowpass::lp4000,perturbations/audio/jazz_08__A.wav,perturbations/audio/jazz_08__lowpass__lp4000.wav,,T,jazz,0.9999190713540421,0.999982748898552,0.0,4000.0,0.9999565772723454,1.0,lowpass,0.6363636363636364,0.4992883450894168,0.0,jazz_08,1.0,1.0,0.958269479492395,0.12667615922521172
jazz_08::lowpass::lp2000,jazz_08::lowpass::lp2000,perturbations/audio/jazz_08__A.wav,perturbations/audio/jazz_08__lowpass__lp2000.wav,,T,jazz,0.9998786891476067,0.9999595141214087,0.0,2000.0,0.9992998063182637,1.0,lowpass,0.3333333333333333,0.47600043459443236,30.76171875,jazz_08,1.0,1.0,0.976379378732895,0.00024100488803716202
jazz_08::distortion::drv4,jazz_08::distortion::drv4,perturbations/audio/jazz_08__A.wav,perturbations/audio/jazz_08__distortion__drv4.wav,,T,jazz,0.9998437357679422,0.9999851212814208,0.0,4.0,0.9969315769922139,1.0,distortion,1.0,1.0,0.0,jazz_08,1.0,1.0,0.9997924807090929,0.97483710714633
jazz_08::distortion::drv12,jazz_08::distortion::drv12,perturbations/audio/jazz_08__A.wav,perturbations/audio/jazz_08__distortion__drv12.wav,,T,jazz,0.997903233096883,0.999748833077291,0.0,12.0,0.9482862372070833,0.5454545454545454,distortion,1.0,1.0,0.0,jazz_08,1.0,1.0,0.9934107500213543,0.7416475496292989
jazz_08::distortion::drv32,jazz_08::distortion::drv32,perturbations/audio/jazz_08__A.wav,perturbations/audio/jazz_08__distortion__drv32.wav,,T,jazz,0.9906992076094537,0.9977843699013605,0.0,32.0,0.849483318489431,0.2727272727272727,distortion,0.6363636363636364,0.6082297359163835,0.0,jazz_08,1.0,1.0,0.974269497642991,0.49579609847269906
jazz_08::style_swap::swap_cross,jazz_08::style_swap::swap_cross,perturbations/audio/jazz_08__A.wav,perturbations/audio/jazz_08__style_swap__swap_cross.wav,,S,jazz,0.8753647821356428,0.9267705504019846,0.3333333333333333,,0.2539529561005073,0.0,style_swap,0.5555555555555556,0.4689083868584362,0.0,jazz_08,0.11887717891588093,0.6431384428960921,0.9370615490276673,0.17863555504916162
jazz_08::style_swap::swap_same,jazz_08::style_swap::swap_same,perturbations/audio/jazz_08__A.wav,perturbations/audio/jazz_08__style_swap__swap_same.wav,,S,jazz,0.7731608237174515,0.8825426925708026,0.5,,0.3027477740464736,0.0,style_swap,0.16666666666666666,0.5293296949484161,16.285615808823536,jazz_08,0.6176851470084379,0.9557831044915056,0.9451344112975167,0.25838059141782743
jazz_09::control::ctrl,jazz_09::control::ctrl,perturbations/audio/jazz_09__A.wav,perturbations/audio/jazz_09__control__ctrl.wav,,control,jazz,1.0,0.9999999797639544,0.0,0.0,1.0,1.0,control,1.0,1.0,0.0,jazz_09,1.0,1.0,0.9999999997939963,1.0
jazz_09::pitch_shift::-4st,jazz_09::pitch_shift::-4st,perturbations/audio/jazz_09__A.wav,perturbations/audio/jazz_09__pitch_shift__-4st.wav,,H,jazz,0.9813466462690379,0.993875867763729,0.6666666666666666,-4.0,0.8363959503947054,0.5714285714285714,pitch_shift,0.48000000000000004,0.4241670262654974,0.0,jazz_09,1.0,1.0,0.98629763890594,0.4100958589277042
jazz_09::pitch_shift::-2st,jazz_09::pitch_shift::-2st,perturbations/audio/jazz_09__A.wav,perturbations/audio/jazz_09__pitch_shift__-2st.wav,,H,jazz,0.9805491110374834,0.9931901581385918,0.3333333333333333,-2.0,0.7821615104453978,0.0,pitch_shift,0.24000000000000002,0.36673551511505326,9.499942555147072,jazz_09,1.0,1.0,0.9939563993907747,0.6773479454140153
jazz_09::pitch_shift::-1st,jazz_09::pitch_shift::-1st,perturbations/audio/jazz_09__A.wav,perturbations/audio/jazz_09__pitch_shift__-1st.wav,,H,jazz,0.9828452903633694,0.9943023616055766,0.8333333333333334,-1.0,0.8994961222320865,0.2857142857142857,pitch_shift,0.8461538461538461,0.6201733716812907,0.0,jazz_09,1.0,1.0,0.997473230982214,0.8549644487949173
jazz_09::pitch_shift::+1st,jazz_09::pitch_shift::+1st,perturbations/audio/jazz_09__A.wav,perturbations/audio/jazz_09__pitch_shift__+1st.wav,,H,jazz,0.9821920626785944,0.9946017841418946,0.8333333333333334,1.0,0.853082305106503,0.14285714285714285,pitch_shift,0.9230769230769231,0.5607072135653016,0.0,jazz_09,0.038072575847709685,0.6620689655172414,0.9981344968322183,0.8703433514172593
jazz_09::pitch_shift::+2st,jazz_09::pitch_shift::+2st,perturbations/audio/jazz_09__A.wav,perturbations/audio/jazz_09__pitch_shift__+2st.wav,,H,jazz,0.9782334777904875,0.9926645045315778,0.3333333333333333,2.0,0.858300246250244,0.14285714285714285,pitch_shift,0.9230769230769231,0.5211528754906215,0.0,jazz_09,0.038072575847709685,0.6620689655172414,0.9907927146606995,0.6928061477170655
jazz_09::time_stretch::-20pct,jazz_09::time_stretch::-20pct,perturbations/audio/jazz_09__A.wav,perturbations/audio/jazz_09__time_stretch__-20pct.wav,,R,jazz,0.9913125163062986,0.9995615759517722,0.0,-20.0,0.4754056779340031,0.0,time_stretch,0.5217391304347826,0.3093040039646091,25.49984580592104,jazz_09,0.6551258353476473,0.9895855472901168,0.9960121749997276,0.8875922654441394
jazz_09::pitch_shift::+4st,jazz_09::pitch_shift::+4st,perturbations/audio/jazz_09__A.wav,perturbations/audio/jazz_09__pitch_shift__+4st.wav,,H,jazz,0.9786462105397374,0.993581931906328,0.6666666666666666,4.0,0.8488034794471981,0.42857142857142855,pitch_shift,0.2608695652173913,0.3667355151150533,38.4521484375,jazz_09,0.038072575847709685,0.6620689655172414,0.9788118807304858,0.4816261250587184
jazz_09::time_stretch::-10pct,jazz_09::time_stretch::-10pct,perturbations/audio/jazz_09__A.wav,perturbations/audio/jazz_09__time_stretch__-10pct.wav,,R,jazz,0.992241795917424,0.9997766454266861,0.0,-10.0,0.5397933109046675,0.2857142857142857,time_stretch,0.4,0.3380197595398312,17.9443359375,jazz_09,0.2580367393800235,0.9480433340703073,0.996484289845868,0.9013078709909748
jazz_09::time_stretch::-5pct,jazz_09::time_stretch::-5pct,perturbations/audio/jazz_09__A.wav,perturbations/audio/jazz_09__time_stretch__-5pct.wav,,R,jazz,0.9936742004523649,0.9997646597122328,0.0,-5.0,0.5665367975748041,0.0,time_stretch,0.5384615384615384,0.3775740976145113,9.499942555147072,jazz_09,1.0,1.0,0.9996628257645177,0.9547055974087587
jazz_09::time_stretch::+5pct,jazz_09::time_stretch::+5pct,perturbations/audio/jazz_09__A.wav,perturbations/audio/jazz_09__time_stretch__+5pct.wav,,R,jazz,0.9944490579655981,0.9997511572430872,0.0,5.0,0.5827968049673085,0.0,time_stretch,0.888888888888889,0.4694646004878625,10.7666015625,jazz_09,0.03819606285489647,0.6628217752145168,0.998965448882187,0.9458249452667626
jazz_09::time_stretch::+10pct,jazz_09::time_stretch::+10pct,perturbations/audio/jazz_09__A.wav,perturbations/audio/jazz_09__time_stretch__+10pct.wav,,R,jazz,0.9924822873907709,0.9995181483665807,0.0,10.0,0.5301343718359715,0.0,time_stretch,1.0,0.5498686310658437,10.7666015625,jazz_09,0.038072575847709685,0.6620689655172414,0.9967816250382175,0.9127927357404619
jazz_09::time_stretch::+20pct,jazz_09::time_stretch::+20pct,perturbations/audio/jazz_09__A.wav,perturbations/audio/jazz_09__time_stretch__+20pct.wav,,R,jazz,0.9909335593236189,0.9994485768101702,0.0,20.0,0.4603117105264589,0.0,time_stretch,0.2857142857142857,0.36673551511505326,49.15187669836956,jazz_09,1.0,1.0,0.9972735214781162,0.9075365963344366
jazz_09::lowpass::lp8000,jazz_09::lowpass::lp8000,perturbations/audio/jazz_09__A.wav,perturbations/audio/jazz_09__lowpass__lp8000.wav,,T,jazz,0.9999668705203577,0.9999961859094845,0.0,8000.0,0.9420477361944194,0.7142857142857143,lowpass,1.0,1.0,0.0,jazz_09,1.0,1.0,0.9701984056588792,0.19992434092817365
jazz_09::lowpass::lp4000,jazz_09::lowpass::lp4000,perturbations/audio/jazz_09__A.wav,perturbations/audio/jazz_09__lowpass__lp4000.wav,,T,jazz,0.9978449321394933,0.9997617679354849,0.0,4000.0,0.942095953741462,0.14285714285714285,lowpass,0.5,0.4815985374159414,10.7666015625,jazz_09,1.0,1.0,0.9805530417736846,0.08782816056585581
jazz_09::lowpass::lp2000,jazz_09::lowpass::lp2000,perturbations/audio/jazz_09__A.wav,perturbations/audio/jazz_09__lowpass__lp2000.wav,,T,jazz,0.9973143062044952,0.9995109642691536,0.0,2000.0,0.9237398478577884,1.0,lowpass,0.5,0.3954512706902753,10.7666015625,jazz_09,0.3774944325575303,0.9687771032090199,0.797703951755551,0.0028367187091145043
jazz_09::distortion::drv4,jazz_09::distortion::drv4,perturbations/audio/jazz_09__A.wav,perturbations/audio/jazz_09__distortion__drv4.wav,,T,jazz,0.9999936242566746,0.9999992188088255,0.0,4.0,0.9934776388958126,1.0,distortion,1.0,1.0,0.0,jazz_09,1.0,1.0,0.9999835247080587,0.9981489889936106
jazz_09::distortion::drv12,jazz_09::distortion::drv12,perturbations/audio/jazz_09__A.wav,perturbations/audio/jazz_09__distortion__drv12.wav,,T,jazz,0.9987105806339238,0.9998567567835628,0.0,12.0,0.9265231414074471,0.14285714285714285,distortion,0.32,0.330858105039204,17.9443359375,jazz_09,1.0,1.0,0.9987821752605729,0.8516315790610196
jazz_09::style_swap::swap_cross,jazz_09::style_swap::swap_cross,perturbations/audio/jazz_09__A.wav,perturbations/audio/jazz_09__style_swap__swap_cross.wav,,S,jazz,0.92922079472311,0.9527335757199068,0.8333333333333334,,0.265801975377725,0.0,style_swap,0.380952380952381,0.3380197595398312,29.9072265625,jazz_09,0.4817872753763959,0.9791756118505797,0.7471854753751832,0.15102106535584456
jazz_09::distortion::drv32,jazz_09::distortion::drv32,perturbations/audio/jazz_09__A.wav,perturbations/audio/jazz_09__distortion__drv32.wav,,T,jazz,0.998088862828914,0.9997309000814097,0.0,32.0,0.9623639924865547,0.5714285714285714,distortion,0.24999999999999994,0.3882255489085519,25.49984580592104,jazz_09,0.03810341197998464,0.6622572473965663,0.9882882928054534,0.4053946325857321
jazz_09::style_swap::swap_same,jazz_09::style_swap::swap_same,perturbations/audio/jazz_09__A.wav,perturbations/audio/jazz_09__style_swap__swap_same.wav,,S,jazz,0.8991116444623092,0.9731880672768881,0.8333333333333334,,0.2592986627257903,0.0,style_swap,0.34782608695652173,0.3380197595398312,38.4521484375,jazz_09,0.4807877041306439,0.9780324737344794,0.7318389866509376,0.1775637368719206
jazz_10::control::ctrl,jazz_10::control::ctrl,perturbations/audio/jazz_10__A.wav,perturbations/audio/jazz_10__control__ctrl.wav,,control,jazz,1.0,0.9999999792534464,0.0,0.0,1.0,1.0,control,1.0,1.0,0.0,jazz_10,1.0,1.0,0.9999999998064041,1.0
jazz_10::pitch_shift::-4st,jazz_10::pitch_shift::-4st,perturbations/audio/jazz_10__A.wav,perturbations/audio/jazz_10__pitch_shift__-4st.wav,,H,jazz,0.9559879313343691,0.9908109660981121,0.6666666666666666,-4.0,0.8142108925635039,0.0,pitch_shift,1.0,1.0,0.0,jazz_10,1.0,1.0,0.9991534652557053,0.7204119958841471
jazz_10::pitch_shift::-2st,jazz_10::pitch_shift::-2st,perturbations/audio/jazz_10__A.wav,perturbations/audio/jazz_10__pitch_shift__-2st.wav,,H,jazz,0.9578979698891485,0.9939353236585766,0.3333333333333333,-2.0,0.8781194748247025,0.0,pitch_shift,1.0,1.0,0.0,jazz_10,1.0,1.0,0.9994444543503441,0.8922862053582852
jazz_10::pitch_shift::-1st,jazz_10::pitch_shift::-1st,perturbations/audio/jazz_10__A.wav,perturbations/audio/jazz_10__pitch_shift__-1st.wav,,H,jazz,0.9540359981904257,0.9933264415575263,1.0,-1.0,0.9064822938119403,0.21428571428571427,pitch_shift,1.0,1.0,0.0,jazz_10,1.0,1.0,0.999763927308532,0.9602217767980504
jazz_10::pitch_shift::+1st,jazz_10::pitch_shift::+1st,perturbations/audio/jazz_10__A.wav,perturbations/audio/jazz_10__pitch_shift__+1st.wav,,H,jazz,0.9576150479580089,0.9932558157106557,0.8333333333333334,1.0,0.8867486494719881,0.2857142857142857,pitch_shift,1.0,0.8573593861804992,0.0,jazz_10,1.0,1.0,0.9998285791294909,0.9609512121354296
jazz_10::pitch_shift::+2st,jazz_10::pitch_shift::+2st,perturbations/audio/jazz_10__A.wav,perturbations/audio/jazz_10__pitch_shift__+2st.wav,,H,jazz,0.9567002761784581,0.9896771979476264,0.3333333333333333,2.0,0.8857906246754099,0.14285714285714285,pitch_shift,1.0,0.8573593861804992,0.0,jazz_10,1.0,1.0,0.9993025503311637,0.8961673735010622
jazz_10::pitch_shift::+4st,jazz_10::pitch_shift::+4st,perturbations/audio/jazz_10__A.wav,perturbations/audio/jazz_10__pitch_shift__+4st.wav,,H,jazz,0.9490151585665534,0.9782295083764269,0.6666666666666666,4.0,0.8649688255105579,0.14285714285714285,pitch_shift,1.0,0.8285978683430528,0.0,jazz_10,1.0,1.0,0.9984181267122038,0.7475253869015166
jazz_10::time_stretch::-10pct,jazz_10::time_stretch::-10pct,perturbations/audio/jazz_10__A.wav,perturbations/audio/jazz_10__time_stretch__-10pct.wav,,R,jazz,0.9896820546815093,0.9989580782900782,0.0,-10.0,0.7155951150573041,0.14285714285714285,time_stretch,0.35294117647058826,0.4083258550341814,7.65625,jazz_10,1.0,1.0,0.9997292986529361,0.9491408473619704
jazz_10::time_stretch::-20pct,jazz_10::time_stretch::-20pct,perturbations/audio/jazz_10__A.wav,perturbations/audio/jazz_10__time_stretch__-20pct.wav,,R,jazz,0.9827837119555487,0.9986468184242163,0.3333333333333333,-20.0,0.6290866768453982,0.0,time_stretch,0.27272727272727276,0.3380197595398312,17.2265625,jazz_10,0.28839598162011676,0.6698485162896867,0.9996089526329632,0.9296614573424872
jazz_10::time_stretch::-5pct,jazz_10::time_stretch::-5pct,perturbations/audio/jazz_10__A.wav,perturbations/audio/jazz_10__time_stretch__-5pct.wav,,R,jazz,0.9869212985142951,0.9991496574760582,0.0,-5.0,0.7176228624941869,0.21428571428571427,time_stretch,0.0,0.4083258550341814,3.97536057692308,jazz_10,1.0,1.0,0.9997849551192939,0.9681448315302414
jazz_10::time_stretch::+5pct,jazz_10::time_stretch::+5pct,perturbations/audio/jazz_10__A.wav,perturbations/audio/jazz_10__time_stretch__+5pct.wav,,R,jazz,0.9878900387048963,0.9994283771621452,0.0,5.0,0.7378226786411424,0.14285714285714285,time_stretch,0.1111111111111111,0.4083258550341814,8.987771739130437,jazz_10,1.0,1.0,0.9998404300797507,0.9779235592941411
jazz_10::time_stretch::+10pct,jazz_10::time_stretch::+10pct,perturbations/audio/jazz_10__A.wav,perturbations/audio/jazz_10__time_stretch__+10pct.wav,,R,jazz,0.9875419559620922,0.9988304750353617,0.0,10.0,0.7099286580905407,0.21428571428571427,time_stretch,0.3157894736842105,0.4083258550341814,14.094460227272734,jazz_10,1.0,1.0,0.9998157061421546,0.9600542532861142
jazz_10::time_stretch::+20pct,jazz_10::time_stretch::+20pct,perturbations/audio/jazz_10__A.wav,perturbations/audio/jazz_10__time_stretch__+20pct.wav,,R,jazz,0.9839719189237799,0.9984164629097061,0.0,20.0,0.6713446493507649,0.07142857142857142,time_stretch,0.2857142857142857,0.4083258550341814,22.688643292682926,jazz_10,0.9142391492102216,0.9863275039745628,0.9996240690948922,0.9457843398542979
jazz_10::lowpass::lp8000,jazz_10::lowpass::lp8000,perturbations/audio/jazz_10__A.wav,perturbations/audio/jazz_10__lowpass__lp8000.wav,,T,jazz,0.9999999825139072,0.9999999791731027,0.0,8000.0,0.9998323340246791,1.0,lowpass,1.0,1.0,0.0,jazz_10,1.0,1.0,0.9540704930080723,0.29412229468740986
jazz_10::lowpass::lp4000,jazz_10::lowpass::lp4000,perturbations/audio/jazz_10__A.wav,perturbations/audio/jazz_10__lowpass__lp4000.wav,,T,jazz,0.9999846563030187,0.9999991029907985,0.0,4000.0,0.9999436040309316,1.0,lowpass,1.0,0.8573593861804992,0.0,jazz_10,1.0,1.0,0.8970214338365683,0.11056364981108736
jazz_10::lowpass::lp2000,jazz_10::lowpass::lp2000,perturbations/audio/jazz_10__A.wav,perturbations/audio/jazz_10__lowpass__lp2000.wav,,T,jazz,0.9999861340380856,0.9999980823889797,0.0,2000.0,0.9990122690530647,0.7857142857142857,lowpass,0.7142857142857143,0.7477123667696913,2.109375,jazz_10,0.945220803004546,0.9855522759049247,0.902668986333345,0.00039854735839500325
jazz_10::distortion::drv4,jazz_10::distortion::drv4,perturbations/audio/jazz_10__A.wav,perturbations/audio/jazz_10__distortion__drv4.wav,,T,jazz,0.9985881943469054,0.9997163201018752,0.0,4.0,0.9652100435327327,0.2857142857142857,distortion,0.2222222222222222,0.5898948397457926,0.0,jazz_10,1.0,1.0,0.997603448300696,0.9093608628157853
jazz_10::distortion::drv12,jazz_10::distortion::drv12,perturbations/audio/jazz_10__A.wav,perturbations/audio/jazz_10__distortion__drv12.wav,,T,jazz,0.9961039352801297,0.9988900639208634,0.3333333333333333,12.0,0.8909806846220163,0.2857142857142857,distortion,0.5555555555555556,0.4912824822514895,0.0,jazz_10,1.0,1.0,0.9865444888884474,0.73129369361959
jazz_10::distortion::drv32,jazz_10::distortion::drv32,perturbations/audio/jazz_10__A.wav,perturbations/audio/jazz_10__distortion__drv32.wav,,T,jazz,0.9945430285442233,0.9980897923845494,0.3333333333333333,32.0,0.8461986754818864,0.07142857142857142,distortion,0.5263157894736842,0.3799541111268843,14.094460227272734,jazz_10,1.0,1.0,0.9818916160074501,0.5871329739272487
jazz_10::style_swap::swap_cross,jazz_10::style_swap::swap_cross,perturbations/audio/jazz_10__A.wav,perturbations/audio/jazz_10__style_swap__swap_cross.wav,,S,jazz,0.7737314107240825,0.9196631823485485,0.16666666666666666,,0.2497370426603145,0.07142857142857142,style_swap,0.13333333333333333,0.4083258550341814,31.58203125,jazz_10,0.8139921705131304,0.9440682955549015,0.8657959536996583,0.272297030777166
jazz_10::style_swap::swap_same,jazz_10::style_swap::swap_same,perturbations/audio/jazz_10__A.wav,perturbations/audio/jazz_10__style_swap__swap_same.wav,,S,jazz,0.9387294102402436,0.9761021470965602,0.3333333333333333,,0.3045617935619568,0.0,style_swap,0.25,0.4083258550341814,3.97536057692308,jazz_10,0.3729933899905577,0.9625468164794008,0.9805137280696359,0.4521247791754142
jazz_11::control::ctrl,jazz_11::control::ctrl,perturbations/audio/jazz_11__A.wav,perturbations/audio/jazz_11__control__ctrl.wav,,control,jazz,1.0,0.9999999776014407,0.0,0.0,1.0,1.0,control,1.0,1.0,0.0,jazz_11,1.0,1.0,0.9999999998307937,1.0
jazz_11::pitch_shift::-4st,jazz_11::pitch_shift::-4st,perturbations/audio/jazz_11__A.wav,perturbations/audio/jazz_11__pitch_shift__-4st.wav,,H,jazz,0.8312911247045495,0.94621191910261,0.6666666666666666,-4.0,0.8593880335826851,0.09090909090909091,pitch_shift,1.0,0.8652503803481372,0.0,jazz_11,0.9243174934306863,0.9879960803527683,0.9979198569174915,0.5967156324255596
jazz_11::pitch_shift::-2st,jazz_11::pitch_shift::-2st,perturbations/audio/jazz_11__A.wav,perturbations/audio/jazz_11__pitch_shift__-2st.wav,,H,jazz,0.8672321765645937,0.9729321127032327,0.3333333333333333,-2.0,0.8812576784362182,0.18181818181818182,pitch_shift,1.0,0.8652503803481372,0.0,jazz_11,1.0,1.0,0.9988021009710188,0.834782865349639
jazz_11::pitch_shift::-1st,jazz_11::pitch_shift::-1st,perturbations/audio/jazz_11__A.wav,perturbations/audio/jazz_11__pitch_shift__-1st.wav,,H,jazz,0.8288869605187471,0.9553117203080236,0.8333333333333334,-1.0,0.9021448540541157,0.2727272727272727,pitch_shift,1.0,1.0,0.0,jazz_11,0.9243174934306863,0.9879960803527683,0.9995506645463584,0.931125067737324
jazz_11::pitch_shift::+1st,jazz_11::pitch_shift::+1st,perturbations/audio/jazz_11__A.wav,perturbations/audio/jazz_11__pitch_shift__+1st.wav,,H,jazz,0.8448017014542739,0.9607890113519323,0.8333333333333334,1.0,0.9130474257939694,0.36363636363636365,pitch_shift,1.0,1.0,0.0,jazz_11,0.8434139080483868,0.9764791464597479,0.9993818025879752,0.9205675925211908
jazz_11::pitch_shift::+4st,jazz_11::pitch_shift::+4st,perturbations/audio/jazz_11__A.wav,perturbations/audio/jazz_11__pitch_shift__+4st.wav,,H,jazz,0.8630283698385934,0.9441047170485516,0.6666666666666666,4.0,0.8661897337885515,0.09090909090909091,pitch_shift,1.0,0.8355049286556546,0.0,jazz_11,0.8666423501024101,0.9755174154467441,0.9892514832093644,0.6661208401303993
jazz_11::pitch_shift::+2st,jazz_11::pitch_shift::+2st,perturbations/audio/jazz_11__A.wav,perturbations/audio/jazz_11__pitch_shift__+2st.wav,,H,jazz,0.8649530463590163,0.9710271281368991,0.3333333333333333,2.0,0.8980196103138745,0.13636363636363635,pitch_shift,1.0,0.8652503803481372,0.0,jazz_11,0.8434139080483868,0.9764791464597479,0.9966511805917531,0.8042808277615987
jazz_11::time_stretch::-20pct,jazz_11::time_stretch::-20pct,perturbations/audio/jazz_11__A.wav,perturbations/audio/jazz_11__time_stretch__-20pct.wav,,R,jazz,0.9548551613317,0.9983569829195026,0.0,-20.0,0.6597049276396911,0.13636363636363635,time_stretch,0.23529411764705882,0.45461507562246173,23.66286057692308,jazz_11,0.8434139080483868,0.9764791464597479,0.9985026662248242,0.9110197549325288
jazz_11::time_stretch::-10pct,jazz_11::time_stretch::-10pct,perturbations/audio/jazz_11__A.wav,perturbations/audio/jazz_11__time_stretch__-10pct.wav,,R,jazz,0.9752428670825539,0.9986572716537833,0.0,-10.0,0.7227247903778212,0.0,time_stretch,0.3157894736842105,0.4083258550341814,10.699728260869563,jazz_11,0.8086829203363134,0.9633027522935781,0.9991637736271614,0.9368150081367411
jazz_11::time_stretch::-5pct,jazz_11::time_stretch::-5pct,perturbations/audio/jazz_11__A.wav,perturbations/audio/jazz_11__time_stretch__-5pct.wav,,R,jazz,0.9817040196866775,0.9989629780618728,0.0,-5.0,0.7765226622157568,0.18181818181818182,time_stretch,0.4000000000000001,0.417284593374673,5.593039772727266,jazz_11,0.7562740221569071,0.9654427645788336,0.9998465637616663,0.9669675715663207
jazz_11::time_stretch::+5pct,jazz_11::time_stretch::+5pct,perturbations/audio/jazz_11__A.wav,perturbations/audio/jazz_11__time_stretch__+5pct.wav,,R,jazz,0.9817137372874266,0.9991641512284604,0.0,5.0,0.77400875137986,0.13636363636363635,time_stretch,0.28571428571428564,0.3882255489085519,6.15234375,jazz_11,0.9301388705197725,0.9877530617345663,0.9999151971671147,0.9696992450350025
jazz_11::time_stretch::+10pct,jazz_11::time_stretch::+10pct,perturbations/audio/jazz_11__A.wav,perturbations/audio/jazz_11__time_stretch__+10pct.wav,,R,jazz,0.9757582506249114,0.9982624918499927,0.0,10.0,0.7554449081144027,0.22727272727272727,time_stretch,0.47619047619047616,0.3799541111268843,12.95230263157896,jazz_11,0.9243174934306863,0.9879960803527683,0.9997350851594411,0.9502003394535177
jazz_11::time_stretch::+20pct,jazz_11::time_stretch::+20pct,perturbations/audio/jazz_11__A.wav,perturbations/audio/jazz_11__time_stretch__+20pct.wav,,R,jazz,0.962540892396678,0.9966825577568243,0.0,20.0,0.6876432070172996,0.2727272727272727,time_stretch,0.3636363636363636,0.3619668402456946,20.5078125,jazz_11,1.0,1.0,0.9995502603247293,0.8955427856735139
jazz_11::lowpass::lp8000,jazz_11::lowpass::lp8000,perturbations/audio/jazz_11__A.wav,perturbations/audio/jazz_11__lowpass__lp8000.wav,,T,jazz,0.9999635187469761,0.9999972583431577,0.0,8000.0,0.9998059966646834,1.0,lowpass,1.0,1.0,0.0,jazz_11,1.0,1.0,0.9619675314019351,0.23702840647640877
jazz_11::lowpass::lp4000,jazz_11::lowpass::lp4000,perturbations/audio/jazz_11__A.wav,perturbations/audio/jazz_11__lowpass__lp4000.wav,,T,jazz,0.9999627551465556,0.9999965663447928,0.0,4000.0,0.9986152211769183,0.8636363636363636,lowpass,0.5555555555555556,0.5292760401180391,23.66286057692308,jazz_11,1.0,1.0,0.9037111000946038,0.07108697737061014
jazz_11::lowpass::lp2000,jazz_11::lowpass::lp2000,perturbations/audio/jazz_11__A.wav,perturbations/audio/jazz_11__lowpass__lp2000.wav,,T,jazz,0.9999034156421239,0.9999852718169063,0.0,2000.0,0.9929321468217682,0.8636363636363636,lowpass,0.3333333333333333,0.34267728370947276,36.9140625,jazz_11,1.0,1.0,0.9238163635740522,0.0001281995523562907
jazz_11::distortion::drv4,jazz_11::distortion::drv4,perturbations/audio/jazz_11__A.wav,perturbations/audio/jazz_11__distortion__drv4.wav,,T,jazz,0.9980796824502911,0.9997275074432864,0.0,4.0,0.9709464861342965,0.8636363636363636,distortion,1.0,0.9124608415961211,0.0,jazz_11,0.8434139080483868,0.9764791464597479,0.9705151371530643,0.6029861228632739
jazz_11::distortion::drv12,jazz_11::distortion::drv12,perturbations/audio/jazz_11__A.wav,perturbations/audio/jazz_11__distortion__drv12.wav,,T,jazz,0.9934780465553223,0.9988464912592774,0.0,12.0,0.930840758678262,0.8636363636363636,distortion,0.3529411764705882,0.417284593374673,27.34375,jazz_11,0.8730809123925357,0.9884179398718581,0.9530371703410292,0.4299169422509777
jazz_11::style_swap::swap_cross,jazz_11::style_swap::swap_cross,perturbations/audio/jazz_11__A.wav,perturbations/audio/jazz_11__style_swap__swap_cross.wav,,S,jazz,0.8661842416393558,0.9522464581006501,0.3333333333333333,,0.2837946027762416,0.0,style_swap,0.09523809523809525,0.3799541111268843,0.0,jazz_11,0.6616335161567435,0.954880075991451,0.9586781438136008,0.2612237681662028
jazz_11::style_swap::swap_same,jazz_11::style_swap::swap_same,perturbations/audio/jazz_11__A.wav,perturbations/audio/jazz_11__style_swap__swap_same.wav,,S,jazz,0.9055415884405084,0.979274618953626,0.3333333333333333,,0.3126340087998237,0.09090909090909091,style_swap,0.4210526315789474,0.3799541111268843,19.6875,jazz_11,1.0,1.0,0.9935140505390718,0.4818041606740837
jazz_12::control::ctrl,jazz_12::control::ctrl,perturbations/audio/jazz_12__A.wav,perturbations/audio/jazz_12__control__ctrl.wav,,control,jazz,1.0,0.9999999786908427,0.0,0.0,1.0,1.0,control,1.0,1.0,0.0,jazz_12,1.0,1.0,0.9999999998355498,1.0
jazz_12::pitch_shift::-4st,jazz_12::pitch_shift::-4st,perturbations/audio/jazz_12__A.wav,perturbations/audio/jazz_12__pitch_shift__-4st.wav,,H,jazz,0.8817367110141401,0.9287995590380325,0.6666666666666666,-4.0,0.7264058432626942,0.16666666666666666,pitch_shift,1.0,1.0,0.0,jazz_12,1.0,1.0,0.994526637730182,0.5922227637056269
jazz_11::distortion::drv32,jazz_11::distortion::drv32,perturbations/audio/jazz_11__A.wav,perturbations/audio/jazz_11__distortion__drv32.wav,,T,jazz,0.9914037556625291,0.9983869657246214,0.0,32.0,0.9113709827156485,0.8636363636363636,distortion,0.3529411764705882,0.417284593374673,27.34375,jazz_11,0.8730809123925357,0.9884179398718581,0.9594539960743544,0.35768089686620413
jazz_12::pitch_shift::-2st,jazz_12::pitch_shift::-2st,perturbations/audio/jazz_12__A.wav,perturbations/audio/jazz_12__pitch_shift__-2st.wav,,H,jazz,0.9058728211012593,0.9439308430433604,0.3333333333333333,-2.0,0.7949426115634777,0.16666666666666666,pitch_shift,1.0,1.0,0.0,jazz_12,1.0,1.0,0.9974583406747379,0.8584542264141184
jazz_12::pitch_shift::-1st,jazz_12::pitch_shift::-1st,perturbations/audio/jazz_12__A.wav,perturbations/audio/jazz_12__pitch_shift__-1st.wav,,H,jazz,0.8814993895349468,0.9528070573643563,0.8333333333333334,-1.0,0.8247416001028077,0.5,pitch_shift,1.0,1.0,0.0,jazz_12,1.0,1.0,0.9991426922234902,0.942286832155719
jazz_12::pitch_shift::+1st,jazz_12::pitch_shift::+1st,perturbations/audio/jazz_12__A.wav,perturbations/audio/jazz_12__pitch_shift__+1st.wav,,H,jazz,0.9173403172487369,0.9631610035721795,0.8333333333333334,1.0,0.795043392432252,0.16666666666666666,pitch_shift,1.0,0.9124608415961211,0.0,jazz_12,1.0,1.0,0.9993246481556548,0.9312159802212824
jazz_12::pitch_shift::+2st,jazz_12::pitch_shift::+2st,perturbations/audio/jazz_12__A.wav,perturbations/audio/jazz_12__pitch_shift__+2st.wav,,H,jazz,0.9074812892241398,0.9367953606347883,0.3333333333333333,2.0,0.7932200438802238,0.16666666666666666,pitch_shift,1.0,0.9124608415961211,0.0,jazz_12,1.0,1.0,0.9975701989801087,0.826207312249689
jazz_12::pitch_shift::+4st,jazz_12::pitch_shift::+4st,perturbations/audio/jazz_12__A.wav,perturbations/audio/jazz_12__pitch_shift__+4st.wav,,H,jazz,0.8657522285930757,0.9261256783898295,0.6666666666666666,4.0,0.7345676689241258,0.0,pitch_shift,1.0,0.9124608415961211,0.0,jazz_12,1.0,1.0,0.9922715167428595,0.6602033337665097
jazz_12::time_stretch::-20pct,jazz_12::time_stretch::-20pct,perturbations/audio/jazz_12__A.wav,perturbations/audio/jazz_12__time_stretch__-20pct.wav,,R,jazz,0.9746469897131809,0.9944945693450212,0.0,-20.0,0.5996298221231341,0.16666666666666666,time_stretch,0.47058823529411764,0.49194555787025035,28.952205882352928,jazz_12,0.46279821229988094,0.9575418994413407,0.9974920622861371,0.8350906806002393
jazz_12::time_stretch::-5pct,jazz_12::time_stretch::-5pct,perturbations/audio/jazz_12__A.wav,perturbations/audio/jazz_12__time_stretch__-5pct.wav,,R,jazz,0.9803778817779131,0.9955033304475018,0.0,-5.0,0.6454413468964413,0.0,time_stretch,0.25,0.3799541111268843,8.444393382352928,jazz_12,1.0,1.0,0.9998426071546086,0.9631906810593248
jazz_12::time_stretch::-10pct,jazz_12::time_stretch::-10pct,perturbations/audio/jazz_12__A.wav,perturbations/audio/jazz_12__time_stretch__-10pct.wav,,R,jazz,0.9848584900742154,0.9967105595798302,0.0,-10.0,0.6416824001774631,0.16666666666666666,time_stretch,0.380952380952381,0.417284593374673,15.999903250773968,jazz_12,0.9070071229635471,0.9884705882352942,0.9993513094755498,0.9406050716864055
jazz_12::time_stretch::+5pct,jazz_12::time_stretch::+5pct,perturbations/audio/jazz_12__A.wav,perturbations/audio/jazz_12__time_stretch__+5pct.wav,,R,jazz,0.9858189097111997,0.9967418598755289,0.0,5.0,0.6828105981869177,0.16666666666666666,time_stretch,0.608695652173913,0.3380197595398312,9.499942555147072,jazz_12,0.185123592108247,0.6638655462184874,0.9997892269342478,0.972228591250211
jazz_12::time_stretch::+10pct,jazz_12::time_stretch::+10pct,perturbations/audio/jazz_12__A.wav,perturbations/audio/jazz_12__time_stretch__+10pct.wav,,R,jazz,0.9860341716363323,0.9965793629627455,0.0,10.0,0.6747584409700282,0.3333333333333333,time_stretch,0.3333333333333333,0.3960065440634566,20.266544117647072,jazz_12,1.0,1.0,0.9994084438005173,0.9553428636857768
jazz_12::time_stretch::+20pct,jazz_12::time_stretch::+20pct,perturbations/audio/jazz_12__A.wav,perturbations/audio/jazz_12__time_stretch__+20pct.wav,,R,jazz,0.9756870776884305,0.9933093680187207,0.0,20.0,0.6068573568908794,0.0,time_stretch,0.22222222222222224,0.5800320747123774,32.57123161764707,jazz_12,0.826556440563825,0.976948669201521,0.9982787527388031,0.9134681746767608
jazz_12::lowpass::lp8000,jazz_12::lowpass::lp8000,perturbations/audio/jazz_12__A.wav,perturbations/audio/jazz_12__lowpass__lp8000.wav,,T,jazz,0.999106088978334,0.9998124162306492,0.0,8000.0,0.9923123258702001,0.5,lowpass,1.0,1.0,0.0,jazz_12,1.0,1.0,0.9722180660226325,0.3277357857471996
jazz_12::lowpass::lp4000,jazz_12::lowpass::lp4000,perturbations/audio/jazz_12__A.wav,perturbations/audio/jazz_12__lowpass__lp4000.wav,,T,jazz,0.9999271129445564,0.9999832520495785,0.0,4000.0,0.9922061048351354,0.5,lowpass,1.0,0.8355049286556546,0.0,jazz_12,1.0,1.0,0.9307172748259891,0.1438798516445528
jazz_12::distortion::drv4,jazz_12::distortion::drv4,perturbations/audio/jazz_12__A.wav,perturbations/audio/jazz_12__distortion__drv4.wav,,T,jazz,0.9947636040734602,0.9993329050193988,0.0,4.0,0.9484583551551888,0.5,distortion,1.0,1.0,0.0,jazz_12,1.0,1.0,0.9922023220597124,0.8396514904339496
jazz_12::lowpass::lp2000,jazz_12::lowpass::lp2000,perturbations/audio/jazz_12__A.wav,perturbations/audio/jazz_12__lowpass__lp2000.wav,,T,jazz,0.9999397655107041,0.9999838369440337,0.0,2000.0,0.9882608017022765,0.5,lowpass,1.0,0.8355049286556546,0.0,jazz_12,1.0,1.0,0.9426735053359309,0.0006892589787033943
jazz_12::distortion::drv12,jazz_12::distortion::drv12,perturbations/audio/jazz_12__A.wav,perturbations/audio/jazz_12__distortion__drv12.wav,,T,jazz,0.994596559195913,0.9979266220663023,0.0,12.0,0.8242590166274024,1.0,distortion,1.0,0.9124608415961211,0.0,jazz_12,1.0,1.0,0.9772697503134005,0.6252947817285195
jazz_12::distortion::drv32,jazz_12::distortion::drv32,perturbations/audio/jazz_12__A.wav,perturbations/audio/jazz_12__distortion__drv32.wav,,T,jazz,0.9920280488226247,0.9977183452790699,0.0,32.0,0.7580023031401562,0.5,distortion,0.9090909090909091,0.8057224489700585,0.0,jazz_12,0.18484263012027466,0.6634495641344956,0.9701072298578282,0.48177142352639685
jazz_12::style_swap::swap_cross,jazz_12::style_swap::swap_cross,perturbations/audio/jazz_12__A.wav,perturbations/audio/jazz_12__style_swap__swap_cross.wav,,S,jazz,0.8447853072803918,0.9038038885842664,0.16666666666666666,,0.28840236414351794,0.0,style_swap,0.23529411764705882,0.417284593374673,44.33306525735293,jazz_12,1.0,1.0,0.9514652783148138,0.29795039201604834
jazz_12::style_swap::swap_same,jazz_12::style_swap::swap_same,perturbations/audio/jazz_12__A.wav,perturbations/audio/jazz_12__style_swap__swap_same.wav,,S,jazz,0.9224486250585102,0.9680808638636977,0.6666666666666666,,0.2545083579404097,0.0,style_swap,0.4347826086956522,0.3380197595398312,9.499942555147072,jazz_12,0.2580367393800235,0.9480433340703073,0.7296098035950063,0.18958262722571706
jazz_13::control::ctrl,jazz_13::control::ctrl,perturbations/audio/jazz_13__A.wav,perturbations/audio/jazz_13__control__ctrl.wav,,control,jazz,1.0,0.9999999777355089,0.0,0.0,1.0,1.0,control,1.0,1.0,0.0,jazz_13,1.0,1.0,0.9999999998760523,1.0
jazz_13::pitch_shift::-4st,jazz_13::pitch_shift::-4st,perturbations/audio/jazz_13__A.wav,perturbations/audio/jazz_13__pitch_shift__-4st.wav,,H,jazz,0.805136775348955,0.8470484361436809,1.0,-4.0,0.8481600507800895,0.36,pitch_shift,1.0,0.8573593861804992,0.0,jazz_13,1.0,1.0,0.9956572152237713,0.5728571936440751
jazz_13::pitch_shift::-1st,jazz_13::pitch_shift::-1st,perturbations/audio/jazz_13__A.wav,perturbations/audio/jazz_13__pitch_shift__-1st.wav,,H,jazz,0.8954831926258803,0.9673407796077262,0.8333333333333334,-1.0,0.9106528860339621,0.52,pitch_shift,1.0,0.9060656183380302,0.0,jazz_13,1.0,1.0,0.999527123221555,0.9453117970948363
jazz_13::pitch_shift::+1st,jazz_13::pitch_shift::+1st,perturbations/audio/jazz_13__A.wav,perturbations/audio/jazz_13__pitch_shift__+1st.wav,,H,jazz,0.8827571671363825,0.9571591741089635,0.8333333333333334,1.0,0.9115821986469652,0.52,pitch_shift,1.0,0.9060656183380302,0.0,jazz_13,1.0,1.0,0.9998320632309238,0.9275839417651227
jazz_13::pitch_shift::-2st,jazz_13::pitch_shift::-2st,perturbations/audio/jazz_13__A.wav,perturbations/audio/jazz_13__pitch_shift__-2st.wav,,H,jazz,0.8674605646610511,0.9110070471117715,0.3333333333333333,-2.0,0.8975159505091915,0.32,pitch_shift,1.0,0.6491000092753881,0.0,jazz_13,1.0,1.0,0.9986469084195991,0.8440049600108719
jazz_13::pitch_shift::+2st,jazz_13::pitch_shift::+2st,perturbations/audio/jazz_13__A.wav,perturbations/audio/jazz_13__pitch_shift__+2st.wav,,H,jazz,0.8687573683696969,0.8976837805771201,0.3333333333333333,2.0,0.871485869671728,0.8,pitch_shift,1.0,1.0,0.0,jazz_13,1.0,1.0,0.9992351637503877,0.8268397616364807
jazz_13::pitch_shift::+4st,jazz_13::pitch_shift::+4st,perturbations/audio/jazz_13__A.wav,perturbations/audio/jazz_13__pitch_shift__+4st.wav,,H,jazz,0.7634712902202834,0.8274693010601296,0.6666666666666666,4.0,0.8469306468810438,0.6,pitch_shift,1.0,0.7714638244574039,0.0,jazz_13,1.0,1.0,0.9960454395783757,0.673504293238818
jazz_13::time_stretch::-20pct,jazz_13::time_stretch::-20pct,perturbations/audio/jazz_13__A.wav,perturbations/audio/jazz_13__time_stretch__-20pct.wav,,R,jazz,0.9451495306177513,0.9978889299548581,0.0,-20.0,0.6244309022121426,0.28,time_stretch,0.33333333333333337,0.3548238525446926,21.533203125,jazz_13,0.771920028268428,0.9778639890460977,0.9995152962742607,0.8822284216055637
jazz_13::time_stretch::-10pct,jazz_13::time_stretch::-10pct,perturbations/audio/jazz_13__A.wav,perturbations/audio/jazz_13__time_stretch__-10pct.wav,,R,jazz,0.9815150450518755,0.9990963354204907,0.0,-10.0,0.7418815323552878,0.28,time_stretch,0.47058823529411764,0.4498041686428355,8.28200120192308,jazz_13,0.7562740221569071,0.9654427645788336,0.9996664904525517,0.9173031533744846
jazz_13::time_stretch::-5pct,jazz_13::time_stretch::-5pct,perturbations/audio/jazz_13__A.wav,perturbations/audio/jazz_13__time_stretch__-5pct.wav,,R,jazz,0.982364854930275,0.998949147133402,0.0,-5.0,0.7741119449791869,0.6,time_stretch,0.25,0.4083258550341814,4.306640625,jazz_13,0.9070071229635471,0.9884705882352942,0.9998633173675511,0.9599091010268872
jazz_13::time_stretch::+20pct,jazz_13::time_stretch::+20pct,perturbations/audio/jazz_13__A.wav,perturbations/audio/jazz_13__time_stretch__+20pct.wav,,R,jazz,0.9603310916161923,0.9953349447958432,0.0,20.0,0.6364726595088657,0.12,time_stretch,0.3157894736842105,0.417284593374673,21.533203125,jazz_13,0.9070071229635471,0.9884705882352942,0.9994403290859816,0.8873759109776334
jazz_13::time_stretch::+10pct,jazz_13::time_stretch::+10pct,perturbations/audio/jazz_13__A.wav,perturbations/audio/jazz_13__time_stretch__+10pct.wav,,R,jazz,0.9737413995608162,0.996824587633195,0.0,10.0,0.737239529546715,0.12,time_stretch,0.47058823529411764,0.4400427662831699,9.787819602272734,jazz_13,0.826556440563825,0.976948669201521,0.9997043927854753,0.9235640694047552
jazz_13::time_stretch::+5pct,jazz_13::time_stretch::+5pct,perturbations/audio/jazz_13__A.wav,perturbations/audio/jazz_13__time_stretch__+5pct.wav,,R,jazz,0.9855745089427007,0.998584161669084,0.0,5.0,0.7573077352942641,0.12,time_stretch,0.0,0.4912824822514895,4.681131114130437,jazz_13,0.826556440563825,0.976948669201521,0.9998381703537762,0.9525330597604559
jazz_13::lowpass::lp8000,jazz_13::lowpass::lp8000,perturbations/audio/jazz_13__A.wav,perturbations/audio/jazz_13__lowpass__lp8000.wav,,T,jazz,0.9997612541845616,0.9999611891738319,0.0,8000.0,0.999996480363873,1.0,lowpass,1.0,1.0,0.0,jazz_13,1.0,1.0,0.9953082662399019,0.45305543563820516
jazz_13::lowpass::lp4000,jazz_13::lowpass::lp4000,perturbations/audio/jazz_13__A.wav,perturbations/audio/jazz_13__lowpass__lp4000.wav,,T,jazz,0.999574198567813,0.999923375821825,0.0,4000.0,0.9999844593260016,1.0,lowpass,0.5882352941176471,0.5069382125284845,0.0,jazz_13,1.0,1.0,0.985396717887551,0.045660280620525316
jazz_13::lowpass::lp2000,jazz_13::lowpass::lp2000,perturbations/audio/jazz_13__A.wav,perturbations/audio/jazz_13__lowpass__lp2000.wav,,T,jazz,0.9995523874644678,0.999916727617019,0.0,2000.0,0.9998000291544498,1.0,lowpass,0.6153846153846153,0.3907789552631128,0.0,jazz_13,1.0,1.0,0.9642526683243748,6.543134287373605e-05
jazz_13::distortion::drv4,jazz_13::distortion::drv4,perturbations/audio/jazz_13__A.wav,perturbations/audio/jazz_13__distortion__drv4.wav,,T,jazz,0.9982708956141971,0.9993592726353278,0.0,4.0,0.9538344919325122,0.32,distortion,1.0,0.9060656183380302,0.0,jazz_13,1.0,1.0,0.9967881230145911,0.7857924536045346
jazz_13::distortion::drv12,jazz_13::distortion::drv12,perturbations/audio/jazz_13__A.wav,perturbations/audio/jazz_13__distortion__drv12.wav,,T,jazz,0.988907071403206,0.9946847290232705,0.0,12.0,0.8877079549270281,0.44,distortion,0.4210526315789474,0.4083258550341814,0.0,jazz_13,1.0,1.0,0.9874869879511767,0.500102575284162
jazz_13::distortion::drv32,jazz_13::distortion::drv32,perturbations/audio/jazz_13__A.wav,perturbations/audio/jazz_13__distortion__drv32.wav,,T,jazz,0.9844984928023892,0.9915921478945977,0.0,32.0,0.8367681999057428,0.44,distortion,0.1111111111111111,0.4498041686428355,0.0,jazz_13,1.0,1.0,0.9844701725080708,0.35502609308232497
jazz_13::style_swap::swap_same,jazz_13::style_swap::swap_same,perturbations/audio/jazz_13__A.wav,perturbations/audio/jazz_13__style_swap__swap_same.wav,,S,jazz,0.853404488962042,0.9238485125400678,0.5,,0.2731868086444408,0.0,style_swap,0.27272727272727276,0.3093040039646091,26.91650390625,jazz_13,0.2580367393800235,0.9480433340703073,0.8102290120642687,0.15249586489749622
jazz_13::style_swap::swap_cross,jazz_13::style_swap::swap_cross,perturbations/audio/jazz_13__A.wav,perturbations/audio/jazz_13__style_swap__swap_cross.wav,,S,jazz,0.7547614439482674,0.78353855084388,0.3333333333333333,,0.2915012796098454,0.0,style_swap,0.3333333333333333,0.4083258550341814,33.837890625,jazz_13,0.07079372189380496,0.645347074871173,0.9860301195802437,0.2763863979512716
jazz_14::control::ctrl,jazz_14::control::ctrl,perturbations/audio/jazz_14__A.wav,perturbations/audio/jazz_14__control__ctrl.wav,,control,jazz,1.0,0.9999999782552236,0.0,0.0,1.0,1.0,control,1.0,1.0,0.0,jazz_14,1.0,1.0,0.9999999998795824,1.0
jazz_14::pitch_shift::-4st,jazz_14::pitch_shift::-4st,perturbations/audio/jazz_14__A.wav,perturbations/audio/jazz_14__pitch_shift__-4st.wav,,H,jazz,0.8407919960171334,0.9248367524708015,0.6666666666666666,-4.0,0.7101461874789504,0.18181818181818182,pitch_shift,0.9090909090909091,0.7663803979300717,0.0,jazz_14,1.0,1.0,0.9971364938333865,0.6086940431982714
jazz_14::pitch_shift::-2st,jazz_14::pitch_shift::-2st,perturbations/audio/jazz_14__A.wav,perturbations/audio/jazz_14__pitch_shift__-2st.wav,,H,jazz,0.8836917645994649,0.9284923915567259,0.3333333333333333,-2.0,0.8000253417230448,0.2727272727272727,pitch_shift,0.9090909090909091,0.8786717476399575,0.0,jazz_14,1.0,1.0,0.9988375900439533,0.8314213030998192
jazz_14::pitch_shift::-1st,jazz_14::pitch_shift::-1st,perturbations/audio/jazz_14__A.wav,perturbations/audio/jazz_14__pitch_shift__-1st.wav,,H,jazz,0.874032792597842,0.947662101292553,0.8333333333333334,-1.0,0.8180173092439418,0.45454545454545453,pitch_shift,0.9090909090909091,0.8786717476399575,0.0,jazz_14,1.0,1.0,0.9996637715996185,0.9397637231241688
jazz_14::pitch_shift::+1st,jazz_14::pitch_shift::+1st,perturbations/audio/jazz_14__A.wav,perturbations/audio/jazz_14__pitch_shift__+1st.wav,,H,jazz,0.8794102889066514,0.9547233593707563,0.8333333333333334,1.0,0.813707838854372,0.0,pitch_shift,0.888888888888889,0.8652503803481372,0.0,jazz_14,1.0,1.0,0.9995665647183359,0.9243644503670878
jazz_14::pitch_shift::+2st,jazz_14::pitch_shift::+2st,perturbations/audio/jazz_14__A.wav,perturbations/audio/jazz_14__pitch_shift__+2st.wav,,H,jazz,0.879226746526673,0.9402840518653031,0.3333333333333333,2.0,0.815860260192265,0.2727272727272727,pitch_shift,0.9090909090909091,0.8786717476399575,0.0,jazz_14,1.0,1.0,0.9980521920066996,0.7791853852524515
jazz_14::pitch_shift::+4st,jazz_14::pitch_shift::+4st,perturbations/audio/jazz_14__A.wav,perturbations/audio/jazz_14__pitch_shift__+4st.wav,,H,jazz,0.8445830148110813,0.9292261037412469,0.6666666666666666,4.0,0.7715864633318149,0.0,pitch_shift,0.888888888888889,0.7159284513569825,0.0,jazz_14,1.0,1.0,0.9937723109339417,0.5845765849780752
jazz_14::time_stretch::-20pct,jazz_14::time_stretch::-20pct,perturbations/audio/jazz_14__A.wav,perturbations/audio/jazz_14__time_stretch__-20pct.wav,,R,jazz,0.9599106950584982,0.9976555796533594,0.0,-20.0,0.5874692799094431,0.09090909090909091,time_stretch,0.20000000000000004,0.5666065223658278,15.906880557455537,jazz_14,0.8420166283229545,0.9886610373944511,0.999148709009507,0.901744258294763
jazz_14::time_stretch::-10pct,jazz_14::time_stretch::-10pct,perturbations/audio/jazz_14__A.wav,perturbations/audio/jazz_14__time_stretch__-10pct.wav,,R,jazz,0.9775612664285337,0.9987605402884137,0.0,-10.0,0.6701061764885335,0.0,time_stretch,0.20000000000000004,0.5666065223658278,7.999951625386984,jazz_14,0.0,0.9196857267568748,0.9996556166754983,0.9475752989987299
jazz_14::time_stretch::-5pct,jazz_14::time_stretch::-5pct,perturbations/audio/jazz_14__A.wav,perturbations/audio/jazz_14__time_stretch__-5pct.wav,,R,jazz,0.9728195080936166,0.997210761463422,0.0,-5.0,0.6504651234430279,0.09090909090909091,time_stretch,0.0,0.5666065223658278,4.222196691176464,jazz_14,0.0,0.9196857267568748,0.9999598904102577,0.9746986890934279
jazz_14::time_stretch::+5pct,jazz_14::time_stretch::+5pct,perturbations/audio/jazz_14__A.wav,perturbations/audio/jazz_14__time_stretch__+5pct.wav,,R,jazz,0.9803123978022344,0.9978747756183214,0.0,5.0,0.7008310014662338,0.18181818181818182,time_stretch,0.0,0.5293296949484161,2.303016377005349,jazz_14,1.0,1.0,0.9999036079512151,0.9745658408466938
jazz_14::time_stretch::+10pct,jazz_14::time_stretch::+10pct,perturbations/audio/jazz_14__A.wav,perturbations/audio/jazz_14__time_stretch__+10pct.wav,,R,jazz,0.974920775211814,0.9985377756669617,0.0,10.0,0.6871871454066238,0.45454545454545453,time_stretch,0.5,0.5293296949484161,7.3547942362428955,jazz_14,0.9168580536797724,0.9882352941176471,0.9998666705255999,0.95958114107939
jazz_14::time_stretch::+20pct,jazz_14::time_stretch::+20pct,perturbations/audio/jazz_14__A.wav,perturbations/audio/jazz_14__time_stretch__+20pct.wav,,R,jazz,0.9775669918439986,0.9980746887735851,0.0,20.0,0.5848745219508458,0.45454545454545453,time_stretch,0.3333333333333333,0.5293296949484161,13.103369041582155,jazz_14,0.9168580536797724,0.9882352941176471,0.9997943368531879,0.9398371120657765
jazz_14::lowpass::lp8000,jazz_14::lowpass::lp8000,perturbations/audio/jazz_14__A.wav,perturbations/audio/jazz_14__lowpass__lp8000.wav,,T,jazz,0.9993696394135795,0.9997496713375553,0.0,8000.0,0.999996565209018,1.0,lowpass,0.9090909090909091,0.7663803979300717,0.0,jazz_14,1.0,1.0,0.9962791917085797,0.7510756337891773
jazz_14::lowpass::lp4000,jazz_14::lowpass::lp4000,perturbations/audio/jazz_14__A.wav,perturbations/audio/jazz_14__lowpass__lp4000.wav,,T,jazz,0.9993698897586198,0.9997496285448574,0.0,4000.0,0.9862120118037866,0.6363636363636364,lowpass,0.9090909090909091,0.7663803979300717,0.0,jazz_14,1.0,1.0,0.981539744025084,0.018072801404394972
jazz_14::lowpass::lp2000,jazz_14::lowpass::lp2000,perturbations/audio/jazz_14__A.wav,perturbations/audio/jazz_14__lowpass__lp2000.wav,,T,jazz,0.9997682220237681,0.9999165764439598,0.0,2000.0,0.98500056271318,0.6363636363636364,lowpass,0.8000000000000002,0.6412674868614051,2.171415441176464,jazz_14,1.0,1.0,0.944811376622828,0.00011115884249133091
jazz_14::distortion::drv4,jazz_14::distortion::drv4,perturbations/audio/jazz_14__A.wav,perturbations/audio/jazz_14__distortion__drv4.wav,,T,jazz,0.9982516731579225,0.9996606388761196,0.0,4.0,0.939857186682708,0.6363636363636364,distortion,0.7272727272727272,0.6654290525196019,0.0,jazz_14,0.9168580536797724,0.9882352941176471,0.9930697646339168,0.7557887676156183
jazz_14::distortion::drv12,jazz_14::distortion::drv12,perturbations/audio/jazz_14__A.wav,perturbations/audio/jazz_14__distortion__drv12.wav,,T,jazz,0.9942773566875274,0.998125169837482,0.0,12.0,0.8553415253593106,0.18181818181818182,distortion,0.0,0.5175105162781474,0.0,jazz_14,0.6420829343260603,0.9778042959427208,0.9844449242801299,0.5486204104493323
jazz_14::distortion::drv32,jazz_14::distortion::drv32,perturbations/audio/jazz_14__A.wav,perturbations/audio/jazz_14__distortion__drv32.wav,,T,jazz,0.9914083092031032,0.996837474789632,0.0,32.0,0.8061674488841422,0.5454545454545454,distortion,0.16666666666666666,0.47600043459443236,13.103369041582155,jazz_14,0.6420829343260603,0.9778042959427208,0.9868360064703612,0.38086643243977386
jazz_14::style_swap::swap_cross,jazz_14::style_swap::swap_cross,perturbations/audio/jazz_14__A.wav,perturbations/audio/jazz_14__style_swap__swap_cross.wav,,S,jazz,0.8681863812642611,0.9220185779621042,0.8333333333333334,,0.2715045649255008,0.0,style_swap,0.5,0.47600043459443236,0.0,jazz_14,1.0,1.0,0.8872314947946807,0.22522795582017763
jazz_14::style_swap::swap_same,jazz_14::style_swap::swap_same,perturbations/audio/jazz_14__A.wav,perturbations/audio/jazz_14__style_swap__swap_same.wav,,S,jazz,0.8450575407170573,0.9593784352999316,0.3333333333333333,,0.2921554547490859,0.0,style_swap,0.26666666666666666,0.3799541111268843,14.476102941176464,jazz_14,0.9243174934306863,0.9879960803527683,0.9761987027667901,0.35165143314603764
jazz_15::control::ctrl,jazz_15::control::ctrl,perturbations/audio/jazz_15__A.wav,perturbations/audio/jazz_15__control__ctrl.wav,,control,jazz,1.0,0.9999999736039691,0.0,0.0,1.0,1.0,control,1.0,1.0,0.0,jazz_15,1.0,1.0,0.9999999999053896,1.0
jazz_15::pitch_shift::-4st,jazz_15::pitch_shift::-4st,perturbations/audio/jazz_15__A.wav,perturbations/audio/jazz_15__pitch_shift__-4st.wav,,H,jazz,0.6493826713503328,0.8142542758705128,0.6666666666666666,-4.0,0.8700727530628669,0.5,pitch_shift,0.625,0.6659054221466965,3.7777549342105203,jazz_15,1.0,1.0,0.9902156055711147,0.4170157110863077
jazz_15::pitch_shift::-2st,jazz_15::pitch_shift::-2st,perturbations/audio/jazz_15__A.wav,perturbations/audio/jazz_15__pitch_shift__-2st.wav,,H,jazz,0.7398957240805396,0.9111164307569654,0.3333333333333333,-2.0,0.9074464516034271,0.7272727272727273,pitch_shift,0.6666666666666666,0.6180271618629118,3.7777549342105203,jazz_15,0.6176851470084379,0.9557831044915056,0.996827464710825,0.7106053408551947
jazz_15::pitch_shift::-1st,jazz_15::pitch_shift::-1st,perturbations/audio/jazz_15__A.wav,perturbations/audio/jazz_15__pitch_shift__-1st.wav,,H,jazz,0.5772352916871621,0.7794217021835871,0.8333333333333334,-1.0,0.9296413334625206,0.6363636363636364,pitch_shift,1.0,1.0,0.0,jazz_15,1.0,1.0,0.9985091070371258,0.8450580293242924
jazz_15::pitch_shift::+1st,jazz_15::pitch_shift::+1st,perturbations/audio/jazz_15__A.wav,perturbations/audio/jazz_15__pitch_shift__+1st.wav,,H,jazz,0.571414180749488,0.7699124655768705,0.8333333333333334,1.0,0.9576850961157664,1.0,pitch_shift,0.6666666666666666,0.722732453936632,3.7777549342105203,jazz_15,1.0,1.0,0.9986398941855854,0.8648688642847836
jazz_15::pitch_shift::+2st,jazz_15::pitch_shift::+2st,perturbations/audio/jazz_15__A.wav,perturbations/audio/jazz_15__pitch_shift__+2st.wav,,H,jazz,0.7180882548771392,0.8946794755880423,0.3333333333333333,2.0,0.9147353876513892,0.5909090909090909,pitch_shift,1.0,0.8187697303511506,0.0,jazz_15,1.0,1.0,0.9962039962673883,0.7224434848776404
jazz_15::time_stretch::-20pct,jazz_15::time_stretch::-20pct,perturbations/audio/jazz_15__A.wav,perturbations/audio/jazz_15__time_stretch__-20pct.wav,,R,jazz,0.9246603615876063,0.9979004973352728,0.0,-20.0,0.655568383711779,0.4090909090909091,time_stretch,0.0,0.5175105162781474,11.826015446224261,jazz_15,0.7275132636315729,0.9661335841956726,0.9988588810318483,0.7671992473380574
jazz_15::pitch_shift::+4st,jazz_15::pitch_shift::+4st,perturbations/audio/jazz_15__A.wav,perturbations/audio/jazz_15__pitch_shift__+4st.wav,,H,jazz,0.6200025830767742,0.7896545914434028,0.6666666666666666,4.0,0.9133457759266916,0.7272727272727273,pitch_shift,0.625,0.6046555950322132,3.7777549342105203,jazz_15,1.0,1.0,0.9869030428985662,0.5210732097636295
jazz_15::time_stretch::-10pct,jazz_15::time_stretch::-10pct,perturbations/audio/jazz_15__A.wav,perturbations/audio/jazz_15__time_stretch__-10pct.wav,,R,jazz,0.9526088488912825,0.9965427611836586,0.0,-10.0,0.752068711334344,0.6363636363636364,time_stretch,0.37499999999999994,0.3882255489085519,0.0,jazz_15,0.9243174934306863,0.9879960803527683,0.9991347090573082,0.8850962747811626
jazz_15::time_stretch::-5pct,jazz_15::time_stretch::-5pct,perturbations/audio/jazz_15__A.wav,perturbations/audio/jazz_15__time_stretch__-5pct.wav,,R,jazz,0.9952381139264737,0.9986664463960089,0.0,-5.0,0.8017732874748739,0.7727272727272727,time_stretch,0.0,0.5666065223658278,3.3999794407894797,jazz_15,0.7950849295265631,0.9640269797651762,0.999413340609603,0.9188699808110491
jazz_15::time_stretch::+5pct,jazz_15::time_stretch::+5pct,perturbations/audio/jazz_15__A.wav,perturbations/audio/jazz_15__time_stretch__+5pct.wav,,R,jazz,0.9738079607927097,0.9993740520247373,0.0,5.0,0.7860210436162007,0.36363636363636365,time_stretch,0.0,0.5666065223658278,3.7777549342105203,jazz_15,0.8563890129188146,0.9760019792182089,0.9989992171560899,0.9273499334623209
jazz_15::time_stretch::+10pct,jazz_15::time_stretch::+10pct,perturbations/audio/jazz_15__A.wav,perturbations/audio/jazz_15__time_stretch__+10pct.wav,,R,jazz,0.9615923973134805,0.9985148558755067,0.0,10.0,0.7618714755544564,0.6818181818181818,time_stretch,0.22222222222222224,0.5666065223658278,7.999951625386984,jazz_15,0.9168580536797724,0.9882352941176471,0.9991080390562842,0.9141886790505226
jazz_15::lowpass::lp8000,jazz_15::lowpass::lp8000,perturbations/audio/jazz_15__A.wav,perturbations/audio/jazz_15__lowpass__lp8000.wav,,T,jazz,0.9999998876923828,0.999999972016901,0.0,8000.0,0.9996196576044285,1.0,lowpass,1.0,1.0,0.0,jazz_15,1.0,1.0,0.9999997543851458,0.869962873677686
jazz_15::time_stretch::+20pct,jazz_15::time_stretch::+20pct,perturbations/audio/jazz_15__A.wav,perturbations/audio/jazz_15__time_stretch__+20pct.wav,,R,jazz,0.9360155936940283,0.9968472293458046,0.0,20.0,0.692695439161834,0.8636363636363636,time_stretch,0.3333333333333333,0.47600043459443236,12.74992290296052,jazz_15,0.21737589369630772,0.6543973941368078,0.9992397588290699,0.9037087591469009
jazz_15::lowpass::lp2000,jazz_15::lowpass::lp2000,perturbations/audio/jazz_15__A.wav,perturbations/audio/jazz_15__lowpass__lp2000.wav,,T,jazz,0.9999661409197026,0.9999909120371752,0.0,2000.0,0.9992230554229876,1.0,lowpass,1.0,0.8652503803481372,5.82853618421052,jazz_15,1.0,1.0,0.9765932191998652,0.0006549111358816885
jazz_15::lowpass::lp4000,jazz_15::lowpass::lp4000,perturbations/audio/jazz_15__A.wav,perturbations/audio/jazz_15__lowpass__lp4000.wav,,T,jazz,0.9999995177803039,0.9999999655499989,0.0,4000.0,0.9999636305794949,1.0,lowpass,1.0,1.0,0.0,jazz_15,1.0,1.0,0.9994690261941136,0.013607056968417758
jazz_15::distortion::drv4,jazz_15::distortion::drv4,perturbations/audio/jazz_15__A.wav,perturbations/audio/jazz_15__distortion__drv4.wav,,T,jazz,0.9991979289321835,0.9997242449382855,0.0,4.0,0.9883029250341834,1.0,distortion,0.625,0.6659054221466965,3.7777549342105203,jazz_15,1.0,1.0,0.9947890904767973,0.6368039538411073
jazz_15::distortion::drv12,jazz_15::distortion::drv12,perturbations/audio/jazz_15__A.wav,perturbations/audio/jazz_15__distortion__drv12.wav,,T,jazz,0.9930646653235186,0.9968304664212628,0.0,12.0,0.9286971872700014,1.0,distortion,0.625,0.6659054221466965,3.7777549342105203,jazz_15,0.6176851470084379,0.9557831044915056,0.9643441891580635,0.15745031970351547
jazz_15::distortion::drv32,jazz_15::distortion::drv32,perturbations/audio/jazz_15__A.wav,perturbations/audio/jazz_15__distortion__drv32.wav,,T,jazz,0.9821701820383091,0.9918717873841505,0.16666666666666666,32.0,0.8458291225512667,1.0,distortion,0.5000000000000001,0.43497158481499204,0.0,jazz_15,0.6176851470084379,0.9557831044915056,0.9329214924621388,0.10639544120838036
jazz_15::style_swap::swap_cross,jazz_15::style_swap::swap_cross,perturbations/audio/jazz_15__A.wav,perturbations/audio/jazz_15__style_swap__swap_cross.wav,,S,jazz,0.6932117315309344,0.9216502675220044,0.3333333333333333,,0.27434051545046,0.0,style_swap,0.3333333333333333,0.47600043459443236,18.30758160425102,jazz_15,1.0,1.0,0.8777351915643707,0.11080311808604353
jazz_15::style_swap::swap_same,jazz_15::style_swap::swap_same,perturbations/audio/jazz_15__A.wav,perturbations/audio/jazz_15__style_swap__swap_same.wav,,S,jazz,0.6670345846074136,0.8861877298640748,0.8333333333333334,,0.3297990820334654,0.0,style_swap,0.4,0.45461507562246173,6.47615131578948,jazz_15,0.9243174934306863,0.9879960803527683,0.8474826835454272,0.1488071657892644
rock_01::control::ctrl,rock_01::control::ctrl,perturbations/audio/rock_01__A.wav,perturbations/audio/rock_01__control__ctrl.wav,,control,rock,0.9999999999983662,0.9999999766534658,0.0,0.0,0.999999999647573,1.0,control,1.0,1.0,0.0,rock_01,1.0,1.0,0.9999999998372028,0.9999999901702571
rock_01::pitch_shift::-2st,rock_01::pitch_shift::-2st,perturbations/audio/rock_01__A.wav,perturbations/audio/rock_01__pitch_shift__-2st.wav,,H,rock,0.7628704805737644,0.863047011799156,0.3333333333333333,-2.0,0.8082208779837683,0.2,pitch_shift,0.8750000000000001,0.7714638244574039,0.0,rock_01,1.0,1.0,0.9973771506324379,0.7832870419980981
rock_01::pitch_shift::-4st,rock_01::pitch_shift::-4st,perturbations/audio/rock_01__A.wav,perturbations/audio/rock_01__pitch_shift__-4st.wav,,H,rock,0.5755728981358305,0.7909380635544215,0.6666666666666666,-4.0,0.7522225826013197,0.4,pitch_shift,0.8750000000000001,0.7714638244574039,0.0,rock_01,1.0,1.0,0.9922940804168607,0.45677812270950546
rock_01::pitch_shift::-1st,rock_01::pitch_shift::-1st,perturbations/audio/rock_01__A.wav,perturbations/audio/rock_01__pitch_shift__-1st.wav,,H,rock,0.6809479815415506,0.8158257224469111,0.8333333333333334,-1.0,0.8838150665759353,0.4,pitch_shift,0.8750000000000001,0.7477123667696912,0.0,rock_01,1.0,1.0,0.9991753230126437,0.9183728080362255
rock_01::pitch_shift::+1st,rock_01::pitch_shift::+1st,perturbations/audio/rock_01__A.wav,perturbations/audio/rock_01__pitch_shift__+1st.wav,,H,rock,0.6909697555414388,0.8288560266027932,0.8333333333333334,1.0,0.8710728954184247,0.2,pitch_shift,0.9411764705882353,0.8485729818842953,0.0,rock_01,1.0,1.0,0.999314193564052,0.908113123145136
rock_01::pitch_shift::+2st,rock_01::pitch_shift::+2st,perturbations/audio/rock_01__A.wav,perturbations/audio/rock_01__pitch_shift__+2st.wav,,H,rock,0.7428430191011258,0.8678105899338783,0.3333333333333333,2.0,0.8683788135247691,0.2,pitch_shift,0.8750000000000001,0.7299855108487497,0.0,rock_01,1.0,1.0,0.9975011693610627,0.7858164550905655
rock_01::pitch_shift::+4st,rock_01::pitch_shift::+4st,perturbations/audio/rock_01__A.wav,perturbations/audio/rock_01__pitch_shift__+4st.wav,,H,rock,0.6276004795187026,0.7964408314114084,0.6666666666666666,4.0,0.8233640243611637,0.4,pitch_shift,0.6153846153846153,0.5069382125284845,0.0,rock_01,1.0,1.0,0.9912932849683603,0.5565929349942644
rock_01::time_stretch::-20pct,rock_01::time_stretch::-20pct,perturbations/audio/rock_01__A.wav,perturbations/audio/rock_01__time_stretch__-20pct.wav,,R,rock,0.9770696613677144,0.9938394520826237,0.3333333333333333,-20.0,0.6580706843164188,0.2,time_stretch,0.125,0.4083258550341814,23.244237256371818,rock_01,0.8873267057882906,0.9740224959828603,0.9995508399789237,0.9174514169761693
rock_01::time_stretch::-10pct,rock_01::time_stretch::-10pct,perturbations/audio/rock_01__A.wav,perturbations/audio/rock_01__time_stretch__-10pct.wav,,R,rock,0.977704410382544,0.9990026790388392,0.0,-10.0,0.7428849416368826,0.0,time_stretch,0.23529411764705882,0.4498041686428354,8.987771739130437,rock_01,0.9416938391199436,0.9870026525198938,0.9997240272267853,0.9393292785235583
rock_01::time_stretch::+5pct,rock_01::time_stretch::+5pct,perturbations/audio/rock_01__A.wav,perturbations/audio/rock_01__time_stretch__+5pct.wav,,R,rock,0.9953829219923079,0.9988712717921098,0.0,5.0,0.7891513488917061,0.4,time_stretch,0.10526315789473685,0.4498041686428354,5.1066884881422965,rock_01,0.9385713554725478,0.9872561768530559,0.9999531201578987,0.9490953291321088
rock_01::time_stretch::-5pct,rock_01::time_stretch::-5pct,perturbations/audio/rock_01__A.wav,perturbations/audio/rock_01__time_stretch__-5pct.wav,,R,rock,0.9920452359595862,0.9989709191494353,0.0,-5.0,0.7591529225937457,0.0,time_stretch,0.0,0.4498041686428355,4.681131114130437,rock_01,1.0,1.0,0.999824489039871,0.9561623798251825
rock_01::time_stretch::+10pct,rock_01::time_stretch::+10pct,perturbations/audio/rock_01__A.wav,perturbations/audio/rock_01__time_stretch__+10pct.wav,,R,rock,0.9916726537134627,0.9970473855215212,0.0,10.0,0.7392358120749598,0.2,time_stretch,0.3333333333333333,0.4083258550341814,10.699728260869563,rock_01,0.9385713554725478,0.9872561768530559,0.9998927943650484,0.9114697519724799
rock_01::time_stretch::+20pct,rock_01::time_stretch::+20pct,perturbations/audio/rock_01__A.wav,perturbations/audio/rock_01__time_stretch__+20pct.wav,,R,rock,0.9673168322386467,0.9938516857766299,0.0,20.0,0.6495667547936368,0.2,time_stretch,0.3,0.3542887468651076,23.652030892448522,rock_01,0.8749129728475284,0.9750257466529352,0.9997765495671057,0.8177209010374549
rock_01::lowpass::lp8000,rock_01::lowpass::lp8000,perturbations/audio/rock_01__A.wav,perturbations/audio/rock_01__lowpass__lp8000.wav,,T,rock,0.9999991194392974,0.9999998607114826,0.0,8000.0,0.9999854194478354,1.0,lowpass,1.0,1.0,0.0,rock_01,1.0,1.0,0.9840306311707852,0.41541149861051874
rock_01::lowpass::lp4000,rock_01::lowpass::lp4000,perturbations/audio/rock_01__A.wav,perturbations/audio/rock_01__lowpass__lp4000.wav,,T,rock,0.9999986470253075,0.999999436921361,0.0,4000.0,0.9999301586337971,1.0,lowpass,1.0,0.7714638244574039,0.0,rock_01,1.0,1.0,0.9563020219173506,0.009052512962428901
rock_01::lowpass::lp2000,rock_01::lowpass::lp2000,perturbations/audio/rock_01__A.wav,perturbations/audio/rock_01__lowpass__lp2000.wav,,T,rock,0.9998786337011968,0.9999478436456428,0.0,2000.0,0.9963510169191158,0.4,lowpass,0.2105263157894737,0.417284593374673,10.699728260869563,rock_01,1.0,1.0,0.8966197704214809,4.022805228574189e-05
rock_01::distortion::drv4,rock_01::distortion::drv4,perturbations/audio/rock_01__A.wav,perturbations/audio/rock_01__distortion__drv4.wav,,T,rock,0.9973719288065612,0.99924344871165,0.0,4.0,0.9106629940278645,1.0,distortion,0.9411764705882353,0.8985423860130417,0.0,rock_01,1.0,1.0,0.9981486926348416,0.8255414541574131
rock_01::distortion::drv12,rock_01::distortion::drv12,perturbations/audio/rock_01__A.wav,perturbations/audio/rock_01__distortion__drv12.wav,,T,rock,0.9903321722772743,0.9959756218962863,0.0,12.0,0.8023884380959915,0.6,distortion,0.7142857142857143,0.4912824822514895,5.1066884881422965,rock_01,1.0,1.0,0.9951787756807267,0.5223421840525444
rock_01::distortion::drv32,rock_01::distortion::drv32,perturbations/audio/rock_01__A.wav,perturbations/audio/rock_01__distortion__drv32.wav,,T,rock,0.9864521365639891,0.9938272915171499,0.0,32.0,0.7608230465535812,0.6,distortion,0.10526315789473685,0.417284593374673,10.699728260869563,rock_01,1.0,1.0,0.9927374889173495,0.3026418212634962
rock_01::style_swap::swap_cross,rock_01::style_swap::swap_cross,perturbations/audio/rock_01__A.wav,perturbations/audio/rock_01__style_swap__swap_cross.wav,,S,rock,0.7913649885772502,0.8938181273765704,0.8333333333333334,,0.23115211511921108,0.0,style_swap,0.4545454545454546,0.3667355151150533,31.597635020380437,rock_01,0.48013351306245544,0.9772843287391526,0.896260372967939,0.174064241609456
rock_01::style_swap::swap_same,rock_01::style_swap::swap_same,perturbations/audio/rock_01__A.wav,perturbations/audio/rock_01__style_swap__swap_same.wav,,S,rock,0.8438069419188575,0.9318017918842822,0.0,,0.2530683544274511,0.0,style_swap,0.25,0.4498041686428354,26.214334239130437,rock_01,0.6668569114073203,0.9413526328924382,0.8739563115638691,0.13590939467195012
rock_02::control::ctrl,rock_02::control::ctrl,perturbations/audio/rock_02__A.wav,perturbations/audio/rock_02__control__ctrl.wav,,control,rock,1.0,0.9999999788860525,0.0,0.0,1.0,1.0,control,1.0,1.0,0.0,rock_02,1.0,1.0,0.9999999997361255,1.0
rock_02::pitch_shift::-4st,rock_02::pitch_shift::-4st,perturbations/audio/rock_02__A.wav,perturbations/audio/rock_02__pitch_shift__-4st.wav,,H,rock,0.8661739900480235,0.9229678220925039,0.6666666666666666,-4.0,0.6677298369919276,0.0,pitch_shift,1.0,0.8158810725718452,0.0,rock_02,1.0,1.0,0.9877769109759369,0.5591210100922268
rock_02::pitch_shift::-2st,rock_02::pitch_shift::-2st,perturbations/audio/rock_02__A.wav,perturbations/audio/rock_02__pitch_shift__-2st.wav,,H,rock,0.9061248552855955,0.9665252515294573,0.3333333333333333,-2.0,0.7493233921250424,0.3,pitch_shift,1.0,0.8158810725718452,0.0,rock_02,0.8418450419661958,0.9885312615612283,0.9931371944512881,0.8207181268840608
rock_02::pitch_shift::-1st,rock_02::pitch_shift::-1st,perturbations/audio/rock_02__A.wav,perturbations/audio/rock_02__pitch_shift__-1st.wav,,H,rock,0.9236743535174673,0.977106213908244,1.0,-1.0,0.8140454501032179,0.5,pitch_shift,1.0,1.0,0.0,rock_02,0.8418450419661958,0.9885312615612283,0.995752816322397,0.9157627765833545
rock_02::pitch_shift::+1st,rock_02::pitch_shift::+1st,perturbations/audio/rock_02__A.wav,perturbations/audio/rock_02__pitch_shift__+1st.wav,,H,rock,0.9229578054281454,0.9785234291119027,0.8333333333333334,1.0,0.8070568414144834,0.2,pitch_shift,1.0,0.9060656183380302,0.0,rock_02,0.8420166283229545,0.9886610373944511,0.9949736415832651,0.9052643782875495
rock_02::pitch_shift::+2st,rock_02::pitch_shift::+2st,perturbations/audio/rock_02__A.wav,perturbations/audio/rock_02__pitch_shift__+2st.wav,,H,rock,0.9120610336162002,0.9719262564541791,0.3333333333333333,2.0,0.7649219804974097,0.5,pitch_shift,1.0,0.9060656183380302,0.0,rock_02,0.8420166283229545,0.9886610373944511,0.9892601261890793,0.7871534450837824
rock_02::pitch_shift::+4st,rock_02::pitch_shift::+4st,perturbations/audio/rock_02__A.wav,perturbations/audio/rock_02__pitch_shift__+4st.wav,,H,rock,0.8936232393446953,0.9249043376807025,0.6666666666666666,4.0,0.68789947681194,0.3,pitch_shift,1.0,0.8158810725718452,0.0,rock_02,0.8420166283229545,0.9886610373944511,0.9750686084519838,0.5777841166301406
rock_02::time_stretch::-20pct,rock_02::time_stretch::-20pct,perturbations/audio/rock_02__A.wav,perturbations/audio/rock_02__time_stretch__-20pct.wav,,R,rock,0.9772047692337208,0.9985411573264159,0.16666666666666666,-20.0,0.5369513735672818,0.6,time_stretch,0.26666666666666666,0.4083258550341814,18.63450270432692,rock_02,0.08244807097376136,0.6248872858431019,0.9956822593486427,0.8974452753288183
rock_02::time_stretch::-10pct,rock_02::time_stretch::-10pct,perturbations/audio/rock_02__A.wav,perturbations/audio/rock_02__time_stretch__-10pct.wav,,R,rock,0.9865547633321773,0.9985396892036693,0.0,-10.0,0.6333884849411058,0.2,time_stretch,0.25,0.4912824822514895,10.2811049403183,rock_02,0.10436110211211444,0.6624651912648395,0.9956408898544918,0.9307456640490307
rock_02::time_stretch::-5pct,rock_02::time_stretch::-5pct,perturbations/audio/rock_02__A.wav,perturbations/audio/rock_02__time_stretch__-5pct.wav,,R,rock,0.9907214497633046,0.9993008731034647,0.0,-5.0,0.6678148028796798,0.4,time_stretch,0.0,0.4083258550341814,3.68088942307692,rock_02,1.0,1.0,0.9970572548382827,0.9415606931341983
rock_02::time_stretch::+5pct,rock_02::time_stretch::+5pct,perturbations/audio/rock_02__A.wav,perturbations/audio/rock_02__time_stretch__+5pct.wav,,R,rock,0.9919996387721022,0.9993314679141964,0.0,5.0,0.673042556760058,0.5,time_stretch,0.0,0.4498041686428354,3.97536057692308,rock_02,0.8420166283229545,0.9886610373944511,0.9952866157068709,0.9388761405044529
rock_02::time_stretch::+10pct,rock_02::time_stretch::+10pct,perturbations/audio/rock_02__A.wav,perturbations/audio/rock_02__time_stretch__+10pct.wav,,R,rock,0.9891659429660592,0.9991059852952984,0.16666666666666666,10.0,0.6095816588757401,0.5,time_stretch,0.2222222222222222,0.4083258550341814,12.963132316053517,rock_02,0.8420166283229545,0.9886610373944511,0.9950400306245574,0.9276376802371903
rock_02::time_stretch::+20pct,rock_02::time_stretch::+20pct,perturbations/audio/rock_02__A.wav,perturbations/audio/rock_02__time_stretch__+20pct.wav,,R,rock,0.979456962200934,0.9970852617227097,0.0,20.0,0.5240003370849411,0.0,time_stretch,0.4210526315789474,0.4498041686428354,18.069820804195814,rock_02,0.8421844125413117,0.9887879145521067,0.9967083426039944,0.91955164487279
rock_02::lowpass::lp8000,rock_02::lowpass::lp8000,perturbations/audio/rock_02__A.wav,perturbations/audio/rock_02__lowpass__lp8000.wav,,T,rock,0.9999999785513689,0.9999999785918693,0.0,8000.0,0.9998861900083359,1.0,lowpass,1.0,1.0,0.0,rock_02,1.0,1.0,0.9397931343953027,0.21641844043228323
rock_02::lowpass::lp4000,rock_02::lowpass::lp4000,perturbations/audio/rock_02__A.wav,perturbations/audio/rock_02__lowpass__lp4000.wav,,T,rock,0.999995306059302,0.9999969378081017,0.0,4000.0,0.9998073384974528,1.0,lowpass,1.0,0.9060656183380302,0.0,rock_02,1.0,1.0,0.8886600433860861,0.06741261209297567
rock_02::lowpass::lp2000,rock_02::lowpass::lp2000,perturbations/audio/rock_02__A.wav,perturbations/audio/rock_02__lowpass__lp2000.wav,,T,rock,0.9998501727467743,0.999975738350455,0.0,2000.0,0.9901577237560821,0.7,lowpass,0.6923076923076924,0.645079244986805,0.0,rock_02,1.0,1.0,0.7703831845951705,0.00024552031358307123
rock_02::distortion::drv4,rock_02::distortion::drv4,perturbations/audio/rock_02__A.wav,perturbations/audio/rock_02__distortion__drv4.wav,,T,rock,0.9992928965577685,0.9999254831573088,0.0,4.0,0.9446315513421194,0.4,distortion,1.0,0.9060656183380302,0.0,rock_02,1.0,1.0,0.9973356799493444,0.9316546669272754
rock_02::distortion::drv12,rock_02::distortion::drv12,perturbations/audio/rock_02__A.wav,perturbations/audio/rock_02__distortion__drv12.wav,,T,rock,0.9981769684073502,0.9997149120853049,0.0,12.0,0.864807249017062,0.4,distortion,0.5882352941176471,0.48670586909290575,0.0,rock_02,1.0,1.0,0.9933252166284857,0.7574919256755017
rock_02::distortion::drv32,rock_02::distortion::drv32,perturbations/audio/rock_02__A.wav,perturbations/audio/rock_02__distortion__drv32.wav,,T,rock,0.9976847323486357,0.9996023134146368,0.0,32.0,0.835018638282381,0.4,distortion,0.5,0.4498041686428355,0.0,rock_02,0.7864759764251242,0.9893709327548806,0.991662019587937,0.6183312425475943
rock_02::style_swap::swap_cross,rock_02::style_swap::swap_cross,perturbations/audio/rock_02__A.wav,perturbations/audio/rock_02__style_swap__swap_cross.wav,,S,rock,0.8675563545451589,0.9266398054501387,0.8333333333333334,,0.2945438350415752,0.0,style_swap,0.4210526315789474,0.3799541111268843,29.81520432692308,rock_02,0.8418450419661958,0.9885312615612283,0.9314956283905457,0.23880424331833897
rock_03::control::ctrl,rock_03::control::ctrl,perturbations/audio/rock_03__A.wav,perturbations/audio/rock_03__control__ctrl.wav,,control,rock,0.9999995942697052,0.9999999644079345,0.0,0.0,0.9999764549406527,1.0,control,1.0,1.0,0.0,rock_03,1.0,1.0,0.9999999871512657,0.9999285703451851
rock_02::style_swap::swap_same,rock_02::style_swap::swap_same,perturbations/audio/rock_02__A.wav,perturbations/audio/rock_02__style_swap__swap_same.wav,,S,rock,0.9495173513241988,0.9886493076204174,0.16666666666666666,,0.28516711796307703,0.0,style_swap,0.25,0.4498041686428355,13.25120192307692,rock_02,0.5558321695306332,0.9566704675028507,0.9235866640581393,0.31307918077991403
rock_03::pitch_shift::-4st,rock_03::pitch_shift::-4st,perturbations/audio/rock_03__A.wav,perturbations/audio/rock_03__pitch_shift__-4st.wav,,H,rock,0.9270024072914477,0.951469604798496,0.6666666666666666,-4.0,0.7603851815916891,0.058823529411764705,pitch_shift,0.8,1.0,0.0,rock_03,1.0,1.0,0.9962574012068153,0.6258576665158848
rock_03::pitch_shift::-2st,rock_03::pitch_shift::-2st,perturbations/audio/rock_03__A.wav,perturbations/audio/rock_03__pitch_shift__-2st.wav,,H,rock,0.9658092998934057,0.9775811149982934,0.3333333333333333,-2.0,0.824842162886254,0.29411764705882354,pitch_shift,1.0,1.0,0.0,rock_03,1.0,1.0,0.9983734171327557,0.8577915373680185
rock_03::pitch_shift::-1st,rock_03::pitch_shift::-1st,perturbations/audio/rock_03__A.wav,perturbations/audio/rock_03__pitch_shift__-1st.wav,,H,rock,0.9664853959322274,0.9901435649835032,0.8333333333333334,-1.0,0.86304256000713,0.29411764705882354,pitch_shift,0.8,0.7663803979300717,0.0,rock_03,1.0,1.0,0.999518362402439,0.9466846136308679
rock_03::pitch_shift::+1st,rock_03::pitch_shift::+1st,perturbations/audio/rock_03__A.wav,perturbations/audio/rock_03__pitch_shift__+1st.wav,,H,rock,0.9667264430296155,0.9860870872349381,0.8333333333333334,1.0,0.8582133449510542,0.5294117647058824,pitch_shift,0.47058823529411764,0.5141142849143155,0.0,rock_03,1.0,1.0,0.9993280896656375,0.9242463470348634
rock_03::pitch_shift::+2st,rock_03::pitch_shift::+2st,perturbations/audio/rock_03__A.wav,perturbations/audio/rock_03__pitch_shift__+2st.wav,,H,rock,0.965755229899543,0.9761594789143382,0.3333333333333333,2.0,0.8460988960838153,0.35294117647058826,pitch_shift,0.47058823529411764,0.5141142849143155,0.0,rock_03,1.0,1.0,0.9971433067512433,0.8317444287573372
rock_03::pitch_shift::+4st,rock_03::pitch_shift::+4st,perturbations/audio/rock_03__A.wav,perturbations/audio/rock_03__pitch_shift__+4st.wav,,H,rock,0.9339995542871317,0.9548439098394825,0.5,4.0,0.793626637954012,0.17647058823529413,pitch_shift,0.4444444444444445,0.47952899852307335,0.0,rock_03,1.0,1.0,0.99107866892387,0.6273555828847591
rock_03::time_stretch::-20pct,rock_03::time_stretch::-20pct,perturbations/audio/rock_03__A.wav,perturbations/audio/rock_03__time_stretch__-20pct.wav,,R,rock,0.9912350097883749,0.9988448131374503,0.0,-20.0,0.4780428020786318,0.058823529411764705,time_stretch,0.25,0.330858105039204,16.285615808823536,rock_03,0.8434139080483868,0.9764791464597479,0.9988782786757102,0.8945882067410413
rock_03::time_stretch::-10pct,rock_03::time_stretch::-10pct,perturbations/audio/rock_03__A.wav,perturbations/audio/rock_03__time_stretch__-10pct.wav,,R,rock,0.9908625853788566,0.9983130975618061,0.0,-10.0,0.5701036116433359,0.5294117647058824,time_stretch,0.39999999999999997,0.3542887468651076,6.15234375,rock_03,0.9168580536797724,0.9882352941176471,0.9993011544471824,0.9204240769082979
rock_03::time_stretch::+5pct,rock_03::time_stretch::+5pct,perturbations/audio/rock_03__A.wav,perturbations/audio/rock_03__time_stretch__+5pct.wav,,R,rock,0.9934041149072276,0.9992212298982646,0.0,5.0,0.5842249097159382,0.11764705882352941,time_stretch,0.0,0.6266951775221132,7.09885817307692,rock_03,1.0,1.0,0.9998503671571642,0.96397648152481
rock_03::time_stretch::-5pct,rock_03::time_stretch::-5pct,perturbations/audio/rock_03__A.wav,perturbations/audio/rock_03__time_stretch__-5pct.wav,,R,rock,0.9929009739760939,0.9984275433993042,0.0,-5.0,0.5615581920344651,0.23529411764705882,time_stretch,0.0,0.47600043459443236,3.182246767241381,rock_03,0.1970723033866537,0.6541041200894282,0.9998655223837692,0.9478680601376979
rock_03::time_stretch::+20pct,rock_03::time_stretch::+20pct,perturbations/audio/rock_03__A.wav,perturbations/audio/rock_03__time_stretch__+20pct.wav,,R,rock,0.9914179297371057,0.9989849385786932,0.0,20.0,0.5005695196176767,0.29411764705882354,time_stretch,0.22222222222222224,0.5666065223658278,20.061990489130437,rock_03,1.0,1.0,0.9991846026562854,0.9119636511542454
rock_03::time_stretch::+10pct,rock_03::time_stretch::+10pct,perturbations/audio/rock_03__A.wav,perturbations/audio/rock_03__time_stretch__+10pct.wav,,R,rock,0.9889547941667828,0.9976680921672871,0.16666666666666666,10.0,0.5685317005916952,0.17647058823529413,time_stretch,0.5714285714285715,0.6266951775221132,11.07421875,rock_03,0.20925498402156234,0.6659267480577137,0.99928049813559,0.9281993541798681
rock_03::lowpass::lp8000,rock_03::lowpass::lp8000,perturbations/audio/rock_03__A.wav,perturbations/audio/rock_03__lowpass__lp8000.wav,,T,rock,0.999999518019753,0.9999999643124002,0.0,8000.0,0.9999226891050584,1.0,lowpass,0.8,0.8786717476399575,0.0,rock_03,1.0,1.0,0.9821539874984595,0.1986255335228933
rock_03::lowpass::lp4000,rock_03::lowpass::lp4000,perturbations/audio/rock_03__A.wav,perturbations/audio/rock_03__lowpass__lp4000.wav,,T,rock,0.998289010861529,0.9995013389544924,0.0,4000.0,0.999676830746755,0.8235294117647058,lowpass,0.4210526315789474,0.5539197578662323,0.0,rock_03,1.0,1.0,0.9702378463493213,0.03706546343797039
rock_03::distortion::drv4,rock_03::distortion::drv4,perturbations/audio/rock_03__A.wav,perturbations/audio/rock_03__distortion__drv4.wav,,T,rock,0.9929942681802578,0.9979060254120667,0.16666666666666666,4.0,0.9237807724286795,0.35294117647058826,distortion,0.4444444444444445,0.5608543269680148,0.0,rock_03,0.48099629912471353,0.9782710280373831,0.999151191750338,0.6589224197173408
rock_03::lowpass::lp2000,rock_03::lowpass::lp2000,perturbations/audio/rock_03__A.wav,perturbations/audio/rock_03__lowpass__lp2000.wav,,T,rock,0.9997645258049601,0.9998535103276812,0.0,2000.0,0.9884586317588457,1.0,lowpass,0.4444444444444445,0.5241252987558118,0.0,rock_03,0.16599218053364423,0.6236594085147871,0.9031204901784339,0.0009019175390338007
rock_03::distortion::drv12,rock_03::distortion::drv12,perturbations/audio/rock_03__A.wav,perturbations/audio/rock_03__distortion__drv12.wav,,T,rock,0.9925987259736978,0.9980991987936273,0.16666666666666666,12.0,0.8503103841387586,0.35294117647058826,distortion,0.6666666666666665,0.7159284513569825,0.0,rock_03,0.48099629912471353,0.9782710280373831,0.9969932489132555,0.299544537533809
rock_03::distortion::drv32,rock_03::distortion::drv32,perturbations/audio/rock_03__A.wav,perturbations/audio/rock_03__distortion__drv32.wav,,T,rock,0.9972835312621938,0.99957076501754,0.0,32.0,0.8469057350223668,0.29411764705882354,distortion,0.888888888888889,0.6412674868614051,3.41796875,rock_03,0.48099629912471353,0.9782710280373831,0.9945144084809284,0.12343896357391472
rock_03::style_swap::swap_cross,rock_03::style_swap::swap_cross,perturbations/audio/rock_03__A.wav,perturbations/audio/rock_03__style_swap__swap_cross.wav,,S,rock,0.9178053914300615,0.9618172329949789,0.16666666666666666,,0.2655989651375894,0.0,style_swap,0.6666666666666665,0.5666065223658278,15.380859375,rock_03,0.9158588450951036,0.9875083948959034,0.7952383254753068,0.24701937845304425
rock_03::style_swap::swap_same,rock_03::style_swap::swap_same,perturbations/audio/rock_03__A.wav,perturbations/audio/rock_03__style_swap__swap_same.wav,,S,rock,0.9436571994886305,0.9825441522483814,0.8333333333333334,,0.27417980396397257,0.058823529411764705,style_swap,0.0,0.4083258550341814,7.09885817307692,rock_03,0.5558321695306332,0.9566704675028507,0.8762501631307713,0.263451070864435
rock_04::control::ctrl,rock_04::control::ctrl,perturbations/audio/rock_04__A.wav,perturbations/audio/rock_04__control__ctrl.wav,,control,rock,1.0,0.9999999795104936,0.0,0.0,1.0,1.0,control,1.0,1.0,0.0,rock_04,1.0,1.0,0.9999999998301865,1.0
rock_04::pitch_shift::-4st,rock_04::pitch_shift::-4st,perturbations/audio/rock_04__A.wav,perturbations/audio/rock_04__pitch_shift__-4st.wav,,H,rock,0.9649129153411534,0.9931998064480593,0.6666666666666666,-4.0,0.6991921466153395,0.11764705882352941,pitch_shift,0.38461538461538464,0.45288278184071945,0.0,rock_04,0.03308219583037415,0.6394946608512558,0.9951195137302948,0.5437926806993625
rock_04::pitch_shift::-1st,rock_04::pitch_shift::-1st,perturbations/audio/rock_04__A.wav,perturbations/audio/rock_04__pitch_shift__-1st.wav,,H,rock,0.9679535097991435,0.9953648372131673,0.5,-1.0,0.7980180555899721,0.11764705882352941,pitch_shift,0.38461538461538464,0.4815985374159415,0.0,rock_04,0.8274805480696977,0.907106259746046,0.9989037672636558,0.904203582716616
rock_04::pitch_shift::-2st,rock_04::pitch_shift::-2st,perturbations/audio/rock_04__A.wav,perturbations/audio/rock_04__pitch_shift__-2st.wav,,H,rock,0.967063677261422,0.9928029591880639,0.16666666666666666,-2.0,0.7641622783228876,0.35294117647058826,pitch_shift,0.38461538461538464,0.4815985374159415,0.0,rock_04,0.03308219583037415,0.6394946608512558,0.9977104432458622,0.7991380820410044
rock_04::pitch_shift::+2st,rock_04::pitch_shift::+2st,perturbations/audio/rock_04__A.wav,perturbations/audio/rock_04__pitch_shift__+2st.wav,,H,rock,0.9636680751847988,0.9928014424858681,0.5,2.0,0.7602924657392565,0.0,pitch_shift,0.38461538461538464,0.4815985374159415,0.0,rock_04,0.03308219583037415,0.6394946608512558,0.9953547342762773,0.7194712244209119
rock_04::pitch_shift::+1st,rock_04::pitch_shift::+1st,perturbations/audio/rock_04__A.wav,perturbations/audio/rock_04__pitch_shift__+1st.wav,,H,rock,0.9711426689643083,0.995587541953311,0.6666666666666666,1.0,0.8299347444314996,0.23529411764705882,pitch_shift,0.38461538461538464,0.4815985374159415,0.0,rock_04,0.7555229958506273,0.8686374749944433,0.9984712397820481,0.8737773281547744
rock_04::time_stretch::-20pct,rock_04::time_stretch::-20pct,perturbations/audio/rock_04__A.wav,perturbations/audio/rock_04__time_stretch__-20pct.wav,,R,rock,0.9890824967239016,0.9994677381759252,0.0,-20.0,0.47324951992403197,0.23529411764705882,time_stretch,0.3636363636363637,0.42416702626549735,28.952205882352928,rock_04,0.03552650613653427,0.6576358191929275,0.9976738105677935,0.8525333443766173
rock_04::pitch_shift::+4st,rock_04::pitch_shift::+4st,perturbations/audio/rock_04__A.wav,perturbations/audio/rock_04__pitch_shift__+4st.wav,,H,rock,0.9633601663968404,0.9934879424998733,0.8333333333333334,4.0,0.7127764578114796,0.058823529411764705,pitch_shift,0.38461538461538464,0.43500560876495536,0.0,rock_04,0.7555229958506273,0.8686374749944433,0.9884211442002218,0.49112876966461927
rock_04::time_stretch::-10pct,rock_04::time_stretch::-10pct,perturbations/audio/rock_04__A.wav,perturbations/audio/rock_04__time_stretch__-10pct.wav,,R,rock,0.9909662056490892,0.9993515335160934,0.0,-10.0,0.5599895579548412,0.23529411764705882,time_stretch,0.64,0.3380197595398312,8.444393382352928,rock_04,0.03308219583037415,0.6394946608512558,0.9980634917742128,0.8929091974352913
rock_04::time_stretch::-5pct,rock_04::time_stretch::-5pct,perturbations/audio/rock_04__A.wav,perturbations/audio/rock_04__time_stretch__-5pct.wav,,R,rock,0.9926311135351501,0.9995428309546133,0.16666666666666666,-5.0,0.6343613564769598,0.058823529411764705,time_stretch,0.0,0.4062898531897333,0.0,rock_04,0.0029550788242000805,0.6514076447699703,0.9989871159891109,0.9271069865840624
rock_04::time_stretch::+10pct,rock_04::time_stretch::+10pct,perturbations/audio/rock_04__A.wav,perturbations/audio/rock_04__time_stretch__+10pct.wav,,R,rock,0.9920469556563756,0.9992078123457007,0.0,10.0,0.5458582352538044,0.0,time_stretch,0.3076923076923077,0.3093040039646091,20.266544117647072,rock_04,0.030254510838212272,0.6477467643848434,0.9991082422584021,0.9231283127761134
rock_04::time_stretch::+5pct,rock_04::time_stretch::+5pct,perturbations/audio/rock_04__A.wav,perturbations/audio/rock_04__time_stretch__+5pct.wav,,R,rock,0.9964979848799215,0.9998933985550778,0.0,5.0,0.6586042991138288,0.058823529411764705,time_stretch,0.15384615384615385,0.3093040039646091,9.499942555147072,rock_04,0.882397729232071,0.9394775960925886,0.999389077374312,0.9377209409095885
rock_04::time_stretch::+20pct,rock_04::time_stretch::+20pct,perturbations/audio/rock_04__A.wav,perturbations/audio/rock_04__time_stretch__+20pct.wav,,R,rock,0.9906931785261659,0.9997488256423366,0.0,20.0,0.5238399958749245,0.0,time_stretch,0.34782608695652173,0.417284593374673,28.952205882352928,rock_04,0.8448530337415068,0.9202037351443124,0.9992938190946432,0.9102604366444557
rock_04::lowpass::lp8000,rock_04::lowpass::lp8000,perturbations/audio/rock_04__A.wav,perturbations/audio/rock_04__lowpass__lp8000.wav,,T,rock,0.9998909615713268,0.999987965115727,0.0,8000.0,0.9910567866189256,0.6470588235294118,lowpass,0.3076923076923077,0.4815985374159415,0.0,rock_04,1.0,1.0,0.9762184058096397,0.2423259930576208
rock_04::lowpass::lp4000,rock_04::lowpass::lp4000,perturbations/audio/rock_04__A.wav,perturbations/audio/rock_04__lowpass__lp4000.wav,,T,rock,0.9999945915745544,0.9999980940786904,0.0,4000.0,0.9908108232981717,0.6470588235294118,lowpass,1.0,0.7476403214392442,0.0,rock_04,0.9003936996804752,0.9472993658429915,0.9727547984806187,0.028068187410515547
rock_04::lowpass::lp2000,rock_04::lowpass::lp2000,perturbations/audio/rock_04__A.wav,perturbations/audio/rock_04__lowpass__lp2000.wav,,T,rock,0.9998999218855078,0.9999656662783728,0.0,2000.0,0.9790272984740908,0.4117647058823529,lowpass,0.11764705882352941,0.5032757024148575,48.63970588235293,rock_04,0.9003936996804752,0.9472993658429915,0.8901373383787036,0.00023403109027689416
rock_04::distortion::drv4,rock_04::distortion::drv4,perturbations/audio/rock_04__A.wav,perturbations/audio/rock_04__distortion__drv4.wav,,T,rock,0.9994001752104645,0.9999716005363419,0.0,4.0,0.9564706495022983,0.47058823529411764,distortion,0.0,0.5607072135653016,0.0,rock_04,0.03819606285489647,0.6628217752145168,0.9996928040619479,0.9133725257388876
rock_04::distortion::drv12,rock_04::distortion::drv12,perturbations/audio/rock_04__A.wav,perturbations/audio/rock_04__distortion__drv12.wav,,T,rock,0.9983823916161354,0.9998320147594398,0.16666666666666666,12.0,0.8907994956297703,0.47058823529411764,distortion,0.8799999999999999,0.722163164517176,0.0,rock_04,0.9207722702946031,0.9592183517417163,0.9975717062096586,0.4434709538669761
rock_05::control::ctrl,rock_05::control::ctrl,perturbations/audio/rock_05__A.wav,perturbations/audio/rock_05__control__ctrl.wav,,control,rock,1.0,0.9999999784925464,0.0,0.0,1.0,1.0,control,1.0,1.0,0.0,rock_05,1.0,1.0,0.9999999998362903,1.0
rock_05::pitch_shift::-4st,rock_05::pitch_shift::-4st,perturbations/audio/rock_05__A.wav,perturbations/audio/rock_05__pitch_shift__-4st.wav,,H,rock,0.8445621172383723,0.8219083944304226,0.6666666666666666,-4.0,0.7424843698449497,0.25,pitch_shift,1.0,1.0,0.0,rock_05,1.0,1.0,0.9844195356805463,0.2968334617740138
rock_04::distortion::drv32,rock_04::distortion::drv32,perturbations/audio/rock_04__A.wav,perturbations/audio/rock_04__distortion__drv32.wav,,T,rock,0.9979341217187264,0.9997049949493456,0.16666666666666666,32.0,0.843716295885226,0.23529411764705882,distortion,0.8799999999999999,0.7746137137635679,0.0,rock_04,0.9207722702946031,0.9592183517417163,0.9944639643756884,0.16974173897562247
rock_04::style_swap::swap_cross,rock_04::style_swap::swap_cross,perturbations/audio/rock_04__A.wav,perturbations/audio/rock_04__style_swap__swap_cross.wav,,S,rock,0.9204932172297023,0.9659156741116401,0.16666666666666666,,0.26976097674933597,0.058823529411764705,style_swap,0.5185185185185186,0.28934802335548887,20.266544117647072,rock_04,0.032498886947120074,0.653029836973239,0.946108620461265,0.17567646786472177
rock_04::style_swap::swap_same,rock_04::style_swap::swap_same,perturbations/audio/rock_04__A.wav,perturbations/audio/rock_04__style_swap__swap_same.wav,,S,rock,0.9458100074298617,0.9780805088830848,0.3333333333333333,,0.25320162820157266,0.0,style_swap,0.3636363636363637,0.3380197595398312,39.65193414322249,rock_04,0.03245279601990865,0.643609915392608,0.9871299436405435,0.43000582223547945
rock_05::pitch_shift::-2st,rock_05::pitch_shift::-2st,perturbations/audio/rock_05__A.wav,perturbations/audio/rock_05__pitch_shift__-2st.wav,,H,rock,0.885746660543573,0.8792153983228744,0.3333333333333333,-2.0,0.8413612574392801,0.5,pitch_shift,1.0,1.0,0.0,rock_05,1.0,1.0,0.9949127646781533,0.5954215040030167
rock_05::pitch_shift::-1st,rock_05::pitch_shift::-1st,perturbations/audio/rock_05__A.wav,perturbations/audio/rock_05__pitch_shift__-1st.wav,,H,rock,0.8845612092730851,0.9355425901217098,0.8333333333333334,-1.0,0.8951057609932602,0.4166666666666667,pitch_shift,1.0,1.0,0.0,rock_05,1.0,1.0,0.9985746557177272,0.8542920674986639
rock_05::pitch_shift::+1st,rock_05::pitch_shift::+1st,perturbations/audio/rock_05__A.wav,perturbations/audio/rock_05__pitch_shift__+1st.wav,,H,rock,0.8971005315458896,0.9333286614531806,0.8333333333333334,1.0,0.9044893162154378,1.0,pitch_shift,1.0,1.0,0.0,rock_05,1.0,1.0,0.9985240408880282,0.8781273213651056
rock_05::pitch_shift::+2st,rock_05::pitch_shift::+2st,perturbations/audio/rock_05__A.wav,perturbations/audio/rock_05__pitch_shift__+2st.wav,,H,rock,0.8886526538093446,0.877503928293968,0.3333333333333333,2.0,0.8553993181828906,0.5,pitch_shift,1.0,1.0,0.0,rock_05,0.8033813568433502,0.9461298554011909,0.9947496244312175,0.6949280774740295
rock_05::pitch_shift::+4st,rock_05::pitch_shift::+4st,perturbations/audio/rock_05__A.wav,perturbations/audio/rock_05__pitch_shift__+4st.wav,,H,rock,0.8690354500944937,0.8289934116586248,0.6666666666666666,4.0,0.8333276813300694,0.5,pitch_shift,1.0,0.6981476668450934,0.0,rock_05,1.0,1.0,0.9836125048568412,0.4290026487916018
rock_05::time_stretch::-10pct,rock_05::time_stretch::-10pct,perturbations/audio/rock_05__A.wav,perturbations/audio/rock_05__time_stretch__-10pct.wav,,R,rock,0.9828467165122198,0.9994595252016537,0.0,-10.0,0.7156623775455392,0.75,time_stretch,0.09523809523809525,0.417284593374673,12.95230263157896,rock_05,0.8531059973768929,0.9587628865979382,0.9985412848436777,0.9153279918161447
rock_05::time_stretch::-20pct,rock_05::time_stretch::-20pct,perturbations/audio/rock_05__A.wav,perturbations/audio/rock_05__time_stretch__-20pct.wav,,R,rock,0.9801785963156513,0.9988949045875889,0.0,-20.0,0.6366165522163947,0.25,time_stretch,0.2105263157894737,0.4689083868584362,28.33316200657896,rock_05,1.0,1.0,0.9976982660472948,0.909102572023203
rock_05::time_stretch::-5pct,rock_05::time_stretch::-5pct,perturbations/audio/rock_05__A.wav,perturbations/audio/rock_05__time_stretch__-5pct.wav,,R,rock,0.9846376596197461,0.999541153655823,0.0,-5.0,0.7908740611780548,0.8333333333333334,time_stretch,0.09999999999999999,0.43497158481499204,6.799958881578959,rock_05,0.8033813568433502,0.9461298554011909,0.9997083055532722,0.9531869913237043
rock_05::time_stretch::+5pct,rock_05::time_stretch::+5pct,perturbations/audio/rock_05__A.wav,perturbations/audio/rock_05__time_stretch__+5pct.wav,,R,rock,0.9932445355172499,0.9995671980818509,0.0,5.0,0.7955469386486121,1.0,time_stretch,0.5217391304347826,0.39307557545218513,7.555509868421041,rock_05,0.951341781107103,0.9856934306569343,0.9998419616214161,0.9669009918235855
rock_05::time_stretch::+10pct,rock_05::time_stretch::+10pct,perturbations/audio/rock_05__A.wav,perturbations/audio/rock_05__time_stretch__+10pct.wav,,R,rock,0.9880613521711517,0.9995417630454752,0.0,10.0,0.7238530958108531,0.5833333333333334,time_stretch,0.36363636363636365,0.3542887468651077,15.999903250773968,rock_05,0.951341781107103,0.9856934306569343,0.9993918056429437,0.9468459013334578
rock_05::lowpass::lp8000,rock_05::lowpass::lp8000,perturbations/audio/rock_05__A.wav,perturbations/audio/rock_05__lowpass__lp8000.wav,,T,rock,0.999998313929528,0.9999993218653677,0.0,8000.0,0.9999951319027515,1.0,lowpass,1.0,1.0,0.0,rock_05,1.0,1.0,0.9813963853508935,0.40149137115495076
rock_05::lowpass::lp4000,rock_05::lowpass::lp4000,perturbations/audio/rock_05__A.wav,perturbations/audio/rock_05__lowpass__lp4000.wav,,T,rock,0.9999988290395091,0.9999990914916671,0.0,4000.0,0.9999550285483301,1.0,lowpass,0.5454545454545454,0.4689083868584362,0.0,rock_05,0.821906802356722,0.9419847328244275,0.9496549813537255,0.027355156059962013
rock_05::lowpass::lp2000,rock_05::lowpass::lp2000,perturbations/audio/rock_05__A.wav,perturbations/audio/rock_05__lowpass__lp2000.wav,,T,rock,0.999962971452737,0.9999931609627825,0.0,2000.0,0.9986665219414941,0.6666666666666666,lowpass,0.2222222222222222,0.3882255489085519,43.71402138157896,rock_05,0.7819282729697111,0.9276477832512315,0.8180704306396037,1.0397715775437958e-05
rock_05::distortion::drv4,rock_05::distortion::drv4,perturbations/audio/rock_05__A.wav,perturbations/audio/rock_05__distortion__drv4.wav,,T,rock,0.996716742460723,0.9980195187914749,0.0,4.0,0.9466543954456499,0.6666666666666666,distortion,1.0,0.6877430157595599,0.0,rock_05,1.0,1.0,0.9965310860961121,0.7815078629755172
rock_05::time_stretch::+20pct,rock_05::time_stretch::+20pct,perturbations/audio/rock_05__A.wav,perturbations/audio/rock_05__time_stretch__+20pct.wav,,R,rock,0.973831479355808,0.9974474442014523,0.0,20.0,0.6482075813424942,0.5833333333333334,time_stretch,0.43478260869565216,0.3619668402456946,25.49984580592104,rock_05,0.32097421754477895,0.6539050535987748,0.9989684566512635,0.9125196876417286
rock_05::distortion::drv12,rock_05::distortion::drv12,perturbations/audio/rock_05__A.wav,perturbations/audio/rock_05__distortion__drv12.wav,,T,rock,0.9904106484310234,0.9935895697592876,0.0,12.0,0.8705754040368443,0.4166666666666667,distortion,0.9565217391304348,0.5736561911330902,0.0,rock_05,1.0,1.0,0.9882169029373412,0.5118017327472266
rock_05::distortion::drv32,rock_05::distortion::drv32,perturbations/audio/rock_05__A.wav,perturbations/audio/rock_05__distortion__drv32.wav,,T,rock,0.9877968176770553,0.9916336675880502,0.0,32.0,0.8392809177938525,0.4166666666666667,distortion,0.9565217391304348,0.5175105162781474,0.0,rock_05,1.0,1.0,0.9830555177763864,0.3483937974618034
rock_05::style_swap::swap_cross,rock_05::style_swap::swap_cross,perturbations/audio/rock_05__A.wav,perturbations/audio/rock_05__style_swap__swap_cross.wav,,S,rock,0.8386790924434041,0.8581235394738277,1.0,,0.2840052196327718,0.08333333333333333,style_swap,0.36363636363636365,0.4221623509519961,43.71402138157896,rock_05,0.2122365267827706,0.6746742671009771,0.8967058907537901,0.0618467844958932
rock_05::style_swap::swap_same,rock_05::style_swap::swap_same,perturbations/audio/rock_05__A.wav,perturbations/audio/rock_05__style_swap__swap_same.wav,,S,rock,0.9347005154993007,0.9019210684034826,0.6666666666666666,,0.2596730503903638,0.0,style_swap,0.2105263157894737,0.3882255489085519,23.652030892448522,rock_05,0.47868174092957894,0.9756240822320118,0.9224720527980285,0.17234762358249794
rock_06::control::ctrl,rock_06::control::ctrl,perturbations/audio/rock_06__A.wav,perturbations/audio/rock_06__control__ctrl.wav,,control,rock,1.0,0.9999999796743139,0.0,0.0,1.0,1.0,control,1.0,1.0,0.0,rock_06,1.0,1.0,0.9999999997726035,0.9999999999999998
rock_06::pitch_shift::-4st,rock_06::pitch_shift::-4st,perturbations/audio/rock_06__A.wav,perturbations/audio/rock_06__pitch_shift__-4st.wav,,H,rock,0.9119728081780138,0.932120408184512,0.8333333333333334,-4.0,0.6654091681839185,0.25,pitch_shift,1.0,1.0,0.0,rock_06,1.0,1.0,0.9893282008399562,0.5586182442806334
rock_06::pitch_shift::-2st,rock_06::pitch_shift::-2st,perturbations/audio/rock_06__A.wav,perturbations/audio/rock_06__pitch_shift__-2st.wav,,H,rock,0.9366045546530254,0.9241019380473094,0.3333333333333333,-2.0,0.7409488388560519,0.25,pitch_shift,1.0,1.0,0.0,rock_06,1.0,1.0,0.9948722502111902,0.7887002150829775
rock_06::pitch_shift::-1st,rock_06::pitch_shift::-1st,perturbations/audio/rock_06__A.wav,perturbations/audio/rock_06__pitch_shift__-1st.wav,,H,rock,0.9238774293200701,0.9435249404593434,0.8333333333333334,-1.0,0.8248353315474605,0.25,pitch_shift,1.0,1.0,0.0,rock_06,1.0,1.0,0.9975061878945398,0.8838661319024018
rock_06::pitch_shift::+1st,rock_06::pitch_shift::+1st,perturbations/audio/rock_06__A.wav,perturbations/audio/rock_06__pitch_shift__+1st.wav,,H,rock,0.9254530665118966,0.9458935410869814,0.8333333333333334,1.0,0.850540167488044,0.375,pitch_shift,1.0,1.0,0.0,rock_06,1.0,1.0,0.9975212952202486,0.8927497289234801
rock_06::pitch_shift::+2st,rock_06::pitch_shift::+2st,perturbations/audio/rock_06__A.wav,perturbations/audio/rock_06__pitch_shift__+2st.wav,,H,rock,0.941602986475841,0.9243364600420086,0.3333333333333333,2.0,0.7914348459701592,0.375,pitch_shift,0.9565217391304348,1.0,0.0,rock_06,1.0,1.0,0.9957788339052862,0.8054829360539377
rock_06::pitch_shift::+4st,rock_06::pitch_shift::+4st,perturbations/audio/rock_06__A.wav,perturbations/audio/rock_06__pitch_shift__+4st.wav,,H,rock,0.9500096910028714,0.9448098493104343,0.6666666666666666,4.0,0.69430579720489,0.375,pitch_shift,0.9565217391304348,0.8723225766078582,0.0,rock_06,1.0,1.0,0.9868268216910878,0.5764030419532067
rock_06::time_stretch::-20pct,rock_06::time_stretch::-20pct,perturbations/audio/rock_06__A.wav,perturbations/audio/rock_06__time_stretch__-20pct.wav,,R,rock,0.9914819444892387,0.9986509475912766,0.0,-20.0,0.47215725197985703,0.25,time_stretch,0.25000000000000006,0.42216235095199606,23.652030892448522,rock_06,1.0,1.0,0.9969822517055558,0.8632807460236862
rock_06::time_stretch::-10pct,rock_06::time_stretch::-10pct,perturbations/audio/rock_06__A.wav,perturbations/audio/rock_06__time_stretch__-10pct.wav,,R,rock,0.9955255702707879,0.999561646159687,0.0,-10.0,0.5597231226097101,0.5,time_stretch,0.47619047619047616,0.3542887468651077,12.95230263157896,rock_06,1.0,1.0,0.9968156840831396,0.9041351366874849
rock_06::time_stretch::-5pct,rock_06::time_stretch::-5pct,perturbations/audio/rock_06__A.wav,perturbations/audio/rock_06__time_stretch__-5pct.wav,,R,rock,0.9969898693898943,0.999386452387881,0.0,-5.0,0.5613686753060748,0.375,time_stretch,0.5454545454545454,0.3882255489085519,6.799958881578959,rock_06,0.8714937237925501,0.987240356083086,0.9979550326024335,0.9200378407330541
rock_06::time_stretch::+5pct,rock_06::time_stretch::+5pct,perturbations/audio/rock_06__A.wav,perturbations/audio/rock_06__time_stretch__+5pct.wav,,R,rock,0.9961805555960586,0.9993443803108403,0.0,5.0,0.5965548942195065,0.25,time_stretch,0.6086956521739131,0.39307557545218513,7.555509868421041,rock_06,1.0,1.0,0.9990886950638289,0.9346906281190809
rock_06::lowpass::lp8000,rock_06::lowpass::lp8000,perturbations/audio/rock_06__A.wav,perturbations/audio/rock_06__lowpass__lp8000.wav,,T,rock,0.9996826649512025,0.9998781972613681,0.0,8000.0,0.997058481045427,1.0,lowpass,1.0,1.0,0.0,rock_06,1.0,1.0,0.9600216810802413,0.18893750862375394
rock_06::time_stretch::+10pct,rock_06::time_stretch::+10pct,perturbations/audio/rock_06__A.wav,perturbations/audio/rock_06__time_stretch__+10pct.wav,,R,rock,0.9936027721999757,0.999547971845759,0.0,10.0,0.5455827459999438,0.25,time_stretch,0.43478260869565216,0.3619668402456946,15.999903250773968,rock_06,0.14286600677901995,0.6620443740095088,0.9980217968127401,0.9204761032987104
rock_06::time_stretch::+20pct,rock_06::time_stretch::+20pct,perturbations/audio/rock_06__A.wav,perturbations/audio/rock_06__time_stretch__+20pct.wav,,R,rock,0.9889207434708762,0.9992117854252195,0.0,20.0,0.4764519512661364,0.25,time_stretch,0.4,0.31601265353248076,25.49984580592104,rock_06,0.29933934304646004,0.6695566502463054,0.9980272694973376,0.9054291593927611
rock_06::lowpass::lp4000,rock_06::lowpass::lp4000,perturbations/audio/rock_06__A.wav,perturbations/audio/rock_06__lowpass__lp4000.wav,,T,rock,0.9996654060048267,0.9998599838777086,0.0,4000.0,0.9968645748124221,1.0,lowpass,1.0,1.0,0.0,rock_06,1.0,1.0,0.9454592634773441,0.03865948381881232
rock_06::lowpass::lp2000,rock_06::lowpass::lp2000,perturbations/audio/rock_06__A.wav,perturbations/audio/rock_06__lowpass__lp2000.wav,,T,rock,0.9997938586055221,0.9998998055448342,0.0,2000.0,0.9744368498995868,1.0,lowpass,1.0,0.8723225766078582,0.0,rock_06,1.0,1.0,0.839292706388352,0.0007442065305541071
rock_06::distortion::drv4,rock_06::distortion::drv4,perturbations/audio/rock_06__A.wav,perturbations/audio/rock_06__distortion__drv4.wav,,T,rock,0.9993331636872823,0.9997728292291637,0.0,4.0,0.9743098502421661,0.625,distortion,1.0,0.9179668276588492,0.0,rock_06,1.0,1.0,0.9999149015499774,0.975377750016263
rock_06::distortion::drv12,rock_06::distortion::drv12,perturbations/audio/rock_06__A.wav,perturbations/audio/rock_06__distortion__drv12.wav,,T,rock,0.9985299248274294,0.9996384558222212,0.0,12.0,0.8843640724805647,0.625,distortion,1.0,0.8723225766078582,0.0,rock_06,0.79673224293418,0.9471488178025035,0.9993500117082785,0.795057158936333
rock_06::distortion::drv32,rock_06::distortion::drv32,perturbations/audio/rock_06__A.wav,perturbations/audio/rock_06__distortion__drv32.wav,,T,rock,0.9981114068563104,0.9996986006469369,0.0,32.0,0.8049206673424223,0.25,distortion,0.9,0.720969792370589,0.0,rock_06,0.3739694790387649,0.9638973466724663,0.9979098689103777,0.5185218661025307
rock_06::style_swap::swap_cross,rock_06::style_swap::swap_cross,perturbations/audio/rock_06__A.wav,perturbations/audio/rock_06__style_swap__swap_cross.wav,,S,rock,0.8277069474048224,0.8855958652733071,0.3333333333333333,,0.28988342249574794,0.125,style_swap,0.380952380952381,0.3542887468651077,18.545342404306226,rock_06,0.8403184430849032,0.9873756126540917,0.9119171109563281,0.18840457570662492
rock_06::style_swap::swap_same,rock_06::style_swap::swap_same,perturbations/audio/rock_06__A.wav,perturbations/audio/rock_06__style_swap__swap_same.wav,,S,rock,0.9324320046031126,0.9422638795790758,0.0,,0.31659465488101524,0.0,style_swap,0.09523809523809525,0.4221623509519961,12.95230263157896,rock_06,1.0,1.0,0.8610167201503717,0.27113352729873574
rock_07::control::ctrl,rock_07::control::ctrl,perturbations/audio/rock_07__A.wav,perturbations/audio/rock_07__control__ctrl.wav,,control,rock,1.0,0.999999977773429,0.0,0.0,1.0,1.0,control,1.0,1.0,0.0,rock_07,1.0,1.0,0.9999999998142722,0.9999999999999998
rock_07::pitch_shift::-4st,rock_07::pitch_shift::-4st,perturbations/audio/rock_07__A.wav,perturbations/audio/rock_07__pitch_shift__-4st.wav,,H,rock,0.6067472605961871,0.7204824795568953,0.6666666666666666,-4.0,0.7598741940562175,0.0,pitch_shift,1.0,1.0,0.0,rock_07,1.0,1.0,0.9968523465228337,0.5684365464570824
rock_07::pitch_shift::-2st,rock_07::pitch_shift::-2st,perturbations/audio/rock_07__A.wav,perturbations/audio/rock_07__pitch_shift__-2st.wav,,H,rock,0.6985442069026662,0.7903260416304504,0.3333333333333333,-2.0,0.852429812581688,0.625,pitch_shift,1.0,1.0,0.0,rock_07,1.0,1.0,0.9985041080707225,0.8079550480504925
rock_07::pitch_shift::-1st,rock_07::pitch_shift::-1st,perturbations/audio/rock_07__A.wav,perturbations/audio/rock_07__pitch_shift__-1st.wav,,H,rock,0.5791582631040741,0.6844800756788045,0.8333333333333334,-1.0,0.8886014040387433,0.625,pitch_shift,1.0,1.0,0.0,rock_07,1.0,1.0,0.999198033082992,0.91009489363636
rock_07::pitch_shift::+1st,rock_07::pitch_shift::+1st,perturbations/audio/rock_07__A.wav,perturbations/audio/rock_07__pitch_shift__+1st.wav,,H,rock,0.5860065877705475,0.685140924851602,0.8333333333333334,1.0,0.8685137826792865,0.125,pitch_shift,1.0,0.8895628492131631,0.0,rock_07,1.0,1.0,0.99935788678372,0.9204631402606274
rock_07::pitch_shift::+2st,rock_07::pitch_shift::+2st,perturbations/audio/rock_07__A.wav,perturbations/audio/rock_07__pitch_shift__+2st.wav,,H,rock,0.7109425375412153,0.7795233657756021,0.3333333333333333,2.0,0.8379101674681689,0.625,pitch_shift,1.0,0.8895628492131631,0.0,rock_07,1.0,1.0,0.9979422658110771,0.8034748967038736
rock_07::pitch_shift::+4st,rock_07::pitch_shift::+4st,perturbations/audio/rock_07__A.wav,perturbations/audio/rock_07__pitch_shift__+4st.wav,,H,rock,0.5849146345073255,0.7079067867152696,0.6666666666666666,4.0,0.7785147206842056,0.125,pitch_shift,1.0,0.8895628492131631,0.0,rock_07,1.0,1.0,0.9943933843426618,0.6039521430363948
rock_07::time_stretch::-20pct,rock_07::time_stretch::-20pct,perturbations/audio/rock_07__A.wav,perturbations/audio/rock_07__time_stretch__-20pct.wav,,R,rock,0.9557311491816004,0.9922606531752525,0.0,-20.0,0.610071884974388,0.375,time_stretch,0.2857142857142857,0.47600043459443236,23.244237256371818,rock_07,0.9070071229635471,0.9884705882352942,0.9909157843571907,0.7729330166916113
rock_07::time_stretch::-10pct,rock_07::time_stretch::-10pct,perturbations/audio/rock_07__A.wav,perturbations/audio/rock_07__time_stretch__-10pct.wav,,R,rock,0.9836590382250421,0.9976034687917804,0.0,-10.0,0.6981045783300504,0.75,time_stretch,0.26666666666666666,0.4400427662831699,12.963132316053517,rock_07,1.0,1.0,0.9963749170370929,0.9107627173767157
rock_07::time_stretch::-5pct,rock_07::time_stretch::-5pct,perturbations/audio/rock_07__A.wav,perturbations/audio/rock_07__time_stretch__-5pct.wav,,R,rock,0.9913558105404313,0.9988975739827937,0.0,-5.0,0.7888056253232213,0.25,time_stretch,0.0,0.47600043459443236,8.987771739130437,rock_07,1.0,1.0,0.9989746670323599,0.9469443958657854
rock_07::time_stretch::+5pct,rock_07::time_stretch::+5pct,perturbations/audio/rock_07__A.wav,perturbations/audio/rock_07__time_stretch__+5pct.wav,,R,rock,0.9893414155907478,0.9973111985466506,0.0,5.0,0.7444605179074999,0.375,time_stretch,0.0,0.417284593374673,5.1066884881422965,rock_07,1.0,1.0,0.9990637611854466,0.9071682077313241
rock_07::time_stretch::+10pct,rock_07::time_stretch::+10pct,perturbations/audio/rock_07__A.wav,perturbations/audio/rock_07__time_stretch__+10pct.wav,,R,rock,0.9810368111238449,0.9935997302651028,0.0,10.0,0.7014917714951302,0.25,time_stretch,0.25,0.5069382125284845,10.699728260869563,rock_07,0.8934636515453438,0.9887018676504495,0.9984467353172799,0.8950799042884191
rock_07::time_stretch::+20pct,rock_07::time_stretch::+20pct,perturbations/audio/rock_07__A.wav,perturbations/audio/rock_07__time_stretch__+20pct.wav,,R,rock,0.9649692500770939,0.9863732818124333,0.16666666666666666,20.0,0.6325811776911272,0.625,time_stretch,0.5555555555555556,0.3542887468651077,23.652030892448522,rock_07,0.8934636515453438,0.9887018676504495,0.9952228906614355,0.8580724960084959
rock_07::lowpass::lp8000,rock_07::lowpass::lp8000,perturbations/audio/rock_07__A.wav,perturbations/audio/rock_07__lowpass__lp8000.wav,,T,rock,0.999881656880659,0.9999678184749676,0.0,8000.0,0.9999661960606818,1.0,lowpass,1.0,1.0,0.0,rock_07,1.0,1.0,0.9722398720548763,0.4674992916099446
rock_07::lowpass::lp4000,rock_07::lowpass::lp4000,perturbations/audio/rock_07__A.wav,perturbations/audio/rock_07__lowpass__lp4000.wav,,T,rock,0.9999991479951998,0.9999994885048977,0.0,4000.0,0.9992441649491228,1.0,lowpass,1.0,1.0,0.0,rock_07,1.0,1.0,0.9487164348438718,0.0982226210041857
rock_07::lowpass::lp2000,rock_07::lowpass::lp2000,perturbations/audio/rock_07__A.wav,perturbations/audio/rock_07__lowpass__lp2000.wav,,T,rock,0.9999222989881668,0.9999742594769618,0.0,2000.0,0.9945500797029,1.0,lowpass,0.7272727272727273,0.7426467363643514,4.681131114130437,rock_07,1.0,1.0,0.9270483773392529,1.7225782725769638e-05
rock_07::distortion::drv4,rock_07::distortion::drv4,perturbations/audio/rock_07__A.wav,perturbations/audio/rock_07__distortion__drv4.wav,,T,rock,0.9985547810548256,0.9998336555435582,0.0,4.0,0.9606076112334115,1.0,distortion,1.0,1.0,0.0,rock_07,1.0,1.0,0.9976079343045623,0.8969270390095715
rock_07::distortion::drv12,rock_07::distortion::drv12,perturbations/audio/rock_07__A.wav,perturbations/audio/rock_07__distortion__drv12.wav,,T,rock,0.9915322336397591,0.9960541402800539,0.0,12.0,0.8512025972693533,1.0,distortion,1.0,1.0,0.0,rock_07,1.0,1.0,0.989203603650882,0.6826415153496809
rock_07::distortion::drv32,rock_07::distortion::drv32,perturbations/audio/rock_07__A.wav,perturbations/audio/rock_07__distortion__drv32.wav,,T,rock,0.9822177439616935,0.9903676814436436,0.0,32.0,0.7705632724277588,1.0,distortion,1.0,0.8388964646871107,4.681131114130437,rock_07,1.0,1.0,0.9873365386355806,0.5262015566634347
rock_07::style_swap::swap_cross,rock_07::style_swap::swap_cross,perturbations/audio/rock_07__A.wav,perturbations/audio/rock_07__style_swap__swap_cross.wav,,S,rock,0.7789093775157011,0.7848680138642021,0.8333333333333334,,0.26673058371238734,0.0,style_swap,0.17391304347826086,0.30005345785396237,12.963132316053517,rock_07,0.826556440563825,0.976948669201521,0.94320444837733,0.24086118844375304
rock_08::control::ctrl,rock_08::control::ctrl,perturbations/audio/rock_08__A.wav,perturbations/audio/rock_08__control__ctrl.wav,,control,rock,1.0,0.9999999788495171,0.0,0.0,1.0,1.0,control,1.0,1.0,0.0,rock_08,1.0,1.0,0.9999999997907967,1.0
rock_08::pitch_shift::-4st,rock_08::pitch_shift::-4st,perturbations/audio/rock_08__A.wav,perturbations/audio/rock_08__pitch_shift__-4st.wav,,H,rock,0.8822683578915622,0.9519373078952736,0.6666666666666666,-4.0,0.6646186029695054,0.0,pitch_shift,0.9411764705882353,1.0,0.0,rock_08,1.0,1.0,0.993073218683781,0.5788370860567759
rock_08::pitch_shift::-2st,rock_08::pitch_shift::-2st,perturbations/audio/rock_08__A.wav,perturbations/audio/rock_08__pitch_shift__-2st.wav,,H,rock,0.9055828560055137,0.9587582269407506,0.16666666666666666,-2.0,0.7643149931654043,0.0,pitch_shift,0.9411764705882353,1.0,0.0,rock_08,1.0,1.0,0.9959333210348952,0.8149908148437566
rock_07::style_swap::swap_same,rock_07::style_swap::swap_same,perturbations/audio/rock_07__A.wav,perturbations/audio/rock_07__style_swap__swap_same.wav,,S,rock,0.8388453229997902,0.8533749856966995,0.16666666666666666,,0.27527519820278223,0.0,style_swap,0.4444444444444444,0.3542887468651077,20.061990489130437,rock_07,0.13354901196066551,0.657361963190184,0.8883977942532773,0.24349292356370478
rock_08::pitch_shift::-1st,rock_08::pitch_shift::-1st,perturbations/audio/rock_08__A.wav,perturbations/audio/rock_08__pitch_shift__-1st.wav,,H,rock,0.9052238139427934,0.9517553309644787,0.8333333333333334,-1.0,0.8480979230497443,0.0,pitch_shift,1.0,1.0,0.0,rock_08,1.0,1.0,0.9962492721577055,0.8749592651160194
rock_08::pitch_shift::+1st,rock_08::pitch_shift::+1st,perturbations/audio/rock_08__A.wav,perturbations/audio/rock_08__pitch_shift__+1st.wav,,H,rock,0.9465782453377177,0.9674029224159534,0.8333333333333334,1.0,0.8475074006314343,1.0,pitch_shift,0.9411764705882353,0.8985423860130417,0.0,rock_08,1.0,1.0,0.9973327545179708,0.8580636323084417
rock_08::pitch_shift::+2st,rock_08::pitch_shift::+2st,perturbations/audio/rock_08__A.wav,perturbations/audio/rock_08__pitch_shift__+2st.wav,,H,rock,0.8878601974160486,0.9527859668770838,0.3333333333333333,2.0,0.8067241384115362,1.0,pitch_shift,0.9411764705882353,0.7714638244574039,0.0,rock_08,1.0,1.0,0.9931485232849345,0.7047001765299306
rock_08::pitch_shift::+4st,rock_08::pitch_shift::+4st,perturbations/audio/rock_08__A.wav,perturbations/audio/rock_08__pitch_shift__+4st.wav,,H,rock,0.8864959239514048,0.9646718978743126,0.6666666666666666,4.0,0.7093970208775806,1.0,pitch_shift,1.0,0.8573593861804992,0.0,rock_08,1.0,1.0,0.9785611066934408,0.47307656255129843
rock_08::time_stretch::-20pct,rock_08::time_stretch::-20pct,perturbations/audio/rock_08__A.wav,perturbations/audio/rock_08__time_stretch__-20pct.wav,,R,rock,0.9855822047882583,0.9970136434411752,0.0,-20.0,0.47823616820338866,0.0,time_stretch,0.26666666666666666,0.4912824822514895,23.244237256371818,rock_08,0.8934636515453438,0.9887018676504495,0.9971173070565134,0.8706696209521978
rock_08::time_stretch::-10pct,rock_08::time_stretch::-10pct,perturbations/audio/rock_08__A.wav,perturbations/audio/rock_08__time_stretch__-10pct.wav,,R,rock,0.9939397006619939,0.9994263521262519,0.0,-10.0,0.5280694485880291,0.0,time_stretch,0.3333333333333333,0.4083258550341814,8.987771739130437,rock_08,0.7275132636315729,0.9661335841956726,0.9971481835843802,0.8728661366691957
rock_08::time_stretch::+5pct,rock_08::time_stretch::+5pct,perturbations/audio/rock_08__A.wav,perturbations/audio/rock_08__time_stretch__+5pct.wav,,R,rock,0.9962084405993447,0.9996752861782785,0.0,5.0,0.652972674932504,0.0,time_stretch,0.0,0.4083258550341814,5.1066884881422965,rock_08,1.0,1.0,0.9970770011738863,0.8999012127349991
rock_08::time_stretch::-5pct,rock_08::time_stretch::-5pct,perturbations/audio/rock_08__A.wav,perturbations/audio/rock_08__time_stretch__-5pct.wav,,R,rock,0.9848906910423892,0.9961306548758432,0.0,-5.0,0.552153486292437,0.0,time_stretch,0.11764705882352941,0.4083258550341814,4.681131114130437,rock_08,1.0,1.0,0.9985312577149872,0.9119315007835234
rock_08::time_stretch::+10pct,rock_08::time_stretch::+10pct,perturbations/audio/rock_08__A.wav,perturbations/audio/rock_08__time_stretch__+10pct.wav,,R,rock,0.9874448038655892,0.9970108936784179,0.5,10.0,0.540529747543891,0.0,time_stretch,0.2105263157894737,0.3799541111268844,10.699728260869563,rock_08,1.0,1.0,0.9959060490445347,0.8661173391003048
rock_08::time_stretch::+20pct,rock_08::time_stretch::+20pct,perturbations/audio/rock_08__A.wav,perturbations/audio/rock_08__time_stretch__+20pct.wav,,R,rock,0.9839718704764937,0.9882542988876841,0.0,20.0,0.5255440147261079,0.0,time_stretch,0.39999999999999997,0.4221623509519961,23.652030892448522,rock_08,0.6616335161567435,0.954880075991451,0.9978020402856805,0.8808209036804101
rock_08::lowpass::lp8000,rock_08::lowpass::lp8000,perturbations/audio/rock_08__A.wav,perturbations/audio/rock_08__lowpass__lp8000.wav,,T,rock,0.9999999647759965,0.999999978584836,0.0,8000.0,0.8951198270185919,1.0,lowpass,1.0,1.0,0.0,rock_08,1.0,1.0,0.9623716191372398,0.22842476399918943
rock_08::lowpass::lp4000,rock_08::lowpass::lp4000,perturbations/audio/rock_08__A.wav,perturbations/audio/rock_08__lowpass__lp4000.wav,,T,rock,0.9895619122542773,0.9957486284946323,0.0,4000.0,0.9987879409659624,1.0,lowpass,1.0,1.0,0.0,rock_08,1.0,1.0,0.9624691673536105,0.013541421536813578
rock_08::lowpass::lp2000,rock_08::lowpass::lp2000,perturbations/audio/rock_08__A.wav,perturbations/audio/rock_08__lowpass__lp2000.wav,,T,rock,0.9888688773717141,0.9951551332488404,0.0,2000.0,0.8581123657614034,1.0,lowpass,0.8750000000000001,1.0,0.0,rock_08,1.0,1.0,0.9033741429519275,0.0001638933719748807
rock_08::distortion::drv4,rock_08::distortion::drv4,perturbations/audio/rock_08__A.wav,perturbations/audio/rock_08__distortion__drv4.wav,,T,rock,0.9903801476033418,0.9959650203983441,0.0,4.0,0.8961538431537546,1.0,distortion,0.9411764705882353,1.0,0.0,rock_08,1.0,1.0,0.9991655657844377,0.8642735430203506
rock_08::distortion::drv32,rock_08::distortion::drv32,perturbations/audio/rock_08__A.wav,perturbations/audio/rock_08__distortion__drv32.wav,,T,rock,0.9974172787203301,0.9992649537335148,0.0,32.0,0.8331702747068229,1.0,distortion,0.9411764705882353,0.7143297805717549,0.0,rock_08,0.5402355741131739,0.9681345430404957,0.9935265293588805,0.2687973220432241
rock_08::distortion::drv12,rock_08::distortion::drv12,perturbations/audio/rock_08__A.wav,perturbations/audio/rock_08__distortion__drv12.wav,,T,rock,0.9911838721253279,0.9963603411480265,0.0,12.0,0.7847220017871495,0.0,distortion,0.9411764705882353,0.8285978683430528,0.0,rock_08,1.0,1.0,0.9963845548875707,0.448420265631522
rock_08::style_swap::swap_cross,rock_08::style_swap::swap_cross,perturbations/audio/rock_08__A.wav,perturbations/audio/rock_08__style_swap__swap_cross.wav,,S,rock,0.590209579338001,0.7727072343371707,1.0,,0.3100298280538515,0.0,style_swap,0.11764705882352941,0.4083258550341814,8.987771739130437,rock_08,0.8934636515453438,0.9887018676504495,0.9701520805257311,0.2470888998329756
rock_08::style_swap::swap_same,rock_08::style_swap::swap_same,perturbations/audio/rock_08__A.wav,perturbations/audio/rock_08__style_swap__swap_same.wav,,S,rock,0.824816989513516,0.9277436224301677,0.16666666666666666,,0.2808620364356532,0.0,style_swap,0.3,0.3542887468651077,20.061990489130437,rock_08,0.1336418433615039,0.6610169491525423,0.9621444730117888,0.24865730926964263
rock_09::control::ctrl,rock_09::control::ctrl,perturbations/audio/rock_09__A.wav,perturbations/audio/rock_09__control__ctrl.wav,,control,rock,1.0,0.9999999791068631,0.0,0.0,1.0,1.0,control,1.0,1.0,0.0,rock_09,1.0,1.0,0.9999999998227181,1.0
rock_09::pitch_shift::-4st,rock_09::pitch_shift::-4st,perturbations/audio/rock_09__A.wav,perturbations/audio/rock_09__pitch_shift__-4st.wav,,H,rock,0.9399973013828523,0.969592737407939,0.6666666666666666,-4.0,0.6647529713246314,0.6111111111111112,pitch_shift,1.0,0.8019098790745595,0.0,rock_09,0.4805744798379667,0.9777886258237736,0.9886784954959678,0.4937414778982849
rock_09::pitch_shift::-2st,rock_09::pitch_shift::-2st,perturbations/audio/rock_09__A.wav,perturbations/audio/rock_09__pitch_shift__-2st.wav,,H,rock,0.945019057097702,0.9817073750774675,0.3333333333333333,-2.0,0.7152349164408844,0.2222222222222222,pitch_shift,1.0,0.8019098790745595,4.681131114130437,rock_09,0.48120041393583995,0.9785044591813401,0.9959092349841087,0.7649344316479462
rock_09::pitch_shift::-1st,rock_09::pitch_shift::-1st,perturbations/audio/rock_09__A.wav,perturbations/audio/rock_09__pitch_shift__-1st.wav,,H,rock,0.9281609491259082,0.9747970637244814,0.8333333333333334,-1.0,0.7990098460396385,0.4444444444444444,pitch_shift,1.0,0.7575767926142635,0.0,rock_09,0.48120041393583995,0.9785044591813401,0.9984376043861704,0.8669557750881255
rock_09::pitch_shift::+1st,rock_09::pitch_shift::+1st,perturbations/audio/rock_09__A.wav,perturbations/audio/rock_09__pitch_shift__+1st.wav,,H,rock,0.9262548214821934,0.9767147464384645,0.8333333333333334,1.0,0.7866580513912866,0.2222222222222222,pitch_shift,1.0,0.8133475887610566,0.0,rock_09,0.48120041393583995,0.9785044591813401,0.9988993378694766,0.8597038121083631
rock_09::pitch_shift::+2st,rock_09::pitch_shift::+2st,perturbations/audio/rock_09__A.wav,perturbations/audio/rock_09__pitch_shift__+2st.wav,,H,rock,0.9514673009030529,0.9821099859527045,0.3333333333333333,2.0,0.7876693113934196,0.3333333333333333,pitch_shift,1.0,0.8133475887610566,0.0,rock_09,0.3078451574919042,0.9583971972848697,0.9962940638906944,0.7448721829487915
rock_09::pitch_shift::+4st,rock_09::pitch_shift::+4st,perturbations/audio/rock_09__A.wav,perturbations/audio/rock_09__pitch_shift__+4st.wav,,H,rock,0.9413025483156541,0.9724011995228488,0.6666666666666666,4.0,0.7019111268524485,0.05555555555555555,pitch_shift,1.0,0.7376340797032043,0.0,rock_09,0.3078451574919042,0.9583971972848697,0.9888575807253366,0.5352368096627699
rock_09::time_stretch::-20pct,rock_09::time_stretch::-20pct,perturbations/audio/rock_09__A.wav,perturbations/audio/rock_09__time_stretch__-20pct.wav,,R,rock,0.978745797076836,0.9960279043627678,0.0,-20.0,0.5113882809617608,0.0,time_stretch,0.28571428571428575,0.4400427662831699,20.061990489130437,rock_09,0.2580367393800235,0.9480433340703073,0.9986382499155979,0.8498903917209026
rock_09::time_stretch::-10pct,rock_09::time_stretch::-10pct,perturbations/audio/rock_09__A.wav,perturbations/audio/rock_09__time_stretch__-10pct.wav,,R,rock,0.9884888283179158,0.9984494716636392,0.0,-10.0,0.6153225664032769,0.16666666666666666,time_stretch,0.42857142857142855,0.4400427662831699,8.987771739130437,rock_09,0.48099629912471353,0.9782710280373831,0.9988821050206917,0.8490430742480554
rock_09::time_stretch::-5pct,rock_09::time_stretch::-5pct,perturbations/audio/rock_09__A.wav,perturbations/audio/rock_09__time_stretch__-5pct.wav,,R,rock,0.9928131163573902,0.9993834522960372,0.0,-5.0,0.6347751237605843,0.1111111111111111,time_stretch,0.375,0.48670586909290575,4.681131114130437,rock_09,0.48099629912471353,0.9782710280373831,0.9995491718563682,0.8968470016158072
rock_09::time_stretch::+5pct,rock_09::time_stretch::+5pct,perturbations/audio/rock_09__A.wav,perturbations/audio/rock_09__time_stretch__+5pct.wav,,R,rock,0.9927788487392213,0.9996213110070937,0.0,5.0,0.599978945348658,0.2222222222222222,time_stretch,0.0,0.48670586909290575,0.0,rock_09,0.48120041393583995,0.9785044591813401,0.9992855302198198,0.8938064376079163
rock_09::time_stretch::+10pct,rock_09::time_stretch::+10pct,perturbations/audio/rock_09__A.wav,perturbations/audio/rock_09__time_stretch__+10pct.wav,,R,rock,0.9876800315506258,0.99771512295222,0.0,10.0,0.6033273781719486,0.2777777777777778,time_stretch,0.33333333333333326,0.3799541111268843,10.699728260869563,rock_09,0.3078451574919042,0.9583971972848697,0.9987521121160383,0.873101681425613
rock_09::time_stretch::+20pct,rock_09::time_stretch::+20pct,perturbations/audio/rock_09__A.wav,perturbations/audio/rock_09__time_stretch__+20pct.wav,,R,rock,0.984560734169086,0.9981302896547602,0.0,20.0,0.5284441420423878,0.1111111111111111,time_stretch,0.23529411764705882,0.4498041686428355,16.852072010869563,rock_09,0.48120041393583995,0.9785044591813401,0.9988004635859193,0.8715789371343996
rock_09::lowpass::lp8000,rock_09::lowpass::lp8000,perturbations/audio/rock_09__A.wav,perturbations/audio/rock_09__lowpass__lp8000.wav,,T,rock,0.9999608864891519,0.9999926771568232,0.0,8000.0,0.8904860116634286,0.3333333333333333,lowpass,1.0,0.8985423860130417,0.0,rock_09,0.48120041393583995,0.9785044591813401,0.9739934632366238,0.34278803935956687
rock_09::lowpass::lp4000,rock_09::lowpass::lp4000,perturbations/audio/rock_09__A.wav,perturbations/audio/rock_09__lowpass__lp4000.wav,,T,rock,0.9998029623261379,0.9999646455159754,0.0,4000.0,0.8879604475638553,0.3333333333333333,lowpass,0.6666666666666666,0.6733582803318491,5.1066884881422965,rock_09,1.0,1.0,0.9299417409816114,0.04103856212834339
rock_09::distortion::drv4,rock_09::distortion::drv4,perturbations/audio/rock_09__A.wav,perturbations/audio/rock_09__distortion__drv4.wav,,T,rock,0.999287908192168,0.999895421004861,0.0,4.0,0.9161987102614009,0.3333333333333333,distortion,0.625,0.5509816684642609,0.0,rock_09,0.3078451574919042,0.9583971972848697,0.9998891482096754,0.9748561122741869
rock_09::lowpass::lp2000,rock_09::lowpass::lp2000,perturbations/audio/rock_09__A.wav,perturbations/audio/rock_09__lowpass__lp2000.wav,,T,rock,0.9957347584647999,0.9989053548228299,0.0,2000.0,0.8721023591007415,0.3333333333333333,lowpass,0.6666666666666666,0.48670586909290575,0.0,rock_09,0.029885657836469213,0.6261371841155234,0.8925423053897432,6.426760928956906e-05
rock_09::distortion::drv12,rock_09::distortion::drv12,perturbations/audio/rock_09__A.wav,perturbations/audio/rock_09__distortion__drv12.wav,,T,rock,0.9958213661133818,0.9991780406952977,0.0,12.0,0.7911031226099854,0.3888888888888889,distortion,0.0,0.5333689719026415,5.1066884881422965,rock_09,0.3078451574919042,0.9583971972848697,0.9983209716447972,0.8264588931558767
rock_09::distortion::drv32,rock_09::distortion::drv32,perturbations/audio/rock_09__A.wav,perturbations/audio/rock_09__distortion__drv32.wav,,T,rock,0.9938418082202575,0.9985332734361038,0.0,32.0,0.8115074932575824,0.5,distortion,0.13333333333333333,0.4400427662831699,26.214334239130437,rock_09,1.0,1.0,0.9969787023600274,0.6031797810286905
rock_09::style_swap::swap_cross,rock_09::style_swap::swap_cross,perturbations/audio/rock_09__A.wav,perturbations/audio/rock_09__style_swap__swap_cross.wav,,S,rock,0.7456997891335009,0.8841665464835401,0.0,,0.24898776306769677,0.0,style_swap,0.16666666666666666,0.5509816684642609,20.061990489130437,rock_09,0.48120041393583995,0.9785044591813401,0.9152081434633998,0.02178012681524599
rock_09::style_swap::swap_same,rock_09::style_swap::swap_same,perturbations/audio/rock_09__A.wav,perturbations/audio/rock_09__style_swap__swap_same.wav,,S,rock,0.8563662292407956,0.957076809927731,0.5,,0.2823087672001725,0.0,style_swap,0.125,0.48670586909290575,12.963132316053517,rock_09,0.4799054373522453,0.977023498694517,0.8987211070643474,0.16589476495611932
rock_10::control::ctrl,rock_10::control::ctrl,perturbations/audio/rock_10__A.wav,perturbations/audio/rock_10__control__ctrl.wav,,control,rock,1.0,0.9999999783144234,0.0,0.0,1.0,1.0,control,1.0,1.0,0.0,rock_10,1.0,1.0,0.9999999998158716,1.0
rock_10::pitch_shift::-4st,rock_10::pitch_shift::-4st,perturbations/audio/rock_10__A.wav,perturbations/audio/rock_10__pitch_shift__-4st.wav,,H,rock,0.7824831580134198,0.815253508082805,0.6666666666666666,-4.0,0.7553311821147268,1.0,pitch_shift,0.8421052631578948,0.6877430157595599,0.0,rock_10,0.8855583874666366,0.9384478144513827,0.9930285030133645,0.5949662119137411
rock_10::pitch_shift::-2st,rock_10::pitch_shift::-2st,perturbations/audio/rock_10__A.wav,perturbations/audio/rock_10__pitch_shift__-2st.wav,,H,rock,0.8731600217060275,0.8735878877303971,0.3333333333333333,-2.0,0.785396271862389,1.0,pitch_shift,0.8421052631578948,0.7615303713864386,0.0,rock_10,1.0,1.0,0.9961800871509485,0.8231917630410146
rock_10::pitch_shift::-1st,rock_10::pitch_shift::-1st,perturbations/audio/rock_10__A.wav,perturbations/audio/rock_10__pitch_shift__-1st.wav,,H,rock,0.899878360021715,0.9435959179862287,0.8333333333333334,-1.0,0.8414703080321321,1.0,pitch_shift,0.8421052631578948,0.7615303713864386,0.0,rock_10,0.8488543408226916,0.9180549302116164,0.9986023851220095,0.9291985299035862
rock_10::pitch_shift::+1st,rock_10::pitch_shift::+1st,perturbations/audio/rock_10__A.wav,perturbations/audio/rock_10__pitch_shift__+1st.wav,,H,rock,0.8769363985350945,0.9364328393080513,0.8333333333333334,1.0,0.8044285941719085,1.0,pitch_shift,1.0,1.0,0.0,rock_10,0.7834312067503806,0.8854996585476894,0.9995292328365726,0.9386031929727685
rock_10::time_stretch::-20pct,rock_10::time_stretch::-20pct,perturbations/audio/rock_10__A.wav,perturbations/audio/rock_10__time_stretch__-20pct.wav,,R,rock,0.9641309790733283,0.9946328526169816,0.0,-20.0,0.56558944648807,0.6666666666666666,time_stretch,0.36363636363636365,0.3882255489085519,41.015625,rock_10,0.1336418433615039,0.6610169491525423,0.9969347946451577,0.8989208386996586
rock_10::pitch_shift::+2st,rock_10::pitch_shift::+2st,perturbations/audio/rock_10__A.wav,perturbations/audio/rock_10__pitch_shift__+2st.wav,,H,rock,0.8262819456419336,0.8558405601940882,0.3333333333333333,2.0,0.8462611842070693,1.0,pitch_shift,0.5000000000000001,0.5239727570823288,12.3046875,rock_10,0.8488543408226916,0.9180549302116164,0.9978023773913887,0.8547659796757948
rock_10::pitch_shift::+4st,rock_10::pitch_shift::+4st,perturbations/audio/rock_10__A.wav,perturbations/audio/rock_10__pitch_shift__+4st.wav,,H,rock,0.7131281163380563,0.7977126421798947,0.6666666666666666,4.0,0.7973830477901788,1.0,pitch_shift,0.8421052631578948,0.7216798178030042,12.3046875,rock_10,0.7834312067503806,0.8854996585476894,0.9929400093447157,0.635361883401835
rock_10::time_stretch::-5pct,rock_10::time_stretch::-5pct,perturbations/audio/rock_10__A.wav,perturbations/audio/rock_10__time_stretch__-5pct.wav,,R,rock,0.9903445724968638,0.9972076997772653,0.0,-5.0,0.6582524182730887,1.0,time_stretch,0.5882352941176471,0.3542887468651076,17.86164314516128,rock_10,0.1365626726060809,0.6570934256055363,0.999616331021706,0.9606721771804392
rock_10::time_stretch::-10pct,rock_10::time_stretch::-10pct,perturbations/audio/rock_10__A.wav,perturbations/audio/rock_10__time_stretch__-10pct.wav,,R,rock,0.978976561881446,0.994485488683785,0.0,-10.0,0.621421322899004,1.0,time_stretch,0.5,0.3542887468651076,23.0712890625,rock_10,0.9039533475860091,0.9475357710651829,0.9983947341162949,0.9299390319993771
rock_10::time_stretch::+20pct,rock_10::time_stretch::+20pct,perturbations/audio/rock_10__A.wav,perturbations/audio/rock_10__time_stretch__+20pct.wav,,R,rock,0.9494475311765875,0.9982515240348682,0.0,20.0,0.562418392703104,1.0,time_stretch,0.4210526315789474,0.3542887468651077,22.1484375,rock_10,0.13537459747006605,0.658068783068783,0.9992547708191228,0.9180811325821633
rock_10::time_stretch::+5pct,rock_10::time_stretch::+5pct,perturbations/audio/rock_10__A.wav,perturbations/audio/rock_10__time_stretch__+5pct.wav,,R,rock,0.9806973162687621,0.9974628581431032,0.0,5.0,0.6190187883173659,1.0,time_stretch,0.5000000000000001,0.3882255489085519,0.0,rock_10,0.7429166184803978,0.8642376421443491,0.9996591297068788,0.9717482408509938
rock_10::time_stretch::+10pct,rock_10::time_stretch::+10pct,perturbations/audio/rock_10__A.wav,perturbations/audio/rock_10__time_stretch__+10pct.wav,,R,rock,0.9730533032615682,0.997409135516677,0.0,10.0,0.6208846456480144,1.0,time_stretch,0.39999999999999997,0.3882255489085519,6.8359375,rock_10,0.13643692962320145,0.6505175983436854,0.9992350076835964,0.9473252355161853
rock_10::lowpass::lp8000,rock_10::lowpass::lp8000,perturbations/audio/rock_10__A.wav,perturbations/audio/rock_10__lowpass__lp8000.wav,,T,rock,0.9999999567973924,0.9999999774944478,0.0,8000.0,0.9861951145310024,1.0,lowpass,1.0,0.9179668276588492,0.0,rock_10,1.0,1.0,0.9855871266976163,0.4748805918135866
rock_10::lowpass::lp4000,rock_10::lowpass::lp4000,perturbations/audio/rock_10__A.wav,perturbations/audio/rock_10__lowpass__lp4000.wav,,T,rock,0.9999972290798117,0.9999972387018861,0.0,4000.0,0.9871052680051363,1.0,lowpass,0.9,0.9060656183380302,12.3046875,rock_10,0.9609758360224132,0.9788669064748201,0.9384916389292335,0.09900889599462191
rock_10::lowpass::lp2000,rock_10::lowpass::lp2000,perturbations/audio/rock_10__A.wav,perturbations/audio/rock_10__lowpass__lp2000.wav,,T,rock,0.9991756217341293,0.9996099061061577,0.0,2000.0,0.9826496629826705,1.0,lowpass,0.9,0.9060656183380302,0.0,rock_10,0.9609758360224132,0.9788669064748201,0.7843694469941865,9.152055838915673e-06
rock_10::distortion::drv4,rock_10::distortion::drv4,perturbations/audio/rock_10__A.wav,perturbations/audio/rock_10__distortion__drv4.wav,,T,rock,0.9979997552124663,0.9997697904147093,0.0,4.0,0.9696819314225149,1.0,distortion,1.0,0.9179668276588492,0.0,rock_10,0.134560179053159,0.6649746192893401,0.9985671160198657,0.9031567561139237
rock_10::distortion::drv12,rock_10::distortion::drv12,perturbations/audio/rock_10__A.wav,perturbations/audio/rock_10__distortion__drv12.wav,,T,rock,0.996180976426353,0.9991895008444269,0.0,12.0,0.8864670284996612,1.0,distortion,0.3703703703703703,0.3233850092588303,14.19771634615384,rock_10,0.864847262753153,0.9285870277353134,0.9914869850740996,0.5440646340873714
rock_10::style_swap::swap_cross,rock_10::style_swap::swap_cross,perturbations/audio/rock_10__A.wav,perturbations/audio/rock_10__style_swap__swap_cross.wav,,S,rock,0.8272651457721397,0.8787473353503042,0.6666666666666666,,0.25473201941874646,0.0,style_swap,0.39999999999999997,0.3542887468651076,61.5234375,rock_10,0.06522823337263678,0.6458454386984311,0.9234567028921666,0.3373766429507033
rock_11::control::ctrl,rock_11::control::ctrl,perturbations/audio/rock_11__A.wav,perturbations/audio/rock_11__control__ctrl.wav,,control,rock,0.9999999735805518,0.9999999779246794,0.0,0.0,0.9999994500392936,1.0,control,1.0,1.0,0.0,rock_11,1.0,1.0,0.9999999991439872,0.9999973999295613
rock_10::distortion::drv32,rock_10::distortion::drv32,perturbations/audio/rock_10__A.wav,perturbations/audio/rock_10__distortion__drv32.wav,,T,rock,0.9900383735507916,0.9974864679865133,0.0,32.0,0.8193682453047271,1.0,distortion,0.47619047619047616,0.3882255489085519,50.33735795454547,rock_10,0.06522823337263678,0.6458454386984311,0.9806842859966134,0.29582035141625374
rock_10::style_swap::swap_same,rock_10::style_swap::swap_same,perturbations/audio/rock_10__A.wav,perturbations/audio/rock_10__style_swap__swap_same.wav,,S,rock,0.8357830894033222,0.9199766950440516,0.0,,0.27223537770654593,0.0,style_swap,0.2105263157894737,0.43497158481499193,14.19771634615384,rock_10,0.13801437730716917,0.6565217391304348,0.9414182445648405,0.32218072813902554
rock_11::pitch_shift::-4st,rock_11::pitch_shift::-4st,perturbations/audio/rock_11__A.wav,perturbations/audio/rock_11__pitch_shift__-4st.wav,,H,rock,0.9129028448725992,0.9568140189960381,0.6666666666666666,-4.0,0.7662667988587551,0.1,pitch_shift,0.9090909090909091,0.9179668276588492,0.0,rock_11,0.6616335161567435,0.954880075991451,0.9962962386037282,0.5815158061765597
rock_11::pitch_shift::-2st,rock_11::pitch_shift::-2st,perturbations/audio/rock_11__A.wav,perturbations/audio/rock_11__pitch_shift__-2st.wav,,H,rock,0.9314843470374795,0.9593560291801893,0.3333333333333333,-2.0,0.7997936341223911,0.25,pitch_shift,0.9090909090909091,0.9179668276588492,0.0,rock_11,0.6616335161567435,0.954880075991451,0.9981703976516263,0.7835053038233588
rock_11::pitch_shift::-1st,rock_11::pitch_shift::-1st,perturbations/audio/rock_11__A.wav,perturbations/audio/rock_11__pitch_shift__-1st.wav,,H,rock,0.9232788267252372,0.9715204937766457,0.8333333333333334,-1.0,0.830774928896076,0.2,pitch_shift,0.9090909090909091,0.9179668276588492,0.0,rock_11,1.0,1.0,0.9990789273523224,0.8527485257301721
rock_11::pitch_shift::+1st,rock_11::pitch_shift::+1st,perturbations/audio/rock_11__A.wav,perturbations/audio/rock_11__pitch_shift__+1st.wav,,H,rock,0.9291601688032571,0.9778411366011502,0.8333333333333334,1.0,0.8905286846224332,0.55,pitch_shift,0.9090909090909091,0.9179668276588492,0.0,rock_11,1.0,1.0,0.9992802969860075,0.8339540124154277
rock_11::pitch_shift::+2st,rock_11::pitch_shift::+2st,perturbations/audio/rock_11__A.wav,perturbations/audio/rock_11__pitch_shift__+2st.wav,,H,rock,0.9103027825279844,0.9575283060664339,0.3333333333333333,2.0,0.8391220768435973,0.25,pitch_shift,0.7999999999999999,0.7615303713864386,0.0,rock_11,1.0,1.0,0.9972903601375086,0.7442071159240374
rock_11::pitch_shift::+4st,rock_11::pitch_shift::+4st,perturbations/audio/rock_11__A.wav,perturbations/audio/rock_11__pitch_shift__+4st.wav,,H,rock,0.8972801640811089,0.9566609025939313,0.6666666666666666,4.0,0.7956176727103437,0.45,pitch_shift,1.0,0.8383857745644138,0.0,rock_11,1.0,1.0,0.991141067982653,0.5629258552512334
rock_11::time_stretch::-20pct,rock_11::time_stretch::-20pct,perturbations/audio/rock_11__A.wav,perturbations/audio/rock_11__time_stretch__-20pct.wav,,R,rock,0.9806270668006557,0.9989406710265121,0.0,-20.0,0.5605456145537551,0.1,time_stretch,0.3157894736842105,0.3882255489085519,25.83984375,rock_11,0.6616335161567435,0.954880075991451,0.9994216897002717,0.8363717238490099
rock_11::time_stretch::-10pct,rock_11::time_stretch::-10pct,perturbations/audio/rock_11__A.wav,perturbations/audio/rock_11__time_stretch__-10pct.wav,,R,rock,0.9911852884303816,0.9993987872145511,0.0,-10.0,0.6265691703436176,0.2,time_stretch,0.47619047619047616,0.3882255489085519,16.852072010869563,rock_11,1.0,1.0,0.9994730571639836,0.8592064241336403
rock_11::time_stretch::-5pct,rock_11::time_stretch::-5pct,perturbations/audio/rock_11__A.wav,perturbations/audio/rock_11__time_stretch__-5pct.wav,,R,rock,0.9876941073265161,0.9973865337908564,0.0,-5.0,0.6831618333567304,0.2,time_stretch,0.47619047619047616,0.4546150756224616,6.15234375,rock_11,0.7237226605228254,0.9783094812164579,0.9996685940611448,0.8758708441355705
rock_11::time_stretch::+5pct,rock_11::time_stretch::+5pct,perturbations/audio/rock_11__A.wav,perturbations/audio/rock_11__time_stretch__+5pct.wav,,R,rock,0.9908226673761229,0.9993526505052923,0.0,5.0,0.6973426586709829,0.4,time_stretch,0.45454545454545453,0.4560991529954404,6.799958881578959,rock_11,0.7237226605228254,0.9783094812164579,0.9997687619339564,0.9005522102261184
rock_11::time_stretch::+10pct,rock_11::time_stretch::+10pct,perturbations/audio/rock_11__A.wav,perturbations/audio/rock_11__time_stretch__+10pct.wav,,R,rock,0.9838572385754434,0.9990430314414659,0.0,10.0,0.6557616935005989,0.0,time_stretch,0.5454545454545454,0.3882255489085519,6.799958881578959,rock_11,0.8737708269718413,0.9889290555806598,0.9995253971652381,0.8802396045342677
rock_11::time_stretch::+20pct,rock_11::time_stretch::+20pct,perturbations/audio/rock_11__A.wav,perturbations/audio/rock_11__time_stretch__+20pct.wav,,R,rock,0.9888917751747314,0.9995131772137846,0.5,20.0,0.5973752489226798,0.15,time_stretch,0.6666666666666667,0.5047095586298975,22.799862132352928,rock_11,0.8737708269718413,0.9889290555806598,0.999533840560142,0.8754348691374005
rock_11::lowpass::lp8000,rock_11::lowpass::lp8000,perturbations/audio/rock_11__A.wav,perturbations/audio/rock_11__lowpass__lp8000.wav,,T,rock,0.9999999385158985,0.9999999775646355,0.0,8000.0,0.9675278101128764,0.45,lowpass,1.0,1.0,0.0,rock_11,1.0,1.0,0.9781392126489805,0.2544657556443952
rock_11::lowpass::lp4000,rock_11::lowpass::lp4000,perturbations/audio/rock_11__A.wav,perturbations/audio/rock_11__lowpass__lp4000.wav,,T,rock,0.9999997123866449,0.9999998777251196,0.0,4000.0,0.9674026302417478,0.45,lowpass,0.4210526315789474,0.43497158481499204,25.83984375,rock_11,0.6616335161567435,0.954880075991451,0.9547556673343163,0.017672039698323087
rock_11::distortion::drv4,rock_11::distortion::drv4,perturbations/audio/rock_11__A.wav,perturbations/audio/rock_11__distortion__drv4.wav,,T,rock,0.9957292617261613,0.998892999702685,0.0,4.0,0.9422490233388947,0.45,distortion,0.8181818181818182,0.8383857745644138,0.0,rock_11,1.0,1.0,0.9988801159761168,0.862556981461592
rock_11::lowpass::lp2000,rock_11::lowpass::lp2000,perturbations/audio/rock_11__A.wav,perturbations/audio/rock_11__lowpass__lp2000.wav,,T,rock,0.9999933116093581,0.9999982677983874,0.0,2000.0,0.9671931871950975,0.45,lowpass,0.5263157894736842,0.49003595503888464,25.83984375,rock_11,1.0,1.0,0.9435544400709985,5.5394754760555025e-05
rock_11::distortion::drv12,rock_11::distortion::drv12,perturbations/audio/rock_11__A.wav,perturbations/audio/rock_11__distortion__drv12.wav,,T,rock,0.9944631433909676,0.9977389379359057,0.0,12.0,0.8620670157733135,0.45,distortion,0.8181818181818182,0.7615303713864386,0.0,rock_11,1.0,1.0,0.9955301267976999,0.6301066298537088
rock_11::distortion::drv32,rock_11::distortion::drv32,perturbations/audio/rock_11__A.wav,perturbations/audio/rock_11__distortion__drv32.wav,,T,rock,0.987571542633395,0.9961254672454238,0.0,32.0,0.8081350079134426,0.45,distortion,0.761904761904762,0.6514016309386533,6.15234375,rock_11,1.0,1.0,0.9958596122922637,0.4466348976443729
rock_11::style_swap::swap_cross,rock_11::style_swap::swap_cross,perturbations/audio/rock_11__A.wav,perturbations/audio/rock_11__style_swap__swap_cross.wav,,S,rock,0.784691461031149,0.937592769414261,0.8333333333333334,,0.27320842419559865,0.0,style_swap,0.19999999999999998,0.4083258550341814,22.799862132352928,rock_11,0.8737708269718413,0.9889290555806598,0.40072739103657834,0.06133677456509414
rock_11::style_swap::swap_same,rock_11::style_swap::swap_same,perturbations/audio/rock_11__A.wav,perturbations/audio/rock_11__style_swap__swap_same.wav,,S,rock,0.896004962940649,0.8890823588418874,0.8333333333333334,,0.2622983826767171,0.0,style_swap,0.2727272727272727,0.3882255489085518,36.9140625,rock_11,0.1336418433615039,0.6610169491525423,0.8637744318933759,0.12915289726751233
rock_12::control::ctrl,rock_12::control::ctrl,perturbations/audio/rock_12__A.wav,perturbations/audio/rock_12__control__ctrl.wav,,control,rock,1.0,0.99999997842195,0.0,0.0,1.0,1.0,control,1.0,1.0,0.0,rock_12,1.0,1.0,0.999999999803389,0.9999999999999998
rock_12::pitch_shift::-4st,rock_12::pitch_shift::-4st,perturbations/audio/rock_12__A.wav,perturbations/audio/rock_12__pitch_shift__-4st.wav,,H,rock,0.8894294012465881,0.94704520022223,0.5,-4.0,0.776934928614907,0.125,pitch_shift,0.5,0.4864017810716567,23.92578125,rock_12,1.0,1.0,0.9936227032476078,0.5361238541671304
rock_12::pitch_shift::-1st,rock_12::pitch_shift::-1st,perturbations/audio/rock_12__A.wav,perturbations/audio/rock_12__pitch_shift__-1st.wav,,H,rock,0.8932584737717799,0.9432413602331225,1.0,-1.0,0.8338604245960769,0.75,pitch_shift,0.5,0.4359261083664218,23.92578125,rock_12,1.0,1.0,0.998677615865183,0.9123358435897431
rock_12::pitch_shift::-2st,rock_12::pitch_shift::-2st,perturbations/audio/rock_12__A.wav,perturbations/audio/rock_12__pitch_shift__-2st.wav,,H,rock,0.9340113255899866,0.9727456910133493,0.3333333333333333,-2.0,0.8183049775292159,0.5,pitch_shift,0.5,0.4864017810716567,23.92578125,rock_12,1.0,1.0,0.9972682959281296,0.7997600215139079
rock_12::pitch_shift::+1st,rock_12::pitch_shift::+1st,perturbations/audio/rock_12__A.wav,perturbations/audio/rock_12__pitch_shift__+1st.wav,,H,rock,0.8925691033073044,0.9398963911297741,0.8333333333333334,1.0,0.8498471585264158,0.375,pitch_shift,0.5,0.4864017810716567,23.92578125,rock_12,1.0,1.0,0.9991275824924005,0.9055618772930489
rock_12::pitch_shift::+2st,rock_12::pitch_shift::+2st,perturbations/audio/rock_12__A.wav,perturbations/audio/rock_12__pitch_shift__+2st.wav,,H,rock,0.9366410284726857,0.9749138647191143,0.3333333333333333,2.0,0.8548285435310806,0.5,pitch_shift,0.5,0.4670348435729124,23.92578125,rock_12,1.0,1.0,0.996382880077774,0.7981906464013693
rock_12::pitch_shift::+4st,rock_12::pitch_shift::+4st,perturbations/audio/rock_12__A.wav,perturbations/audio/rock_12__pitch_shift__+4st.wav,,H,rock,0.8984340301707978,0.9470328772261679,0.8333333333333334,4.0,0.8002446844678335,0.625,pitch_shift,0.5,0.4670348435729124,23.92578125,rock_12,1.0,1.0,0.9915623774111344,0.6213954358750654
rock_12::time_stretch::-20pct,rock_12::time_stretch::-20pct,perturbations/audio/rock_12__A.wav,perturbations/audio/rock_12__time_stretch__-20pct.wav,,R,rock,0.9796798322894928,0.9986246101957041,0.16666666666666666,-20.0,0.5938312919925016,0.25,time_stretch,0.23529411764705882,0.4083258550341814,21.750710227272734,rock_12,0.9168580536797724,0.9882352941176471,0.9991789199208125,0.9170412764628746
rock_12::time_stretch::-10pct,rock_12::time_stretch::-10pct,perturbations/audio/rock_12__A.wav,perturbations/audio/rock_12__time_stretch__-10pct.wav,,R,rock,0.988038562735024,0.9992967215679489,0.16666666666666666,-10.0,0.6842646941614828,0.5,time_stretch,0.3157894736842105,0.4221623509519961,31.103515625,rock_12,1.0,1.0,0.9990845017551974,0.9427763002242096
rock_12::time_stretch::-5pct,rock_12::time_stretch::-5pct,perturbations/audio/rock_12__A.wav,perturbations/audio/rock_12__time_stretch__-5pct.wav,,R,rock,0.9932366317905811,0.9992755640925819,0.0,-5.0,0.7050960514545388,0.375,time_stretch,0.4,0.39307557545218513,27.70353618421052,rock_12,0.8434139080483868,0.9764791464597479,0.9996886622072061,0.9600629235365369
rock_12::time_stretch::+5pct,rock_12::time_stretch::+5pct,perturbations/audio/rock_12__A.wav,perturbations/audio/rock_12__time_stretch__+5pct.wav,,R,rock,0.9916963606941295,0.9993674274544784,0.0,5.0,0.6865395031280761,0.375,time_stretch,0.4210526315789474,0.3542887468651077,19.703584558823536,rock_12,1.0,1.0,0.9994925629175666,0.9585881199699212
rock_12::time_stretch::+10pct,rock_12::time_stretch::+10pct,perturbations/audio/rock_12__A.wav,perturbations/audio/rock_12__time_stretch__+10pct.wav,,R,rock,0.9894265964304558,0.9977036373632884,0.0,10.0,0.6586013744338051,0.125,time_stretch,0.36363636363636365,0.31601265353248076,14.95361328125,rock_12,0.9168580536797724,0.9882352941176471,0.999129727040908,0.9414737583689562
rock_12::time_stretch::+20pct,rock_12::time_stretch::+20pct,perturbations/audio/rock_12__A.wav,perturbations/audio/rock_12__time_stretch__+20pct.wav,,R,rock,0.9868332706005879,0.9979714079615153,0.0,20.0,0.6032739483717579,0.5,time_stretch,0.13333333333333333,0.4400427662831699,9.5703125,rock_12,1.0,1.0,0.9988312080291429,0.9306200340340832
rock_12::lowpass::lp8000,rock_12::lowpass::lp8000,perturbations/audio/rock_12__A.wav,perturbations/audio/rock_12__lowpass__lp8000.wav,,T,rock,0.9998703314534777,0.9999849142036283,0.0,8000.0,0.9998812414398094,1.0,lowpass,1.0,1.0,0.0,rock_12,1.0,1.0,0.9505077204729536,0.21968164742952284
rock_12::lowpass::lp4000,rock_12::lowpass::lp4000,perturbations/audio/rock_12__A.wav,perturbations/audio/rock_12__lowpass__lp4000.wav,,T,rock,0.9998695265030556,0.9999827719406436,0.0,4000.0,0.9998560559319243,1.0,lowpass,1.0,0.8019098790745595,0.0,rock_12,0.11946360762862175,0.6471686372121966,0.8972578954910847,0.051714842685803085
rock_12::lowpass::lp2000,rock_12::lowpass::lp2000,perturbations/audio/rock_12__A.wav,perturbations/audio/rock_12__lowpass__lp2000.wav,,T,rock,0.9999638783779362,0.9999917692776252,0.0,2000.0,0.9952569051891558,1.0,lowpass,1.0,0.8019098790745595,0.0,rock_12,0.8434139080483868,0.9764791464597479,0.92460991059175,1.3738515430362214e-05
rock_12::distortion::drv4,rock_12::distortion::drv4,perturbations/audio/rock_12__A.wav,perturbations/audio/rock_12__distortion__drv4.wav,,T,rock,0.9976139623372723,0.999585751725348,0.0,4.0,0.9362143693532188,0.875,distortion,0.5,0.4670348435729124,23.92578125,rock_12,1.0,1.0,0.9978601739724376,0.89618338369297
rock_12::style_swap::swap_cross,rock_12::style_swap::swap_cross,perturbations/audio/rock_12__A.wav,perturbations/audio/rock_12__style_swap__swap_cross.wav,,S,rock,0.8470566772176374,0.8652447781139169,0.3333333333333333,,0.30396894662185026,0.125,style_swap,0.0,0.4400427662831699,27.34375,rock_12,1.0,1.0,0.7682556755286137,0.170549904980751
rock_12::distortion::drv32,rock_12::distortion::drv32,perturbations/audio/rock_12__A.wav,perturbations/audio/rock_12__distortion__drv32.wav,,T,rock,0.9963518370325606,0.9994514385756025,0.0,32.0,0.829301916188128,0.875,distortion,0.375,0.4400427662831699,0.0,rock_12,0.48120041393583995,0.9785044591813401,0.9958614368198101,0.5876974259965141
rock_12::style_swap::swap_same,rock_12::style_swap::swap_same,perturbations/audio/rock_12__A.wav,perturbations/audio/rock_12__style_swap__swap_same.wav,,S,rock,0.8957065348003329,0.9326972237269756,0.6666666666666666,,0.27519916362064145,0.0,style_swap,0.6666666666666666,0.5509816684642609,3.41796875,rock_12,1.0,1.0,0.9028671471392712,0.31685141941481687
rock_13::control::ctrl,rock_13::control::ctrl,perturbations/audio/rock_13__A.wav,perturbations/audio/rock_13__control__ctrl.wav,,control,rock,1.0,0.99999997905886,0.0,0.0,1.0,1.0,control,1.0,1.0,0.0,rock_13,1.0,1.0,0.9999999997908902,1.0
rock_12::distortion::drv12,rock_12::distortion::drv12,perturbations/audio/rock_12__A.wav,perturbations/audio/rock_12__distortion__drv12.wav,,T,rock,0.996496128696502,0.999395758915678,0.0,12.0,0.8559343129695636,0.875,distortion,0.375,0.5976447712739967,0.0,rock_12,0.04959705444123408,0.6399145559963382,0.994763378901106,0.7012329763371841
rock_13::pitch_shift::-4st,rock_13::pitch_shift::-4st,perturbations/audio/rock_13__A.wav,perturbations/audio/rock_13__pitch_shift__-4st.wav,,H,rock,0.6467510058148858,0.6822065713520669,0.6666666666666666,-4.0,0.8116184317626343,0.2,pitch_shift,1.0,0.9124608415961211,0.0,rock_13,1.0,1.0,0.9942015803744834,0.6103282420060395
rock_13::pitch_shift::-2st,rock_13::pitch_shift::-2st,perturbations/audio/rock_13__A.wav,perturbations/audio/rock_13__pitch_shift__-2st.wav,,H,rock,0.8250766320074256,0.7490684484586791,0.3333333333333333,-2.0,0.8590507214223388,0.4,pitch_shift,1.0,0.9124608415961211,0.0,rock_13,0.9070071229635471,0.9884705882352942,0.9981684858611505,0.8502725023491953
rock_13::pitch_shift::-1st,rock_13::pitch_shift::-1st,perturbations/audio/rock_13__A.wav,perturbations/audio/rock_13__pitch_shift__-1st.wav,,H,rock,0.691543355854856,0.7312310686792394,0.8333333333333334,-1.0,0.8944503536270392,0.4,pitch_shift,1.0,0.9124608415961211,0.0,rock_13,1.0,1.0,0.9990960093555235,0.9260115415727197
rock_13::pitch_shift::+1st,rock_13::pitch_shift::+1st,perturbations/audio/rock_13__A.wav,perturbations/audio/rock_13__pitch_shift__+1st.wav,,H,rock,0.7080651531780839,0.7424758774853568,0.8333333333333334,1.0,0.8822043406693038,0.4,pitch_shift,0.761904761904762,0.585222584196812,6.15234375,rock_13,1.0,1.0,0.9989042170629302,0.9258058250698735
rock_13::pitch_shift::+2st,rock_13::pitch_shift::+2st,perturbations/audio/rock_13__A.wav,perturbations/audio/rock_13__pitch_shift__+2st.wav,,H,rock,0.8288683259855186,0.7539925060110044,0.3333333333333333,2.0,0.8515805453697409,0.4,pitch_shift,0.761904761904762,0.585222584196812,6.15234375,rock_13,1.0,1.0,0.9969569514347383,0.8447740953579755
rock_13::pitch_shift::+4st,rock_13::pitch_shift::+4st,perturbations/audio/rock_13__A.wav,perturbations/audio/rock_13__pitch_shift__+4st.wav,,H,rock,0.68045567484473,0.699715857480212,0.6666666666666666,4.0,0.8088205665790977,0.2,pitch_shift,0.761904761904762,0.5579095591257731,6.15234375,rock_13,0.9070071229635471,0.9884705882352942,0.9904510830737114,0.6472201560075607
rock_13::time_stretch::-20pct,rock_13::time_stretch::-20pct,perturbations/audio/rock_13__A.wav,perturbations/audio/rock_13__time_stretch__-20pct.wav,,R,rock,0.9794933399146363,0.9950415435123375,0.5,-20.0,0.6229408832206772,0.2,time_stretch,0.3529411764705882,0.3799541111268843,19.6875,rock_13,0.7562740221569071,0.9654427645788336,0.9981016192177784,0.9006137379211275
rock_13::time_stretch::-10pct,rock_13::time_stretch::-10pct,perturbations/audio/rock_13__A.wav,perturbations/audio/rock_13__time_stretch__-10pct.wav,,R,rock,0.9843033153015274,0.9942093956013672,0.0,-10.0,0.7024685678076317,0.4,time_stretch,0.10526315789473685,0.4498041686428355,5.593039772727266,rock_13,0.9070071229635471,0.9884705882352942,0.9991128492982306,0.9375456622601797
rock_13::time_stretch::-5pct,rock_13::time_stretch::-5pct,perturbations/audio/rock_13__A.wav,perturbations/audio/rock_13__time_stretch__-5pct.wav,,R,rock,0.9860557243008783,0.9967126481372804,0.0,-5.0,0.7422353371536661,0.4,time_stretch,0.0,0.4498041686428355,0.0,rock_13,0.9070071229635471,0.9884705882352942,0.999714397410133,0.9611753343762622
rock_13::time_stretch::+5pct,rock_13::time_stretch::+5pct,perturbations/audio/rock_13__A.wav,perturbations/audio/rock_13__time_stretch__+5pct.wav,,R,rock,0.9880737352895156,0.9970270519301995,0.0,5.0,0.7780823822609385,0.4,time_stretch,0.3157894736842105,0.45461507562246173,6.15234375,rock_13,1.0,1.0,0.9996733331397156,0.960426443047164
rock_13::time_stretch::+10pct,rock_13::time_stretch::+10pct,perturbations/audio/rock_13__A.wav,perturbations/audio/rock_13__time_stretch__+10pct.wav,,R,rock,0.9884903352285155,0.9966828834718097,0.0,10.0,0.7197949925973589,0.4,time_stretch,0.3,0.3799541111268843,12.95230263157896,rock_13,0.8934636515453438,0.9887018676504495,0.999400356208753,0.9489259718601987
rock_13::lowpass::lp8000,rock_13::lowpass::lp8000,perturbations/audio/rock_13__A.wav,perturbations/audio/rock_13__lowpass__lp8000.wav,,T,rock,0.9999999691257893,0.9999999783642882,0.0,8000.0,0.9995494328567194,1.0,lowpass,1.0,1.0,0.0,rock_13,1.0,1.0,0.953169911977052,0.1830683821546591
rock_13::time_stretch::+20pct,rock_13::time_stretch::+20pct,perturbations/audio/rock_13__A.wav,perturbations/audio/rock_13__time_stretch__+20pct.wav,,R,rock,0.9815815548972402,0.9959554427700917,0.0,20.0,0.6477245815812676,0.6,time_stretch,0.34782608695652173,0.3954512706902753,28.952205882352928,rock_13,0.8934636515453438,0.9887018676504495,0.9986677404814626,0.9164948938676823
rock_13::lowpass::lp4000,rock_13::lowpass::lp4000,perturbations/audio/rock_13__A.wav,perturbations/audio/rock_13__lowpass__lp4000.wav,,T,rock,0.9999895979399622,0.9999957061462535,0.0,4000.0,0.9999164702330934,1.0,lowpass,1.0,0.8279198981003485,0.0,rock_13,1.0,1.0,0.91286614340241,0.08951905198633293
rock_13::lowpass::lp2000,rock_13::lowpass::lp2000,perturbations/audio/rock_13__A.wav,perturbations/audio/rock_13__lowpass__lp2000.wav,,T,rock,0.9998533111633618,0.9999632314326788,0.0,2000.0,0.9949100932955367,0.6,lowpass,1.0,0.6039370046136163,10.699728260869563,rock_13,1.0,1.0,0.8774826657279285,0.00048711516563927214
rock_13::distortion::drv4,rock_13::distortion::drv4,perturbations/audio/rock_13__A.wav,perturbations/audio/rock_13__distortion__drv4.wav,,T,rock,0.9994743406466178,0.9998971830050957,0.0,4.0,0.9744985780435061,0.6,distortion,1.0,1.0,0.0,rock_13,1.0,1.0,0.9964425481255246,0.8632537564296854
rock_13::distortion::drv12,rock_13::distortion::drv12,perturbations/audio/rock_13__A.wav,perturbations/audio/rock_13__distortion__drv12.wav,,T,rock,0.9967637330247495,0.9984823066522646,0.0,12.0,0.897067515154576,0.2,distortion,0.7,0.6339813321917591,6.15234375,rock_13,0.2580367393800235,0.9480433340703073,0.9841073461444853,0.5708688638918942
rock_13::distortion::drv32,rock_13::distortion::drv32,perturbations/audio/rock_13__A.wav,perturbations/audio/rock_13__distortion__drv32.wav,,T,rock,0.9937402184059312,0.996192016590126,0.0,32.0,0.8448157697919212,0.2,distortion,0.380952380952381,0.45461507562246173,12.95230263157896,rock_13,0.2580367393800235,0.9480433340703073,0.9830477400331893,0.41046196885919795
rock_13::style_swap::swap_cross,rock_13::style_swap::swap_cross,perturbations/audio/rock_13__A.wav,perturbations/audio/rock_13__style_swap__swap_cross.wav,,S,rock,0.6210530467223117,0.7213079268387418,0.5,,0.29734120844739687,0.4,style_swap,0.8421052631578948,0.5060357151195458,10.699728260869563,rock_13,0.46279821229988094,0.9575418994413407,0.9153672457652706,0.19007705639270142
rock_13::style_swap::swap_same,rock_13::style_swap::swap_same,perturbations/audio/rock_13__A.wav,perturbations/audio/rock_13__style_swap__swap_same.wav,,S,rock,0.9333164906175867,0.908358182792939,0.3333333333333333,,0.27303522246839096,0.0,style_swap,0.3529411764705882,0.417284593374673,36.9140625,rock_13,0.9070071229635471,0.9884705882352942,0.8054775380680008,0.2441644037198802
rock_14::control::ctrl,rock_14::control::ctrl,perturbations/audio/rock_14__A.wav,perturbations/audio/rock_14__control__ctrl.wav,,control,rock,0.9999999996406701,0.9999999790701996,0.0,0.0,0.9999999806362059,1.0,control,1.0,1.0,0.0,rock_14,1.0,1.0,0.9999999996319734,0.999999926946918
rock_14::pitch_shift::-4st,rock_14::pitch_shift::-4st,perturbations/audio/rock_14__A.wav,perturbations/audio/rock_14__pitch_shift__-4st.wav,,H,rock,0.8995076931937303,0.9385299564021219,0.6666666666666666,-4.0,0.6305844436876578,0.42857142857142855,pitch_shift,1.0,0.8895628492131631,0.0,rock_14,1.0,1.0,0.9733053738814401,0.5724399512751083
rock_14::pitch_shift::-2st,rock_14::pitch_shift::-2st,perturbations/audio/rock_14__A.wav,perturbations/audio/rock_14__pitch_shift__-2st.wav,,H,rock,0.9329894868882995,0.9752372023539364,0.3333333333333333,-2.0,0.7315639697917842,0.42857142857142855,pitch_shift,1.0,0.8895628492131631,0.0,rock_14,1.0,1.0,0.9857272964244427,0.7922074121864978
rock_14::pitch_shift::-1st,rock_14::pitch_shift::-1st,perturbations/audio/rock_14__A.wav,perturbations/audio/rock_14__pitch_shift__-1st.wav,,H,rock,0.9021377481371708,0.959587575938433,0.8333333333333334,-1.0,0.7727377183437056,0.2857142857142857,pitch_shift,1.0,0.8895628492131631,0.0,rock_14,1.0,1.0,0.989955694754754,0.8669608456107546
rock_14::pitch_shift::+1st,rock_14::pitch_shift::+1st,perturbations/audio/rock_14__A.wav,perturbations/audio/rock_14__pitch_shift__+1st.wav,,H,rock,0.8715270671863832,0.9498496369001118,0.8333333333333334,1.0,0.7728581969233328,0.2857142857142857,pitch_shift,1.0,0.8895628492131631,0.0,rock_14,1.0,1.0,0.9927926169231955,0.8446470922265986
rock_14::pitch_shift::+2st,rock_14::pitch_shift::+2st,perturbations/audio/rock_14__A.wav,perturbations/audio/rock_14__pitch_shift__+2st.wav,,H,rock,0.9264038625216087,0.9699159656672351,0.3333333333333333,2.0,0.7289397703203271,0.42857142857142855,pitch_shift,1.0,0.7855672043331267,0.0,rock_14,1.0,1.0,0.9852893946277734,0.7408543419727315
rock_14::pitch_shift::+4st,rock_14::pitch_shift::+4st,perturbations/audio/rock_14__A.wav,perturbations/audio/rock_14__pitch_shift__+4st.wav,,H,rock,0.8929665418460849,0.9476182341745323,0.6666666666666666,4.0,0.5927587208023548,0.2857142857142857,pitch_shift,1.0,0.7426467363643514,0.0,rock_14,1.0,1.0,0.966011897935758,0.5661026005146201
rock_14::time_stretch::-5pct,rock_14::time_stretch::-5pct,perturbations/audio/rock_14__A.wav,perturbations/audio/rock_14__time_stretch__-5pct.wav,,R,rock,0.9896664496829594,0.9992236849025427,0.0,-5.0,0.6326044741429386,0.42857142857142855,time_stretch,0.39999999999999997,0.48670586909290575,21.533203125,rock_14,0.8434139080483868,0.9764791464597479,0.9951753261889703,0.8842609687324617
rock_14::time_stretch::-20pct,rock_14::time_stretch::-20pct,perturbations/audio/rock_14__A.wav,perturbations/audio/rock_14__time_stretch__-20pct.wav,,R,rock,0.9881677450560942,0.9963289921366391,0.0,-20.0,0.4955599073892457,0.42857142857142855,time_stretch,0.0,0.47600043459443236,6.15234375,rock_14,0.0,0.9296140123256568,0.9923251026242154,0.8343246379738278
rock_14::time_stretch::+5pct,rock_14::time_stretch::+5pct,perturbations/audio/rock_14__A.wav,perturbations/audio/rock_14__time_stretch__+5pct.wav,,R,rock,0.9895927155695231,0.9986196418741159,0.0,5.0,0.6074271794812091,0.14285714285714285,time_stretch,0.0,0.47600043459443236,2.970096982758619,rock_14,0.9168580536797724,0.9882352941176471,0.9910013307156481,0.8837316153639093
rock_14::time_stretch::-10pct,rock_14::time_stretch::-10pct,perturbations/audio/rock_14__A.wav,perturbations/audio/rock_14__time_stretch__-10pct.wav,,R,rock,0.9887288208938465,0.999328779189077,0.0,-10.0,0.5516648632666857,0.2857142857142857,time_stretch,0.26666666666666666,0.4400427662831699,17.2265625,rock_14,1.0,1.0,0.9937925350102198,0.8529084780839957
rock_14::time_stretch::+10pct,rock_14::time_stretch::+10pct,perturbations/audio/rock_14__A.wav,perturbations/audio/rock_14__time_stretch__+10pct.wav,,R,rock,0.9855035777525536,0.9980353797196422,0.3333333333333333,10.0,0.5698865323347067,0.0,time_stretch,0.42857142857142855,0.47600043459443236,9.5703125,rock_14,0.7780678793108433,0.9647404505386875,0.9906377316040139,0.8748776706189385
rock_14::time_stretch::+20pct,rock_14::time_stretch::+20pct,perturbations/audio/rock_14__A.wav,perturbations/audio/rock_14__time_stretch__+20pct.wav,,R,rock,0.9861174522303944,0.997500635767994,0.3333333333333333,20.0,0.5118315147147586,0.7142857142857143,time_stretch,0.26666666666666666,0.47600043459443236,17.2265625,rock_14,1.0,1.0,0.9902477931132244,0.8653823728806594
rock_14::lowpass::lp8000,rock_14::lowpass::lp8000,perturbations/audio/rock_14__A.wav,perturbations/audio/rock_14__lowpass__lp8000.wav,,T,rock,0.9993917268296845,0.9998098852538498,0.0,8000.0,0.9999762144089508,1.0,lowpass,1.0,1.0,0.0,rock_14,1.0,1.0,0.9371914376474022,0.18553740275148375
rock_14::lowpass::lp4000,rock_14::lowpass::lp4000,perturbations/audio/rock_14__A.wav,perturbations/audio/rock_14__lowpass__lp4000.wav,,T,rock,0.9993735219601769,0.9997911128407513,0.0,4000.0,0.9997438437428101,1.0,lowpass,1.0,0.7855672043331267,0.0,rock_14,1.0,1.0,0.8348988547923903,0.026909499953597746
rock_14::lowpass::lp2000,rock_14::lowpass::lp2000,perturbations/audio/rock_14__A.wav,perturbations/audio/rock_14__lowpass__lp2000.wav,,T,rock,0.9988157939234594,0.9994595714514638,0.0,2000.0,0.9812996098416715,1.0,lowpass,0.0,0.0,27.405894886363633,rock_14,1.0,1.0,0.6687332872523234,0.0011900578910930813
rock_14::distortion::drv4,rock_14::distortion::drv4,perturbations/audio/rock_14__A.wav,perturbations/audio/rock_14__distortion__drv4.wav,,T,rock,0.9984648827221291,0.9995742366921846,0.0,4.0,0.9561999370815201,1.0,distortion,0.11764705882352941,0.3799541111268844,27.405894886363633,rock_14,1.0,1.0,0.9983427783334318,0.9225880100547791
rock_14::distortion::drv12,rock_14::distortion::drv12,perturbations/audio/rock_14__A.wav,perturbations/audio/rock_14__distortion__drv12.wav,,T,rock,0.99775342457187,0.9994140356670779,0.0,12.0,0.8179256953316142,0.7142857142857143,distortion,0.23529411764705882,0.4546150756224616,14.35546875,rock_14,0.37676842889054274,0.9677717454083401,0.9934736982021477,0.6959878904219362
rock_14::distortion::drv32,rock_14::distortion::drv32,perturbations/audio/rock_14__A.wav,perturbations/audio/rock_14__distortion__drv32.wav,,T,rock,0.9982906491784803,0.9994343918638993,0.0,32.0,0.876155827045965,1.0,distortion,0.23529411764705882,0.4687052328717571,18.13322368421052,rock_14,0.37676842889054274,0.9677717454083401,0.9902313145487632,0.5435794416300861
rock_14::style_swap::swap_cross,rock_14::style_swap::swap_cross,perturbations/audio/rock_14__A.wav,perturbations/audio/rock_14__style_swap__swap_cross.wav,,S,rock,0.9305096162692831,0.9660140014531038,0.16666666666666666,,0.26671334632688104,0.14285714285714285,style_swap,0.2222222222222222,0.3542887468651077,6.15234375,rock_14,0.17934947661423706,0.6579362574944778,0.7809510390212373,0.07378881525704223
rock_14::style_swap::swap_same,rock_14::style_swap::swap_same,perturbations/audio/rock_14__A.wav,perturbations/audio/rock_14__style_swap__swap_same.wav,,S,rock,0.9463663412095721,0.977515037984279,0.16666666666666666,,0.2784696683199338,0.0,style_swap,0.26666666666666666,0.48670586909290575,26.214334239130437,rock_14,0.37676842889054274,0.9677717454083401,0.8110905744466393,0.13227618677562683
rock_15::control::ctrl,rock_15::control::ctrl,perturbations/audio/rock_15__A.wav,perturbations/audio/rock_15__control__ctrl.wav,,control,rock,1.0,0.9999999763651625,0.0,0.0,1.0,1.0,control,1.0,1.0,0.0,rock_15,1.0,1.0,0.9999999998279722,1.0
rock_15::pitch_shift::-4st,rock_15::pitch_shift::-4st,perturbations/audio/rock_15__A.wav,perturbations/audio/rock_15__pitch_shift__-4st.wav,,H,rock,0.8230239846315915,0.933536482004974,0.8333333333333334,-4.0,0.7930443790948771,0.23809523809523808,pitch_shift,0.39999999999999997,0.48670586909290575,0.0,rock_15,1.0,1.0,0.982348389965222,0.4778475082369538
rock_15::pitch_shift::-2st,rock_15::pitch_shift::-2st,perturbations/audio/rock_15__A.wav,perturbations/audio/rock_15__pitch_shift__-2st.wav,,H,rock,0.8515562542106128,0.9512529932025091,0.3333333333333333,-2.0,0.803571412646841,0.6666666666666666,pitch_shift,0.39999999999999997,0.48670586909290575,0.0,rock_15,1.0,1.0,0.9935598603210649,0.7393996140065794
rock_15::pitch_shift::+1st,rock_15::pitch_shift::+1st,perturbations/audio/rock_15__A.wav,perturbations/audio/rock_15__pitch_shift__+1st.wav,,H,rock,0.8249283206477059,0.947516053782449,0.8333333333333334,1.0,0.8469142436479292,0.47619047619047616,pitch_shift,1.0,1.0,0.0,rock_15,1.0,1.0,0.9986934064506626,0.9105533197120262
rock_15::pitch_shift::-1st,rock_15::pitch_shift::-1st,perturbations/audio/rock_15__A.wav,perturbations/audio/rock_15__pitch_shift__-1st.wav,,H,rock,0.8416281341894664,0.9507865411437886,0.6666666666666666,-1.0,0.8578571488291893,0.47619047619047616,pitch_shift,0.39999999999999997,0.48670586909290575,0.0,rock_15,1.0,1.0,0.9983944238308592,0.9000789080059765
rock_15::pitch_shift::+2st,rock_15::pitch_shift::+2st,perturbations/audio/rock_15__A.wav,perturbations/audio/rock_15__pitch_shift__+2st.wav,,H,rock,0.8490825319224738,0.9520088840219463,0.3333333333333333,2.0,0.8343595879277401,0.5714285714285714,pitch_shift,0.39999999999999997,0.48670586909290575,0.0,rock_15,1.0,1.0,0.9943284859999035,0.7768985211064197
rock_15::pitch_shift::+4st,rock_15::pitch_shift::+4st,perturbations/audio/rock_15__A.wav,perturbations/audio/rock_15__pitch_shift__+4st.wav,,H,rock,0.8086877786293039,0.9265564754625828,0.6666666666666666,4.0,0.8048095369273759,0.7142857142857143,pitch_shift,0.39999999999999997,0.48670586909290575,0.0,rock_15,1.0,1.0,0.9785479113859683,0.5184300297488198
rock_15::time_stretch::-20pct,rock_15::time_stretch::-20pct,perturbations/audio/rock_15__A.wav,perturbations/audio/rock_15__time_stretch__-20pct.wav,,R,rock,0.9602609099576769,0.9950878388353177,0.16666666666666666,-20.0,0.6138778863720198,0.47619047619047616,time_stretch,0.3157894736842105,0.3882255489085519,31.38442560728744,rock_15,0.6406445639894119,0.9765020026702269,0.9986205748511713,0.9172556254011244
rock_15::time_stretch::-10pct,rock_15::time_stretch::-10pct,perturbations/audio/rock_15__A.wav,perturbations/audio/rock_15__time_stretch__-10pct.wav,,R,rock,0.9716813027646114,0.99636062359757,0.0,-10.0,0.6690348165983898,0.19047619047619047,time_stretch,0.5,0.3619668402456946,23.384473981900456,rock_15,1.0,1.0,0.9995697486389681,0.9540493743397513
rock_15::time_stretch::-5pct,rock_15::time_stretch::-5pct,perturbations/audio/rock_15__A.wav,perturbations/audio/rock_15__time_stretch__-5pct.wav,,R,rock,0.9766049192324029,0.996460120373492,0.16666666666666666,-5.0,0.7118489640210468,0.14285714285714285,time_stretch,0.2857142857142857,0.36673551511505326,18.63450270432692,rock_15,0.8197484429930041,0.9625682349883025,0.9999477089102455,0.9742461185497632
rock_15::time_stretch::+5pct,rock_15::time_stretch::+5pct,perturbations/audio/rock_15__A.wav,perturbations/audio/rock_15__time_stretch__+5pct.wav,,R,rock,0.9795423352655965,0.9968304246235757,0.0,5.0,0.732944567368507,0.3333333333333333,time_stretch,0.125,0.48670586909290575,3.97536057692308,rock_15,1.0,1.0,0.9997636448529428,0.9675745969696412
rock_15::time_stretch::+10pct,rock_15::time_stretch::+10pct,perturbations/audio/rock_15__A.wav,perturbations/audio/rock_15__time_stretch__+10pct.wav,,R,rock,0.9534795224311724,0.9948050478594739,0.16666666666666666,10.0,0.6495206493145325,0.3333333333333333,time_stretch,0.75,0.48670586909290575,8.28200120192308,rock_15,0.7555707248147865,0.9511191149987136,0.9992004131957123,0.9510632291858825
rock_15::lowpass::lp8000,rock_15::lowpass::lp8000,perturbations/audio/rock_15__A.wav,perturbations/audio/rock_15__lowpass__lp8000.wav,,T,rock,0.9999999559960576,0.9999999762289178,0.0,8000.0,0.9998751007885293,1.0,lowpass,1.0,1.0,0.0,rock_15,1.0,1.0,0.9826801592791988,0.32353898786198426
rock_15::time_stretch::+20pct,rock_15::time_stretch::+20pct,perturbations/audio/rock_15__A.wav,perturbations/audio/rock_15__time_stretch__+20pct.wav,,R,rock,0.9573719337663792,0.9936897272204762,0.16666666666666666,20.0,0.6090302010084002,0.14285714285714285,time_stretch,0.11764705882352941,0.4912824822514895,18.069820804195814,rock_15,1.0,1.0,0.9985678728827736,0.9181390314963853
rock_15::lowpass::lp4000,rock_15::lowpass::lp4000,perturbations/audio/rock_15__A.wav,perturbations/audio/rock_15__lowpass__lp4000.wav,,T,rock,0.9999976190456172,0.9999981889245799,0.0,4000.0,0.9968404666096643,0.7142857142857143,lowpass,0.22222222222222224,0.3799541111268843,23.66286057692308,rock_15,1.0,1.0,0.9560683866992162,0.03075698497770763
rock_15::lowpass::lp2000,rock_15::lowpass::lp2000,perturbations/audio/rock_15__A.wav,perturbations/audio/rock_15__lowpass__lp2000.wav,,T,rock,0.979521398518336,0.9947023624201894,0.16666666666666666,2000.0,0.9936532576895346,0.7142857142857143,lowpass,0.375,0.48670586909290575,18.069820804195814,rock_15,0.8197484429930041,0.9625682349883025,0.8078369189159553,0.00023817978339153563
rock_15::distortion::drv4,rock_15::distortion::drv4,perturbations/audio/rock_15__A.wav,perturbations/audio/rock_15__distortion__drv4.wav,,T,rock,0.9995704969772967,0.9999491236465715,0.0,4.0,0.9887886957798513,0.9047619047619048,distortion,1.0,1.0,0.0,rock_15,1.0,1.0,0.9995437461587697,0.9583569752812892
rock_15::distortion::drv12,rock_15::distortion::drv12,perturbations/audio/rock_15__A.wav,perturbations/audio/rock_15__distortion__drv12.wav,,T,rock,0.9953559398209806,0.9991007769148499,0.0,12.0,0.9299297575297854,0.9047619047619048,distortion,0.5333333333333333,0.48670586909290575,0.0,rock_15,0.0,0.8710229216558331,0.9940819938018769,0.6976278558764257
rock_15::style_swap::swap_same,rock_15::style_swap::swap_same,perturbations/audio/rock_15__A.wav,perturbations/audio/rock_15__style_swap__swap_same.wav,,S,rock,0.748912608156354,0.8552919228910937,0.3333333333333333,,0.309567825122836,0.0,style_swap,0.823529411764706,0.5327607958601436,12.963132316053517,rock_15,0.9416938391199436,0.9870026525198938,0.9642129146249476,0.25130926494663547
rock_15::distortion::drv32,rock_15::distortion::drv32,perturbations/audio/rock_15__A.wav,perturbations/audio/rock_15__distortion__drv32.wav,,T,rock,0.9893149930471087,0.9975601015055087,0.0,32.0,0.8579461631538369,0.5714285714285714,distortion,0.5333333333333333,0.48670586909290575,0.0,rock_15,0.0,0.8710229216558331,0.9871169326292949,0.4618779232141644
rock_15::style_swap::swap_cross,rock_15::style_swap::swap_cross,perturbations/audio/rock_15__A.wav,perturbations/audio/rock_15__style_swap__swap_cross.wav,,S,rock,0.7845259083738797,0.9249701191933928,0.16666666666666666,,0.29795726502630304,0.0,style_swap,0.13333333333333333,0.4400427662831699,7.09885817307692,rock_15,0.8723251681025972,0.9878575283324339,0.7734718077704142,0.15899219360243677
